// AUTO-GENERATED by tools/build_map.py -- do not edit.
// 1bpp dithered area map (SanFranGrey.png) for the MAP screen.
#pragma once
#include <stdint.h>
#include <pgmspace.h>

static const uint16_t MAP_BG_W = 800;
static const uint16_t MAP_BG_H = 480;

static const uint8_t MAP_BG[] PROGMEM = {
  0x00,0x00,0x00,0x00,0x00,0x00,0x00,0x00,0x00,0x00,0x00,0x00,
  0x00,0x00,0x00,0x00,0x00,0x00,0x00,0x00,0x00,0x00,0x00,0x00,
  0x00,0x00,0x00,0x00,0x00,0x00,0x1A,0xA9,0x9A,0xE0,0x6B,0xAE,
  0x0D,0x2A,0x95,0x2B,0x90,0x00,0x00,0x00,0x00,0x00,0x00,0x00,
  0x34,0xB5,0x80,0x00,0x00,0x00,0xE9,0x4A,0xB2,0xE6,0x94,0xB8,
  0x00,0x00,0x0E,0xB1,0xCE,0x00,0x00,0x00,0x00,0x00,0x00,0x00,
  0x75,0x5C,0x01,0xD2,0x94,0xA5,0x29,0x95,0x4A,0x60,0xD2,0xB0,
  0x55,0x32,0x12,0x44,0x00,0xD2,0x9C,0x00,0x47,0x4C,0xA9,0x41,
  0x0D,0x29,0x70,0x00,0x00,0x00,0x00,0x00,0x00,0x00,0x00,0x00,
  0x00,0x00,0x00,0x00,0x00,0x00,0x00,0x00,0x00,0x00,0x00,0x00,
  0x00,0x00,0x00,0x00,0x00,0x00,0x00,0x00,0x00,0x00,0x0D,0xA7,
  0x35,0x3C,0x7D,0xFC,0x0D,0x44,0xA8,0xA1,0xF8,0x00,0x00,0x00,
  0x00,0x00,0x00,0x00,0x1F,0xE3,0x80,0x00,0x00,0x00,0x65,0x29,
  0x54,0x63,0xF2,0x9C,0x00,0x80,0x7A,0x74,0x76,0x00,0x00,0x00,
  0x00,0x00,0x00,0x00,0xB7,0x78,0x03,0x94,0x52,0x94,0xA4,0x75,
  0x29,0xCA,0xCA,0x6D,0x1A,0xE8,0xAA,0xA4,0x11,0x6A,0x46,0xAA,
  0x93,0xB7,0xD4,0xC4,0x7A,0xA5,0x70,0x00,0x00,0x00,0x00,0x00,
  0x00,0x00,0x00,0x00,0x00,0x00,0x00,0x00,0x00,0x00,0x00,0x00,
  0x00,0x00,0x00,0x00,0x00,0x00,0x00,0x00,0x00,0x00,0x00,0x00,
  0x00,0x00,0x0D,0x56,0x76,0xBC,0x3B,0x58,0x07,0xF5,0x55,0x54,
  0x58,0x00,0x00,0x00,0x00,0x00,0x00,0x00,0x03,0x95,0x80,0x00,
  0x00,0x00,0x74,0xA4,0xA5,0x71,0xFD,0xDC,0x12,0x00,0x7A,0xB0,
  0xBB,0x00,0x00,0x00,0x00,0x00,0x00,0x00,0x5F,0xE0,0x03,0x4A,
  0xA9,0x4A,0x53,0x4A,0x94,0x64,0xD5,0x54,0xAF,0x82,0x02,0x50,
  0x02,0x79,0x57,0x21,0x03,0xE6,0xEB,0xD0,0x89,0x2A,0x60,0x00,
  0x00,0x00,0x00,0x00,0x00,0x00,0x00,0x00,0x00,0x00,0x00,0x00,
  0x00,0x00,0x00,0x00,0x00,0x00,0x00,0x00,0x00,0x00,0x00,0x00,
  0x00,0x00,0x00,0x00,0x00,0x00,0x06,0xDC,0x69,0x2E,0x9B,0xB8,
  0x07,0xFA,0x22,0x4B,0x2C,0x00,0x00,0x00,0x00,0x00,0x00,0x00,
  0x01,0xE9,0x80,0x00,0x00,0x01,0x72,0x95,0x52,0xF0,0x1D,0xE6,
  0x48,0x01,0xC4,0xE2,0x0E,0x00,0x00,0x00,0x00,0x00,0x00,0x00,
  0x3C,0x80,0x26,0xA5,0x14,0xA5,0x28,0xA4,0x52,0xD5,0x68,0xEA,
  0x25,0x68,0xA9,0x2A,0x44,0x1E,0xA9,0xD6,0xA0,0xC7,0xB6,0x8A,
  0x7A,0xA5,0xE0,0x00,0x00,0x00,0x00,0x00,0x00,0x00,0x00,0x00,
  0x00,0x00,0x00,0x00,0x00,0x00,0x00,0x00,0x00,0x00,0x00,0x00,
  0x00,0x00,0x00,0x00,0x00,0x00,0x00,0x00,0x00,0x00,0x07,0xB9,
  0x5C,0x97,0xEA,0xB0,0x00,0x3F,0x95,0x24,0xB8,0x00,0x00,0x00,
  0x00,0x00,0x00,0x00,0x00,0xD7,0x80,0x00,0x00,0x03,0xEE,0x52,
  0x2B,0xE0,0x0F,0xBE,0x92,0x83,0xB5,0x6A,0x17,0x00,0x00,0x00,
  0x00,0x00,0x00,0x00,0x00,0x00,0x0D,0x28,0xCA,0x52,0x95,0x15,
  0x4A,0x64,0x35,0x2A,0xA8,0x25,0x04,0xAC,0x0D,0x0F,0x15,0xFF,
  0x48,0x03,0x5D,0x85,0x34,0xE8,0x60,0x00,0x00,0x00,0x00,0x00,
  0x00,0x00,0x00,0x00,0x00,0x00,0x00,0x00,0x00,0x00,0x00,0x00,
  0x00,0x00,0x00,0x00,0x00,0x00,0x00,0x00,0x00,0x00,0x00,0x00,
  0x00,0x00,0x06,0x72,0xF2,0xA5,0xF3,0x70,0x00,0x07,0xF4,0xAA,
  0x58,0x00,0x00,0x00,0x00,0x00,0x00,0x00,0x01,0xE3,0x00,0xB0,
  0x00,0x07,0xDF,0xA9,0x4F,0x88,0x07,0x3C,0x40,0x87,0x4F,0xD4,
  0xA4,0x00,0x00,0x00,0x00,0x00,0x00,0x00,0x00,0x00,0xBE,0xA6,
  0x25,0x29,0x4A,0xA9,0x29,0xD5,0x5E,0xB5,0x54,0x90,0x52,0x58,
  0x15,0x43,0xC8,0x4A,0xA4,0x00,0xBC,0x00,0xBB,0xF5,0x60,0x03,
  0x00,0x00,0x00,0x00,0x00,0x00,0x00,0x00,0x00,0x00,0x00,0x00,
  0x00,0x00,0x00,0x00,0x00,0x00,0x00,0x00,0x00,0x00,0x00,0x00,
  0x00,0x00,0x00,0x00,0x00,0x00,0x03,0xE7,0xD5,0x57,0x30,0xD0,
  0x00,0x01,0xFA,0x92,0x9C,0x00,0x00,0x00,0x00,0x00,0x00,0x00,
  0x00,0xFF,0x03,0xF8,0x00,0x0C,0xBB,0x95,0x2E,0x00,0x03,0x1A,
  0x02,0x07,0x5B,0x85,0x88,0x00,0x00,0x00,0x00,0x00,0x00,0x00,
  0x00,0x00,0x07,0x29,0x52,0x94,0xA4,0xA5,0x55,0x88,0x2B,0x5C,
  0x41,0x25,0x24,0x90,0x14,0xA9,0xA5,0x2B,0x90,0x00,0x18,0x00,
  0x8F,0xB2,0xBC,0x07,0x00,0x00,0x00,0x00,0x00,0x00,0x00,0x00,
  0x00,0x00,0x00,0x00,0x00,0x00,0x00,0x00,0x00,0x00,0x00,0x00,
  0x00,0x00,0x00,0x00,0x00,0x00,0x00,0x00,0x00,0x00,0x03,0xCE,
  0xA4,0x8A,0xF1,0xBD,0xC1,0x00,0x1D,0x49,0x58,0x00,0x00,0x00,
  0x00,0x00,0x00,0x00,0x00,0x36,0x03,0xB8,0x00,0x0F,0x71,0xC9,
  0x5D,0xC0,0x00,0x02,0x48,0xA3,0xAD,0x1E,0xA8,0x01,0x80,0x00,
  0x00,0x00,0x00,0x00,0x00,0x00,0x03,0x4A,0xA9,0x4A,0x52,0x52,
  0x44,0xD5,0x45,0x26,0xA8,0xA0,0x91,0x2A,0xA9,0x50,0xEA,0xA6,
  0x44,0x00,0x00,0x02,0xAB,0x3C,0xBE,0x06,0x00,0x00,0x00,0x00,
  0x00,0x00,0x00,0x00,0x00,0x00,0x00,0x00,0x00,0x00,0x00,0x00,
  0x00,0x00,0x00,0x00,0x00,0x00,0x00,0x00,0x00,0x00,0x00,0x00,
  0x00,0x00,0x02,0xFE,0xD2,0x55,0x3E,0xF8,0xA0,0x40,0x0F,0xEA,
  0x58,0x00,0x00,0x00,0x00,0x00,0x00,0x00,0x00,0x1F,0x01,0xF1,
  0x00,0x06,0xD9,0xE4,0x87,0xE8,0x00,0x01,0x21,0x09,0xFF,0xFB,
  0x74,0x03,0xC0,0x00,0x00,0x00,0x00,0x00,0x00,0x00,0x01,0xA4,
  0x94,0xA5,0x2A,0x8A,0xAA,0xC8,0x13,0x56,0xA6,0xAA,0x44,0x59,
  0x14,0xA8,0x79,0x57,0xF2,0x00,0x00,0x01,0x8A,0x1A,0x8E,0x03,
  0x00,0x00,0x00,0x00,0x00,0x00,0x00,0x00,0x00,0x00,0x00,0x00,
  0x00,0x00,0x00,0x00,0x00,0x00,0x00,0x00,0x00,0x00,0x00,0x00,
  0x00,0x00,0x00,0x00,0x00,0x00,0x07,0xFD,0x95,0x52,0xAF,0x15,
  0x40,0xF0,0x16,0xE9,0x38,0x00,0x00,0x00,0x00,0x00,0x00,0x00,
  0x00,0x1B,0x00,0x43,0xA0,0x0F,0x31,0xAA,0xB4,0x70,0x00,0x00,
  0x8A,0x28,0xDB,0xFA,0x38,0x06,0xC0,0x00,0x00,0x00,0x00,0x00,
  0x00,0x00,0x00,0xD2,0x4A,0x52,0x92,0x54,0x92,0xE5,0x4B,0x4B,
  0x4A,0x81,0x12,0xA4,0x0A,0xA2,0x3E,0x23,0x1B,0x00,0x00,0x00,
  0xAC,0x0E,0x5C,0x01,0x00,0x00,0x00,0x00,0x00,0x00,0x00,0x00,
  0x00,0x00,0x00,0x00,0x00,0x00,0x00,0x00,0x00,0x00,0x00,0x00,
  0x00,0x00,0x00,0x00,0x00,0x00,0x00,0x00,0x00,0x00,0x0D,0x76,
  0xA4,0x89,0x2B,0x80,0x00,0x58,0x3D,0xF5,0x58,0x00,0x00,0x00,
  0x00,0x00,0x00,0x00,0x00,0x1B,0x80,0x07,0xF8,0x1D,0xF8,0xE9,
  0x2A,0xB0,0x00,0x00,0x04,0x5E,0x6D,0xED,0xAC,0x03,0x60,0x00,
  0x00,0x00,0x00,0x00,0x00,0x00,0x00,0xD5,0x52,0x94,0xA9,0x52,
  0x49,0x38,0xAB,0x26,0x5B,0x2A,0x49,0x48,0x14,0xA0,0x07,0x99,
  0xDA,0x00,0x00,0x00,0x50,0x07,0xB8,0x00,0x00,0x00,0x00,0x00,
  0x00,0x00,0x00,0x00,0x00,0x00,0x00,0x00,0x00,0x00,0x00,0x00,
  0x00,0x00,0x00,0x00,0x00,0x00,0x00,0x00,0x00,0x00,0x00,0x00,
  0x00,0x00,0x27,0x6D,0x2A,0x6A,0x95,0xC6,0x00,0x2E,0x3F,0xC9,
  0x2C,0x00,0x00,0x00,0x00,0x00,0x00,0x00,0x00,0x0D,0x80,0x06,
  0xA0,0x3B,0xD9,0xCA,0x92,0xBC,0x00,0x10,0x11,0x1F,0x35,0x9D,
  0x6C,0x06,0xA0,0x00,0x00,0x00,0x00,0x00,0x00,0x00,0x00,0xE9,
  0x29,0x4A,0x45,0x29,0x54,0xB2,0x53,0x53,0x77,0x00,0x9A,0x13,
  0x34,0xA9,0x13,0xE5,0x72,0x00,0x00,0x00,0x78,0x01,0x98,0x00,
  0x00,0x00,0x00,0x00,0x00,0x00,0x00,0x00,0x00,0x00,0x00,0x00,
  0x00,0x00,0x00,0x00,0x00,0x00,0x00,0x00,0x00,0x00,0x00,0x00,
  0x00,0x00,0x00,0x00,0x00,0x00,0x53,0xBA,0x92,0x92,0x51,0xFF,
  0x00,0x00,0x1A,0xA4,0x96,0x04,0x00,0x00,0x00,0x00,0x00,0x00,
  0x00,0x0F,0x80,0x03,0xA0,0x35,0x7D,0xD2,0x49,0x5E,0x00,0x02,
  0x25,0x4F,0x15,0xD8,0xDC,0x0D,0x40,0x00,0x00,0x00,0x00,0x00,
  0x00,0x00,0x00,0x6A,0x94,0xA5,0x2A,0x95,0x2A,0xE1,0x13,0x4B,
  0xEA,0xAF,0x7D,0x6F,0xD5,0x24,0x80,0xFE,0xE0,0x00,0x00,0x00,
  0x00,0x00,0xEC,0x00,0x00,0x00,0x00,0x00,0x00,0x00,0x00,0x00,
  0x00,0x00,0x00,0x00,0x00,0x00,0x00,0x00,0x00,0x00,0x00,0x00,
  0x00,0x00,0x00,0x00,0x00,0x00,0x00,0x00,0x00,0x00,0x3F,0xA9,
  0x49,0x55,0x4A,0x7D,0x80,0x0E,0x1F,0x55,0x5E,0x3F,0x00,0x00,
  0x00,0x00,0x00,0x00,0x00,0x0D,0x80,0x61,0xA6,0x3B,0xDF,0xA9,
  0x54,0x93,0x00,0x00,0x08,0x0E,0x0D,0x8D,0x5C,0x0C,0xE0,0x00,
  0x00,0x00,0x00,0x80,0x00,0x00,0x00,0x34,0xA5,0x29,0x54,0x55,
  0x44,0x64,0xA7,0xA9,0x4B,0x0D,0xE7,0xFD,0xA9,0xA4,0x49,0x1F,
  0x30,0x00,0x00,0x00,0x00,0x00,0x6E,0x00,0x00,0x00,0x00,0x00,
  0x00,0x00,0x00,0x00,0x00,0x00,0x00,0x00,0x00,0x00,0x00,0x00,
  0x00,0x00,0x00,0x00,0x00,0x00,0x00,0x00,0x00,0x00,0x00,0x00,
  0x00,0x00,0x3B,0xA4,0xAA,0xA4,0xA9,0x4B,0xC0,0x0E,0x09,0xAA,
  0x4C,0x7B,0x80,0x00,0x00,0x00,0x00,0x00,0x00,0x07,0xC0,0x2B,
  0xFF,0x70,0xFF,0x4A,0x92,0x4B,0x80,0x11,0x40,0x44,0x1E,0xDA,
  0xF8,0x0D,0x40,0x00,0x00,0x00,0x01,0xC0,0x00,0x00,0x00,0x3A,
  0x52,0x94,0x92,0xA9,0x55,0x62,0x2A,0x95,0x2D,0xAD,0x55,0x45,
  0x88,0x91,0x24,0x91,0xF0,0x00,0x00,0x00,0x00,0x00,0xE7,0x00,
  0x00,0x00,0x00,0x00,0x00,0x00,0x00,0x00,0x00,0x00,0x00,0x00,
  0x00,0x00,0x00,0x00,0x00,0x00,0x00,0x00,0x00,0x00,0x00,0x00,
  0x00,0x00,0x00,0x00,0x00,0x00,0x1E,0xF5,0x25,0x52,0x4A,0xA4,
  0xC0,0x08,0x0E,0xA9,0x5C,0xED,0x80,0x00,0x00,0x00,0x00,0x00,
  0x00,0x0F,0x80,0x19,0x57,0xEA,0x39,0x52,0x4A,0xA9,0x80,0x04,
  0x0A,0x00,0x0F,0x2D,0xF0,0x06,0x60,0x00,0x00,0x00,0x00,0xE0,
  0x00,0x00,0x00,0xF5,0x29,0x4A,0x4A,0xAA,0xA9,0xCD,0x4B,0xC9,
  0x57,0xC6,0xAA,0x54,0xE4,0xA4,0x12,0x08,0xF0,0x00,0x00,0x00,
  0x00,0x00,0xD6,0x00,0x00,0x00,0x00,0x00,0x00,0x00,0x00,0x00,
  0x00,0x00,0x00,0x00,0x00,0x00,0x00,0x00,0x00,0x00,0x00,0x00,
  0x00,0x00,0x00,0x00,0x00,0x00,0x00,0x00,0x00,0x00,0x00,0x7A,
  0xAA,0x95,0x24,0x52,0xC0,0x4E,0x0E,0xB6,0xB8,0xD5,0x80,0x00,
  0x00,0x00,0x00,0x00,0x00,0x07,0x80,0x08,0x76,0xD5,0x4D,0x49,
  0x55,0x25,0xE0,0x00,0x20,0x11,0x07,0x96,0x20,0x03,0xE0,0x00,
  0x00,0x00,0x01,0xE0,0x00,0x17,0x61,0xD2,0x94,0xA5,0x52,0x55,
  0x24,0xFA,0xA5,0xA4,0x88,0x7E,0x22,0xAA,0xD4,0xA4,0xA4,0xA6,
  0xF0,0x10,0x00,0x00,0x00,0x01,0xDE,0x00,0x00,0x00,0x00,0x00,
  0x00,0x00,0x00,0x00,0x00,0x00,0x00,0x00,0x00,0x00,0x00,0x00,
  0x00,0x00,0x00,0x00,0x00,0x00,0x00,0x00,0x00,0x00,0x00,0x00,
  0x00,0x00,0x00,0x1C,0xB4,0x49,0x53,0x29,0x66,0x9C,0x0D,0x5F,
  0xF0,0xEB,0xC0,0x00,0x00,0x00,0x00,0x00,0x00,0x05,0x00,0x00,
  0x26,0xC9,0x52,0xAA,0x92,0x95,0xE0,0x04,0x00,0x40,0x6B,0x4E,
  0xE0,0x01,0xC0,0x00,0x00,0x00,0x07,0xB0,0x00,0x7F,0xF2,0x7A,
  0x4A,0x52,0x49,0x24,0x95,0x6B,0x50,0xD5,0x53,0x5D,0x54,0x91,
  0x72,0xA2,0x80,0x14,0xE0,0x00,0x00,0x00,0x00,0x00,0xCC,0x00,
  0x00,0x00,0x00,0x00,0x00,0x00,0x00,0x00,0x00,0x00,0x00,0x00,
  0x00,0x00,0x00,0x00,0x00,0x00,0x00,0x00,0x00,0x00,0x00,0x00,
  0x00,0x00,0x00,0x00,0x00,0x00,0x00,0x0E,0xD2,0xA5,0x28,0x95,
  0x7F,0x3C,0x07,0x3F,0xC3,0x68,0xE0,0x00,0x00,0x00,0x00,0x00,
  0x00,0x07,0x88,0x00,0x20,0xE7,0xA9,0x12,0x48,0xA8,0x30,0x82,
  0x80,0x02,0x56,0xA3,0xE0,0x00,0xA0,0x00,0x00,0x00,0x0F,0xF4,
  0x20,0x7F,0xBD,0x5D,0x52,0x95,0x2A,0x93,0x52,0x15,0x55,0xC9,
  0x29,0x2A,0x92,0x4A,0xF4,0x99,0x55,0x70,0xE0,0x00,0x00,0x00,
  0x00,0x00,0x7C,0x00,0x00,0x00,0x00,0x00,0x00,0x00,0x00,0x00,
  0x00,0x00,0x00,0x00,0x00,0x00,0x00,0x00,0x00,0x00,0x00,0x00,
  0x00,0x00,0x00,0x00,0x00,0x00,0x00,0x00,0x00,0x00,0x00,0x03,
  0xAA,0x54,0xA6,0xA4,0xB7,0x94,0x03,0xBF,0x07,0xD6,0x70,0x00,
  0x00,0x00,0x00,0x00,0x00,0x07,0x9C,0x00,0x00,0xD7,0xD4,0xA9,
  0x56,0x4B,0x5D,0x00,0x04,0x08,0x8B,0x2B,0xD0,0x28,0xE0,0x00,
  0x00,0x00,0x0D,0x3E,0x70,0x2B,0xFF,0xFA,0x49,0x48,0xA9,0x57,
  0xE9,0x55,0x79,0xA4,0xA4,0xA9,0x4A,0xBA,0x88,0x2C,0x80,0x80,
  0x48,0x00,0x00,0x00,0x00,0x00,0xCC,0x00,0x00,0x00,0x00,0x00,
  0x00,0x00,0x00,0x00,0x00,0x00,0x00,0x00,0x00,0x00,0x00,0x00,
  0x00,0x00,0x00,0x00,0x00,0x00,0x00,0x00,0x00,0x00,0x00,0x00,
  0x00,0x00,0x00,0x01,0xD5,0x2A,0x9A,0x52,0x5D,0xDC,0x01,0xF7,
  0x07,0xA9,0x70,0x00,0x00,0x00,0x00,0x00,0x00,0x3F,0x88,0x00,
  0x01,0xFC,0xCA,0x95,0x21,0x51,0x2F,0xC1,0x20,0x02,0x57,0xA9,
  0x8C,0x28,0x00,0xB8,0x00,0x00,0x1E,0xBF,0xF8,0x01,0xF6,0xB5,
  0x2A,0x75,0x4A,0x4E,0xF5,0x4B,0xCF,0x55,0x55,0x4A,0x29,0x7D,
  0xA9,0x2D,0xAA,0x80,0x00,0x00,0x00,0x00,0x00,0x01,0xAC,0x00,
  0x00,0x00,0x00,0x00,0x00,0x00,0x00,0x00,0x00,0x00,0x00,0x00,
  0x00,0x00,0x00,0x00,0x00,0x00,0x00,0x00,0x00,0x00,0x00,0x00,
  0x00,0x00,0x00,0x00,0x00,0x00,0x00,0x01,0xA9,0x49,0x45,0x95,
  0x2F,0x0A,0x01,0x9E,0x16,0xA5,0x30,0x00,0x00,0x00,0x00,0x00,
  0x0E,0x7F,0x98,0x00,0x00,0xF8,0xE9,0x49,0x55,0x2A,0xAF,0xC0,
  0x01,0x48,0x4E,0x95,0xA3,0x2D,0xC9,0xE8,0x00,0x00,0x0D,0x53,
  0xBC,0x00,0x1A,0x88,0xA5,0x5A,0x52,0xAE,0x7C,0xAE,0x76,0x92,
  0x24,0xA5,0x54,0xC7,0xA4,0x58,0x00,0x80,0x00,0x00,0x00,0x00,
  0x00,0x01,0xDC,0x00,0x00,0x00,0x00,0x00,0x00,0x00,0x00,0x00,
  0x00,0x00,0x00,0x00,0x00,0x00,0x00,0x00,0x00,0x00,0x00,0x00,
  0x00,0x00,0x00,0x00,0x00,0x00,0x00,0x00,0x00,0x00,0x00,0x01,
  0xD4,0xB4,0xAA,0x69,0x51,0xC5,0x00,0xF8,0x1D,0xAD,0xF0,0x00,
  0x00,0x00,0x00,0x00,0x1F,0x65,0xFC,0x00,0x00,0x20,0x64,0xA4,
  0x94,0x94,0x91,0x82,0x88,0x02,0x57,0x4B,0x88,0xA5,0xF5,0x31,
  0x80,0x00,0x0D,0xCA,0xF8,0x00,0xEC,0xA5,0x52,0x7D,0x29,0x2C,
  0x16,0x54,0xBA,0x49,0x92,0x52,0x4A,0xD2,0x12,0xA9,0xA5,0x80,
  0x03,0x80,0x00,0x00,0x00,0x00,0xF8,0x00,0x00,0x00,0x00,0x00,
  0x00,0x00,0x00,0x00,0x00,0x00,0x00,0x00,0x00,0x00,0x00,0x00,
  0x00,0x00,0x00,0x00,0x00,0x00,0x00,0x00,0x00,0x00,0x00,0x00,
  0x00,0x00,0x00,0x00,0xCA,0xAD,0x2A,0x95,0x25,0xE3,0xC0,0x7C,
  0x3D,0x5F,0xE0,0x00,0x00,0x00,0x00,0x00,0x19,0xEA,0xFF,0x00,
  0x00,0x00,0x75,0x2A,0x4A,0xA2,0x4B,0xC0,0x10,0x2A,0x23,0x24,
  0xF4,0x53,0x2A,0xB3,0xC0,0x00,0x06,0xE9,0xC0,0x01,0xBA,0x55,
  0x29,0x15,0x4A,0x9E,0x3B,0x7C,0x1D,0x54,0x55,0x29,0x25,0x89,
  0x40,0x51,0x09,0x00,0x0F,0x80,0x00,0x08,0x00,0x00,0xF0,0x00,
  0x00,0x00,0x00,0x00,0x00,0x00,0x00,0x00,0x00,0x00,0x00,0x00,
  0x00,0x00,0x00,0x00,0x00,0x00,0x00,0x00,0x00,0x00,0x00,0x00,
  0x00,0x00,0x00,0x00,0x00,0x00,0x00,0x00,0xEB,0x52,0x95,0x6C,
  0x94,0xC1,0xA0,0x7E,0x3A,0xBA,0x40,0x00,0x00,0x00,0x00,0x00,
  0x0F,0xEA,0xC7,0x00,0x00,0x00,0x34,0xBF,0xA9,0x55,0x54,0xF0,
  0x04,0x80,0x13,0xAA,0xFE,0xE4,0xA0,0x46,0xF8,0x0E,0x00,0x75,
  0xA0,0x03,0xF2,0x92,0x95,0x5D,0x24,0xA7,0x9D,0xE2,0x4F,0x4B,
  0x49,0x4A,0xAB,0xA4,0xAA,0xB7,0x92,0x00,0x1F,0x00,0x00,0x04,
  0x00,0x00,0xC0,0x00,0x00,0x00,0x00,0x00,0x00,0x00,0x00,0x00,
  0x00,0x00,0x00,0x00,0x00,0x00,0x00,0x00,0x00,0x00,0x00,0x00,
  0x00,0x00,0x00,0x00,0x00,0x00,0x00,0x00,0x00,0x00,0x00,0x00,
  0x79,0xD4,0xA9,0x2A,0xAB,0x60,0x48,0x3E,0x1D,0xB0,0x00,0x00,
  0x00,0x00,0x00,0x00,0x19,0xD4,0x2B,0x00,0x00,0x00,0x6A,0xFF,
  0xE4,0x92,0x92,0xF8,0x80,0x00,0x01,0xA4,0x2F,0xD2,0x92,0x45,
  0x6B,0x3F,0x42,0xBB,0xA0,0x07,0x49,0x49,0x49,0x54,0xD5,0x2B,
  0x85,0x90,0x11,0xA4,0xA5,0x24,0x93,0x12,0x04,0xDF,0xC6,0x00,
  0x0F,0x00,0x00,0x09,0x80,0x00,0x00,0x00,0x00,0x00,0x00,0x00,
  0x00,0x00,0x00,0x00,0x00,0x00,0x00,0x00,0x00,0x00,0x00,0x00,
  0x00,0x00,0x00,0x00,0x00,0x00,0x00,0x00,0x00,0x00,0x00,0x00,
  0x00,0x00,0x00,0x00,0x6D,0x2A,0xED,0x51,0x24,0xB1,0x3C,0x0C,
  0x1A,0x60,0x00,0x00,0x00,0x00,0x00,0x00,0x35,0xA2,0xAB,0x00,
  0x00,0x00,0x72,0x60,0x75,0x4A,0x49,0x1C,0x2A,0x00,0x0B,0x52,
  0xA5,0xEA,0x81,0x56,0xB9,0x77,0x00,0x5D,0xC0,0x0E,0x94,0xAA,
  0x24,0x93,0x52,0xCA,0xC4,0x05,0x43,0xAA,0x2A,0xAA,0x56,0x41,
  0x52,0xAD,0xD4,0x00,0x02,0x00,0x00,0x03,0xC0,0x00,0x00,0x00,
  0x00,0x00,0x00,0x00,0x00,0x00,0x00,0x00,0x00,0x00,0x00,0x00,
  0x00,0x00,0x00,0x00,0x00,0x00,0x00,0x00,0x00,0x00,0x00,0x00,
  0x00,0x00,0x00,0x00,0x00,0x00,0x00,0x00,0x3A,0x92,0x95,0x2A,
  0x97,0x5B,0xBC,0x00,0x0D,0xC0,0x00,0x00,0x00,0x00,0x00,0x00,
  0x74,0xAA,0x97,0x80,0x00,0x00,0x39,0xC0,0x34,0xA9,0x54,0xBA,
  0x08,0x40,0x0F,0x4A,0x92,0xC5,0x54,0x89,0xDA,0x3C,0x40,0x0F,
  0xC0,0x06,0xA5,0x25,0x55,0x49,0xF5,0xEB,0x92,0xA0,0x10,0xE9,
  0x51,0x25,0x4B,0x2A,0x49,0x34,0x78,0x00,0x02,0x00,0x00,0x01,
  0xC0,0x00,0x00,0x00,0x00,0x00,0x00,0x00,0x00,0x00,0x00,0x00,
  0x00,0x00,0x00,0x00,0x00,0x00,0x00,0x00,0x00,0x00,0x00,0x00,
  0x00,0x00,0x00,0x00,0x00,0x00,0x00,0x00,0x00,0x00,0x00,0x00,
  0x1D,0x49,0xF4,0x94,0xAB,0x2F,0xF4,0x00,0x0E,0xC0,0x00,0x00,
  0x00,0x00,0x00,0x00,0x35,0xAD,0x57,0x80,0x00,0x00,0x3B,0x80,
  0x1A,0x4A,0x4A,0x8E,0x02,0x00,0x1E,0xA9,0x55,0xAA,0x01,0x45,
  0x95,0x67,0x20,0x07,0xC0,0x07,0x72,0x94,0xA9,0x2A,0xFF,0x77,
  0x04,0x0A,0x84,0xB5,0x2A,0x92,0x55,0x81,0x12,0xB2,0xBC,0x00,
  0x07,0x00,0x00,0x00,0x80,0x00,0x00,0x00,0x00,0x00,0x00,0x00,
  0x00,0x00,0x00,0x00,0x00,0x00,0x00,0x00,0x00,0x00,0x00,0x00,
  0x00,0x00,0x00,0x00,0x00,0x00,0x00,0x00,0x00,0x00,0x00,0x00,
  0x00,0x00,0x00,0x00,0x06,0xD4,0x52,0xA2,0x5D,0xD6,0xFC,0x00,
  0x07,0xE0,0x00,0x00,0x00,0x00,0x00,0x00,0x1B,0xFE,0x91,0xC0,
  0x00,0x00,0x1F,0x80,0x1D,0x25,0x24,0xAF,0x88,0x40,0x0D,0x14,
  0x9B,0x05,0x54,0x94,0xF2,0x3B,0xE8,0x00,0xA0,0x03,0xF4,0xAA,
  0x44,0xA5,0xDE,0x1E,0x09,0x20,0x50,0x59,0x49,0x55,0x2F,0x54,
  0x44,0x1A,0x98,0x00,0x07,0x00,0x00,0x00,0x00,0x00,0x00,0x00,
  0x00,0x00,0x00,0x00,0x00,0x00,0x00,0x00,0x00,0x00,0x00,0x00,
  0x00,0x00,0x00,0x00,0x00,0x00,0x00,0x00,0x00,0x00,0x00,0x00,
  0x00,0x00,0x00,0x00,0x00,0x00,0x00,0x00,0x06,0xFF,0xCA,0x55,
  0x47,0x24,0x2C,0x00,0x01,0xE0,0x00,0x00,0x00,0x00,0x00,0x00,
  0x1F,0x7B,0x54,0xC0,0x00,0x00,0x0D,0x00,0x1A,0xA9,0x52,0x53,
  0x82,0x00,0x0E,0xCA,0x7E,0x50,0x90,0x71,0xA8,0xF5,0xF0,0x00,
  0x40,0x03,0xBA,0x5B,0xAA,0x94,0xC0,0x9B,0xE8,0x45,0x05,0x1A,
  0x54,0x92,0xBF,0xBD,0x2B,0x59,0x58,0x00,0x0E,0x00,0x00,0x00,
  0x00,0x00,0x00,0x00,0x00,0x00,0x00,0x00,0x00,0x00,0x00,0x00,
  0x00,0x00,0x00,0x00,0x00,0x00,0x00,0x00,0x00,0x00,0x00,0x00,
  0x00,0x00,0x00,0x00,0x00,0x00,0x00,0x00,0x00,0x00,0x00,0x00,
  0x03,0xDF,0xF5,0x4A,0x7D,0x52,0xAC,0x00,0x00,0x40,0x00,0x00,
  0x00,0x00,0x00,0x00,0x0E,0x01,0xA5,0xE0,0x00,0x00,0x00,0x00,
  0x19,0x24,0x95,0x4B,0x00,0x00,0x07,0xA5,0xE4,0x02,0x6D,0xDA,
  0xE2,0xE4,0x98,0x00,0xA0,0x01,0x1A,0xBF,0xE9,0x52,0xFE,0x07,
  0xF2,0x10,0x20,0x5A,0x92,0x49,0x35,0x6F,0x7D,0x4C,0xBC,0x00,
  0x07,0x00,0x00,0x00,0x00,0x40,0x00,0x00,0x00,0x00,0x00,0x00,
  0x00,0x00,0x00,0x00,0x00,0x00,0x00,0x00,0x00,0x00,0x00,0x00,
  0x00,0x00,0x00,0x00,0x00,0x00,0x00,0x00,0x00,0x00,0x00,0x00,
  0x00,0x00,0x00,0x00,0x03,0xB0,0x79,0xFD,0xFF,0x2A,0x9C,0x00,
  0x00,0x00,0x00,0x00,0x01,0x80,0x00,0x00,0x00,0x01,0xAA,0x70,
  0x00,0x00,0x00,0x00,0x7D,0x55,0x52,0xA5,0xC0,0x00,0x01,0xD3,
  0x91,0x25,0xDA,0xA3,0xCB,0x92,0x78,0x00,0x00,0x01,0x39,0x64,
  0xB4,0x95,0x7A,0x3D,0x71,0x04,0x89,0x19,0x4A,0xAA,0xE2,0xD3,
  0xD7,0xDA,0x8E,0x08,0x0E,0x00,0x00,0x00,0x00,0x20,0x00,0x00,
  0x00,0x00,0x00,0x00,0x00,0x00,0x00,0x00,0x00,0x00,0x00,0x00,
  0x00,0x00,0x00,0x00,0x00,0x00,0x00,0x00,0x00,0x00,0x00,0x00,
  0x00,0x00,0x00,0x00,0x00,0x00,0x00,0x00,0x03,0xC0,0x0F,0xFF,
  0x87,0x49,0x46,0x00,0x00,0x00,0x00,0x00,0x03,0xC0,0x00,0x00,
  0x00,0x01,0xA5,0x78,0x00,0x00,0x00,0x00,0x26,0x92,0x4A,0x15,
  0xC0,0x00,0x07,0x55,0x44,0x12,0x7B,0x58,0xA7,0x55,0x70,0x00,
  0x00,0x00,0x7D,0xC0,0x35,0x48,0x9E,0x3D,0xB4,0x50,0x20,0x4C,
  0xA9,0x24,0x74,0xC8,0x27,0x75,0x57,0x9E,0x0E,0x00,0x05,0x00,
  0x00,0xF0,0x00,0x00,0x00,0x00,0x00,0x00,0x00,0x00,0x00,0x00,
  0x00,0x00,0x00,0x00,0x00,0x00,0x00,0x00,0x00,0x00,0x00,0x00,
  0x00,0x00,0x00,0x00,0x00,0x00,0x00,0x00,0x00,0x00,0x00,0x00,
  0x01,0x80,0x0F,0x86,0x1E,0x54,0xAE,0x00,0x00,0x00,0x00,0x00,
  0x03,0x60,0x00,0x00,0x00,0x07,0x51,0xF8,0x00,0x00,0x00,0x00,
  0xEB,0x49,0x29,0x52,0xE0,0x00,0x0E,0xD3,0x20,0x85,0xA1,0x45,
  0x1D,0x24,0xCC,0x00,0x00,0x00,0x26,0x6A,0x9A,0x55,0x46,0xB5,
  0xE2,0x02,0x0A,0x2E,0x4A,0x95,0x31,0xEA,0xA8,0x5A,0x2B,0xCF,
  0x0F,0x00,0x0F,0x80,0x00,0x78,0x00,0x00,0x00,0x00,0x00,0x00,
  0x00,0x00,0x00,0x00,0x00,0x00,0x00,0x00,0x00,0x00,0x00,0x00,
  0x00,0x00,0x00,0x00,0x00,0x00,0x00,0x00,0x00,0x00,0x00,0x00,
  0x00,0x00,0x00,0x00,0x00,0x00,0x07,0xFD,0xF9,0x25,0x26,0x00,
  0x00,0x00,0x00,0x00,0x07,0x60,0x00,0x00,0x00,0x8E,0x9F,0xF0,
  0x00,0x00,0x00,0x00,0xD7,0x2A,0xA5,0x49,0x30,0x00,0x0B,0x4B,
  0x54,0x12,0x78,0x12,0x5E,0x95,0x7F,0x00,0x00,0x00,0x3B,0xD2,
  0x1D,0x24,0xAB,0x74,0x81,0x48,0x81,0x06,0xA4,0xA9,0x5D,0x92,
  0x92,0x85,0x44,0xE7,0x9B,0x00,0x1F,0xC0,0x80,0x78,0x00,0x00,
  0x00,0x00,0x00,0x00,0x00,0x00,0x00,0x00,0x00,0x00,0x00,0x00,
  0x00,0x00,0x00,0x00,0x00,0x00,0x00,0x00,0x00,0x00,0x00,0x00,
  0x00,0x00,0x00,0x00,0x00,0x00,0x00,0x00,0x00,0x00,0x01,0xFF,
  0xF5,0x52,0x97,0x00,0x00,0x00,0x00,0x00,0x06,0xF0,0x00,0x00,
  0x07,0xFA,0xBF,0x00,0x00,0x00,0x00,0x01,0xB6,0xA5,0x54,0xAA,
  0xB8,0x00,0x27,0x55,0xA1,0x59,0xFB,0xE8,0xB1,0xA9,0xDB,0x80,
  0x01,0x00,0x1B,0xC8,0x9C,0xAA,0x2B,0xED,0x4A,0x00,0x24,0x53,
  0x52,0x95,0x5F,0x54,0xAA,0x69,0x32,0xFE,0xFF,0x00,0x30,0xC0,
  0x40,0x6C,0x00,0x00,0x00,0x00,0x00,0x00,0x00,0x00,0x00,0x00,
  0x00,0x00,0x00,0x00,0x00,0x00,0x00,0x00,0x00,0x00,0x00,0x00,
  0x00,0x00,0x00,0x00,0x00,0x00,0x00,0x00,0x00,0x00,0x00,0x00,
  0x00,0x00,0x00,0x6B,0xA9,0x29,0x56,0x00,0x00,0x00,0x00,0x00,
  0x0D,0x30,0x00,0x00,0x07,0xF5,0x36,0x00,0x00,0x00,0x00,0x00,
  0xED,0x52,0x22,0x49,0x0C,0x00,0x09,0xA6,0x4A,0x3F,0x9F,0xF2,
  0x5E,0xC5,0xB5,0x80,0x00,0x00,0x09,0x40,0x57,0x49,0x94,0xF8,
  0xA0,0x6A,0x81,0x05,0x95,0x48,0x86,0xA5,0x49,0x25,0x4A,0x3E,
  0xF3,0x00,0x3B,0xC0,0x80,0x37,0x00,0x00,0x00,0x00,0x00,0x00,
  0x00,0x00,0x00,0x00,0x00,0x00,0x00,0x00,0x00,0x00,0x00,0x00,
  0x00,0x00,0x00,0x00,0x00,0x00,0x00,0x00,0x00,0x00,0x00,0x00,
  0x00,0x00,0x00,0x00,0x00,0x00,0x00,0x39,0xD4,0x94,0x96,0x00,
  0x00,0x00,0x00,0x00,0x1B,0x70,0x00,0x00,0x03,0x28,0xB0,0x00,
  0x00,0x00,0x00,0x01,0xAD,0x49,0x55,0x24,0xB6,0x00,0x07,0x2E,
  0x95,0xED,0x4E,0x3A,0xA4,0xB7,0x6B,0x00,0x05,0x00,0x01,0x60,
  0x2D,0x2A,0x52,0xB2,0x85,0xF8,0x28,0x51,0xC8,0xA6,0x52,0x52,
  0x25,0x54,0xA9,0x4E,0xAF,0x84,0x77,0x82,0x00,0x1F,0xC0,0x00,
  0x00,0x00,0x00,0x00,0x00,0x00,0x00,0x00,0x00,0x00,0x00,0x00,
  0x00,0x00,0x00,0x00,0x00,0x00,0x00,0x00,0x00,0x00,0x00,0x00,
  0x00,0x00,0x00,0x00,0x00,0x00,0x00,0x00,0x00,0x00,0x00,0x1E,
  0xD2,0xA5,0xEC,0x00,0x00,0x00,0x00,0x00,0x1E,0x98,0x00,0x00,
  0x03,0xD5,0x70,0x00,0x00,0x00,0x00,0x01,0xEF,0xAA,0x94,0xAA,
  0x8E,0x00,0x13,0x4A,0x6A,0x25,0x51,0x5E,0x77,0x5C,0xD3,0x20,
  0x00,0x00,0x03,0x20,0x1E,0xD2,0xAA,0xD4,0x6A,0xDE,0x02,0x04,
  0xD5,0x2A,0xA9,0x15,0x54,0x93,0x55,0x29,0x23,0xCE,0x73,0x00,
  0x00,0x33,0x80,0x00,0x00,0x00,0x00,0x00,0x00,0x00,0x00,0x00,
  0x00,0x00,0x00,0x00,0x00,0x00,0x00,0x00,0x00,0x00,0x00,0x00,
  0x00,0x00,0x00,0x00,0x00,0x00,0x00,0x00,0x00,0x00,0x00,0x00,
  0x00,0x00,0x00,0x1D,0xBF,0x53,0xFC,0x00,0x00,0x00,0x00,0x00,
  0x3B,0x78,0x00,0x00,0x01,0xD5,0xE0,0x00,0x00,0x00,0x00,0x00,
  0x83,0xBD,0x4A,0x95,0x57,0x00,0x4B,0x55,0x35,0x74,0xA5,0x5B,
  0x4A,0xEA,0xCB,0xE0,0xAA,0x00,0x01,0xE0,0x3A,0xA9,0x12,0xAA,
  0xAA,0x76,0xA4,0xD1,0x6A,0x95,0x55,0x52,0x95,0x49,0xE4,0xA4,
  0xAA,0xFF,0x1F,0x00,0x00,0x77,0x00,0x00,0x00,0x00,0x00,0x00,
  0x00,0x00,0x00,0x00,0x00,0x00,0x00,0x00,0x00,0x00,0x00,0x00,
  0x00,0x00,0x00,0x00,0x00,0x00,0x00,0x00,0x00,0x00,0x00,0x00,
  0x00,0x00,0x00,0x00,0x00,0x00,0x00,0x1D,0x7F,0xEB,0x18,0x00,
  0x00,0x00,0x00,0x00,0x19,0x30,0x00,0x00,0x05,0xD6,0xC0,0x00,
  0x00,0x00,0x00,0x00,0x09,0xFE,0x52,0x52,0x55,0xE2,0xEB,0x2E,
  0xC0,0x6A,0x54,0xA6,0x95,0xB9,0xAB,0xF0,0x00,0x00,0x00,0x80,
  0x7A,0xC4,0xC9,0x7A,0x2A,0xFE,0x01,0x02,0xA4,0xA2,0x92,0xA9,
  0x4A,0xAA,0xBE,0x95,0x4B,0x7E,0x0F,0x16,0x00,0xEE,0x00,0x00,
  0x00,0x00,0x00,0x00,0x00,0x00,0x00,0x00,0x00,0x00,0x00,0x00,
  0x00,0x00,0x00,0x00,0x00,0x00,0x00,0x00,0x00,0x00,0x00,0x00,
  0x00,0x00,0x00,0x00,0x00,0x00,0x00,0x00,0x00,0x00,0x00,0x0E,
  0xE0,0xFE,0x00,0x00,0x00,0x00,0x00,0x00,0x35,0xF0,0x00,0x00,
  0x09,0xC9,0x80,0x00,0x00,0x00,0x00,0x00,0x07,0xE7,0x4A,0xAA,
  0x9A,0xF0,0x6B,0x46,0x2A,0x32,0x8A,0x96,0x52,0x8A,0xC9,0x70,
  0xA8,0x00,0x00,0x00,0x7D,0xAA,0x2A,0x59,0xA4,0x9E,0xFA,0x08,
  0x72,0x54,0xA9,0x14,0xAA,0x49,0x6F,0x52,0x2F,0x74,0x0D,0xFF,
  0x20,0xE7,0x00,0x00,0x00,0x00,0x00,0x00,0x00,0x00,0x00,0x00,
  0x00,0x00,0x00,0x00,0x00,0x00,0x00,0x00,0x00,0x00,0x00,0x00,
  0x00,0x00,0x00,0x00,0x00,0x00,0x00,0x00,0x00,0x00,0x00,0x00,
  0x00,0x00,0x00,0x07,0x80,0x1C,0x00,0x00,0x00,0x00,0x00,0x00,
  0x3B,0xE0,0x00,0x00,0x2D,0xA5,0xC0,0x00,0x00,0x00,0x00,0x00,
  0x01,0xC3,0x2B,0x4A,0x6D,0x30,0x2B,0x3D,0x41,0x39,0x52,0x53,
  0x94,0xA5,0xA5,0x38,0x10,0x00,0x00,0x00,0x3E,0x4A,0xAD,0xFB,
  0xCB,0xC6,0x04,0x41,0x6A,0x95,0x54,0xAA,0x49,0x24,0xB1,0xA9,
  0xBF,0x3E,0x0D,0xFB,0xF1,0xDE,0x00,0x00,0x00,0x00,0x00,0x00,
  0x00,0x00,0x00,0x00,0x00,0x00,0x00,0x00,0x00,0x00,0x00,0x00,
  0x00,0x00,0x00,0x00,0x00,0x00,0x00,0x00,0x00,0x00,0x00,0x00,
  0x00,0x00,0x00,0x00,0x00,0x00,0x00,0x07,0x80,0x00,0x00,0x00,
  0x00,0x00,0x00,0x00,0x1F,0x00,0x00,0x00,0x73,0xB5,0x60,0x03,
  0x80,0x00,0x00,0x00,0x00,0x83,0xA7,0xAB,0xE5,0x58,0x19,0x4C,
  0x94,0xEA,0x49,0x4A,0xCA,0x1B,0x14,0xF8,0x0E,0x00,0x00,0x00,
  0x15,0xA5,0x7F,0x4A,0x7E,0x31,0x92,0x12,0x69,0x49,0x4A,0xAA,
  0xA5,0x55,0x65,0xC4,0x7B,0xE8,0x0E,0x49,0xFF,0x9C,0x00,0x00,
  0x00,0x00,0x00,0x00,0x00,0x00,0x00,0x00,0x00,0x00,0x00,0x00,
  0x00,0x00,0x00,0x00,0x00,0x00,0x00,0x00,0x00,0x00,0x00,0x00,
  0x00,0x00,0x00,0x00,0x00,0x00,0x00,0x00,0x00,0x00,0x00,0x02,
  0xC0,0x00,0x00,0x00,0x00,0x00,0x00,0x00,0x0E,0x80,0x00,0x00,
  0xE3,0x56,0xC0,0x03,0x80,0x00,0x00,0x00,0x00,0x01,0x93,0xD4,
  0xAA,0xB8,0x17,0xAC,0x01,0xE5,0x2A,0xAB,0xD5,0x46,0xAA,0xD0,
  0x1E,0x00,0x00,0x00,0x0E,0x92,0xD3,0x64,0x02,0x0A,0x94,0x80,
  0x3A,0x55,0x52,0xB2,0x54,0x92,0x38,0xD5,0x31,0xE0,0x1D,0x56,
  0x9F,0x70,0x00,0x00,0x00,0x00,0x00,0x00,0x00,0x00,0x00,0x00,
  0x00,0x00,0x00,0x00,0x00,0x00,0x00,0x00,0x00,0x00,0x00,0x00,
  0x00,0x00,0x00,0x00,0x00,0x00,0x00,0x00,0x00,0x00,0x00,0x00,
  0x00,0x00,0x00,0x07,0x80,0x00,0x00,0x00,0x00,0x00,0x00,0x00,
  0x01,0xC0,0x00,0x00,0xEF,0x7F,0xC0,0x83,0x80,0x00,0x00,0x00,
  0x00,0x03,0x55,0x55,0x61,0xDC,0x31,0x6D,0x55,0x94,0xA4,0x94,
  0xE8,0x2B,0x49,0x70,0x17,0x00,0x00,0x00,0x1F,0xAA,0xEA,0xA0,
  0x00,0x00,0x12,0x49,0x1D,0x24,0x95,0x59,0x25,0x4A,0xB1,0xB5,
  0x70,0x40,0x0C,0xA2,0xAF,0x60,0x00,0x00,0x00,0x00,0x00,0x00,
  0x00,0x00,0x00,0x00,0x00,0x00,0x00,0x00,0x00,0x00,0x00,0x00,
  0x00,0x00,0x00,0x00,0x00,0x00,0x00,0x00,0x00,0x00,0x00,0x00,
  0x00,0x00,0x00,0x00,0x00,0x00,0x00,0x02,0xC0,0x00,0x00,0x00,
  0x00,0x00,0x00,0x00,0x07,0xC0,0x00,0x0D,0xCD,0x6F,0x80,0x01,
  0x00,0x00,0x00,0x00,0x00,0x0E,0xFB,0x6A,0xBB,0x4C,0x24,0x58,
  0x05,0xAA,0x95,0x56,0x53,0x57,0x24,0xB0,0xBC,0x00,0x00,0x00,
  0x0F,0x7E,0xB7,0xE0,0x00,0x00,0x20,0x20,0x4E,0x92,0x48,0xAD,
  0x52,0x54,0xB9,0xFA,0xE0,0x00,0x0E,0x99,0x50,0xE0,0x00,0x00,
  0x00,0x00,0x00,0x00,0x00,0x00,0x00,0x00,0x00,0x00,0x00,0x00,
  0x00,0x00,0x00,0x00,0x00,0x00,0x00,0x00,0x00,0x00,0x00,0x00,
  0x00,0x00,0x00,0x00,0x00,0x00,0x00,0x00,0x00,0x00,0x00,0x03,
  0xC0,0x00,0x00,0x00,0x20,0x00,0x00,0x00,0x03,0xC0,0x00,0x1C,
  0xBA,0xC1,0x00,0x80,0x00,0x00,0x00,0x00,0x00,0x0F,0xFD,0xD5,
  0x5D,0x56,0x69,0x5A,0xB5,0x92,0x52,0xA5,0x6A,0xAE,0xAA,0x70,
  0xF6,0x00,0x00,0x00,0x03,0xFF,0xDA,0x00,0x00,0x00,0x55,0x8A,
  0x07,0x6F,0xAA,0xB3,0x29,0x25,0x59,0xD9,0x70,0x00,0x07,0xA5,
  0x2A,0xE0,0x00,0x00,0x00,0x00,0x00,0x00,0x00,0x00,0x00,0x00,
  0x00,0x00,0x00,0x00,0x00,0x00,0x00,0x00,0x00,0x00,0x00,0x00,
  0x00,0x00,0x00,0x00,0x00,0x00,0x00,0x00,0x00,0x00,0x00,0x00,
  0x00,0x00,0x00,0x03,0xC0,0x00,0x00,0x00,0x70,0x00,0x00,0x00,
  0x0F,0xC0,0x00,0x1E,0xE9,0xC0,0x00,0x00,0x00,0x00,0x00,0x00,
  0x00,0x06,0x9F,0x7F,0xAA,0xAB,0x24,0x53,0x5B,0xA9,0x55,0x52,
  0xB7,0x9C,0x92,0xB3,0xBE,0x00,0x00,0x00,0x81,0xC3,0xEE,0x00,
  0x00,0x00,0x43,0xC1,0x43,0xF7,0xBA,0x96,0x95,0x52,0x2C,0x1E,
  0x30,0x00,0x01,0xD2,0x95,0xC0,0x00,0x00,0x00,0x00,0x00,0x00,
  0x00,0x00,0x00,0x00,0x00,0x00,0x00,0x00,0x00,0x00,0x00,0x00,
  0x00,0x00,0x00,0x00,0x00,0x00,0x00,0x00,0x00,0x00,0x00,0x00,
  0x00,0x00,0x00,0x00,0x00,0x00,0x00,0x03,0xC0,0x00,0x00,0x01,
  0x6E,0x00,0x00,0x00,0x1B,0xC0,0x00,0x0B,0xD4,0xC0,0x00,0x00,
  0x00,0x00,0x00,0x00,0x00,0x03,0xC7,0x71,0xD5,0x4B,0x3A,0xA9,
  0xAE,0x95,0x5B,0x2E,0xBD,0x8D,0x4A,0x7B,0xEC,0x00,0x00,0x01,
  0xC1,0x00,0xD8,0x00,0x00,0x01,0x57,0x68,0x29,0x5C,0xFC,0xAF,
  0xC9,0x29,0xAE,0x0D,0xD8,0x00,0x00,0xCA,0x4B,0x80,0x00,0x00,
  0x00,0x00,0x00,0x00,0x00,0x00,0x00,0x00,0x00,0x00,0x00,0x00,
  0x00,0x00,0x00,0x00,0x00,0x00,0x00,0x00,0x00,0x00,0x00,0x00,
  0x00,0x00,0x00,0x00,0x00,0x00,0x00,0x00,0x00,0x00,0x00,0x07,
  0xC0,0x00,0x00,0x03,0xDF,0x00,0x00,0x00,0x0F,0x80,0x00,0x07,
  0x45,0x60,0x00,0x00,0x00,0x40,0x00,0x00,0x00,0x03,0x41,0x5F,
  0xF5,0xA5,0x9A,0x46,0x52,0x4A,0xBC,0xAE,0xDB,0x39,0x29,0x37,
  0x36,0x00,0x00,0x03,0xEC,0x00,0x20,0x00,0x00,0x02,0x1E,0xF2,
  0x80,0x88,0x4E,0xF5,0xA4,0x94,0x5C,0x5F,0xF8,0x00,0x00,0x69,
  0x53,0x00,0x00,0x00,0x00,0x00,0x00,0x00,0x00,0x00,0x00,0x00,
  0x00,0x00,0x00,0x00,0x00,0x00,0x00,0x00,0x00,0x00,0x00,0x00,
  0x00,0x00,0x00,0x00,0x00,0x00,0x00,0x00,0x00,0x00,0x00,0x00,
  0x00,0x00,0x00,0x06,0x60,0x00,0x00,0x06,0xA5,0xE0,0x00,0x00,
  0x01,0x00,0x00,0x07,0x32,0x70,0x00,0x00,0x00,0x00,0x00,0x00,
  0x00,0x01,0xE0,0x39,0xD5,0xD5,0xCD,0xEB,0x59,0x51,0x6F,0x5B,
  0xAC,0x8C,0xA5,0x7E,0x98,0x00,0x00,0x03,0x7F,0x80,0x00,0x00,
  0x00,0x01,0x7C,0x38,0x12,0x22,0x07,0xD7,0x95,0x4A,0x8C,0x0F,
  0x7C,0x00,0x00,0xD5,0x2B,0x80,0x00,0x00,0x00,0x00,0x00,0x00,
  0x00,0x00,0x00,0x00,0x00,0x00,0x00,0x00,0x00,0x00,0x00,0x00,
  0x00,0x00,0x00,0x00,0x00,0x00,0x00,0x00,0x00,0x00,0x00,0x00,
  0x00,0x00,0x00,0x00,0x00,0x00,0x00,0x06,0xB8,0x00,0x00,0x03,
  0xFF,0xF0,0x00,0x00,0x00,0x00,0x00,0x07,0x45,0x30,0x00,0x01,
  0x48,0x00,0x00,0x00,0x00,0x00,0xE0,0x3A,0x7E,0xA4,0xC8,0x8B,
  0xA5,0x2A,0xE3,0xF4,0xAD,0x56,0x94,0x9A,0x5E,0x00,0x00,0x03,
  0xB7,0xC0,0x00,0x00,0x00,0x00,0xE2,0xAD,0x40,0x89,0x57,0x7C,
  0xE9,0x52,0xBE,0x40,0x18,0x00,0x00,0xD2,0x93,0x00,0x00,0x00,
  0x00,0x00,0x00,0x00,0x00,0x00,0x00,0x00,0x00,0x00,0x00,0x00,
  0x00,0x00,0x00,0x00,0x00,0x00,0x00,0x00,0x00,0x00,0x00,0x00,
  0x00,0x00,0x00,0x00,0x00,0x00,0x00,0x00,0x00,0x00,0x00,0x06,
  0xBE,0x05,0x00,0x0F,0xE7,0x5E,0x00,0x00,0x00,0x00,0x00,0x07,
  0x10,0x98,0x30,0xCF,0xFC,0x80,0x00,0x00,0x00,0x00,0xC0,0x1A,
  0xBD,0xFA,0xE5,0x29,0x74,0xA5,0xD5,0xC7,0xBE,0xDD,0x52,0x49,
  0x4F,0x00,0x00,0x01,0xCA,0xC0,0x00,0x00,0x00,0x01,0xDD,0x78,
  0x08,0x00,0x00,0x3C,0x74,0x95,0x47,0x10,0x00,0x00,0x00,0xD4,
  0x6E,0x00,0x00,0x00,0x00,0x00,0x00,0x00,0x00,0x00,0x00,0x00,
  0x00,0x00,0x00,0x00,0x00,0x00,0x00,0x00,0x00,0x00,0x00,0x00,
  0x00,0x00,0x00,0x00,0x00,0x00,0x00,0x00,0x00,0x00,0x00,0x00,
  0x00,0x00,0x00,0x0E,0x8F,0xFF,0xC0,0xBF,0x81,0xDB,0x00,0x00,
  0x00,0x00,0x00,0x07,0x4A,0x5E,0xFF,0xFF,0xF9,0xC0,0x00,0x00,
  0x00,0x00,0x00,0x4D,0x5E,0xDE,0xE6,0x15,0xCA,0x96,0x20,0x36,
  0xE6,0xAC,0x4B,0x55,0x26,0xE0,0x00,0x00,0xEA,0xC0,0x00,0x00,
  0x00,0x01,0xEE,0x72,0xA2,0x49,0x25,0x66,0xBA,0xAA,0xAB,0x82,
  0x10,0x00,0x00,0xF2,0xFE,0x00,0x00,0x00,0x00,0x00,0x00,0x00,
  0x00,0x00,0x00,0x00,0x00,0x00,0x00,0x00,0x00,0x00,0x00,0x00,
  0x00,0x00,0x00,0x00,0x00,0x00,0x00,0x00,0x00,0x00,0x00,0x00,
  0x00,0x00,0x00,0x00,0x00,0x00,0x00,0x0D,0x53,0xFF,0xFF,0xBF,
  0x00,0xEB,0x00,0x00,0x00,0x00,0x00,0x05,0x51,0x0B,0xDB,0x79,
  0x3B,0xF0,0x00,0x00,0x00,0x00,0x01,0xE6,0x5F,0x7F,0x61,0xB3,
  0x57,0x55,0x95,0x9D,0x7C,0xF3,0x2F,0xA4,0xAF,0xF0,0x00,0x00,
  0x6A,0xE0,0x00,0x00,0x00,0x11,0x7B,0xE0,0x00,0x02,0x00,0xEC,
  0x1F,0x4A,0x55,0xC0,0x40,0x00,0x00,0x7D,0xE8,0x00,0x00,0x00,
  0x00,0x00,0x00,0x00,0x00,0x00,0x00,0x00,0x00,0x00,0x00,0x00,
  0x00,0x00,0x00,0x00,0x00,0x00,0x00,0x00,0x00,0x00,0x00,0x00,
  0x00,0x00,0x00,0x00,0x00,0x00,0x00,0x00,0x00,0x00,0x00,0x1E,
  0x48,0x91,0x3A,0xFE,0x00,0x7E,0x00,0x00,0x00,0x00,0x00,0x1F,
  0xCC,0xA5,0x47,0xA4,0xBB,0x70,0x00,0x00,0x00,0x01,0x28,0x63,
  0x8F,0xDD,0xF8,0xA7,0xBD,0x2E,0xA0,0x6E,0xCB,0xFD,0x56,0x92,
  0x93,0xB8,0x00,0x00,0x7D,0xE0,0x00,0x00,0x00,0x36,0x23,0xC5,
  0x15,0x28,0x90,0x6D,0x2D,0xAA,0x93,0x82,0x04,0x00,0x00,0x1B,
  0x80,0x00,0x00,0x00,0x00,0x00,0x00,0x00,0x00,0x00,0x00,0x00,
  0x00,0x00,0x00,0x00,0x00,0x00,0x00,0x00,0x00,0x00,0x00,0x00,
  0x00,0x00,0x00,0x00,0x00,0x00,0x00,0x00,0x00,0x00,0x00,0x00,
  0x00,0x00,0x00,0x19,0x56,0x57,0xFF,0x80,0x00,0x0F,0x80,0x00,
  0x00,0x00,0x00,0x2B,0xBE,0x55,0x5C,0xAA,0xE7,0xB8,0x00,0x00,
  0x00,0x07,0xAD,0xFE,0xD7,0x27,0x7C,0x0B,0x73,0x96,0xAA,0xB3,
  0xF6,0xCA,0xBD,0xEA,0x54,0x78,0x00,0x00,0x7F,0xBC,0x00,0x00,
  0x00,0x6A,0x8B,0x94,0x40,0x00,0x05,0x6E,0x01,0xD2,0x48,0xC0,
  0x00,0x00,0x00,0x3F,0x80,0x00,0x00,0x00,0x00,0x00,0x00,0x00,
  0x00,0x00,0x00,0x00,0x00,0x00,0x00,0x00,0x00,0x00,0x00,0x00,
  0x00,0x00,0x00,0x00,0x00,0x00,0x00,0x00,0x00,0x00,0x00,0x00,
  0x00,0x00,0x00,0x00,0x00,0x00,0x00,0x1D,0x21,0x4F,0xF8,0x00,
  0x00,0x3B,0x80,0x00,0x00,0x00,0x00,0x1E,0x7F,0x8A,0xAA,0xA5,
  0x33,0x5C,0x00,0x00,0x00,0x07,0xFE,0xA7,0x51,0xA9,0xAF,0x4B,
  0xE5,0x5D,0xC1,0xEB,0x6B,0xA9,0x71,0x92,0xA5,0xF0,0x00,0x00,
  0x0D,0x74,0x00,0x00,0x00,0xC4,0x41,0x94,0x04,0xA4,0xA0,0x77,
  0x09,0xA9,0x57,0x92,0x24,0x00,0x00,0x1F,0x00,0x00,0x00,0x00,
  0x00,0x00,0x00,0x00,0x00,0x00,0x00,0x00,0x00,0x00,0x00,0x00,
  0x00,0x00,0x00,0x00,0x00,0x00,0x00,0x00,0x00,0x00,0x00,0x00,
  0x00,0x00,0x00,0x00,0x00,0x00,0x00,0x00,0x00,0x00,0x00,0x35,
  0x55,0x2F,0x00,0x00,0x00,0x1B,0x80,0x00,0x00,0x00,0x00,0x07,
  0xC7,0xEF,0xFF,0xFB,0xB9,0xDE,0x00,0x00,0x00,0x07,0xD7,0xFE,
  0xAA,0x55,0xF7,0xFB,0x62,0xCF,0x4B,0x97,0x16,0x15,0xFD,0xA9,
  0x16,0xB0,0x00,0x00,0x07,0x74,0x00,0x00,0x00,0x29,0x12,0x69,
  0x20,0x00,0x04,0x3E,0x41,0xD5,0x21,0x80,0x00,0x00,0x00,0x00,
  0x00,0x00,0x00,0x00,0x00,0x00,0x00,0x00,0x00,0x00,0x00,0x00,
  0x00,0x00,0x00,0x00,0x00,0x00,0x00,0x00,0x00,0x00,0x00,0x00,
  0x00,0x00,0x00,0x00,0x00,0x00,0x00,0x00,0x00,0x00,0x00,0x00,
  0x00,0x00,0x00,0x34,0x95,0x5F,0x80,0x00,0x00,0x0B,0xC0,0x00,
  0x00,0x00,0x00,0x0E,0xFD,0xFF,0xD8,0x1F,0xDB,0x6B,0x00,0x00,
  0x00,0x00,0xBB,0x3C,0xA5,0x24,0x79,0x54,0x99,0xA9,0x93,0x4B,
  0xF8,0xAB,0x9D,0xCA,0xA9,0x70,0x00,0x00,0x03,0xE0,0x00,0x00,
  0x00,0x30,0xA4,0x50,0x09,0x25,0x11,0x54,0x04,0xE4,0xAF,0x80,
  0x04,0x00,0x00,0x00,0x00,0x00,0x00,0x00,0x00,0x00,0x00,0x00,
  0x00,0x00,0x00,0x00,0x00,0x00,0x00,0x00,0x00,0x00,0x00,0x00,
  0x00,0x00,0x00,0x00,0x00,0x00,0x00,0x00,0x00,0x00,0x00,0x00,
  0x00,0x00,0x00,0x00,0x00,0x00,0x00,0x75,0x49,0x2B,0xC0,0x00,
  0x00,0x07,0x60,0x00,0x00,0x00,0x00,0x3D,0x2F,0x00,0x6F,0x77,
  0x7F,0x5E,0x00,0x00,0x00,0x00,0x1A,0x85,0x52,0x92,0xAF,0x6A,
  0xD5,0xAF,0x2A,0xA5,0xB2,0x1A,0x78,0xD2,0x54,0x9E,0x00,0x00,
  0x01,0xC0,0x00,0x00,0x00,0x2A,0x11,0x22,0xA0,0x00,0x40,0x11,
  0x20,0x7A,0x93,0x09,0x10,0x00,0x00,0x00,0x00,0x00,0x00,0x00,
  0x00,0x00,0x00,0x00,0x00,0x00,0x00,0x00,0x00,0x00,0x00,0x00,
  0x00,0x00,0x00,0x00,0x00,0x00,0x00,0x00,0x00,0x00,0x00,0x00,
  0x00,0x00,0x00,0x00,0x00,0x00,0x00,0x00,0x00,0x00,0x00,0xEA,
  0x54,0x9F,0x80,0x00,0x00,0x03,0x70,0x00,0x00,0x00,0x00,0x3A,
  0x49,0xFF,0xFD,0xFB,0xB7,0x5E,0x00,0x00,0x00,0x00,0x3F,0xB6,
  0x29,0x55,0x7F,0xD5,0x10,0xF9,0xBE,0x57,0xE8,0x66,0xD4,0x69,
  0x4B,0x5E,0x00,0x00,0x01,0x80,0x00,0x00,0x00,0x14,0xA4,0x90,
  0x05,0x24,0x09,0x04,0x0A,0x3D,0x4B,0x20,0x00,0x00,0x00,0x00,
  0x00,0x00,0x00,0x00,0x00,0x00,0x00,0x00,0x00,0x00,0x00,0x00,
  0x00,0x00,0x00,0x00,0x00,0x00,0x00,0x00,0x00,0x00,0x00,0x00,
  0x00,0x00,0x00,0x00,0x00,0x00,0x00,0x00,0x00,0x00,0x00,0x00,
  0x00,0x02,0x47,0xD2,0xA5,0x79,0x00,0x00,0x00,0x15,0xB8,0x00,
  0x00,0x00,0x00,0x65,0x25,0x29,0x7E,0xED,0xEC,0xA7,0x00,0x00,
  0x00,0x00,0x1B,0xDB,0xA4,0x92,0x3A,0x5A,0x4D,0xEF,0xEA,0x9E,
  0x82,0xAD,0x52,0xD5,0x29,0x6B,0x00,0x00,0x00,0x00,0x00,0x00,
  0x00,0x04,0x41,0x04,0x40,0x01,0x20,0x41,0x21,0x1A,0x55,0x80,
  0x42,0x00,0x00,0x00,0x00,0x00,0x00,0x00,0x00,0x00,0x00,0x00,
  0x00,0x00,0x00,0x00,0x00,0x00,0x00,0x00,0x00,0x00,0x00,0x00,
  0x00,0x00,0x00,0x00,0x00,0x00,0x00,0x00,0x00,0x00,0x00,0x00,
  0x00,0x00,0x00,0x00,0x00,0x07,0xFC,0xB5,0x12,0x70,0x00,0x00,
  0x00,0x0B,0x70,0x00,0x00,0x00,0x00,0x72,0xAA,0x95,0x1F,0xCE,
  0xFB,0xDB,0x80,0x00,0x12,0x00,0x12,0xCE,0x55,0x49,0x5D,0xE6,
  0xE2,0xDA,0xAD,0x79,0x28,0x95,0x30,0xD2,0xAA,0xFF,0x00,0x00,
  0x00,0x00,0x00,0x00,0x00,0x02,0x10,0x41,0x12,0x48,0x04,0x14,
  0x88,0x4D,0xBB,0x02,0x00,0x00,0x00,0x00,0x00,0x00,0x00,0x00,
  0x00,0x00,0x00,0x00,0x00,0x00,0x00,0x00,0x00,0x00,0x00,0x00,
  0x00,0x00,0x00,0x00,0x00,0x00,0x00,0x00,0x00,0x00,0x00,0x00,
  0x00,0x00,0x00,0x00,0x00,0x00,0x00,0x00,0x00,0x0E,0xBF,0xE9,
  0x55,0x60,0x00,0x00,0x00,0x07,0xE0,0x00,0x00,0x00,0x00,0x69,
  0x24,0x49,0x6B,0xA7,0xBE,0xE5,0xC0,0x00,0x3B,0x00,0x20,0xF2,
  0xAC,0xAA,0x8D,0xF8,0xB0,0x6D,0x25,0x64,0x0B,0xAA,0xA5,0x69,
  0x15,0x95,0x80,0x00,0x00,0x00,0x00,0x00,0x00,0x09,0x45,0x14,
  0x08,0x01,0x41,0x00,0x05,0x3F,0xFF,0x08,0x12,0x00,0x10,0x00,
  0x00,0x00,0x00,0x00,0x00,0x00,0x00,0x00,0x00,0x00,0x00,0x00,
  0x00,0x00,0x00,0x00,0x00,0x00,0x00,0x00,0x00,0x00,0x00,0x00,
  0x00,0x00,0x00,0x00,0x00,0x00,0x00,0x00,0x00,0x00,0x00,0x00,
  0x00,0x3E,0xDD,0xD4,0xA4,0xE0,0x00,0x00,0x00,0x07,0x78,0x00,
  0x00,0x00,0x00,0x34,0x92,0xA5,0x28,0x51,0xDF,0xD4,0xE0,0x00,
  0x77,0x00,0x00,0x79,0x5F,0x24,0xAD,0x71,0x99,0xE2,0x96,0xF2,
  0xB4,0x52,0x88,0xD4,0xAB,0x03,0x00,0x00,0x00,0x00,0x00,0x00,
  0x00,0x04,0x00,0x45,0x21,0x50,0x14,0x49,0x48,0x7E,0xCE,0x80,
  0x00,0x00,0x3C,0x00,0x00,0x00,0x00,0x00,0x00,0x00,0x00,0x00,
  0x00,0x00,0x00,0x00,0x00,0x00,0x00,0x00,0x00,0x00,0x00,0x00,
  0x00,0x00,0x00,0x00,0x00,0x00,0x00,0x00,0x00,0x00,0x00,0x00,
  0x00,0x00,0x00,0x00,0x00,0x6D,0xAC,0x77,0x53,0xC0,0x00,0x00,
  0x00,0x0E,0xDC,0x00,0x00,0x00,0x00,0x35,0x55,0x54,0xAB,0x4D,
  0x7B,0x7B,0xE0,0x00,0x3A,0x00,0x00,0x34,0xBB,0xD2,0x56,0xF8,
  0xAF,0xBA,0xAD,0xB8,0x93,0x20,0xAE,0xCA,0xAE,0x52,0x80,0x00,
  0x00,0x00,0x00,0x00,0x00,0x02,0x54,0x14,0x44,0x84,0x80,0x00,
  0x01,0xDC,0x22,0x11,0x24,0x00,0x7F,0xE0,0x00,0x00,0x00,0x00,
  0x00,0x00,0x00,0x00,0x00,0x00,0x00,0x00,0x00,0x00,0x00,0x00,
  0x00,0x00,0x00,0x00,0x00,0x00,0x00,0x00,0x00,0x00,0x00,0x00,
  0x00,0x00,0x00,0x00,0x00,0x00,0x00,0x00,0x00,0x7D,0xFC,0x3F,
  0xFF,0x00,0x00,0x00,0x00,0x07,0xF0,0x00,0x00,0x00,0x00,0x1A,
  0x49,0x25,0x24,0xA4,0xBF,0xBD,0xB0,0x00,0x00,0x00,0x00,0x35,
  0x1C,0xEA,0x8B,0x79,0x37,0x8A,0x97,0x66,0x49,0x6A,0x13,0xB1,
  0x2D,0x0B,0x40,0x00,0x00,0x00,0x00,0x00,0x00,0x05,0x01,0x0A,
  0x09,0x10,0x22,0xA4,0x90,0xF9,0x00,0x80,0x00,0x03,0xE7,0xF0,
  0x00,0x00,0x03,0x00,0x00,0x00,0x00,0x00,0x00,0x00,0x00,0x00,
  0x00,0x00,0x00,0x00,0x00,0x00,0x00,0x00,0x00,0x00,0x00,0x00,
  0x00,0x00,0x00,0x00,0x00,0x00,0x00,0x00,0x00,0x00,0x00,0x00,
  0x00,0xF8,0x7E,0x19,0xFC,0x00,0x00,0x00,0x00,0x03,0xD0,0x00,
  0x00,0x00,0x00,0x1D,0x54,0x92,0x92,0xB2,0xD6,0xD6,0xC0,0x00,
  0x00,0x00,0x00,0x1A,0xB8,0x75,0x57,0x41,0xD4,0xF5,0x54,0x31,
  0x2A,0x84,0x63,0xBA,0x9A,0x68,0x00,0x00,0x00,0x00,0x00,0x00,
  0x00,0x44,0x44,0x54,0xA4,0x45,0x08,0x00,0x04,0xF0,0x92,0x00,
  0x04,0x07,0xD0,0xB8,0x00,0x00,0x0F,0x80,0x00,0x00,0x00,0x00,
  0x00,0x00,0x00,0x00,0x00,0x00,0x00,0x00,0x00,0x00,0x00,0x00,
  0x00,0x00,0x00,0x00,0x00,0x00,0x00,0x00,0x00,0x00,0x00,0x00,
  0x00,0x00,0x00,0x00,0x00,0xFC,0x1C,0x00,0x80,0x00,0x00,0x00,
  0x00,0x07,0xB8,0x00,0x00,0x00,0x00,0x0F,0xEA,0xAA,0x5A,0x4A,
  0x6B,0xFF,0xC0,0x00,0x00,0x00,0x00,0x3C,0xAC,0x38,0xA3,0x28,
  0xDF,0xFC,0x95,0xEA,0x2A,0x51,0x43,0x4E,0x58,0x85,0x40,0x00,
  0x00,0x00,0x00,0x00,0x02,0xBA,0x10,0x28,0x51,0x28,0x21,0x2A,
  0x93,0xA4,0x01,0x24,0x91,0x06,0x2A,0xB8,0x00,0x00,0x1D,0xC0,
  0x00,0x00,0x00,0x00,0x00,0x00,0x00,0x00,0x00,0x00,0x00,0x00,
  0x00,0x00,0x00,0x00,0x00,0x00,0x00,0x00,0x00,0x00,0x00,0x00,
  0x00,0x00,0x00,0x00,0x00,0x00,0x00,0x00,0x01,0xB8,0x00,0x00,
  0x00,0x00,0x00,0x00,0x00,0x03,0xF8,0x00,0x00,0x00,0x00,0x03,
  0xF5,0x27,0xBD,0x29,0x5F,0xBA,0xE0,0x00,0x00,0x00,0x00,0x1F,
  0x58,0x1A,0x95,0xB5,0xFF,0x8F,0x5D,0x41,0x5D,0xAC,0x83,0xAB,
  0x5C,0x9A,0x60,0x00,0x00,0x00,0x00,0x00,0x0A,0x08,0x42,0xB5,
  0x44,0x41,0x04,0x00,0x01,0xE1,0x48,0x00,0x00,0x43,0x95,0x70,
  0x00,0x00,0x0F,0x80,0x00,0x00,0x00,0x00,0x00,0x00,0x00,0x00,
  0x00,0x00,0x00,0x00,0x00,0x00,0x00,0x00,0x00,0x00,0x00,0x00,
  0x00,0x00,0x00,0x00,0x00,0x00,0x00,0x00,0x00,0x00,0x00,0x00,
  0x01,0xF0,0x00,0x00,0x00,0x00,0x00,0x00,0x00,0x03,0x70,0x00,
  0x00,0x00,0x00,0x00,0x1A,0x9F,0xFE,0xA5,0x5F,0x6F,0xC0,0x00,
  0x00,0x00,0x00,0x27,0xD8,0x1D,0x55,0xC8,0xE0,0xD6,0x76,0xD4,
  0x35,0x55,0x01,0x93,0xBA,0x95,0x80,0x00,0x00,0x00,0x00,0x00,
  0x08,0xA1,0x10,0x58,0x90,0xB4,0x20,0x92,0x48,0xEA,0x01,0x44,
  0x04,0x83,0xA2,0xC0,0x00,0x00,0x0E,0x00,0x00,0x00,0x00,0x00,
  0x00,0x00,0x00,0x00,0x00,0x00,0x00,0x00,0x00,0x00,0x00,0x00,
  0x00,0x00,0x00,0x00,0x00,0x00,0x00,0x00,0x00,0x00,0x00,0x00,
  0x00,0x00,0x00,0x00,0x00,0xD8,0x00,0x00,0x00,0x00,0x00,0x00,
  0x00,0x00,0xF0,0x00,0x00,0x00,0x00,0x00,0x1F,0x5D,0xE6,0x55,
  0xBA,0xFB,0xC0,0x00,0x00,0x00,0x00,0x0F,0xFC,0x18,0x8A,0xF0,
  0x01,0xEE,0xD7,0x83,0xFD,0x13,0x80,0xCA,0xB0,0x1A,0x00,0x00,
  0x00,0x00,0x00,0x30,0x06,0x04,0x45,0x46,0x04,0x52,0x88,0x40,
  0x22,0xA0,0x24,0x10,0x90,0x3B,0x55,0xC0,0x00,0x00,0x00,0x00,
  0x00,0x00,0x00,0x00,0x00,0x00,0x00,0x00,0x00,0x00,0x00,0x00,
  0x00,0x00,0x00,0x00,0x00,0x00,0x00,0x00,0x00,0x00,0x00,0x00,
  0x00,0x00,0x00,0x00,0x00,0x00,0x00,0x00,0x00,0xF8,0x00,0x00,
  0x00,0x00,0x00,0x00,0x00,0x00,0xF8,0x00,0x00,0x00,0x00,0x00,
  0x0F,0xFE,0x0F,0x27,0xAC,0xED,0xC0,0x00,0x00,0x00,0x00,0x06,
  0x28,0x3D,0x51,0x5F,0x41,0xD9,0x7B,0xAB,0x66,0x42,0x00,0x73,
  0x5D,0xC0,0x00,0x00,0x00,0x00,0x50,0x68,0x01,0xC1,0x02,0x80,
  0xA1,0x08,0x02,0x09,0x09,0xE9,0x00,0x80,0x01,0x3F,0x93,0xB0,
  0x00,0x00,0x00,0x00,0x00,0x00,0x00,0x00,0x00,0x00,0x00,0x00,
  0x00,0x00,0x00,0x00,0x00,0x00,0x00,0x00,0x00,0x00,0x00,0x00,
  0x00,0x00,0x00,0x00,0x00,0x00,0x00,0x00,0x00,0x00,0x00,0x00,
  0x00,0xF0,0x00,0x00,0x00,0x00,0x00,0x00,0x00,0x00,0x78,0x00,
  0x00,0x00,0x00,0x00,0x00,0xFE,0x1C,0xBE,0xEE,0x7E,0xF0,0x00,
  0x00,0x00,0x00,0x00,0x3C,0x75,0x2A,0xFB,0x63,0xB5,0xAE,0xE5,
  0xD6,0x40,0x00,0x3A,0xB6,0x00,0x00,0x00,0x00,0x00,0xDC,0x5C,
  0x00,0x50,0x2B,0x80,0x4A,0xA5,0x51,0x50,0x93,0xC0,0x48,0x20,
  0x54,0x77,0x49,0xF0,0x00,0x00,0x00,0x00,0x00,0x00,0x00,0x00,
  0x00,0x00,0x00,0x00,0x00,0x00,0x00,0x00,0x00,0x00,0x00,0x00,
  0x00,0x00,0x00,0x00,0x00,0x00,0x00,0x00,0x00,0x00,0x00,0x00,
  0x00,0x00,0x00,0x00,0x00,0xF4,0x00,0x00,0x00,0x00,0x00,0x00,
  0x00,0x00,0x50,0x00,0x00,0x00,0x00,0x00,0x00,0x0C,0x0E,0xAC,
  0xFE,0x11,0x78,0x00,0x00,0x00,0x00,0x00,0x36,0xEE,0x94,0x76,
  0xD1,0x6B,0xEA,0xE5,0xAC,0x40,0x00,0x35,0x5E,0x80,0x00,0x00,
  0x00,0x01,0x26,0x50,0x00,0x2A,0x05,0x00,0x29,0x44,0x08,0x04,
  0x06,0x88,0x02,0x09,0x03,0xC8,0xAA,0xF8,0x00,0x00,0x00,0x00,
  0x00,0x00,0x00,0x00,0x00,0x00,0x00,0x00,0x00,0x00,0x00,0x00,
  0x00,0x00,0x00,0x00,0x00,0x00,0x00,0x00,0x00,0x00,0x00,0x00,
  0x00,0x00,0x00,0x00,0x00,0x00,0x00,0x00,0x00,0xEE,0x80,0x00,
  0x00,0x00,0x00,0x00,0x00,0x00,0xF0,0x00,0x00,0x00,0x00,0x00,
  0x00,0x04,0x07,0xB8,0x1C,0x00,0x36,0x00,0x00,0x00,0x00,0x00,
  0x3F,0xBA,0xA3,0x1C,0x03,0x2F,0x39,0x53,0x5D,0x20,0x00,0x3A,
  0xA3,0x00,0x00,0x00,0x00,0x01,0x14,0x50,0x00,0x14,0xAB,0x05,
  0xD5,0x91,0x25,0xA1,0x23,0xA2,0x90,0xA0,0x9F,0xAA,0x94,0x98,
  0x00,0x00,0x00,0x00,0x00,0x00,0x00,0x00,0x00,0x00,0x00,0x00,
  0x00,0x00,0x00,0x00,0x00,0x00,0x00,0x00,0x00,0x00,0x00,0x00,
  0x00,0x00,0x00,0x00,0x00,0x00,0x00,0x00,0x00,0x00,0x00,0x00,
  0x00,0xEB,0x30,0x00,0x00,0x00,0x00,0x00,0x00,0x00,0x78,0x00,
  0x00,0x00,0x00,0x00,0x00,0x00,0x02,0x5C,0x00,0x00,0x0D,0x80,
  0x00,0x00,0x00,0x00,0x1F,0xEE,0x98,0xAE,0x7A,0x7D,0x75,0xC5,
  0xB0,0x50,0x00,0x0D,0xD5,0xA0,0x00,0x00,0x00,0x01,0x44,0x88,
  0x00,0x06,0x0B,0x0D,0x36,0x24,0x40,0x08,0x09,0x00,0x02,0x02,
  0x1C,0xA5,0x4A,0x5C,0x00,0x00,0x00,0x00,0x00,0x00,0x00,0x00,
  0x00,0x00,0x00,0x00,0x00,0x00,0x00,0x00,0x00,0x00,0x00,0x00,
  0x00,0x00,0x00,0x00,0x00,0x00,0x00,0x00,0x00,0x00,0x00,0x00,
  0x00,0x00,0x00,0x00,0x00,0xEA,0x4C,0x00,0x00,0x00,0x00,0x00,
  0x00,0x00,0x28,0x00,0x00,0x00,0x00,0x00,0x00,0x00,0x03,0xFE,
  0x00,0x00,0x03,0xC0,0x00,0x00,0x00,0x00,0x03,0x5D,0x46,0xA7,
  0xBB,0x7C,0xCB,0x13,0xBA,0x10,0x00,0x0F,0x5A,0xE0,0x00,0x00,
  0x00,0x03,0x98,0x68,0x00,0x01,0x25,0x10,0xA8,0x89,0x15,0x42,
  0x81,0x5A,0x48,0x10,0xB5,0x54,0x51,0x4F,0x00,0x00,0x00,0x00,
  0x00,0x00,0x00,0x00,0x00,0x00,0x00,0x00,0x00,0x00,0x00,0x00,
  0x00,0x00,0x00,0x00,0x00,0x00,0x00,0x00,0x00,0x00,0x00,0x00,
  0x00,0x00,0x00,0x00,0x00,0x00,0x00,0x00,0x00,0xF5,0x30,0x00,
  0x00,0x00,0x00,0x00,0x00,0x00,0x30,0x00,0x00,0x00,0x00,0x00,
  0x00,0x00,0x01,0xF7,0x0E,0x00,0x01,0xC0,0x00,0x00,0x00,0x00,
  0x01,0xFC,0xA9,0x2B,0xF9,0xCD,0x53,0x47,0x70,0x98,0x00,0x05,
  0x68,0x28,0x00,0x00,0x00,0x03,0x40,0x28,0x00,0x02,0x96,0x2A,
  0x75,0x22,0x40,0x10,0x28,0x3C,0x01,0x21,0x34,0x92,0x95,0x27,
  0x80,0x00,0x00,0x00,0x00,0x00,0x00,0x00,0x00,0x00,0x00,0x00,
  0x00,0x00,0x00,0x00,0x00,0x00,0x00,0x00,0x00,0x00,0x00,0x00,
  0x00,0x00,0x00,0x00,0x00,0x00,0x00,0x00,0x00,0x00,0x00,0x00,
  0x00,0xD5,0x00,0x00,0x00,0x00,0x00,0x00,0x00,0x00,0x28,0x00,
  0x00,0x00,0x00,0x00,0x00,0x00,0x00,0xBB,0x0F,0x00,0x00,0xFC,
  0x00,0x00,0x00,0x00,0x03,0xEA,0x54,0x90,0xDC,0x9B,0xAE,0x2E,
  0xA4,0x48,0x00,0x3F,0xC5,0x50,0x00,0x00,0x00,0x01,0x1C,0x14,
  0x00,0x02,0x16,0x20,0xB4,0x10,0x89,0x45,0x02,0x76,0x50,0x08,
  0x7D,0x4A,0x54,0xA9,0xC0,0x00,0x00,0x00,0x00,0x00,0x00,0x00,
  0x00,0x00,0x00,0x00,0x00,0x00,0x00,0x00,0x00,0x00,0x00,0x00,
  0x00,0x00,0x00,0x00,0x00,0x00,0x00,0x00,0x00,0x00,0x00,0x00,
  0x00,0x00,0x00,0x00,0x00,0x7C,0x40,0x00,0x00,0x00,0x00,0x00,
  0x00,0x00,0x38,0x00,0x00,0x00,0x00,0x00,0x00,0x00,0x00,0x1F,
  0x0E,0x00,0x01,0xBF,0x00,0x00,0x00,0x00,0x06,0xED,0x22,0xAA,
  0xDE,0xB5,0x4D,0x5C,0xE9,0x28,0x00,0xFB,0x95,0x72,0xC2,0x00,
  0x00,0x00,0xC4,0x24,0x00,0x01,0x08,0xD5,0x61,0x0A,0x40,0x10,
  0xA0,0x3E,0x04,0x85,0x3E,0x52,0xA2,0x97,0x80,0x00,0x00,0x00,
  0x00,0x00,0x00,0x00,0x00,0x00,0x00,0x00,0x00,0x00,0x00,0x00,
  0x00,0x00,0x00,0x00,0x00,0x00,0x00,0x00,0x00,0x00,0x00,0x00,
  0x00,0x00,0x00,0x00,0x00,0x00,0x00,0x00,0x00,0x78,0x00,0x00,
  0x00,0x00,0x00,0x00,0x00,0x00,0x7C,0x00,0x00,0x00,0x00,0x00,
  0x00,0x00,0x00,0x1F,0xC4,0x00,0x03,0xD7,0x80,0x00,0x00,0x00,
  0x07,0xFD,0xAA,0x4A,0x7F,0xF5,0xBA,0xB2,0x60,0x08,0x23,0xEF,
  0x20,0x43,0xF7,0x00,0x00,0x00,0x16,0x38,0x00,0x04,0xA6,0x02,
  0x68,0x54,0x3D,0x22,0x12,0x88,0xA0,0x20,0x07,0x29,0x15,0x4B,
  0x03,0x00,0x00,0x00,0x00,0x00,0x00,0x00,0x00,0x00,0x00,0x00,
  0x00,0x00,0x00,0x00,0x00,0x00,0x00,0x00,0x00,0x00,0x00,0x00,
  0x00,0x00,0x00,0x00,0x00,0x00,0x00,0x00,0x00,0x00,0x00,0x00,
  0x00,0x78,0x00,0x00,0x00,0x00,0x00,0x00,0x00,0x00,0x28,0x00,
  0x00,0x00,0x00,0x00,0x00,0x00,0x00,0x07,0xF8,0x00,0x01,0xC9,
  0x80,0x00,0x00,0x00,0x0F,0xBA,0xD5,0x52,0xAD,0xAD,0xF6,0xB5,
  0xCA,0xC8,0x03,0xBA,0x0A,0x9B,0xFF,0x80,0x00,0x00,0xC1,0x4C,
  0x00,0x04,0x14,0xAD,0xC0,0x69,0x7C,0x69,0x88,0x22,0xC4,0x89,
  0x13,0x94,0xD4,0xAE,0x02,0x80,0x00,0x00,0x00,0x00,0x00,0x00,
  0x00,0x00,0x00,0x00,0x00,0x00,0x00,0x00,0x00,0x00,0x00,0x00,
  0x00,0x00,0x00,0x00,0x00,0x00,0x00,0x00,0x00,0x00,0x00,0x00,
  0x00,0x00,0x00,0x00,0x00,0x78,0x00,0x00,0x00,0x00,0x00,0x00,
  0x00,0x00,0x78,0x00,0x00,0x00,0x00,0x00,0x00,0x00,0x00,0x07,
  0xFE,0x00,0x01,0xAF,0x00,0x00,0x00,0x00,0x07,0x6B,0xA2,0x94,
  0xB7,0xB2,0x5D,0xE5,0xA2,0x24,0x07,0xE8,0xA2,0x2F,0x3D,0xE0,
  0x00,0x00,0x25,0x6C,0x00,0x05,0x44,0x52,0x05,0xD2,0x66,0xF2,
  0x22,0x45,0xD0,0x00,0x41,0xA5,0x22,0x4C,0x42,0xE0,0x00,0x00,
  0x00,0x00,0x00,0x00,0x00,0x00,0x00,0x00,0x00,0x00,0x00,0x00,
  0x00,0x00,0x00,0x00,0x00,0x00,0x00,0x00,0x00,0x00,0x00,0x00,
  0x00,0x00,0x00,0x00,0x00,0x00,0x00,0x00,0x00,0x7C,0x00,0x00,
  0x00,0x00,0x00,0x00,0x00,0x00,0x38,0x00,0x00,0x00,0x00,0x00,
  0x00,0x00,0x00,0x00,0xF6,0x00,0x03,0xFF,0x80,0x00,0x00,0x00,
  0x00,0x7F,0xDA,0x4A,0x5F,0xFF,0xB6,0xD3,0x8C,0xA6,0xA7,0x92,
  0x15,0xFC,0xD7,0xF0,0x00,0x00,0x10,0x88,0x21,0x58,0x11,0x28,
  0x95,0x61,0xEE,0xF0,0x40,0x00,0x42,0xAA,0x05,0xAA,0x95,0x39,
  0xA6,0x58,0x00,0x00,0x00,0x00,0x00,0x00,0x00,0x00,0x00,0x00,
  0x00,0x00,0x00,0x00,0x00,0x00,0x00,0x00,0x00,0x00,0x00,0x00,
  0x00,0x00,0x00,0x00,0x00,0x00,0x00,0x00,0x00,0x00,0x00,0x00,
  0x00,0x6C,0x00,0x00,0x00,0x00,0x00,0x00,0x00,0x00,0x28,0x00,
  0x00,0x00,0x00,0x00,0x00,0x00,0x00,0x00,0x3F,0x00,0x07,0x77,
  0xC0,0x00,0x00,0x00,0x01,0xFD,0x75,0x52,0xAD,0xD4,0xDB,0xAB,
  0x2A,0x93,0xCF,0x45,0x5B,0xF7,0xFE,0xF0,0x00,0x00,0x24,0x38,
  0x57,0x42,0xA9,0x45,0x09,0x4B,0xC6,0xB2,0x09,0x54,0x90,0x00,
  0x93,0x51,0x54,0xB8,0xB4,0x8E,0x00,0x00,0x00,0x00,0x00,0x00,
  0x00,0x00,0x00,0x00,0x00,0x00,0x00,0x00,0x00,0x00,0x00,0x00,
  0x00,0x00,0x00,0x00,0x00,0x00,0x00,0x00,0x00,0x00,0x00,0x00,
  0x00,0x00,0x00,0x00,0x00,0x38,0x00,0x00,0x00,0x00,0x00,0x00,
  0x00,0x00,0x38,0x00,0x00,0x00,0x00,0x00,0x00,0x00,0x00,0x00,
  0x1F,0x80,0x0C,0xC3,0xC0,0x00,0x00,0x00,0x01,0xB3,0xDA,0xA9,
  0x2D,0xE3,0xA6,0x57,0x7C,0x83,0x6E,0x9A,0x93,0x0F,0xB4,0xF8,
  0x00,0x00,0x51,0x10,0x48,0x10,0x0A,0x82,0x2B,0xC6,0x35,0xB0,
  0x92,0x00,0x22,0x12,0x27,0x7A,0x22,0x9B,0x09,0x12,0x00,0x00,
  0x00,0x00,0x00,0x00,0x00,0x00,0x00,0x00,0x00,0x00,0x00,0x00,
  0x00,0x00,0x00,0x00,0x00,0x00,0x00,0x00,0x00,0x00,0x00,0x00,
  0x00,0x00,0x00,0x00,0x00,0x00,0x00,0x00,0x00,0x28,0x00,0x00,
  0x00,0x00,0x00,0x00,0x00,0x00,0x28,0x00,0x00,0x00,0x00,0x00,
  0x00,0x00,0x00,0x00,0x03,0xE0,0x1F,0xC3,0xE6,0x00,0x00,0x00,
  0x01,0xE7,0xFA,0x14,0x97,0xE7,0x59,0x2B,0xF5,0xD3,0x7E,0x6C,
  0xA7,0xAE,0x00,0x2C,0x00,0x00,0x28,0x50,0x4A,0x8A,0x54,0x24,
  0x92,0x93,0x8F,0x5C,0x00,0x22,0x88,0xA0,0x0B,0xEA,0xAA,0x5E,
  0x84,0x45,0x00,0x00,0x00,0x00,0x00,0x00,0x00,0x00,0x00,0x00,
  0x00,0x00,0x00,0x00,0x00,0x00,0x00,0x00,0x00,0x00,0x00,0x00,
  0x00,0x00,0x00,0x00,0x00,0x00,0x00,0x00,0x00,0x00,0x00,0x00,
  0x00,0x3C,0x00,0x00,0x00,0x00,0x00,0x00,0x00,0x00,0x38,0x00,
  0x00,0x00,0x00,0x00,0x00,0x00,0x00,0x00,0x01,0xD0,0x1B,0x81,
  0xFF,0x00,0x00,0x00,0x00,0x8E,0x5D,0x52,0xAF,0xCE,0xAA,0xAD,
  0x8F,0x51,0x96,0x53,0x1E,0xAE,0x00,0xFC,0x00,0x00,0x32,0x18,
  0x20,0x20,0x91,0x54,0x15,0x8E,0xA2,0x2A,0x4A,0x88,0x24,0x69,
  0x41,0x75,0x49,0x4C,0x41,0x13,0x05,0x80,0x00,0x00,0x00,0x00,
  0x00,0x00,0x00,0x00,0x00,0x00,0x00,0x00,0x00,0x00,0x00,0x00,
  0x00,0x00,0x00,0x00,0x00,0x00,0x00,0x00,0x00,0x00,0x00,0x00,
  0x00,0x00,0x00,0x00,0x00,0x3C,0x00,0x00,0x01,0x00,0x00,0x00,
  0x00,0x00,0x28,0x00,0x00,0x00,0x00,0x00,0x00,0x00,0x00,0x00,
  0x00,0x20,0x37,0x00,0x77,0x80,0x00,0x00,0x00,0x1B,0xBF,0xAA,
  0x43,0x8D,0x55,0x77,0x55,0xCB,0x5D,0x5F,0xFD,0x23,0x86,0xCC,
  0x00,0x00,0x0A,0xE0,0x22,0x84,0xA2,0x4A,0x9F,0x0E,0xA9,0x5C,
  0x20,0x01,0x11,0x70,0x11,0x1C,0xA5,0x39,0x94,0x41,0x4D,0x40,
  0x00,0x00,0x00,0x00,0x00,0x00,0x00,0x00,0x00,0x00,0x00,0x00,
  0x00,0x00,0x00,0x00,0x00,0x00,0x00,0x00,0x00,0x00,0x00,0x00,
  0x00,0x00,0x00,0x00,0x00,0x00,0x00,0x00,0x00,0x3C,0x00,0x00,
  0x02,0x88,0x00,0x00,0x00,0x00,0xFC,0x00,0x00,0x00,0x00,0x00,
  0x00,0x00,0x00,0x00,0x00,0x00,0x3E,0x00,0x66,0xC0,0x00,0x00,
  0x00,0x0F,0xF7,0x69,0x58,0xC6,0x92,0x7D,0xA5,0x23,0xBC,0xB5,
  0xB6,0x97,0xCF,0xEC,0x00,0x00,0x06,0x58,0x10,0x25,0x21,0x4A,
  0x1A,0x5A,0x55,0x46,0x88,0x90,0x70,0xD2,0x04,0x5E,0x2A,0xAA,
  0x41,0x17,0x69,0x80,0x00,0x00,0x00,0x00,0x00,0x00,0x00,0x00,
  0x00,0x00,0x00,0x00,0x00,0x00,0x00,0x00,0x00,0x00,0x00,0x00,
  0x00,0x00,0x00,0x00,0x00,0x00,0x00,0x00,0x00,0x00,0x00,0x00,
  0x00,0x1C,0x00,0x00,0x02,0x92,0x50,0x00,0x00,0x01,0xFC,0x00,
  0x00,0x00,0x00,0x00,0x00,0x00,0x00,0x00,0x00,0x00,0x1A,0xD0,
  0x83,0x80,0x00,0x00,0x00,0x0D,0xDB,0xFA,0x86,0xE3,0x49,0xDA,
  0x97,0x09,0xD9,0x6D,0xB7,0xA9,0xFD,0x9C,0x00,0x00,0x03,0xAC,
  0x24,0x12,0x8D,0x1A,0x5B,0x1D,0x24,0xAC,0x02,0x25,0x7A,0x70,
  0xA1,0x06,0xA4,0xAE,0x90,0x44,0x96,0x40,0x00,0x00,0x00,0x00,
  0x00,0x00,0x00,0x00,0x00,0x00,0x00,0x00,0x00,0x00,0x00,0x00,
  0x00,0x00,0x00,0x00,0x00,0x00,0x00,0x00,0x00,0x00,0x00,0x00,
  0x00,0x00,0x00,0x00,0x00,0x3C,0x00,0x00,0x01,0x55,0x00,0x00,
  0x00,0x00,0xFE,0xA0,0x00,0x00,0x00,0x00,0x00,0x00,0x00,0x00,
  0x00,0xFF,0x4D,0xFC,0x61,0x00,0x00,0x00,0x00,0x00,0xF9,0xF9,
  0x52,0x71,0xAA,0xCD,0x56,0x40,0x78,0xEE,0xDD,0xD5,0x72,0x4C,
  0x00,0x00,0x00,0xB4,0x11,0x4A,0x24,0x32,0x1E,0x4A,0x92,0xDD,
  0x48,0x00,0x78,0xD2,0x08,0x26,0x92,0x56,0x45,0x05,0x08,0x12,
  0x00,0x00,0x00,0x00,0x00,0x00,0x00,0x00,0x00,0x00,0x00,0x00,
  0x00,0x00,0x00,0x00,0x00,0x00,0x00,0x00,0x00,0x00,0x00,0x00,
  0x00,0x00,0x00,0x00,0x00,0x00,0x00,0x00,0x00,0x14,0x00,0x00,
  0x01,0x4A,0x00,0x00,0x00,0x00,0x21,0xF0,0x00,0x00,0x00,0x00,
  0x00,0x00,0x00,0x00,0x01,0xFF,0xF2,0xF6,0x50,0x00,0x00,0x00,
  0x01,0x80,0xF0,0x5C,0xA9,0x3C,0xD4,0xF7,0xAD,0x25,0x55,0x9B,
  0x5A,0xE2,0x95,0x5C,0x00,0x00,0x00,0x17,0x0C,0x14,0x94,0x65,
  0x5B,0x39,0x55,0xF8,0x01,0x24,0xAA,0x38,0x22,0x06,0x55,0x2C,
  0x90,0x5A,0xA5,0x55,0x00,0x00,0x00,0x00,0x00,0x00,0x00,0x00,
  0x00,0x00,0x00,0x00,0x00,0x00,0x00,0x00,0x00,0x00,0x00,0x00,
  0x00,0x00,0x00,0x00,0x00,0x00,0x00,0x00,0x00,0x00,0x00,0x00,
  0x00,0x1E,0x00,0x00,0x00,0x00,0x00,0x00,0x00,0x00,0x01,0xF8,
  0x00,0x00,0x00,0x00,0x00,0x00,0x00,0x00,0x07,0x49,0xFE,0x5F,
  0x28,0x00,0x00,0x00,0x03,0xC0,0x20,0x1A,0x4A,0x8C,0x6A,0xFC,
  0xAC,0x81,0x53,0xD6,0xAB,0x5A,0xA9,0x2C,0x00,0x80,0x00,0x0B,
  0x05,0x48,0x50,0x48,0x1B,0x34,0x93,0xA9,0x54,0x08,0x7C,0x7C,
  0x88,0xAF,0xA9,0x5C,0x45,0x12,0x0A,0xA4,0x00,0x00,0x00,0x00,
  0x00,0x00,0x00,0x00,0x00,0x00,0x00,0x00,0x00,0x00,0x00,0x00,
  0x00,0x00,0x00,0x00,0x00,0x00,0x00,0x00,0x00,0x00,0x00,0x00,
  0x00,0x00,0x00,0x00,0x00,0x1C,0x00,0x00,0x00,0x00,0x00,0x00,
  0x00,0x00,0x00,0xDC,0x00,0x00,0x00,0x00,0x00,0x00,0x00,0x00,
  0x0E,0xA5,0x1F,0x27,0x84,0x00,0x00,0x00,0x01,0xE0,0x03,0x1D,
  0x29,0x56,0x32,0x15,0x46,0x54,0xBE,0x55,0xA0,0xB2,0x54,0xDC,
  0x03,0xC0,0x00,0x0C,0xC6,0x2A,0x20,0x54,0x5B,0xF5,0x4A,0x00,
  0x00,0xA2,0x68,0xAC,0x00,0x02,0xA5,0x38,0xA0,0x44,0x41,0x01,
  0x00,0x00,0x00,0x00,0x00,0x00,0x00,0x00,0x00,0x00,0x00,0x00,
  0x00,0x00,0x00,0x00,0x00,0x00,0x00,0x00,0x00,0x00,0x00,0x00,
  0x00,0x00,0x00,0x00,0x00,0x00,0x00,0x00,0x00,0x1E,0x00,0x00,
  0x00,0x00,0x00,0x00,0x00,0x00,0x00,0x76,0x00,0x00,0x00,0x00,
  0x00,0x00,0x00,0x00,0x1D,0x2A,0xA7,0x7B,0xC8,0x00,0x00,0x00,
  0x02,0xC0,0x01,0x99,0x4A,0x56,0x3D,0xEA,0xAF,0xA2,0x53,0x4B,
  0x5A,0x55,0x53,0x7C,0x03,0x70,0x00,0x05,0x01,0x60,0x90,0xD2,
  0x3B,0xCA,0x55,0xAA,0xA4,0x09,0x6C,0x3D,0x44,0x92,0xD4,0x8E,
  0x15,0x28,0x10,0x2A,0x00,0x00,0x00,0x00,0x00,0x00,0x00,0x00,
  0x00,0x00,0x00,0x00,0x00,0x00,0x00,0x00,0x00,0x00,0x00,0x00,
  0x00,0x00,0x00,0x00,0x00,0x00,0x00,0x00,0x00,0x00,0x00,0x00,
  0x00,0x1E,0x00,0x00,0x00,0x00,0x00,0x00,0x00,0x00,0x00,0x6E,
  0x00,0x00,0x00,0x00,0x00,0x00,0x00,0x00,0x18,0x92,0x53,0x7F,
  0xE0,0x00,0x00,0x00,0x00,0x00,0x01,0x74,0xA5,0x2B,0x3A,0x96,
  0x5B,0xC9,0x76,0xF6,0xA9,0x34,0x89,0xAA,0x01,0xD0,0x00,0x02,
  0x80,0x12,0x20,0x51,0x19,0x29,0x25,0xC0,0x10,0xBC,0x6D,0x76,
  0x10,0x07,0x92,0xAE,0x40,0x81,0x05,0x00,0x00,0x00,0x00,0x00,
  0x00,0x00,0x00,0x00,0x00,0x00,0x00,0x00,0x00,0x00,0x00,0x00,
  0x00,0x00,0x00,0x00,0x00,0x00,0x00,0x00,0x00,0x00,0x00,0x00,
  0x00,0x00,0x00,0x00,0x00,0x1E,0x00,0x00,0x00,0x00,0x00,0x00,
  0x00,0x00,0x00,0x36,0x00,0x00,0x00,0x00,0x00,0x00,0x00,0x00,
  0x1D,0x55,0x2B,0x6D,0xE0,0x00,0x00,0x00,0x00,0x00,0x00,0xB5,
  0x29,0x4B,0x6A,0x45,0x49,0x65,0xB7,0xBD,0x22,0x65,0x54,0xD2,
  0x05,0xCA,0x00,0x02,0x80,0x29,0x70,0x41,0x74,0xA5,0x52,0x6A,
  0xA2,0x37,0x6C,0x37,0x02,0x52,0x4A,0x57,0x52,0x24,0x50,0x4A,
  0x00,0x00,0x00,0x00,0x00,0x00,0x00,0x00,0x00,0x00,0x00,0x00,
  0x00,0x00,0x00,0x00,0x00,0x00,0x00,0x00,0x00,0x00,0x00,0x00,
  0x00,0x00,0x00,0x00,0x00,0x00,0x00,0x00,0x00,0x1E,0x00,0x00,
  0x00,0x00,0x00,0x00,0x00,0x00,0x00,0x7C,0x00,0x00,0x00,0x00,
  0x00,0x00,0x00,0x00,0x1A,0x91,0x4B,0x66,0xF0,0x00,0x00,0x00,
  0x00,0x01,0x01,0x6A,0x94,0xA7,0x5D,0x55,0x55,0x72,0xAD,0xEA,
  0x48,0xB2,0x52,0xC9,0x48,0x91,0x00,0x01,0x00,0x25,0x80,0x20,
  0x1A,0x94,0x95,0x60,0x88,0xB6,0xB6,0x33,0x48,0x07,0xA9,0x4B,
  0x08,0x81,0x02,0x02,0x00,0x00,0x00,0x00,0x00,0x00,0x00,0x00,
  0x00,0x00,0x00,0x00,0x00,0x00,0x00,0x00,0x00,0x00,0x00,0x00,
  0x00,0x00,0x00,0x00,0x00,0x00,0x00,0x00,0x00,0x00,0x00,0x00,
  0x00,0x1E,0x00,0x00,0x00,0x00,0x00,0x00,0x00,0x00,0x00,0x78,
  0x00,0x00,0x00,0x00,0x00,0x00,0x00,0x00,0x0D,0x4A,0x57,0xF7,
  0xF0,0x00,0x00,0x00,0x00,0x03,0xC0,0xE9,0x52,0x93,0xFF,0xB7,
  0x57,0x63,0x7A,0x57,0x22,0x75,0x2A,0x7A,0x80,0x06,0x80,0x00,
  0x00,0x58,0x00,0x00,0x5E,0xD7,0x49,0xD5,0x10,0x6B,0xDC,0xB6,
  0x01,0x21,0x97,0xA5,0xA2,0x28,0x48,0xA9,0x00,0x00,0x00,0x00,
  0x00,0x00,0x00,0x00,0x00,0x00,0x00,0x00,0x00,0x00,0x00,0x00,
  0x00,0x00,0x00,0x00,0x00,0x00,0x00,0x00,0x00,0x00,0x00,0x00,
  0x00,0x00,0x00,0x00,0x00,0x1E,0x00,0x00,0x00,0x00,0x00,0x00,
  0x00,0x00,0x00,0x50,0x00,0x00,0x00,0x00,0x00,0x00,0x00,0x00,
  0x06,0x55,0x23,0x53,0x70,0x00,0x00,0x00,0x00,0x07,0xF3,0xD4,
  0x8A,0x54,0xFC,0xEF,0xDA,0xF5,0x55,0x52,0xC9,0x34,0x95,0x5D,
  0xC0,0x01,0x00,0x00,0x20,0x60,0x00,0x00,0x1B,0x6F,0x2A,0xD2,
  0x22,0x65,0xCD,0xF7,0x48,0x12,0xCF,0xD2,0xC8,0x82,0x02,0x00,
  0x00,0x00,0x00,0x00,0x00,0x00,0x00,0x00,0x00,0x00,0x00,0x00,
  0x00,0x00,0x00,0x00,0x00,0x00,0x00,0x00,0x00,0x00,0x00,0x00,
  0x00,0x00,0x00,0x00,0x00,0x00,0x00,0x00,0x00,0x1E,0x00,0x00,
  0x00,0x00,0x00,0x00,0x00,0x00,0x00,0x6C,0x00,0x00,0x00,0x00,
  0x00,0x00,0x00,0x00,0x03,0x52,0x97,0xE9,0xBE,0x00,0x00,0x00,
  0x00,0x1E,0x7F,0xA2,0x69,0x4A,0xDA,0x16,0xD5,0xC5,0xF5,0x6B,
  0xAE,0x1A,0xA7,0xA6,0xC0,0x01,0x40,0x00,0x70,0x00,0x00,0x00,
  0x1D,0x7F,0x53,0x94,0x88,0x72,0x2F,0xD3,0x10,0x81,0xAC,0xD5,
  0xD2,0x50,0x90,0x24,0x00,0x00,0x00,0x00,0x00,0x00,0x00,0x00,
  0x00,0x00,0x00,0x00,0x00,0x00,0x00,0x00,0x00,0x00,0x00,0x00,
  0x00,0x00,0x00,0x00,0x00,0x00,0x00,0x00,0x00,0x00,0x00,0x00,
  0x00,0x1E,0x00,0x00,0x00,0x00,0x00,0x00,0x00,0x00,0x00,0x33,
  0x80,0x00,0x00,0x00,0x00,0x00,0x00,0x00,0x03,0xAC,0xAB,0xCB,
  0xBF,0x00,0x00,0x00,0x00,0x3E,0x9E,0x95,0x15,0x25,0xB5,0xAB,
  0xD5,0x92,0x2A,0xFA,0xFF,0xAC,0x98,0xBE,0x60,0x16,0x00,0x00,
  0x70,0x00,0x00,0x00,0x0F,0xB9,0xDB,0x2C,0x42,0x35,0x52,0x55,
  0x82,0x24,0xDC,0xF8,0xC9,0x04,0x04,0x82,0x00,0x00,0x00,0x00,
  0x00,0x00,0x00,0x00,0x00,0x00,0x00,0x00,0x00,0x00,0x00,0x00,
  0x00,0x00,0x00,0x00,0x00,0x00,0x00,0x00,0x00,0x00,0x00,0x00,
  0x00,0x00,0x00,0x00,0x00,0x1E,0x20,0x00,0x00,0x00,0x00,0x00,
  0x00,0x00,0x00,0x06,0xE0,0x00,0x00,0x00,0x00,0x00,0x00,0x00,
  0x01,0xDE,0x96,0xE4,0xF3,0x00,0x00,0x00,0x00,0x1D,0x5A,0xEA,
  0xA4,0xA9,0xA9,0x57,0xFB,0x4B,0xF5,0x8F,0xB3,0xCF,0x4D,0x5D,
  0xE0,0x0E,0x80,0x00,0x20,0x00,0x00,0x00,0x06,0xDB,0xFF,0x49,
  0x20,0xB2,0x8A,0xA5,0xC8,0x01,0xCD,0xEE,0xE2,0x49,0x21,0x10,
  0x00,0x00,0x00,0x00,0x00,0x00,0x00,0x00,0x00,0x00,0x00,0x00,
  0x00,0x00,0x00,0x00,0x00,0x00,0x00,0x00,0x00,0x00,0x00,0x00,
  0x00,0x00,0x00,0x00,0x00,0x00,0x00,0x00,0x00,0x1F,0x72,0x00,
  0x00,0x00,0x00,0x00,0x00,0x00,0x00,0x03,0xF0,0x00,0x00,0x00,
  0x00,0x00,0x00,0x00,0x00,0x7B,0x4E,0xD2,0xFB,0x80,0x00,0x00,
  0x00,0x0E,0x4F,0xE4,0x92,0x94,0xAA,0x4A,0x3D,0xEA,0x3F,0x43,
  0x49,0xA7,0xA6,0xBB,0x60,0x05,0x00,0x00,0x00,0x00,0x00,0x00,
  0x00,0x01,0x7F,0x98,0x4A,0x1A,0x69,0x29,0xC2,0xA8,0xEC,0x4D,
  0x94,0x10,0x10,0x44,0x00,0x00,0x00,0x00,0x00,0x00,0x00,0x00,
  0x00,0x00,0x00,0x00,0x00,0x00,0x00,0x00,0x00,0x00,0x00,0x00,
  0x00,0x00,0x00,0x00,0x00,0x00,0x00,0x00,0x00,0x00,0x00,0x00,
  0x00,0x19,0xFF,0x40,0x00,0x00,0x00,0x00,0x00,0x00,0x01,0x40,
  0xD8,0x00,0x00,0x00,0x00,0x00,0x00,0x00,0x00,0x6D,0xAE,0xD5,
  0x65,0x80,0x00,0x00,0x00,0x07,0xD7,0xB5,0x54,0xA5,0xA9,0x25,
  0xFF,0x63,0xD5,0x5E,0xAB,0x41,0xF3,0x4E,0xB0,0x07,0x80,0x00,
  0x00,0x00,0x00,0x00,0x00,0xA8,0x06,0x12,0x00,0x99,0x14,0x94,
  0x70,0x02,0x9D,0x27,0xC4,0x84,0x8A,0x11,0x00,0x00,0x00,0x00,
  0x00,0x00,0x00,0x00,0x00,0x00,0x00,0x00,0x00,0x00,0x00,0x00,
  0x00,0x00,0x00,0x00,0x00,0x00,0x00,0x00,0x00,0x00,0x00,0x00,
  0x00,0x00,0x00,0x00,0x00,0x0F,0xEE,0x00,0x00,0x00,0x00,0x00,
  0x00,0x00,0x06,0xC5,0xB8,0x00,0x00,0x00,0x00,0x00,0x00,0x00,
  0x00,0x3F,0xA6,0xC9,0x53,0xC0,0x00,0x00,0x00,0x07,0xE8,0xD4,
  0x92,0x52,0xAA,0xAF,0x1F,0xB7,0x7A,0x32,0x96,0x94,0x69,0x2A,
  0xF8,0x03,0xC0,0x00,0x00,0x00,0x00,0x00,0x00,0x90,0x4A,0x31,
  0x54,0x75,0x4A,0xA5,0x75,0x4D,0xFC,0x8B,0x14,0x90,0x41,0x42,
  0x00,0x00,0x00,0x00,0x00,0x00,0x00,0x00,0x00,0x00,0x00,0x00,
  0x00,0x00,0x00,0x00,0x00,0x00,0x00,0x00,0x00,0x00,0x00,0x00,
  0x00,0x00,0x00,0x00,0x00,0x00,0x00,0x00,0x00,0x0E,0x97,0xE0,
  0x00,0x00,0x00,0x00,0x00,0x00,0x0F,0xFD,0xD8,0x00,0x00,0x00,
  0x00,0x00,0x00,0x00,0x00,0x1F,0x6F,0xD4,0x94,0xE0,0x00,0x00,
  0x00,0x00,0xF5,0x7A,0x4A,0x94,0xB4,0x92,0xB9,0xF6,0xB2,0xAF,
  0x4D,0xF5,0x34,0xA7,0x58,0x03,0x00,0x00,0x00,0x00,0x00,0x00,
  0x01,0x20,0x08,0x28,0x41,0x34,0xA4,0x92,0xB2,0x94,0x42,0x00,
  0x95,0x25,0x14,0x08,0x00,0x00,0x00,0x00,0x00,0x00,0x00,0x00,
  0x00,0x00,0x00,0x00,0x00,0x00,0x00,0x00,0x00,0x00,0x00,0x00,
  0x00,0x00,0x00,0x00,0x00,0x00,0x00,0x00,0x00,0x00,0x00,0x00,
  0x00,0x0F,0xF6,0xE0,0x00,0x00,0x00,0x00,0x00,0x00,0x1E,0xFE,
  0xF0,0x00,0x00,0x00,0x00,0x00,0x00,0x00,0x00,0x1F,0xFF,0xA5,
  0x4A,0x60,0x00,0x00,0x00,0x00,0x32,0xBF,0x55,0x4E,0xFD,0x4A,
  0x59,0xBE,0xE4,0x79,0xB7,0x78,0x9A,0x95,0x5E,0x00,0x00,0x00,
  0x00,0x00,0x00,0x00,0x01,0x40,0x4A,0x62,0x48,0x35,0x52,0x54,
  0x54,0x8A,0x28,0x48,0x20,0x08,0x41,0x20,0x00,0x00,0x00,0x00,
  0x00,0x00,0x00,0x00,0x00,0x00,0x00,0x00,0x00,0x00,0x00,0x00,
  0x00,0x00,0x00,0x00,0x00,0x00,0x00,0x00,0x00,0x00,0x00,0x00,
  0x00,0x00,0x00,0x00,0x00,0x0F,0x59,0x30,0x00,0x00,0x00,0x00,
  0x00,0x00,0x1F,0xD7,0xE0,0x00,0x00,0x00,0x00,0x00,0x00,0x00,
  0x00,0x00,0xD7,0x52,0x25,0x70,0x00,0x00,0x00,0x00,0x79,0x5B,
  0x24,0x5F,0xD7,0x29,0x3D,0xDA,0x92,0x92,0xCA,0x8E,0x3F,0x53,
  0x6C,0x00,0x00,0x00,0x08,0x00,0x00,0x00,0x02,0xC0,0x0A,0x29,
  0x52,0x72,0x2A,0xAA,0xB4,0xC5,0x01,0x02,0x8A,0xAA,0x10,0x0A,
  0x00,0x00,0x00,0x00,0x00,0x00,0x00,0x00,0x00,0x00,0x00,0x00,
  0x00,0x00,0x00,0x00,0x00,0x00,0x00,0x00,0x00,0x00,0x00,0x00,
  0x00,0x00,0x00,0x00,0x00,0x00,0x00,0x00,0x00,0x05,0xED,0x70,
  0x00,0x00,0x00,0x00,0x00,0x00,0x0A,0x6D,0x70,0x00,0x00,0x00,
  0x00,0x00,0x00,0x00,0x00,0x0F,0xAD,0x15,0x52,0xB0,0x00,0x00,
  0x00,0x00,0x34,0x9F,0xAA,0xBB,0xDB,0x55,0x59,0xB5,0xC1,0x28,
  0xB5,0x57,0x89,0xAB,0x2C,0x00,0x00,0x00,0x1C,0x00,0x00,0x00,
  0x01,0x00,0x14,0x28,0x48,0x35,0x49,0x22,0x72,0x50,0x52,0x20,
  0x20,0x0A,0x85,0x40,0x00,0x00,0x00,0x00,0x00,0x00,0x00,0x00,
  0x00,0x00,0x00,0x00,0x00,0x00,0x00,0x00,0x00,0x00,0x00,0x00,
  0x00,0x00,0x00,0x00,0x00,0x00,0x00,0x00,0x00,0x00,0x00,0x00,
  0x00,0x06,0x96,0xB0,0x00,0x00,0x00,0x00,0x00,0x00,0x1E,0x7F,
  0xE0,0x00,0x00,0x00,0x00,0x00,0x00,0x00,0x00,0x0F,0xFE,0xA4,
  0xA9,0x38,0x00,0x00,0x00,0x00,0x36,0x42,0xA4,0xB0,0xCD,0xA4,
  0xBB,0xA5,0x94,0x95,0xD4,0x92,0xD5,0xA6,0xD0,0x00,0x00,0x00,
  0x1F,0x00,0x00,0x00,0x00,0x00,0x14,0x15,0x55,0x32,0xA5,0x55,
  0x31,0x04,0x00,0x0A,0x04,0xAA,0x20,0x14,0x00,0x00,0x00,0x00,
  0x00,0x00,0x00,0x00,0x00,0x00,0x00,0x00,0x00,0x00,0x00,0x00,
  0x00,0x00,0x00,0x00,0x00,0x00,0x00,0x00,0x00,0x00,0x00,0x00,
  0x00,0x00,0x00,0x00,0x00,0x07,0x6F,0x70,0x00,0x00,0x00,0x00,
  0x00,0x00,0x0F,0x9A,0x40,0x00,0x00,0x00,0x00,0x00,0x00,0x00,
  0x00,0x18,0xFF,0x92,0x96,0x98,0x00,0x00,0x00,0x00,0x35,0x5A,
  0xAA,0x58,0x26,0xF2,0x53,0x57,0x12,0x89,0xAA,0xAA,0xD3,0x5B,
  0x78,0x00,0x00,0x00,0x0F,0xD0,0x00,0x00,0x00,0x00,0x14,0x04,
  0x28,0x5A,0x54,0x97,0xF8,0xC2,0x95,0x40,0x90,0x08,0x8A,0x80,
  0x00,0x00,0x00,0x00,0x00,0x00,0x00,0x00,0x00,0x00,0x00,0x00,
  0x00,0x00,0x00,0x00,0x00,0x00,0x00,0x00,0x00,0x00,0x00,0x00,
  0x00,0x00,0x00,0x00,0x00,0x00,0x00,0x00,0x00,0x07,0x6F,0xB0,
  0x00,0x00,0x00,0x00,0x00,0x01,0x8F,0xC0,0x00,0x00,0x00,0x00,
  0x00,0x00,0x00,0x00,0x00,0x0E,0x1D,0xD5,0x5E,0x58,0x00,0x00,
  0x00,0x00,0x1A,0xB7,0xC9,0x78,0x02,0x7A,0xF3,0x96,0xAD,0x53,
  0x55,0x49,0x69,0xED,0x58,0x00,0x00,0x00,0x0D,0xF8,0x00,0x00,
  0x00,0x01,0x22,0x05,0x4A,0x35,0x25,0x4F,0xE0,0x48,0x00,0x14,
  0x02,0x82,0x00,0x2A,0x00,0x00,0x00,0x00,0x00,0x00,0x00,0x00,
  0x00,0x00,0x00,0x00,0x00,0x00,0x00,0x00,0x00,0x00,0x00,0x00,
  0x00,0x00,0x00,0x00,0x00,0x00,0x00,0x00,0x00,0x00,0x00,0x00,
  0x00,0x07,0x37,0x7C,0x00,0x00,0x00,0x00,0x00,0x07,0x47,0xC0,
  0x00,0x00,0x00,0x00,0x00,0x00,0x00,0x00,0x00,0x07,0x5D,0xD4,
  0x7F,0xB8,0x00,0x00,0x00,0x00,0x1E,0x5B,0xD5,0xF0,0x03,0xDC,
  0x68,0xD6,0xAA,0xA7,0x49,0x54,0xD9,0xFF,0xF0,0x00,0x00,0x00,
  0x06,0x2C,0x00,0x00,0x00,0x00,0x88,0x08,0x89,0x72,0x92,0x2E,
  0x40,0x42,0x48,0x81,0x48,0x21,0xAD,0x10,0x00,0x00,0x00,0x00,
  0x00,0x00,0x00,0x00,0x00,0x00,0x00,0x00,0x00,0x00,0x00,0x00,
  0x00,0x00,0x00,0x00,0x00,0x00,0x00,0x00,0x00,0x00,0x00,0x00,
  0x00,0x00,0x00,0x00,0x00,0x02,0xD6,0xBC,0x00,0x00,0x00,0x00,
  0x00,0x6F,0x87,0x80,0x00,0x00,0x00,0x00,0x00,0x00,0x00,0x00,
  0x00,0x03,0x4E,0xCA,0xE1,0xF0,0x00,0x00,0x00,0x00,0x1A,0xAE,
  0x72,0xA0,0x01,0x4D,0xF7,0xA6,0x58,0xDD,0xEA,0x92,0x3F,0x41,
  0xF8,0x00,0x00,0x00,0x07,0x78,0x00,0x00,0x00,0x04,0x24,0x0A,
  0x95,0x69,0x55,0x56,0x00,0xA0,0x82,0x10,0x01,0x0B,0xB6,0x7D,
  0x00,0x00,0x00,0x00,0x00,0x00,0x00,0x00,0x00,0x00,0x00,0x00,
  0x00,0x00,0x00,0x00,0x00,0x00,0x00,0x00,0x00,0x00,0x00,0x00,
  0x00,0x00,0x00,0x00,0x00,0x00,0x00,0x00,0x00,0x03,0x8B,0x78,
  0x00,0x00,0x80,0x00,0x00,0xFD,0x85,0x00,0x00,0x00,0x00,0x00,
  0x00,0x00,0x00,0x00,0x00,0x01,0xA7,0xD1,0x60,0x20,0x00,0x00,
  0x00,0x00,0x0D,0xFE,0x3D,0xF8,0x00,0xE7,0xE6,0x9D,0x4F,0xDF,
  0x69,0x4A,0xA7,0x74,0x7C,0x00,0x00,0x00,0x06,0xF0,0x00,0x00,
  0x00,0x0A,0x92,0x10,0x4A,0x74,0x92,0x96,0x00,0x55,0x20,0x44,
  0xA8,0x26,0xFA,0xBC,0x00,0x00,0x00,0x00,0x00,0x00,0x00,0x00,
  0x00,0x00,0x00,0x00,0x00,0x00,0x00,0x00,0x00,0x00,0x00,0x00,
  0x00,0x00,0x00,0x00,0x00,0x00,0x00,0x00,0x00,0x00,0x00,0x00,
  0x00,0x03,0xE2,0xB0,0x00,0x01,0x40,0x10,0x01,0xB2,0xE7,0x00,
  0x00,0x00,0x00,0x00,0x00,0x00,0x00,0x00,0x00,0x00,0xEB,0x4A,
  0x61,0xE0,0x00,0x00,0x00,0x00,0x0F,0x74,0x1F,0xD8,0x00,0xC3,
  0x2E,0xAD,0x2E,0x9A,0x34,0xA9,0x56,0xB8,0xEC,0x00,0x00,0x00,
  0x17,0x80,0x00,0x00,0x00,0x14,0x11,0x15,0x0F,0x3A,0x49,0x4E,
  0x00,0x20,0x09,0x00,0x02,0x06,0x9B,0x7A,0x00,0x00,0x00,0x00,
  0x00,0x00,0x00,0x00,0x00,0x00,0x00,0x00,0x00,0x00,0x00,0x00,
  0x00,0x00,0x00,0x00,0x00,0x00,0x00,0x00,0x00,0x00,0x00,0x00,
  0x00,0x00,0x00,0x00,0x00,0x01,0x95,0xE0,0x00,0x02,0x80,0x3C,
  0x00,0xD5,0xEB,0x00,0x00,0x00,0x00,0x00,0x00,0x00,0x00,0x00,
  0x00,0x00,0x75,0x55,0x63,0xC0,0x00,0x00,0x00,0x00,0x07,0xD0,
  0x07,0xDC,0x00,0x41,0x15,0x3D,0x64,0x9D,0x73,0x24,0x8F,0xDC,
  0xD6,0x00,0x00,0x00,0x3D,0x80,0x00,0x00,0x00,0x14,0x09,0xB2,
  0x84,0x1A,0xAA,0x27,0x00,0x4A,0xA0,0x52,0x41,0x63,0x47,0xEA,
  0x00,0x00,0x00,0x00,0x00,0x00,0x00,0x00,0x00,0x00,0x00,0x00,
  0x00,0x00,0x00,0x00,0x00,0x00,0x00,0x00,0x00,0x00,0x00,0x00,
  0x00,0x00,0x00,0x00,0x00,0x00,0x00,0x00,0x00,0x01,0xC2,0xE0,
  0x00,0x00,0x00,0x3F,0x80,0xED,0xC2,0x00,0x00,0x00,0x00,0x00,
  0x00,0x00,0x00,0x00,0x00,0x00,0x3A,0x92,0xC3,0x80,0x00,0x00,
  0x00,0x00,0x03,0xF0,0x00,0xFA,0x00,0x03,0x9C,0x98,0x81,0x1A,
  0x37,0xD2,0xFD,0xEA,0xCF,0x00,0x00,0x00,0x35,0xC0,0x00,0x00,
  0x00,0x18,0x0D,0xDD,0x04,0x1A,0x52,0xAB,0x00,0x50,0x0A,0x00,
  0x12,0xB6,0xA9,0x3F,0x00,0x00,0x00,0x00,0x00,0x00,0x00,0x00,
  0x00,0x00,0x00,0x00,0x00,0x00,0x00,0x00,0x00,0x00,0x00,0x00,
  0x00,0x00,0x00,0x00,0x00,0x00,0x00,0x00,0x00,0x00,0x00,0x00,
  0x00,0x01,0xD9,0x60,0x00,0x00,0x00,0x73,0xC0,0x77,0x00,0x00,
  0x00,0x00,0x00,0x00,0x00,0x00,0x00,0x00,0x00,0x00,0x1C,0x49,
  0xC2,0x80,0x00,0x00,0x00,0x00,0x01,0xF8,0x00,0x7D,0x00,0x02,
  0x8F,0x5C,0x40,0x31,0x5A,0xCB,0x78,0x7A,0xEF,0x00,0x00,0x00,
  0x32,0x80,0x00,0x00,0x00,0x10,0x43,0x5E,0x00,0x35,0xE9,0x53,
  0x80,0x29,0x41,0x4A,0x83,0xFE,0x94,0x85,0x00,0x00,0x00,0x00,
  0x00,0x00,0x00,0x00,0x00,0x00,0x00,0x00,0x00,0x00,0x00,0x00,
  0x00,0x00,0x00,0x00,0x00,0x00,0x00,0x00,0x00,0x00,0x00,0x00,
  0x00,0x00,0x00,0x00,0x00,0x01,0xD2,0xA0,0x00,0x00,0x02,0xEA,
  0xF0,0xFE,0x00,0x00,0x00,0x00,0x00,0x00,0x00,0x00,0x00,0x00,
  0x00,0x00,0x0F,0x55,0xC3,0xC0,0x00,0x00,0x00,0x00,0x00,0x68,
  0x00,0x1E,0x00,0x03,0x96,0x58,0x00,0xEA,0x6E,0xEB,0xC0,0x6D,
  0xDD,0x00,0x00,0x00,0x75,0xC0,0x00,0x00,0x00,0x00,0x61,0xF6,
  0x00,0x37,0xF5,0x2B,0x80,0x15,0xE8,0x00,0x28,0x9A,0x52,0xB4,
  0x00,0x00,0x00,0x00,0x00,0x00,0x00,0x00,0x00,0x00,0x00,0x00,
  0x00,0x00,0x00,0x00,0x00,0x00,0x00,0x00,0x00,0x00,0x00,0x00,
  0x00,0x00,0x00,0x00,0x00,0x00,0x00,0x00,0x00,0x00,0xD0,0x60,
  0x00,0x00,0x0F,0xC9,0x38,0x7B,0x00,0x00,0x00,0x00,0x00,0x00,
  0x00,0x00,0x00,0x00,0x00,0x00,0x07,0x4A,0x83,0xF0,0x00,0x00,
  0x00,0x00,0x00,0x30,0x00,0x0F,0x80,0x06,0xC3,0x58,0x81,0x80,
  0xDD,0x3B,0x20,0x02,0xFB,0x00,0x00,0x00,0x3A,0x80,0x00,0x00,
  0x00,0x00,0xF7,0x76,0x00,0x3E,0x3A,0x8B,0x00,0x1B,0x12,0x91,
  0x1C,0xE9,0x4A,0x4A,0x00,0x00,0x00,0x00,0x00,0x00,0x00,0x00,
  0x00,0x00,0x00,0x00,0x00,0x00,0x00,0x00,0x00,0x00,0x00,0x00,
  0x00,0x00,0x00,0x00,0x00,0x00,0x00,0x00,0x00,0x00,0x00,0x00,
  0x00,0x00,0xEA,0xA0,0x00,0x00,0x1F,0xA4,0xEC,0x0F,0x00,0x00,
  0x00,0x00,0x00,0x00,0x00,0x00,0x00,0x00,0x00,0x00,0x01,0xA9,
  0xC3,0xFC,0x00,0x00,0x00,0x00,0x00,0x00,0x00,0x07,0x80,0x03,
  0x83,0x79,0x01,0xB5,0xFC,0xBC,0x80,0x00,0x7B,0x00,0x00,0x00,
  0x0D,0x80,0x00,0x00,0x00,0x00,0xFE,0x8C,0x00,0x1C,0x34,0x6E,
  0x00,0x0C,0x20,0x04,0x5A,0x7A,0xA5,0x25,0x00,0x00,0x00,0x00,
  0x00,0x00,0x00,0x00,0x00,0x00,0x00,0x00,0x00,0x00,0x00,0x00,
  0x00,0x00,0x00,0x00,0x00,0x00,0x00,0x00,0x00,0x00,0x00,0x00,
  0x00,0x00,0x00,0x00,0x00,0x00,0xF2,0xA0,0x00,0x00,0xB8,0xAA,
  0x5C,0x6B,0x00,0x00,0x00,0x00,0x00,0x00,0x00,0x00,0x00,0x00,
  0x00,0x00,0x00,0xD5,0xC1,0x97,0x1C,0x00,0x00,0x00,0x00,0x00,
  0x00,0x01,0xE0,0x03,0xCB,0x60,0x03,0x60,0xEA,0x46,0xC0,0x00,
  0x1A,0x80,0x00,0x00,0x37,0x00,0x00,0x00,0x00,0x00,0x7A,0x5C,
  0x00,0x08,0x33,0xFC,0x00,0x00,0x19,0x20,0x7C,0x8D,0x14,0xAB,
  0x00,0x00,0x00,0x00,0x00,0x00,0x00,0x00,0x00,0x00,0x00,0x00,
  0x00,0x00,0x00,0x00,0x00,0x00,0x00,0x00,0x00,0x00,0x00,0x00,
  0x00,0x00,0x00,0x00,0x00,0x00,0x00,0x00,0x00,0x00,0x55,0x60,
  0x00,0x01,0xD5,0x25,0x5E,0x9F,0x00,0x00,0x00,0x00,0x00,0x00,
  0x00,0x00,0x00,0x00,0x00,0x00,0x00,0x64,0xC0,0xFF,0x7E,0x00,
  0x00,0x00,0x04,0x00,0x00,0x01,0xB0,0x01,0x07,0xEA,0x02,0x9A,
  0x91,0x90,0x60,0x00,0x03,0x00,0x00,0x00,0x1A,0x00,0x00,0x00,
  0x00,0x00,0x1F,0x78,0x00,0x00,0x7F,0xF0,0x00,0x00,0x08,0x89,
  0x76,0x56,0xAA,0x96,0x00,0x00,0x00,0x00,0x00,0x00,0x00,0x00,
  0x00,0x00,0x00,0x00,0x00,0x00,0x00,0x00,0x00,0x00,0x00,0x00,
  0x00,0x00,0x00,0x00,0x00,0x00,0x00,0x00,0x00,0x00,0x00,0x00,
  0x00,0x00,0x76,0xD0,0x00,0x17,0xFC,0x94,0xFE,0x2F,0x00,0x00,
  0x00,0x00,0x00,0x00,0x00,0x00,0x00,0x00,0x00,0x00,0x00,0x35,
  0xC0,0x6F,0xF6,0x00,0x00,0x00,0x0E,0x00,0x00,0x00,0x68,0x00,
  0x03,0x50,0x05,0x41,0x68,0x5B,0x40,0x00,0x01,0x00,0x00,0x00,
  0x16,0x00,0x00,0x00,0x00,0x00,0x07,0xF0,0x00,0x00,0x3C,0x00,
  0x00,0x00,0x12,0x02,0x3F,0x1E,0x49,0x4A,0x00,0x00,0x00,0x00,
  0x00,0x00,0x00,0x00,0x00,0x00,0x00,0x00,0x00,0x00,0x00,0x00,
  0x00,0x00,0x00,0x00,0x00,0x00,0x00,0x00,0x00,0x00,0x00,0x00,
  0x00,0x00,0x00,0x00,0x00,0x00,0x79,0xB0,0x00,0x1B,0x7F,0x52,
  0xF5,0x4D,0x80,0x00,0x00,0x00,0x00,0x00,0x00,0x00,0x00,0x00,
  0x00,0x00,0x00,0x1F,0x80,0x07,0x6E,0x00,0x00,0x00,0x07,0x00,
  0x00,0x00,0x10,0x00,0x05,0x40,0x02,0x54,0xEA,0x1E,0xC0,0x00,
  0x00,0x00,0x00,0x00,0x00,0x00,0x00,0x00,0x00,0x00,0x01,0xC0,
  0x00,0x00,0x18,0x00,0x00,0x00,0x68,0x50,0x8E,0x39,0x54,0x56,
  0x00,0x00,0x00,0x00,0x00,0x00,0x00,0x00,0x00,0x00,0x00,0x00,
  0x00,0x00,0x00,0x00,0x00,0x00,0x00,0x00,0x00,0x00,0x00,0x00,
  0x00,0x00,0x00,0x00,0x00,0x00,0x00,0x00,0x00,0x00,0x77,0x20,
  0x00,0x12,0xB9,0x4A,0xC6,0x07,0x80,0x00,0x00,0x00,0x00,0x00,
  0x00,0x00,0x00,0x00,0x00,0x00,0x00,0x0F,0x00,0x03,0xEB,0x00,
  0x00,0x00,0x0D,0x80,0x00,0x00,0x00,0x00,0x0B,0xC4,0x00,0x41,
  0xF7,0x09,0x00,0x00,0x00,0x00,0x00,0x00,0x00,0x00,0x00,0x00,
  0x00,0x00,0x00,0x80,0x00,0x00,0x00,0x00,0x00,0x00,0x41,0x04,
  0x21,0x37,0x22,0xFE,0x00,0x00,0x00,0x00,0x00,0x00,0x00,0x00,
  0x00,0x00,0x00,0x00,0x00,0x00,0x00,0x00,0x00,0x00,0x00,0x00,
  0x00,0x00,0x00,0x00,0x00,0x00,0x00,0x00,0x00,0x00,0x00,0x00,
  0x00,0x00,0x2B,0x00,0x00,0x1E,0x4E,0xA9,0x60,0x0F,0x00,0x00,
  0x00,0x00,0x00,0x00,0x00,0x00,0x00,0x00,0x00,0x00,0x00,0x00,
  0x00,0x02,0xBD,0x00,0x00,0x00,0x0C,0xC0,0x00,0x00,0x00,0x00,
  0x0F,0xD1,0xC0,0x81,0xB3,0x80,0x00,0x00,0x00,0x00,0x00,0x00,
  0x00,0x00,0x00,0x00,0x00,0x10,0x00,0x00,0x00,0x00,0x00,0x00,
  0x00,0x00,0x48,0x41,0x0B,0x9F,0x97,0xC1,0x00,0x00,0x00,0x00,
  0x00,0x00,0x00,0x00,0x00,0x00,0x00,0x00,0x00,0x00,0x00,0x00,
  0x00,0x00,0x00,0x00,0x00,0x00,0x00,0x00,0x00,0x00,0x00,0x00,
  0x00,0x00,0x00,0x00,0x00,0x00,0x3E,0x80,0x00,0x15,0x23,0x55,
  0xE0,0x07,0x80,0x00,0x00,0x00,0x00,0x00,0x00,0x00,0x00,0x00,
  0x00,0x00,0x00,0x00,0x00,0x03,0xDF,0x00,0x00,0x00,0x0B,0xE0,
  0x00,0x00,0x00,0x00,0x1B,0x80,0x61,0x13,0x95,0xF5,0x40,0x00,
  0x00,0x00,0x00,0x00,0x00,0x00,0x00,0x00,0x00,0xF8,0x00,0x00,
  0x00,0x00,0x00,0x00,0x00,0x00,0x82,0x14,0x47,0xA9,0xEE,0xBD,
  0x00,0x00,0x00,0x00,0x00,0x00,0x00,0x00,0x00,0x00,0x00,0x00,
  0x00,0x00,0x00,0x00,0x00,0x00,0x00,0x00,0x00,0x00,0x00,0x00,
  0x00,0x00,0x00,0x00,0x00,0x00,0x00,0x00,0x00,0x00,0x3D,0x00,
  0x00,0x1E,0xA8,0x97,0xC0,0x07,0x80,0x00,0x00,0x00,0x00,0x00,
  0x00,0x00,0x00,0x00,0x00,0x00,0x00,0x00,0x00,0x03,0xFB,0x80,
  0x00,0x00,0x1F,0x80,0x00,0x00,0x00,0x00,0x3E,0x09,0xFA,0x81,
  0xDF,0x7E,0xF0,0x80,0x00,0x00,0x00,0x00,0x00,0x00,0x00,0x00,
  0x01,0xF8,0x00,0x00,0x00,0x00,0x00,0x00,0x00,0x00,0xA8,0x80,
  0x96,0xC4,0xFB,0xD2,0x00,0x00,0x00,0x00,0x00,0x00,0x00,0x00,
  0x00,0x00,0x00,0x00,0x00,0x00,0x00,0x00,0x00,0x00,0x00,0x00,
  0x00,0x00,0x00,0x00,0x00,0x00,0x00,0x00,0x00,0x00,0x00,0x00,
  0x00,0x00,0x3C,0x00,0x00,0x07,0x55,0x4F,0x00,0x03,0x80,0x00,
  0x00,0x00,0x00,0x00,0x00,0x00,0x00,0x00,0x00,0x00,0x00,0x00,
  0x00,0x07,0xFB,0x00,0x00,0x00,0x0E,0x40,0x00,0x00,0x00,0x00,
  0x1E,0x01,0xDE,0x51,0xA8,0xAC,0x3F,0xE0,0x00,0x00,0x00,0x00,
  0x00,0x00,0x00,0x00,0x03,0xAE,0x00,0x00,0x00,0x00,0x00,0x00,
  0x00,0x00,0x42,0x24,0x0E,0xD1,0x2F,0x65,0x00,0x00,0x00,0x00,
  0x00,0x00,0x00,0x00,0x00,0x00,0x00,0x00,0x00,0x00,0x00,0x00,
  0x00,0x00,0x00,0x00,0x00,0x00,0x00,0x00,0x00,0x00,0x00,0x00,
  0x00,0x00,0x00,0x00,0x00,0x00,0x3F,0x00,0x00,0x01,0x92,0xAE,
  0x00,0x03,0x00,0x00,0x00,0x00,0x00,0x00,0x00,0x00,0x00,0x00,
  0x00,0x00,0x00,0x00,0x00,0x03,0x6D,0x80,0x00,0x00,0x09,0xC0,
  0x00,0x00,0x00,0x00,0x14,0x0F,0xB5,0xD5,0xD5,0x2F,0x4F,0x73,
  0x00,0x00,0x00,0x00,0x00,0x00,0x00,0x00,0x07,0x57,0x00,0x00,
  0x00,0x00,0x00,0x00,0x00,0x00,0x28,0x09,0x5D,0x84,0x9A,0x52,
  0x00,0x00,0x00,0x00,0x00,0x00,0x00,0x00,0x00,0x00,0x00,0x00,
  0x00,0x00,0x00,0x00,0x00,0x00,0x00,0x00,0x00,0x00,0x00,0x00,
  0x00,0x00,0x00,0x00,0x00,0x00,0x00,0x00,0x00,0x00,0x37,0x00,
  0x00,0x03,0xCA,0x53,0x80,0x06,0x00,0x00,0x00,0x00,0x00,0x00,
  0x00,0x00,0x00,0x00,0x00,0x00,0x00,0x00,0x00,0x01,0xFF,0x80,
  0x00,0x00,0x00,0xE0,0x00,0x00,0x00,0x00,0x00,0x1E,0xAF,0xA0,
  0xEA,0xA4,0xBA,0xBF,0xC0,0x00,0x00,0x00,0x00,0x00,0x00,0x00,
  0x3B,0x95,0xC8,0x00,0x00,0x00,0x00,0x00,0x00,0x00,0x94,0xA0,
  0x78,0xD0,0x0E,0xAB,0x00,0x00,0x00,0x00,0x00,0x00,0x00,0x00,
  0x00,0x00,0x00,0x00,0x00,0x00,0x00,0x00,0x00,0x00,0x00,0x00,
  0x00,0x00,0x00,0x00,0x00,0x00,0x00,0x00,0x00,0x00,0x00,0x00,
  0x00,0x00,0x19,0x80,0x00,0x01,0xE9,0x25,0xC0,0x0D,0x80,0x00,
  0x00,0x00,0x00,0x00,0x00,0x00,0x00,0x00,0x00,0x00,0x00,0x00,
  0x00,0x01,0x3C,0x00,0x00,0x00,0x00,0x40,0x00,0x00,0x00,0x00,
  0xC0,0x1B,0x52,0xD5,0x31,0x1B,0x35,0x9E,0xE0,0x00,0x30,0x00,
  0x00,0x00,0x00,0x00,0xFE,0xAA,0xFC,0x00,0x00,0x00,0xE8,0x30,
  0x00,0x00,0xD1,0x04,0xE5,0x62,0x47,0x6F,0x00,0x00,0x00,0x00,
  0x00,0x00,0x00,0x00,0x00,0x00,0x00,0x00,0x00,0x00,0x00,0x00,
  0x00,0x00,0x00,0x00,0x00,0x00,0x00,0x00,0x00,0x00,0x00,0x00,
  0x00,0x00,0x00,0x00,0x00,0x00,0x1D,0xC0,0x00,0x00,0x6A,0x94,
  0xFE,0x0A,0x00,0x00,0x00,0x00,0x00,0x00,0x00,0x00,0x00,0x00,
  0x00,0x00,0x00,0x00,0x00,0x00,0x1F,0x00,0x00,0x00,0x00,0x00,
  0x00,0x00,0x00,0x03,0xE0,0x19,0x49,0xCA,0xEC,0xD6,0x9A,0x55,
  0x60,0x00,0x78,0x00,0x00,0x00,0x00,0x01,0xED,0x52,0xBC,0x00,
  0x00,0x01,0x10,0x4D,0x00,0x00,0x84,0x10,0xD5,0xC8,0x12,0xD9,
  0x00,0x00,0x00,0x00,0x00,0x00,0x00,0x00,0x00,0x00,0x00,0x00,
  0x00,0x00,0x00,0x00,0x00,0x00,0x00,0x00,0x00,0x00,0x00,0x00,
  0x00,0x00,0x00,0x00,0x00,0x00,0x00,0x00,0x00,0x00,0x1D,0x60,
  0x00,0x01,0xE4,0xA5,0x7F,0x07,0x80,0x00,0x00,0x00,0x00,0x00,
  0x00,0x00,0x00,0x00,0x00,0x00,0x00,0x00,0x00,0x00,0x0F,0x80,
  0x00,0x00,0x00,0x00,0x00,0x30,0x00,0x07,0xB0,0x1D,0x55,0xA1,
  0xA2,0x2B,0x4D,0x52,0xE0,0x00,0x3C,0x00,0x00,0x00,0x00,0x01,
  0xB6,0xEA,0x58,0x00,0x00,0x02,0x90,0x27,0x00,0x00,0x90,0x82,
  0x6F,0xA5,0x09,0x5F,0x00,0x00,0x00,0x00,0x00,0x00,0x00,0x00,
  0x00,0x00,0x00,0x00,0x00,0x00,0x00,0x00,0x00,0x00,0x00,0x00,
  0x00,0x00,0x00,0x00,0x00,0x00,0x00,0x00,0x00,0x00,0x00,0x00,
  0x00,0x00,0x1E,0xF0,0x00,0x03,0xD5,0x52,0xB3,0x07,0x80,0x00,
  0x00,0x00,0x00,0x00,0x00,0x00,0x00,0x00,0x00,0x00,0x00,0x00,
  0x00,0x00,0x0E,0xC0,0x00,0x00,0x00,0x00,0x00,0x78,0x00,0x06,
  0xF0,0x3A,0xAB,0x16,0xDA,0xAB,0x27,0x54,0xE0,0x00,0x1C,0x00,
  0x00,0x00,0x60,0x03,0xFF,0x7A,0xB8,0x00,0x00,0x02,0x60,0xD1,
  0x80,0x00,0x42,0x24,0xFD,0x10,0x44,0x46,0x00,0x00,0x00,0x00,
  0x00,0x00,0x00,0x00,0x00,0x00,0x00,0x00,0x00,0x00,0x00,0x00,
  0x00,0x00,0x00,0x00,0x00,0x00,0x00,0x00,0x00,0x00,0x00,0x00,
  0x00,0x00,0x00,0x00,0x00,0x00,0x1E,0xE0,0x00,0x07,0x54,0x94,
  0xAB,0x03,0xC0,0x00,0x00,0x00,0x00,0x00,0x00,0x00,0x00,0x00,
  0x00,0x00,0x00,0x00,0x00,0x00,0x07,0x80,0x00,0x00,0x00,0x00,
  0x00,0x38,0x00,0x07,0xE0,0x32,0xD1,0xC8,0xC5,0x4A,0xD3,0xAA,
  0xC0,0x00,0x0A,0x00,0x00,0x00,0xE0,0x06,0x4F,0xDE,0xB0,0x00,
  0x00,0x01,0xA0,0x2C,0x80,0x00,0x88,0x00,0xE8,0x49,0x2A,0xF4,
  0x00,0x00,0x00,0x00,0x00,0x00,0x00,0x00,0x00,0x00,0x00,0x00,
  0x00,0x00,0x00,0x00,0x00,0x00,0x00,0x00,0x00,0x00,0x00,0x00,
  0x00,0x00,0x00,0x00,0x00,0x00,0x00,0x00,0x00,0x00,0x1D,0x40,
  0x00,0x06,0xBA,0x4A,0xA7,0x83,0xE0,0x00,0x00,0x00,0x00,0x00,
  0x00,0x00,0x00,0x00,0x00,0x00,0x00,0x00,0x00,0x00,0x03,0xE0,
  0x00,0x00,0x00,0x00,0x00,0x10,0x00,0x03,0x50,0x39,0x2A,0xBE,
  0xD5,0xD1,0xE0,0xE9,0xC0,0x00,0x00,0x00,0x00,0x00,0x90,0x06,
  0xFD,0x8F,0x70,0x00,0x00,0x01,0x00,0x0A,0x80,0xA1,0x41,0x54,
  0x01,0x00,0x11,0xBF,0x00,0x00,0x00,0x00,0x00,0x00,0x00,0x00,
  0x00,0x00,0x00,0x00,0x00,0x00,0x00,0x00,0x00,0x00,0x00,0x00,
  0x00,0x00,0x00,0x00,0x00,0x00,0x00,0x00,0x00,0x00,0x00,0x00,
  0x00,0x00,0x1E,0xE0,0x00,0x0F,0xD5,0x52,0x53,0x01,0xE0,0x00,
  0x00,0x00,0x00,0x00,0x00,0x00,0x00,0x00,0x00,0x00,0x00,0x00,
  0x00,0x00,0x03,0xF0,0x20,0x00,0x00,0x00,0x00,0x00,0x00,0x00,
  0x78,0x1C,0x95,0x52,0xAB,0x6A,0x75,0x64,0xE0,0x00,0x00,0x00,
  0x00,0x00,0x60,0x0E,0xAB,0x46,0xD8,0x00,0x00,0x00,0x00,0x04,
  0x40,0xC5,0x54,0x01,0x24,0x24,0x8B,0x93,0x00,0x00,0x00,0x00,
  0x00,0x00,0x00,0x00,0x00,0x00,0x00,0x00,0x00,0x00,0x00,0x00,
  0x00,0x00,0x00,0x00,0x00,0x00,0x00,0x00,0x00,0x00,0x00,0x00,
  0x00,0x00,0x00,0x00,0x00,0x00,0x1D,0xE0,0x00,0x1F,0xA9,0x29,
  0x2B,0x80,0xC0,0x00,0x00,0x00,0x00,0x00,0x00,0x00,0x00,0x00,
  0x00,0x00,0x00,0x00,0x00,0x00,0x00,0xF8,0xE0,0x00,0x00,0x00,
  0x00,0x00,0x00,0x00,0x28,0x0D,0x49,0x7D,0xD7,0x65,0x35,0x3A,
  0x60,0x00,0x00,0x00,0x00,0x00,0x98,0x03,0xFD,0x9D,0xBF,0x00,
  0x00,0x00,0x00,0x02,0xA0,0xE4,0xA1,0x20,0x01,0x48,0x56,0x54,
  0x00,0x00,0x00,0x00,0x00,0x00,0x00,0x00,0x00,0x00,0x00,0x00,
  0x00,0x00,0x00,0x00,0x00,0x00,0x00,0x00,0x00,0x00,0x00,0x00,
  0x00,0x00,0x00,0x00,0x00,0x00,0x00,0x00,0x00,0x00,0x0A,0xB0,
  0x00,0x3E,0xD4,0x95,0x4B,0x98,0x00,0x00,0x00,0x00,0x00,0x00,
  0x00,0x00,0x00,0x00,0x00,0x00,0x00,0x00,0x00,0x00,0x00,0x6F,
  0xE2,0x00,0x00,0x00,0x00,0x04,0x00,0x00,0x68,0x1A,0x54,0xA2,
  0xFC,0xD4,0x99,0xE5,0x60,0x00,0x00,0x00,0x00,0x00,0x50,0x00,
  0xF7,0x9D,0x4F,0x00,0x00,0x00,0x00,0x02,0x80,0x02,0xA8,0x0A,
  0x95,0x22,0x3E,0xAA,0x00,0x00,0x00,0x00,0x00,0x00,0x00,0x00,
  0x00,0x00,0x00,0x00,0x00,0x00,0x00,0x00,0x00,0x00,0x00,0x00,
  0x00,0x00,0x00,0x00,0x00,0x00,0x00,0x00,0x00,0x00,0x00,0x00,
  0x00,0x00,0x0F,0xF0,0x00,0x1D,0x72,0xA4,0xA4,0xFE,0x00,0x00,
  0x00,0x00,0x00,0x00,0x00,0x00,0x00,0x00,0x00,0x00,0x00,0x00,
  0x00,0x00,0x00,0x3F,0xFE,0x00,0x00,0x00,0x00,0x0E,0x00,0x00,
  0xFC,0x1D,0x4A,0xB4,0x44,0xCA,0xAB,0x52,0xE0,0x00,0x00,0x00,
  0x00,0x00,0x4A,0x00,0x7F,0x3D,0xB7,0x80,0x00,0x00,0x00,0x00,
  0x00,0x04,0x91,0x20,0x22,0x88,0xB5,0xD2,0x00,0x00,0x00,0x00,
  0x00,0x00,0x00,0x00,0x00,0x00,0x00,0x00,0x00,0x00,0x00,0x00,
  0x00,0x00,0x00,0x00,0x00,0x00,0x00,0x00,0x00,0x00,0x00,0x00,
  0x00,0x00,0x00,0x00,0x00,0x00,0x0A,0xA0,0x00,0x0A,0xEC,0x92,
  0x52,0xEF,0x00,0x00,0x00,0x00,0x00,0x00,0x00,0x00,0x00,0x00,
  0x00,0x00,0x00,0x00,0x00,0x00,0x00,0x1E,0x7F,0x00,0x00,0x00,
  0x00,0x1F,0x00,0x00,0xDE,0x0E,0xA4,0x5B,0xFE,0xD1,0x2D,0x29,
  0x70,0x00,0x00,0x00,0x00,0x00,0x74,0x00,0x6E,0x9F,0x53,0x00,
  0x00,0x00,0x00,0xE0,0x00,0x42,0x50,0x44,0x89,0x22,0x1F,0x6A,
  0x00,0x00,0x00,0x00,0x00,0x00,0x00,0x00,0x00,0x00,0x00,0x00,
  0x00,0x00,0x00,0x00,0x00,0x00,0x00,0x00,0x00,0x00,0x00,0x00,
  0x00,0x00,0x00,0x00,0x00,0x00,0x00,0x00,0x00,0x00,0x1B,0x00,
  0x00,0x02,0xBE,0x55,0x29,0x23,0xA0,0x00,0x00,0x00,0x00,0x00,
  0x00,0x00,0x00,0x00,0x00,0x00,0x00,0x00,0x00,0x00,0x00,0x06,
  0xBB,0x00,0x00,0x00,0x00,0x1E,0x00,0x00,0x66,0x07,0x2A,0xB7,
  0x4A,0xAA,0x97,0x94,0x34,0x00,0x00,0x00,0x00,0x00,0x00,0x00,
  0xBC,0x77,0x57,0x00,0x00,0x00,0x00,0xB8,0x00,0x02,0x85,0x00,
  0x00,0x08,0xAA,0xB5,0x00,0x00,0x00,0x00,0x00,0x00,0x00,0x00,
  0x00,0x00,0x00,0x00,0x00,0x00,0x00,0x00,0x00,0x00,0x00,0x00,
  0x00,0x00,0x00,0x00,0x00,0x00,0x00,0x00,0x00,0x00,0x00,0x00,
  0x00,0x00,0x0E,0x00,0x00,0x01,0xBD,0x49,0x4A,0x9F,0x60,0x00,
  0x00,0x00,0x00,0x00,0x00,0x00,0x00,0x00,0x00,0x00,0x00,0x00,
  0x00,0x00,0x00,0x07,0xFD,0x80,0x00,0x00,0x00,0x0C,0xC0,0x00,
  0x7F,0x83,0x92,0x9A,0xDD,0xAA,0x4A,0x4A,0xBC,0x00,0x00,0x00,
  0x00,0x00,0x30,0x07,0xF7,0xF9,0x57,0x00,0x00,0x00,0x11,0xF0,
  0x00,0x41,0x50,0x2A,0xA5,0x42,0x00,0xD2,0x00,0x00,0x00,0x00,
  0x00,0x00,0x00,0x00,0x00,0x00,0x00,0x00,0x00,0x00,0x00,0x00,
  0x00,0x00,0x00,0x00,0x00,0x00,0x00,0x00,0x00,0x00,0x00,0x00,
  0x00,0x00,0x00,0x00,0x00,0x00,0x0B,0x00,0x00,0x00,0xFA,0x55,
  0x24,0xBF,0xE0,0x00,0x00,0x00,0x00,0x00,0x00,0x00,0x00,0x00,
  0x00,0x00,0x00,0x00,0x00,0x00,0x00,0x03,0x3F,0x00,0x00,0x00,
  0x00,0x01,0xE0,0x00,0xE9,0x81,0xC9,0x5D,0xB5,0x75,0x52,0xA5,
  0x5F,0xFC,0x00,0x00,0x00,0x00,0x28,0x0F,0xAF,0xAA,0xAE,0x00,
  0x00,0x00,0x50,0xF8,0x00,0x01,0x04,0x80,0x08,0x10,0x55,0xD4,
  0x00,0x00,0x00,0x00,0x00,0x00,0x00,0x00,0x00,0x00,0x00,0x00,
  0x00,0x00,0x00,0x00,0x00,0x00,0x00,0x00,0x00,0x00,0x00,0x00,
  0x00,0x00,0x00,0x00,0x00,0x00,0x00,0x00,0x00,0x00,0x1D,0x80,
  0x00,0x00,0x35,0x24,0xAA,0xB8,0xE0,0x00,0x00,0x00,0x00,0x00,
  0x00,0x00,0x00,0x00,0x00,0x00,0x00,0x00,0x00,0x00,0x00,0x03,
  0xBE,0x80,0x00,0x00,0x00,0x01,0xE0,0x00,0xDF,0x0B,0x2A,0x24,
  0x52,0xE9,0x29,0x52,0x5B,0xF6,0x00,0x00,0x00,0x00,0x28,0x1D,
  0xF2,0xFC,0xAE,0x00,0x00,0x00,0xA8,0x60,0x00,0x05,0x50,0x14,
  0x91,0x22,0xA3,0x52,0x00,0x00,0x00,0x00,0x00,0x00,0x00,0x00,
  0x00,0x00,0x00,0x00,0x00,0x00,0x00,0x00,0x00,0x00,0x00,0x00,
  0x00,0x00,0x00,0x00,0x00,0x00,0x00,0x00,0x00,0x00,0x00,0x00,
  0x00,0x00,0x1D,0x80,0x00,0x00,0x7D,0x53,0xFE,0x61,0x60,0x00,
  0x00,0x00,0x00,0x00,0x00,0x00,0x00,0x00,0x00,0x00,0x00,0x00,
  0x00,0x00,0x00,0x03,0xAF,0xE0,0x00,0x00,0x00,0x00,0xC0,0x00,
  0xFE,0x7D,0xD5,0x5A,0x0F,0xD5,0x45,0x29,0x46,0xB8,0x00,0x00,
  0x00,0x00,0x00,0x3F,0xFB,0xDA,0xC3,0x00,0x00,0x00,0xAC,0x00,
  0x01,0x0A,0x05,0x40,0x44,0x41,0x55,0x4A,0x00,0x00,0x00,0x00,
  0x00,0x00,0x00,0x00,0x00,0x00,0x00,0x00,0x00,0x00,0x00,0x00,
  0x00,0x00,0x00,0x00,0x00,0x00,0x00,0x00,0x00,0x00,0x00,0x00,
  0x00,0x00,0x00,0x00,0x00,0x00,0x1C,0xC0,0x00,0x00,0x7F,0x4F,
  0xF5,0xE3,0xFA,0x00,0x00,0x00,0x00,0x00,0x00,0x00,0x00,0x00,
  0x00,0x00,0x00,0x00,0x00,0x00,0x00,0x01,0xDF,0x60,0x00,0x00,
  0x00,0x00,0x00,0x00,0x68,0xED,0xC9,0x55,0x5A,0xB4,0xB4,0x95,
  0x31,0x1D,0x38,0x00,0x00,0x04,0x00,0x1A,0x1F,0x9A,0xBB,0xA0,
  0x00,0x01,0xD4,0x80,0x00,0x14,0x90,0x09,0x01,0x0A,0x2B,0xA9,
  0x00,0x00,0x00,0x00,0x00,0x00,0x00,0x00,0x00,0x00,0x00,0x00,
  0x00,0x00,0x00,0x00,0x00,0x00,0x00,0x00,0x00,0x00,0x00,0x00,
  0x00,0x00,0x00,0x00,0x00,0x00,0x00,0x00,0x00,0x00,0x1B,0x80,
  0x00,0x00,0x33,0xEF,0x19,0xD7,0x74,0x00,0x00,0x00,0x00,0x00,
  0x00,0x00,0x00,0x00,0x00,0x00,0x00,0x00,0x00,0x00,0x00,0x00,
  0xD5,0x60,0x00,0x00,0x00,0x00,0x00,0x00,0x00,0x78,0xED,0xAE,
  0x57,0x6A,0x8A,0xA4,0x8C,0xCF,0xFC,0x80,0x00,0x04,0x00,0x00,
  0x07,0x6F,0xA9,0x60,0x0C,0x03,0x2F,0x80,0x00,0x10,0x22,0x20,
  0x28,0x29,0xA7,0xD5,0x00,0x00,0x00,0x00,0x00,0x00,0x00,0x00,
  0x00,0x00,0x00,0x00,0x00,0x00,0x00,0x00,0x00,0x00,0x00,0x00,
  0x00,0x00,0x00,0x00,0x00,0x00,0x00,0x00,0x00,0x00,0x00,0x00,
  0x00,0x00,0x1F,0x00,0x00,0x00,0x02,0x36,0x1F,0x83,0xA3,0x00,
  0x00,0x00,0x00,0x00,0x00,0x00,0x00,0x00,0x00,0x00,0x00,0x00,
  0x00,0x00,0x00,0x00,0xDE,0xE0,0x00,0x00,0x00,0x00,0x00,0x00,
  0x00,0x70,0xD2,0x53,0x0B,0x65,0x52,0x52,0xA2,0x3B,0xEF,0x40,
  0x00,0x0C,0x00,0x00,0x03,0xFF,0xF5,0x10,0x14,0xD1,0x91,0x80,
  0x00,0x0A,0xC8,0x84,0x82,0x84,0x10,0x6A,0x00,0x00,0x00,0x00,
  0x00,0x00,0x00,0x00,0x00,0x00,0x00,0x00,0x00,0x00,0x00,0x00,
  0x00,0x00,0x00,0x00,0x00,0x00,0x00,0x00,0x00,0x00,0x00,0x00,
  0x00,0x00,0x00,0x00,0x00,0x00,0x0A,0x00,0x00,0x00,0x01,0xEC,
  0x0F,0x80,0x0F,0x80,0x00,0x00,0x00,0x00,0x00,0x00,0x00,0x00,
  0x00,0x00,0x00,0x00,0x00,0x00,0x00,0x00,0x7F,0x80,0x00,0x00,
  0x00,0x00,0x00,0x00,0x08,0x00,0x6D,0xAD,0xE8,0xFA,0x49,0x2A,
  0x5A,0x8E,0xAE,0xE0,0x00,0x00,0x00,0x00,0x01,0xE5,0xA4,0xB0,
  0xB6,0x9A,0x8A,0x80,0x00,0x2D,0x60,0x10,0x12,0x52,0x80,0xBA,
  0x00,0x00,0x00,0x00,0x00,0x00,0x00,0x00,0x00,0x00,0x00,0x00,
  0x00,0x00,0x00,0x00,0x00,0x00,0x00,0x00,0x00,0x00,0x00,0x00,
  0x00,0x00,0x00,0x00,0x00,0x00,0x00,0x00,0x00,0x00,0x0F,0x00,
  0x00,0x00,0x01,0xB6,0x07,0x00,0x0D,0x80,0x00,0x00,0x00,0x00,
  0x00,0x00,0x00,0x00,0x00,0x00,0x00,0x00,0x00,0x00,0x00,0x00,
  0x77,0x40,0x00,0x00,0x00,0x00,0x00,0x04,0x7E,0x00,0x72,0xAA,
  0xEA,0xAD,0x2A,0x92,0xA5,0x6A,0x53,0xA0,0x00,0x00,0x00,0x00,
  0x01,0xE1,0xD3,0x20,0xC5,0x26,0x65,0x90,0x00,0x02,0x12,0x45,
  0x45,0x08,0x4B,0x5A,0x00,0x00,0x00,0x00,0x00,0x00,0x00,0x00,
  0x00,0x00,0x00,0x00,0x00,0x00,0x00,0x00,0x00,0x00,0x00,0x00,
  0x00,0x00,0x00,0x00,0x00,0x00,0x00,0x00,0x00,0x00,0x00,0x00,
  0x00,0x00,0x07,0x00,0x00,0x00,0x00,0xFE,0x00,0x00,0x07,0x00,
  0x00,0x00,0x00,0x00,0x00,0x00,0x00,0x00,0x00,0x00,0x00,0x00,
  0x00,0x00,0x00,0x00,0x79,0x90,0x00,0x00,0x00,0x00,0x00,0x0E,
  0xE3,0x00,0x6A,0x55,0x35,0x3B,0x74,0xA9,0x12,0x15,0x55,0xD0,
  0x00,0x00,0x00,0x00,0x00,0xD3,0x4E,0x40,0xAD,0xB3,0x12,0xC0,
  0x00,0x00,0x14,0x10,0x08,0x41,0x02,0xAD,0x00,0x00,0x00,0x00,
  0x00,0x00,0x00,0x00,0x00,0x00,0x00,0x00,0x00,0x00,0x00,0x00,
  0x00,0x00,0x00,0x00,0x00,0x00,0x00,0x00,0x00,0x00,0x00,0x00,
  0x00,0x00,0x00,0x00,0x00,0x00,0x05,0x00,0x00,0x00,0x00,0x5E,
  0x00,0x00,0x06,0x80,0x00,0x00,0x00,0x00,0x00,0x00,0x00,0x00,
  0x00,0x00,0x00,0x00,0x00,0x00,0x00,0x00,0x3F,0x40,0x20,0x00,
  0x00,0x00,0x00,0x06,0xBB,0x88,0x35,0x4A,0x99,0x6F,0xAA,0x94,
  0xC9,0x53,0x55,0xD0,0x00,0x00,0x00,0x00,0x00,0x03,0xB6,0xA0,
  0x50,0x81,0xB5,0xD0,0x10,0x00,0x1A,0x82,0x21,0x14,0x2B,0x86,
  0x00,0x00,0x00,0x00,0x00,0x00,0x00,0x00,0x00,0x00,0x00,0x00,
  0x00,0x00,0x00,0x00,0x00,0x00,0x00,0x00,0x00,0x00,0x00,0x00,
  0x00,0x00,0x00,0x00,0x00,0x00,0x00,0x00,0x00,0x00,0x05,0x40,
  0x00,0x00,0x00,0x0C,0x00,0x00,0x03,0x00,0x00,0x00,0x00,0x00,
  0x00,0x00,0x00,0x00,0x00,0x00,0x00,0x00,0x00,0x00,0x00,0x00,
  0x39,0xE8,0x58,0x00,0x00,0x1C,0x00,0x35,0xDA,0xF6,0x3B,0x25,
  0x55,0x39,0xB2,0x4A,0x2A,0xAB,0xD7,0x48,0x00,0x00,0x00,0x00,
  0x00,0x09,0xAA,0xC0,0x12,0x00,0x48,0xA8,0x28,0x00,0x02,0x20,
  0x88,0x00,0x8D,0x26,0x00,0x00,0x00,0x00,0x00,0x00,0x00,0x00,
  0x00,0x00,0x00,0x00,0x00,0x00,0x00,0x00,0x00,0x00,0x00,0x00,
  0x00,0x00,0x00,0x00,0x00,0x00,0x00,0x00,0x00,0x00,0x00,0x00,
  0x00,0x00,0x06,0xF4,0x00,0x00,0x00,0x00,0x00,0x00,0x03,0x80,
  0x00,0x00,0x00,0x00,0x00,0x00,0x00,0x00,0x00,0x00,0x00,0x00,
  0x00,0x00,0x00,0x00,0x1C,0xA4,0xA4,0x00,0x00,0xBC,0x00,0x7F,
  0x8C,0x56,0x5D,0xF2,0x75,0x45,0xA9,0x52,0xA4,0x97,0xEB,0x14,
  0x00,0x00,0x00,0x00,0x00,0x05,0xB5,0x40,0x00,0x00,0x9A,0xA8,
  0x14,0x00,0x01,0x0A,0x52,0xA2,0x2A,0x8E,0x00,0x00,0x00,0x00,
  0x00,0x00,0x00,0x00,0x00,0x00,0x00,0x00,0x00,0x00,0x00,0x00,
  0x00,0x00,0x00,0x00,0x00,0x00,0x00,0x00,0x00,0x00,0x00,0x00,
  0x00,0x00,0x00,0x00,0x00,0x00,0x05,0xFE,0x00,0x00,0x00,0x00,
  0x00,0x01,0x82,0x80,0x00,0x00,0x00,0x00,0x00,0x00,0x00,0x00,
  0x00,0x00,0x00,0x00,0x00,0x00,0x00,0x00,0x1D,0xF1,0x45,0x00,
  0x01,0x6E,0x00,0x7C,0xC3,0x72,0xFF,0xFD,0x3E,0xAB,0x1D,0x29,
  0x55,0x4B,0x7E,0xA8,0x00,0x00,0x00,0x00,0x00,0x03,0x5F,0x30,
  0x00,0x00,0x55,0x50,0x0F,0x00,0x03,0x41,0x28,0x10,0xD5,0x4F,
  0x00,0x00,0x00,0x00,0x00,0x00,0x00,0x00,0x00,0x00,0x00,0x00,
  0x00,0x00,0x00,0x00,0x00,0x00,0x00,0x00,0x00,0x00,0x00,0x00,
  0x00,0x00,0x00,0x00,0x00,0x00,0x00,0x00,0x00,0x00,0x04,0xEE,
  0x00,0x00,0x00,0x00,0x00,0x03,0x4B,0x00,0x00,0x00,0x00,0x00,
  0x00,0x00,0x00,0x00,0x00,0x00,0x00,0x00,0x00,0x00,0x00,0x00,
  0x1F,0xA0,0x52,0x00,0x00,0xD6,0x00,0x67,0xC0,0x1E,0xAE,0x9E,
  0xBE,0xD7,0xFF,0xCA,0x49,0x27,0x6A,0x48,0x00,0x00,0x00,0x00,
  0x00,0x01,0xEB,0x58,0x00,0x00,0x59,0x70,0x0B,0x80,0x01,0x14,
  0x05,0x45,0x28,0x13,0x00,0x00,0x00,0x00,0x00,0x00,0x00,0x00,
  0x00,0x00,0x00,0x00,0x00,0x00,0x00,0x00,0x00,0x00,0x00,0x00,
  0x00,0x00,0x00,0x00,0x00,0x00,0x00,0x00,0x00,0x00,0x00,0x00,
  0x00,0x00,0x07,0x3E,0x00,0x00,0x00,0x00,0x00,0x06,0xEF,0x00,
  0x00,0x00,0x00,0x00,0x00,0x00,0x00,0x00,0x00,0x00,0x00,0x00,
  0x00,0x00,0x00,0x00,0x1B,0x80,0x1A,0x00,0x00,0xFC,0x00,0x74,
  0xE0,0x01,0xFA,0x1E,0x43,0x5A,0x01,0x79,0x25,0x53,0x69,0x31,
  0x00,0x00,0x00,0x00,0x00,0x04,0x74,0xAE,0x00,0x00,0x1D,0x60,
  0x04,0x00,0x01,0x43,0x0C,0x12,0xB2,0x84,0x00,0x00,0x00,0x00,
  0x00,0x00,0x00,0x00,0x00,0x00,0x00,0x00,0x00,0x00,0x00,0x00,
  0x00,0x00,0x00,0x00,0x00,0x00,0x00,0x00,0x00,0x00,0x00,0x00,
  0x00,0x00,0x00,0x00,0x00,0x00,0x05,0xFB,0x00,0x00,0x00,0x20,
  0x00,0x07,0xB7,0x00,0x00,0x00,0x00,0x00,0x00,0x00,0x00,0x00,
  0x00,0x00,0x00,0x00,0x00,0x00,0x00,0x00,0x0D,0x80,0x04,0x00,
  0x00,0x3A,0x00,0x6F,0x40,0x00,0x40,0x7D,0x2B,0xD7,0xFC,0xBE,
  0xAA,0x97,0x60,0x95,0x00,0x00,0x00,0x00,0x00,0x07,0x2F,0x5A,
  0xA0,0x00,0x39,0x30,0x00,0x00,0x00,0x81,0x29,0x4A,0x62,0x29,
  0x00,0x00,0x00,0x00,0x00,0x00,0x00,0x00,0x00,0x00,0x00,0x00,
  0x00,0x00,0x00,0x00,0x00,0x00,0x00,0x00,0x00,0x00,0x00,0x00,
  0x00,0x00,0x00,0x00,0x00,0x00,0x00,0x00,0x00,0x00,0x05,0xFB,
  0x00,0x00,0x00,0x10,0x00,0x03,0xEE,0x00,0x00,0x00,0x00,0x00,
  0x00,0x00,0x00,0x00,0x00,0x00,0x00,0x00,0x00,0x00,0x00,0x00,
  0x0F,0x80,0x00,0x00,0x00,0x04,0x00,0x33,0x3F,0x00,0x18,0x69,
  0x55,0xAA,0xAF,0x47,0x51,0x4B,0x55,0x20,0x80,0x00,0x00,0x00,
  0x00,0x0F,0xD7,0xBA,0xA0,0x00,0x1A,0x70,0x00,0x00,0x00,0x6A,
  0x45,0x85,0xAA,0x82,0x00,0x00,0x00,0x00,0x00,0x00,0x00,0x00,
  0x00,0x00,0x00,0x00,0x00,0x00,0x00,0x00,0x00,0x00,0x00,0x00,
  0x00,0x00,0x00,0x00,0x00,0x00,0x00,0x00,0x00,0x00,0x00,0x00,
  0x00,0x00,0x07,0x7F,0x80,0x00,0x00,0x20,0x00,0x03,0xFC,0x00,
  0x00,0x00,0x00,0x00,0x00,0x00,0x00,0x00,0x00,0x00,0x00,0x00,
  0x00,0x00,0x00,0x00,0x0F,0x00,0x00,0x00,0x00,0x00,0x00,0x7B,
  0xBD,0xB8,0x1C,0xD4,0x90,0xF5,0xD1,0x5B,0x8C,0x55,0xDA,0x5A,
  0x00,0x00,0x00,0x00,0x00,0x0D,0xCC,0xB6,0x90,0x00,0x19,0x60,
  0x00,0x00,0x00,0x20,0x96,0x4A,0x44,0x54,0x00,0x00,0x00,0x00,
  0x00,0x00,0x00,0x00,0x00,0x00,0x00,0x00,0x00,0x00,0x00,0x00,
  0x00,0x00,0x00,0x00,0x00,0x00,0x00,0x00,0x00,0x00,0x00,0x00,
  0x00,0x00,0x00,0x00,0x00,0x00,0x0F,0x0D,0x80,0x00,0x00,0x00,
  0x00,0x03,0xA0,0x00,0x00,0x00,0x00,0x00,0x00,0x00,0x00,0x00,
  0x00,0x00,0x00,0x00,0x00,0x00,0x00,0x00,0x0F,0x00,0x00,0x00,
  0x00,0x00,0x00,0x3D,0xEA,0xEC,0x5E,0xE5,0x4D,0x9A,0xF6,0xD4,
  0xE3,0x22,0xFF,0x29,0x40,0x00,0x00,0x00,0x00,0x06,0xEE,0xBD,
  0x40,0x00,0x7D,0x60,0x00,0x08,0x00,0x48,0x08,0x40,0x12,0x82,
  0x00,0x00,0x00,0x00,0x00,0x00,0x00,0x00,0x00,0x00,0x00,0x00,
  0x00,0x00,0x00,0x00,0x00,0x00,0x00,0x00,0x00,0x00,0x00,0x00,
  0x00,0x00,0x00,0x00,0x00,0x00,0x00,0x00,0x00,0x00,0x07,0x0D,
  0xC0,0x00,0x00,0x00,0x00,0x07,0x00,0x00,0x00,0x00,0x00,0x00,
  0x00,0x00,0x00,0x00,0x00,0x00,0x00,0x00,0x00,0x00,0x00,0x00,
  0x07,0x80,0x00,0x00,0x00,0x00,0x00,0x0F,0xAE,0xD6,0x7B,0x69,
  0x27,0xEC,0x15,0x5D,0x98,0xAA,0xA5,0x84,0xA0,0x00,0x00,0x00,
  0x00,0x0D,0x79,0xED,0x00,0x00,0xE5,0x30,0x00,0x14,0x00,0x42,
  0xA0,0x54,0x84,0xA8,0x00,0x00,0x00,0x00,0x00,0x00,0x00,0x00,
  0x00,0x00,0x00,0x00,0x00,0x00,0x00,0x00,0x00,0x00,0x00,0x00,
  0x00,0x00,0x00,0x00,0x00,0x00,0x00,0x00,0x00,0x00,0x00,0x00,
  0x00,0x00,0x0F,0x0D,0x60,0x00,0x00,0x00,0x00,0x07,0x00,0x00,
  0x00,0x00,0x00,0x00,0x00,0x00,0x00,0x00,0x00,0x00,0x00,0x00,
  0x00,0x00,0x00,0x00,0x07,0xC0,0x00,0x00,0x00,0x00,0x00,0x07,
  0xD2,0xAB,0xD5,0xD4,0xAD,0x2A,0x8B,0x60,0xE5,0x49,0x13,0xAA,
  0x50,0x00,0x00,0x00,0x00,0x0E,0xAA,0xA7,0x80,0x00,0xDA,0xB8,
  0x00,0x34,0x00,0x58,0x00,0x28,0x21,0x05,0x00,0x00,0x00,0x00,
  0x00,0x00,0x00,0x00,0x00,0x00,0x00,0x00,0x00,0x00,0x00,0x00,
  0x00,0x00,0x00,0x00,0x00,0x00,0x00,0x00,0x00,0x00,0x00,0x00,
  0x00,0x00,0x00,0x00,0x00,0x00,0x07,0x1A,0xF0,0x00,0x00,0x00,
  0x00,0x00,0xC0,0x00,0x00,0x00,0x00,0x00,0x00,0x00,0x00,0x00,
  0x00,0x00,0x00,0x00,0x00,0x00,0x00,0x00,0x0C,0xF8,0x00,0x00,
  0x00,0x00,0x00,0x00,0xFD,0x2F,0xB5,0x92,0x97,0x8F,0x25,0x95,
  0x55,0x2A,0xAA,0x85,0x20,0x00,0x00,0x00,0x00,0x0D,0x35,0x73,
  0xE0,0x03,0xA8,0x5C,0x00,0x1B,0xA0,0x20,0x00,0x0B,0x88,0x24,
  0x00,0x00,0x00,0x00,0x00,0x00,0x00,0x00,0x00,0x00,0x00,0x00,
  0x00,0x00,0x00,0x00,0x00,0x00,0x00,0x00,0x00,0x00,0x00,0x00,
  0x00,0x00,0x00,0x00,0x00,0x00,0x00,0x00,0x00,0x00,0x0D,0x3A,
  0x30,0x40,0x00,0x00,0x00,0x07,0xE0,0x00,0x00,0x00,0x00,0x00,
  0x00,0x00,0x00,0x00,0x00,0x00,0x00,0x00,0x00,0x00,0x00,0x00,
  0x07,0x3F,0x00,0x00,0x00,0x00,0x00,0x00,0x7E,0xD0,0xD4,0x4A,
  0x55,0xD5,0xD0,0xAA,0xE8,0xA4,0x95,0xEA,0xB0,0x00,0x00,0x00,
  0x00,0x0C,0x95,0xA8,0xF5,0x03,0xF6,0xAC,0x00,0x06,0xA0,0x00,
  0x00,0x04,0x67,0x49,0x00,0x00,0x00,0x00,0x00,0x00,0x00,0x00,
  0x00,0x00,0x00,0x00,0x00,0x00,0x00,0x00,0x00,0x00,0x00,0x00,
  0x00,0x00,0x00,0x00,0x00,0x00,0x00,0x00,0x00,0x00,0x00,0x00,
  0x00,0x00,0x07,0x75,0x59,0xE0,0x00,0x00,0x00,0x06,0xD0,0x00,
  0x00,0x00,0x00,0x00,0x00,0x00,0x00,0x00,0x00,0x00,0x00,0x00,
  0x00,0x00,0x00,0x00,0x06,0xAF,0x80,0x00,0x00,0x00,0x00,0x00,
  0x0F,0xAE,0xF2,0xA9,0x4A,0x77,0x8A,0x5D,0x55,0x52,0x52,0xBA,
  0x90,0x00,0x00,0x00,0x00,0x0E,0xAE,0xDD,0xB3,0x07,0xDF,0xF8,
  0x00,0x01,0xA0,0x00,0x00,0x00,0x3F,0xA4,0x00,0x00,0x00,0x00,
  0x00,0x00,0x00,0x00,0x00,0x00,0x00,0x00,0x00,0x00,0x00,0x00,
  0x00,0x00,0x00,0x00,0x00,0x00,0x00,0x00,0x00,0x00,0x00,0x00,
  0x00,0x00,0x00,0x00,0x00,0x00,0x0F,0x68,0xBB,0xE0,0x00,0x00,
  0x00,0x03,0xA0,0x00,0x00,0x00,0x00,0x00,0x00,0x00,0x00,0x00,
  0x00,0x00,0x00,0x00,0x00,0x00,0x00,0x00,0x07,0x55,0x80,0x00,
  0x00,0x00,0x00,0x00,0x01,0xD2,0x2A,0x55,0x29,0x5B,0x55,0x46,
  0x75,0x1D,0x49,0x56,0x50,0x00,0x00,0x00,0x00,0x0D,0x4A,0xE7,
  0x59,0x1D,0x0B,0xF0,0x00,0x00,0xA0,0x50,0x00,0x00,0x0D,0xCB,
  0x00,0x00,0x00,0x00,0x00,0x00,0x00,0x00,0x00,0x00,0x00,0x00,
  0x00,0x00,0x00,0x00,0x00,0x00,0x00,0x00,0x00,0x00,0x00,0x00,
  0x00,0x00,0x00,0x00,0x00,0x00,0x00,0x00,0x00,0x00,0x0F,0x7A,
  0x9D,0xE0,0x00,0x00,0x00,0x00,0x20,0x00,0x00,0x00,0x00,0x00,
  0x00,0x00,0x00,0x00,0x00,0x00,0x00,0x00,0x00,0x00,0x00,0x00,
  0x03,0x55,0xC0,0x00,0x00,0x00,0x00,0x00,0x00,0xD5,0xA5,0x22,
  0xA5,0x2C,0x51,0x59,0x52,0xDE,0xA5,0x2B,0x38,0x00,0x00,0x00,
  0x00,0x0E,0xAD,0x3A,0x9C,0xBF,0x00,0x00,0x00,0x00,0x01,0x4C,
  0x00,0x00,0x06,0xFF,0x00,0x00,0x00,0x00,0x00,0x00,0x00,0x00,
  0x00,0x00,0x00,0x00,0x00,0x00,0x00,0x00,0x00,0x00,0x00,0x00,
  0x00,0x00,0x00,0x00,0x00,0x00,0x00,0x00,0x00,0x00,0x00,0x00,
  0x00,0x00,0x0F,0x3D,0x5E,0xF8,0x00,0x00,0x00,0x00,0xD0,0x00,
  0x00,0x00,0x00,0x00,0x00,0x00,0x00,0x00,0x00,0x00,0x00,0x00,
  0x00,0x00,0x00,0x00,0x03,0xDA,0xF0,0x00,0x00,0x00,0x00,0x00,
  0x01,0x68,0x92,0x94,0xD2,0xBD,0x25,0x45,0x9A,0xF6,0x54,0xA5,
  0x98,0x00,0x00,0x00,0x00,0x06,0x92,0x8D,0x4F,0xFB,0x00,0x00,
  0x00,0x00,0x01,0x05,0x80,0x00,0x07,0x3C,0x00,0x00,0x00,0x00,
  0x00,0x00,0x00,0x00,0x00,0x00,0x00,0x00,0x00,0x00,0x00,0x00,
  0x00,0x00,0x00,0x00,0x00,0x00,0x00,0x00,0x00,0x00,0x00,0x00,
  0x00,0x00,0x00,0x00,0x00,0x00,0x0F,0x5C,0x8F,0x7D,0x00,0x00,
  0x00,0x00,0xE0,0x00,0x00,0x00,0x00,0x00,0x00,0x00,0x00,0x00,
  0x00,0x00,0x00,0x00,0x00,0x00,0x00,0x00,0x01,0x65,0x78,0x00,
  0x00,0x00,0x00,0x00,0x0C,0xB5,0x54,0xAA,0xBA,0xE4,0x92,0xBD,
  0x6D,0xED,0x25,0x52,0xF4,0x00,0x00,0x00,0x00,0x03,0xD4,0x62,
  0x2F,0xEF,0x80,0x00,0x00,0x00,0x02,0x20,0xA0,0x00,0x01,0xCA,
  0x00,0x00,0x00,0x00,0x00,0x00,0x00,0x00,0x00,0x00,0x00,0x00,
  0x00,0x00,0x00,0x00,0x00,0x00,0x00,0x00,0x00,0x00,0x00,0x00,
  0x00,0x00,0x00,0x00,0x00,0x00,0x00,0x00,0x00,0x00,0x0E,0xF6,
  0xAB,0x9D,0x80,0x00,0x00,0x01,0xC0,0x00,0x00,0x00,0x00,0x00,
  0x00,0x00,0x00,0x00,0x00,0x00,0x00,0x00,0x00,0x00,0x00,0x00,
  0x01,0xFE,0x98,0x00,0x00,0x00,0x00,0x00,0x14,0xBA,0x4A,0x49,
  0xAF,0x5E,0x4D,0x45,0x9F,0x3A,0xD2,0x29,0xCA,0x00,0x00,0x00,
  0x00,0x01,0xEA,0x95,0xE3,0x3F,0x00,0x00,0x20,0x00,0x02,0x04,
  0x54,0x03,0x01,0xD1,0x00,0x00,0x00,0x00,0x00,0x00,0x00,0x00,
  0x00,0x00,0x00,0x00,0x00,0x00,0x00,0x00,0x00,0x00,0x00,0x00,
  0x00,0x00,0x00,0x00,0x00,0x00,0x00,0x00,0x00,0x00,0x00,0x00,
  0x00,0x00,0x0A,0xDD,0x57,0x7F,0xC0,0x00,0x00,0x01,0xCC,0x00,
  0x00,0x00,0x00,0x00,0x00,0x00,0x00,0x00,0x00,0x00,0x00,0x00,
  0x00,0x00,0x00,0x00,0x03,0xEF,0x78,0x00,0x40,0x00,0x00,0x00,
  0x0A,0x39,0x25,0x24,0xC8,0x9B,0x32,0xAA,0xE2,0x9B,0xD5,0x47,
  0x85,0x00,0x00,0x00,0x00,0x01,0x32,0x57,0xF8,0xB9,0x00,0x02,
  0x30,0x00,0x01,0x40,0x08,0x07,0x80,0xCA,0x00,0x00,0x00,0x00,
  0x00,0x00,0x00,0x00,0x00,0x00,0x00,0x00,0x00,0x00,0x00,0x00,
  0x00,0x00,0x00,0x00,0x00,0x00,0x00,0x00,0x00,0x00,0x00,0x00,
  0x00,0x00,0x00,0x00,0x00,0x00,0x0A,0xEA,0xAE,0x7E,0xE0,0x00,
  0x00,0x00,0xFE,0x00,0x00,0x00,0x00,0x00,0x00,0x00,0x00,0x00,
  0x00,0x00,0x00,0x00,0x00,0x00,0x00,0x00,0x02,0x83,0x60,0x00,
  0x00,0x00,0x00,0x00,0x07,0x8E,0xA9,0x55,0xA6,0x4E,0x4A,0x12,
  0x9D,0x77,0x64,0xAB,0x0B,0x00,0x00,0x00,0x00,0x02,0xB9,0x7F,
  0x9D,0x4F,0x00,0x00,0x58,0x00,0x01,0x12,0x44,0x06,0xDF,0xD5,
  0x00,0x00,0x00,0x00,0x00,0x00,0x00,0x00,0x00,0x00,0x00,0x00,
  0x00,0x00,0x00,0x00,0x00,0x00,0x00,0x00,0x00,0x00,0x00,0x00,
  0x00,0x00,0x00,0x00,0x00,0x00,0x00,0x00,0x00,0x00,0x0E,0x75,
  0x54,0xBA,0xE8,0x00,0x00,0x00,0x6C,0x00,0x00,0x00,0x00,0x00,
  0x00,0x00,0x00,0x00,0x00,0x00,0x00,0x00,0x00,0x00,0x00,0x00,
  0x03,0x83,0xF0,0x00,0x00,0x00,0x00,0x00,0x05,0xDD,0xA4,0x96,
  0xB1,0x3B,0x10,0xA0,0x4A,0x9A,0xDA,0x97,0xE9,0x80,0x00,0x00,
  0x00,0x01,0x35,0x78,0x1A,0x2F,0xC0,0x04,0x3C,0x00,0x01,0x00,
  0x02,0x3F,0xFF,0xA4,0x00,0x00,0x00,0x00,0x00,0x00,0x00,0x00,
  0x00,0x00,0x00,0x00,0x00,0x00,0x00,0x00,0x00,0x00,0x00,0x00,
  0x00,0x00,0x00,0x00,0x00,0x00,0x00,0x00,0x00,0x00,0x00,0x00,
  0x00,0x00,0x0A,0x5D,0xBF,0xB6,0xBC,0x00,0x00,0x00,0x28,0x01,
  0x00,0x00,0x00,0x00,0x00,0x00,0x00,0x00,0x00,0x00,0x00,0x00,
  0x00,0x00,0x00,0x00,0x02,0x9F,0x30,0x00,0x00,0x00,0x00,0x00,
  0x06,0x7B,0x55,0x4B,0x58,0xB3,0xA4,0x4A,0xA5,0x6D,0xD6,0x51,
  0xFC,0x84,0x00,0x00,0x00,0x00,0x1A,0x70,0x0E,0xBE,0xC0,0x01,
  0x1C,0x00,0x00,0xD2,0x49,0x7C,0xB3,0x12,0x00,0x00,0x00,0x00,
  0x00,0x00,0x00,0x00,0x00,0x00,0x00,0x00,0x00,0x00,0x00,0x00,
  0x00,0x00,0x00,0x00,0x00,0x00,0x00,0x00,0x00,0x00,0x00,0x00,
  0x00,0x00,0x00,0x00,0x00,0x00,0x1E,0x0F,0xE7,0x5D,0x5C,0x00,
  0x00,0x00,0x01,0x47,0xE0,0x00,0x00,0x00,0x00,0x00,0x00,0x00,
  0x00,0x00,0x00,0x00,0x00,0x00,0x00,0x00,0x03,0xF5,0xE0,0x00,
  0x00,0x00,0x00,0x00,0x03,0xAB,0xE9,0x2C,0xA5,0x69,0xC2,0x81,
  0x11,0x35,0x35,0x4A,0x35,0x6C,0x00,0x00,0x00,0x00,0x1F,0xE0,
  0x0D,0x7F,0x80,0x00,0x0C,0x00,0x00,0x00,0x02,0xD7,0xAA,0xAA,
  0x00,0x00,0x00,0x00,0x00,0x00,0x00,0x00,0x00,0x00,0x00,0x00,
  0x00,0x00,0x00,0x00,0x00,0x00,0x00,0x00,0x00,0x00,0x00,0x00,
  0x00,0x00,0x00,0x00,0x00,0x00,0x00,0x00,0x00,0x00,0x1E,0x07,
  0xFB,0xBA,0xB8,0x04,0x00,0x00,0x03,0xEF,0xE0,0x00,0x00,0x00,
  0x00,0x00,0x00,0x00,0x00,0x00,0x00,0x00,0x00,0x00,0x00,0x00,
  0x01,0xD8,0xE0,0x1B,0x00,0x00,0x00,0x00,0x00,0xE8,0xD4,0xA7,
  0xAA,0x64,0xD4,0x28,0xA5,0x6A,0xBA,0x54,0xB4,0x54,0x40,0x00,
  0x00,0x00,0x0F,0xC0,0x1A,0xF1,0x00,0x00,0x00,0x00,0x04,0xA4,
  0xA2,0x5A,0xEA,0xA5,0x00,0x00,0x00,0x00,0x00,0x00,0x00,0x00,
  0x00,0x00,0x00,0x00,0x00,0x00,0x00,0x00,0x00,0x00,0x00,0x00,
  0x00,0x00,0x00,0x00,0x00,0x00,0x00,0x00,0x00,0x00,0x00,0x00,
  0x00,0x00,0x0E,0x02,0x1D,0x9A,0xB0,0x00,0x00,0x00,0x07,0xFC,
  0x30,0x00,0x00,0x00,0x00,0x00,0x00,0x00,0x00,0x00,0x00,0x00,
  0x00,0x00,0x00,0x00,0x01,0x55,0xC0,0x3E,0x80,0x00,0x00,0x00,
  0x00,0x65,0xA2,0x91,0x54,0xBA,0x71,0x04,0x49,0x9A,0xED,0x22,
  0xBE,0xBA,0xB8,0x00,0x00,0x00,0x00,0x00,0x1A,0xE0,0x00,0x00,
  0x20,0x00,0x09,0x00,0x09,0xBD,0x25,0x52,0x00,0x00,0x00,0x00,
  0x00,0x00,0x00,0x00,0x00,0x00,0x00,0x00,0x00,0x00,0x00,0x00,
  0x00,0x00,0x00,0x00,0x00,0x00,0x00,0x00,0x00,0x00,0x00,0x00,
  0x00,0x00,0x00,0x00,0x00,0x00,0x1E,0x00,0x3B,0x5A,0xE0,0x00,
  0x00,0x00,0x0E,0x3A,0xB0,0x00,0x00,0x00,0x00,0x00,0x00,0x00,
  0x00,0x00,0x00,0x00,0x00,0x00,0x00,0x00,0x01,0xDE,0xEC,0x37,
  0x00,0x00,0x00,0x00,0x00,0x75,0x55,0x55,0x48,0x55,0x64,0xA9,
  0x26,0x55,0x5A,0x9A,0x5F,0x54,0xD4,0x00,0x00,0x00,0x00,0x00,
  0x0D,0x80,0x00,0x00,0x00,0x00,0x04,0xA9,0x00,0x0E,0x94,0x8C,
  0x00,0x00,0x00,0x00,0x00,0x00,0x00,0x00,0x00,0x00,0x00,0x00,
  0x00,0x00,0x00,0x00,0x00,0x00,0x00,0x00,0x00,0x00,0x00,0x00,
  0x00,0x00,0x00,0x00,0x00,0x00,0x00,0x00,0x00,0x00,0x1C,0x0A,
  0x0D,0xDA,0xFC,0x00,0x00,0x07,0x1E,0x95,0xE0,0x00,0x00,0x00,
  0x00,0x00,0x00,0x00,0x00,0x00,0x00,0x00,0x00,0x00,0x00,0x00,
  0x01,0xC0,0x7F,0xBF,0x00,0x00,0x00,0x00,0x00,0x75,0x12,0xAA,
  0xBA,0xB2,0x3A,0x12,0x9A,0x2D,0x8E,0xA5,0x29,0xB1,0x6C,0x60,
  0x00,0x00,0xC0,0x00,0x0F,0x80,0x00,0x00,0x00,0x00,0x03,0x00,
  0xA5,0x2B,0x52,0x53,0x00,0x00,0x00,0x00,0x00,0x00,0x00,0x00,
  0x00,0x00,0x00,0x00,0x00,0x00,0x00,0x00,0x00,0x00,0x00,0x00,
  0x00,0x00,0x00,0x00,0x00,0x00,0x00,0x00,0x00,0x00,0x00,0x00,
  0x00,0x00,0x38,0x04,0xFD,0x7A,0xBF,0x00,0x00,0x07,0xBB,0x69,
  0x60,0x00,0x00,0x00,0x00,0x00,0x00,0x00,0x00,0x00,0x00,0x00,
  0x00,0x00,0x00,0x00,0x01,0x7D,0xEB,0xEE,0x00,0x00,0x00,0x00,
  0x00,0x37,0xEA,0x88,0xAC,0x35,0x64,0x89,0x4A,0xE8,0x6C,0x52,
  0x95,0xA4,0x14,0xF0,0x00,0x03,0x20,0x00,0x0F,0x80,0x00,0x08,
  0x00,0x00,0x0D,0x54,0x05,0x3E,0x4A,0xAD,0x00,0x00,0x00,0x00,
  0x00,0x00,0x00,0x00,0x00,0x00,0x00,0x00,0x00,0x00,0x00,0x00,
  0x00,0x00,0x00,0x00,0x00,0x00,0x00,0x00,0x00,0x00,0x00,0x00,
  0x00,0x00,0x00,0x00,0x00,0x00,0x38,0x01,0xFA,0xB6,0x4B,0x00,
  0x00,0x07,0xF5,0x75,0xC0,0x00,0x00,0x00,0x00,0x00,0x00,0x00,
  0x00,0x00,0x00,0x00,0x00,0x00,0x00,0x00,0x01,0xFF,0xBF,0x7C,
  0x00,0x00,0x00,0x00,0x00,0x1D,0xF2,0x55,0x2D,0x54,0xE8,0x54,
  0x2A,0x4A,0x9A,0x94,0xA2,0xF2,0x1E,0xF0,0x00,0x0D,0x40,0x00,
  0x0F,0x00,0x00,0x02,0x00,0x00,0x04,0x02,0x95,0x6A,0xA9,0x2A,
  0x00,0x00,0x00,0x00,0x00,0x00,0x00,0x00,0x00,0x00,0x00,0x00,
  0x00,0x00,0x00,0x00,0x00,0x00,0x00,0x00,0x00,0x00,0x00,0x00,
  0x00,0x00,0x00,0x00,0x00,0x00,0x00,0x00,0x00,0x00,0x1C,0x01,
  0xC9,0x5B,0x6F,0x00,0x00,0x03,0xDA,0xFA,0x70,0x00,0x00,0x00,
  0x00,0x00,0x00,0x00,0x00,0x00,0x00,0x00,0x00,0x00,0x00,0x00,
  0x03,0xAB,0xFF,0xBF,0x40,0x10,0x00,0x00,0x00,0x00,0x39,0x49,
  0x46,0xBF,0x95,0x05,0x94,0xDA,0xF2,0x4A,0x55,0x75,0x88,0xF0,
  0x00,0x36,0x80,0x00,0x02,0x00,0x00,0x08,0xD4,0x00,0x03,0xFA,
  0x2A,0x1F,0x94,0xA5,0x00,0x00,0x00,0x00,0x00,0x00,0x00,0x00,
  0x00,0x00,0x00,0x00,0x00,0x00,0x00,0x00,0x00,0x00,0x00,0x00,
  0x00,0x00,0x00,0x00,0x00,0x00,0x00,0x00,0x00,0x00,0x00,0x00,
  0x00,0x00,0x3C,0x05,0xA5,0x25,0x2E,0x00,0x00,0x01,0xAD,0xD9,
  0x78,0x00,0x00,0x00,0x00,0x00,0x00,0x00,0x00,0x00,0x00,0x00,
  0x00,0x00,0x00,0x00,0x01,0xD7,0xC1,0x8D,0xF0,0xB8,0x00,0x00,
  0x00,0x2A,0x8E,0x54,0xAE,0x0A,0xC1,0xA9,0x45,0xB2,0x3D,0x51,
  0x29,0x67,0x80,0x40,0x04,0x28,0x00,0x00,0x00,0x00,0x00,0x03,
  0xD8,0x40,0x02,0x82,0x68,0x25,0xD2,0xAA,0x00,0x00,0x00,0x00,
  0x00,0x00,0x00,0x00,0x00,0x00,0x00,0x00,0x00,0x00,0x00,0x00,
  0x00,0x00,0x00,0x00,0x00,0x00,0x00,0x00,0x00,0x00,0x00,0x00,
  0x00,0x00,0x00,0x00,0x00,0x00,0x78,0x01,0xEA,0x96,0xAB,0x00,
  0x00,0x00,0xF3,0x8E,0xF0,0x00,0x00,0x00,0x00,0x00,0x00,0x00,
  0x00,0x00,0x00,0x00,0x00,0x00,0x00,0x00,0x00,0xDF,0x01,0xE5,
  0x79,0xF8,0x00,0x00,0x00,0x12,0x2E,0x92,0x93,0x93,0x75,0x50,
  0x55,0xE5,0x1B,0x2A,0x94,0xEC,0xC2,0x28,0x0E,0xD0,0x00,0x00,
  0x00,0x00,0x00,0x43,0xFE,0x80,0x00,0x09,0x52,0x80,0xFA,0xAD,
  0x00,0x00,0x00,0x00,0x00,0x00,0x00,0x00,0x00,0x00,0x00,0x00,
  0x00,0x00,0x00,0x00,0x00,0x00,0x00,0x00,0x00,0x00,0x00,0x00,
  0x00,0x00,0x00,0x00,0x00,0x00,0x00,0x00,0x00,0x00,0x28,0x01,
  0xF4,0xD5,0x57,0x80,0x00,0x00,0x77,0x0D,0x60,0x00,0x00,0x00,
  0x00,0x00,0x00,0x00,0x00,0x00,0x00,0x00,0x00,0x00,0x00,0x00,
  0x00,0xFC,0x03,0x96,0xF3,0xF0,0x00,0x00,0x00,0x12,0x87,0x4A,
  0x4B,0xD5,0x1B,0xB5,0x0A,0xC8,0x4D,0xD5,0x4A,0x3B,0x6F,0xF8,
  0x1A,0x20,0x00,0x00,0x00,0x00,0x05,0x03,0x3F,0xC0,0x00,0x02,
  0xA8,0x69,0xFD,0x7E,0x00,0x00,0x00,0x00,0x00,0x00,0x00,0x00,
  0x00,0x00,0x00,0x00,0x00,0x00,0x00,0x00,0x00,0x00,0x00,0x00,
  0x00,0x00,0x00,0x00,0x00,0x00,0x00,0x00,0x00,0x00,0x00,0x00,
  0x00,0x00,0x28,0x00,0x75,0x26,0xA9,0x80,0x00,0x00,0x3F,0x0F,
  0x60,0x00,0x00,0x00,0x00,0x00,0x00,0x00,0x00,0x00,0x00,0x00,
  0x00,0x00,0x00,0x00,0x00,0xF0,0x06,0xAB,0x9B,0x30,0x00,0x00,
  0x00,0x2A,0xAD,0x29,0x54,0xFA,0xE6,0x74,0x55,0x21,0x17,0xE2,
  0x51,0xB5,0x7F,0xF9,0xBD,0x20,0x00,0x00,0x00,0xD4,0x6A,0x5B,
  0x8F,0xC0,0x01,0x00,0xC2,0xB2,0x4F,0x62,0x00,0x00,0x00,0x00,
  0x00,0x00,0x00,0x00,0x00,0x00,0x00,0x00,0x00,0x00,0x00,0x00,
  0x00,0x00,0x00,0x00,0x00,0x00,0x00,0x00,0x00,0x00,0x00,0x00,
  0x00,0x00,0x00,0x00,0x00,0x00,0x38,0x01,0xEA,0x95,0x52,0xC0,
  0x00,0x00,0x1B,0x03,0xE0,0x00,0x00,0x00,0x00,0x00,0x00,0x00,
  0x00,0x00,0x00,0x00,0x00,0x00,0x00,0x00,0x00,0xF0,0x07,0x4A,
  0xFF,0x70,0x00,0x00,0x00,0x0A,0x9C,0xA5,0x22,0x29,0x9D,0x52,
  0x90,0x85,0x58,0x75,0x2A,0x5A,0xBB,0xB2,0xB0,0x40,0x00,0x00,
  0x00,0x24,0x94,0xFF,0x60,0x60,0x00,0x01,0xA9,0x50,0x03,0xD6,
  0x00,0x00,0x00,0x00,0x00,0x00,0x00,0x00,0x00,0x00,0x00,0x00,
  0x00,0x00,0x00,0x00,0x00,0x00,0x00,0x00,0x00,0x00,0x00,0x00,
  0x00,0x00,0x00,0x00,0x00,0x00,0x00,0x00,0x00,0x00,0x78,0x03,
  0xD1,0x52,0xAA,0xC0,0x00,0x00,0x0F,0x08,0xC0,0x00,0x00,0x00,
  0x00,0x00,0x00,0x00,0x00,0x00,0x00,0x00,0x00,0x00,0x00,0x00,
  0x01,0xB0,0x03,0xA4,0x8D,0xE0,0x00,0x00,0x00,0x00,0x7A,0x94,
  0x99,0x57,0x7A,0xB8,0x4B,0x34,0xAB,0x69,0x49,0x2D,0x4B,0xE1,
  0x09,0x40,0x00,0x00,0x00,0x8A,0x80,0xEE,0x96,0xE0,0x00,0x03,
  0xD5,0x54,0x91,0x46,0x00,0x00,0x00,0x00,0x00,0x00,0x00,0x00,
  0x00,0x00,0x00,0x00,0x00,0x00,0x00,0x00,0x00,0x00,0x00,0x00,
  0x00,0x00,0x00,0x00,0x00,0x00,0x00,0x00,0x00,0x00,0x00,0x00,
  0x00,0x00,0xF0,0x03,0x4A,0x4A,0xA5,0x80,0x00,0x00,0x0D,0x80,
  0x00,0x00,0x00,0x00,0x00,0x00,0x00,0x00,0x00,0x00,0x00,0x00,
  0x00,0x00,0x00,0x00,0x01,0xE0,0x01,0xBB,0x53,0xC0,0x00,0x00,
  0x00,0x00,0x1A,0x52,0xA5,0x4D,0x6E,0xA5,0x2B,0x69,0x68,0xD5,
  0x25,0x7B,0x56,0x00,0x80,0x80,0x00,0x00,0x00,0x31,0x25,0x62,
  0x51,0xC0,0x00,0x00,0xAA,0xD2,0x08,0x06,0x00,0x00,0x00,0x00,
  0x00,0x00,0x00,0x00,0x00,0x00,0x00,0x00,0x00,0x00,0x00,0x00,
  0x00,0x00,0x00,0x00,0x00,0x00,0x00,0x00,0x00,0x00,0x00,0x00,
  0x00,0x00,0x00,0x00,0x00,0x01,0xE0,0x07,0x29,0x2B,0x53,0x80,
  0x00,0x00,0x07,0xC0,0x00,0x00,0x00,0x00,0x00,0x00,0x00,0x00,
  0x00,0x00,0x00,0x00,0x00,0x00,0x00,0x00,0x00,0xE0,0x01,0xDE,
  0xCB,0x80,0x00,0x00,0x00,0x00,0x1D,0x4A,0x54,0xAB,0xDA,0x49,
  0x1D,0x65,0x56,0x75,0x54,0xD6,0xBC,0x01,0x24,0x80,0x00,0x00,
  0x00,0x0C,0x40,0xD9,0x4A,0xE0,0x00,0x00,0x35,0x88,0x42,0x47,
  0x00,0x00,0x00,0x00,0x00,0x00,0x00,0x00,0x00,0x00,0x00,0x00,
  0x00,0x00,0x00,0x00,0x00,0x00,0x00,0x00,0x00,0x00,0x00,0x00,
  0x00,0x00,0x00,0x00,0x00,0x00,0x00,0x00,0x00,0x01,0x40,0x27,
  0x55,0xA5,0xE9,0xC0,0x00,0x00,0x03,0xC0,0x00,0x00,0x00,0x00,
  0x00,0x00,0x00,0x00,0x00,0x00,0x00,0x00,0x00,0x00,0x00,0x00,
  0x00,0x70,0x03,0xED,0x69,0x80,0x00,0x00,0x00,0x00,0x19,0x2D,
  0x22,0x4D,0xD9,0x24,0xBF,0x52,0xBF,0xBD,0x4A,0xEE,0x9C,0x01,
  0x00,0xA0,0x00,0x00,0x00,0x02,0x16,0xE5,0x2A,0x7C,0x00,0x00,
  0x46,0xB1,0x14,0x93,0x00,0x00,0x00,0x00,0x00,0x00,0x00,0x00,
  0x00,0x00,0x00,0x00,0x00,0x00,0x00,0x00,0x00,0x00,0x00,0x00,
  0x00,0x00,0x00,0x00,0x00,0x00,0x00,0x00,0x00,0x00,0x00,0x00,
  0x00,0x01,0xE0,0x03,0x4A,0x52,0x96,0xC0,0x00,0x00,0x01,0xF0,
  0x00,0x00,0x00,0x00,0x00,0x00,0x00,0x00,0x00,0x00,0x00,0x00,
  0x00,0x00,0x00,0x00,0x00,0x20,0x1F,0x17,0xCB,0x00,0x00,0x00,
  0x00,0x00,0x1D,0x5E,0x9A,0xB3,0x2A,0x82,0x08,0x09,0x6B,0xEE,
  0xA9,0x35,0x58,0x01,0x4A,0x80,0x00,0x00,0x00,0x06,0x90,0x7A,
  0xA5,0x7E,0x00,0x01,0x01,0x7C,0x55,0x40,0x00,0x00,0x00,0x00,
  0x00,0x00,0x00,0x00,0x00,0x00,0x00,0x00,0x00,0x00,0x00,0x00,
  0x00,0x00,0x00,0x00,0x00,0x00,0x00,0x00,0x00,0x00,0x00,0x00,
  0x00,0x00,0x00,0x00,0x00,0x01,0xC0,0x19,0xA5,0x49,0xAD,0xC0,
  0x00,0x00,0x00,0xD8,0x00,0x00,0x00,0x00,0x00,0x00,0x00,0x00,
  0x00,0x00,0x00,0x00,0x00,0x00,0x00,0x00,0x00,0x01,0xFF,0xED,
  0x55,0xF0,0x00,0x00,0x00,0x00,0x0F,0xF7,0xC4,0x9D,0x5C,0x51,
  0x55,0x55,0xF8,0xC7,0x44,0xB6,0x58,0x00,0x45,0x00,0x00,0x00,
  0x00,0x04,0x4A,0x1C,0x92,0x13,0x00,0x01,0x22,0x4B,0x32,0x2A,
  0x00,0x00,0x00,0x00,0x00,0x00,0x00,0x00,0x00,0x00,0x00,0x00,
  0x00,0x00,0x00,0x00,0x00,0x00,0x00,0x00,0x00,0x00,0x00,0x00,
  0x00,0x00,0x00,0x00,0x00,0x00,0x00,0x00,0x00,0x01,0x40,0x08,
  0xF4,0xAA,0xB7,0x80,0x80,0x00,0x00,0x7E,0x00,0x00,0x00,0x00,
  0x00,0x00,0x00,0x00,0x00,0x00,0x00,0x00,0x00,0x00,0x00,0x00,
  0x00,0x03,0xE8,0xBB,0xC9,0xF8,0x00,0x00,0x00,0x00,0x07,0xE1,
  0xF2,0x42,0xA6,0x8A,0x69,0x73,0x36,0xD6,0xAA,0xB5,0x38,0x01,
  0xAC,0x00,0x00,0x00,0x00,0x04,0xA1,0x4D,0x55,0x57,0x80,0x00,
  0x88,0x74,0xDA,0x94,0x00,0x00,0x00,0x00,0x00,0x00,0x00,0x00,
  0x00,0x00,0x00,0x00,0x00,0x00,0x00,0x00,0x00,0x00,0x00,0x00,
  0x00,0x00,0x00,0x00,0x00,0x00,0x00,0x00,0x00,0x00,0x00,0x00,
  0x00,0x03,0xC0,0x2B,0x7D,0x25,0xB1,0x81,0xE0,0x00,0x00,0x1F,
  0x80,0x00,0x00,0x00,0x00,0x00,0x00,0x00,0x00,0x00,0x00,0x00,
  0x00,0x00,0x00,0x00,0x00,0x03,0x55,0x4E,0xF7,0x1F,0x00,0x00,
  0x00,0x00,0x00,0x55,0x7A,0xAA,0x5D,0x21,0x75,0xDA,0x93,0xB7,
  0xA9,0x3E,0xB0,0x00,0x50,0x00,0x00,0x00,0x00,0x0C,0x94,0x55,
  0x26,0xAF,0x00,0x00,0x41,0x15,0x25,0x52,0x00,0x00,0x00,0x00,
  0x00,0x00,0x00,0x00,0x00,0x00,0x00,0x00,0x00,0x00,0x00,0x00,
  0x00,0x00,0x00,0x00,0x00,0x00,0x00,0x00,0x00,0x00,0x00,0x00,
  0x00,0x00,0x00,0x00,0x00,0xE7,0x80,0x07,0x6E,0x94,0xDD,0xC3,
  0xF0,0x00,0x00,0x06,0xC0,0x00,0x00,0x00,0x00,0x00,0x00,0x00,
  0x00,0x00,0x00,0x00,0x00,0x00,0x00,0x00,0x00,0x0E,0x92,0x56,
  0x6F,0xD7,0x00,0x00,0x00,0x00,0x00,0x34,0x3E,0xA9,0x2C,0x4A,
  0x9B,0x75,0xAD,0xA9,0x54,0xEC,0xB0,0x00,0x80,0x00,0x00,0x00,
  0x00,0x03,0x41,0x0A,0x9F,0x46,0x00,0x00,0x32,0x42,0xF0,0x50,
  0x00,0x00,0x00,0x00,0x00,0x00,0x00,0x00,0x00,0x00,0x00,0x00,
  0x00,0x00,0x00,0x00,0x00,0x00,0x00,0x00,0x00,0x00,0x00,0x00,
  0x00,0x00,0x00,0x00,0x00,0x00,0x00,0x00,0x01,0xBF,0x00,0x07,
  0xB6,0xD5,0x55,0x73,0x38,0x00,0x00,0x03,0xE0,0x00,0x00,0x00,
  0x00,0x00,0x00,0x00,0x00,0x00,0x00,0x00,0x00,0x00,0x00,0x00,
  0x00,0x1D,0x49,0x2C,0xBD,0xC9,0x80,0x00,0x00,0x00,0x00,0x62,
  0x0F,0x95,0x4D,0x21,0x7E,0xF5,0xAB,0x67,0xA2,0xDA,0xB0,0x00,
  0x00,0x00,0x00,0x00,0x00,0x00,0x34,0x57,0x4D,0xFB,0x40,0x00,
  0x08,0x08,0xAA,0x15,0x00,0x00,0x00,0x00,0x00,0x00,0x00,0x00,
  0x00,0x00,0x00,0x00,0x00,0x00,0x00,0x00,0x00,0x00,0x00,0x00,
  0x00,0x00,0x00,0x00,0x00,0x00,0x00,0x00,0x00,0x00,0x00,0x00,
  0x01,0x7E,0x00,0x03,0x03,0xFA,0xED,0xF1,0xD8,0x00,0x00,0x00,
  0xF0,0x00,0x00,0x00,0x00,0x00,0x00,0x00,0x00,0x00,0x00,0x00,
  0x00,0x00,0x00,0x00,0x00,0x35,0x2A,0xAE,0x7D,0xB5,0x80,0x00,
  0x00,0x00,0x00,0x58,0xA5,0xE7,0xB8,0x94,0xAB,0xC6,0xFA,0xB6,
  0xAA,0x5A,0x60,0x00,0x00,0x00,0x00,0x00,0x00,0x00,0x22,0x0B,
  0xDD,0xFF,0xE0,0x00,0x11,0x50,0x01,0x42,0x00,0x00,0x00,0x00,
  0x00,0x00,0x00,0x00,0x00,0x00,0x00,0x00,0x00,0x00,0x00,0x00,
  0x00,0x00,0x00,0x00,0x00,0x00,0x00,0x00,0x00,0x00,0x00,0x00,
  0x00,0x00,0x00,0x00,0x0F,0xCC,0x00,0x01,0x7B,0xF5,0x5B,0x79,
  0xAC,0x00,0x00,0x00,0x38,0x00,0x00,0x00,0x00,0x00,0x00,0x00,
  0x00,0x00,0x00,0x00,0x00,0x00,0x00,0x00,0x00,0x1A,0xA5,0x4E,
  0xF3,0x7B,0xC0,0x00,0x00,0x00,0x00,0x76,0x48,0xFF,0xCE,0x4B,
  0x57,0x9D,0x5B,0x5C,0xD5,0x75,0xE0,0x00,0x00,0x00,0x00,0x00,
  0x00,0x00,0x1D,0xA1,0xA7,0x17,0xB0,0x00,0x09,0x25,0x4A,0x2D,
  0x00,0x00,0x00,0x00,0x00,0x00,0x00,0x00,0x00,0x00,0x00,0x00,
  0x00,0x00,0x00,0x00,0x00,0x00,0x00,0x00,0x00,0x00,0x00,0x00,
  0x00,0x00,0x00,0x00,0x00,0x00,0x00,0x00,0x1F,0x80,0x00,0x00,
  0x69,0x3A,0x6E,0xBF,0xAE,0x00,0x00,0x00,0x38,0x00,0x00,0x00,
  0x00,0x00,0x00,0x00,0x00,0x00,0x00,0x00,0x00,0x00,0x00,0x00,
  0x00,0x3A,0x52,0x27,0xF3,0xFF,0x80,0x00,0x00,0x00,0x00,0x11,
  0x30,0x3C,0xFD,0xA2,0xFD,0xBA,0xFE,0xEA,0x69,0x68,0xC0,0x00,
  0x00,0x00,0x00,0x00,0x00,0x00,0x11,0x0B,0x57,0xE0,0xFC,0x00,
  0x0C,0x80,0x11,0x44,0x00,0x00,0x00,0x00,0x00,0x00,0x00,0x00,
  0x00,0x00,0x00,0x00,0x00,0x00,0x00,0x00,0x00,0x00,0x00,0x00,
  0x00,0x00,0x00,0x00,0x00,0x00,0x00,0x00,0x00,0x00,0x00,0x00,
  0x1E,0x00,0x00,0x00,0x34,0x65,0x52,0xBE,0x5C,0x00,0x00,0x00,
  0x16,0xB1,0xF8,0x00,0x00,0x00,0x00,0x00,0x00,0x00,0x00,0x00,
  0x00,0x00,0x00,0x00,0x00,0x19,0x29,0x57,0xF1,0xCD,0x80,0x00,
  0x00,0x00,0x00,0x02,0x92,0x90,0x38,0x94,0xF7,0xBD,0x9E,0xFD,
  0x25,0x15,0xC0,0x00,0x00,0x00,0x00,0x00,0x00,0x00,0x00,0x93,
  0x69,0x80,0x6F,0x00,0x02,0x10,0x94,0x3A,0x00,0x00,0x00,0x00,
  0x00,0x00,0x00,0x00,0x00,0x00,0x00,0x00,0x00,0x00,0x00,0x00,
  0x00,0x00,0x00,0x00,0x00,0x00,0x00,0x00,0x00,0x00,0x00,0x00,
  0x00,0x00,0x00,0x00,0x0F,0x00,0x00,0x00,0x00,0x39,0xDD,0xA2,
  0xAD,0x00,0x00,0x00,0x0E,0x9D,0x9C,0x00,0x00,0x00,0x00,0x00,
  0x00,0x00,0x00,0x00,0x00,0x00,0x00,0x00,0x00,0x1D,0x4B,0xF1,
  0xB0,0x87,0xC0,0x00,0x00,0x00,0x00,0x02,0x49,0x00,0x09,0x4B,
  0x95,0xB7,0x5F,0xF6,0xAA,0xA3,0x80,0x00,0x00,0x00,0x00,0x00,
  0x00,0x00,0x00,0x43,0xDA,0xC0,0x77,0xC1,0x81,0x0B,0xD3,0x56,
  0x00,0x00,0x00,0x00,0x00,0x00,0x00,0x00,0x00,0x00,0x00,0x00,
  0x00,0x00,0x00,0x00,0x00,0x00,0x00,0x00,0x00,0x00,0x00,0x00,
  0x00,0x00,0x00,0x00,0x00,0x00,0x00,0x00,0x07,0x50,0x00,0x00,
  0x00,0x1F,0x76,0xD5,0x16,0x00,0x00,0x00,0x06,0xAF,0xFE,0x30,
  0x00,0x00,0x00,0x00,0x00,0x00,0x00,0x00,0x00,0x00,0x00,0x00,
  0x00,0x35,0xBF,0xFC,0x78,0x1E,0xE0,0x05,0x00,0x00,0x00,0x05,
  0x54,0x00,0x32,0x75,0xB6,0xBA,0xA4,0x9B,0x48,0x95,0x80,0x00,
  0x00,0x00,0x00,0x00,0x00,0x00,0x00,0x55,0x2B,0x9C,0x39,0xE3,
  0xC0,0x07,0xFA,0xBA,0x00,0x00,0x00,0x00,0x00,0x00,0x00,0x00,
  0x00,0x00,0x00,0x00,0x00,0x00,0x00,0x00,0x00,0x00,0x00,0x00,
  0x00,0x00,0x00,0x00,0x00,0x00,0x00,0x00,0x00,0x00,0x00,0x00,
  0x07,0x90,0x00,0x00,0x00,0x0D,0x6D,0x92,0xAF,0x80,0x00,0x00,
  0x00,0x1F,0x14,0xF4,0x00,0x00,0x00,0x00,0x00,0x00,0x00,0x00,
  0x00,0x00,0x00,0x00,0x00,0x3A,0xA4,0x4F,0xE0,0x3B,0x80,0x00,
  0x00,0x00,0x00,0x04,0x65,0x00,0x1B,0xE9,0xBE,0xFB,0x57,0x65,
  0xA5,0x57,0x00,0x00,0x00,0x00,0xFE,0x00,0x00,0x00,0x00,0x20,
  0xAD,0xFE,0x34,0xE7,0xE0,0x0E,0x6F,0x00,0x00,0x00,0x00,0x00,
  0x00,0x00,0x00,0x00,0x00,0x00,0x00,0x00,0x00,0x00,0x00,0x00,
  0x00,0x00,0x00,0x00,0x00,0x00,0x00,0x00,0x00,0x00,0x00,0x00,
  0x00,0x00,0x00,0x00,0x07,0x3C,0x00,0x00,0x40,0x3E,0xDB,0x49,
  0x4A,0xC0,0x00,0x00,0x00,0x73,0xDF,0xEF,0x00,0x00,0x00,0x00,
  0x00,0x00,0x00,0x00,0x00,0x00,0x00,0x00,0x00,0x3D,0x7B,0xFB,
  0xC0,0x37,0x00,0x00,0x00,0x00,0x00,0x06,0x12,0xC0,0x07,0xB7,
  0xD9,0x4C,0xF8,0xCA,0x7A,0x4E,0x00,0x00,0x00,0x01,0xFF,0x00,
  0x00,0x00,0x00,0x26,0x94,0xF7,0x1A,0x7C,0x60,0x3D,0x16,0x5A,
  0x00,0x00,0x00,0x00,0x00,0x00,0x00,0x00,0x00,0x00,0x00,0x00,
  0x00,0x00,0x00,0x00,0x00,0x00,0x00,0x00,0x00,0x00,0x00,0x00,
  0x00,0x00,0x00,0x00,0x00,0x00,0x00,0x00,0x07,0x68,0x00,0x00,
  0x81,0xF1,0x77,0x2A,0x2B,0xC0,0x00,0x00,0x00,0xFF,0xBD,0xCF,
  0x80,0x00,0x00,0x00,0x00,0x00,0x00,0x00,0x00,0x00,0x00,0x00,
  0x00,0x32,0x85,0x3E,0x40,0x1B,0x80,0x00,0x00,0x00,0x00,0x00,
  0x36,0xE0,0x06,0xBE,0x2A,0xBA,0x2F,0xE9,0x19,0x3C,0x00,0x00,
  0x00,0x03,0x97,0x00,0x00,0x00,0x08,0x4D,0x4B,0x3F,0x9D,0x3B,
  0x78,0x79,0x5C,0x24,0x00,0x00,0x00,0x00,0x00,0x00,0x00,0x00,
  0x00,0x00,0x00,0x00,0x00,0x00,0x00,0x00,0x00,0x00,0x00,0x00,
  0x00,0x00,0x00,0x00,0x00,0x00,0x00,0x00,0x00,0x00,0x00,0x00,
  0x07,0xEE,0x00,0x00,0x07,0xAE,0xEE,0xA5,0x55,0xC0,0x00,0x00,
  0x00,0x7F,0x1F,0x03,0xC0,0x00,0x00,0x00,0x00,0x00,0x00,0x00,
  0x00,0x00,0x00,0x00,0x00,0x3A,0x54,0xAF,0xE0,0x1B,0x00,0x00,
  0x00,0x00,0x00,0x00,0x0C,0xB0,0x0E,0x5E,0xA9,0x4A,0xA5,0x34,
  0xD6,0xF8,0x06,0x40,0x00,0x07,0x5D,0x80,0x00,0x00,0x15,0x58,
  0xAA,0xCF,0x0E,0xA8,0x99,0xF4,0xAD,0x2A,0x00,0x00,0x00,0x00,
  0x00,0x00,0x00,0x00,0x00,0x00,0x00,0x00,0x00,0x00,0x00,0x00,
  0x00,0x00,0x00,0x00,0x00,0x00,0x00,0x00,0x00,0x00,0x00,0x00,
  0x00,0x00,0x00,0x00,0x07,0x37,0xD0,0x00,0x8F,0xF5,0x5C,0x94,
  0x92,0xE0,0x00,0x00,0x00,0x20,0x00,0x01,0xC0,0x00,0x00,0x00,
  0x00,0x00,0x00,0x00,0x00,0x00,0x00,0x00,0x00,0x37,0xFF,0xD4,
  0xFB,0x7F,0x80,0x00,0x00,0x00,0x00,0x00,0x16,0x60,0x03,0xDD,
  0x54,0xA9,0x55,0x5F,0x59,0xE0,0x0F,0xE0,0x00,0x0E,0x5F,0x00,
  0x00,0x00,0x36,0x4D,0x29,0x67,0x8F,0x46,0x5D,0x2A,0x78,0x52,
  0x00,0x00,0x00,0x00,0x00,0x00,0x00,0x00,0x00,0x00,0x00,0x00,
  0x00,0x00,0x00,0x00,0x00,0x00,0x00,0x00,0x00,0x00,0x00,0x00,
  0x00,0x00,0x00,0x00,0x00,0x00,0x00,0x00,0x05,0x69,0x78,0x00,
  0x1C,0x57,0xD5,0x52,0xAB,0x30,0x00,0x00,0x00,0x00,0x00,0x00,
  0xE0,0x00,0x00,0x00,0x00,0x00,0x00,0x00,0x00,0x00,0x00,0x00,
  0x00,0x3C,0x00,0x72,0xFF,0xEF,0xC0,0x00,0x00,0x00,0x00,0x00,
  0x69,0xC0,0x01,0xA9,0x22,0x4A,0x92,0xAD,0xD7,0x80,0x1D,0xE0,
  0x00,0x19,0x78,0x00,0x00,0x00,0x11,0x8A,0xAA,0xB1,0xFD,0xA9,
  0x5A,0xB2,0xB0,0x52,0x00,0x00,0x00,0x00,0x00,0x00,0x00,0x00,
  0x00,0x00,0x00,0x00,0x00,0x00,0x00,0x00,0x00,0x00,0x00,0x00,
  0x00,0x00,0x00,0x00,0x00,0x00,0x00,0x00,0x00,0x00,0x00,0x00,
  0x07,0x65,0xDB,0x86,0x72,0xE4,0x4C,0x94,0xD5,0x5A,0x00,0x00,
  0x00,0x00,0x00,0x01,0xC0,0x00,0x00,0x00,0x00,0x00,0x00,0x00,
  0x00,0x00,0x00,0x00,0x00,0x3B,0xFF,0xD5,0x6E,0xBB,0xC0,0x00,
  0x00,0x00,0x00,0x18,0xC2,0x80,0x21,0xA4,0x95,0x24,0x49,0x12,
  0xAF,0x00,0x1D,0x70,0x00,0x1D,0xF8,0x00,0x00,0x00,0x64,0x23,
  0x10,0x3A,0xEE,0xA5,0x2C,0x74,0xB8,0xA8,0x00,0x00,0x00,0x00,
  0x00,0x00,0x00,0x00,0x00,0x00,0x00,0x00,0x00,0x00,0x00,0x00,
  0x00,0x00,0x00,0x00,0x00,0x00,0x00,0x00,0x00,0x00,0x00,0x00,
  0x00,0x00,0x00,0x00,0x07,0x53,0x6F,0xEF,0xEA,0x35,0x5A,0x53,
  0xF6,0x2A,0x00,0x00,0x00,0x00,0x00,0x00,0xE0,0x00,0x00,0x00,
  0x00,0x00,0x00,0x00,0x00,0x00,0x00,0x00,0x00,0x1D,0x29,0x49,
  0x51,0xDF,0xC0,0x00,0x00,0x00,0x00,0x3C,0xF2,0xC0,0x81,0xD5,
  0x55,0x53,0x54,0xAA,0x1C,0x00,0x0E,0xB0,0x00,0x3B,0x98,0x00,
  0x00,0x00,0x92,0x14,0xC5,0x55,0x3F,0x54,0xB9,0x1A,0x71,0x21,
  0x00,0x00,0x00,0x00,0x00,0x00,0x00,0x00,0x00,0x00,0x00,0x00,
  0x00,0x00,0x00,0x00,0x00,0x00,0x00,0x00,0x00,0x00,0x00,0x00,
  0x00,0x00,0x00,0x00,0x00,0x00,0x00,0x00,0x07,0xAB,0x96,0xFF,
  0xA9,0xED,0x2A,0xAB,0x29,0x5F,0x80,0x00,0x00,0x00,0x00,0x00,
  0x70,0x00,0x00,0x00,0x00,0x00,0x00,0x00,0x00,0x00,0x00,0x00,
  0x00,0x0C,0xA5,0x2A,0xBA,0xBE,0xC0,0x00,0x00,0x00,0x00,0x10,
  0x16,0x80,0x00,0xD2,0xA4,0xA8,0x92,0xA5,0x78,0x00,0x0E,0x5C,
  0x00,0x77,0x00,0x00,0x00,0x00,0x49,0xAA,0xB4,0xB4,0xBF,0xD2,
  0xB4,0xAD,0x3C,0x82,0x00,0x00,0x00,0x00,0x00,0x00,0x00,0x00,
  0x00,0x00,0x00,0x00,0x00,0x00,0x00,0x00,0x00,0x00,0x00,0x00,
  0x00,0x00,0x00,0x00,0x00,0x00,0x00,0x00,0x00,0x00,0x00,0x00,
  0x05,0x69,0xEA,0x59,0x54,0xBB,0xB9,0x56,0x55,0x25,0x80,0x00,
  0x00,0x00,0x00,0x00,0x38,0x00,0x00,0x00,0x00,0x00,0x00,0x00,
  0x00,0x00,0x00,0x00,0x00,0x07,0x52,0xA4,0xFD,0x51,0x60,0x00,
  0x00,0x00,0x00,0x00,0x07,0x80,0x83,0xD4,0x53,0x4A,0xAA,0x5D,
  0x30,0x00,0x07,0xDE,0x00,0xE3,0x00,0x00,0x00,0x00,0x74,0x55,
  0x2B,0x5A,0x48,0x6A,0x52,0x4C,0x9F,0xD2,0x00,0x00,0x00,0x00,
  0x00,0x00,0x00,0x00,0x00,0x00,0x00,0x00,0x00,0x00,0x00,0x00,
  0x00,0x00,0x00,0x00,0x00,0x00,0x00,0x00,0x00,0x00,0x00,0x00,
  0x00,0x00,0x00,0x00,0x0F,0xD4,0x65,0x25,0x25,0x55,0x1A,0x2D,
  0x6A,0x4B,0xC0,0x00,0x00,0x00,0x00,0x00,0x3C,0x00,0x00,0x00,
  0x00,0x00,0x00,0x00,0x00,0x00,0x00,0x00,0x00,0x06,0x29,0x12,
  0xCE,0xAA,0xE0,0x00,0x00,0x00,0x00,0x00,0x01,0x00,0x03,0xA5,
  0x28,0xAA,0x49,0x7F,0x60,0x00,0x0D,0xF6,0x09,0xD7,0x00,0x00,
  0x00,0x00,0x2E,0x8B,0x94,0xAD,0x2F,0xE9,0x75,0x56,0xA7,0xE2,
  0x00,0x00,0x00,0x00,0x00,0x00,0x00,0x00,0x00,0x00,0x00,0x00,
  0x00,0x00,0x00,0x00,0x00,0x00,0x00,0x00,0x00,0x00,0x00,0x00,
  0x00,0x00,0x00,0x00,0x00,0x00,0x00,0x00,0x0E,0xF7,0x68,0x94,
  0x92,0xAB,0x5B,0x55,0x54,0xA5,0xC0,0x00,0x00,0x00,0x00,0x00,
  0x1E,0x10,0x00,0x01,0x00,0x00,0x00,0x00,0x00,0x00,0x00,0x00,
  0x00,0x03,0x94,0xAB,0xD5,0x49,0xC0,0x00,0x00,0x00,0x00,0x00,
  0x00,0x00,0x01,0xD2,0x95,0x49,0x25,0xE3,0xC0,0x00,0x07,0x7C,
  0x57,0x2B,0x80,0x00,0x00,0x00,0x07,0x2D,0x52,0xD6,0xA9,0x55,
  0x2B,0xAB,0x55,0x62,0x00,0x00,0x00,0x00,0x00,0x00,0x00,0x00,
  0x00,0x00,0x00,0x00,0x00,0x00,0x00,0x00,0x00,0x00,0x00,0x00,
  0x00,0x00,0x00,0x00,0x00,0x00,0x00,0x00,0x00,0x00,0x00,0x00,
  0x0F,0x89,0x55,0x52,0xAA,0xD6,0xBF,0xE8,0xA2,0x52,0x60,0x00,
  0x00,0x00,0x00,0x00,0x0F,0x2D,0x00,0x03,0x80,0x00,0x00,0x00,
  0x00,0x00,0x00,0x00,0x00,0x03,0x4A,0xA9,0xAE,0xA4,0x60,0x00,
  0x00,0x00,0x00,0x00,0x00,0x00,0x00,0xF9,0x4A,0x25,0x55,0xC1,
  0x80,0x00,0x02,0x18,0xFE,0x9F,0x00,0x00,0x00,0x00,0x01,0x93,
  0xAD,0x4D,0x65,0x69,0x5E,0x76,0x2A,0xC7,0x00,0x00,0x00,0x00,
  0x00,0x00,0x00,0x00,0x00,0x00,0x00,0x00,0x00,0x00,0x00,0x00,
  0x00,0x00,0x00,0x00,0x00,0x00,0x00,0x00,0x00,0x00,0x00,0x00,
  0x00,0x00,0x00,0x00,0x0A,0xB5,0x65,0x4A,0x49,0x52,0xAC,0x57,
  0x9A,0x95,0xC0,0x00,0x00,0x00,0x00,0x00,0x0F,0x1B,0x80,0x0F,
  0x80,0x00,0x00,0x00,0x00,0x00,0x00,0x00,0x00,0x01,0xA5,0x5B,
  0x7C,0x55,0x60,0x00,0x00,0x00,0x00,0x00,0x00,0x00,0x00,0x3C,
  0xA5,0x54,0x93,0x80,0x00,0x00,0x00,0x01,0xFD,0x5C,0x00,0x00,
  0x00,0x00,0x00,0xA0,0x6A,0x14,0xF9,0x14,0xAB,0xCB,0x45,0xD6,
  0x00,0x00,0x00,0x00,0x00,0x00,0x00,0x00,0x00,0x00,0x00,0x00,
  0x00,0x00,0x00,0x00,0x00,0x00,0x00,0x00,0x00,0x00,0x00,0x00,
  0x00,0x00,0x00,0x00,0x00,0x00,0x00,0x00,0x0B,0xCC,0xD4,0xA9,
  0x54,0xAC,0x43,0xDE,0xA5,0x56,0x60,0x00,0x00,0x00,0x00,0x00,
  0x0F,0xB9,0x00,0x1F,0xC0,0x00,0x00,0x00,0x00,0x00,0x00,0x00,
  0x00,0x01,0xD2,0xFF,0xDD,0x25,0x70,0x00,0x00,0x00,0x00,0x00,
  0x00,0x60,0x70,0x1A,0x92,0x92,0xAF,0x00,0x00,0x00,0x00,0x01,
  0x8A,0x78,0x00,0x00,0x00,0x00,0x01,0x09,0x15,0xAD,0xBA,0xA5,
  0x2E,0x26,0xA8,0xF6,0x00,0x00,0x00,0x00,0x00,0x00,0x00,0x00,
  0x00,0x00,0x00,0x00,0x00,0x00,0x00,0x00,0x00,0x00,0x00,0x00,
  0x00,0x00,0x00,0x00,0x00,0x00,0x00,0x00,0x00,0x00,0x00,0x00,
  0x0E,0x3B,0x4A,0x25,0x25,0x6B,0x3D,0x2A,0xDE,0x0A,0xC0,0x00,
  0x00,0x00,0x00,0x00,0x06,0xBB,0xE1,0xBF,0x60,0x00,0x00,0x00,
  0x00,0x00,0x00,0x00,0x00,0x00,0xD5,0xEF,0xBE,0x92,0x38,0x00,
  0x00,0x00,0x00,0x00,0x06,0xF9,0x78,0x0D,0x54,0x55,0x27,0x00,
  0x00,0x00,0x00,0x03,0xA9,0xFC,0x00,0x00,0x00,0x00,0x01,0x40,
  0x42,0x97,0x8D,0x29,0x4D,0x16,0x55,0x3D,0x00,0x00,0x00,0x00,
  0x00,0x00,0x00,0x00,0x00,0x00,0x00,0x00,0x00,0x00,0x00,0x00,
  0x00,0x00,0x00,0x00,0x00,0x00,0x00,0x00,0x00,0x00,0x00,0x00,
  0x00,0x00,0x00,0x00,0x0F,0xCC,0xD1,0x94,0x92,0xD0,0xA3,0xA5,
  0x23,0xD7,0x7F,0x00,0x00,0x00,0x00,0x00,0x00,0x33,0x77,0xDB,
  0xB8,0x00,0x00,0x00,0x00,0x00,0x00,0x00,0x00,0x00,0x6B,0x7B,
  0xF9,0x55,0x70,0x00,0x00,0x00,0x00,0x00,0x5E,0xDF,0xF8,0x0E,
  0x4A,0xA4,0x97,0x00,0x00,0x00,0x20,0x07,0x55,0xF8,0x00,0x00,
  0x10,0x00,0x01,0x15,0x15,0x4D,0x27,0x4A,0x56,0x6E,0x8A,0xAA,
  0x00,0x00,0x00,0x00,0x00,0x00,0x00,0x00,0x00,0x00,0x00,0x00,
  0x00,0x00,0x00,0x00,0x00,0x00,0x00,0x00,0x00,0x00,0x00,0x00,
  0x00,0x00,0x00,0x00,0x00,0x00,0x00,0x00,0x07,0x63,0x94,0x52,
  0xA9,0x65,0x49,0x94,0xAA,0xCA,0x5F,0x00,0x00,0x00,0x00,0x00,
  0x00,0x00,0xAB,0xC3,0x5E,0x00,0x00,0x00,0x00,0x00,0x00,0x00,
  0x00,0x00,0x76,0xFC,0xB5,0x49,0xB0,0x00,0x00,0x00,0x00,0x00,
  0xFB,0xFF,0x20,0x07,0x25,0x12,0xAE,0x00,0x00,0x00,0x70,0x03,
  0x97,0xE0,0x00,0x00,0xE8,0x00,0x01,0x40,0x49,0x50,0x4B,0xA5,
  0x5D,0x55,0x52,0x4A,0x00,0x00,0x00,0x00,0x00,0x00,0x00,0x00,
  0x00,0x00,0x00,0x00,0x00,0x00,0x00,0x00,0x00,0x00,0x00,0x00,
  0x00,0x00,0x00,0x00,0x00,0x00,0x00,0x00,0x00,0x00,0x00,0x00,
  0x03,0xFB,0x4B,0x4A,0x4A,0xD8,0x2A,0xD2,0x55,0x75,0x25,0x80,
  0x00,0x00,0x00,0x00,0x00,0x00,0x11,0x87,0x2F,0x00,0x00,0x00,
  0x00,0x00,0x00,0x00,0x00,0x00,0x7F,0xA7,0xBA,0xAA,0xE0,0x00,
  0x00,0x00,0x00,0x03,0x77,0xEE,0x00,0x03,0xA8,0xD4,0x9C,0x00,
  0x80,0x00,0x78,0x01,0xFB,0x04,0x00,0x00,0x90,0x40,0x06,0x12,
  0x05,0x45,0x23,0x52,0xA4,0x2C,0xAA,0xA6,0x00,0x00,0x00,0x00,
  0x00,0x00,0x00,0x00,0x00,0x00,0x00,0x00,0x00,0x00,0x00,0x00,
  0x00,0x00,0x00,0x00,0x00,0x00,0x00,0x00,0x00,0x00,0x00,0x00,
  0x00,0x00,0x00,0x00,0x03,0xAE,0xA8,0xA9,0x2B,0x86,0x91,0x4A,
  0x90,0xBE,0x95,0x80,0x00,0x00,0x00,0x00,0x00,0x00,0x00,0x06,
  0xA3,0x80,0x00,0x00,0x00,0x00,0x00,0x00,0x00,0x00,0x3F,0x55,
  0xEF,0x56,0xE0,0x00,0x00,0x00,0x00,0x07,0xB9,0xC4,0x00,0x03,
  0x95,0x25,0x5F,0x81,0x40,0x00,0x3C,0x00,0x7F,0x20,0x00,0x21,
  0x4C,0xE0,0x19,0x41,0x53,0x90,0xAF,0x2A,0xBF,0x87,0x4A,0x57,
  0x00,0x00,0x00,0x00,0x00,0x00,0x00,0x00,0x00,0x00,0x00,0x00,
  0x00,0x00,0x00,0x00,0x00,0x00,0x00,0x00,0x00,0x00,0x00,0x00,
  0x00,0x00,0x00,0x00,0x00,0x00,0x00,0x00,0x03,0xF5,0x25,0x25,
  0x56,0xA4,0x8A,0x69,0x4A,0x8A,0xAA,0xC0,0x00,0x00,0x00,0x00,
  0x00,0x00,0x00,0x0E,0xA9,0xE0,0x00,0x00,0x00,0x00,0x00,0x00,
  0x00,0x00,0x35,0x4A,0xBF,0xAC,0x30,0x00,0x00,0x00,0x00,0x03,
  0xDF,0x80,0x00,0x01,0xAA,0x94,0xAF,0xE0,0xB0,0x00,0x18,0x00,
  0x87,0x80,0x00,0x31,0x1E,0x90,0x0C,0x14,0x04,0xA4,0x54,0x93,
  0x56,0x2E,0xDD,0x2D,0x00,0x00,0x00,0x00,0x00,0x00,0x00,0x00,
  0x00,0x00,0x00,0x00,0x00,0x00,0x00,0x00,0x00,0x00,0x00,0x00,
  0x00,0x00,0x00,0x00,0x00,0x00,0x00,0x00,0x00,0x00,0x00,0x00,
  0x03,0xEA,0x94,0x94,0x9D,0x15,0x51,0x74,0xAA,0x52,0x95,0xC0,
  0x00,0x00,0x00,0x00,0x00,0x00,0x00,0x0D,0x54,0xE0,0x00,0x00,
  0x00,0x00,0x00,0x00,0x00,0x00,0x1D,0x25,0xFD,0xD5,0xB0,0x00,
  0x00,0x00,0x00,0x01,0xDE,0x00,0x00,0x00,0xF9,0x52,0x42,0x61,
  0x08,0x00,0x00,0x00,0x43,0x0A,0x02,0x8B,0x55,0x1C,0x09,0x00,
  0xA3,0x11,0x5F,0x4F,0xEA,0x53,0x76,0x9D,0x00,0x00,0x00,0x00,
  0x00,0x00,0x00,0x00,0x00,0x00,0x00,0x00,0x00,0x00,0x00,0x00,
  0x00,0x00,0x00,0x00,0x00,0x00,0x00,0x00,0x00,0x00,0x00,0x00,
  0x00,0x00,0x00,0x00,0x07,0xB6,0x52,0xAA,0x5A,0x8A,0x55,0x1A,
  0x49,0x4B,0x54,0xC0,0x00,0x00,0x00,0x00,0x00,0x00,0x00,0x06,
  0xBA,0x60,0x00,0x00,0x00,0x00,0x00,0x00,0x00,0x00,0x1F,0xA8,
  0xDE,0x7A,0xD8,0x00,0x00,0x00,0x00,0x00,0x88,0x00,0x00,0x00,
  0xEF,0x2D,0x29,0xF2,0x2C,0x00,0x00,0x00,0x14,0xA3,0x76,0xAA,
  0x38,0x4C,0x14,0x54,0x09,0x44,0x35,0xA6,0x12,0x68,0xA5,0x78,
  0x00,0x00,0x00,0x00,0x00,0x00,0x00,0x00,0x00,0x00,0x00,0x00,
  0x00,0x00,0x00,0x00,0x00,0x00,0x00,0x00,0x00,0x00,0x00,0x00,
  0x00,0x00,0x00,0x00,0x00,0x00,0x00,0x00,0x03,0xEA,0xAA,0x45,
  0x72,0xA9,0x54,0x9D,0x55,0x29,0x6D,0xC0,0x00,0x00,0x00,0x00,
  0x00,0x00,0x00,0x3E,0xBD,0x30,0x00,0x00,0x00,0x00,0x00,0x00,
  0x00,0x00,0x0B,0x95,0x75,0x3B,0x50,0x00,0x00,0x00,0x00,0x00,
  0x00,0x00,0x00,0x00,0x27,0xB6,0xAA,0xD5,0x07,0x00,0x00,0x00,
  0x82,0x10,0x88,0x08,0x15,0x02,0x31,0x01,0x22,0x91,0x6F,0x2A,
  0x89,0x45,0x53,0x65,0x00,0x00,0x00,0x00,0x00,0x00,0x00,0x00,
  0x00,0x00,0x00,0x00,0x00,0x00,0x00,0x00,0x00,0x00,0x00,0x00,
  0x00,0x00,0x00,0x00,0x00,0x00,0x00,0x00,0x00,0x00,0x00,0x00,
  0x03,0xBD,0x25,0x32,0x55,0x14,0x8B,0x47,0x92,0xA5,0x55,0x70,
  0x40,0x00,0x00,0x00,0x00,0x00,0x00,0x7B,0x95,0x70,0x00,0x00,
  0x00,0x00,0x00,0x00,0x00,0x00,0x06,0xA4,0xAE,0x83,0x50,0x00,
  0x00,0x00,0x00,0x00,0x00,0x00,0x00,0x1C,0x19,0xDE,0x49,0xA9,
  0x41,0x00,0x08,0x00,0x15,0x48,0x21,0x25,0x54,0x53,0xC4,0x50,
  0x89,0x04,0xD9,0x96,0x4A,0x53,0xA5,0xE2,0x00,0x00,0x00,0x00,
  0x00,0x00,0x00,0x00,0x00,0x00,0x00,0x00,0x00,0x00,0x00,0x00,
  0x00,0x00,0x00,0x00,0x00,0x00,0x00,0x00,0x00,0x00,0x00,0x00,
  0x00,0x00,0x00,0x00,0x01,0xFE,0x92,0x89,0x35,0x4A,0x76,0xE5,
  0xA9,0x29,0x2A,0xB8,0x60,0x00,0x00,0x00,0x00,0x00,0x00,0xFF,
  0xDD,0x30,0x00,0x00,0x00,0x00,0x00,0x00,0x00,0x00,0x07,0xD2,
  0xA7,0x2C,0x88,0x00,0x00,0x00,0x00,0x00,0x00,0x00,0x00,0x3C,
  0x0A,0x73,0x57,0x10,0xA9,0x00,0x24,0x00,0x84,0x02,0x08,0x49,
  0x35,0x08,0xA1,0x0A,0x20,0x53,0xB3,0x7A,0xA4,0xAD,0x09,0x95,
  0x00,0x00,0x00,0x00,0x00,0x00,0x00,0x00,0x00,0x00,0x00,0x00,
  0x00,0x00,0x00,0x00,0x00,0x00,0x00,0x00,0x00,0x00,0x00,0x00,
  0x00,0x00,0x00,0x00,0x00,0x00,0x00,0x00,0x01,0x5C,0xA9,0x55,
  0x65,0x12,0xAB,0x2B,0xC4,0x94,0xA5,0x58,0xF0,0x00,0x00,0x00,
  0x00,0x00,0x01,0x97,0x74,0xB0,0x00,0x00,0x00,0x00,0x00,0x00,
  0x00,0x00,0x03,0x55,0x16,0x9F,0xD4,0x00,0x00,0x00,0x00,0x00,
  0x00,0x00,0x00,0xFC,0x00,0xB3,0xCA,0x90,0x51,0x80,0x44,0x00,
  0x56,0x90,0x82,0x12,0x2C,0x45,0x48,0x40,0x85,0x07,0x75,0xEE,
  0x42,0xAA,0x42,0x42,0x00,0x00,0x00,0x00,0x00,0x00,0x00,0x00,
  0x00,0x00,0x00,0x00,0x00,0x00,0x00,0x00,0x00,0x00,0x00,0x00,
  0x00,0x00,0x00,0x00,0x00,0x00,0x00,0x00,0x00,0x00,0x00,0x00,
  0x01,0xCD,0x24,0xA4,0xED,0x39,0x28,0xFB,0x75,0x4A,0x95,0x71,
  0xB8,0x00,0x00,0x00,0x00,0x00,0x0F,0xF6,0xCA,0xF0,0x00,0x00,
  0x00,0x00,0x00,0x00,0x00,0x00,0x03,0xE8,0xAA,0xAD,0x48,0x00,
  0x00,0x00,0x00,0x00,0x00,0x00,0x03,0xCC,0x03,0x09,0x76,0x0C,
  0x36,0x00,0xA4,0x00,0x04,0x44,0x28,0x84,0x91,0x12,0x25,0x14,
  0x20,0x5C,0xED,0x9B,0x53,0x60,0x29,0x77,0x00,0x00,0x00,0x00,
  0x00,0x00,0x00,0x00,0x00,0x00,0x00,0x00,0x00,0x00,0x00,0x00,
  0x00,0x00,0x00,0x00,0x00,0x00,0x00,0x00,0x00,0x00,0x00,0x00,
  0x00,0x00,0x00,0x00,0x01,0xDA,0x95,0x15,0x6A,0xEF,0xAE,0xF7,
  0xFE,0x52,0x69,0x71,0xCC,0x80,0x00,0x00,0x00,0x00,0x72,0xDD,
  0xB5,0xE0,0x00,0x00,0x00,0x00,0x00,0x00,0x00,0x00,0x01,0xB5,
  0x56,0x9C,0xB8,0x00,0x00,0x00,0x00,0x00,0x00,0x00,0x07,0x5C,
  0x02,0xA0,0x7E,0x54,0x09,0xA1,0x12,0x00,0x09,0x11,0x02,0x52,
  0x04,0x09,0x10,0x42,0x8A,0x9B,0x95,0x5B,0x04,0x8A,0x8A,0xD6,
  0x00,0x00,0x00,0x00,0x00,0x00,0x00,0x00,0x00,0x00,0x00,0x00,
  0x00,0x00,0x00,0x00,0x00,0x00,0x00,0x00,0x00,0x00,0x00,0x00,
  0x00,0x00,0x00,0x00,0x00,0x00,0x00,0x00,0x03,0xCD,0x6A,0xA9,
  0x7F,0xEA,0xEA,0x5E,0xB7,0xA9,0x25,0x59,0xDF,0xC0,0x00,0x00,
  0x00,0x00,0x7E,0x65,0x5E,0xC0,0x00,0x00,0x00,0x00,0x00,0x00,
  0x00,0x00,0x01,0xF5,0x27,0x8A,0x50,0x00,0x00,0x00,0x00,0x00,
  0x00,0x00,0x06,0xBE,0x05,0x4A,0x14,0x84,0x0C,0x52,0x85,0x00,
  0x06,0x44,0x50,0x0D,0x52,0xAC,0xA5,0x10,0x41,0x66,0xB4,0xAB,
  0x52,0x40,0x35,0xB5,0x00,0x00,0x00,0x00,0x00,0x00,0x00,0x00,
  0x00,0x00,0x00,0x00,0x00,0x00,0x00,0x00,0x00,0x00,0x00,0x00,
  0x00,0x00,0x00,0x00,0x00,0x00,0x00,0x00,0x00,0x00,0x00,0x00,
  0x03,0xBD,0xF1,0x4A,0x2B,0x15,0x55,0x2D,0x89,0xCA,0x95,0x4F,
  0xAF,0x40,0x00,0x80,0x00,0x00,0xF3,0xB5,0xFF,0x40,0x00,0x00,
  0x00,0x00,0x00,0x00,0x00,0x00,0x00,0xD8,0x93,0x65,0x30,0x00,
  0x00,0x00,0x00,0x00,0x00,0x00,0x03,0x7C,0x00,0x30,0x88,0x14,
  0x02,0x1A,0x21,0x80,0x02,0x90,0x0A,0xA5,0x02,0xAA,0x10,0x4A,
  0xAE,0xB5,0x4A,0xAD,0xAD,0xB5,0xD5,0x6A,0x00,0x00,0x00,0x00,
  0x00,0x00,0x00,0x00,0x00,0x00,0x00,0x00,0x00,0x00,0x00,0x00,
  0x00,0x00,0x00,0x00,0x00,0x00,0x00,0x00,0x00,0x00,0x00,0x00,
  0x00,0x00,0x00,0x00,0x02,0xFB,0xEE,0x52,0xA0,0xA2,0x78,0xD7,
  0x42,0xE4,0xAA,0xB7,0xF3,0xF8,0x01,0x40,0x00,0x00,0x2B,0xF7,
  0x67,0xC0,0x00,0x00,0x00,0x00,0x00,0x00,0x00,0x00,0x00,0xFA,
  0xAB,0xC0,0x98,0x00,0x00,0x00,0x00,0x00,0x00,0x00,0x01,0xC8,
  0x00,0x0C,0x22,0x43,0x18,0x84,0x08,0x80,0x58,0x8A,0xA0,0x10,
  0xAA,0x80,0xA5,0x00,0x35,0xAC,0x73,0x2F,0xA2,0x53,0x52,0xEB,
  0x00,0x00,0x00,0x00,0x00,0x00,0x00,0x00,0x00,0x00,0x00,0x00,
  0x00,0x00,0x00,0x00,0x00,0x00,0x00,0x00,0x00,0x00,0x00,0x00,
  0x00,0x00,0x00,0x00,0x00,0x00,0x00,0x00,0x07,0x67,0x3B,0xE9,
  0x5A,0x99,0x25,0x5B,0x0D,0x72,0x92,0x5B,0x7A,0xF8,0x01,0x40,
  0x00,0x00,0x13,0x72,0xEF,0xE0,0x00,0x00,0x00,0x00,0x00,0x00,
  0x00,0x00,0x00,0x6D,0x49,0xB5,0x28,0x00,0x00,0x00,0x00,0x00,
  0x00,0x00,0x01,0xC0,0x00,0x17,0x88,0x89,0x94,0x21,0x42,0x40,
  0x03,0xFC,0x04,0x84,0x05,0x56,0x10,0xAA,0xDC,0x01,0x54,0x90,
  0xB5,0x76,0x95,0x9C,0x00,0x00,0x00,0x00,0x00,0x00,0x00,0x00,
  0x00,0x00,0x00,0x00,0x00,0x00,0x00,0x00,0x00,0x00,0x00,0x00,
  0x00,0x00,0x00,0x00,0x00,0x00,0x00,0x00,0x00,0x00,0x00,0x00,
  0x07,0xFE,0x2F,0xB5,0x25,0x45,0x71,0x4C,0x4B,0xB5,0x49,0x57,
  0x9C,0x6C,0x01,0x80,0x00,0x00,0x3B,0x7E,0xCD,0xCE,0x00,0x00,
  0x00,0x00,0x00,0x00,0x00,0x00,0x00,0x7D,0x2A,0xE0,0x30,0x00,
  0x00,0x00,0x00,0x00,0x00,0x00,0x00,0x00,0x00,0x08,0x42,0x04,
  0xA1,0x14,0x11,0x00,0x27,0x6E,0x90,0x22,0xA2,0x89,0x44,0x05,
  0x22,0xAA,0x95,0x5A,0xAA,0xA5,0x56,0xD1,0x00,0x00,0x00,0x00,
  0x00,0x00,0x00,0x00,0x00,0x00,0x00,0x00,0x00,0x00,0x00,0x00,
  0x00,0x00,0x00,0x00,0x00,0x00,0x00,0x00,0x00,0x00,0x00,0x00,
  0x00,0x00,0x00,0x00,0x05,0x1C,0xEF,0x6A,0x92,0x54,0x9E,0xB3,
  0x94,0xB2,0x55,0x2B,0xDA,0xAE,0x00,0x00,0x00,0x00,0x13,0x3B,
  0x77,0xDF,0x00,0xC0,0x00,0x00,0x00,0x00,0x00,0x00,0x00,0x2E,
  0x95,0x7A,0xA0,0x00,0x00,0x00,0x00,0x00,0x00,0x00,0x00,0x00,
  0x00,0x01,0x28,0x5A,0x54,0x40,0x88,0x80,0x96,0xA6,0x05,0x28,
  0x09,0x24,0x91,0x5A,0xA8,0x00,0xA9,0x2A,0x51,0x1C,0xAB,0xAA,
  0x00,0x00,0x00,0x00,0x00,0x00,0x00,0x00,0x00,0x00,0x00,0x00,
  0x00,0x00,0x00,0x00,0x00,0x00,0x00,0x00,0x00,0x00,0x00,0x00,
  0x00,0x00,0x00,0x00,0x00,0x00,0x00,0x00,0x0F,0x00,0xB8,0xD2,
  0xA9,0x2A,0x5B,0x4A,0x5D,0x99,0x2A,0x95,0xED,0x2E,0x82,0x00,
  0x00,0x00,0x03,0xEC,0xD6,0xBB,0x9F,0xFC,0x00,0x00,0x00,0x00,
  0x00,0x00,0x00,0x36,0x55,0xAE,0x30,0x00,0x00,0x00,0x00,0x00,
  0x00,0x00,0x00,0x00,0x00,0x00,0xC2,0xB4,0x01,0x32,0x22,0x82,
  0x26,0x9E,0xA0,0xD2,0x42,0x82,0x54,0xB2,0x45,0x75,0x12,0x55,
  0x4B,0x96,0x57,0x45,0x00,0x00,0x00,0x00,0x00,0x00,0x00,0x00,
  0x00,0x00,0x00,0x00,0x00,0x00,0x00,0x00,0x00,0x00,0x00,0x00,
  0x00,0x00,0x00,0x00,0x00,0x00,0x00,0x00,0x00,0x00,0x00,0x00,
  0x0A,0x00,0xE0,0xD4,0x95,0x49,0x45,0xD4,0xAA,0xDD,0x54,0xAE,
  0x7E,0xFD,0xC4,0x00,0x00,0x00,0x00,0xFB,0xF7,0xB5,0xBF,0xBE,
  0x00,0x00,0x00,0x00,0x00,0x00,0x00,0x07,0x48,0x97,0xDE,0x00,
  0x00,0x00,0x00,0x00,0x00,0x00,0x00,0x00,0x00,0x00,0x20,0x4A,
  0xA8,0x68,0x04,0x80,0x2E,0x4B,0x09,0x24,0x11,0x71,0x2D,0x40,
  0x92,0xA8,0xA4,0xA8,0x56,0x59,0xF8,0x14,0x00,0x00,0x00,0x00,
  0x00,0x00,0x00,0x00,0x00,0x00,0x00,0x00,0x00,0x00,0x00,0x00,
  0x00,0x00,0x00,0x00,0x00,0x00,0x00,0x00,0x00,0x00,0x00,0x00,
  0x00,0x00,0x00,0x00,0x1E,0x00,0x01,0xA5,0x49,0x25,0x2A,0xEB,
  0x75,0x6A,0xAA,0x93,0x76,0x6B,0xDE,0x00,0x00,0x00,0x00,0x1F,
  0xD5,0xB7,0x68,0xA6,0x00,0x00,0x00,0x00,0x00,0x00,0x00,0x03,
  0x55,0x53,0xFF,0x00,0x00,0x00,0x00,0x00,0x00,0x00,0x00,0x00,
  0x00,0x04,0x2A,0xB0,0x03,0xB1,0x20,0xD9,0x4D,0x57,0xC4,0x41,
  0x4B,0x58,0x4A,0x81,0xAD,0xB4,0x92,0xA5,0x27,0x17,0x02,0x82,
  0x00,0x00,0x00,0x00,0x00,0x00,0x00,0x00,0x00,0x00,0x00,0x00,
  0x00,0x00,0x00,0x00,0x00,0x00,0x00,0x00,0x00,0x00,0x00,0x00,
  0x00,0x00,0x00,0x00,0x00,0x00,0x00,0x00,0x1C,0x00,0x03,0x92,
  0x54,0xAA,0xA4,0x44,0xDA,0x59,0x15,0x49,0x67,0x7E,0xFE,0x00,
  0x00,0x00,0x00,0x1E,0xBD,0xDF,0xD5,0x2E,0x00,0x00,0x00,0x00,
  0x00,0x00,0x00,0x03,0x92,0x48,0x03,0x00,0x00,0x00,0x00,0x00,
  0x00,0x00,0x00,0x00,0x00,0x07,0x51,0x44,0x8B,0x64,0x09,0x44,
  0x39,0x24,0xE9,0x14,0x05,0x2D,0x80,0x00,0xA2,0xA1,0x54,0xA8,
  0x91,0x7C,0x48,0x2B,0x00,0x00,0x00,0x00,0x00,0x00,0x00,0x00,
  0x00,0x00,0x00,0x00,0x00,0x00,0x00,0x00,0x00,0x00,0x00,0x00,
  0x00,0x00,0x00,0x00,0x00,0x00,0x00,0x00,0x00,0x00,0x00,0x00,
  0x14,0x00,0x07,0x55,0x25,0x51,0x2A,0xAF,0xA5,0x54,0xAA,0x55,
  0xB3,0x92,0xDE,0x00,0x00,0x00,0x00,0x0D,0x7C,0xE9,0xA4,0x96,
  0x00,0x00,0x00,0x00,0x00,0x00,0x00,0x01,0xA9,0x2A,0xDB,0x80,
  0x00,0x00,0x00,0x00,0x00,0x00,0x00,0x00,0x00,0x0E,0x84,0x90,
  0x46,0xA0,0x80,0x2A,0xF4,0x92,0xE0,0x41,0x2B,0xFE,0x80,0x01,
  0x4A,0xD4,0x4A,0x92,0x48,0xAA,0x25,0x14,0x00,0x00,0x00,0x00,
  0x00,0x00,0x00,0x00,0x00,0x00,0x00,0x00,0x00,0x00,0x00,0x00,
  0x00,0x00,0x00,0x00,0x00,0x00,0x00,0x00,0x00,0x00,0x00,0x00,
  0x00,0x00,0x00,0x00,0x14,0x00,0x0E,0x29,0x52,0x4C,0x92,0xB3,
  0x57,0x4A,0xA5,0x4A,0xB1,0xAB,0x9B,0x00,0x00,0x00,0x00,0x02,
  0xEE,0x5E,0xAA,0xA7,0x00,0x00,0x00,0x00,0x00,0x00,0x00,0x01,
  0xA5,0x55,0x25,0x80,0x00,0x00,0x00,0x00,0x00,0x00,0x00,0x00,
  0x00,0x05,0xA1,0x22,0x1D,0x52,0x24,0x24,0x6A,0xAA,0x35,0x14,
  0xD3,0xD4,0x00,0x01,0x55,0x81,0x2A,0x49,0x25,0x75,0xD4,0xBA,
  0x00,0x00,0x00,0x00,0x00,0x00,0x00,0x00,0x00,0x00,0x00,0x00,
  0x00,0x00,0x00,0x00,0x00,0x00,0x00,0x00,0x00,0x00,0x00,0x00,
  0x00,0x00,0x00,0x00,0x00,0x00,0x00,0x00,0x3C,0x00,0x6D,0x44,
  0x95,0x22,0xA9,0x76,0x96,0xA4,0x95,0x7C,0xD9,0xA9,0xEF,0x80,
  0x00,0x00,0x00,0x00,0xC7,0x17,0x92,0x56,0x00,0x00,0x00,0x00,
  0x00,0x00,0x00,0x00,0xD4,0x92,0x95,0xC0,0x00,0x00,0x00,0x00,
  0x00,0x00,0x00,0x00,0x00,0x05,0xD4,0x49,0x4D,0x60,0x01,0x51,
  0x72,0x52,0xB2,0x43,0x50,0x00,0x00,0x01,0x4B,0x54,0x45,0x44,
  0x92,0xEA,0x2A,0xED,0x00,0x00,0x00,0x00,0x00,0x00,0x00,0x00,
  0x00,0x00,0x00,0x00,0x00,0x00,0x00,0x00,0x00,0x00,0x00,0x00,
  0x00,0x00,0x00,0x00,0x00,0x00,0x00,0x00,0x00,0x00,0x00,0x00,
  0x1C,0x01,0xFD,0x55,0x49,0x55,0x24,0xCE,0xAD,0xD2,0x55,0xDF,
  0x59,0xD5,0xBF,0x00,0x00,0x00,0x00,0x00,0xEF,0xCB,0xA9,0x2E,
  0x00,0x00,0x00,0x00,0x00,0x00,0x00,0x00,0xE5,0x48,0xA4,0xE0,
  0x00,0x00,0x00,0x00,0x00,0x00,0x00,0x00,0x00,0x06,0x40,0xA4,
  0x0A,0xD4,0x90,0x08,0x39,0x49,0x58,0x96,0x00,0x00,0x00,0x40,
  0xD4,0x41,0x04,0x29,0x49,0x4A,0xD1,0x59,0x00,0x00,0x00,0x00,
  0x00,0x00,0x00,0x00,0x00,0x00,0x00,0x00,0x00,0x00,0x00,0x00,
  0x00,0x00,0x00,0x00,0x00,0x00,0x00,0x00,0x00,0x00,0x00,0x00,
  0x00,0x00,0x00,0x00,0x14,0x0B,0xBA,0x52,0x54,0x94,0x96,0xFD,
  0x2D,0x6A,0xA7,0x7B,0xAC,0xDD,0xF7,0x80,0x00,0x00,0x00,0x00,
  0xEB,0xFF,0x4A,0x93,0x00,0x00,0x00,0x00,0x00,0x00,0x00,0x00,
  0x69,0x2A,0x9F,0xC0,0x00,0x00,0x00,0x00,0x00,0x00,0x00,0x00,
  0x00,0x1C,0xF4,0x00,0x8D,0x70,0x45,0x51,0x35,0x2A,0x5D,0x24,
  0x00,0x00,0x00,0xAD,0x22,0x94,0x52,0xA4,0x2A,0xA1,0x2B,0x34,
  0x00,0x00,0x00,0x00,0x00,0x00,0x00,0x00,0x00,0x00,0x00,0x00,
  0x00,0x00,0x00,0x00,0x00,0x00,0x00,0x00,0x00,0x00,0x00,0x00,
  0x00,0x00,0x00,0x00,0x00,0x00,0x00,0x00,0x1E,0x03,0x4A,0x8A,
  0xA5,0x4A,0xAA,0x34,0x9A,0x32,0x52,0xDF,0xDE,0xD5,0xFF,0x00,
  0x00,0x00,0x00,0x01,0xDF,0xDE,0x52,0x4B,0x80,0x00,0x00,0x00,
  0x00,0x00,0x00,0x00,0x6A,0xA5,0x7F,0xE0,0x00,0x00,0x00,0x00,
  0x00,0x00,0x00,0x00,0x00,0x17,0xA9,0x2A,0x26,0x9A,0x10,0x20,
  0x34,0xA5,0x2A,0x8E,0x00,0x00,0x00,0x54,0xC8,0x52,0x01,0x25,
  0xA4,0x54,0x06,0xB3,0x00,0x00,0x00,0x00,0x00,0x00,0x00,0x00,
  0x00,0x00,0x00,0x00,0x00,0x00,0x00,0x00,0x00,0x00,0x00,0x00,
  0x00,0x00,0x00,0x00,0x00,0x00,0x00,0x00,0x00,0x00,0x00,0x00,
  0x0A,0x06,0xAA,0xA9,0x12,0x51,0x2A,0xD2,0xAA,0xAA,0x8A,0xF9,
  0xE6,0xFA,0xC4,0x00,0x00,0x00,0x00,0x03,0xFE,0x32,0x95,0x55,
  0x80,0x00,0x00,0x00,0x00,0x00,0x00,0x00,0xD2,0x52,0xF1,0xC0,
  0x00,0x00,0x00,0x00,0x00,0x00,0x00,0x00,0x00,0x1C,0x08,0x80,
  0x8E,0x5D,0x49,0x40,0xEA,0x92,0xAD,0xA3,0x00,0x00,0x02,0x9B,
  0x2B,0xB9,0x54,0x92,0x53,0x50,0x95,0xE4,0x00,0x00,0x00,0x00,
  0x00,0x00,0x00,0x00,0x00,0x00,0x00,0x00,0x00,0x00,0x00,0x00,
  0x00,0x00,0x00,0x00,0x00,0x00,0x00,0x00,0x00,0x00,0x00,0x00,
  0x00,0x00,0x00,0x00,0x0E,0x0E,0x95,0x54,0xAA,0x95,0x55,0x2A,
  0x73,0x55,0x55,0x39,0xBF,0x6B,0x86,0x00,0x00,0x00,0x00,0x07,
  0x2C,0x6A,0x49,0x2B,0x00,0x00,0x00,0x00,0x00,0x00,0x00,0x01,
  0xA9,0x29,0x60,0x00,0x00,0x00,0x00,0x00,0x00,0x00,0x00,0x00,
  0x00,0x00,0x0D,0x14,0x25,0x4F,0x22,0x28,0x72,0x54,0xAE,0x53,
  0x80,0x00,0x0A,0x40,0x89,0xDF,0x02,0x55,0x2A,0x92,0x42,0x9D,
  0x00,0x00,0x00,0x00,0x00,0x00,0x00,0x00,0x00,0x00,0x00,0x00,
  0x00,0x00,0x00,0x00,0x00,0x00,0x00,0x00,0x00,0x00,0x00,0x00,
  0x00,0x00,0x00,0x00,0x00,0x00,0x00,0x00,0x0A,0x0D,0x52,0x25,
  0x52,0x54,0xAA,0x89,0x59,0x5B,0x24,0xCF,0xB6,0x3F,0x0A,0x00,
  0x00,0x00,0x00,0x0F,0x7A,0xE9,0x54,0xAE,0x08,0x00,0x00,0x00,
  0x00,0x00,0x00,0x01,0xA5,0x4A,0xB0,0x40,0x00,0x00,0x00,0x00,
  0x00,0x00,0x00,0x00,0x00,0x00,0x24,0x41,0x1D,0x23,0xD0,0x91,
  0xD5,0x4A,0x5C,0x44,0x83,0x80,0x09,0x1B,0x47,0xA5,0xD7,0x29,
  0x4D,0x58,0x90,0x4A,0x00,0x00,0x00,0x00,0x00,0x00,0x00,0x00,
  0x00,0x00,0x00,0x00,0x00,0x00,0x00,0x00,0x00,0x00,0x00,0x00,
  0x00,0x00,0x00,0x00,0x00,0x00,0x00,0x00,0x00,0x00,0x00,0x00,
  0x0A,0x07,0xC9,0x52,0x95,0x4A,0xB4,0x65,0x92,0xAD,0x92,0xB7,
  0xDB,0x1B,0x84,0x00,0x00,0x00,0x00,0x0F,0xFE,0xD5,0x25,0x5E,
  0x1C,0x00,0x00,0x00,0x00,0x00,0x00,0x01,0xD4,0xBD,0x58,0xE0,
  0x00,0x00,0x00,0x00,0x00,0x00,0x00,0x04,0x00,0x00,0x59,0x12,
  0x4C,0xAA,0xFA,0x48,0x6A,0x52,0xB0,0x43,0x09,0x5A,0x08,0x64,
  0x6A,0xFA,0xEF,0xC4,0xA5,0x25,0x0A,0xBA,0x00,0x00,0x00,0x00,
  0x00,0x00,0x00,0x00,0x00,0x00,0x00,0x00,0x00,0x00,0x00,0x00,
  0x00,0x00,0x00,0x00,0x00,0x00,0x00,0x00,0x00,0x00,0x00,0x00,
  0x00,0x00,0x00,0x00,0x0E,0x07,0xD5,0x29,0x52,0x22,0xCD,0x95,
  0x56,0xA2,0xD5,0x0A,0x6F,0x8F,0xC0,0x80,0x00,0x00,0x00,0x04,
  0xD7,0xA4,0x92,0x3D,0xF8,0x00,0x00,0x00,0x00,0x00,0x00,0x00,
  0xCA,0x76,0x5F,0xF0,0x00,0x00,0x00,0x00,0x00,0x00,0x00,0x0A,
  0x00,0x00,0x54,0x88,0x1A,0x95,0x58,0x8A,0x35,0x29,0x35,0x34,
  0x96,0x65,0x30,0xAA,0xA5,0x1A,0xB8,0xD2,0x1A,0x94,0x41,0x4B,
  0x00,0x00,0x00,0x00,0x00,0x00,0x00,0x00,0x00,0x00,0x00,0x00,
  0x00,0x00,0x00,0x00,0x00,0x00,0x00,0x00,0x00,0x00,0x00,0x00,
  0x00,0x00,0x00,0x00,0x00,0x00,0x00,0x00,0x0F,0x00,0xEA,0x94,
  0x95,0x59,0x34,0x57,0x55,0x52,0xD2,0xB5,0x7F,0xC7,0x60,0x04,
  0x00,0x00,0x00,0x01,0xA3,0x52,0xAA,0xF3,0xF0,0x00,0x00,0x00,
  0x00,0x00,0x00,0x00,0xE5,0x5F,0x5F,0xE0,0x00,0x00,0x00,0x00,
  0x00,0x00,0x00,0x04,0x00,0x00,0x62,0x25,0x4D,0x52,0x5D,0x21,
  0x74,0x94,0xB1,0xD1,0x68,0x01,0x92,0xA2,0xD5,0xB4,0xAA,0xA9,
  0xA2,0x4B,0x15,0xB4,0x00,0x00,0x00,0x00,0x00,0x00,0x00,0x00,
  0x00,0x00,0x00,0x00,0x00,0x00,0x00,0x00,0x00,0x00,0x00,0x00,
  0x00,0x00,0x00,0x00,0x00,0x00,0x00,0x00,0x00,0x00,0x00,0x00,
  0x07,0x00,0x64,0xA5,0x49,0x24,0xD2,0xA8,0xD7,0x4A,0x69,0x4A,
  0xF5,0xC1,0xF8,0xBE,0x00,0x00,0x00,0x03,0xC7,0x5A,0x52,0x63,
  0xE7,0x00,0x00,0x00,0x00,0x00,0x00,0x00,0xD2,0xFB,0x47,0xD0,
  0x00,0x00,0x07,0x80,0x00,0x00,0x00,0x02,0x00,0x00,0x14,0x90,
  0x9D,0x29,0x26,0x04,0x3A,0xA5,0xF6,0xB4,0x21,0x28,0x41,0x55,
  0x13,0xDA,0x4A,0x55,0x6A,0xA5,0x4A,0x40,0x00,0x00,0x00,0x00,
  0x00,0x00,0x00,0x00,0x00,0x00,0x00,0x00,0x00,0x00,0x00,0x00,
  0x00,0x00,0x00,0x00,0x00,0x00,0x00,0x00,0x00,0x00,0x00,0x00,
  0x00,0x00,0x00,0x00,0x07,0x00,0x35,0x2A,0x24,0x95,0x2A,0xAF,
  0xED,0x95,0x34,0xA5,0xE0,0xE1,0xF8,0xBF,0x00,0x00,0x00,0x01,
  0xC6,0xA5,0x2E,0xE1,0xCF,0x80,0x00,0x00,0x00,0x00,0x00,0x00,
  0xD4,0xAE,0xBE,0x78,0x00,0x08,0x6F,0xC0,0x00,0x00,0x00,0x00,
  0x00,0x00,0x30,0x04,0x06,0x94,0x97,0xD2,0x1C,0xAA,0xE2,0xB0,
  0x8A,0x42,0x15,0x09,0xFE,0xB2,0xA5,0x52,0xA5,0x12,0x93,0x6E,
  0x00,0x00,0x00,0x00,0x00,0x00,0x00,0x00,0x00,0x00,0x00,0x00,
  0x00,0x00,0x00,0x00,0x00,0x00,0x00,0x00,0x00,0x00,0x00,0x00,
  0x00,0x00,0x00,0x00,0x00,0x00,0x00,0x00,0x03,0x80,0x1C,0xA5,
  0x55,0x52,0x92,0x55,0x2A,0xDA,0x9A,0x2B,0xC0,0xF1,0xED,0xBF,
  0x00,0x00,0x00,0x00,0x83,0x2A,0x9B,0xC0,0x9B,0x80,0x00,0x00,
  0x00,0x00,0x00,0x00,0xD2,0xBF,0xF3,0xFC,0x00,0x3E,0xFC,0xF0,
  0x00,0x00,0x00,0x00,0x00,0x00,0x7D,0x52,0xAD,0x4A,0xAB,0xE8,
  0x9A,0x93,0x9D,0x64,0x6B,0x08,0x81,0x7F,0x55,0xB5,0x52,0x5A,
  0xA6,0xAA,0xCA,0x93,0x00,0x00,0x00,0x00,0x00,0x00,0x00,0x00,
  0x00,0x00,0x00,0x00,0x00,0x00,0x00,0x00,0x00,0x00,0x00,0x00,
  0x00,0x00,0x00,0x00,0x00,0x00,0x00,0x00,0x00,0x00,0x00,0x00,
  0x03,0xC0,0x0F,0x51,0x2A,0x4A,0xA9,0x5F,0x55,0x6A,0xAD,0xA9,
  0x70,0xF3,0xBC,0xBE,0xC0,0x00,0x00,0x00,0x07,0x54,0xAE,0xC0,
  0x39,0xC0,0x00,0x00,0x00,0x00,0x00,0x00,0xD4,0xFF,0x9F,0x0C,
  0x00,0x7E,0xD7,0x70,0x00,0x00,0x00,0x00,0x00,0x00,0x22,0x04,
  0x1A,0x52,0x49,0x72,0x5C,0xA9,0xE2,0xD7,0xFF,0x42,0x56,0xAB,
  0xFE,0x5F,0xA9,0x2F,0xFD,0xA5,0x26,0x45,0x00,0x00,0x00,0x00,
  0x00,0x00,0x00,0x00,0x00,0x00,0x00,0x00,0x00,0x00,0x00,0x00,
  0x00,0x00,0x00,0x00,0x00,0x00,0x00,0x00,0x00,0x00,0x00,0x00,
  0x00,0x00,0x00,0x00,0x01,0x40,0x07,0x15,0x49,0x54,0xBD,0x39,
  0x57,0x7A,0xD6,0x4C,0xB8,0x2F,0x2E,0x01,0xE1,0x00,0x00,0x00,
  0x07,0x22,0x49,0xC0,0x6A,0xE0,0x00,0x00,0x00,0x00,0x00,0x00,
  0xD2,0xDC,0xF9,0x6C,0x00,0x63,0xFF,0x70,0x00,0x00,0x00,0x00,
  0x00,0x00,0x04,0x41,0x5A,0x95,0x25,0x3A,0x0E,0x4B,0xDB,0x8F,
  0xA9,0xA8,0x0F,0x36,0x85,0x54,0xE5,0x49,0x1A,0xD9,0x55,0x5A,
  0x00,0x00,0x00,0x00,0x00,0x00,0x00,0x00,0x00,0x00,0x00,0x00,
  0x00,0x00,0x00,0x00,0x00,0x00,0x00,0x00,0x00,0x00,0x00,0x00,
  0x00,0x00,0x00,0x00,0x00,0x00,0x00,0x00,0x01,0xC0,0x01,0xCA,
  0x57,0xA2,0x66,0xF7,0x5A,0xE5,0x22,0xA5,0x58,0x3D,0xAF,0x83,
  0x7B,0xC0,0x00,0x00,0x1B,0x55,0x2B,0x80,0x3E,0xBE,0x00,0x00,
  0x00,0x00,0x00,0x00,0xD5,0xB7,0xCA,0x9C,0x3E,0xD5,0xEF,0xE0,
  0x00,0x00,0x00,0x00,0x00,0x00,0x05,0x14,0x34,0xA4,0xAA,0x9F,
  0x76,0xA5,0x62,0xAC,0x92,0xC1,0x2D,0x90,0x2E,0x8E,0xEA,0x52,
  0xA9,0x2C,0x55,0x25,0x00,0x00,0x00,0x00,0x00,0x00,0x00,0x00,
  0x00,0x00,0x00,0x00,0x00,0x00,0x00,0x00,0x00,0x00,0x00,0x00,
  0x00,0x00,0x00,0x00,0x00,0x00,0x00,0x00,0x00,0x00,0x00,0x00,
  0x00,0xE0,0x01,0xD2,0x96,0x9A,0xAA,0xDE,0xAB,0x7A,0xD5,0x2A,
  0xAC,0x1A,0x93,0x87,0x7F,0xE0,0x00,0x00,0x3F,0x4A,0xA5,0x00,
  0x67,0xFF,0x00,0x00,0x00,0x00,0x00,0x01,0xCB,0xFD,0x24,0x7C,
  0x7F,0xDE,0x5F,0xC0,0x00,0x00,0x00,0x00,0x00,0x00,0x04,0x01,
  0x6A,0x52,0x91,0x45,0xFD,0x29,0xAA,0x0D,0x4A,0xE8,0x8D,0xC9,
  0x24,0x3A,0x51,0x4A,0x54,0xAA,0x92,0xA5,0x00,0x00,0x00,0x00,
  0x00,0x00,0x00,0x00,0x00,0x00,0x00,0x00,0x00,0x00,0x00,0x00,
  0x00,0x00,0x00,0x00,0x00,0x00,0x00,0x00,0x00,0x00,0x00,0x00,
  0x00,0x00,0x00,0x00,0x00,0xE0,0x00,0xD4,0xBF,0xA4,0xEA,0x3A,
  0xA8,0xC2,0x4B,0x55,0x5C,0x0F,0x55,0x86,0xAC,0x70,0x00,0x00,
  0x3F,0x29,0x2B,0x80,0xFF,0xEB,0x00,0x00,0x00,0x00,0x00,0x01,
  0xA7,0x64,0xAB,0xEE,0xE5,0xFB,0xBB,0x00,0x00,0x00,0x00,0x00,
  0x00,0x00,0x09,0x54,0x32,0x94,0xAA,0x2A,0xCC,0xA4,0xE9,0x4E,
  0x54,0x62,0xEC,0xE0,0x94,0xBD,0x6A,0xA9,0x45,0x2D,0x68,0x2A,
  0x00,0x00,0x00,0x00,0x00,0x00,0x00,0x00,0x00,0x00,0x00,0x00,
  0x00,0x00,0x00,0x00,0x00,0x00,0x00,0x00,0x00,0x00,0x00,0x00,
  0x00,0x00,0x00,0x00,0x00,0x00,0x00,0x00,0x00,0x70,0x00,0x7F,
  0x7E,0xAA,0xD5,0xD5,0x55,0xD5,0xD5,0x24,0xB8,0x05,0xA3,0x8D,
  0x7F,0xB8,0x00,0x00,0x1B,0xA4,0x97,0x01,0xAE,0xBB,0x00,0x00,
  0x00,0x00,0x00,0x03,0xAE,0xD5,0x3F,0xBF,0xA9,0xFF,0xDC,0x00,
  0x00,0x00,0x00,0x00,0x00,0x00,0x0A,0x0B,0x39,0x4A,0x49,0x52,
  0xA2,0x95,0x3E,0x9D,0x22,0xCB,0x4E,0xF4,0x41,0x3C,0xE5,0x14,
  0xAA,0xD9,0x25,0x94,0x00,0x00,0x00,0x00,0x00,0x00,0x00,0x00,
  0x00,0x00,0x00,0x00,0x00,0x00,0x00,0x00,0x00,0x00,0x00,0x00,
  0x00,0x00,0x00,0x00,0x00,0x00,0x00,0x00,0x00,0x00,0x00,0x00,
  0x00,0x38,0x00,0x3F,0xE6,0xB5,0xC4,0xD6,0xA5,0x97,0xDB,0x55,
  0xBF,0x01,0xDE,0xEF,0xAF,0xF0,0x00,0x00,0x0D,0x55,0x5F,0x03,
  0x57,0xFD,0x80,0x00,0x00,0x00,0x00,0x03,0x2D,0xA9,0xFC,0xED,
  0xE4,0x6F,0xFC,0x00,0x00,0x00,0x00,0x00,0x00,0x00,0x04,0xB8,
  0x9C,0xA5,0x2A,0xA9,0x2D,0x54,0x86,0x38,0x9A,0xED,0xFA,0x32,
  0x28,0xAF,0xD4,0xA2,0x91,0x64,0x92,0xAB,0x00,0x00,0x00,0x00,
  0x00,0x00,0x00,0x00,0x00,0x00,0x00,0x00,0x00,0x00,0x00,0x00,
  0x00,0x00,0x00,0x00,0x00,0x00,0x00,0x00,0x00,0x00,0x00,0x00,
  0x00,0x00,0x00,0x00,0x00,0x1C,0x00,0x02,0xC7,0xDB,0xB2,0x6A,
  0x93,0x6C,0x65,0xAD,0x5F,0x01,0xAF,0x77,0xF8,0x60,0x00,0x00,
  0x05,0xB4,0xBC,0x03,0xFE,0xEF,0x80,0x00,0x00,0x00,0x00,0x06,
  0x9F,0x57,0x92,0xB7,0xDD,0x3B,0xD8,0x00,0x00,0x00,0x00,0x00,
  0x00,0x00,0x05,0xA0,0xAD,0x29,0x52,0x44,0xA2,0x52,0xBE,0x9A,
  0xA4,0x3E,0xF9,0x76,0xB4,0x06,0xF5,0x55,0x4C,0x89,0x55,0x56,
  0x00,0x00,0x00,0x00,0x00,0x00,0x00,0x00,0x00,0x00,0x00,0x00,
  0x00,0x00,0x00,0x00,0x00,0x00,0x00,0x00,0x00,0x00,0x00,0x00,
  0x00,0x00,0x00,0x00,0x00,0x00,0x00,0x00,0x00,0x1E,0x03,0xC0,
  0x06,0xA7,0x2B,0xD5,0x56,0xCE,0x96,0xFA,0xA5,0xE1,0xF7,0x7D,
  0x5E,0x20,0x00,0x00,0x01,0xDF,0x60,0x06,0xC7,0xCC,0xC0,0x00,
  0x00,0x00,0x00,0x0E,0x5E,0x8E,0xFF,0xD7,0x76,0xDF,0x70,0x00,
  0x00,0x00,0x00,0x00,0x00,0x00,0x06,0x50,0x4E,0xAA,0x89,0x2A,
  0x99,0x4A,0x4B,0xF5,0x52,0xAD,0x55,0x3F,0xF9,0x2B,0xB4,0x94,
  0x53,0x54,0xA5,0x57,0x00,0x00,0x00,0x00,0x00,0x00,0x00,0x00,
  0x00,0x00,0x00,0x00,0x00,0x00,0x00,0x00,0x00,0x00,0x00,0x00,
  0x00,0x00,0x00,0x00,0x00,0x00,0x00,0x00,0x00,0x00,0x00,0x00,
  0x00,0x07,0x0F,0xF0,0x02,0xBE,0x2B,0x3A,0x4E,0x3A,0x4E,0x4A,
  0x4B,0xF0,0xFE,0x9F,0xD7,0x00,0x00,0x00,0x00,0xFF,0xC0,0x07,
  0x7F,0x1F,0xF0,0x00,0x00,0x00,0x00,0x0D,0x7E,0xAF,0xAF,0x7E,
  0x9B,0x75,0x70,0x00,0x00,0x00,0x01,0x00,0x00,0x00,0x02,0x00,
  0x86,0x92,0x6A,0xAA,0x45,0x29,0x37,0x69,0x15,0x53,0x24,0xBB,
  0x98,0x92,0xDA,0x4A,0x94,0xC2,0x95,0x80,0x00,0x00,0x00,0x00,
  0x00,0x00,0x00,0x00,0x00,0x00,0x00,0x00,0x00,0x00,0x00,0x00,
  0x00,0x00,0x00,0x00,0x00,0x00,0x00,0x00,0x00,0x00,0x00,0x00,
  0x00,0x00,0x00,0x00,0x00,0x07,0x9E,0xFF,0x0B,0x6C,0xBE,0x89,
  0x2D,0x75,0x55,0x32,0x96,0xB8,0x75,0x56,0xAB,0x80,0x00,0x00,
  0x00,0x61,0xC0,0x06,0x9E,0x0F,0xDC,0x00,0x00,0x00,0x00,0x0C,
  0xE9,0x2E,0x91,0xE6,0x55,0xAB,0xE0,0x08,0x00,0x00,0x03,0x80,
  0x00,0x00,0x00,0x01,0x27,0x69,0x14,0x91,0x54,0xA5,0x59,0x54,
  0xA4,0x8A,0x92,0x89,0x5E,0xFD,0xF5,0x52,0x4A,0xB4,0x6E,0x55,
  0x00,0x00,0x00,0x00,0x00,0x00,0x00,0x00,0x00,0x00,0x00,0x00,
  0x00,0x00,0x00,0x00,0x00,0x00,0x00,0x00,0x00,0x00,0x00,0x00,
  0x00,0x00,0x00,0x00,0x00,0x00,0x00,0x00,0x00,0x02,0xB3,0xF5,
  0x87,0x9A,0x68,0xA5,0x5A,0xD5,0x35,0xB9,0x4B,0x38,0x1E,0xA2,
  0xA5,0x80,0x00,0x00,0x00,0x01,0xE0,0x4E,0x47,0xD8,0x7C,0x00,
  0x00,0x50,0x00,0x0E,0xFC,0xAC,0x4A,0x7D,0x4B,0x56,0xE0,0x1C,
  0x00,0x20,0x07,0xC0,0x00,0x00,0x00,0x02,0x49,0xD5,0x52,0xAA,
  0xAA,0x95,0x44,0x92,0x92,0x51,0x55,0x54,0xAF,0xD3,0x12,0x95,
  0x51,0x5A,0x90,0xA0,0x00,0x00,0x00,0x00,0x00,0x00,0x00,0x00,
  0x00,0x00,0x00,0x00,0x00,0x00,0x00,0x00,0x00,0x00,0x00,0x00,
  0x00,0x00,0x00,0x00,0x00,0x00,0x00,0x00,0x00,0x00,0x00,0x00,
  0x00,0x03,0xEF,0x17,0xE0,0xF9,0xEA,0x54,0xB9,0xAA,0x9A,0xA5,
  0x35,0x98,0x0F,0x54,0x93,0x80,0x00,0x00,0x00,0x01,0xA0,0xFD,
  0x57,0xFF,0x8E,0x00,0x00,0xFC,0x00,0x07,0x8E,0xFB,0x55,0x42,
  0x54,0xA9,0xA0,0x3C,0x00,0xF2,0x3E,0xC0,0x00,0x00,0x00,0x01,
  0x04,0xBA,0xA9,0x24,0x92,0x5F,0xEA,0x4A,0x55,0x54,0x92,0x4A,
  0x55,0xEA,0xEA,0x49,0x2A,0x51,0x25,0x15,0x00,0x00,0x00,0x00,
  0x00,0x00,0x00,0x00,0x00,0x00,0x00,0x00,0x00,0x00,0x00,0x00,
  0x00,0x00,0x00,0x00,0x00,0x00,0x00,0x00,0x00,0x00,0x00,0x00,
  0x00,0x00,0x00,0x00,0x00,0x03,0xAC,0x01,0xB8,0x76,0xD2,0x92,
  0xE5,0xA5,0x4D,0x5B,0x55,0xBE,0x03,0xFA,0x55,0x80,0x00,0x00,
  0x00,0x06,0xE9,0xAA,0x52,0x67,0xC0,0x00,0x03,0xFE,0x00,0x07,
  0x9B,0xFF,0xE9,0x29,0x25,0x55,0x78,0x76,0x00,0xFD,0x7D,0x80,
  0x00,0x00,0x00,0x00,0x82,0x8D,0x54,0xDA,0x49,0xFD,0xFD,0x55,
  0x4A,0x95,0x49,0x25,0x27,0xC6,0xB5,0x24,0x95,0x6C,0x91,0x54,
  0x00,0x00,0x00,0x00,0x00,0x00,0x00,0x00,0x00,0x00,0x00,0x00,
  0x00,0x00,0x00,0x00,0x00,0x00,0x00,0x00,0x00,0x00,0x00,0x00,
  0x00,0x00,0x00,0x00,0x00,0x00,0x00,0x00,0x00,0x03,0xBC,0x00,
  0x3C,0x24,0xCD,0x4A,0xDB,0x52,0x5A,0x85,0x55,0xCF,0x01,0xFD,
  0x4B,0xE0,0x40,0x00,0x00,0x05,0x77,0x6D,0x29,0x5A,0x60,0x00,
  0x07,0x0E,0x00,0x02,0x3F,0x87,0xFE,0x95,0x52,0x49,0x5D,0xEE,
  0x03,0xAB,0x77,0x00,0x00,0x00,0x00,0x02,0x16,0x56,0xA5,0x22,
  0xAA,0xF6,0x3F,0x22,0x51,0x49,0x2A,0xA9,0x56,0x3F,0x5C,0xAA,
  0xA2,0x94,0x4A,0x0A,0x00,0x00,0x00,0x00,0x00,0x00,0x00,0x00,
  0x00,0x00,0x00,0x00,0x00,0x00,0x00,0x00,0x00,0x00,0x00,0x00,
  0x00,0x00,0x00,0x00,0x00,0x00,0x00,0x00,0x00,0x00,0x00,0x00,
  0x00,0x03,0xB8,0x00,0x1E,0x03,0xDE,0xA9,0xD6,0x8B,0x5D,0xD6,
  0x92,0x6B,0x81,0x0D,0x24,0xF2,0xE0,0x00,0x00,0x06,0xED,0xCD,
  0x4A,0xA5,0x60,0x00,0x1E,0xD6,0x00,0x00,0x1E,0x00,0x1F,0xCA,
  0x95,0x24,0x9F,0xC6,0x01,0xEC,0x3E,0x00,0x00,0x00,0x00,0x10,
  0x41,0xBE,0xAA,0xD9,0x24,0xCF,0x07,0xD5,0x2A,0x24,0xA5,0x24,
  0x97,0xFE,0xAE,0x94,0x94,0xAA,0x95,0x51,0x00,0x00,0x00,0x00,
  0x00,0x00,0x00,0x00,0x00,0x00,0x00,0x00,0x00,0x00,0x00,0x00,
  0x00,0x00,0x00,0x00,0x00,0x00,0x00,0x00,0x00,0x00,0x00,0x00,
  0x00,0x00,0x00,0x00,0x00,0x01,0x10,0x00,0x0A,0x00,0xFB,0x55,
  0xAE,0x6D,0x6B,0x55,0xA8,0xA5,0xC0,0x07,0x52,0xBF,0xF0,0x00,
  0x00,0x01,0xF3,0xFA,0xA4,0x92,0xB0,0x00,0x3D,0x26,0x00,0x00,
  0x08,0x00,0x03,0xF1,0x49,0x55,0x47,0x2E,0x00,0xF8,0x18,0x00,
  0x00,0x00,0x00,0x2A,0x94,0xBA,0xA4,0xA5,0x53,0xCA,0x03,0xFE,
  0xBF,0xF6,0x94,0x95,0x57,0xD5,0x57,0x52,0x55,0x58,0x44,0x26,
  0x00,0x00,0x00,0x00,0x00,0x00,0x00,0x00,0x00,0x00,0x00,0x00,
  0x00,0x00,0x00,0x00,0x00,0x00,0x00,0x00,0x00,0x00,0x00,0x00,
  0x00,0x00,0x00,0x00,0x00,0x00,0x00,0x00,0x00,0x00,0x00,0x00,
  0x0F,0x00,0x73,0x4B,0x99,0x16,0x9E,0xCF,0x55,0x68,0xEC,0xC3,
  0x94,0xBF,0xF0,0x00,0x00,0x03,0xBF,0xD4,0x95,0x49,0x38,0xE0,
  0x32,0x56,0x00,0x00,0x00,0x00,0x00,0x74,0xA4,0x92,0x54,0xA6,
  0x00,0x30,0x00,0x00,0x00,0x00,0x00,0x12,0x48,0x7E,0x52,0xAA,
  0x4B,0xB5,0x00,0x7D,0xBF,0xFF,0xD2,0xA9,0x21,0x4F,0x2B,0xA9,
  0x4A,0xAD,0x11,0x5A,0x00,0x00,0x00,0x00,0x00,0x00,0x00,0x00,
  0x00,0x00,0x00,0x00,0x00,0x00,0x00,0x00,0x00,0x00,0x00,0x00,
  0x00,0x00,0x00,0x00,0x00,0x00,0x00,0x00,0x00,0x00,0x00,0x00,
  0x00,0x00,0x00,0x00,0x07,0x00,0x21,0xA5,0xF5,0x5A,0x52,0xAA,
  0xB8,0x6A,0xEE,0x01,0xD2,0x59,0x70,0x00,0x00,0x01,0xCF,0x75,
  0x69,0x2A,0xBB,0xF8,0x75,0x2B,0x00,0x00,0x00,0x00,0x00,0x1A,
  0x55,0x4A,0xAA,0x57,0x00,0x20,0x00,0x00,0x00,0x00,0x00,0x04,
  0x35,0xF7,0x4A,0x51,0x57,0x27,0x00,0x05,0xE0,0x8B,0xF5,0x24,
  0x9A,0xA2,0xB3,0x8A,0xA5,0x56,0xAA,0xAD,0x00,0x00,0x00,0x00,
  0x00,0x00,0x00,0x00,0x00,0x00,0x00,0x00,0x00,0x00,0x00,0x00,
  0x00,0x00,0x00,0x00,0x00,0x00,0x00,0x00,0x00,0x00,0x00,0x00,
  0x00,0x00,0x00,0x00,0x00,0x00,0x00,0x00,0x03,0x80,0x01,0xD5,
  0x6A,0xAA,0xB5,0x0A,0xCE,0x9A,0x5B,0x14,0xCA,0xA5,0xC0,0x00,
  0x00,0x00,0xF9,0x6F,0xF4,0xA4,0x9D,0xDC,0xE9,0x4E,0x00,0x00,
  0x00,0x00,0x00,0x0D,0x24,0xA9,0x11,0x2B,0x80,0x00,0x00,0x00,
  0x00,0x00,0x00,0x11,0x5E,0xDD,0xA9,0x4D,0xD3,0xDE,0x00,0x02,
  0x52,0x24,0x7A,0x95,0x65,0x2A,0xAF,0x65,0x29,0x2D,0x62,0xD2,
  0x00,0x00,0x00,0x00,0x00,0x00,0x00,0x00,0x00,0x00,0x00,0x00,
  0x00,0x00,0x00,0x00,0x00,0x00,0x00,0x00,0x00,0x00,0x00,0x00,
  0x00,0x00,0x00,0x00,0x00,0x00,0x00,0x00,0x00,0x00,0x00,0x00,
  0x01,0xC0,0x03,0x25,0x29,0x15,0x64,0x55,0x75,0xF1,0x75,0x81,
  0xD5,0x15,0xC0,0x00,0x00,0x00,0x7C,0x9F,0xBF,0xEA,0xBB,0x9E,
  0xD4,0xA7,0x00,0x00,0x00,0x00,0x00,0x06,0xBF,0x24,0xAA,0x93,
  0xC0,0x00,0x00,0x00,0x00,0x00,0x00,0x18,0xBD,0xB7,0xD5,0x27,
  0xEB,0xF6,0x00,0x09,0x80,0x41,0x1C,0xA9,0x52,0x95,0xDC,0xB4,
  0xA5,0x54,0xB7,0x6A,0x00,0x00,0x00,0x00,0x00,0x00,0x00,0x00,
  0x00,0x00,0x00,0x00,0x00,0x00,0x00,0x00,0x00,0x00,0x00,0x00,
  0x00,0x00,0x00,0x00,0x00,0x00,0x00,0x00,0x00,0x00,0x00,0x00,
  0x00,0x00,0x00,0x00,0x00,0xE0,0x03,0x92,0xA4,0xB3,0x95,0x05,
  0x7E,0x8D,0x2B,0xD5,0x68,0xD4,0xC0,0x00,0x00,0x00,0x0F,0x5C,
  0x1F,0xF4,0xF1,0xA7,0xCA,0x56,0x00,0x00,0x00,0x00,0x00,0x07,
  0xFF,0xEA,0x94,0xA8,0xE0,0x00,0x00,0x00,0x00,0x00,0x00,0x05,
  0xF7,0x7A,0xC9,0x56,0x35,0xAE,0x00,0x00,0x91,0x12,0x0F,0x2A,
  0x54,0x52,0x5A,0xD5,0x54,0x95,0x4A,0xB2,0x00,0x00,0x00,0x00,
  0x00,0x00,0x00,0x00,0x00,0x00,0x00,0x00,0x00,0x00,0x00,0x00,
  0x00,0x00,0x00,0x00,0x00,0x00,0x00,0x00,0x00,0x00,0x00,0x00,
  0x00,0x00,0x00,0x00,0x00,0x00,0x00,0x00,0x00,0xF0,0x06,0x54,
  0x95,0x54,0x14,0xB7,0x89,0xB2,0x90,0xDA,0xF5,0x25,0xE0,0x00,
  0x00,0x00,0x03,0xF8,0x04,0x3A,0xC5,0xAB,0x65,0x2E,0x00,0x00,
  0x00,0x00,0x00,0x07,0x14,0xF4,0xA2,0x95,0x70,0x00,0x00,0x00,
  0x10,0x00,0x00,0x09,0xD2,0xE3,0xA4,0x9E,0xF4,0xAC,0x00,0x00,
  0x44,0x48,0x86,0xFA,0x92,0xA9,0x6A,0xB5,0x6A,0x54,0xAA,0x99,
  0x00,0x00,0x00,0x00,0x00,0x00,0x00,0x00,0x00,0x00,0x00,0x00,
  0x00,0x00,0x00,0x00,0x00,0x00,0x00,0x00,0x00,0x00,0x00,0x00,
  0x00,0x00,0x00,0x00,0x00,0x00,0x00,0x00,0x00,0x00,0x00,0x00,
  0x00,0x50,0x07,0x4A,0x52,0x4D,0x5A,0x53,0x6A,0xA9,0x4B,0x5C,
  0x4A,0x97,0xE0,0x00,0x00,0x00,0x00,0xF0,0x00,0x71,0xCF,0xCE,
  0xE9,0x58,0x00,0x00,0x00,0x00,0x00,0x0D,0xFF,0xBA,0x55,0x52,
  0x30,0x00,0x00,0x00,0x38,0x00,0x00,0x04,0x7B,0x9D,0xAA,0xA7,
  0x6A,0x4C,0x00,0x00,0x10,0x22,0x53,0x8D,0x4A,0x8A,0x25,0x62,
  0xDA,0xAB,0x55,0x64,0x00,0x00,0x00,0x00,0x00,0x00,0x00,0x00,
  0x00,0x00,0x00,0x00,0x00,0x00,0x00,0x00,0x00,0x00,0x00,0x00,
  0x00,0x00,0x00,0x00,0x00,0x00,0x00,0x00,0x00,0x00,0x00,0x00,
  0x00,0x00,0x00,0x00,0x00,0x78,0x07,0x29,0xA9,0x70,0x15,0x5B,
  0xBA,0xAC,0xA8,0xED,0x2D,0x53,0xE0,0x00,0x00,0x00,0x00,0x20,
  0x00,0x7F,0xDF,0xAF,0xD4,0x9A,0x00,0x00,0x00,0x00,0x00,0x07,
  0x25,0xD9,0x49,0x35,0x78,0x00,0x00,0x03,0xFC,0x00,0x00,0x0A,
  0xB7,0x76,0xAA,0x4A,0xB1,0x38,0x00,0x00,0x03,0x50,0x14,0x66,
  0x29,0x52,0xAA,0x95,0x5E,0xB0,0x9A,0x9A,0x00,0x00,0x00,0x00,
  0x00,0x00,0x00,0x00,0x00,0x00,0x00,0x00,0x00,0x00,0x00,0x00,
  0x00,0x00,0x00,0x00,0x00,0x00,0x00,0x00,0x00,0x00,0x00,0x00,
  0x00,0x00,0x00,0x00,0x00,0x00,0x00,0x00,0x00,0x38,0x03,0xF5,
  0xD5,0xAA,0xAA,0x55,0xAB,0x56,0x4A,0x7E,0x8C,0x95,0x40,0x80,
  0x00,0x00,0x00,0x00,0x00,0xFF,0x9D,0x5E,0x4A,0x77,0x00,0x00,
  0x00,0x00,0x00,0x06,0x94,0xFD,0x2A,0xEA,0x9E,0x00,0x00,0x07,
  0xF6,0x00,0x00,0x34,0xF6,0xD6,0x92,0xA6,0x55,0x70,0x00,0x01,
  0x21,0xA5,0x43,0x95,0x54,0x95,0x53,0xD5,0x83,0x0E,0x6A,0xDA,
  0x00,0x00,0x00,0x00,0x00,0x00,0x00,0x00,0x00,0x00,0x00,0x00,
  0x00,0x00,0x00,0x00,0x00,0x00,0x00,0x00,0x00,0x00,0x00,0x00,
  0x00,0x00,0x00,0x00,0x00,0x00,0x00,0x00,0x00,0x00,0x00,0x00,
  0x00,0x38,0x06,0xDB,0x65,0x40,0x14,0x57,0x29,0x5D,0x55,0x27,
  0x76,0x4B,0xC0,0x00,0x00,0x00,0x00,0x00,0x00,0x10,0x87,0x2D,
  0x32,0xE2,0x00,0x00,0x00,0x00,0x00,0x06,0xAA,0x6C,0xB2,0xD4,
  0x4F,0xC8,0x00,0x03,0xEE,0x00,0x00,0x1B,0x3C,0xD2,0xA9,0x2B,
  0xB5,0x30,0x01,0x02,0x07,0x52,0x15,0x56,0x92,0x57,0xEE,0x6A,
  0xDE,0xA9,0x42,0x8F,0x00,0x00,0x00,0x00,0x00,0x00,0x00,0x00,
  0x00,0x00,0x00,0x00,0x00,0x00,0x00,0x00,0x00,0x00,0x00,0x00,
  0x00,0x00,0x00,0x00,0x00,0x00,0x00,0x00,0x00,0x00,0x00,0x00,
  0x00,0x00,0x00,0x00,0x00,0x1C,0x05,0x5A,0xBB,0xAB,0x56,0x55,
  0x4A,0x4B,0x22,0x99,0xBA,0xA9,0x80,0x00,0x00,0x00,0x00,0x00,
  0x00,0x01,0xEE,0xA2,0xFA,0x60,0x40,0x00,0x00,0x00,0x00,0x06,
  0x91,0x7D,0x7D,0xAA,0xBB,0xFE,0x00,0x01,0xA7,0x00,0x00,0x05,
  0x17,0xAA,0x4A,0x96,0x3A,0xB0,0x00,0x80,0x2E,0xD4,0x4B,0xBB,
  0xCA,0xAF,0x79,0x93,0xD2,0x55,0x5A,0xA1,0x00,0x00,0x00,0x00,
  0x00,0x00,0x00,0x00,0x00,0x00,0x00,0x00,0x00,0x00,0x00,0x00,
  0x00,0x00,0x00,0x00,0x00,0x00,0x00,0x00,0x00,0x00,0x00,0x00,
  0x00,0x00,0x00,0x00,0x00,0x00,0x00,0x00,0x00,0x1E,0x03,0x56,
  0xB6,0x94,0x58,0x6C,0xA5,0x36,0xAA,0x4A,0xA9,0x25,0x80,0x00,
  0x00,0x00,0x00,0x00,0x00,0x03,0xF7,0x5D,0x7D,0x70,0xC0,0x00,
  0x00,0x00,0x00,0x06,0xAA,0xBD,0xD6,0xE9,0x6C,0x7F,0x00,0x00,
  0xD5,0x80,0x00,0x02,0x5F,0x55,0x24,0xAE,0x9A,0x78,0x02,0x06,
  0x9A,0x78,0x14,0x43,0x77,0x58,0x8F,0xAD,0x6A,0x9A,0x84,0x94,
  0x00,0x00,0x00,0x00,0x00,0x00,0x00,0x00,0x00,0x00,0x00,0x00,
  0x00,0x00,0x00,0x00,0x00,0x00,0x00,0x00,0x00,0x00,0x00,0x00,
  0x00,0x00,0x00,0x00,0x00,0x00,0x00,0x00,0x00,0x00,0x00,0x00,
  0x00,0x0E,0x03,0x49,0x1A,0x02,0x2A,0x53,0x29,0x56,0xF5,0x55,
  0x6A,0x95,0xC0,0x00,0x00,0x00,0x00,0x00,0x00,0x07,0xE6,0xBF,
  0xEF,0x3B,0xE0,0x00,0x00,0x00,0x00,0x06,0x94,0xBD,0xFB,0xEA,
  0xDB,0x25,0xC0,0x00,0x77,0x00,0x00,0x01,0x0C,0x92,0xAA,0x5C,
  0x19,0x3C,0xE0,0x13,0x1A,0x9D,0x02,0x88,0xBF,0xF5,0x7C,0xB5,
  0x55,0x4C,0x52,0x4B,0x00,0x00,0x00,0x00,0x00,0x00,0x00,0x00,
  0x00,0x00,0x00,0x00,0x00,0x00,0x00,0x00,0x00,0x00,0x00,0x00,
  0x00,0x00,0x00,0x00,0x00,0x00,0x00,0x00,0x00,0x00,0x00,0x00,
  0x00,0x00,0x00,0x00,0x00,0x0E,0x06,0xB4,0xA8,0xA8,0xA9,0x56,
  0xDA,0x55,0x59,0x24,0xB2,0x52,0xC0,0x00,0x08,0x00,0x00,0x00,
  0x00,0x07,0xC3,0x77,0xC7,0xF3,0x60,0x00,0x00,0x00,0x00,0x06,
  0xA2,0xB7,0x4F,0xD2,0x78,0x96,0xC0,0x00,0x6F,0x00,0x00,0x02,
  0xA7,0x49,0x25,0x38,0x5D,0x4F,0xE1,0x05,0x79,0x58,0xA0,0x04,
  0x48,0xD2,0xDE,0xAD,0xD3,0x2F,0x09,0x55,0x00,0x00,0x00,0x00,
  0x00,0x00,0x00,0x00,0x00,0x00,0x00,0x00,0x00,0x00,0x00,0x00,
  0x00,0x00,0x00,0x00,0x00,0x00,0x00,0x00,0x00,0x00,0x00,0x00,
  0x00,0x00,0x00,0x00,0x00,0x00,0x00,0x00,0x00,0x07,0x0D,0x7A,
  0xA2,0xC5,0x50,0x6D,0xAD,0x35,0x2C,0xAB,0x55,0x5D,0xC0,0x00,
  0x3C,0x00,0x00,0x00,0x00,0x02,0x03,0xE0,0x01,0xB6,0xC0,0x00,
  0x00,0x00,0x00,0x03,0x55,0x5F,0x62,0xAB,0xEE,0xAF,0x78,0x00,
  0xE5,0x80,0x00,0x03,0x53,0xAA,0xA9,0x62,0x56,0xA7,0xBF,0xA1,
  0xF6,0x72,0x0A,0xA1,0x15,0x34,0xEB,0x53,0x55,0x53,0xA4,0x2A,
  0x00,0x00,0x00,0x00,0x00,0x00,0x00,0x00,0x00,0x00,0x00,0x00,
  0x00,0x00,0x00,0x00,0x00,0x00,0x00,0x00,0x00,0x00,0x00,0x00,
  0x00,0x00,0x00,0x00,0x00,0x00,0x00,0x00,0x00,0x00,0x00,0x00,
  0x00,0x07,0x06,0xCD,0x49,0xB1,0x5A,0xDA,0xA9,0x58,0x96,0x91,
  0x19,0x7A,0xE0,0x00,0x70,0x00,0x00,0x00,0x00,0x00,0x03,0xC0,
  0x00,0xF7,0xC0,0x00,0x00,0x00,0x00,0x03,0x48,0x9F,0x6B,0x47,
  0x1A,0x56,0xBC,0x01,0xD5,0x80,0x00,0x01,0xA0,0xCA,0xA4,0xF1,
  0x5F,0x28,0xBF,0xFB,0x55,0xA5,0x20,0x08,0x20,0xF1,0x16,0xD6,
  0x6B,0x48,0xC2,0x95,0x00,0x00,0x00,0x00,0x00,0x00,0x00,0x00,
  0x00,0x00,0x00,0x00,0x00,0x00,0x00,0x00,0x00,0x00,0x00,0x00,
  0x00,0x00,0x00,0x00,0x00,0x00,0x00,0x00,0x00,0x00,0x00,0x00,
  0x00,0x00,0x00,0x00,0x00,0x07,0x9B,0xC6,0x2F,0xD2,0x53,0x75,
  0x5A,0x8F,0x56,0xAA,0xD5,0xE6,0x70,0x00,0xF0,0x00,0x00,0x00,
  0x00,0x00,0x01,0x40,0x01,0xFE,0xC0,0x00,0x00,0x00,0x00,0x03,
  0x55,0x4E,0xD5,0x2F,0xF9,0xED,0x4E,0x03,0xA5,0x80,0x00,0x00,
  0xED,0xD5,0x55,0x34,0xAD,0xCA,0xDB,0xFF,0x57,0x00,0xD2,0x42,
  0x86,0xD8,0x45,0x29,0xD5,0x2A,0xD4,0x4A,0x00,0x00,0x00,0x00,
  0x00,0x00,0x00,0x00,0x00,0x00,0x00,0x00,0x00,0x00,0x00,0x00,
  0x00,0x00,0x00,0x00,0x00,0x00,0x00,0x00,0x00,0x00,0x00,0x00,
  0x00,0x00,0x00,0x00,0x00,0x00,0x00,0x00,0x00,0x02,0x9D,0x83,
  0xDD,0x54,0xF6,0xD5,0x19,0x55,0x89,0xD5,0x6E,0xDD,0x3E,0x01,
  0xD8,0x00,0x00,0x00,0x00,0x00,0x00,0x80,0x00,0xF6,0xC0,0x00,
  0x00,0x00,0x00,0x03,0x92,0x53,0xA4,0xAA,0xAF,0xB4,0x56,0x06,
  0x95,0x80,0x00,0x00,0x14,0x6A,0xAA,0x99,0x5E,0xD3,0xEF,0xDB,
  0x5E,0x55,0x28,0x10,0x25,0x62,0x28,0xE5,0x56,0xA5,0x65,0x20,
  0x00,0x00,0x00,0x00,0x00,0x00,0x00,0x00,0x00,0x00,0x00,0x00,
  0x00,0x00,0x00,0x00,0x00,0x00,0x00,0x00,0x00,0x00,0x00,0x00,
  0x00,0x00,0x00,0x00,0x00,0x00,0x00,0x00,0x00,0x00,0x00,0x00,
  0x00,0x02,0xA4,0x06,0x32,0x92,0xAD,0x95,0x6A,0x4B,0x56,0xB9,
  0x1F,0x8D,0xBE,0x0F,0xBC,0x00,0x00,0x00,0x00,0x00,0x00,0x00,
  0x00,0x67,0x60,0x00,0x00,0x00,0x00,0x03,0x4A,0x95,0x52,0x9A,
  0x5A,0xF2,0x97,0x0F,0x52,0xC0,0x00,0x00,0x0A,0xB5,0x48,0xBA,
  0x1A,0xE9,0xBC,0xED,0x58,0xAA,0xA7,0x44,0x8A,0x95,0x43,0xD4,
  0x95,0x52,0x55,0x96,0x00,0x00,0x00,0x00,0x00,0x00,0x00,0x00,
  0x00,0x00,0x00,0x00,0x00,0x00,0x00,0x00,0x00,0x00,0x00,0x00,
  0x00,0x00,0x00,0x00,0x00,0x00,0x00,0x00,0x00,0x00,0x00,0x00,
  0x00,0x00,0x00,0x00,0x00,0x03,0x9C,0x1D,0x54,0xCB,0xFB,0x12,
  0xB5,0x29,0xAB,0xAE,0xD5,0x5E,0xAB,0x5F,0x4E,0x00,0x00,0x00,
  0x00,0x00,0x00,0x00,0x00,0x0D,0x60,0x00,0x00,0x00,0x00,0x03,
  0x52,0x49,0x2A,0x5F,0x4F,0x8A,0x53,0x0E,0xCB,0x80,0x00,0x00,
  0x64,0x5A,0xA5,0x98,0x9F,0xCA,0xD0,0x66,0xB3,0x48,0x9F,0x90,
  0x4A,0x22,0xB7,0xA5,0x52,0x29,0x65,0x21,0x00,0x00,0x00,0x00,
  0x00,0x00,0x00,0x00,0x00,0x00,0x00,0x00,0x00,0x00,0x00,0x00,
  0x00,0x00,0x00,0x00,0x00,0x00,0x00,0x00,0x00,0x00,0x00,0x00,
  0x00,0x00,0x00,0x00,0x00,0x00,0x00,0x00,0x00,0x03,0x88,0x3A,
  0x6F,0x5B,0x0E,0x14,0xB2,0xA5,0x5B,0x3A,0xFD,0xB1,0xEB,0x7D,
  0xA7,0x00,0x00,0x00,0x00,0x00,0x00,0x00,0x00,0x07,0xC0,0x00,
  0x00,0x00,0x00,0x01,0xAB,0xFF,0xC5,0x47,0xAE,0x55,0xCB,0xBD,
  0x55,0x80,0x00,0x02,0x51,0x1D,0x16,0xDC,0x3D,0x2A,0xC0,0xD4,
  0x77,0x03,0x45,0xE2,0x20,0x8C,0xD6,0x52,0x49,0x4A,0xD4,0x4A,
  0x00,0x00,0x00,0x00,0x00,0x00,0x00,0x00,0x00,0x00,0x00,0x00,
  0x00,0x00,0x00,0x00,0x00,0x00,0x00,0x00,0x00,0x00,0x00,0x00,
  0x00,0x00,0x00,0x00,0x00,0x00,0x00,0x00,0x00,0x00,0x00,0x00,
  0x00,0x03,0xC0,0x74,0xF5,0x56,0xF0,0x95,0x19,0x29,0xAE,0x5D,
  0x44,0x4A,0xD3,0xFB,0xEE,0x00,0x00,0x00,0x00,0x00,0x00,0x00,
  0x00,0x07,0xC0,0x00,0x00,0x00,0x00,0x01,0xDF,0xFF,0xE8,0xBF,
  0xF9,0x56,0xAB,0xFA,0xA3,0xE0,0x00,0x06,0x2A,0x4E,0xA9,0x71,
  0x15,0xA5,0x60,0x72,0xBF,0xA9,0x0E,0x69,0x08,0x2B,0x5D,0x15,
  0x2D,0x53,0x61,0x15,0x00,0x00,0x00,0x00,0x00,0x00,0x00,0x00,
  0x00,0x00,0x00,0x00,0x00,0x00,0x00,0x00,0x00,0x00,0x00,0x00,
  0x00,0x00,0x00,0x00,0x00,0x00,0x00,0x00,0x00,0x00,0x00,0x00,
  0x00,0x00,0x00,0x00,0x00,0x01,0xC0,0xEB,0x29,0xB8,0xC4,0x22,
  0xDC,0xA5,0x68,0xB4,0x95,0x1F,0x15,0xAE,0x73,0x00,0x00,0x00,
  0x00,0x00,0x00,0x00,0x00,0x00,0x80,0x00,0x00,0x00,0x00,0x00,
  0xFE,0x01,0x7F,0xFF,0x7E,0x8B,0x56,0xD2,0xAF,0xF0,0x00,0x05,
  0x90,0x13,0x55,0x6A,0x7D,0x92,0x70,0x7A,0x7C,0xC5,0x2D,0x70,
  0x42,0x15,0x39,0x52,0xAA,0x4B,0x1A,0x4E,0x00,0x00,0x00,0x00,
  0x00,0x00,0x00,0x00,0x00,0x00,0x00,0x00,0x00,0x00,0x00,0x00,
  0x00,0x00,0x00,0x00,0x00,0x00,0x00,0x00,0x00,0x00,0x00,0x00,
  0x00,0x00,0x00,0x00,0x00,0x00,0x00,0x00,0x00,0x01,0xC0,0x7F,
  0xC5,0x45,0xA9,0xAA,0xAB,0x54,0xAA,0x92,0x5A,0xF4,0xDA,0xBC,
  0x3F,0x00,0x00,0x00,0x00,0x00,0x00,0x00,0x00,0x00,0x00,0x00,
  0x00,0x00,0x00,0x00,0x70,0x00,0x3F,0xC1,0xFB,0x75,0x55,0xA9,
  0x7F,0xF8,0x00,0x02,0x35,0x57,0x45,0xE8,0x3D,0xD5,0x70,0x1D,
  0x72,0xF7,0x9D,0x34,0x08,0xAB,0x74,0xA9,0x25,0xD5,0xF5,0x7A,
  0x00,0x00,0x00,0x00,0x00,0x00,0x00,0x00,0x00,0x00,0x00,0x00,
  0x00,0x00,0x00,0x00,0x00,0x00,0x00,0x00,0x00,0x00,0x00,0x00,
  0x00,0x00,0x00,0x00,0x00,0x00,0x00,0x00,0x00,0x00,0x00,0x00,
  0x00,0x01,0x40,0x54,0xEB,0x2F,0x96,0xA9,0x37,0x52,0xB9,0x4D,
  0x77,0x5A,0x76,0xE0,0x0E,0x00,0x00,0x00,0x00,0x00,0x00,0x00,
  0x00,0x00,0x08,0x00,0x00,0x00,0x00,0x00,0x00,0x00,0x01,0xFB,
  0xDF,0xED,0x2E,0x44,0xF6,0xBF,0x00,0x00,0x40,0x26,0xAF,0xC2,
  0xBE,0xD2,0x58,0x0E,0x95,0x3F,0x99,0x59,0x64,0x55,0x52,0x8A,
  0x9F,0xA8,0xAA,0xD5,0x00,0x00,0x00,0x00,0x00,0x00,0x00,0x00,
  0x00,0x00,0x00,0x00,0x00,0x00,0x00,0x00,0x00,0x00,0x00,0x00,
  0x00,0x00,0x00,0x00,0x00,0x00,0x00,0x00,0x00,0x00,0x00,0x00,
  0x00,0x00,0x00,0x00,0x00,0x01,0x40,0x00,0x36,0xAD,0x0A,0x65,
  0x2B,0xAA,0x54,0xBA,0xD5,0xB7,0xA9,0x70,0x02,0x00,0x00,0x00,
  0x00,0x00,0x00,0x00,0x00,0x00,0x0C,0x00,0x00,0x00,0x00,0x00,
  0x00,0x00,0x1F,0x3F,0xFF,0xF2,0x93,0x2B,0xAB,0xDF,0x80,0x00,
  0x34,0xCE,0x56,0x0A,0xD6,0xC9,0x78,0x06,0xA4,0xA9,0xBA,0x5B,
  0xAA,0xA2,0xEA,0x52,0x5A,0xD5,0x5D,0xA4,0x00,0x00,0x00,0x00,
  0x00,0x00,0x00,0x00,0x00,0x00,0x00,0x00,0x00,0x00,0x00,0x00,
  0x00,0x00,0x00,0x00,0x00,0x00,0x00,0x00,0x00,0x00,0x00,0x00,
  0x00,0x00,0x00,0x00,0x00,0x00,0x00,0x00,0x00,0x01,0xC0,0x00,
  0x3A,0x5A,0xAA,0xAD,0x76,0x45,0x1D,0x55,0xBD,0x59,0x55,0x38,
  0x00,0x00,0x00,0x00,0x00,0x00,0x00,0x00,0x00,0x00,0x1F,0x80,
  0x00,0x00,0x00,0x00,0x00,0x00,0x37,0xE0,0x1F,0xBC,0xAA,0xA9,
  0xB1,0x0D,0x80,0x00,0x26,0x8D,0x27,0x8D,0x5E,0xEA,0xE8,0x03,
  0x52,0x95,0xF5,0x74,0xB4,0x4A,0xD5,0x55,0x70,0xD2,0xA6,0x52,
  0x00,0x00,0x00,0x00,0x00,0x00,0x00,0x00,0x00,0x00,0x00,0x00,
  0x00,0x00,0x00,0x00,0x00,0x00,0x00,0x00,0x00,0x00,0x00,0x00,
  0x00,0x00,0x00,0x00,0x00,0x00,0x00,0x00,0x00,0x00,0x00,0x00,
  0x00,0x01,0xE0,0x00,0x75,0x75,0x55,0x4A,0xF6,0xA8,0xCA,0xAD,
  0x55,0x4E,0xAA,0xD8,0x00,0x00,0x00,0x00,0x00,0x00,0x02,0x00,
  0x00,0x00,0x1B,0xC0,0x00,0x00,0x00,0x00,0x00,0x00,0x7C,0x5F,
  0x37,0xFF,0xFD,0x7B,0xB8,0x07,0xC0,0x00,0x18,0x6E,0x93,0xE8,
  0x0F,0xB4,0xC0,0x03,0x9A,0x4A,0x69,0x52,0x0A,0x24,0xD5,0x24,
  0xFA,0xE9,0x12,0x9F,0x00,0x00,0x00,0x00,0x00,0x00,0x00,0x00,
  0x00,0x00,0x00,0x00,0x00,0x00,0x00,0x00,0x00,0x00,0x00,0x00,
  0x00,0x00,0x00,0x00,0x00,0x00,0x00,0x00,0x00,0x00,0x00,0x00,
  0x00,0x00,0x00,0x00,0x00,0x01,0xE0,0x00,0xE9,0x54,0xA9,0xBD,
  0xAB,0x25,0x3C,0xAC,0x9A,0x25,0xBA,0xAC,0x00,0x00,0x00,0x00,
  0x00,0x00,0x04,0x00,0x00,0x00,0x1D,0xE0,0x00,0x00,0x00,0x00,
  0x00,0x3F,0xB7,0xFF,0xFD,0x87,0xDA,0xEF,0x80,0x07,0xC0,0x00,
  0x2A,0x2A,0xA8,0xE5,0x76,0xEF,0x90,0x01,0xA5,0x51,0x54,0xA9,
  0x51,0x45,0x29,0x53,0x91,0x24,0xAA,0xB5,0x00,0x00,0x00,0x00,
  0x00,0x00,0x00,0x00,0x00,0x00,0x00,0x00,0x00,0x00,0x00,0x00,
  0x00,0x00,0x00,0x00,0x00,0x00,0x00,0x00,0x00,0x00,0x00,0x00,
  0x00,0x00,0x00,0x00,0x00,0x00,0x00,0x00,0x00,0x01,0xC0,0x01,
  0xD4,0xAA,0xE7,0x55,0xAD,0x95,0x46,0xA7,0x69,0xF4,0xDD,0x5E,
  0x00,0x00,0x00,0x00,0x00,0x00,0x0A,0x00,0x00,0x00,0x1C,0x7F,
  0x80,0x00,0x00,0x00,0x00,0xFF,0xDF,0xD3,0x5F,0xE0,0x6F,0xBF,
  0xC0,0x01,0xE0,0x00,0x09,0x57,0x4A,0xE8,0xBE,0xFA,0xE0,0x01,
  0xDA,0x4D,0x22,0xB4,0xAA,0x54,0xBA,0x4F,0x45,0x75,0x54,0xD4,
  0x00,0x00,0x00,0x00,0x00,0x00,0x00,0x00,0x00,0x00,0x00,0x00,
  0x00,0x00,0x00,0x00,0x00,0x00,0x00,0x00,0x00,0x00,0x00,0x00,
  0x00,0x00,0x00,0x00,0x00,0x00,0x00,0x00,0x00,0x00,0x00,0x00,
  0x00,0x01,0x40,0x01,0xA5,0x6B,0x3A,0x7B,0x66,0xE9,0x2A,0x56,
  0x57,0x15,0x5A,0xBC,0x00,0x00,0x00,0x00,0x00,0x00,0x14,0x00,
  0x00,0x00,0x1A,0x9F,0xC0,0x00,0x00,0x00,0x00,0xC8,0xDC,0x2B,
  0xC5,0xF8,0x2B,0x6D,0xC0,0x00,0x80,0x00,0x04,0x27,0xAB,0xC6,
  0x1B,0x85,0xE4,0x01,0xA5,0x22,0x95,0x53,0x25,0x4A,0x5D,0x29,
  0xA2,0x32,0x45,0xD2,0x00,0x00,0x00,0x00,0x00,0x00,0x00,0x00,
  0x00,0x00,0x00,0x00,0x00,0x00,0x00,0x00,0x00,0x00,0x00,0x00,
  0x00,0x00,0x00,0x00,0x00,0x00,0x00,0x00,0x00,0x00,0x00,0x00,
  0x00,0x00,0x00,0x00,0x00,0x03,0xC0,0x01,0xD2,0xC7,0xAD,0xC9,
  0x9D,0xA4,0xAB,0x6B,0x55,0xD2,0x75,0xB9,0x00,0x00,0x00,0x00,
  0x00,0x00,0x28,0x00,0x00,0x00,0x0D,0x5E,0xC0,0x00,0x00,0x00,
  0x01,0xA6,0xDA,0xA7,0xD2,0x5C,0x7F,0x97,0xE2,0x40,0x00,0x00,
  0x02,0x90,0xD3,0x02,0x83,0x5F,0x70,0x00,0xEA,0xAA,0x54,0x5F,
  0xD7,0xD4,0x99,0xD5,0x95,0x5B,0xAA,0xA9,0x00,0x00,0x00,0x00,
  0x00,0x00,0x00,0x00,0x00,0x00,0x00,0x00,0x00,0x00,0x00,0x00,
  0x00,0x00,0x00,0x00,0x00,0x00,0x00,0x00,0x00,0x00,0x00,0x00,
  0x00,0x00,0x00,0x00,0x00,0x00,0x00,0x00,0x00,0x01,0xC0,0x00,
  0xFF,0x9E,0x53,0xBC,0xBB,0x55,0x25,0xA1,0x9A,0x09,0x96,0x8E,
  0x82,0x00,0x00,0x00,0x00,0x00,0x20,0x00,0x00,0x00,0x07,0x5B,
  0x80,0x00,0x00,0x00,0x01,0xA9,0x7A,0x92,0xAA,0x97,0x35,0x56,
  0xFF,0xF0,0x00,0x00,0x00,0x12,0xCE,0xA2,0x51,0xD5,0xB0,0x00,
  0x74,0xA9,0x4A,0x94,0xF6,0xA9,0x37,0xE5,0xC6,0x9D,0xD2,0xD6,
  0x00,0x00,0x00,0x00,0x00,0x00,0x00,0x00,0x00,0x00,0x00,0x00,
  0x00,0x00,0x00,0x00,0x00,0x00,0x00,0x00,0x00,0x00,0x00,0x00,
  0x00,0x00,0x00,0x00,0x00,0x00,0x00,0x00,0x00,0x00,0x00,0x00,
  0x00,0x01,0xC0,0x11,0x3E,0x2B,0x4C,0xAA,0xBB,0x52,0x92,0x55,
  0x55,0xB6,0xEA,0xDD,0xD7,0x00,0x00,0x00,0x00,0x00,0x10,0x00,
  0x00,0x00,0x03,0xFF,0xE0,0x00,0x00,0x00,0x01,0xA4,0xBD,0x5B,
  0xD4,0xAB,0xFD,0x4B,0xBD,0xFB,0x00,0x00,0x00,0x85,0xAE,0x09,
  0x05,0xFC,0xF0,0x00,0x32,0x55,0x25,0x4B,0x7C,0xE6,0x3B,0x3F,
  0x56,0xFB,0x69,0x5A,0x00,0x00,0x00,0x00,0x00,0x00,0x00,0x00,
  0x00,0x00,0x00,0x00,0x00,0x00,0x00,0x00,0x00,0x00,0x00,0x00,
  0x00,0x00,0x00,0x00,0x00,0x00,0x00,0x00,0x00,0x00,0x00,0x00,
  0x00,0x00,0x00,0x00,0x00,0x00,0xE0,0x3D,0x00,0x9C,0xA5,0x58,
  0x16,0x94,0xA9,0x2A,0xD2,0xB6,0xA5,0x79,0xFF,0x80,0x00,0x00,
  0x00,0x00,0x00,0x00,0x00,0x00,0x01,0xF4,0xF0,0x00,0x00,0x00,
  0x01,0xB5,0x55,0x2F,0x4A,0x49,0xB7,0xA5,0xDD,0x1F,0xC0,0x00,
  0x00,0x00,0xE6,0x20,0xA8,0xD2,0x48,0x00,0x3D,0x68,0xA8,0xA8,
  0xCA,0xD4,0xB3,0x5D,0x2E,0xFB,0xE5,0x2A,0x00,0x00,0x00,0x00,
  0x00,0x00,0x00,0x00,0x00,0x00,0x00,0x00,0x00,0x00,0x00,0x00,
  0x00,0x00,0x00,0x00,0x00,0x00,0x00,0x00,0x00,0x00,0x00,0x00,
  0x00,0x00,0x00,0x00,0x00,0x00,0x00,0x00,0x00,0x00,0x70,0x7E,
  0xAB,0x13,0x52,0x37,0xC6,0xA5,0x25,0x44,0x6F,0x7A,0x55,0xE2,
  0xF9,0x80,0x00,0x00,0x00,0x00,0x00,0x00,0x00,0x00,0x03,0xDE,
  0xB8,0x00,0x00,0x00,0x01,0xFA,0x7C,0xB1,0xE5,0x25,0xDA,0xD2,
  0xB5,0xD6,0xE0,0x00,0x00,0x05,0x7B,0x05,0x00,0xA4,0x96,0x00,
  0x6D,0xD5,0x4A,0x4A,0xA5,0x88,0x6A,0x82,0x9B,0x91,0x39,0x5D,
  0x00,0x00,0x00,0x00,0x00,0x00,0x00,0x00,0x00,0x00,0x00,0x00,
  0x00,0x00,0x00,0x00,0x00,0x00,0x00,0x00,0x00,0x00,0x00,0x00,
  0x00,0x00,0x00,0x00,0x00,0x00,0x00,0x00,0x00,0x00,0x00,0x00,
  0x00,0x00,0x70,0x36,0x22,0xFD,0x2A,0xBA,0xAB,0x29,0x54,0xAA,
  0xCB,0xDD,0x25,0x8F,0x6B,0xC0,0x00,0x00,0x00,0x00,0x00,0x00,
  0x00,0x00,0x00,0x8E,0xBC,0x00,0x00,0x00,0x00,0xDD,0x2D,0x4E,
  0x92,0xAB,0xFE,0xAA,0x5E,0x49,0x70,0x00,0x00,0x00,0x66,0x9A,
  0x28,0x41,0x0A,0x00,0xE6,0x9A,0x52,0xA5,0x15,0xB5,0xD6,0xAA,
  0x59,0x6A,0xDD,0x25,0x00,0x00,0x00,0x00,0x00,0x00,0x00,0x00,
  0x00,0x00,0x00,0x00,0x00,0x00,0x00,0x00,0x00,0x00,0x00,0x00,
  0x00,0x00,0x00,0x00,0x00,0x00,0x00,0x00,0x00,0x00,0x00,0x00,
  0x00,0x00,0x00,0x00,0x00,0x00,0x50,0x35,0x5B,0x52,0x95,0x6B,
  0x25,0x4A,0x4A,0x52,0x75,0x2C,0x94,0xFD,0xF4,0xE0,0x00,0x00,
  0x00,0x00,0x00,0x01,0x00,0x00,0x00,0x07,0xCE,0x00,0x00,0x00,
  0x00,0x06,0xBD,0x22,0xA9,0x25,0x7E,0x92,0xA1,0x54,0xB0,0x00,
  0x00,0x01,0xF7,0x22,0x95,0x44,0x42,0x01,0x95,0xB5,0x2A,0x54,
  0xA9,0x7F,0xAD,0x49,0x77,0xB5,0x95,0x92,0x00,0x00,0x00,0x00,
  0x00,0x00,0x00,0x00,0x00,0x00,0x00,0x00,0x00,0x00,0x00,0x00,
  0x00,0x00,0x00,0x00,0x00,0x00,0x00,0x00,0x00,0x00,0x00,0x00,
  0x00,0x00,0x00,0x00,0x00,0x00,0x00,0x00,0x00,0x00,0x70,0x1E,
  0xAA,0xA9,0x5B,0xE9,0x5E,0xD2,0xA5,0x29,0x35,0xBA,0xAA,0xFA,
  0xEA,0xF0,0x00,0x00,0x00,0x00,0x00,0x07,0x80,0x00,0x00,0x0D,
  0x5B,0x00,0x0C,0x00,0x00,0x16,0xB6,0xBA,0x54,0x93,0xED,0xC9,
  0x15,0x25,0x70,0x00,0x00,0x41,0xCB,0x2A,0x44,0x81,0x12,0x05,
  0x4D,0x5C,0x92,0x92,0xA4,0xD6,0xA6,0x2A,0xEC,0x5B,0x86,0x4B,
  0x00,0x00,0x00,0x00,0x00,0x00,0x00,0x00,0x00,0x00,0x00,0x00,
  0x00,0x00,0x00,0x00,0x00,0x00,0x00,0x00,0x00,0x00,0x00,0x00,
  0x00,0x00,0x00,0x00,0x00,0x00,0x00,0x00,0x00,0x00,0x00,0x00,
  0x00,0x00,0x70,0x19,0x75,0x64,0xAB,0x4D,0x32,0xA9,0x12,0x8A,
  0xEB,0xE4,0x92,0x35,0x52,0x38,0x00,0x00,0x00,0x80,0x00,0x07,
  0x80,0x00,0x00,0x0D,0xAB,0x80,0xFF,0x00,0x00,0x7E,0xBF,0xF9,
  0x4A,0xA9,0xEF,0xEA,0xAA,0x92,0x38,0x00,0x00,0x01,0xD7,0x29,
  0x15,0x28,0x41,0x0A,0xAD,0x06,0xA9,0x4A,0x52,0x29,0x2C,0xA4,
  0xAB,0x56,0x2E,0xE9,0x00,0x00,0x00,0x00,0x00,0x00,0x00,0x00,
  0x00,0x00,0x00,0x00,0x00,0x00,0x00,0x00,0x00,0x00,0x00,0x00,
  0x00,0x00,0x00,0x00,0x00,0x00,0x00,0x00,0x00,0x00,0x00,0x00,
  0x00,0x00,0x00,0x00,0x00,0x00,0xF0,0x1C,0x8A,0xB5,0xF6,0x25,
  0x6F,0x54,0xA9,0x54,0xB6,0xAA,0x49,0x52,0x49,0x58,0x00,0x00,
  0x01,0xC0,0x00,0x0F,0x80,0x00,0x00,0x0E,0xB7,0xE1,0xF7,0x00,
  0x00,0xED,0x3C,0x0E,0x52,0x55,0x53,0x64,0xA4,0xAA,0xB0,0x00,
  0x00,0x01,0xB6,0x40,0xAC,0x82,0x15,0x34,0x37,0x6E,0x94,0xA9,
  0x2A,0x92,0xB9,0x12,0xDE,0xEA,0x8D,0xB4,0x00,0x00,0x00,0x00,
  0x00,0x00,0x00,0x00,0x00,0x00,0x00,0x00,0x00,0x00,0x00,0x00,
  0x00,0x00,0x00,0x00,0x00,0x00,0x00,0x00,0x00,0x00,0x00,0x00,
  0x00,0x00,0x00,0x00,0x00,0x00,0x00,0x00,0x00,0x00,0xF0,0x1B,
  0x74,0xEB,0xAC,0x95,0x7D,0xCA,0xA4,0xA2,0x9A,0xA5,0x55,0x49,
  0x55,0x5E,0x00,0x00,0x01,0xC0,0x00,0x07,0x00,0x00,0x00,0x0D,
  0xDE,0xFF,0x91,0x80,0x01,0xFA,0xBF,0xFE,0x89,0x25,0x6A,0xFA,
  0x52,0x49,0x78,0x00,0x00,0x01,0xFD,0x1C,0x48,0x68,0x81,0x61,
  0x69,0x12,0xA5,0x25,0x49,0x4A,0xD8,0xC9,0x45,0x5B,0x7B,0x5A,
  0x00,0x00,0x00,0x00,0x00,0x00,0x00,0x00,0x00,0x00,0x00,0x00,
  0x00,0x00,0x00,0x00,0x00,0x00,0x00,0x00,0x00,0x00,0x00,0x00,
  0x00,0x00,0x00,0x00,0x00,0x00,0x00,0x00,0x00,0x00,0x00,0x00,
  0x00,0x00,0x70,0x2F,0x15,0xFF,0x28,0x4E,0xB2,0xD2,0x55,0x1A,
  0xA6,0xA9,0x24,0xAA,0x55,0x2E,0x00,0x00,0x01,0x00,0x00,0x0F,
  0x28,0x00,0x00,0x0F,0xEF,0x5D,0xAB,0x80,0x00,0xCC,0x84,0xBB,
  0x6A,0x95,0x51,0x52,0x8A,0xA5,0x70,0x00,0x00,0x00,0x6F,0xDF,
  0x11,0xDA,0x11,0x48,0x5D,0xA6,0x92,0x94,0xA5,0x55,0x72,0x25,
  0xB3,0x5A,0xEE,0x9D,0x00,0x00,0x00,0x00,0x00,0x00,0x00,0x00,
  0x00,0x00,0x00,0x00,0x00,0x00,0x00,0x00,0x00,0x00,0x00,0x00,
  0x00,0x00,0x00,0x00,0x00,0x00,0x00,0x00,0x00,0x00,0x00,0x00,
  0x00,0x00,0x00,0x00,0x00,0x00,0x70,0x56,0xC2,0xD4,0x5A,0xBA,
  0xDD,0x69,0x24,0xC4,0x95,0x54,0xAA,0x49,0x5A,0x96,0x00,0x00,
  0x00,0x00,0x00,0x1E,0x14,0x00,0x00,0x0F,0x75,0xDB,0x4B,0x80,
  0x03,0xF6,0x52,0x9D,0xE4,0xAB,0xEA,0xFA,0x55,0x2A,0xE0,0x00,
  0x00,0x00,0x27,0xFB,0x85,0x4D,0x24,0x81,0x52,0xCD,0xA9,0x52,
  0x54,0x91,0xCA,0x92,0xAA,0xF1,0x5B,0x46,0x00,0x00,0x00,0x00,
  0x00,0x00,0x00,0x00,0x00,0x00,0x00,0x00,0x00,0x00,0x00,0x00,
  0x00,0x00,0x00,0x00,0x00,0x00,0x00,0x00,0x00,0x00,0x00,0x00,
  0x00,0x00,0x00,0x00,0x00,0x00,0x00,0x00,0x00,0x00,0x50,0x01,
  0x9D,0x01,0x11,0x2A,0x57,0xB5,0x52,0x32,0x55,0x5A,0x92,0xA5,
  0x26,0xEC,0x40,0x00,0x00,0x00,0x00,0x1F,0x08,0x00,0x00,0x07,
  0x6A,0xB6,0xA7,0x00,0x03,0x9B,0x55,0x4F,0x7E,0x47,0xD6,0xEF,
  0xA8,0x9D,0xC0,0x00,0x00,0x00,0x03,0xF5,0xD4,0x72,0x80,0x44,
  0x56,0x6A,0xCA,0x4A,0x8A,0x4A,0xDE,0xA9,0x6A,0xA4,0xF2,0xAB,
  0x00,0x00,0x00,0x00,0x00,0x00,0x00,0x00,0x00,0x00,0x00,0x00,
  0x00,0x00,0x00,0x00,0x00,0x00,0x00,0x00,0x00,0x00,0x00,0x00,
  0x00,0x00,0x00,0x00,0x00,0x00,0x00,0x00,0x00,0x00,0x00,0x00,
  0x00,0x00,0x70,0x0E,0x9E,0xA8,0x85,0x6B,0x55,0x54,0x95,0x8A,
  0xAA,0x2A,0x49,0x2A,0xBF,0xFC,0xE0,0x00,0x00,0x00,0x01,0x8F,
  0x00,0x00,0x00,0x07,0xFE,0x55,0x16,0x00,0x06,0xFD,0x48,0xAF,
  0xDE,0xAB,0x6A,0x5F,0xD5,0x7F,0x00,0x00,0x00,0x00,0x00,0xC9,
  0xC1,0x0D,0x2A,0x91,0x55,0xAA,0xE5,0x29,0x52,0xAA,0x7B,0x44,
  0xB5,0x11,0x49,0x04,0x00,0x00,0x00,0x00,0x00,0x00,0x00,0x00,
  0x00,0x00,0x00,0x00,0x00,0x00,0x00,0x00,0x00,0x00,0x00,0x00,
  0x00,0x00,0x00,0x00,0x00,0x00,0x00,0x00,0x00,0x00,0x00,0x00,
  0x00,0x00,0x00,0x00,0x00,0x00,0x38,0x1F,0x3C,0x85,0x5E,0x96,
  0xB6,0xAE,0xA4,0x69,0x2D,0x55,0x55,0x49,0x7B,0xBE,0xF0,0x00,
  0x00,0x00,0x01,0xC6,0x80,0x00,0x00,0x07,0xFD,0x15,0x56,0x00,
  0x0D,0x27,0xA6,0x41,0x7E,0x93,0x76,0xD8,0xC9,0x76,0x00,0x00,
  0x00,0x00,0x00,0xEA,0x68,0x22,0x80,0x04,0x4A,0x54,0x3C,0xA4,
  0xA9,0x25,0x69,0xB6,0x1D,0x48,0x24,0xB7,0x00,0x00,0x00,0x00,
  0x00,0x00,0x00,0x00,0x00,0x00,0x00,0x00,0x00,0x00,0x00,0x00,
  0x00,0x00,0x00,0x00,0x00,0x00,0x00,0x00,0x00,0x00,0x00,0x00,
  0x00,0x00,0x00,0x00,0x00,0x00,0x00,0x00,0x00,0x00,0x1C,0x1C,
  0xA9,0x22,0xB1,0x5D,0xC5,0x53,0x2A,0x94,0x94,0xAA,0xA4,0xA4,
  0xE0,0x1F,0xF0,0x00,0x00,0x00,0x03,0xE1,0x00,0x00,0x00,0x0D,
  0xBA,0xD5,0x4E,0x00,0x1C,0x93,0x91,0x35,0x7B,0x57,0x3A,0xF1,
  0xA5,0xE0,0x00,0x00,0x00,0x00,0x00,0x75,0x60,0x88,0x55,0x25,
  0x12,0xA9,0x96,0x95,0x14,0x92,0x24,0xD5,0x4A,0xA3,0x52,0x9E,
  0x00,0x00,0x00,0x00,0x00,0x00,0x00,0x00,0x00,0x00,0x00,0x00,
  0x00,0x00,0x00,0x00,0x00,0x00,0x00,0x00,0x00,0x00,0x00,0x00,
  0x00,0x00,0x00,0x00,0x00,0x00,0x00,0x00,0x00,0x00,0x00,0x00,
  0x00,0x00,0x1E,0x1E,0xD4,0x94,0x5D,0x53,0x94,0xD5,0x92,0x4A,
  0xAA,0xD5,0x52,0x55,0xE1,0xCF,0xA0,0x00,0x00,0x00,0x00,0xE0,
  0x00,0x00,0x00,0x0E,0xFF,0xFF,0x26,0x00,0x3A,0xAA,0xED,0xEA,
  0x0A,0x4B,0x0D,0x61,0xD5,0xC0,0x00,0x00,0x00,0x00,0x00,0x1A,
  0xF4,0x42,0x26,0x88,0xAA,0xD4,0x4B,0x52,0xA5,0x55,0x55,0x3A,
  0xA9,0x4A,0x8A,0x71,0x00,0x00,0x00,0x00,0x00,0x00,0x00,0x00,
  0x00,0x00,0x00,0x00,0x00,0x00,0x00,0x00,0x00,0x00,0x00,0x00,
  0x00,0x00,0x00,0x00,0x00,0x00,0x00,0x00,0x00,0x00,0x00,0x00,
  0x00,0x00,0x00,0x00,0x00,0x00,0x0E,0x0F,0xA1,0x09,0xE5,0x55,
  0xCA,0xEA,0xC9,0x52,0x5A,0xB5,0xAA,0x97,0xF0,0x86,0xF3,0x00,
  0x00,0x00,0x00,0x00,0x00,0x00,0x00,0x07,0x9C,0x4B,0xAE,0x00,
  0x74,0x97,0x7F,0xF2,0xDF,0xA7,0x3A,0xF3,0x9F,0x80,0x00,0x00,
  0x00,0x00,0x00,0x0F,0xBA,0x21,0x55,0x25,0x05,0x55,0x55,0x29,
  0x52,0x49,0x24,0x96,0x24,0x44,0xA5,0x2C,0x00,0x00,0x00,0x00,
  0x00,0x00,0x00,0x00,0x00,0x00,0x00,0x00,0x00,0x00,0x00,0x00,
  0x00,0x00,0x00,0x00,0x00,0x00,0x00,0x00,0x00,0x00,0x00,0x00,
  0x00,0x00,0x00,0x00,0x00,0x00,0x00,0x00,0x00,0x00,0x0A,0x0F,
  0x28,0x51,0xFE,0xAB,0xD2,0xA9,0xD5,0x29,0x5B,0x3A,0xD5,0x5E,
  0xF8,0x43,0xEF,0x80,0x00,0x00,0x00,0x00,0x00,0x00,0x00,0x03,
  0x0F,0xFE,0xD6,0x00,0xE5,0x4D,0xC6,0x1C,0x46,0xD3,0x3A,0xFF,
  0x4F,0x00,0x00,0x00,0x00,0x00,0x00,0x07,0xDD,0x94,0x16,0x8E,
  0xA9,0x29,0x2A,0x94,0x8A,0xAA,0x93,0x6A,0x92,0xD5,0x11,0x5A,
  0x00,0x00,0x00,0x00,0x00,0x00,0x00,0x00,0x00,0x00,0x00,0x00,
  0x00,0x00,0x00,0x00,0x00,0x00,0x00,0x00,0x00,0x00,0x00,0x00,
  0x00,0x00,0x00,0x00,0x00,0x00,0x00,0x00,0x00,0x00,0x00,0x00,
  0x00,0x00,0x0E,0x02,0x25,0x0D,0x5A,0xDE,0xCA,0xD4,0x64,0x95,
  0x2D,0xED,0x69,0x27,0x78,0x01,0xCF,0xC0,0x00,0x00,0x00,0x00,
  0x00,0x00,0x00,0x00,0x03,0x7D,0xCE,0x03,0xD2,0x53,0x7F,0xEA,
  0xAB,0xFB,0x74,0x7E,0xAD,0x00,0x00,0x00,0x00,0x00,0x00,0x0D,
  0x77,0xC9,0x48,0x5D,0xC5,0x95,0xAA,0x4A,0x54,0x92,0x54,0x98,
  0x55,0x95,0x4A,0x6A,0x00,0x00,0x00,0x00,0x00,0x00,0x00,0x00,
  0x00,0x00,0x00,0x00,0x00,0x00,0x00,0x00,0x00,0x00,0x00,0x00,
  0x00,0x00,0x00,0x00,0x00,0x00,0x00,0x00,0x00,0x00,0x00,0x00,
  0x00,0x00,0x00,0x00,0x00,0x00,0x0E,0x00,0x52,0x75,0x55,0x75,
  0x8A,0xAA,0xD2,0xA4,0x85,0x5B,0xAA,0xAB,0xF0,0x00,0xAF,0xC8,
  0x00,0x00,0x00,0x00,0x00,0x00,0x00,0x00,0x03,0xF2,0xD6,0x07,
  0xEA,0x9C,0xAF,0xBA,0x55,0xDB,0xCA,0xFE,0xD8,0x00,0x00,0x00,
  0x00,0x00,0x00,0x0D,0xBA,0xD0,0x42,0x3D,0x72,0x6A,0xD9,0x52,
  0xA5,0x49,0x4B,0x4D,0x55,0x64,0x24,0xB5,0x00,0x00,0x00,0x00,
  0x00,0x00,0x00,0x00,0x00,0x00,0x00,0x00,0x00,0x00,0x00,0x00,
  0x00,0x00,0x00,0x00,0x00,0x00,0x00,0x00,0x00,0x00,0x00,0x00,
  0x00,0x00,0x00,0x00,0x00,0x00,0x00,0x00,0x00,0x00,0x05,0x01,
  0x89,0x6D,0x72,0xAE,0x2A,0xD1,0x4A,0x52,0xB5,0xAE,0xEA,0xAA,
  0xC0,0x00,0x3B,0x3E,0x00,0x00,0x00,0x00,0x00,0x00,0x00,0x00,
  0x01,0x8D,0xA6,0x0E,0xA9,0x55,0x20,0xFF,0x24,0x75,0xA5,0xC7,
  0xFC,0x00,0x00,0x00,0x00,0x00,0x00,0x0F,0x1A,0x6B,0x20,0xFF,
  0xA9,0x2B,0x55,0x29,0x29,0x2A,0xA8,0xAD,0xEA,0x52,0x95,0x18,
  0x00,0x00,0x00,0x00,0x00,0x00,0x00,0x00,0x00,0x00,0x00,0x00,
  0x00,0x00,0x00,0x00,0x00,0x00,0x00,0x00,0x00,0x00,0x00,0x00,
  0x00,0x00,0x00,0x00,0x00,0x00,0x00,0x00,0x00,0x00,0x00,0x00,
  0x00,0x00,0x03,0x81,0x47,0xAA,0xA9,0x79,0x69,0xB7,0xA9,0x4A,
  0x96,0xA5,0xBA,0x4B,0x72,0x00,0x6D,0x0C,0x00,0x00,0x00,0x00,
  0x00,0x00,0x00,0x00,0x00,0xDF,0x57,0xCD,0xF4,0xAA,0x96,0xE7,
  0x53,0x5A,0xA9,0x61,0xBC,0x00,0x00,0x00,0x00,0x00,0x00,0x26,
  0x0D,0x7E,0x0A,0x13,0xDD,0xCC,0xAA,0x94,0x94,0xA4,0x4A,0x97,
  0x5F,0x48,0xB6,0x76,0x00,0x00,0x00,0x00,0x00,0x00,0x00,0x00,
  0x00,0x00,0x00,0x00,0x00,0x00,0x00,0x00,0x00,0x00,0x00,0x00,
  0x00,0x00,0x00,0x00,0x00,0x00,0x00,0x00,0x00,0x00,0x00,0x00,
  0x00,0x00,0x00,0x00,0x00,0x00,0x03,0xC3,0x37,0xD1,0x75,0x24,
  0x95,0x54,0x4A,0xAA,0xA3,0x5B,0x6D,0x2B,0xBF,0x80,0xBF,0x82,
  0x80,0x00,0x00,0x00,0x00,0x00,0x00,0x00,0x01,0xBA,0x97,0xFC,
  0xED,0x2C,0xA9,0xFE,0xA8,0xA4,0xFA,0xF0,0x18,0x00,0x00,0x00,
  0x00,0x00,0x00,0x90,0x1D,0x5B,0xA0,0x40,0x77,0x72,0x9A,0x4A,
  0xA5,0x2A,0xA5,0x4A,0xA5,0xA6,0xDB,0x69,0x00,0x00,0x00,0x00,
  0x00,0x00,0x00,0x00,0x00,0x00,0x00,0x00,0x00,0x00,0x00,0x00,
  0x00,0x00,0x00,0x00,0x00,0x00,0x00,0x00,0x00,0x00,0x00,0x00,
  0x00,0x00,0x00,0x00,0x00,0x00,0x00,0x00,0x00,0x00,0x01,0x41,
  0x8D,0x07,0x52,0xBA,0xAB,0x56,0xA4,0x92,0x95,0xAC,0xD6,0xB4,
  0x5B,0xC0,0x0F,0x05,0x00,0x00,0x00,0x00,0x00,0x00,0x00,0x00,
  0x00,0x35,0x49,0xFA,0x34,0xBF,0x27,0xD5,0xCB,0x55,0xFF,0x70,
  0x00,0x00,0x00,0x00,0x00,0x00,0x00,0x60,0x3F,0xCB,0xD5,0x09,
  0x5E,0x36,0xAD,0xD2,0x52,0x92,0x52,0x2A,0x4B,0xED,0x49,0xE4,
  0x00,0x00,0x00,0x00,0x00,0x00,0x00,0x00,0x00,0x00,0x00,0x00,
  0x00,0x00,0x00,0x00,0x00,0x00,0x00,0x00,0x00,0x00,0x00,0x00,
  0x00,0x00,0x00,0x00,0x00,0x00,0x00,0x00,0x00,0x00,0x00,0x00,
  0x00,0x00,0x01,0xC0,0xFF,0x55,0xE9,0x3D,0x5D,0x59,0x2A,0x4A,
  0x52,0x53,0xB3,0x9D,0x5E,0xEE,0x04,0x05,0xC0,0x00,0x00,0x00,
  0x00,0x00,0x00,0x00,0x01,0xFE,0xA5,0xF5,0x52,0xBB,0xFF,0x8B,
  0x65,0xAB,0x4F,0xE0,0x00,0x00,0x00,0x00,0x00,0x00,0x00,0x00,
  0x46,0xFC,0xF8,0x20,0xB4,0xB3,0x4D,0x75,0x49,0x49,0x29,0x52,
  0xA5,0x3B,0x55,0x55,0x00,0x00,0x00,0x00,0x00,0x00,0x00,0x00,
  0x00,0x00,0x00,0x00,0x00,0x00,0x00,0x00,0x00,0x00,0x00,0x00,
  0x00,0x00,0x00,0x00,0x00,0x00,0x00,0x00,0x00,0x00,0x00,0x00,
  0x00,0x00,0x00,0x00,0x00,0x00,0x00,0xE0,0x5C,0x93,0x2A,0x86,
  0xEB,0x4A,0xA5,0x55,0x49,0x6B,0x4A,0x62,0xBE,0xEF,0x00,0x06,
  0xC0,0x00,0x00,0x00,0x00,0x00,0x00,0x00,0x01,0xCF,0x6B,0x9A,
  0x95,0x70,0x65,0x65,0x54,0xF5,0xA0,0x80,0x00,0x00,0x00,0x00,
  0x00,0x00,0x00,0x00,0x80,0x7F,0x2F,0x94,0x54,0x1D,0x97,0x3E,
  0xAA,0x55,0x4A,0xA9,0x14,0xA4,0xA5,0x4A,0x00,0x00,0x00,0x00,
  0x00,0x00,0x00,0x00,0x00,0x00,0x00,0x00,0x00,0x00,0x00,0x00,
  0x00,0x00,0x00,0x00,0x00,0x00,0x00,0x00,0x00,0x00,0x00,0x00,
  0x00,0x00,0x00,0x00,0x00,0x00,0x00,0x00,0x00,0x00,0x00,0x70,
  0x0A,0x6B,0x49,0x57,0xBD,0x52,0x52,0x4A,0x55,0x55,0x65,0xBA,
  0x55,0x3B,0x00,0x0B,0xB0,0x00,0x00,0x00,0x00,0x00,0x00,0x00,
  0x00,0x87,0xBF,0xBD,0x48,0xE3,0xFF,0x92,0xF2,0x7B,0x70,0x00,
  0x00,0x00,0x00,0x00,0x00,0x00,0x00,0x00,0xAB,0x23,0x57,0xC1,
  0x0B,0x5D,0x40,0x8B,0x49,0x4A,0xA4,0xAA,0xAA,0x95,0x1A,0xA4,
  0x00,0x00,0x00,0x00,0x00,0x00,0x00,0x00,0x00,0x00,0x00,0x00,
  0x00,0x00,0x00,0x00,0x00,0x00,0x00,0x00,0x00,0x00,0x00,0x00,
  0x00,0x00,0x00,0x00,0x00,0x00,0x00,0x00,0x00,0x00,0x00,0x00,
  0x00,0x00,0x00,0x70,0x08,0xAB,0xA4,0xAA,0xE3,0x49,0x29,0x25,
  0x95,0x4A,0x96,0xED,0x2C,0xB6,0xC0,0x2D,0x70,0x00,0x00,0x00,
  0x00,0x00,0x00,0x00,0x00,0x03,0xDB,0xDE,0xA6,0xCF,0xEA,0xAA,
  0xFF,0xFE,0x20,0x00,0x00,0x00,0x00,0x00,0x00,0x00,0x00,0x01,
  0x44,0x85,0xA8,0x70,0x25,0x0D,0xAD,0x4E,0xA5,0x28,0x95,0x24,
  0xA4,0xBA,0xF5,0x92,0x00,0x00,0x00,0x00,0x00,0x00,0x00,0x00,
  0x00,0x00,0x00,0x00,0x00,0x00,0x00,0x00,0x00,0x00,0x00,0x00,
  0x00,0x00,0x00,0x00,0x00,0x00,0x00,0x00,0x00,0x00,0x00,0x00,
  0x00,0x00,0x00,0x00,0x00,0x00,0x00,0x38,0x0A,0x56,0xD5,0x12,
  0x6E,0xAA,0x95,0x56,0xE5,0x76,0xCA,0x96,0xB5,0x55,0xF0,0xB7,
  0x70,0x80,0x00,0x00,0x00,0x00,0x00,0x00,0x00,0x01,0xEE,0x7F,
  0x29,0xFF,0x4A,0x92,0xE3,0xB6,0x20,0x00,0x00,0x00,0x00,0x00,
  0x00,0x08,0x00,0x03,0x54,0x28,0xD3,0x76,0x82,0xA6,0xD2,0xAA,
  0x54,0xA5,0x52,0xAA,0x53,0x2D,0x4A,0xAA,0x00,0x00,0x00,0x00,
  0x00,0x00,0x00,0x00,0x00,0x00,0x00,0x00,0x00,0x00,0x00,0x00,
  0x00,0x00,0x00,0x00,0x00,0x00,0x00,0x00,0x00,0x00,0x00,0x00,
  0x00,0x00,0x00,0x00,0x00,0x00,0x00,0x00,0x00,0x00,0x00,0x38,
  0x1B,0x5D,0xE9,0x49,0xFB,0x92,0x49,0x6D,0x5A,0x15,0x35,0x8B,
  0x6E,0x5B,0xB0,0xF4,0x23,0xE0,0x00,0x00,0x00,0x00,0x00,0x00,
  0x00,0x00,0xF6,0xD5,0x95,0x7D,0xA5,0x4A,0xBF,0x6E,0x00,0x00,
  0x00,0x00,0x00,0x00,0x80,0x38,0x00,0x00,0xA0,0x0A,0xFC,0xBF,
  0x10,0x8D,0x55,0xAD,0x25,0x54,0x89,0x29,0x2A,0xE7,0x53,0x49,
  0x00,0x00,0x00,0x00,0x00,0x00,0x00,0x00,0x00,0x00,0x00,0x00,
  0x00,0x00,0x00,0x00,0x00,0x00,0x00,0x00,0x00,0x00,0x00,0x00,
  0x00,0x00,0x00,0x00,0x00,0x00,0x00,0x00,0x00,0x00,0x00,0x00,
  0x00,0x00,0x00,0x1C,0x1D,0xB3,0x54,0xAB,0xBE,0xCA,0xA5,0x52,
  0xAE,0xD8,0xAA,0xA9,0xA5,0x5E,0x9B,0x20,0x03,0xF0,0x00,0x00,
  0x00,0x00,0x00,0x00,0x00,0x00,0x7F,0xFF,0xDF,0xF7,0xD4,0x54,
  0x4B,0xDC,0x00,0x00,0x00,0x00,0x00,0x01,0x20,0x14,0x00,0x00,
  0x00,0x04,0x6F,0x1B,0xC5,0xD6,0xEA,0x72,0x92,0x22,0x6A,0xA5,
  0x4A,0xA9,0x0A,0xAA,0x00,0x00,0x00,0x00,0x00,0x00,0x00,0x00,
  0x00,0x00,0x00,0x00,0x00,0x00,0x00,0x00,0x00,0x00,0x00,0x00,
  0x00,0x00,0x00,0x00,0x00,0x00,0x00,0x00,0x00,0x00,0x00,0x00,
  0x00,0x00,0x00,0x00,0x00,0x00,0x00,0x0E,0x06,0xEF,0x6D,0x54,
  0x59,0x69,0x2A,0x59,0x65,0x2C,0x92,0x26,0xB7,0xA6,0xAD,0x00,
  0x01,0xB8,0x00,0x00,0x00,0x00,0x00,0x00,0x00,0x00,0x1D,0xDE,
  0xFF,0xCE,0xEA,0x92,0xA4,0xAC,0x00,0x00,0x00,0x00,0x00,0x00,
  0x90,0x0C,0x00,0x00,0x00,0x04,0x2A,0xA4,0xF1,0xE6,0x60,0xD4,
  0x55,0x55,0x12,0x52,0xA6,0x84,0xA6,0xE9,0x00,0x00,0x00,0x00,
  0x00,0x00,0x00,0x00,0x00,0x00,0x00,0x00,0x00,0x00,0x00,0x00,
  0x00,0x00,0x00,0x00,0x00,0x00,0x00,0x00,0x00,0x00,0x00,0x00,
  0x00,0x00,0x00,0x00,0x00,0x00,0x00,0x00,0x00,0x00,0x00,0x0A,
  0x00,0xCC,0xB4,0x8D,0xF6,0xD4,0xA5,0x35,0xAB,0xD5,0x55,0x2D,
  0x6E,0x95,0x72,0x00,0x01,0xD8,0x00,0x00,0x00,0x00,0x00,0x00,
  0x00,0x00,0x0B,0x84,0xF0,0xFF,0x72,0x4A,0x92,0xAE,0x00,0x00,
  0x00,0x00,0x00,0x00,0x50,0x04,0x00,0x00,0x04,0x00,0x37,0x55,
  0x7F,0xB3,0x6A,0x6A,0xA4,0x94,0xC9,0x29,0x1C,0x52,0x13,0xAA,
  0x00,0x00,0x00,0x00,0x00,0x00,0x00,0x00,0x00,0x00,0x00,0x00,
  0x00,0x00,0x00,0x00,0x00,0x00,0x00,0x00,0x00,0x00,0x00,0x00,
  0x00,0x00,0x00,0x00,0x00,0x00,0x00,0x00,0x00,0x00,0x00,0x00,
  0x00,0x00,0x00,0x0E,0x01,0x1E,0x95,0x5A,0xAA,0xA2,0x92,0xE2,
  0xB6,0xBE,0x93,0x36,0x4A,0xD2,0xA1,0x80,0x03,0xFC,0x01,0x00,
  0x00,0x00,0x00,0x00,0x00,0x00,0x00,0x00,0x00,0xED,0xB9,0x54,
  0x55,0x5C,0x00,0x00,0x00,0x01,0x80,0x00,0x00,0x00,0x00,0x00,
  0x17,0x00,0x13,0x24,0x8F,0x37,0x61,0x32,0x92,0xA2,0x55,0x4A,
  0xB2,0x89,0x55,0x37,0x00,0x00,0x00,0x00,0x00,0x00,0x00,0x00,
  0x00,0x00,0x00,0x00,0x00,0x00,0x00,0x00,0x00,0x00,0x00,0x00,
  0x00,0x00,0x00,0x00,0x00,0x00,0x00,0x00,0x00,0x00,0x00,0x00,
  0x00,0x00,0x00,0x00,0x00,0x00,0x00,0x0F,0x05,0x5A,0x4A,0x4D,
  0xFB,0x55,0x54,0x5A,0xAA,0x63,0x4A,0x99,0x2D,0xA9,0x6A,0x80,
  0x07,0xBF,0x83,0xC0,0x00,0x00,0x00,0x00,0x00,0x00,0x00,0x00,
  0x01,0xDB,0x1D,0x22,0xA8,0x8C,0x00,0x00,0x00,0x03,0x80,0x00,
  0x00,0x00,0x00,0x00,0x2E,0x00,0x0D,0xAA,0x50,0xBE,0xC8,0xC9,
  0x55,0x2A,0x92,0xA4,0x98,0xA4,0x41,0x5A,0x00,0x00,0x00,0x00,
  0x00,0x00,0x00,0x00,0x00,0x00,0x00,0x00,0x00,0x00,0x00,0x00,
  0x00,0x00,0x00,0x00,0x00,0x00,0x00,0x00,0x00,0x00,0x00,0x00,
  0x00,0x00,0x00,0x00,0x00,0x00,0x00,0x00,0x00,0x00,0x00,0x0F,
  0x0E,0x55,0x51,0x27,0x14,0x89,0x2A,0xD5,0x5E,0x95,0xA4,0x25,
  0x13,0x4A,0x70,0x40,0x60,0xFF,0xF3,0xE0,0x00,0x00,0x00,0x00,
  0x00,0x00,0x00,0x00,0x00,0xD7,0x0D,0x55,0x25,0x5C,0x00,0x00,
  0x00,0x03,0xC0,0x00,0x00,0x00,0x00,0x00,0x10,0x00,0x6B,0x92,
  0xAA,0xBA,0x62,0x6A,0x24,0x95,0x4A,0x55,0x65,0x12,0x94,0x09,
  0x00,0x00,0x00,0x00,0x00,0x00,0x00,0x00,0x00,0x00,0x00,0x00,
  0x00,0x00,0x00,0x00,0x00,0x00,0x00,0x00,0x00,0x00,0x00,0x00,
  0x00,0x00,0x00,0x00,0x00,0x00,0x00,0x00,0x00,0x00,0x00,0x00,
  0x00,0x00,0x00,0x07,0x09,0x56,0x4D,0x51,0xAA,0x54,0x92,0xAF,
  0x7B,0x48,0xD5,0x52,0x9B,0x25,0x1D,0x20,0xF1,0xF7,0xFD,0xB1,
  0x00,0x00,0x00,0x00,0x00,0x00,0x00,0x00,0x00,0xEE,0x0E,0x4A,
  0x95,0x2C,0x00,0x00,0x00,0x01,0x00,0x00,0x00,0x00,0x00,0x00,
  0x07,0x00,0xFF,0x54,0x95,0x55,0xC9,0x65,0x52,0xA4,0x55,0x24,
  0xB0,0xA9,0x22,0xA5,0x00,0x00,0x00,0x00,0x00,0x00,0x00,0x00,
  0x00,0x00,0x00,0x00,0x00,0x00,0x00,0x00,0x00,0x00,0x00,0x00,
  0x00,0x00,0x00,0x00,0x00,0x00,0x00,0x00,0x00,0x00,0x00,0x00,
  0x00,0x00,0x00,0x00,0x00,0x00,0x00,0x03,0x8E,0x55,0xA2,0x4D,
  0xE6,0xA5,0x49,0x5C,0xCE,0xAA,0xB9,0x28,0x7B,0xA9,0x5E,0x54,
  0x60,0xE2,0xEF,0x76,0x80,0x00,0x00,0x00,0x00,0x00,0x00,0x00,
  0x00,0x7C,0x0D,0x29,0x52,0xAC,0x00,0x00,0x00,0x00,0x00,0x00,
  0x00,0x00,0x00,0x00,0x08,0xC1,0xAE,0xA5,0x49,0x28,0xA1,0x54,
  0x95,0x2A,0xA2,0x92,0x55,0x04,0x48,0x52,0x00,0x00,0x00,0x00,
  0x00,0x00,0x00,0x00,0x00,0x00,0x00,0x00,0x00,0x00,0x00,0x00,
  0x00,0x00,0x00,0x00,0x00,0x00,0x00,0x00,0x00,0x00,0x00,0x00,
  0x00,0x00,0x00,0x00,0x00,0x00,0x00,0x00,0x00,0x00,0x00,0x03,
  0xC2,0xBB,0x99,0x53,0x3A,0x95,0x2E,0xF3,0xDD,0x25,0x5D,0x97,
  0xDA,0xEA,0xA3,0x0B,0x0C,0x40,0x3E,0xB9,0x60,0x00,0x00,0x00,
  0x00,0x00,0x00,0x00,0x00,0x38,0x1D,0x54,0x89,0x5E,0x30,0x00,
  0x00,0x00,0x00,0x00,0x00,0x00,0x00,0x00,0x06,0xC1,0x92,0x52,
  0x24,0x95,0x94,0x6A,0x52,0x92,0x54,0x55,0x32,0x52,0x96,0x84,
  0x00,0x00,0x00,0x00,0x00,0x00,0x00,0x00,0x00,0x00,0x00,0x00,
  0x00,0x00,0x00,0x00,0x00,0x00,0x00,0x00,0x00,0x00,0x00,0x00,
  0x00,0x00,0x00,0x00,0x00,0x00,0x00,0x00,0x00,0x00,0x00,0x00,
  0x00,0x00,0x00,0x01,0xC1,0x3E,0xA5,0x4B,0x92,0x75,0x6B,0xAE,
  0xFA,0x92,0x47,0x68,0xE9,0x75,0x97,0xF3,0xDE,0x00,0x1D,0x4D,
  0x50,0x00,0x00,0x00,0x00,0x00,0x00,0x00,0x00,0x00,0x1D,0x22,
  0x55,0xEE,0xF8,0x00,0x00,0x00,0x00,0x00,0x00,0x00,0x00,0x00,
  0x05,0x39,0xAA,0x89,0x55,0x4B,0x89,0xD1,0x49,0x49,0x2A,0xA4,
  0xA9,0x28,0x27,0x22,0x00,0x00,0x00,0x00,0x00,0x00,0x00,0x00,
  0x00,0x00,0x00,0x00,0x00,0x00,0x00,0x00,0x00,0x00,0x00,0x00,
  0x00,0x00,0x00,0x00,0x00,0x00,0x00,0x00,0x00,0x00,0x00,0x00,
  0x00,0x00,0x00,0x00,0x00,0x00,0x00,0x01,0x41,0xB1,0xD4,0xB5,
  0xB6,0xDA,0xBA,0x39,0x74,0xA9,0x55,0x53,0x6B,0x15,0x5E,0x77,
  0xFC,0x00,0x06,0xB7,0xB0,0x00,0x00,0x00,0x00,0x00,0x00,0x00,
  0x00,0x00,0x0F,0xAE,0xAB,0xF7,0xF8,0x00,0x00,0x00,0x00,0x00,
  0x00,0x00,0x00,0x00,0x0D,0x5C,0xF4,0xAD,0x4A,0x55,0x5F,0xAA,
  0xAA,0x55,0x45,0x2A,0xE4,0x85,0x79,0x90,0x00,0x00,0x00,0x00,
  0x00,0x00,0x00,0x00,0x00,0x00,0x00,0x00,0x00,0x00,0x00,0x00,
  0x00,0x00,0x00,0x00,0x00,0x00,0x00,0x00,0x00,0x00,0x00,0x00,
  0x00,0x00,0x00,0x00,0x00,0x00,0x00,0x00,0x00,0x00,0x00,0x01,
  0x40,0xEF,0x65,0x4B,0x2A,0xDD,0xD5,0xF6,0x8A,0x4A,0x92,0xA9,
  0x95,0xB9,0x2D,0xDE,0x6E,0x00,0x03,0x6F,0xC0,0x00,0x00,0x00,
  0x00,0x00,0x00,0x00,0x00,0x00,0x03,0xED,0x4E,0x3D,0x4C,0x00,
  0x00,0x05,0x00,0x00,0x00,0x00,0x00,0x00,0x16,0xB7,0xD2,0x55,
  0x29,0x4B,0x15,0x49,0x25,0x24,0xA8,0x92,0x6A,0x52,0xCD,0xA5,
  0x00,0x00,0x00,0x00,0x00,0x00,0x00,0x00,0x00,0x00,0x00,0x00,
  0x00,0x00,0x00,0x00,0x00,0x00,0x00,0x00,0x00,0x00,0x00,0x00,
  0x00,0x00,0x00,0x00,0x00,0x00,0x00,0x00,0x00,0x00,0x00,0x00,
  0x00,0x00,0x00,0x01,0xC0,0x76,0x72,0x56,0xAA,0xC7,0x4A,0x6A,
  0x51,0x29,0x4A,0x96,0xFB,0x4A,0x9D,0xDE,0xBE,0x00,0x0B,0xD1,
  0x60,0x00,0x00,0x00,0x00,0x00,0x00,0x00,0x00,0x00,0x00,0xFF,
  0x7C,0x0F,0x3C,0x00,0x00,0x02,0x80,0x00,0x00,0x00,0x00,0x00,
  0x04,0xCA,0xCA,0x9E,0xA5,0x26,0x5B,0x25,0x52,0x92,0x95,0x49,
  0x31,0x0F,0xA4,0xD0,0x00,0x00,0x00,0x00,0x00,0x00,0x00,0x00,
  0x00,0x00,0x00,0x00,0x00,0x00,0x00,0x00,0x00,0x00,0x00,0x00,
  0x00,0x00,0x00,0x00,0x00,0x00,0x00,0x00,0x00,0x00,0x00,0x00,
  0x00,0x00,0x00,0x00,0x00,0x00,0x00,0x01,0xC0,0x3D,0x59,0x26,
  0x55,0xD2,0x15,0xD5,0x4D,0x54,0xAA,0xAA,0x54,0xAC,0xAF,0xA1,
  0x56,0x00,0x0F,0x4F,0xE0,0x00,0x00,0x00,0x00,0x00,0x00,0x00,
  0x00,0x00,0x00,0x17,0xF8,0x07,0xF8,0x00,0x00,0x00,0x80,0x00,
  0x00,0x00,0x00,0x00,0x01,0x2B,0xAD,0xEB,0x52,0xAB,0xCC,0xAA,
  0x29,0x55,0x4A,0x55,0x5A,0x52,0x55,0x6A,0x00,0x00,0x00,0x00,
  0x00,0x00,0x00,0x00,0x00,0x00,0x00,0x00,0x00,0x00,0x00,0x00,
  0x00,0x00,0x00,0x00,0x00,0x00,0x00,0x00,0x00,0x00,0x00,0x00,
  0x00,0x00,0x00,0x00,0x00,0x00,0x00,0x00,0x00,0x00,0x00,0x00,
  0xB0,0x10,0xE5,0x5D,0x4D,0x86,0xCA,0x95,0x22,0x8A,0x49,0x55,
  0x6B,0x52,0x57,0x15,0x52,0x00,0x1E,0xAF,0xA0,0x00,0x00,0x00,
  0x00,0x00,0x00,0x00,0x00,0x00,0x00,0x03,0xC0,0x01,0xC0,0x00,
  0x00,0x00,0x0A,0x00,0x00,0x00,0x00,0x00,0x0A,0xB5,0x5F,0xFB,
  0x89,0x25,0x7A,0x91,0x94,0x92,0x25,0x4A,0x49,0x26,0x92,0x31,
  0x00,0x00,0x00,0x00,0x00,0x00,0x00,0x00,0x00,0x00,0x00,0x00,
  0x00,0x00,0x00,0x00,0x00,0x00,0x00,0x00,0x00,0x00,0x00,0x00,
  0x00,0x00,0x00,0x00,0x00,0x00,0x00,0x00,0x00,0x00,0x00,0x00,
  0x00,0x00,0x00,0x00,0x68,0x1E,0xD4,0x8D,0x57,0x2D,0x29,0xA4,
  0xAA,0x52,0xA5,0x52,0xBA,0xB5,0x2A,0xD4,0xDE,0x01,0x0E,0xAC,
  0xB8,0x00,0x00,0x00,0x00,0x00,0x00,0x00,0x00,0x00,0x00,0x00,
  0x00,0x00,0x00,0x00,0x00,0x00,0x00,0x00,0x00,0x00,0x00,0x00,
  0x04,0x1F,0xF2,0x35,0x74,0x92,0xB2,0x54,0x4A,0x49,0x52,0x29,
  0x2E,0x92,0x55,0x6C,0x00,0x00,0x00,0x00,0x00,0x00,0x00,0x00,
  0x00,0x00,0x00,0x00,0x00,0x00,0x00,0x00,0x00,0x00,0x00,0x00,
  0x00,0x00,0x00,0x00,0x00,0x00,0x00,0x00,0x00,0x00,0x00,0x00,
  0x00,0x00,0x00,0x00,0x00,0x00,0x00,0x00,0x1C,0x0A,0x72,0xB8,
  0xAE,0x9B,0x4B,0x2A,0x95,0x49,0x15,0xAA,0xCD,0x3A,0x96,0x3A,
  0xBC,0x03,0x87,0xCE,0x94,0x00,0x00,0x00,0x00,0x00,0x00,0x00,
  0x00,0x00,0x00,0x00,0x00,0x00,0x00,0x00,0x00,0x00,0x00,0x00,
  0x00,0x00,0x00,0x00,0x04,0xA4,0x69,0x51,0xBA,0xA9,0x09,0x4B,
  0x52,0xAA,0xA9,0x54,0xAB,0x25,0xAC,0xB5,0x00,0x00,0x00,0x00,
  0x00,0x00,0x00,0x00,0x00,0x00,0x00,0x00,0x00,0x00,0x00,0x00,
  0x00,0x00,0x00,0x00,0x00,0x00,0x00,0x00,0x00,0x00,0x00,0x00,
  0x00,0x00,0x00,0x00,0x00,0x00,0x00,0x00,0x00,0x00,0x00,0x00,
  0x0E,0x03,0x3A,0x72,0x5D,0x66,0x55,0x44,0x51,0x55,0x52,0x54,
  0x2E,0xCD,0x51,0xED,0x72,0x03,0xC1,0xEE,0xE8,0x00,0x00,0x00,
  0x00,0x00,0x00,0x00,0x00,0x00,0x00,0x00,0x00,0x00,0x00,0x00,
  0x00,0x00,0x00,0x00,0x00,0x00,0x00,0x04,0x02,0x00,0x11,0x22,
  0xEE,0x4A,0xAA,0xA4,0x94,0x94,0x95,0x45,0x49,0x92,0x93,0x18,
  0x00,0x00,0x00,0x00,0x00,0x00,0x00,0x00,0x00,0x00,0x00,0x00,
  0x00,0x00,0x00,0x00,0x00,0x00,0x00,0x00,0x00,0x00,0x00,0x00,
  0x00,0x00,0x00,0x00,0x00,0x00,0x00,0x00,0x00,0x00,0x00,0x00,
  0x00,0x00,0x00,0x00,0x0E,0x06,0x9D,0x66,0xAC,0x55,0xB3,0x32,
  0xAB,0x52,0x49,0x4A,0xBB,0x56,0x4D,0xA6,0xBF,0x01,0xC0,0xD6,
  0x50,0x00,0x00,0x00,0x00,0x00,0x00,0x00,0x00,0x00,0x00,0x00,
  0x00,0x00,0x00,0x00,0x00,0x00,0x00,0x00,0x00,0x00,0x00,0x00,
  0x00,0x4A,0xA4,0x88,0x77,0xE9,0x54,0x92,0x4A,0x52,0x49,0x29,
  0x24,0xCA,0xAD,0x65,0x00,0x00,0x00,0x00,0x00,0x00,0x00,0x00,
  0x00,0x00,0x00,0x00,0x00,0x00,0x00,0x00,0x00,0x00,0x00,0x00,
  0x00,0x00,0x00,0x00,0x00,0x00,0x00,0x00,0x00,0x00,0x00,0x00,
  0x00,0x00,0x00,0x00,0x00,0x00,0x00,0x00,0x05,0x83,0x4C,0xD5,
  0x26,0xAD,0xAC,0x8A,0x96,0xA9,0x55,0x22,0xFD,0x0B,0x5B,0x13,
  0xBF,0x80,0x81,0xDD,0x00,0x00,0x00,0x00,0x00,0x00,0x00,0x00,
  0x00,0x00,0x00,0x00,0x00,0x00,0x00,0x00,0x00,0x00,0x00,0x00,
  0x00,0x00,0x00,0x00,0x02,0x02,0x42,0x21,0x03,0x74,0x9D,0x55,
  0x52,0xA9,0x54,0xA5,0x55,0x53,0x56,0xD4,0x00,0x00,0x00,0x00,
  0x00,0x00,0x00,0x00,0x00,0x00,0x00,0x00,0x00,0x00,0x00,0x00,
  0x00,0x00,0x00,0x00,0x00,0x00,0x00,0x00,0x00,0x00,0x00,0x00,
  0x00,0x00,0x00,0x00,0x00,0x00,0x00,0x00,0x00,0x00,0x00,0x00,
  0x03,0xC1,0xBD,0xCC,0xA8,0xCB,0x26,0xA9,0x5D,0xA5,0x24,0xAA,
  0x6A,0x5B,0xB6,0xA6,0x4B,0xC0,0x10,0xCD,0x80,0x00,0x00,0x00,
  0x00,0x00,0x00,0x00,0x00,0x00,0x00,0x00,0x00,0x00,0x00,0x00,
  0x00,0x00,0x00,0x00,0x00,0x00,0x00,0x00,0x01,0x55,0x05,0x04,
  0xA9,0x1A,0x7D,0x29,0x29,0x45,0x25,0x54,0x92,0xC9,0xB1,0xAA,
  0x00,0x00,0x00,0x00,0x00,0x00,0x00,0x00,0x00,0x00,0x00,0x00,
  0x00,0x00,0x00,0x00,0x00,0x00,0x00,0x00,0x00,0x00,0x00,0x00,
  0x00,0x00,0x00,0x00,0x00,0x00,0x00,0x00,0x00,0x00,0x00,0x00,
  0x00,0x00,0x00,0x00,0x01,0xC0,0x57,0x5A,0x4D,0xAE,0xB3,0x55,
  0x62,0xDA,0x95,0x55,0x75,0x78,0xF2,0x2A,0xE5,0xE0,0x3F,0xD6,
  0xC0,0x00,0x00,0x00,0x00,0x00,0x00,0x00,0x00,0x00,0x00,0x00,
  0x00,0x00,0x00,0x00,0x00,0x00,0x00,0x00,0x00,0x00,0x00,0x00,
  0x01,0x20,0x8C,0x50,0x24,0xBA,0xE6,0x94,0x94,0x94,0xA9,0x12,
  0x4A,0xA4,0xDD,0x51,0x00,0x00,0x00,0x00,0x00,0x00,0x00,0x00,
  0x00,0x00,0x00,0x00,0x00,0x00,0x00,0x00,0x00,0x00,0x00,0x00,
  0x00,0x00,0x00,0x00,0x00,0x00,0x00,0x00,0x00,0x00,0x00,0x00,
  0x00,0x00,0x00,0x00,0x00,0x00,0x00,0x00,0x01,0x43,0xB2,0xAA,
  0xA5,0x52,0x99,0x93,0xAC,0x74,0xAA,0x88,0xB7,0xAA,0x48,0xB6,
  0xA9,0x64,0x7F,0xAB,0x60,0x00,0x00,0x00,0x00,0x00,0x00,0x00,
  0x00,0x00,0x00,0x00,0x00,0x00,0x00,0x00,0x00,0x00,0x00,0x00,
  0x00,0x00,0x00,0x00,0x00,0x94,0x09,0x05,0x50,0x0D,0xD3,0x45,
  0x4A,0x52,0x94,0xAA,0xA9,0x52,0x4D,0x8A,0x00,0x00,0x00,0x00,
  0x00,0x00,0x00,0x00,0x00,0x00,0x00,0x00,0x00,0x00,0x00,0x00,
  0x00,0x00,0x00,0x00,0x00,0x00,0x00,0x00,0x00,0x00,0x00,0x00,
  0x00,0x00,0x00,0x00,0x00,0x00,0x00,0x00,0x00,0x00,0x00,0x00,
  0x01,0xE2,0xAE,0x2D,0x1A,0xA9,0x2A,0xAB,0x53,0x1D,0x44,0xA5,
  0x3E,0xF1,0x22,0xA6,0x94,0xEA,0x64,0x95,0xC0,0x00,0x00,0x00,
  0x00,0x00,0x00,0x00,0x00,0x00,0x00,0x00,0x00,0x00,0x00,0x00,
  0x00,0x00,0x00,0x00,0x00,0x2A,0x00,0x00,0x00,0x54,0x14,0x50,
  0xA2,0x2D,0xC7,0xAA,0x52,0xAA,0x4A,0xA5,0x25,0xC9,0x26,0x54,
  0x00,0x00,0x00,0x00,0x00,0x00,0x00,0x00,0x00,0x00,0x00,0x00,
  0x00,0x00,0x00,0x00,0x00,0x00,0x00,0x00,0x00,0x00,0x00,0x00,
  0x00,0x00,0x00,0x00,0x00,0x00,0x00,0x00,0x00,0x00,0x00,0x00,
  0x00,0x00,0x00,0x00,0x00,0xC3,0x5D,0x24,0xD5,0x44,0x48,0xC6,
  0x1C,0x8D,0x32,0xAA,0x99,0x34,0x8A,0x43,0xFA,0xD6,0x75,0x4B,
  0x40,0x00,0x00,0x00,0x00,0x00,0x00,0x00,0x00,0x00,0x00,0x00,
  0x00,0x00,0x00,0x00,0x00,0x00,0x00,0x00,0x00,0x28,0x00,0x00,
  0x00,0x50,0x04,0x95,0x10,0x8D,0xB9,0xA5,0x29,0x25,0x52,0x52,
  0x95,0x25,0x99,0x29,0x00,0x00,0x00,0x00,0x00,0x00,0x00,0x00,
  0x00,0x00,0x00,0x00,0x00,0x00,0x00,0x00,0x00,0x00,0x00,0x00,
  0x00,0x00,0x00,0x00,0x00,0x00,0x00,0x00,0x00,0x00,0x00,0x00,
  0x00,0x00,0x00,0x00,0x00,0x00,0x00,0x00,0x00,0x81,0x54,0xBB,
  0x2C,0x11,0x16,0x3D,0x42,0x66,0x8D,0x52,0x4A,0x9F,0x21,0x28,
  0xAD,0xD3,0x6A,0xAB,0x40,0x00,0x00,0x00,0x00,0x00,0x00,0x00,
  0x00,0x00,0x00,0x00,0x00,0x00,0x00,0x00,0x00,0x00,0x00,0x00,
  0x00,0x52,0x00,0x00,0x00,0x68,0x05,0x2A,0xD8,0x07,0xF9,0x92,
  0xA5,0x57,0xA9,0x28,0xA9,0x95,0x25,0x52,0x00,0x00,0x00,0x00,
  0x00,0x00,0x00,0x00,0x00,0x00,0x00,0x00,0x00,0x00,0x00,0x00,
  0x00,0x00,0x00,0x00,0x00,0x00,0x00,0x00,0x00,0x00,0x00,0x00,
  0x00,0x00,0x00,0x00,0x00,0x00,0x00,0x00,0x00,0x00,0x00,0x00,
  0x00,0xE1,0xEA,0x24,0xA9,0x44,0xA9,0xCC,0x15,0xBD,0x52,0x95,
  0x54,0x4B,0xCA,0x85,0x0E,0xDA,0x64,0x55,0xE0,0x00,0x00,0x00,
  0x00,0x00,0x00,0x00,0x00,0x01,0x00,0x00,0x00,0x00,0x00,0x00,
  0x00,0x00,0x00,0x00,0x00,0x2A,0x80,0x00,0x00,0x00,0x0C,0x9D,
  0x2A,0xA3,0xF7,0x54,0x94,0x8D,0xD5,0x46,0x4A,0xA2,0x54,0x94,
  0x00,0x00,0x00,0x00,0x00,0x00,0x00,0x00,0x00,0x00,0x00,0x00,
  0x00,0x00,0x00,0x00,0x00,0x00,0x00,0x00,0x00,0x00,0x00,0x00,
  0x00,0x00,0x00,0x00,0x00,0x00,0x00,0x00,0x00,0x00,0x00,0x00,
  0x00,0x00,0x00,0x00,0x00,0xA0,0xF5,0x53,0x50,0x32,0x08,0x79,
  0x40,0xF4,0xAA,0x52,0x4A,0xA4,0xA0,0x28,0x52,0xC5,0xD5,0x2A,
  0xE0,0x00,0x00,0x00,0x00,0x00,0x00,0x00,0x00,0x02,0x00,0x00,
  0x00,0x00,0x00,0x00,0x00,0x00,0x00,0x00,0x00,0x45,0x00,0x00,
  0x00,0x00,0x03,0x76,0xB0,0x10,0x77,0x4A,0x52,0x5E,0x69,0x29,
  0x53,0x48,0xAA,0x52,0x00,0x00,0x00,0x00,0x00,0x00,0x00,0x00,
  0x00,0x00,0x00,0x00,0x00,0x00,0x00,0x00,0x00,0x00,0x00,0x00,
  0x00,0x00,0x00,0x00,0x00,0x00,0x00,0x00,0x00,0x00,0x00,0x00,
  0x00,0x00,0x00,0x00,0x00,0x00,0x00,0x00,0x00,0xA0,0x14,0xAC,
  0x05,0x49,0x57,0xB3,0x55,0x8A,0x4A,0xA9,0x25,0x29,0xCA,0x85,
  0x1D,0xFF,0xD2,0x9F,0x76,0x10,0x00,0x00,0x00,0x00,0x00,0x00,
  0x00,0x06,0x00,0x00,0x00,0x00,0x00,0x00,0x00,0x00,0x00,0x00,
  0x00,0x00,0x00,0x00,0x00,0x00,0x01,0x43,0x45,0x44,0x96,0x52,
  0x95,0x47,0xB4,0xAA,0x94,0xA2,0xA1,0x24,0x00,0x00,0x00,0x00,
  0x00,0x00,0x00,0x00,0x00,0x00,0x00,0x00,0x00,0x00,0x00,0x00,
  0x00,0x00,0x00,0x00,0x00,0x00,0x00,0x00,0x00,0x00,0x00,0x00,
  0x00,0x00,0x00,0x00,0x00,0x00,0x00,0x00,0x00,0x00,0x00,0x00,
  0x00,0xE0,0x19,0x51,0x48,0x24,0x28,0x8E,0xA9,0xA9,0x29,0x45,
  0x52,0x94,0xA0,0x50,0x56,0x79,0x2A,0x59,0xAD,0x79,0x80,0x00,
  0x00,0x00,0x00,0x00,0x00,0x09,0x00,0x00,0x00,0x00,0x00,0x00,
  0x00,0x00,0x00,0x00,0x00,0x02,0x20,0x00,0x00,0x00,0x00,0x08,
  0x80,0x01,0x06,0x94,0xA4,0xA9,0xDA,0x92,0x4B,0x14,0x95,0x49,
  0x00,0x00,0x00,0x00,0x00,0x00,0x00,0x00,0x00,0x00,0x00,0x00,
  0x00,0x00,0x00,0x00,0x00,0x00,0x00,0x00,0x00,0x00,0x00,0x00,
  0x00,0x00,0x00,0x00,0x00,0x00,0x00,0x00,0x00,0x00,0x00,0x00,
  0x00,0x00,0x00,0x00,0x00,0xA0,0x15,0x48,0x22,0xA9,0x0B,0xBD,
  0xB7,0x55,0x4A,0xAA,0x49,0x4A,0xCD,0x0A,0x9B,0x55,0x55,0x72,
  0x3A,0x6B,0xC0,0x00,0x00,0x00,0x00,0x00,0x00,0x0A,0x00,0x00,
  0x00,0x00,0x00,0x00,0x00,0x00,0x00,0x00,0x00,0x00,0x82,0x00,
  0x00,0x00,0x00,0x16,0x15,0x28,0x4B,0x52,0x92,0x94,0x29,0x49,
  0x2A,0xA5,0x4A,0xA4,0x00,0x00,0x00,0x00,0x00,0x00,0x00,0x00,
  0x00,0x00,0x00,0x00,0x00,0x00,0x00,0x00,0x00,0x00,0x00,0x00,
  0x00,0x00,0x00,0x00,0x00,0x00,0x00,0x00,0x00,0x00,0x00,0x00,
  0x00,0x00,0x00,0x00,0x00,0x00,0x00,0x00,0x00,0xE2,0x12,0xA5,
  0x08,0x20,0xA8,0xAB,0x4E,0x89,0x29,0x25,0x2A,0x52,0xDA,0xD1,
  0x4B,0x2A,0x92,0xA8,0x8B,0x7F,0xC0,0x00,0x00,0x00,0x00,0x00,
  0x00,0x04,0x00,0x00,0x00,0x00,0x00,0x00,0x00,0x00,0x00,0x00,
  0x00,0x00,0x15,0x00,0x00,0x00,0x00,0x0A,0x42,0x02,0x23,0x4A,
  0x55,0x4A,0xAA,0x55,0x53,0x57,0xAB,0x92,0x00,0x00,0x00,0x00,
  0x00,0x00,0x00,0x00,0x00,0x00,0x00,0x00,0x00,0x00,0x00,0x00,
  0x00,0x00,0x00,0x00,0x00,0x00,0x00,0x00,0x00,0x00,0x00,0x00,
  0x00,0x00,0x00,0x00,0x00,0x00,0x00,0x00,0x00,0x00,0x00,0x00,
  0x00,0xE5,0x39,0x48,0xA2,0x95,0x4D,0x6C,0xD9,0x54,0xA4,0x97,
  0xA5,0x2B,0xB6,0x44,0xA5,0xD2,0x56,0xEA,0x7F,0x6F,0x80,0x00,
  0x00,0x00,0x00,0x00,0x00,0x00,0x00,0x00,0x00,0x00,0x00,0x00,
  0x00,0x00,0x00,0x00,0x00,0x00,0x82,0x00,0x00,0x00,0x00,0x09,
  0x10,0xA8,0x03,0xA9,0x48,0xA5,0x52,0x92,0x89,0x78,0xAA,0x48,
  0x00,0x00,0x00,0x00,0x00,0x00,0x00,0x00,0x00,0x00,0x00,0x00,
  0x00,0x00,0x00,0x00,0x00,0x00,0x00,0x00,0x00,0x00,0x00,0x00,
  0x00,0x00,0x00,0x00,0x00,0x00,0x00,0x00,0x00,0x00,0x00,0x00,
  0x00,0x00,0x00,0x00,0x00,0x70,0x14,0x92,0x08,0x41,0xA5,0x3B,
  0xDA,0x4B,0x75,0x55,0x54,0x97,0x6B,0x51,0x12,0xC9,0x56,0x8A,
  0xAF,0xEF,0x80,0x00,0x00,0x00,0x00,0x00,0x00,0x00,0x00,0x00,
  0x00,0x00,0x20,0x00,0x00,0x00,0x00,0x00,0x00,0x00,0x20,0x00,
  0x00,0x00,0x00,0x0A,0x24,0x02,0xA8,0xFA,0x55,0x28,0x89,0x49,
  0x55,0x86,0xAB,0x25,0x00,0x00,0x00,0x00,0x00,0x00,0x00,0x00,
  0x00,0x00,0x00,0x00,0x00,0x00,0x00,0x00,0x00,0x00,0x00,0x00,
  0x00,0x00,0x00,0x00,0x00,0x00,0x00,0x00,0x00,0x00,0x00,0x00,
  0x00,0x00,0x00,0x00,0x00,0x00,0x00,0x00,0x00,0x78,0x1A,0x80,
  0xAA,0x15,0x94,0xC2,0xB5,0x53,0xDA,0x4C,0xE5,0x4B,0xC9,0x88,
  0xA5,0x6A,0xAC,0xAD,0x3F,0xD3,0xC0,0x00,0x00,0x00,0x00,0x00,
  0x00,0x00,0x00,0x00,0x00,0x00,0x10,0x00,0x00,0x00,0x00,0x00,
  0x00,0x00,0x00,0x02,0x00,0x00,0x00,0x28,0x82,0xA0,0x00,0x75,
  0x24,0x95,0x54,0xAA,0x4A,0x52,0x55,0x48,0x00,0x00,0x00,0x00,
  0x00,0x00,0x00,0x00,0x00,0x00,0x00,0x00,0x00,0x00,0x00,0x00,
  0x00,0x00,0x00,0x00,0x00,0x00,0x00,0x00,0x00,0x00,0x00,0x00,
  0x00,0x00,0x00,0x00,0x00,0x00,0x00,0x00,0x00,0x00,0x00,0x00,
  0x00,0x3C,0x35,0x2A,0x3A,0x86,0x55,0x2B,0x95,0x4E,0x29,0x2B,
  0x52,0x55,0x25,0xD5,0x11,0x67,0xFB,0x5A,0xAD,0x5C,0xE0,0x00,
  0x00,0x00,0x00,0x00,0x00,0x00,0x00,0x00,0x00,0x00,0x28,0x00,
  0x00,0x00,0x00,0x00,0x00,0x00,0x00,0x04,0x00,0x00,0x00,0x12,
  0x14,0x89,0x52,0x0E,0xAA,0xA4,0xA5,0x25,0x29,0x29,0x46,0x45,
  0x00,0x00,0x00,0x00,0x00,0x00,0x00,0x00,0x00,0x00,0x00,0x00,
  0x00,0x00,0x00,0x00,0x00,0x00,0x00,0x00,0x00,0x00,0x00,0x00,
  0x00,0x00,0x00,0x00,0x00,0x00,0x00,0x00,0x00,0x00,0x00,0x00,
  0x00,0x00,0x00,0x00,0x00,0x1E,0x3C,0x81,0x55,0x55,0x4B,0xAD,
  0x32,0xB9,0x5D,0x55,0xA9,0x4A,0xAA,0xC8,0x4A,0x3E,0x85,0x46,
  0xB5,0xAA,0xF0,0x00,0x00,0x00,0x00,0x00,0x00,0x00,0x00,0x00,
  0x00,0x00,0x64,0x00,0x00,0x00,0x00,0x00,0x00,0x00,0x00,0x02,
  0x00,0x00,0x00,0x1A,0x82,0x90,0x6A,0xA7,0x5D,0x2A,0x54,0x92,
  0xA4,0xAA,0xBA,0x90,0x00,0x00,0x00,0x00,0x00,0x00,0x00,0x00,
  0x00,0x00,0x00,0x00,0x00,0x00,0x00,0x00,0x00,0x00,0x00,0x00,
  0x00,0x00,0x00,0x00,0x00,0x00,0x00,0x00,0x00,0x00,0x00,0x00,
  0x00,0x00,0x00,0x00,0x00,0x00,0x00,0x00,0x00,0x0A,0x1A,0x2A,
  0xAA,0x24,0xAC,0x4A,0xAA,0xB6,0x94,0x94,0xB5,0x29,0x53,0x72,
  0x90,0xAC,0x56,0xF9,0xD6,0xCD,0x60,0x00,0x00,0x00,0x00,0x00,
  0x00,0x00,0x00,0x00,0x00,0x00,0x92,0x00,0x00,0x00,0x00,0x00,
  0x00,0x00,0x00,0x00,0x00,0x00,0x00,0x05,0x2C,0x45,0x9E,0x8B,
  0xB6,0xA5,0x22,0xA9,0x2A,0x92,0x49,0x25,0x00,0x00,0x00,0x00,
  0x00,0x00,0x00,0x00,0x00,0x00,0x00,0x00,0x00,0x00,0x00,0x00,
  0x00,0x00,0x00,0x00,0x00,0x00,0x00,0x00,0x00,0x00,0x00,0x00,
  0x00,0x00,0x00,0x00,0x00,0x00,0x00,0x00,0x00,0x00,0x00,0x00,
  0x00,0x0F,0x0C,0x92,0x55,0x96,0x4B,0xA8,0xA9,0xA1,0x3A,0x53,
  0x7A,0xA5,0x09,0xB8,0x0A,0xF2,0x89,0xAF,0x69,0xA4,0xFA,0x00,
  0x00,0x00,0x00,0x00,0x00,0x00,0x00,0x00,0x00,0x00,0xF4,0x00,
  0x00,0x00,0x00,0x00,0x00,0x00,0x00,0x00,0x00,0x00,0x00,0x21,
  0x11,0x18,0xD3,0x57,0x6B,0x92,0x95,0x4A,0x92,0x49,0x39,0x48,
  0x00,0x00,0x00,0x00,0x00,0x00,0x00,0x00,0x00,0x00,0x00,0x00,
  0x00,0x00,0x00,0x00,0x00,0x00,0x00,0x00,0x00,0x00,0x00,0x00,
  0x00,0x00,0x00,0x00,0x00,0x00,0x00,0x00,0x00,0x00,0x00,0x00,
  0x00,0x00,0x00,0x00,0x00,0x07,0x85,0x55,0x4A,0x29,0x24,0x55,
  0x36,0x5A,0x59,0x5C,0x94,0x52,0xAA,0x4F,0x50,0x59,0x23,0x55,
  0x15,0x52,0xBF,0x00,0x00,0x00,0x00,0x00,0x00,0x00,0x00,0x00,
  0x00,0x00,0x08,0x00,0x00,0x00,0x00,0x00,0x00,0x00,0x00,0x00,
  0x10,0x00,0x00,0x3C,0xA4,0xBC,0x7C,0xFD,0xC1,0xD4,0xAA,0x29,
  0x49,0x55,0x64,0x25,0x00,0x00,0x00,0x00,0x00,0x00,0x00,0x00,
  0x00,0x00,0x00,0x00,0x00,0x00,0x00,0x00,0x00,0x00,0x00,0x00,
  0x00,0x00,0x00,0x00,0x00,0x00,0x00,0x00,0x00,0x00,0x00,0x00,
  0x00,0x00,0x00,0x00,0x00,0x00,0x00,0x00,0x00,0x03,0x8C,0xB2,
  0xAD,0x94,0xAB,0x4A,0xAA,0xA9,0x2E,0xA5,0x1F,0x94,0xA9,0xAF,
  0x8B,0xD8,0x8F,0x6A,0xAA,0xED,0x57,0x00,0x00,0x00,0x00,0x00,
  0x00,0x00,0x01,0x80,0x00,0x00,0x00,0x00,0x00,0x00,0x00,0x00,
  0x00,0x00,0x00,0x00,0x28,0x00,0x00,0x37,0x01,0xDF,0x6F,0xF7,
  0x14,0xEA,0x49,0x54,0xAA,0x92,0xB2,0x90,0x00,0x00,0x00,0x00,
  0x00,0x00,0x00,0x00,0x00,0x00,0x00,0x00,0x00,0x00,0x00,0x00,
  0x00,0x00,0x00,0x00,0x00,0x00,0x00,0x00,0x00,0x00,0x00,0x00,
  0x00,0x00,0x00,0x00,0x00,0x00,0x00,0x00,0x00,0x00,0x00,0x00,
  0x00,0x07,0x87,0x55,0x7A,0x4A,0xAA,0x24,0x2A,0xA6,0x86,0x52,
  0xA5,0xCA,0x55,0x51,0xA3,0xB2,0x25,0x5C,0x93,0x52,0x4E,0x00,
  0x00,0x00,0x00,0x00,0x00,0x00,0x05,0x00,0x00,0x00,0x00,0x00,
  0x00,0x00,0x00,0x00,0x00,0x00,0x00,0x00,0x00,0x00,0x00,0x1A,
  0xAB,0x6F,0xDD,0xBC,0xA0,0x32,0xA5,0x22,0x49,0x4A,0x39,0x4A,
  0x00,0x00,0x00,0x00,0x00,0x00,0x00,0x00,0x00,0x00,0x00,0x00,
  0x00,0x00,0x00,0x00,0x00,0x00,0x00,0x00,0x00,0x00,0x00,0x00,
  0x00,0x00,0x00,0x00,0x00,0x00,0x00,0x00,0x00,0x00,0x00,0x00,
  0x00,0x00,0x00,0x00,0x00,0x07,0x82,0xAA,0xC6,0x92,0x95,0x4F,
  0x56,0xA9,0x55,0x29,0x7C,0xA5,0x26,0xAA,0xD6,0x68,0x97,0xA6,
  0x57,0x3A,0xB3,0x00,0x00,0x00,0x00,0x00,0x00,0x00,0x2C,0x80,
  0x00,0x00,0x00,0x00,0x00,0x00,0x00,0x00,0x00,0x00,0x00,0x00,
  0x00,0x00,0x00,0x1E,0xC9,0xD5,0x76,0xD2,0x0A,0xB9,0x29,0x55,
  0x24,0xA9,0x5E,0x11,0x00,0x00,0x00,0x00,0x00,0x00,0x00,0x00,
  0x00,0x00,0x00,0x00,0x00,0x00,0x00,0x00,0x00,0x00,0x00,0x00,
  0x00,0x00,0x00,0x00,0x00,0x00,0x00,0x00,0x00,0x00,0x00,0x00,
  0x00,0x00,0x00,0x00,0x00,0x00,0x00,0x00,0x00,0x07,0x86,0xD5,
  0x95,0x59,0x54,0x9A,0x34,0x54,0x2A,0xAD,0x57,0x52,0x9A,0xA4,
  0xE6,0xE4,0x4A,0xBB,0x96,0x95,0x5B,0x80,0x00,0x00,0x00,0x00,
  0x00,0x00,0x6A,0xC0,0x00,0x00,0x00,0x00,0x00,0x00,0x00,0x00,
  0x00,0x00,0x00,0x00,0x00,0x00,0x00,0x08,0x25,0xEB,0xE8,0x90,
  0xA0,0x1C,0x94,0x95,0x55,0x25,0x2B,0x48,0x00,0x00,0x00,0x00,
  0x00,0x00,0x00,0x00,0x00,0x00,0x00,0x00,0x00,0x00,0x00,0x00,
  0x00,0x00,0x00,0x00,0x00,0x00,0x00,0x00,0x00,0x00,0x00,0x00,
  0x00,0x00,0x00,0x00,0x00,0x00,0x00,0x00,0x00,0x00,0x00,0x00,
  0x00,0x07,0x83,0x2A,0x4F,0x55,0x55,0x3E,0xAD,0x05,0x4B,0x97,
  0xA9,0xA9,0x4A,0x52,0x3A,0x92,0x83,0xD5,0x5D,0x7A,0xF5,0xC0,
  0x00,0x00,0x00,0x00,0x00,0x00,0x21,0x00,0x08,0x00,0x00,0x00,
  0x00,0x00,0x00,0x00,0x00,0x00,0x00,0x00,0x00,0x00,0x00,0x00,
  0x6A,0xFC,0x12,0xCA,0x15,0x4A,0xA5,0x54,0x92,0x94,0x95,0xBA,
  0x00,0x00,0x00,0x00,0x00,0x00,0x00,0x00,0x00,0x00,0x00,0x00,
  0x00,0x00,0x00,0x00,0x00,0x00,0x00,0x00,0x00,0x00,0x00,0x00,
  0x00,0x00,0x00,0x00,0x00,0x00,0x00,0x00,0x00,0x00,0x00,0x00,
  0x00,0x00,0x00,0x00,0x00,0x07,0x8D,0xB5,0x3E,0x34,0x4A,0xE8,
  0xF8,0x5A,0x51,0xD4,0x45,0x4A,0x55,0x2A,0xAE,0xCA,0x2A,0x5A,
  0xFB,0xAA,0x1A,0xC0,0x00,0x00,0x00,0x00,0x00,0x00,0x4A,0x00,
  0x04,0x00,0x00,0x00,0x00,0x00,0x00,0x00,0x00,0x00,0x00,0x00,
  0x00,0x00,0x00,0x00,0x30,0xDF,0xC9,0xA4,0xA2,0x0E,0x52,0x55,
  0x4A,0x52,0xA5,0xAD,0x00,0x00,0x00,0x00,0x00,0x00,0x00,0x00,
  0x00,0x00,0x00,0x00,0x00,0x00,0x00,0x00,0x00,0x00,0x00,0x00,
  0x00,0x00,0x00,0x00,0x00,0x00,0x00,0x00,0x00,0x00,0x00,0x00,
  0x00,0x00,0x00,0x00,0x00,0x00,0x00,0x00,0x00,0x07,0x1B,0xEC,
  0x3C,0xAA,0xAA,0x5A,0x95,0x15,0x2B,0x4A,0xAA,0x55,0x22,0x89,
  0x55,0xA8,0x87,0x59,0xC6,0xED,0x7F,0xF8,0x00,0x00,0x00,0x00,
  0x00,0x00,0xB4,0x00,0x00,0x00,0x00,0x00,0x00,0x00,0x00,0x00,
  0x00,0x00,0x00,0x00,0x00,0x00,0x00,0x00,0x04,0x73,0x57,0xC2,
  0x88,0xA7,0x4A,0x94,0xA9,0x4A,0x52,0x66,0x00,0x00,0x00,0x00,
  0x00,0x00,0x00,0x00,0x00,0x00,0x00,0x00,0x00,0x00,0x00,0x00,
  0x00,0x00,0x00,0x00,0x00,0x00,0x00,0x00,0x00,0x00,0x00,0x00,
  0x00,0x00,0x00,0x00,0x00,0x00,0x00,0x00,0x00,0x00,0x00,0x00,
  0x00,0x07,0xB1,0xA9,0x78,0x55,0x55,0x73,0xB8,0x54,0x83,0x52,
  0x95,0x22,0x99,0x55,0x24,0xC2,0x23,0x76,0xA9,0x95,0x35,0xFC,
  0x00,0x00,0x00,0x00,0x00,0x00,0x44,0x00,0x00,0x00,0x00,0x00,
  0x00,0x00,0x00,0x00,0x00,0x00,0x00,0x00,0x00,0x00,0x00,0x00,
  0x00,0x3D,0x69,0x94,0xA4,0x4B,0xE9,0x4A,0x4A,0xA9,0x49,0x55,
  0x00,0x00,0x00,0x00,0x00,0x00,0x00,0x00,0x00,0x00,0x00,0x00,
  0x00,0x00,0x00,0x00,0x00,0x00,0x00,0x00,0x00,0x00,0x00,0x00,
  0x00,0x00,0x00,0x00,0x00,0x00,0x00,0x00,0x00,0x00,0x00,0x00,
  0x00,0x00,0x00,0x00,0x00,0x03,0xAE,0x10,0xE5,0x15,0x49,0xA2,
  0xE5,0x13,0x55,0x2A,0x51,0x54,0xA4,0xA4,0x95,0x75,0x16,0xA5,
  0x15,0x76,0xBC,0x7E,0x00,0x00,0x00,0x00,0x00,0x00,0x00,0x00,
  0x00,0x00,0x00,0x00,0x00,0x00,0x00,0x00,0x00,0x00,0x00,0x20,
  0x00,0x00,0x00,0x00,0x00,0x6C,0xB6,0x4F,0x92,0xB0,0x74,0xA5,
  0x29,0x15,0x2A,0x92,0x00,0x00,0x00,0x00,0x00,0x00,0x00,0x00,
  0x00,0x00,0x00,0x00,0x00,0x00,0x00,0x00,0x00,0x00,0x00,0x00,
  0x00,0x00,0x00,0x00,0x00,0x00,0x00,0x00,0x00,0x00,0x00,0x00,
  0x00,0x00,0x00,0x00,0x00,0x00,0x00,0x00,0x00,0x01,0xE8,0x0D,
  0xAA,0xE2,0x96,0xD5,0x52,0x29,0x0B,0xA5,0x2A,0x4A,0x52,0x52,
  0xA9,0x60,0xAE,0xDB,0x44,0xDA,0x5F,0xB6,0x40,0x00,0x00,0x00,
  0x00,0x00,0x00,0x00,0x20,0x00,0x00,0x00,0x00,0x00,0x00,0x00,
  0x00,0x00,0x00,0x10,0x00,0x00,0x00,0x00,0x00,0xFA,0xAD,0x3A,
  0xC8,0xD3,0xD2,0x52,0xA4,0xA4,0xA4,0x4A,0x00,0x00,0x00,0x00,
  0x00,0x00,0x00,0x00,0x00,0x00,0x00,0x00,0x00,0x00,0x00,0x00,
  0x00,0x00,0x00,0x00,0x00,0x00,0x00,0x00,0x00,0x00,0x00,0x00,
  0x00,0x00,0x00,0x00,0x00,0x00,0x00,0x00,0x00,0x00,0x00,0x00,
  0x00,0x00,0xF0,0x04,0xB6,0xF6,0xA7,0x22,0xA8,0x8A,0xAE,0x92,
  0xA5,0x29,0x4A,0x8A,0x44,0xB5,0x35,0x7C,0x2B,0x89,0x57,0xC7,
  0x41,0x00,0x00,0x00,0x00,0x00,0x00,0x00,0x60,0x00,0x00,0x00,
  0x00,0x00,0x00,0x00,0x00,0x00,0x00,0x28,0x41,0x00,0x00,0x00,
  0x00,0x6B,0xD6,0xF5,0x75,0x77,0x6A,0x94,0x95,0x52,0x93,0x55,
  0x00,0x00,0x00,0x00,0x00,0x00,0x00,0x00,0x00,0x00,0x00,0x00,
  0x00,0x00,0x00,0x00,0x00,0x00,0x00,0x00,0x00,0x00,0x00,0x00,
  0x00,0x00,0x00,0x00,0x00,0x00,0x00,0x00,0x00,0x00,0x00,0x00,
  0x00,0x00,0x00,0x00,0x00,0x01,0xD8,0x1E,0x53,0x2A,0x9A,0xF5,
  0xA5,0x20,0x99,0x54,0xDA,0xA5,0x29,0x55,0x35,0x54,0xBA,0xD6,
  0x9A,0xAA,0x49,0x62,0xA3,0x80,0x00,0x00,0x00,0x00,0x00,0x00,
  0x30,0x00,0x00,0x00,0x00,0x00,0x00,0x00,0x00,0x00,0x00,0x0D,
  0x75,0x00,0x00,0x00,0x00,0x7F,0x77,0xCA,0xBA,0xDE,0x95,0x4A,
  0x52,0x4A,0x54,0x92,0x00,0x00,0x00,0x00,0x00,0x00,0x00,0x00,
  0x00,0x00,0x00,0x00,0x00,0x00,0x00,0x00,0x00,0x00,0x00,0x00,
  0x00,0x00,0x00,0x00,0x00,0x00,0x00,0x00,0x00,0x00,0x00,0x00,
  0x00,0x00,0x00,0x00,0x00,0x00,0x00,0x00,0x00,0x03,0xF0,0x3D,
  0x15,0xEA,0x51,0xA6,0x90,0x8A,0x5A,0x25,0x3E,0x54,0xA5,0x24,
  0x8A,0x59,0x5C,0x52,0x56,0xD2,0xA4,0xE0,0x57,0x00,0x00,0x00,
  0x00,0x00,0x00,0x00,0x00,0x00,0x00,0x00,0x00,0x00,0xC0,0x00,
  0x00,0x00,0x00,0x09,0x15,0x00,0x00,0x00,0x00,0x3E,0x3A,0x69,
  0x0C,0xA9,0x54,0xA5,0x49,0x29,0x4A,0x4A,0x00,0x00,0x00,0x00,
  0x00,0x00,0x00,0x00,0x00,0x00,0x00,0x00,0x00,0x00,0x00,0x00,
  0x00,0x00,0x00,0x00,0x00,0x00,0x00,0x00,0x00,0x00,0x00,0x00,
  0x00,0x00,0x00,0x00,0x00,0x00,0x00,0x00,0x00,0x00,0x00,0x00,
  0x00,0x02,0xA0,0x36,0xAB,0xCA,0xAA,0xE9,0x25,0x22,0x31,0x52,
  0x63,0x97,0x54,0xAA,0xA9,0x5C,0x8F,0x56,0xB5,0xCA,0x52,0xB8,
  0x7D,0x80,0x40,0x00,0x00,0x00,0x00,0x00,0x00,0x00,0x00,0x00,
  0x00,0x00,0x40,0x00,0x00,0x00,0x00,0x04,0xA4,0x80,0x00,0x00,
  0x00,0x73,0x4D,0xB4,0xAF,0x8A,0x4A,0x29,0x2A,0xA5,0x25,0x53,
  0x00,0x00,0x00,0x00,0x00,0x00,0x00,0x00,0x00,0x00,0x00,0x00,
  0x00,0x00,0x00,0x00,0x00,0x00,0x00,0x00,0x00,0x00,0x00,0x00,
  0x00,0x00,0x00,0x00,0x00,0x00,0x00,0x00,0x00,0x00,0x00,0x00,
  0x00,0x00,0x00,0x00,0x00,0x02,0x80,0x75,0x6F,0xAD,0xA5,0x4D,
  0x48,0x97,0xB5,0x49,0x3C,0xCD,0xAA,0x91,0x54,0xA7,0x26,0xAA,
  0x56,0x69,0x2A,0x5E,0x6F,0x00,0xF0,0x00,0x00,0x00,0x00,0x0A,
  0x00,0x00,0x00,0x00,0x00,0x00,0x00,0x00,0x00,0x00,0x00,0x02,
  0x54,0xC0,0x00,0x00,0x00,0x71,0xB4,0x5A,0xA2,0xA9,0x25,0x54,
  0xA5,0x2A,0xA9,0x2A,0x00,0x00,0x00,0x00,0x00,0x00,0x00,0x00,
  0x00,0x00,0x00,0x00,0x00,0x00,0x00,0x00,0x00,0x00,0x00,0x00,
  0x00,0x00,0x00,0x00,0x00,0x00,0x00,0x00,0x00,0x00,0x00,0x00,
  0x00,0x00,0x00,0x00,0x00,0x00,0x00,0x00,0x00,0x03,0x80,0x78,
  0x93,0x12,0xA9,0x55,0x04,0x45,0xAA,0x2A,0x87,0x38,0xE9,0x4A,
  0x22,0xB6,0xAD,0x54,0xD5,0xCA,0x92,0xAF,0xB7,0x01,0xFC,0x00,
  0x00,0x00,0x00,0x04,0x40,0x00,0x00,0x00,0x00,0x00,0x00,0x00,
  0x00,0x00,0x00,0x02,0xA8,0x40,0x00,0x00,0x00,0x21,0xAA,0x99,
  0x2A,0x54,0xA9,0x22,0x92,0x91,0x24,0x96,0x00,0x00,0x00,0x00,
  0x00,0x00,0x00,0x00,0x00,0x00,0x00,0x00,0x00,0x00,0x00,0x00,
  0x00,0x00,0x00,0x00,0x00,0x00,0x00,0x00,0x00,0x00,0x00,0x00,
  0x00,0x00,0x00,0x00,0x00,0x00,0x00,0x00,0x00,0x00,0x00,0x00,
  0x00,0x07,0x80,0x65,0x4E,0x5B,0x53,0x59,0xAA,0x96,0xD2,0xA5,
  0x51,0x55,0x1D,0x2A,0x95,0x5B,0x0E,0xD6,0xD5,0x29,0x49,0x1B,
  0xDB,0x17,0xAC,0x00,0x00,0x00,0x00,0x00,0x00,0x00,0x00,0x00,
  0x00,0x00,0x00,0x00,0x00,0x00,0x00,0x01,0x02,0x30,0x00,0x00,
  0x00,0x00,0x89,0x0E,0xB5,0x45,0x54,0x9A,0x54,0x54,0x95,0x4B,
  0x00,0x00,0x00,0x00,0x00,0x00,0x00,0x00,0x00,0x00,0x00,0x00,
  0x00,0x00,0x00,0x00,0x00,0x00,0x00,0x00,0x00,0x00,0x00,0x00,
  0x00,0x00,0x00,0x00,0x00,0x00,0x00,0x00,0x00,0x00,0x00,0x00,
  0x00,0x00,0x00,0x00,0x00,0x07,0x80,0x6A,0xB8,0x2A,0x54,0xA5,
  0x10,0x45,0x49,0x52,0x55,0x72,0x47,0xD5,0x54,0xE9,0xD5,0x2D,
  0xA6,0xCA,0x54,0xAD,0xDB,0xFB,0x58,0xE0,0x00,0x00,0x00,0x00,
  0x00,0x00,0x03,0x00,0x00,0x00,0x00,0x00,0x00,0x00,0x00,0x00,
  0xD0,0x40,0x00,0x00,0x00,0x01,0xA4,0xA7,0xE9,0x2A,0x45,0x69,
  0x4A,0xA5,0x52,0x52,0x00,0x00,0x00,0x00,0x00,0x00,0x00,0x00,
  0x00,0x00,0x00,0x00,0x00,0x00,0x00,0x00,0x00,0x00,0x00,0x00,
  0x00,0x00,0x00,0x00,0x00,0x00,0x00,0x00,0x00,0x00,0x00,0x00,
  0x00,0x00,0x00,0x00,0x00,0x00,0x00,0x00,0x00,0x07,0x80,0xC4,
  0xA2,0xA6,0xAA,0x9A,0xA5,0x25,0x55,0x29,0x2A,0x48,0xAA,0xAA,
  0x4A,0xCE,0xDC,0x9F,0x5D,0xA5,0x25,0x44,0x79,0xFB,0xB0,0xE0,
  0x00,0x00,0x00,0x00,0x00,0x00,0x03,0x80,0x00,0x00,0x00,0x00,
  0x00,0x00,0x00,0x00,0x25,0xB0,0x00,0x00,0x00,0x00,0xD2,0x52,
  0xBA,0xA5,0x29,0x2D,0x25,0x2A,0x49,0x4A,0x00,0x00,0x00,0x00,
  0x00,0x00,0x00,0x00,0x00,0x00,0x00,0x00,0x00,0x00,0x00,0x00,
  0x00,0x00,0x00,0x00,0x00,0x00,0x00,0x00,0x00,0x00,0x00,0x00,
  0x00,0x00,0x00,0x00,0x00,0x00,0x00,0x00,0x00,0x00,0x00,0x00,
  0x00,0x07,0x81,0xA9,0x51,0x58,0xA2,0xD6,0x40,0x93,0xAA,0x95,
  0x49,0xD2,0x10,0xBA,0xA5,0xD6,0x66,0xA9,0x8C,0xD2,0x94,0xAB,
  0xB6,0xB1,0xF8,0x20,0x00,0x00,0x00,0x00,0x00,0x00,0x03,0x00,
  0x00,0x00,0x00,0x00,0x00,0x00,0x00,0x00,0x80,0x4C,0x00,0x00,
  0x00,0x00,0xB1,0x05,0xE4,0x92,0xA5,0x54,0xA8,0x91,0x55,0x29,
  0x00,0x00,0x00,0x00,0x00,0x00,0x00,0x00,0x00,0x00,0x00,0x00,
  0x00,0x00,0x00,0x00,0x00,0x00,0x00,0x00,0x00,0x00,0x00,0x00,
  0x00,0x00,0x00,0x00,0x00,0x00,0x00,0x00,0x00,0x00,0x00,0x00,
  0x00,0x00,0x00,0x00,0x00,0x07,0x81,0x24,0xCE,0xAD,0x57,0x35,
  0x15,0x49,0x5D,0x49,0x24,0xA5,0x4A,0x55,0xFB,0x0D,0x53,0x3A,
  0xD6,0xA9,0x52,0x95,0x55,0x66,0xF0,0x00,0x00,0x00,0x00,0x00,
  0x00,0x00,0x01,0x00,0x00,0x00,0x00,0x00,0x00,0x00,0x00,0x01,
  0xAA,0x92,0x00,0x01,0x00,0x00,0x1C,0x97,0x12,0x54,0x94,0xBA,
  0x95,0x4D,0x24,0xA4,0x00,0x00,0x00,0x00,0x00,0x00,0x00,0x00,
  0x00,0x00,0x00,0x00,0x00,0x00,0x00,0x00,0x00,0x00,0x00,0x00,
  0x00,0x00,0x00,0x00,0x00,0x00,0x00,0x00,0x00,0x00,0x00,0x00,
  0x00,0x00,0x00,0x00,0x00,0x00,0x00,0x00,0x00,0x03,0x83,0x49,
  0x32,0x51,0x4A,0xA8,0x89,0x46,0x4A,0xAA,0xAA,0x90,0xA4,0xB7,
  0xFD,0xD6,0xAA,0xD7,0x2B,0x94,0x97,0x5F,0xD2,0x7F,0x30,0x00,
  0x00,0x00,0x00,0x00,0x00,0x00,0x00,0x00,0x00,0x00,0x00,0x00,
  0x00,0x00,0x00,0x02,0x14,0x44,0x00,0x03,0xC0,0x00,0x04,0x5D,
  0xFA,0xA5,0x52,0x4A,0x4A,0xA2,0x92,0x95,0x00,0x00,0x00,0x00,
  0x00,0x00,0x00,0x00,0x00,0x00,0x00,0x00,0x00,0x00,0x00,0x00,
  0x00,0x00,0x00,0x00,0x00,0x00,0x00,0x00,0x00,0x00,0x00,0x00,
  0x00,0x00,0x00,0x00,0x00,0x00,0x00,0x00,0x00,0x00,0x00,0x00,
  0x00,0x01,0x81,0x22,0xA9,0x35,0x2A,0x6A,0x22,0xAD,0x51,0xD4,
  0x93,0xA5,0x11,0x31,0xF7,0x93,0x75,0x5D,0xA5,0x4B,0x4B,0xBE,
  0xE9,0x3B,0x80,0x00,0x00,0x00,0x00,0x00,0x00,0x00,0x00,0x00,
  0x00,0x00,0x00,0x00,0x00,0x00,0x00,0x01,0xA9,0x14,0x00,0x01,
  0x80,0x00,0x06,0x36,0xEC,0x94,0x4A,0x92,0xA4,0x54,0xAA,0x52,
  0x00,0x00,0x00,0x00,0x00,0x00,0x00,0x00,0x00,0x00,0x00,0x00,
  0x00,0x00,0x00,0x00,0x00,0x00,0x00,0x00,0x00,0x00,0x00,0x00,
  0x00,0x00,0x00,0x00,0x00,0x00,0x00,0x00,0x00,0x00,0x00,0x00,
  0x00,0x00,0x00,0x00,0x00,0x01,0xC3,0x95,0x2A,0xC6,0x95,0x54,
  0x89,0x5A,0x4A,0x6A,0x4A,0x88,0x84,0xDD,0xFB,0x4E,0x2A,0xA4,
  0x52,0x57,0xD6,0xF1,0xD5,0x4B,0xF8,0x08,0x00,0x00,0x00,0x00,
  0x00,0x00,0x00,0x00,0x00,0x00,0x00,0x00,0x00,0x00,0x00,0x00,
  0x80,0x48,0x00,0x00,0x80,0x00,0x01,0x10,0x1D,0x52,0xA9,0x4A,
  0x52,0x95,0x25,0x4A,0x00,0x00,0x00,0x00,0x00,0x00,0x00,0x00,
  0x00,0x00,0x00,0x00,0x00,0x00,0x00,0x00,0x00,0x00,0x00,0x00,
  0x00,0x00,0x00,0x00,0x00,0x00,0x00,0x00,0x00,0x00,0x00,0x00,
  0x00,0x00,0x00,0x00,0x00,0x00,0x00,0x00,0x00,0x01,0xE3,0x42,
  0x4A,0x5A,0x49,0xA8,0x27,0x95,0xA8,0xC5,0x56,0x25,0x2A,0x4C,
  0x1E,0xF5,0x72,0xD3,0x29,0x4C,0xB5,0xC1,0xA4,0xA4,0xFC,0x00,
  0x00,0x00,0x00,0x00,0x00,0x00,0x00,0x00,0x00,0x00,0x00,0x00,
  0x00,0x00,0x00,0x00,0x55,0x14,0x00,0x00,0x00,0x00,0x01,0x5A,
  0xA6,0x4A,0x45,0x29,0x2A,0x52,0x94,0xA9,0x00,0x00,0x00,0x00,
  0x00,0x00,0x00,0x00,0x00,0x00,0x00,0x00,0x00,0x00,0x00,0x00,
  0x00,0x00,0x00,0x00,0x00,0x00,0x00,0x00,0x00,0x00,0x00,0x00,
  0x00,0x00,0x00,0x00,0x00,0x00,0x00,0x00,0x00,0x00,0x00,0x00,
  0x00,0x01,0xC6,0x28,0x81,0x55,0x35,0x52,0x8E,0xD4,0x55,0x52,
  0x4A,0x90,0x81,0x2E,0xCF,0xF6,0xE9,0x48,0x95,0x26,0x5D,0x17,
  0x92,0x52,0x4E,0x10,0x00,0x00,0x00,0x00,0x00,0x00,0x38,0x00,
  0x00,0x00,0x00,0x00,0x00,0x00,0x00,0x00,0x80,0x54,0x00,0x00,
  0x00,0x00,0x01,0x6A,0x07,0xF2,0xAA,0xA5,0x49,0x49,0x52,0x4A,
  0x00,0x00,0x00,0x00,0x00,0x00,0x00,0x00,0x00,0x00,0x00,0x00,
  0x00,0x00,0x00,0x00,0x00,0x00,0x00,0x00,0x00,0x00,0x00,0x00,
  0x00,0x00,0x00,0x00,0x00,0x00,0x00,0x00,0x00,0x00,0x00,0x00,
  0x00,0x00,0x00,0x00,0x00,0x03,0x9D,0x44,0x2A,0xA8,0xA2,0xA8,
  0x2C,0xF6,0x8A,0xA9,0x2D,0x4A,0x54,0x96,0x53,0x9D,0xA5,0x55,
  0x49,0x56,0xAA,0x8A,0xD5,0x2A,0xAE,0x00,0x00,0x00,0x00,0x00,
  0x00,0x00,0x24,0x00,0x00,0x00,0x00,0x00,0x00,0x00,0x00,0x00,
  0xAE,0x10,0x00,0x00,0x00,0x00,0x06,0xB4,0xBA,0x99,0x28,0x94,
  0xA5,0x2A,0x4A,0xA4,0x00,0x00,0x00,0x00,0x00,0x00,0x00,0x00,
  0x00,0x00,0x00,0x00,0x00,0x00,0x00,0x00,0x00,0x00,0x00,0x00,
  0x00,0x00,0x00,0x00,0x00,0x00,0x00,0x00,0x00,0x00,0x00,0x00,
  0x00,0x00,0x00,0x00,0x00,0x00,0x00,0x00,0x00,0x03,0xA5,0x2F,
  0x02,0xAA,0x56,0xB2,0x9A,0x68,0xE8,0xCA,0xA8,0x24,0x12,0x4D,
  0x29,0x4F,0x79,0xA5,0x24,0x95,0x24,0xB6,0x49,0x49,0x3B,0x00,
  0x00,0x00,0x00,0x00,0x00,0x00,0x48,0x60,0x00,0x00,0x00,0x00,
  0x00,0x00,0x00,0x00,0x52,0xA0,0x00,0x00,0x00,0x00,0x02,0x02,
  0xF6,0xAD,0x45,0x52,0x54,0xA5,0x29,0x12,0x00,0x00,0x00,0x00,
  0x00,0x00,0x00,0x00,0x00,0x00,0x00,0x00,0x00,0x00,0x00,0x00,
  0x00,0x00,0x00,0x00,0x00,0x00,0x00,0x00,0x00,0x00,0x00,0x00,
  0x00,0x00,0x00,0x00,0x00,0x00,0x00,0x00,0x00,0x00,0x00,0x00,
  0x00,0x02,0x96,0xB9,0xD0,0x2A,0xAA,0x44,0x39,0x3A,0xB5,0x29,
  0x47,0x92,0xA2,0x59,0x4A,0xAA,0xE7,0x54,0xAA,0x53,0xC2,0x59,
  0x55,0x24,0x97,0x80,0x00,0x00,0x00,0x00,0x00,0x00,0x34,0x70,
  0x00,0x00,0x00,0x00,0x00,0x00,0x00,0x00,0x01,0x60,0x00,0x00,
  0x00,0x00,0x0D,0x54,0x55,0x54,0xAA,0x4A,0x92,0x92,0xA4,0xD5,
  0x00,0x00,0x00,0x00,0x00,0x00,0x00,0x00,0x00,0x00,0x00,0x00,
  0x00,0x00,0x00,0x00,0x00,0x00,0x00,0x00,0x00,0x00,0x00,0x00,
  0x00,0x00,0x00,0x00,0x00,0x00,0x00,0x00,0x00,0x00,0x00,0x00,
  0x00,0x00,0x00,0x00,0x00,0x03,0x94,0xA0,0xCA,0x85,0x49,0x52,
  0x95,0x4D,0x92,0xD4,0xAA,0x4A,0x94,0xB4,0xA4,0x4B,0x56,0x92,
  0x95,0x4A,0xB5,0xA6,0xC9,0xAA,0xAB,0xE0,0x00,0x00,0x00,0x00,
  0x00,0x00,0x08,0xF8,0x00,0x00,0x00,0x00,0x00,0x00,0x00,0x00,
  0x00,0x80,0x00,0x00,0x00,0x00,0x07,0x01,0x5F,0xAA,0x52,0xA9,
  0x4A,0x54,0x95,0x29,0x00,0x00,0x00,0x00,0x00,0x00,0x00,0x00,
  0x00,0x00,0x00,0x00,0x00,0x00,0x00,0x00,0x00,0x00,0x00,0x00,
  0x00,0x00,0x00,0x00,0x00,0x00,0x00,0x00,0x00,0x00,0x00,0x00,
  0x00,0x00,0x00,0x00,0x00,0x00,0x00,0x00,0x00,0x02,0xB5,0x38,
  0x74,0x50,0x35,0x8D,0x4D,0x26,0xAD,0x8A,0x54,0xA4,0x52,0x65,
  0x2A,0xA5,0x6C,0x4A,0x52,0x54,0xCA,0x55,0x25,0x52,0x54,0x70,
  0x00,0x00,0x00,0x00,0x00,0x00,0x00,0x60,0x00,0x00,0x00,0x00,
  0x00,0x00,0x00,0x00,0x00,0x00,0x00,0x00,0x00,0x00,0x03,0xD4,
  0x20,0x4D,0x29,0x14,0xA9,0x4A,0x52,0x94,0x00,0x00,0x00,0x00,
  0x00,0x00,0x00,0x00,0x00,0x00,0x00,0x00,0x00,0x00,0x00,0x00,
  0x00,0x00,0x00,0x00,0x00,0x00,0x00,0x00,0x00,0x00,0x00,0x00,
  0x00,0x00,0x00,0x00,0x00,0x00,0x00,0x00,0x00,0x00,0x00,0x00,
  0x00,0x07,0xAA,0xAE,0x1E,0x2A,0x8A,0x5A,0x56,0xAB,0x55,0x52,
  0x95,0x29,0x2A,0xBA,0x92,0x96,0x95,0x55,0x49,0x4A,0xD4,0x8D,
  0x55,0x49,0x4A,0xB8,0x00,0x00,0x00,0x00,0x00,0x00,0x00,0x00,
  0x02,0x00,0x00,0x00,0x00,0x00,0x00,0x00,0x00,0x00,0x00,0x00,
  0x00,0x00,0x03,0xDA,0x85,0x15,0x45,0x4A,0x4A,0xA5,0x49,0x45,
  0x00,0x00,0x00,0x00,0x00,0x00,0x00,0x00,0x00,0x00,0x00,0x00,
  0x00,0x00,0x00,0x00,0x00,0x00,0x00,0x00,0x00,0x00,0x00,0x00,
  0x00,0x00,0x00,0x00,0x00,0x00,0x00,0x00,0x00,0x00,0x00,0x00,
  0x00,0x00,0x00,0x00,0x00,0x07,0x75,0x2F,0x83,0x48,0x54,0xA6,
  0x93,0x48,0x8A,0x94,0xA9,0x44,0x85,0x16,0x54,0x53,0x6A,0xA2,
  0x2A,0xA2,0xCA,0x56,0x49,0x2A,0xA5,0x5C,0x00,0x00,0x00,0x00,
  0x00,0x00,0x00,0x00,0x01,0x00,0x00,0x00,0x00,0x44,0x00,0x00,
  0x00,0x00,0x00,0x00,0x00,0x00,0x0E,0x68,0x50,0x4D,0x2A,0x52,
  0xA4,0x52,0x54,0xA9,0x00,0x00,0x00,0x00,0x00,0x00,0x00,0x00,
  0x00,0x00,0x00,0x00,0x00,0x00,0x00,0x00,0x00,0x00,0x00,0x00,
  0x00,0x00,0x00,0x00,0x00,0x00,0x00,0x00,0x00,0x00,0x00,0x00,
  0x00,0x00,0x00,0x00,0x00,0x00,0x00,0x00,0x00,0x07,0x1D,0x55,
  0xE1,0x25,0x2A,0x79,0x49,0x55,0x55,0x4A,0x55,0x2A,0x54,0x4B,
  0xAB,0x49,0x51,0x15,0x52,0x29,0x55,0x37,0xA5,0x52,0x52,0x2C,
  0x00,0x00,0x00,0x00,0x00,0x00,0x00,0x00,0x02,0x00,0x00,0x00,
  0x00,0x40,0x00,0x00,0x00,0x00,0x00,0x00,0x00,0x00,0x16,0xBA,
  0x0A,0x96,0xA9,0x49,0x2A,0x95,0x25,0x24,0x00,0x00,0x00,0x00,
  0x00,0x00,0x00,0x00,0x00,0x00,0x00,0x00,0x00,0x00,0x00,0x00,
  0x00,0x00,0x00,0x00,0x00,0x00,0x00,0x00,0x00,0x00,0x00,0x00,
  0x00,0x00,0x00,0x00,0x00,0x00,0x00,0x00,0x00,0x00,0x00,0x00,
  0x00,0x0F,0xCD,0x15,0x78,0xF8,0x05,0x95,0x25,0xD2,0x49,0x29,
  0x2A,0x91,0x2A,0xA4,0xB2,0xAA,0x8C,0xA9,0x49,0x55,0xA9,0x49,
  0xAA,0x49,0x29,0x5C,0x00,0x00,0x00,0x00,0x00,0x00,0x00,0x00,
  0x01,0x00,0x00,0x00,0x00,0x00,0x00,0x00,0x00,0x00,0x07,0x00,
  0x00,0x00,0x3B,0xAF,0x6A,0x53,0x45,0x2A,0x92,0x52,0x94,0x95,
  0x00,0x00,0x00,0x00,0x00,0x00,0x00,0x00,0x00,0x00,0x00,0x00,
  0x00,0x00,0x00,0x00,0x00,0x00,0x00,0x00,0x00,0x00,0x00,0x00,
  0x00,0x00,0x00,0x00,0x00,0x00,0x00,0x00,0x00,0x00,0x00,0x00,
  0x00,0x00,0x00,0x00,0x00,0x0E,0xB7,0xC4,0x9E,0x56,0xAA,0xE2,
  0xAA,0x75,0x24,0xA5,0x4C,0x4A,0x49,0x12,0x5D,0x52,0x52,0xA4,
  0xA5,0x25,0xA6,0xB6,0xD1,0x2A,0x95,0x2C,0x00,0x30,0x00,0x00,
  0x00,0x00,0x00,0x00,0x00,0x58,0x00,0x00,0x00,0x00,0x00,0x00,
  0x00,0x00,0x0C,0xD0,0x00,0x00,0x03,0xDD,0xE9,0x55,0xAA,0xA5,
  0x49,0x49,0x52,0xAA,0x00,0x00,0x00,0x00,0x00,0x00,0x00,0x00,
  0x00,0x00,0x00,0x00,0x00,0x00,0x00,0x00,0x00,0x00,0x00,0x00,
  0x00,0x00,0x00,0x00,0x00,0x00,0x00,0x00,0x00,0x00,0x00,0x00,
  0x00,0x00,0x00,0x00,0x00,0x00,0x00,0x00,0x00,0x0E,0xE6,0xAA,
  0xDD,0xC4,0x22,0x8D,0x54,0x99,0x55,0x52,0xB2,0xA1,0x24,0x49,
  0x05,0x49,0x4A,0x55,0x14,0x95,0x34,0x57,0x4D,0x49,0x49,0x6C,
  0x00,0x7A,0x00,0x00,0x00,0x00,0x00,0x00,0x00,0xAA,0x00,0x00,
  0x00,0x00,0x00,0x00,0x02,0x80,0x1A,0xA8,0x00,0x00,0x00,0xE5,
  0x2D,0x4A,0xD1,0x7E,0x55,0x2A,0x4A,0x49,0x00,0x00,0x00,0x00,
  0x00,0x00,0x00,0x00,0x00,0x00,0x00,0x00,0x00,0x00,0x00,0x00,
  0x00,0x00,0x00,0x00,0x00,0x00,0x00,0x00,0x00,0x00,0x00,0x00,
  0x00,0x00,0x00,0x00,0x00,0x00,0x00,0x00,0x00,0x00,0x00,0x00,
  0x00,0x0F,0x81,0x95,0xB7,0x7B,0x49,0x2A,0xAA,0x4D,0x29,0x14,
  0x59,0x4A,0x55,0x24,0xA9,0x55,0x29,0x24,0xAA,0xAB,0xAD,0x6A,
  0xA2,0xA5,0x24,0x98,0x00,0x3B,0x00,0x00,0x00,0x00,0x00,0x00,
  0x01,0x4A,0x00,0x00,0x00,0x00,0x00,0x00,0x07,0x00,0x0E,0xAA,
  0x00,0x30,0x00,0xD4,0xB2,0xB4,0x7F,0xF7,0x4A,0xA5,0x29,0x24,
  0x00,0x00,0x00,0x00,0x00,0x00,0x00,0x00,0x00,0x00,0x00,0x00,
  0x00,0x00,0x00,0x00,0x00,0x00,0x00,0x00,0x00,0x00,0x00,0x00,
  0x00,0x00,0x00,0x00,0x00,0x00,0x00,0x00,0x00,0x00,0x00,0x00,
  0x00,0x00,0x00,0x00,0x00,0x0F,0x0E,0xE7,0x4B,0xAF,0x24,0xB4,
  0xB4,0x96,0x94,0xAA,0x95,0x54,0xA8,0x92,0x49,0x52,0xA5,0x52,
  0xA4,0x90,0xB1,0xAB,0x55,0x54,0xAA,0xBC,0x00,0x1F,0x80,0x00,
  0x00,0x00,0x00,0x00,0x01,0x2A,0x00,0x00,0x00,0x00,0x00,0x00,
  0x03,0x90,0x08,0x4A,0x00,0x28,0x01,0xD2,0xB9,0x09,0x2D,0x01,
  0xA4,0x92,0xA5,0x55,0x00,0x00,0x00,0x00,0x00,0x00,0x00,0x00,
  0x00,0x00,0x00,0x00,0x00,0x00,0x00,0x00,0x00,0x00,0x00,0x00,
  0x00,0x00,0x00,0x00,0x00,0x00,0x00,0x00,0x00,0x00,0x00,0x00,
  0x00,0x00,0x00,0x00,0x00,0x00,0x00,0x00,0x00,0x0E,0x55,0x7A,
  0x34,0xD5,0x92,0x4A,0xC5,0xAD,0x4A,0xA2,0x4D,0xD5,0x15,0x49,
  0x24,0xC9,0x14,0x8A,0x52,0xAA,0xDB,0x44,0xAE,0x92,0x92,0x58,
  0x38,0x02,0xE0,0x00,0x00,0x00,0x00,0x00,0x00,0xA5,0x00,0x00,
  0x00,0x00,0x00,0x00,0x01,0x30,0x10,0x81,0x00,0x2C,0x01,0x6A,
  0xD8,0x51,0x42,0xAA,0xD2,0x54,0x94,0xA4,0x00,0x00,0x00,0x00,
  0x00,0x00,0x00,0x00,0x00,0x00,0x00,0x00,0x00,0x00,0x00,0x00,
  0x00,0x00,0x00,0x00,0x00,0x00,0x00,0x00,0x00,0x00,0x00,0x00,
  0x00,0x00,0x00,0x00,0x00,0x00,0x00,0x00,0x00,0x00,0x00,0x00,
  0x00,0x0A,0xA6,0x3A,0xAA,0x6A,0x89,0x2A,0x15,0x75,0x52,0x55,
  0x56,0xAC,0xAA,0x24,0x95,0x54,0xAA,0x69,0x2A,0x4A,0xAE,0xAB,
  0x9A,0xAA,0x55,0x71,0xFC,0x03,0xE0,0x00,0x00,0x00,0x00,0x00,
  0x01,0x31,0x00,0x00,0x00,0x00,0x00,0x00,0x00,0x30,0x2C,0x52,
  0xD0,0x24,0x00,0xB9,0xB2,0x88,0x91,0x2A,0x7F,0x4A,0x52,0x52,
  0x00,0x00,0x00,0x00,0x00,0x00,0x00,0x00,0x00,0x00,0x00,0x00,
  0x00,0x00,0x00,0x00,0x00,0x00,0x00,0x00,0x00,0x00,0x00,0x00,
  0x00,0x00,0x00,0x00,0x00,0x00,0x00,0x00,0x00,0x00,0x00,0x00,
  0x00,0x00,0x00,0x00,0x00,0x0A,0x94,0x2D,0x45,0x35,0x24,0x85,
  0x6B,0x95,0x29,0x24,0xA2,0x53,0x54,0x92,0x48,0xA5,0x4A,0x9D,
  0x55,0x25,0x52,0x54,0xF3,0x65,0x4A,0xB3,0xF8,0x03,0xB4,0x00,
  0x00,0x00,0x40,0x00,0x01,0x09,0x20,0x00,0x00,0x00,0x02,0x00,
  0x00,0x00,0x28,0x40,0x54,0x13,0x00,0x9D,0x80,0x22,0x44,0x97,
  0x55,0xA5,0x4A,0x8A,0x00,0x00,0x00,0x00,0x00,0x00,0x00,0x00,
  0x00,0x00,0x00,0x00,0x00,0x00,0x00,0x00,0x00,0x00,0x00,0x00,
  0x00,0x00,0x00,0x00,0x00,0x00,0x00,0x00,0x00,0x00,0x00,0x00,
  0x00,0x00,0x00,0x00,0x00,0x00,0x00,0x00,0x00,0x0E,0xA0,0xF6,
  0x29,0x61,0x4B,0x2B,0x54,0xCA,0xA5,0x52,0x55,0x55,0x2A,0x89,
  0x2B,0x52,0x57,0x56,0xAA,0xA8,0xA9,0x52,0xB6,0xD4,0xAD,0xE7,
  0x6C,0x01,0xFC,0x00,0x00,0x01,0xB0,0x00,0x01,0x44,0x88,0x00,
  0x00,0x00,0x03,0x80,0x00,0x00,0x00,0x35,0x0C,0x39,0x00,0x2C,
  0xEA,0x89,0x12,0xAC,0x09,0xD2,0x29,0x55,0x00,0x00,0x00,0x00,
  0x00,0x00,0x00,0x00,0x00,0x00,0x00,0x00,0x00,0x00,0x00,0x00,
  0x00,0x00,0x00,0x00,0x00,0x00,0x00,0x00,0x00,0x00,0x00,0x00,
  0x00,0x00,0x00,0x00,0x00,0x00,0x00,0x00,0x00,0x00,0x00,0x00,
  0x00,0x1E,0x01,0xD5,0xA4,0xCA,0x2E,0x95,0x55,0x6D,0x54,0x8A,
  0x92,0x4A,0xD2,0x52,0x55,0x4A,0x95,0xAB,0x55,0x55,0xD5,0x28,
  0x4E,0xB6,0x54,0x7D,0x7E,0x00,0x7E,0x00,0x00,0x00,0x90,0x00,
  0x12,0x2A,0x00,0x00,0x00,0x00,0x02,0x40,0x00,0x00,0x00,0x0A,
  0x24,0xEB,0x00,0x8F,0x94,0x20,0x40,0xA2,0xF4,0x55,0x54,0xA4,
  0x00,0x00,0x00,0x00,0x00,0x00,0x00,0x00,0x00,0x00,0x00,0x00,
  0x00,0x00,0x00,0x00,0x00,0x00,0x00,0x00,0x00,0x00,0x00,0x00,
  0x00,0x00,0x00,0x00,0x00,0x00,0x00,0x00,0x00,0x00,0x00,0x00,
  0x00,0x00,0x00,0x00,0x00,0x1E,0x00,0xFA,0x95,0xA2,0xA9,0xC9,
  0x55,0x33,0x4A,0x55,0x49,0x29,0xA4,0x89,0x25,0x74,0xA6,0xAD,
  0xAC,0xE4,0xAC,0xC5,0x55,0x4B,0x37,0x2C,0xF7,0x00,0x3B,0x00,
  0x00,0x01,0x48,0x00,0x39,0x54,0x00,0x00,0x00,0x00,0x01,0x80,
  0x00,0x00,0x00,0x02,0x0A,0x34,0x00,0xA6,0xF5,0x4A,0x2A,0x52,
  0x12,0xD2,0x8A,0x52,0x00,0x00,0x00,0x00,0x00,0x00,0x00,0x00,
  0x00,0x00,0x00,0x00,0x00,0x00,0x00,0x00,0x00,0x00,0x00,0x00,
  0x00,0x00,0x00,0x00,0x00,0x00,0x00,0x00,0x00,0x00,0x00,0x00,
  0x00,0x00,0x00,0x00,0x00,0x00,0x00,0x00,0x00,0x1E,0x01,0x6B,
  0x52,0xCB,0x75,0x64,0xA2,0xD5,0x25,0x52,0x2A,0xA5,0x92,0x44,
  0x9A,0x95,0x2D,0xD9,0x57,0xB5,0x56,0x52,0x0F,0x6A,0xBC,0xAE,
  0x3E,0x41,0x9E,0x00,0x00,0x01,0xB0,0x00,0x6D,0x1E,0x00,0x00,
  0x00,0x00,0x00,0x01,0x00,0x00,0x00,0x02,0xA2,0x88,0x08,0x2B,
  0x52,0x01,0x44,0x94,0xD2,0xD4,0x65,0x2A,0x00,0x00,0x00,0x00,
  0x00,0x00,0x00,0x00,0x00,0x00,0x00,0x00,0x00,0x00,0x00,0x00,
  0x00,0x00,0x00,0x00,0x00,0x00,0x00,0x00,0x00,0x00,0x00,0x00,
  0x00,0x00,0x00,0x00,0x00,0x00,0x00,0x00,0x00,0x00,0x00,0x00,
  0x00,0x1E,0x02,0x85,0xA9,0x6D,0x54,0xB2,0x14,0x56,0xD2,0x49,
  0x54,0x96,0xA9,0x29,0x55,0x2A,0x96,0x75,0x49,0x2A,0x25,0x21,
  0xD5,0x5A,0x57,0x2D,0xAF,0xF8,0xAC,0x00,0x00,0x00,0x00,0x00,
  0x39,0x44,0x00,0x00,0x00,0x00,0x00,0x02,0x80,0x00,0x00,0x02,
  0x0B,0x6B,0x18,0x93,0xFD,0x54,0x10,0x51,0x29,0xA5,0x12,0x92,
  0x00,0x00,0x00,0x00,0x00,0x00,0x00,0x00,0x00,0x00,0x00,0x00,
  0x00,0x00,0x00,0x00,0x00,0x00,0x00,0x00,0x00,0x00,0x00,0x00,
  0x00,0x00,0x00,0x00,0x00,0x00,0x00,0x00,0x00,0x00,0x00,0x00,
  0x00,0x00,0x00,0x00,0x00,0x1C,0x02,0x71,0xF4,0xA9,0x65,0x59,
  0x4A,0x9B,0x95,0x2A,0x92,0xAB,0x44,0x92,0x5A,0x99,0x55,0x4B,
  0x64,0xAA,0x96,0x94,0x22,0xA7,0x69,0xCA,0x57,0xFC,0x20,0x00,
  0x00,0x00,0x00,0x00,0x01,0x40,0x00,0x00,0x00,0x00,0x00,0x00,
  0x20,0x00,0x00,0x01,0xA1,0x05,0x7D,0x41,0x68,0x21,0x52,0x94,
  0x83,0x92,0xD4,0xA9,0x00,0x00,0x00,0x00,0x00,0x00,0x00,0x00,
  0x00,0x00,0x00,0x00,0x00,0x00,0x00,0x00,0x00,0x00,0x00,0x00,
  0x00,0x00,0x00,0x00,0x00,0x00,0x00,0x00,0x00,0x00,0x00,0x00,
  0x00,0x00,0x00,0x00,0x00,0x00,0x00,0x00,0x00,0x14,0x07,0xDA,
  0x5A,0xB5,0x6A,0x4E,0xA4,0xA1,0x48,0xA4,0xA9,0x25,0x2A,0xA8,
  0xA0,0xAC,0x99,0x35,0x92,0x5A,0xAB,0x25,0x94,0xAC,0xFC,0xAD,
  0x29,0xBC,0xF8,0x00,0x00,0x00,0x00,0x00,0x03,0x60,0x00,0x00,
  0x00,0x00,0x00,0x00,0x40,0x00,0x00,0x00,0xBE,0x69,0x45,0x28,
  0x82,0x88,0xF0,0x69,0x4B,0x54,0x2A,0x44,0x00,0x00,0x00,0x00,
  0x00,0x00,0x00,0x00,0x00,0x00,0x00,0x00,0x00,0x00,0x00,0x00,
  0x00,0x00,0x00,0x00,0x00,0x00,0x00,0x00,0x00,0x00,0x00,0x00,
  0x00,0x00,0x00,0x00,0x00,0x00,0x00,0x00,0x00,0x00,0x00,0x00,
  0x00,0x3C,0x0E,0xDD,0x5A,0x64,0x31,0x2B,0x52,0xBF,0x55,0x52,
  0x44,0x94,0x82,0x05,0x1A,0x06,0x54,0xD5,0x49,0x2C,0x96,0x2A,
  0x52,0x55,0xDA,0xCC,0xA5,0xAD,0xD8,0x00,0x00,0x00,0x00,0x00,
  0x01,0x20,0x00,0x00,0x00,0x00,0x00,0x00,0xB0,0x00,0x00,0x00,
  0x00,0x20,0xA6,0xF5,0x15,0x25,0xAE,0xDE,0xA5,0xA5,0x91,0x2A,
  0x00,0x00,0x00,0x00,0x00,0x00,0x00,0x00,0x00,0x00,0x00,0x00,
  0x00,0x00,0x00,0x00,0x00,0x00,0x00,0x00,0x00,0x00,0x00,0x00,
  0x00,0x00,0x00,0x00,0x00,0x00,0x00,0x00,0x00,0x00,0x00,0x00,
  0x00,0x00,0x00,0x00,0x00,0x28,0x03,0x97,0x7A,0xA5,0x35,0x55,
  0xC8,0x96,0xA5,0x2A,0xAA,0xAD,0x59,0x68,0xE5,0xD3,0x5A,0xAE,
  0x22,0x96,0x4D,0x51,0x24,0x9F,0xF5,0x56,0x95,0x6E,0xF0,0x00,
  0x00,0x00,0x00,0x00,0x00,0xA0,0x00,0x00,0x00,0x00,0x00,0x11,
  0x88,0x00,0x00,0x00,0x04,0x4A,0x11,0x5D,0x42,0x93,0x56,0xDB,
  0x42,0xD2,0x4A,0xAA,0x00,0x00,0x00,0x00,0x00,0x00,0x00,0x00,
  0x00,0x00,0x00,0x00,0x00,0x00,0x00,0x00,0x00,0x00,0x00,0x00,
  0x00,0x00,0x00,0x00,0x00,0x00,0x00,0x00,0x00,0x00,0x00,0x00,
  0x00,0x00,0x00,0x00,0x00,0x00,0x00,0x00,0x00,0x38,0x01,0xFB,
  0xED,0x68,0xB4,0x92,0x65,0x54,0x92,0x92,0x55,0x55,0x24,0x93,
  0xAA,0x95,0x2A,0xE1,0x51,0x7A,0xAD,0x4A,0x92,0xA6,0x74,0xEA,
  0x52,0xDF,0xB0,0x00,0x00,0x00,0x00,0x00,0x00,0x80,0x00,0x00,
  0x00,0x00,0x00,0x1D,0x24,0x00,0x00,0x00,0x0F,0x29,0x48,0xF7,
  0x34,0x4D,0x5D,0xAE,0xB5,0x4A,0xAA,0x49,0x00,0x00,0x00,0x00,
  0x00,0x00,0x00,0x00,0x00,0x00,0x00,0x00,0x00,0x00,0x00,0x00,
  0x00,0x00,0x00,0x00,0x00,0x00,0x00,0x00,0x00,0x00,0x00,0x00,
  0x00,0x00,0x00,0x00,0x00,0x00,0x00,0x00,0x00,0x00,0x00,0x00,
  0x00,0x28,0x01,0x8D,0x2F,0x62,0x6A,0x49,0x34,0xB5,0x54,0x49,
  0x22,0x24,0x92,0x48,0xD6,0xAC,0x97,0xDD,0x4B,0xC9,0x26,0xA1,
  0x49,0x53,0xEB,0x2B,0x4A,0xA7,0xF0,0x00,0x00,0x00,0x00,0x00,
  0x00,0x00,0x00,0x00,0x00,0x00,0x00,0x35,0x12,0x98,0x00,0x00,
  0x15,0x8C,0xA5,0x1F,0x7B,0x4A,0xB5,0xB7,0x4F,0xA9,0x25,0x54,
  0x00,0x00,0x00,0x00,0x00,0x00,0x00,0x00,0x00,0x00,0x00,0x00,
  0x00,0x00,0x00,0x00,0x00,0x00,0x00,0x00,0x00,0x00,0x00,0x00,
  0x00,0x00,0x00,0x00,0x00,0x00,0x00,0x00,0x00,0x00,0x00,0x00,
  0x00,0x00,0x00,0x00,0x00,0x3A,0x43,0xFE,0xB7,0x59,0x62,0xAA,
  0xAD,0x1C,0x92,0xAA,0xAD,0x5A,0x55,0xA5,0x49,0x15,0x58,0xAA,
  0xEA,0x54,0xAA,0x95,0x55,0x4D,0xC9,0x2C,0xA9,0x52,0x70,0x00,
  0x00,0x00,0x00,0x00,0x01,0x40,0x00,0x00,0x00,0x00,0x00,0x1C,
  0xCC,0x34,0x00,0x00,0x0C,0x84,0x14,0x45,0x69,0x29,0x53,0xEE,
  0xA4,0xA4,0x92,0x4A,0x00,0x00,0x00,0x00,0x00,0x00,0x00,0x00,
  0x00,0x00,0x00,0x00,0x00,0x00,0x00,0x00,0x00,0x00,0x00,0x00,
  0x00,0x00,0x00,0x00,0x00,0x00,0x00,0x00,0x00,0x00,0x00,0x00,
  0x00,0x00,0x00,0x00,0x00,0x00,0x00,0x00,0x00,0x3C,0x07,0x55,
  0x5E,0xBB,0x7B,0x52,0x56,0xF6,0x4A,0x95,0xCA,0x95,0x55,0x49,
  0x5D,0x54,0xA7,0x74,0x97,0x4A,0x93,0x62,0x44,0xB4,0xD5,0x72,
  0x45,0xA9,0xE0,0x00,0x00,0x00,0x01,0x80,0x00,0x00,0x00,0x00,
  0x00,0x00,0x00,0x00,0x31,0x48,0x00,0x00,0x06,0x8A,0xA2,0xB4,
  0xDD,0xAD,0x7F,0x94,0xAE,0x55,0x69,0x25,0x00,0x00,0x00,0x00,
  0x00,0x00,0x00,0x00,0x00,0x00,0x00,0x00,0x00,0x00,0x00,0x00,
  0x00,0x00,0x00,0x00,0x00,0x00,0x00,0x00,0x00,0x00,0x00,0x00,
  0x00,0x00,0x00,0x00,0x00,0x00,0x00,0x00,0x00,0x00,0x00,0x00,
  0x00,0x3C,0x03,0x4A,0xBB,0x4E,0xDD,0xA9,0x53,0x5B,0x54,0xA6,
  0x6A,0xA9,0x53,0xA5,0x53,0xD2,0x92,0x5A,0x73,0xA4,0xA8,0xB5,
  0x29,0x33,0x54,0xDD,0x35,0xE5,0x80,0x00,0x00,0x00,0x03,0x80,
  0x40,0x80,0x00,0x00,0x00,0x20,0x00,0x00,0xA0,0x51,0x00,0x00,
  0x02,0x85,0x2D,0x78,0x7A,0x1A,0x97,0x41,0x79,0x25,0xFD,0x52,
  0x00,0x00,0x00,0x00,0x00,0x00,0x00,0x00,0x00,0x00,0x00,0x00,
  0x00,0x00,0x00,0x00,0x00,0x00,0x00,0x00,0x00,0x00,0x00,0x00,
  0x00,0x00,0x00,0x00,0x00,0x00,0x00,0x00,0x00,0x00,0x00,0x00,
  0x00,0x00,0x00,0x00,0x00,0x28,0x03,0x55,0x45,0x25,0x66,0xCA,
  0x4A,0xAD,0xAA,0x55,0x6A,0x95,0x2E,0xD5,0x6C,0x6A,0x4B,0x51,
  0xAA,0xAA,0x4A,0xB1,0x4A,0xAC,0xCA,0x52,0x8B,0xFB,0x80,0x00,
  0x00,0x00,0x01,0xC4,0xA0,0x00,0x00,0x00,0x00,0xF8,0x00,0x01,
  0x41,0x92,0x80,0x00,0x01,0x04,0xF2,0x27,0x6D,0xDA,0x7C,0x2F,
  0xCA,0x97,0x15,0x49,0x00,0x00,0x00,0x00,0x00,0x00,0x00,0x00,
  0x00,0x00,0x00,0x00,0x00,0x00,0x00,0x00,0x00,0x00,0x00,0x00,
  0x00,0x00,0x00,0x00,0x00,0x00,0x00,0x00,0x00,0x00,0x00,0x00,
  0x00,0x00,0x00,0x00,0x00,0x00,0x00,0x00,0x00,0x78,0x03,0xD4,
  0xAA,0xAA,0xDA,0xE5,0x2A,0xE7,0x91,0x26,0xAA,0x54,0xB8,0xD6,
  0xAA,0x95,0x55,0x55,0x45,0xC9,0x52,0x5A,0xA8,0xD5,0x51,0x52,
  0x6B,0x9F,0x00,0xC0,0x00,0x00,0x00,0x4D,0x40,0x00,0x00,0x00,
  0x00,0x98,0x00,0x03,0xA4,0x22,0x00,0x00,0x00,0x9B,0x5A,0xAB,
  0x6D,0x2A,0x8A,0xAD,0x34,0xAD,0x5A,0xAA,0x00,0x00,0x00,0x00,
  0x00,0x00,0x00,0x00,0x00,0x00,0x00,0x00,0x00,0x00,0x00,0x00,
  0x00,0x00,0x00,0x00,0x00,0x00,0x00,0x00,0x00,0x00,0x00,0x00,
  0x00,0x00,0x00,0x00,0x00,0x00,0x00,0x00,0x00,0x00,0x00,0x00,
  0x00,0x78,0x03,0x52,0xA9,0x24,0x6D,0x69,0x53,0x5C,0xEA,0x92,
  0xB5,0xAA,0xD7,0xB5,0x29,0x49,0x22,0xAB,0x29,0x2A,0x8A,0x9D,
  0x12,0xA9,0xEA,0xA9,0x24,0xEE,0x1D,0xE8,0x00,0x00,0x01,0xFC,
  0x80,0x00,0x00,0x00,0x00,0xEC,0x00,0x01,0x55,0x30,0xC0,0x00,
  0x01,0x65,0x94,0xBE,0xAA,0x5A,0xBD,0x1B,0xDA,0x47,0x75,0xD3,
  0x00,0x00,0x00,0x00,0x00,0x00,0x00,0x00,0x00,0x00,0x00,0x00,
  0x00,0x00,0x00,0x00,0x00,0x00,0x00,0x00,0x00,0x00,0x00,0x00,
  0x00,0x00,0x00,0x00,0x00,0x00,0x00,0x00,0x00,0x00,0x00,0x00,
  0x00,0x00,0x00,0x00,0x00,0x50,0x01,0x95,0x34,0x95,0x71,0xD4,
  0x88,0xA6,0x74,0xAB,0xAA,0xAA,0x6A,0xAC,0xA4,0xA4,0x99,0x74,
  0x86,0xB2,0x54,0xAC,0xCA,0x45,0x54,0x95,0x53,0xC0,0xBF,0xFE,
  0x00,0x00,0x00,0xAD,0x00,0x00,0x00,0x00,0x00,0x30,0x00,0x00,
  0xD0,0x96,0x40,0x00,0x01,0x90,0x28,0x47,0xF5,0x55,0x5D,0x76,
  0xAA,0xAB,0xD5,0x6C,0x00,0x00,0x00,0x00,0x00,0x00,0x00,0x00,
  0x00,0x00,0x00,0x00,0x00,0x00,0x00,0x00,0x00,0x00,0x00,0x00,
  0x00,0x00,0x00,0x00,0x00,0x00,0x00,0x00,0x00,0x00,0x00,0x00,
  0x00,0x00,0x00,0x00,0x00,0x00,0x00,0x00,0x00,0xF0,0x01,0xD4,
  0xDD,0xD5,0xAB,0x7A,0xAA,0x93,0x2A,0x96,0x36,0xAB,0x96,0xB2,
  0x95,0x2A,0xA5,0x82,0x56,0xAD,0x52,0x9A,0xA9,0xAA,0xB5,0x49,
  0x2B,0x1D,0x6E,0xF4,0x00,0x00,0x00,0xE2,0x00,0x00,0x00,0x00,
  0x00,0x00,0x00,0x00,0x6A,0x21,0x38,0x00,0x00,0xA8,0x06,0x91,
  0xAF,0x2A,0xA6,0xED,0x2D,0x28,0xAA,0xAA,0x00,0x00,0x00,0x00,
  0x00,0x00,0x00,0x00,0x00,0x00,0x00,0x00,0x00,0x00,0x00,0x00,
  0x00,0x00,0x00,0x00,0x00,0x00,0x00,0x00,0x00,0x00,0x00,0x00,
  0x00,0x00,0x00,0x00,0x00,0x00,0x00,0x00,0x00,0x00,0x00,0x00,
  0x00,0xF8,0x01,0xFF,0x6F,0x6D,0x56,0xAA,0x55,0x4B,0xE4,0x55,
  0xB5,0x4C,0xD4,0x8A,0x52,0x92,0x53,0x54,0x09,0x52,0x4A,0x5B,
  0xB6,0x55,0x6A,0x24,0x95,0xFF,0xFB,0xEE,0x00,0x00,0x00,0x11,
  0x80,0x00,0x00,0x00,0x00,0x00,0x00,0x00,0x3A,0x90,0xCC,0x00,
  0x00,0xCE,0x05,0x44,0xF8,0xB5,0x59,0x9F,0xD6,0x96,0xD5,0xD5,
  0x00,0x00,0x00,0x00,0x00,0x00,0x00,0x00,0x00,0x00,0x00,0x00,
  0x00,0x00,0x00,0x00,0x00,0x00,0x00,0x00,0x00,0x00,0x00,0x00,
  0x00,0x00,0x00,0x00,0x00,0x00,0x00,0x00,0x00,0x00,0x00,0x00,
  0x00,0x00,0x00,0x00,0x00,0xEC,0x89,0xF6,0xBA,0xF2,0xDD,0x55,
  0x22,0x55,0xD2,0xA6,0xAB,0x55,0xAA,0xAB,0x49,0x49,0x2E,0x29,
  0x56,0xAA,0xA5,0x59,0x55,0x5D,0xAD,0x55,0x4B,0xF6,0xBF,0x3F,
  0x80,0x00,0x00,0x02,0xC0,0x00,0x00,0x00,0x00,0x00,0x00,0x00,
  0x14,0x50,0x36,0x00,0x00,0xA1,0x82,0xB1,0x25,0x35,0x27,0xBF,
  0x2D,0x49,0xB7,0x52,0x00,0x00,0x00,0x00,0x00,0x00,0x00,0x00,
  0x00,0x00,0x00,0x00,0x00,0x00,0x00,0x00,0x00,0x00,0x00,0x00,
  0x00,0x00,0x00,0x00,0x00,0x00,0x00,0x00,0x00,0x00,0x00,0x00,
  0x00,0x00,0x00,0x00,0x00,0x00,0x00,0x00,0x00,0xE6,0x48,0x4B,
  0xF4,0x6B,0x2A,0xAA,0x95,0x24,0x2A,0x9C,0x6A,0xAB,0x56,0xA7,
  0xAA,0x55,0x4A,0x94,0x25,0x4A,0x52,0x5B,0x75,0x55,0x29,0x29,
  0x24,0x29,0x83,0x0D,0x80,0x00,0x00,0x03,0xC0,0x00,0x00,0x00,
  0x00,0x00,0x00,0x00,0x03,0x08,0x2B,0x80,0x03,0x12,0x80,0x12,
  0x10,0x3A,0xB6,0x6E,0xBA,0x55,0x6E,0x55,0x00,0x00,0x00,0x00,
  0x00,0x00,0x00,0x00,0x00,0x00,0x00,0x00,0x00,0x00,0x00,0x00,
  0x00,0x00,0x00,0x00,0x00,0x00,0x00,0x00,0x00,0x00,0x00,0x00,
  0x00,0x00,0x00,0x00,0x00,0x00,0x00,0x00,0x00,0x00,0x00,0x00,
  0x00,0xEF,0x04,0x15,0x4B,0x35,0xB5,0x69,0x52,0x92,0x92,0x4D,
  0xAA,0xAD,0xAA,0xEC,0xD2,0x92,0xAC,0x92,0x9A,0xAB,0xD5,0x2F,
  0x54,0x95,0xCC,0xA4,0xA9,0x56,0x5F,0x9B,0x80,0x00,0x00,0x02,
  0x80,0x00,0x00,0x00,0x00,0x00,0x00,0x00,0x01,0x60,0x0E,0x40,
  0x03,0xE8,0xE0,0x10,0x82,0xE9,0x5B,0xEC,0xAA,0xA5,0x79,0x2A,
  0x00,0x00,0x00,0x00,0x00,0x00,0x00,0x00,0x00,0x00,0x00,0x00,
  0x00,0x00,0x00,0x00,0x00,0x00,0x00,0x00,0x00,0x00,0x00,0x00,
  0x00,0x00,0x00,0x00,0x00,0x00,0x00,0x00,0x00,0x00,0x00,0x00,
  0x00,0x00,0x00,0x00,0x00,0xB6,0xE8,0x29,0x95,0x5A,0x95,0x95,
  0x29,0x55,0x49,0x5B,0xAA,0xB3,0x5B,0x9A,0xC9,0x4A,0x2A,0x4A,
  0xC9,0x5A,0xA8,0xAE,0xB6,0xAA,0xB5,0x52,0x95,0x49,0xE5,0xDB,
  0x80,0x00,0x00,0x17,0x80,0x00,0x00,0x00,0x00,0x00,0x00,0x00,
  0x00,0x80,0x01,0x50,0x00,0x0C,0x18,0x9A,0x51,0x35,0x0E,0x91,
  0x5A,0x57,0xC2,0xA8,0x00,0x00,0x00,0x00,0x00,0x00,0x00,0x00,
  0x00,0x00,0x00,0x00,0x00,0x00,0x00,0x00,0x00,0x00,0x00,0x00,
  0x00,0x00,0x00,0x00,0x00,0x00,0x00,0x00,0x00,0x00,0x00,0x00,
  0x00,0x00,0x00,0x00,0x00,0x00,0x00,0x00,0x01,0xD9,0xF0,0x2A,
  0xD5,0x3B,0xAA,0xAA,0x94,0x92,0x55,0x2E,0xA5,0x54,0xAA,0xD2,
  0xD4,0xA9,0x59,0x24,0x2D,0x51,0x65,0x42,0xAD,0x4B,0x54,0x8A,
  0x52,0x54,0xFB,0xD9,0x80,0x00,0x00,0x35,0x00,0x00,0x00,0x00,
  0x00,0x0E,0x00,0x00,0x00,0x06,0x00,0x9A,0x00,0x06,0x4A,0x45,
  0x04,0xEC,0xBD,0x44,0x39,0x14,0x2A,0x95,0x00,0x00,0x00,0x00,
  0x00,0x00,0x00,0x00,0x00,0x00,0x00,0x00,0x00,0x00,0x00,0x00,
  0x00,0x00,0x00,0x00,0x00,0x00,0x00,0x00,0x00,0x00,0x00,0x00,
  0x00,0x00,0x00,0x00,0x00,0x00,0x00,0x00,0x00,0x00,0x00,0x00,
  0x01,0xE4,0xF0,0x53,0x2A,0x6E,0x6D,0x7C,0x4A,0x49,0x2A,0xB9,
  0xB5,0x31,0xA5,0x2D,0xA5,0x25,0xF4,0x92,0xAB,0x64,0xB5,0x2A,
  0x7A,0xA8,0xF2,0x55,0x49,0x23,0xBC,0xF6,0xC0,0x00,0x00,0x5A,
  0x00,0x00,0x00,0x00,0x00,0x1F,0x68,0x00,0x00,0x0B,0x00,0x46,
  0x80,0x03,0x04,0xA8,0xA5,0xAA,0x52,0x12,0xED,0x5D,0x47,0x4B,
  0x00,0x00,0x00,0x00,0x00,0x00,0x00,0x00,0x00,0x00,0x00,0x00,
  0x00,0x00,0x00,0x00,0x00,0x00,0x00,0x00,0x00,0x00,0x00,0x00,
  0x00,0x00,0x00,0x00,0x00,0x00,0x00,0x00,0x00,0x00,0x00,0x00,
  0x00,0x00,0x00,0x00,0x01,0xCF,0x60,0x01,0x28,0xD5,0x95,0xEF,
  0x52,0xAA,0xA9,0x1F,0x55,0x54,0x9A,0xA3,0x55,0x55,0x92,0x49,
  0x28,0x95,0x52,0xA9,0x25,0x4B,0x1F,0x52,0x55,0x55,0xCF,0x59,
  0x80,0x00,0x00,0x34,0x00,0x00,0x00,0x00,0x00,0x0E,0x55,0xC0,
  0x00,0x06,0x80,0x29,0x00,0x01,0x55,0x64,0x47,0x95,0x64,0x49,
  0xF5,0x4C,0x99,0x2A,0x00,0x00,0x00,0x00,0x00,0x00,0x00,0x00,
  0x00,0x00,0x00,0x00,0x00,0x00,0x00,0x00,0x00,0x00,0x00,0x00,
  0x00,0x00,0x00,0x00,0x00,0x00,0x00,0x00,0x00,0x00,0x00,0x00,
  0x00,0x00,0x00,0x00,0x00,0x00,0x00,0x00,0x01,0x51,0x40,0x01,
  0x55,0x6F,0x6D,0x93,0x29,0x25,0x24,0xCC,0xAA,0xB3,0x55,0x2D,
  0x4A,0xA7,0x49,0x24,0xBF,0x4A,0xA9,0x55,0x52,0xAA,0xFF,0xA9,
  0x49,0x28,0xF7,0x77,0x80,0x00,0x00,0x88,0x00,0x00,0x00,0x00,
  0x00,0x06,0x85,0x00,0x00,0x02,0x00,0x26,0x00,0x00,0x89,0xF5,
  0x7E,0xAA,0xCB,0x87,0x5E,0x56,0x3B,0x4A,0x00,0x00,0x00,0x00,
  0x00,0x00,0x00,0x00,0x00,0x00,0x00,0x00,0x00,0x00,0x00,0x00,
  0x00,0x00,0x00,0x00,0x00,0x00,0x00,0x00,0x00,0x00,0x00,0x00,
  0x00,0x00,0x00,0x00,0x00,0x00,0x00,0x00,0x00,0x00,0x00,0x00,
  0x03,0xC6,0x00,0x21,0xA8,0x3A,0x5D,0x6B,0xA5,0x54,0x95,0x25,
  0x29,0x65,0x5A,0x92,0xAA,0x92,0x2A,0xA2,0x63,0x51,0xAE,0xFA,
  0x89,0x6A,0xB9,0x95,0x25,0x47,0x7B,0x5F,0xE0,0x00,0x01,0x60,
  0x00,0x00,0x00,0x00,0x40,0x00,0x62,0x40,0x00,0x00,0x20,0x28,
  0x00,0x00,0x82,0xD9,0x96,0xAE,0xAE,0xF6,0x55,0x4C,0xED,0x6E,
  0x00,0x00,0x00,0x00,0x00,0x00,0x00,0x00,0x00,0x00,0x00,0x00,
  0x00,0x00,0x00,0x00,0x00,0x00,0x00,0x00,0x00,0x00,0x00,0x00,
  0x00,0x00,0x00,0x00,0x00,0x00,0x00,0x00,0x00,0x00,0x00,0x00,
  0x00,0x00,0x00,0x00,0x03,0xA2,0x40,0x00,0xD3,0x57,0xB8,0xFD,
  0x54,0x92,0xA9,0x52,0x95,0xAC,0x88,0x4B,0x4A,0xD7,0x24,0x94,
  0xA9,0xCA,0xAB,0x95,0x55,0x2D,0x5A,0xE2,0xAA,0x6E,0x99,0xAB,
  0x60,0x00,0x02,0xA0,0x00,0x00,0x00,0x04,0x80,0x00,0x2C,0xB4,
  0x00,0x00,0x58,0x18,0x80,0x01,0x51,0x44,0xF7,0x65,0xDB,0xA5,
  0xDE,0xBB,0xD5,0xDB,0x00,0x00,0x00,0x00,0x00,0x00,0x00,0x00,
  0x00,0x00,0x00,0x00,0x00,0x00,0x00,0x00,0x00,0x00,0x00,0x00,
  0x00,0x00,0x00,0x00,0x00,0x00,0x00,0x00,0x00,0x00,0x00,0x00,
  0x00,0x00,0x00,0x00,0x00,0x00,0x00,0x00,0x03,0x4B,0x00,0x30,
  0xCC,0x8D,0x6E,0xCF,0x4A,0x4A,0x45,0x29,0x48,0xEA,0xF6,0xA4,
  0xBA,0x95,0x69,0x52,0xAA,0x74,0xA5,0x6E,0x29,0x55,0x36,0xEA,
  0x49,0x5F,0x71,0xF5,0x70,0x00,0x01,0x40,0x00,0x00,0x00,0x15,
  0x60,0x00,0x2A,0xD5,0x00,0x00,0x38,0x00,0xA0,0x00,0xE8,0xA9,
  0xC3,0x2A,0xFE,0xFC,0xBA,0x97,0x25,0xA6,0x00,0x00,0x00,0x00,
  0x00,0x00,0x00,0x00,0x00,0x00,0x00,0x00,0x00,0x00,0x00,0x00,
  0x00,0x00,0x00,0x00,0x00,0x00,0x00,0x00,0x00,0x00,0x00,0x00,
  0x00,0x00,0x00,0x00,0x00,0x00,0x00,0x00,0x00,0x00,0x00,0x00,
  0x07,0xA1,0x00,0xD1,0xA5,0x66,0xBE,0xA2,0xA5,0x55,0x34,0x94,
  0xA6,0x3B,0x36,0x49,0x4A,0xA5,0xD6,0x48,0xB5,0x5A,0x9A,0xB3,
  0x4A,0x52,0xEE,0xB5,0x25,0x65,0xF3,0x9F,0xB0,0x18,0x01,0xC0,
  0x00,0x00,0x00,0x50,0x00,0x00,0x53,0x5A,0x80,0x00,0x0C,0x01,
  0x60,0x00,0x15,0xCA,0xA3,0xA7,0x69,0xEB,0xDB,0x58,0x92,0x53,
  0x00,0x00,0x00,0x00,0x00,0x00,0x00,0x00,0x00,0x00,0x00,0x00,
  0x00,0x00,0x00,0x00,0x00,0x00,0x00,0x00,0x00,0x00,0x00,0x00,
  0x00,0x00,0x00,0x00,0x00,0x00,0x00,0x00,0x00,0x00,0x00,0x00,
  0x00,0x00,0x00,0x00,0x07,0x29,0xD3,0x5D,0x12,0x81,0xE3,0x95,
  0x52,0x48,0x8A,0xA5,0x29,0x55,0x4A,0xA4,0x25,0x2A,0xB5,0xA5,
  0x29,0x26,0xD1,0xDB,0xA5,0x29,0x3B,0x68,0xAA,0x7F,0xB1,0xEA,
  0xF0,0x3C,0x02,0x80,0x00,0x00,0x00,0x82,0x50,0x00,0x10,0x04,
  0x80,0x00,0x04,0x01,0x20,0x02,0x30,0xA0,0x6D,0xEB,0x27,0x95,
  0x2B,0x26,0xA9,0x29,0x00,0x00,0x00,0x00,0x00,0x00,0x00,0x00,
  0x00,0x00,0x00,0x00,0x00,0x00,0x00,0x00,0x00,0x00,0x00,0x00,
  0x00,0x00,0x00,0x00,0x00,0x00,0x00,0x00,0x00,0x00,0x00,0x00,
  0x00,0x00,0x00,0x00,0x00,0x00,0x00,0x00,0x05,0x56,0xB2,0x05,
  0x4A,0x55,0x95,0x55,0x49,0x25,0x64,0x94,0x94,0x94,0xA3,0x12,
  0xAA,0x91,0x4A,0x94,0xEA,0xAA,0x94,0xA8,0xD2,0x94,0x95,0xDE,
  0x99,0x06,0xF9,0x95,0xB0,0x38,0x04,0x00,0x00,0x00,0x00,0x90,
  0x20,0x00,0x00,0x02,0x60,0x00,0x04,0x00,0x98,0x06,0x25,0x0D,
  0x57,0x16,0x9E,0xD5,0xDB,0xA9,0x25,0x45,0x00,0x00,0x00,0x00,
  0x00,0x00,0x00,0x00,0x00,0x00,0x00,0x00,0x00,0x00,0x00,0x00,
  0x00,0x00,0x00,0x00,0x00,0x00,0x00,0x00,0x00,0x00,0x00,0x00,
  0x00,0x00,0x00,0x00,0x00,0x00,0x00,0x00,0x00,0x00,0x00,0x00,
  0x07,0x51,0x5D,0x40,0x0A,0x01,0xD2,0x49,0x2A,0xAA,0x92,0x52,
  0xA2,0xA5,0x15,0x49,0x15,0x4A,0x2A,0xF2,0x29,0x2E,0xA3,0xAB,
  0xA9,0x4A,0x52,0xE6,0x55,0x69,0x1F,0xBB,0x78,0x3D,0x8A,0x00,
  0x00,0x00,0x00,0x85,0x40,0x00,0x00,0x01,0x20,0x00,0x00,0x00,
  0xD0,0x0D,0xA1,0x51,0x9B,0xFD,0x69,0xB5,0xA9,0x4A,0x94,0xAA,
  0x00,0x00,0x00,0x00,0x00,0x00,0x00,0x00,0x00,0x00,0x00,0x00,
  0x00,0x00,0x00,0x00,0x00,0x00,0x00,0x00,0x00,0x00,0x00,0x00,
  0x00,0x00,0x00,0x00,0x00,0x00,0x00,0x00,0x00,0x00,0x00,0x00,
  0x00,0x00,0x00,0x00,0x03,0xA3,0xA0,0x2A,0xA8,0x92,0xA9,0x25,
  0x54,0x92,0x4A,0xAA,0x55,0x52,0xA9,0x54,0xA5,0x55,0x52,0x2D,
  0xF5,0x56,0x5E,0xB7,0x4A,0x52,0xA9,0x33,0x5C,0x94,0xAF,0x7A,
  0x98,0x1B,0x9C,0x00,0x00,0x00,0x08,0x90,0x80,0x00,0x00,0x02,
  0x20,0x00,0x00,0x00,0x60,0x0A,0xDD,0x6C,0x43,0xD7,0x97,0x57,
  0x15,0x64,0x52,0x52,0x00,0x00,0x00,0x00,0x00,0x00,0x00,0x00,
  0x00,0x00,0x00,0x00,0x00,0x00,0x00,0x00,0x00,0x00,0x00,0x00,
  0x00,0x00,0x00,0x00,0x00,0x00,0x00,0x00,0x00,0x00,0x00,0x00,
  0x00,0x00,0x00,0x00,0x00,0x00,0x00,0x00,0x03,0xB7,0x05,0x40,
  0x0A,0x09,0x75,0x54,0x8A,0x55,0x29,0x15,0x29,0x2A,0x55,0x4A,
  0x52,0xA4,0x95,0x7F,0x8A,0x4A,0x8A,0x75,0xF5,0x29,0x25,0x5B,
  0x55,0x4A,0x96,0x9A,0xBC,0x13,0xE8,0x00,0x00,0x00,0x0C,0x42,
  0x40,0x00,0x00,0x01,0x90,0x00,0x00,0x00,0x00,0x0C,0x62,0x51,
  0x1C,0x3B,0x6E,0x6A,0xC3,0x2B,0xAA,0x89,0x00,0x00,0x00,0x00,
  0x00,0x00,0x00,0x00,0x00,0x00,0x00,0x00,0x00,0x00,0x00,0x00,
  0x00,0x00,0x00,0x00,0x00,0x00,0x00,0x00,0x00,0x00,0x00,0x00,
  0x00,0x00,0x00,0x00,0x00,0x00,0x00,0x00,0x00,0x00,0x00,0x00,
  0x01,0xE3,0x60,0x14,0xA0,0xA2,0x54,0x92,0x62,0xA4,0xA5,0x49,
  0x45,0x49,0x45,0x21,0x2A,0x92,0xA4,0xB6,0xA9,0x7A,0x5B,0x6E,
  0xD8,0xA4,0x94,0x91,0xCA,0xA4,0x49,0x4A,0x58,0x07,0xA0,0x00,
  0x00,0x00,0x14,0x89,0x00,0x00,0xC0,0x00,0x00,0x00,0x00,0x00,
  0x00,0x05,0x31,0xA4,0x93,0x3F,0x5C,0xD6,0x2A,0xBE,0xE5,0x54,
  0x00,0x00,0x00,0x00,0x00,0x00,0x00,0x00,0x00,0x00,0x00,0x00,
  0x00,0x00,0x00,0x00,0x00,0x00,0x00,0x00,0x00,0x00,0x00,0x00,
  0x00,0x00,0x00,0x00,0x00,0x00,0x00,0x00,0x00,0x00,0x00,0x00,
  0x00,0x00,0x00,0x00,0x01,0x41,0xD5,0x40,0x16,0x08,0x72,0x55,
  0x19,0x2A,0x94,0xA4,0xAA,0xA5,0x29,0xAD,0x45,0x55,0x2A,0x7D,
  0x54,0xD4,0x8D,0xAA,0xB5,0x55,0x52,0x59,0x6B,0x92,0xA5,0x52,
  0x98,0x07,0x90,0x00,0x00,0x00,0x08,0x40,0x80,0x01,0xE0,0x05,
  0x50,0x00,0x00,0x00,0x02,0x06,0x0D,0x02,0x95,0xE5,0xB1,0x6E,
  0x86,0x9B,0x74,0x52,0x00,0x00,0x00,0x00,0x00,0x00,0x00,0x00,
  0x00,0x00,0x00,0x00,0x00,0x00,0x00,0x00,0x00,0x00,0x00,0x00,
  0x00,0x00,0x00,0x00,0x00,0x00,0x00,0x00,0x00,0x00,0x00,0x00,
  0x00,0x00,0x00,0x00,0x00,0x00,0x00,0x00,0x01,0xFC,0x20,0x12,
  0xA7,0xA2,0xAA,0xA4,0xC5,0x49,0x52,0x95,0x28,0x94,0xA5,0x51,
  0x29,0x49,0x49,0x34,0x8A,0xA2,0x32,0x29,0x75,0x12,0x4A,0xAA,
  0xB7,0xAA,0xAA,0x29,0x5C,0x07,0x80,0x00,0x10,0x00,0x02,0x90,
  0x80,0x00,0x40,0x00,0x40,0x00,0x00,0x00,0x0A,0x02,0xA5,0x28,
  0x55,0x46,0xDD,0xDA,0xAE,0xB0,0x1D,0x4A,0x00,0x00,0x00,0x00,
  0x00,0x00,0x00,0x00,0x00,0x00,0x00,0x00,0x00,0x00,0x00,0x00,
  0x00,0x00,0x00,0x00,0x00,0x00,0x00,0x00,0x00,0x00,0x00,0x00,
  0x00,0x00,0x00,0x00,0x00,0x00,0x00,0x00,0x00,0x00,0x00,0x00,
  0x01,0xD4,0x2A,0x84,0x16,0xE4,0xB5,0x12,0x34,0xA4,0x4A,0x52,
  0x95,0x52,0x94,0xA4,0x92,0xAA,0x55,0x4A,0x52,0xD4,0xBD,0x54,
  0xD2,0xA9,0x54,0x98,0xDF,0x24,0x91,0x55,0x2E,0x07,0x00,0x00,
  0x1C,0x00,0x04,0x44,0x80,0x00,0x00,0x01,0x00,0x00,0x00,0x00,
  0x09,0x81,0x08,0x82,0xAA,0xB2,0xDD,0x3A,0xA5,0x6F,0xAF,0xE9,
  0x00,0x00,0x00,0x00,0x00,0x00,0x00,0x00,0x00,0x00,0x00,0x00,
  0x00,0x00,0x00,0x00,0x00,0x00,0x00,0x00,0x00,0x00,0x00,0x00,
  0x00,0x00,0x00,0x00,0x00,0x00,0x00,0x00,0x00,0x00,0x00,0x00,
  0x00,0x00,0x00,0x00,0x00,0xD8,0x50,0x51,0x2D,0x70,0x32,0xAA,
  0x8A,0x55,0x29,0x4A,0x54,0x8A,0x52,0xBA,0x49,0x52,0x92,0x52,
  0xA9,0x71,0x2A,0xA2,0xA9,0x25,0x22,0x5A,0xAA,0x95,0x4D,0x48,
  0xAC,0x05,0x80,0x10,0x1F,0x00,0x09,0x02,0x80,0x00,0x00,0x00,
  0x00,0x00,0x00,0x00,0x34,0x83,0x42,0x28,0x05,0xB9,0xC7,0x6A,
  0xDD,0xAD,0x6B,0x34,0x00,0x00,0x00,0x00,0x00,0x00,0x00,0x00,
  0x00,0x00,0x00,0x00,0x00,0x00,0x00,0x00,0x00,0x00,0x00,0x00,
  0x00,0x00,0x00,0x00,0x00,0x00,0x00,0x00,0x00,0x00,0x00,0x00,
  0x00,0x00,0x00,0x00,0x00,0x00,0x00,0x00,0x00,0xA0,0x44,0x08,
  0x06,0xB7,0x5A,0x55,0x65,0x25,0x55,0x29,0x55,0x55,0x4A,0x49,
  0x55,0x49,0x69,0x29,0x25,0x64,0xAA,0xB1,0xAA,0x94,0x9A,0xAD,
  0x6E,0xBA,0x22,0x55,0x4E,0x0E,0x80,0x7D,0x0F,0x80,0x04,0x49,
  0x00,0x00,0x00,0x00,0x00,0x00,0x00,0x00,0x11,0x41,0x28,0x82,
  0xAB,0x36,0xD6,0xC0,0x0B,0x16,0xF0,0xCA,0x00,0x00,0x00,0x00,
  0x00,0x00,0x00,0x00,0x00,0x00,0x00,0x00,0x00,0x00,0x00,0x00,
  0x00,0x00,0x00,0x00,0x00,0x00,0x00,0x00,0x00,0x00,0x00,0x00,
  0x00,0x00,0x00,0x00,0x00,0x00,0x00,0x00,0x00,0x00,0x00,0x00,
  0x00,0xE0,0x51,0x45,0x56,0x5F,0x19,0x22,0x12,0x92,0x44,0xA5,
  0x2A,0x48,0xA9,0x2A,0x8A,0xAA,0xF5,0x4A,0x97,0xD2,0xAA,0xD5,
  0x5E,0x52,0xA4,0x9A,0x31,0x6D,0xAA,0xBA,0xF7,0x0A,0x41,0x4F,
  0xC6,0xC0,0x03,0x04,0x00,0x3B,0x00,0x00,0x00,0x00,0x00,0x00,
  0x60,0xEE,0x82,0x28,0x12,0x3D,0x51,0xAF,0xBC,0xA3,0x5B,0xA5,
  0x00,0x00,0x00,0x00,0x00,0x00,0x00,0x00,0x00,0x00,0x00,0x00,
  0x00,0x00,0x00,0x00,0x00,0x00,0x00,0x00,0x00,0x00,0x00,0x00,
  0x00,0x00,0x00,0x00,0x00,0x00,0x00,0x00,0x00,0x00,0x00,0x00,
  0x00,0x00,0x00,0x00,0x01,0xE0,0x28,0x30,0x06,0xA9,0xDE,0x95,
  0x54,0xA9,0x52,0x94,0xA5,0x25,0x25,0x4D,0x55,0x53,0x9A,0xA4,
  0xAA,0x45,0x2A,0xA1,0x8F,0xAA,0x52,0x55,0x56,0xB6,0x54,0xAF,
  0xFF,0x17,0x06,0x7D,0xF0,0xF0,0x00,0x50,0x00,0x7B,0x00,0x00,
  0x0C,0x00,0x00,0x00,0x14,0x32,0x28,0x82,0xA5,0x33,0xAA,0x52,
  0x5B,0x6E,0xD7,0x52,0x00,0x00,0x00,0x00,0x00,0x00,0x00,0x00,
  0x00,0x00,0x00,0x00,0x00,0x00,0x00,0x00,0x00,0x00,0x00,0x00,
  0x00,0x00,0x00,0x00,0x00,0x00,0x00,0x00,0x00,0x00,0x00,0x00,
  0x00,0x00,0x00,0x00,0x00,0x00,0x00,0x00,0x01,0xE6,0x15,0x75,
  0x56,0x4A,0xE6,0x52,0xAA,0x4A,0x95,0x52,0x91,0x55,0x54,0xA3,
  0x4A,0xAE,0x4C,0x52,0x4B,0xD2,0x95,0x6A,0xBA,0x89,0x4A,0xAC,
  0x3D,0x4D,0x4A,0x6B,0x8F,0x9A,0x02,0x53,0x7F,0x5C,0x00,0x44,
  0x00,0xFB,0x00,0x00,0x08,0x00,0x00,0x00,0x25,0x08,0x82,0x28,
  0x02,0x9A,0xA5,0x6D,0xAA,0xAF,0xAD,0x59,0x00,0x00,0x00,0x00,
  0x00,0x00,0x00,0x00,0x00,0x00,0x00,0x00,0x00,0x00,0x00,0x00,
  0x00,0x00,0x00,0x00,0x00,0x00,0x00,0x00,0x00,0x00,0x00,0x00,
  0x00,0x00,0x00,0x00,0x00,0x00,0x00,0x00,0x00,0x00,0x00,0x00,
  0x01,0xCA,0x29,0x88,0x0D,0x2A,0xBD,0x49,0x25,0x29,0x52,0x2A,
  0x55,0x29,0x12,0x99,0x74,0xAD,0x2D,0x2A,0xA5,0xC7,0x4A,0xA1,
  0x96,0xA6,0xA9,0x56,0xAB,0xAD,0x22,0xE9,0xEF,0xBC,0x0C,0x3D,
  0x5D,0xFE,0x00,0x20,0xA0,0x58,0x00,0x00,0x04,0x00,0x00,0x00,
  0x28,0x42,0x50,0x85,0x51,0x75,0xD2,0xD3,0x74,0xD6,0x1A,0xAA,
  0x00,0x00,0x00,0x00,0x00,0x00,0x00,0x00,0x00,0x00,0x00,0x00,
  0x00,0x00,0x00,0x00,0x00,0x00,0x00,0x00,0x00,0x00,0x00,0x00,
  0x00,0x00,0x00,0x00,0x00,0x00,0x00,0x00,0x00,0x00,0x00,0x00,
  0x00,0x00,0x00,0x00,0x01,0x47,0x26,0x86,0xA6,0xA4,0x99,0x2A,
  0x92,0xA4,0x89,0x49,0x4A,0x94,0xAA,0x44,0xAA,0x58,0x9A,0x92,
  0x52,0x9D,0xA2,0x89,0xBD,0xEF,0x44,0x93,0x25,0x4A,0xEA,0xE4,
  0xFC,0xE9,0x18,0x1E,0xA7,0x5F,0x00,0x2B,0x50,0x85,0xC0,0x00,
  0x00,0x00,0x00,0x00,0x35,0x11,0x24,0x20,0x4A,0x6A,0x54,0xC7,
  0x96,0xE8,0xBA,0xA9,0x00,0x00,0x00,0x00,0x00,0x00,0x00,0x00,
  0x00,0x00,0x00,0x00,0x00,0x00,0x00,0x00,0x00,0x00,0x00,0x00,
  0x00,0x00,0x00,0x00,0x00,0x00,0x00,0x00,0x00,0x00,0x00,0x00,
  0x00,0x00,0x00,0x00,0x00,0x00,0x00,0x00,0x01,0xC0,0x12,0x48,
  0x07,0x2A,0x45,0x54,0xA9,0x2A,0x55,0x55,0x28,0xA2,0x91,0x55,
  0x2A,0xB2,0x32,0x49,0x29,0xDD,0x15,0x63,0x6F,0x7D,0xAA,0x4B,
  0x6A,0xEA,0xF4,0x6A,0x57,0xBB,0x98,0x47,0x7D,0x33,0x80,0x00,
  0x90,0x70,0x52,0x00,0x00,0x00,0x00,0x00,0x0C,0x8A,0x42,0x8A,
  0xA0,0xB5,0xEA,0xDD,0x52,0xC5,0xEA,0xA6,0x00,0x00,0x00,0x00,
  0x00,0x00,0x00,0x00,0x00,0x00,0x00,0x00,0x00,0x00,0x00,0x00,
  0x00,0x00,0x00,0x00,0x00,0x00,0x00,0x00,0x00,0x00,0x00,0x00,
  0x00,0x00,0x00,0x00,0x00,0x00,0x00,0x00,0x00,0x00,0x00,0x00,
  0x01,0x40,0x01,0x22,0x96,0x91,0x54,0x92,0x4A,0x92,0xAA,0x4A,
  0xA5,0x2A,0x4D,0x2A,0xA9,0x49,0x59,0x55,0x4A,0xB3,0x53,0x6B,
  0x5A,0x13,0xA9,0x55,0x53,0x35,0x32,0xB5,0x29,0xD7,0xA0,0x09,
  0xAC,0x69,0xE0,0x20,0x50,0x09,0x29,0x00,0x00,0x00,0x00,0x00,
  0x1A,0x40,0x14,0x21,0x4A,0x52,0x32,0x6B,0x6D,0x12,0x2A,0xBA,
};
