// AUTO-GENERATED by tools/build_branded_art.py -- do not edit.
// 1bpp branded airline liveries for the plane box, by ICAO prefix.
#pragma once
#include <stdint.h>
#include <pgmspace.h>

struct BrandedArt { const char* code; uint16_t w, h; const uint8_t* bits; };  // 1=black

static const uint8_t branded_aal[] PROGMEM = {
  0x00,0x00,0x00,0x00,0x00,0x00,0x00,0x00,0x00,0x00,0x00,0x00,
  0x00,0x00,0x00,0x00,0x00,0x00,0x00,0x00,0x00,0x00,0x00,0x00,
  0x00,0x00,0x00,0x00,0x00,0x00,0x00,0x00,0x00,0x00,0x00,0x00,
  0x00,0x00,0x00,0x00,0x00,0x00,0x00,0x00,0x00,0x00,0x00,0x00,
  0x00,0x00,0x00,0x00,0x00,0x00,0x00,0x00,0x00,0x00,0x00,0x00,
  0x00,0x00,0x00,0x00,0x00,0x00,0x00,0x00,0x00,0x00,0x00,0x00,
  0x00,0x00,0x00,0x00,0x12,0x49,0x24,0x92,0x49,0x24,0x92,0x49,
  0x24,0x92,0x49,0x24,0x92,0x49,0x24,0x92,0x49,0x24,0x92,0x49,
  0x24,0x92,0x49,0x24,0x92,0x49,0x24,0x92,0x49,0x24,0x92,0x49,
  0x24,0x92,0x49,0x24,0x92,0x40,0x00,0x00,0x00,0x00,0x00,0x00,
  0x00,0x00,0x00,0x00,0x00,0x00,0x00,0x00,0x00,0x00,0x00,0x00,
  0x00,0x00,0x00,0x00,0x00,0x00,0x00,0x00,0x00,0x00,0x00,0x00,
  0x00,0x00,0x00,0x00,0x00,0x00,0x00,0x00,0x20,0x00,0x00,0x00,
  0x00,0x00,0x00,0x00,0x00,0x00,0x00,0x00,0x00,0x00,0x00,0x00,
  0x00,0x00,0x00,0x00,0x00,0x00,0x00,0x00,0x00,0x00,0x00,0x00,
  0x00,0x00,0x00,0x00,0x00,0x00,0x00,0x00,0x00,0x00,0x04,0x92,
  0x49,0x24,0x92,0x49,0x24,0x92,0x49,0x24,0x92,0x49,0x24,0x92,
  0x49,0x24,0x92,0x49,0x24,0x92,0x49,0x24,0x92,0x49,0x24,0x92,
  0x49,0x24,0x92,0x49,0x24,0x92,0x49,0x24,0x92,0x49,0x24,0x80,
  0x00,0x00,0x00,0x00,0x00,0x00,0x00,0x00,0x00,0x00,0x00,0x00,
  0x00,0x00,0x00,0x00,0x00,0x00,0x00,0x00,0x00,0x00,0x00,0x00,
  0x00,0x00,0x00,0x00,0x00,0x00,0x00,0x00,0x00,0x00,0x00,0x00,
  0x00,0x00,0x20,0x41,0x04,0x10,0x41,0x04,0x42,0x08,0x21,0x10,
  0x41,0x04,0x10,0x41,0x04,0x02,0x00,0x00,0x00,0x00,0x20,0x10,
  0x08,0x04,0x10,0x41,0x04,0x10,0x41,0x04,0x10,0x41,0x04,0x02,
  0x01,0x04,0x08,0x00,0x04,0x08,0x20,0x82,0x08,0x20,0x08,0x41,
  0x04,0x02,0x08,0x20,0x82,0x08,0x20,0x90,0x49,0x24,0x92,0x49,
  0x04,0x82,0x41,0x20,0x82,0x08,0x20,0x82,0x08,0x20,0x82,0x08,
  0x20,0x90,0x48,0x20,0x81,0x00,0x10,0x80,0x00,0x00,0x00,0x01,
  0x00,0x00,0x00,0x20,0x00,0x00,0x00,0x00,0x00,0x00,0x00,0x00,
  0x00,0x00,0x00,0x00,0x00,0x00,0x00,0x00,0x00,0x00,0x00,0x00,
  0x00,0x00,0x00,0x00,0x00,0x00,0x10,0x20,0x00,0x02,0x12,0x21,
  0x22,0x10,0x20,0x24,0x40,0x80,0x84,0x88,0x48,0x42,0x08,0x04,
  0x04,0x10,0x00,0x04,0x40,0x20,0x24,0x08,0x20,0x82,0x12,0x21,
  0x22,0x08,0x20,0x82,0x08,0x09,0x04,0x88,0x40,0x00,0x22,0x20,
  0x40,0x04,0x00,0x42,0x02,0x00,0x08,0x04,0x10,0x01,0x01,0x08,
  0x41,0x20,0x90,0x82,0x49,0x20,0x09,0x04,0x80,0x41,0x04,0x10,
  0x40,0x04,0x00,0x41,0x04,0x10,0x41,0x20,0x20,0x01,0x02,0x40,
  0x00,0x04,0x00,0x80,0x08,0x00,0x08,0x41,0x02,0x10,0x00,0x20,
  0x00,0x00,0x00,0x00,0x00,0x00,0x00,0x01,0x00,0x00,0x01,0x00,
  0x00,0x00,0x00,0x80,0x08,0x04,0x00,0x01,0x00,0x00,0x00,0x20,
  0x00,0x00,0x00,0x80,0x08,0x10,0x81,0x08,0x80,0x08,0x20,0x00,
  0x82,0x04,0x10,0x00,0x08,0x08,0x40,0x10,0x00,0x08,0x00,0x42,
  0x08,0x08,0x41,0x09,0x08,0x10,0x41,0x10,0x22,0x44,0x08,0x84,
  0x89,0x04,0x10,0x00,0x24,0x11,0x20,0x02,0x04,0x20,0x11,0x00,
  0x00,0x82,0x10,0x00,0x42,0x49,0x21,0x21,0x04,0x81,0x24,0x80,
  0x24,0x08,0x20,0x01,0x08,0x20,0x00,0x01,0x00,0x00,0x80,0x00,
  0x20,0x10,0x00,0x00,0x82,0x40,0x00,0x00,0x02,0x40,0x20,0x00,
  0x40,0x21,0x08,0x10,0x00,0x90,0x00,0x00,0x00,0x00,0x00,0x04,
  0x00,0x10,0x80,0x00,0x00,0x80,0x00,0x00,0x42,0x44,0x08,0x40,
  0x08,0x10,0x02,0x00,0x20,0x40,0x00,0x00,0x08,0x84,0x00,0x08,
  0x00,0x84,0x00,0x04,0x20,0x40,0x02,0x01,0x00,0x00,0x00,0x00,
  0x10,0x10,0x00,0x00,0x01,0x20,0x82,0x10,0x02,0x02,0x08,0x00,
  0x01,0x04,0x01,0x01,0x00,0x42,0x04,0x09,0x11,0x00,0x20,0x10,
  0x90,0x20,0x88,0x00,0x84,0x80,0x02,0x01,0x20,0x00,0x12,0x44,
  0x44,0x89,0x01,0x00,0x49,0x04,0x08,0x02,0x08,0x02,0x48,0x48,
  0x00,0x00,0x40,0x00,0x80,0x24,0x24,0x00,0x00,0x80,0x00,0x00,
  0x01,0x00,0x02,0x02,0x00,0x22,0x00,0x00,0x80,0x04,0x00,0x24,
  0x00,0x00,0x00,0x00,0x00,0x00,0x00,0x20,0x40,0x08,0x00,0x00,
  0x00,0x00,0x20,0x92,0x08,0x20,0x12,0x00,0x00,0x10,0x90,0x04,
  0x44,0x00,0x04,0x02,0x08,0x40,0x02,0x00,0x10,0x24,0x08,0x20,
  0x09,0x00,0x40,0x10,0x10,0x20,0x44,0x44,0x00,0x01,0x00,0x80,
  0x20,0x48,0x00,0x00,0x82,0x00,0x01,0x04,0x00,0x00,0x81,0x02,
  0x02,0x20,0x00,0x80,0x20,0x20,0x40,0x00,0x48,0x44,0x02,0x00,
  0x00,0x80,0x40,0x00,0x09,0x01,0x01,0x01,0x00,0x00,0x88,0x80,
  0x04,0x00,0x81,0x00,0x89,0x22,0x00,0x00,0x40,0x00,0x80,0x90,
  0x10,0x20,0x08,0x01,0x10,0x00,0x00,0x84,0x01,0x09,0x00,0x00,
  0x40,0x00,0x80,0x01,0x00,0x11,0x00,0x00,0x00,0x04,0x00,0x10,
  0x00,0x08,0x10,0x10,0x04,0x00,0x00,0x00,0x08,0x24,0x08,0x20,
  0x12,0x02,0x00,0x80,0x40,0x44,0x02,0x00,0x08,0x00,0x10,0x20,
  0x01,0x10,0x00,0x92,0x12,0x08,0x04,0x40,0x00,0x24,0x44,0x00,
  0x02,0x40,0x00,0x00,0x00,0x02,0x00,0x08,0x20,0x00,0x00,0x80,
  0x00,0x82,0x00,0x00,0x04,0x04,0x01,0x00,0x00,0x40,0x20,0x11,
  0x00,0x00,0x24,0x01,0x12,0x00,0x00,0x20,0x10,0x00,0x22,0x00,
  0x00,0x00,0x08,0x02,0x20,0x20,0x00,0x40,0x00,0x21,0x01,0x12,
  0x20,0x00,0x82,0x00,0x00,0x20,0x90,0x10,0x88,0x08,0x90,0x00,
  0x02,0x40,0x09,0x04,0x80,0x00,0x00,0x00,0x00,0x00,0x40,0x04,
  0x00,0x00,0x00,0x00,0x00,0x00,0x01,0x00,0x01,0x00,0x10,0x00,
  0x00,0x00,0x00,0x04,0x10,0x08,0x49,0x04,0x00,0x80,0x00,0x20,
  0x02,0x00,0x00,0x00,0x80,0x20,0x00,0x48,0x00,0x24,0x44,0x81,
  0x01,0x10,0x00,0x00,0x00,0x10,0x00,0x00,0x00,0x01,0x00,0x00,
  0x00,0x00,0x00,0x00,0x04,0x40,0x00,0x00,0x00,0x00,0x02,0x00,
  0x21,0x00,0x08,0x40,0x20,0x08,0x10,0x00,0x04,0x01,0x24,0x00,
  0x00,0x04,0x00,0x00,0x10,0x40,0x00,0x01,0x00,0x08,0x00,0x00,
  0x08,0x00,0x41,0x00,0x00,0x00,0x80,0x00,0x40,0x41,0x00,0x20,
  0x90,0x09,0x04,0x02,0x40,0x00,0x04,0x81,0x01,0x04,0x40,0x00,
  0x00,0x80,0x10,0x10,0x00,0x00,0x41,0x01,0x00,0x00,0x00,0x00,
  0x00,0x00,0x00,0x02,0x00,0x02,0x04,0x40,0x00,0x09,0x02,0x04,
  0x11,0x02,0x00,0x20,0x00,0x10,0x01,0x00,0x10,0x10,0x04,0x20,
  0x01,0x20,0x00,0x09,0x00,0x40,0x04,0x00,0x00,0x04,0x00,0x00,
  0x00,0x00,0x00,0x00,0x00,0x00,0x00,0x00,0x00,0x04,0x08,0x80,
  0x00,0x00,0x00,0x00,0x00,0x80,0x40,0x80,0x10,0x00,0x00,0x40,
  0x40,0x01,0x10,0x04,0x90,0x20,0x02,0x00,0x10,0x00,0x00,0x00,
  0x00,0x00,0x00,0x00,0x00,0x00,0x00,0x00,0x00,0x00,0x00,0x00,
  0x00,0x00,0x08,0x10,0x00,0x10,0x12,0x02,0x08,0x04,0x82,0x00,
  0x22,0x02,0x00,0x04,0x00,0x00,0x02,0x00,0x40,0x00,0x00,0x00,
  0x00,0x00,0x00,0x00,0x00,0x00,0x00,0x10,0x00,0x00,0x00,0x00,
  0x00,0x00,0x00,0x00,0x20,0x00,0x44,0x81,0x00,0x00,0x00,0x20,
  0x00,0x40,0x00,0x00,0x12,0x40,0x04,0x80,0x00,0x00,0x00,0x00,
  0x00,0x00,0x00,0x00,0x00,0x00,0x00,0x00,0x00,0x00,0x00,0x00,
  0x00,0x00,0x00,0x00,0x02,0x02,0x00,0x40,0x00,0x04,0x00,0x10,
  0x42,0x00,0x20,0x00,0x00,0x20,0x40,0x00,0x40,0x10,0x10,0x42,
  0x00,0x00,0x40,0x00,0x00,0x00,0x00,0x00,0x00,0x00,0x00,0x00,
  0x00,0x00,0x00,0x00,0x00,0x00,0x08,0x08,0x00,0x00,0x00,0x00,
  0x22,0x02,0x08,0x44,0x84,0x80,0x24,0x84,0x00,0x11,0x00,0x01,
  0x00,0x00,0x08,0x00,0x00,0x00,0x00,0x00,0x00,0x00,0x00,0x00,
  0x00,0x00,0x00,0x00,0x00,0x00,0x00,0x00,0x00,0x00,0x00,0x00,
  0x00,0x40,0x00,0x40,0x00,0x00,0x00,0x00,0x00,0x00,0x02,0x00,
  0x04,0x40,0x00,0x00,0x00,0x00,0x00,0x00,0x00,0x00,0x00,0x00,
  0x00,0x00,0x00,0x00,0x00,0x00,0x00,0x00,0x00,0x00,0x00,0x00,
  0x00,0x00,0x04,0x02,0x08,0x00,0x41,0x00,0x10,0x00,0x00,0x01,
  0x10,0x40,0x10,0x00,0x00,0x00,0x00,0x00,0x00,0x00,0x00,0x00,
  0x00,0x00,0x00,0x00,0x00,0x00,0x00,0x00,0x00,0x00,0x00,0x00,
  0x00,0x00,0x00,0x00,0x00,0x00,0x20,0x09,0x04,0x12,0x42,0x40,
  0x24,0x48,0x00,0x04,0x40,0x00,0x00,0x00,0x00,0x00,0x00,0x00,
  0x00,0x00,0x00,0x00,0x00,0x00,0x00,0x00,0x00,0x00,0x00,0x00,
  0x00,0x00,0x00,0x00,0x00,0x00,0x00,0x00,0x00,0x20,0x00,0x00,
  0x00,0x00,0x00,0x00,0x01,0x00,0x00,0x00,0x81,0x00,0x00,0x00,
  0x00,0x00,0x00,0x00,0x00,0x00,0x00,0x00,0x00,0x00,0x00,0x00,
  0x00,0x00,0x00,0x00,0x00,0x00,0x00,0x00,0x00,0x00,0x80,0x00,
  0x10,0x40,0x00,0x00,0x01,0x00,0x44,0x00,0x00,0x00,0x00,0x00,
  0x00,0x00,0x00,0x00,0x00,0x00,0x00,0x00,0x00,0x00,0x00,0x00,
  0x00,0x00,0x00,0x00,0x00,0x00,0x00,0x00,0x00,0x00,0x00,0x08,
  0x01,0x00,0x40,0x09,0x12,0x40,0x10,0x09,0x00,0x00,0x00,0x80,
  0x00,0x00,0x00,0x00,0x00,0x00,0x00,0x00,0x00,0x00,0x00,0x00,
  0x00,0x00,0x00,0x00,0x00,0x00,0x00,0x00,0x00,0x00,0x00,0x00,
  0x00,0x00,0x00,0x04,0x02,0x00,0x00,0x00,0x00,0x20,0x00,0x00,
  0x00,0x00,0x00,0x00,0x00,0x00,0x00,0x00,0x00,0x00,0x00,0x00,
  0x00,0x00,0x00,0x00,0x00,0x00,0x00,0x00,0x00,0x00,0x00,0x00,
  0x00,0x00,0x00,0x00,0x00,0x00,0x00,0x40,0x40,0x00,0x04,0x00,
  0x00,0x20,0x40,0x00,0x00,0x00,0x00,0x00,0x00,0x00,0x00,0x00,
  0x00,0x00,0x00,0x00,0x00,0x00,0x00,0x00,0x00,0x00,0x00,0x00,
  0x00,0x00,0x00,0x00,0x00,0x00,0x00,0x00,0x88,0x04,0x09,0x00,
  0x20,0x00,0x00,0x00,0x00,0x00,0x00,0x00,0x00,0x00,0x00,0x00,
  0x00,0x00,0x00,0x00,0x00,0x00,0x00,0x00,0x00,0x00,0x00,0x00,
  0x00,0x00,0x00,0x00,0x00,0x00,0x00,0x00,0x00,0x00,0x00,0x10,
  0x00,0x00,0x00,0x00,0x08,0x00,0x00,0x00,0x00,0x00,0x00,0x00,
  0x00,0x00,0x00,0x00,0x00,0x00,0x00,0x00,0x00,0x00,0x00,0x00,
  0x00,0x00,0x00,0x00,0x00,0x00,0x00,0x00,0x00,0x00,0x00,0x10,
  0x01,0x00,0x80,0x40,0x00,0x00,0x00,0x00,0x00,0x00,0x00,0x00,
  0x00,0x00,0x00,0x00,0x00,0x00,0x00,0x00,0x00,0x00,0x00,0x00,
  0x00,0x00,0x00,0x00,0x00,0x00,0x00,0x00,0x00,0x00,0x00,0x00,
  0x00,0x01,0x10,0x00,0x12,0x00,0x04,0x80,0x00,0x00,0x00,0x00,
  0x00,0x00,0x00,0x00,0x00,0x00,0x00,0x00,0x00,0x00,0x00,0x00,
  0x00,0x00,0x00,0x00,0x00,0x00,0x00,0x00,0x00,0x00,0x00,0x00,
  0x00,0x00,0x00,0x00,0x00,0x22,0x00,0x00,0x00,0x00,0x00,0x00,
  0x00,0x00,0x00,0x00,0x00,0x00,0x00,0x00,0x00,0x00,0x00,0x00,
  0x00,0x00,0x00,0x00,0x00,0x00,0x00,0x00,0x00,0x00,0x00,0x00,
  0x00,0x00,0x00,0x00,0x00,0x00,0x01,0x00,0x00,0x00,0x00,0x00,
  0x00,0x00,0x00,0x00,0x00,0x00,0x00,0x00,0x00,0x00,0x00,0x00,
  0x00,0x00,0x00,0x00,0x00,0x00,0x00,0x00,0x00,0x00,0x00,0x00,
  0x00,0x00,0x00,0x00,0x00,0x00,0x00,0x00,0x00,0x00,0x91,0x00,
  0x00,0x00,0x00,0x00,0x00,0x00,0x00,0x00,0x00,0x00,0x00,0x00,
  0x00,0x00,0x00,0x00,0x00,0x00,0x00,0x00,0x00,0x00,0x00,0x00,
  0x00,0x00,0x00,0x00,0x00,0x00,0x00,0x00,0x00,0x00,0x08,0x48,
  0x00,0x00,0x00,0x00,0x00,0x00,0x00,0x00,0x00,0x00,0x00,0x00,
  0x00,0x00,0x00,0x00,0x00,0x00,0x00,0x00,0x00,0x00,0x00,0x00,
  0x00,0x00,0x00,0x00,0x00,0x00,0x00,0x00,0x00,0x00,0x00,0x00,
  0x3F,0xB8,0x00,0x00,0x00,0x00,0x00,0x00,0x00,0x00,0x00,0x00,
  0x00,0x00,0x00,0x00,0x00,0x00,0x00,0x00,0x00,0x00,0x00,0x00,
  0x00,0x00,0x00,0x00,0x00,0x00,0x00,0x00,0x00,0x00,0x00,0x00,
  0x00,0x00,0x3F,0xF8,0x84,0x00,0x00,0x00,0x00,0x00,0x00,0x00,
  0x00,0x00,0x00,0x00,0x00,0x00,0x00,0x00,0x00,0x00,0x00,0x00,
  0x00,0x00,0x00,0x00,0x00,0x00,0x00,0x00,0x00,0x00,0x00,0x00,
  0x00,0x00,0x00,0x00,0x7E,0xE8,0x00,0x00,0x00,0x00,0x00,0x00,
  0x00,0x00,0x00,0x00,0x00,0x00,0x00,0x00,0x00,0x00,0x00,0x00,
  0x00,0x00,0x00,0x00,0x00,0x00,0x00,0x00,0x00,0x00,0x00,0x00,
  0x00,0x00,0x00,0x00,0x00,0x00,0xFB,0xF0,0x00,0x00,0x00,0x00,
  0x00,0x00,0x00,0x00,0x00,0x00,0x00,0x00,0x00,0x00,0x00,0x00,
  0x00,0x00,0x00,0x00,0x00,0x00,0x00,0x00,0x00,0x00,0x00,0x00,
  0x00,0x00,0x00,0x00,0x00,0x00,0x00,0x00,0xBF,0x70,0x00,0x00,
  0x00,0x00,0x00,0x00,0x00,0x00,0x00,0x00,0x00,0x00,0x00,0x00,
  0x00,0x00,0x00,0x00,0x00,0x00,0x00,0x00,0x00,0x00,0x00,0x00,
  0x00,0x00,0x00,0x00,0x00,0x00,0x00,0x00,0x00,0x01,0xFD,0xF1,
  0x00,0x00,0x00,0x00,0x00,0x00,0x00,0x00,0x00,0x00,0x00,0x00,
  0x00,0x00,0x00,0x00,0x00,0x00,0x00,0x00,0x00,0x00,0x00,0x00,
  0x00,0x00,0x00,0x00,0x00,0x00,0x00,0x00,0x00,0x00,0x00,0x02,
  0xAF,0x50,0x00,0x00,0x00,0x00,0x00,0x00,0x00,0x00,0x00,0x00,
  0x00,0x00,0x00,0x00,0x00,0x00,0x00,0x00,0x00,0x00,0x00,0x00,
  0x00,0x00,0x00,0x00,0x00,0x00,0x00,0x00,0x00,0x00,0x00,0x00,
  0x00,0x00,0x00,0x20,0x00,0x00,0x00,0x00,0x00,0x00,0x00,0x00,
  0x00,0x00,0x00,0x00,0x00,0x00,0x00,0x00,0x00,0x00,0x00,0x00,
  0x00,0x00,0x00,0x00,0x00,0x00,0x00,0x00,0x00,0x00,0x00,0x00,
  0x00,0x00,0x00,0x07,0xFA,0x80,0x00,0x00,0x00,0x00,0x00,0x00,
  0x00,0x00,0x00,0x00,0x00,0x00,0x00,0x00,0x00,0x00,0x00,0x00,
  0x00,0x00,0x00,0x00,0x00,0x00,0x00,0x00,0x00,0x00,0x00,0x00,
  0x00,0x00,0x00,0x00,0x00,0x0F,0xF0,0x40,0x00,0x00,0x00,0x00,
  0x00,0x00,0x00,0x00,0x00,0x00,0x00,0x00,0x00,0x00,0x00,0x00,
  0x00,0x00,0x00,0x00,0x00,0x00,0x00,0x00,0x00,0x00,0x00,0x00,
  0x00,0x00,0x00,0x00,0x00,0x00,0x00,0x0F,0xE1,0x10,0x00,0x00,
  0x00,0x00,0x00,0x00,0x00,0x00,0x00,0x00,0x00,0x00,0x00,0x00,
  0x00,0x00,0x00,0x00,0x00,0x00,0x00,0x00,0x00,0x00,0x00,0x00,
  0x00,0x00,0x00,0x00,0x00,0x00,0x00,0x00,0x00,0x2E,0xF4,0x40,
  0x00,0x00,0x00,0x00,0x00,0x00,0x00,0x00,0x00,0x00,0x00,0x00,
  0x00,0x00,0x00,0x00,0x00,0x00,0x00,0x00,0x00,0x00,0x00,0x00,
  0x00,0x00,0x00,0x00,0x00,0x00,0x00,0x00,0x00,0x00,0x00,0x1F,
  0xE2,0x00,0x00,0x00,0x00,0x00,0x00,0x00,0x00,0x00,0x00,0x00,
  0x00,0x00,0x00,0x00,0x00,0x00,0x00,0x00,0x00,0x00,0x00,0x00,
  0x00,0x00,0x00,0x00,0x00,0x00,0x00,0x00,0x00,0x00,0x00,0x00,
  0x00,0x5B,0x55,0x40,0x00,0x00,0x00,0x00,0x00,0x00,0x00,0x00,
  0x00,0x00,0x00,0x00,0x00,0x00,0x00,0x00,0x00,0x00,0x00,0x00,
  0x00,0x00,0x00,0x00,0x00,0x00,0x00,0x00,0x00,0x00,0x00,0x00,
  0x00,0x00,0x00,0x00,0x3F,0xC0,0x80,0x00,0x00,0x00,0x00,0x00,
  0x00,0x00,0x00,0x00,0x00,0x00,0x00,0x00,0x00,0x00,0x00,0x00,
  0x00,0x00,0x00,0x00,0x00,0x00,0x00,0x00,0x00,0x00,0x00,0x00,
  0x00,0x00,0x00,0x00,0x01,0x7F,0xFF,0xC0,0x00,0x00,0x00,0x00,
  0x00,0x00,0x00,0x00,0x00,0x00,0x00,0x00,0x00,0x00,0x00,0x00,
  0x00,0x00,0x00,0x00,0x00,0x00,0x00,0x00,0x00,0x00,0x00,0x00,
  0x00,0x00,0x00,0x00,0x00,0x00,0x00,0xFF,0xF7,0x80,0x00,0x00,
  0x00,0x00,0x00,0x00,0x00,0x00,0x00,0x00,0x00,0x00,0x00,0x00,
  0x00,0x00,0x00,0x00,0x00,0x00,0x00,0x00,0x00,0x00,0x00,0x00,
  0x00,0x00,0x00,0x00,0x00,0x00,0x00,0x00,0x03,0xFE,0xDE,0x80,
  0x00,0x00,0x00,0x00,0x00,0x00,0x00,0x00,0x00,0x00,0x00,0x00,
  0x00,0x00,0x00,0x00,0x00,0x00,0x00,0x00,0x00,0x00,0x00,0x00,
  0x00,0x00,0x00,0x00,0x00,0x00,0x00,0x00,0x00,0x00,0x01,0xEF,
  0xFF,0x80,0x00,0x00,0x00,0x00,0x00,0x00,0x00,0x00,0x00,0x00,
  0x00,0x00,0x00,0x00,0x00,0x00,0x00,0x00,0x00,0x00,0x00,0x00,
  0x00,0x00,0x00,0x00,0x00,0x00,0x00,0x00,0x00,0x00,0x00,0x00,
  0x07,0xFF,0xB7,0x00,0x00,0x00,0x00,0x00,0x00,0x00,0x00,0x00,
  0x00,0x00,0x00,0x00,0x00,0x00,0x00,0x00,0x00,0x00,0x00,0x00,
  0x00,0x00,0x00,0x00,0x00,0x00,0x00,0x00,0x00,0x00,0x00,0x00,
  0x00,0x00,0x0A,0xBA,0xFB,0x00,0x00,0x00,0x00,0x00,0x00,0x00,
  0x00,0x00,0x00,0x00,0x00,0x00,0x00,0x00,0x00,0x00,0x00,0x00,
  0x00,0x00,0x00,0x00,0x00,0x00,0x00,0x00,0x00,0x00,0x00,0x00,
  0x00,0x00,0x00,0x00,0x00,0x00,0x04,0x00,0x00,0x00,0x00,0x00,
  0x00,0x00,0x00,0x00,0x00,0x00,0x00,0x00,0x00,0x00,0x00,0x00,
  0x00,0x00,0x00,0x00,0x00,0x00,0x00,0x00,0x00,0x00,0x00,0x00,
  0x00,0x00,0x00,0x00,0x00,0x00,0x2F,0xFE,0xA1,0x00,0x00,0x00,
  0x00,0x00,0x00,0x00,0x00,0x00,0x00,0x00,0x00,0x00,0x00,0x00,
  0x00,0x00,0x00,0x00,0x00,0x00,0x00,0x00,0x00,0x00,0x00,0x00,
  0x00,0x00,0x00,0x00,0x00,0x00,0x00,0x00,0x1F,0xFC,0x4A,0x00,
  0x00,0x00,0x00,0x00,0x00,0x00,0x00,0x00,0x00,0x00,0x00,0x00,
  0x00,0x00,0x00,0x00,0x00,0x00,0x00,0x00,0x00,0x00,0x00,0x00,
  0x00,0x00,0x00,0x00,0x00,0x00,0x00,0x00,0x00,0x00,0x5F,0xFD,
  0x10,0x00,0x00,0x00,0x00,0x00,0x00,0x00,0x00,0x00,0x00,0x00,
  0x00,0x00,0x00,0x00,0x00,0x00,0x00,0x00,0x00,0x00,0x00,0x00,
  0x00,0x00,0x00,0x00,0x00,0x00,0x00,0x00,0x00,0x00,0x00,0x00,
  0x3B,0x78,0x44,0x00,0x00,0x00,0x00,0x00,0x00,0x00,0x00,0x00,
  0x00,0x00,0x00,0x00,0x00,0x00,0x00,0x00,0x00,0x00,0x00,0x00,
  0x00,0x00,0x00,0x00,0x00,0x00,0x00,0x00,0x00,0x00,0x00,0x00,
  0x00,0x00,0xFF,0xF0,0x00,0x00,0x00,0x00,0x00,0x00,0x00,0x00,
  0x00,0x00,0x00,0x00,0x00,0x00,0x00,0x00,0x00,0x00,0x00,0x00,
  0x00,0x00,0x00,0x00,0x00,0x00,0x00,0x00,0x00,0x00,0x00,0x00,
  0x00,0x00,0x00,0x01,0x6E,0xDA,0xA8,0x00,0x00,0x00,0x00,0x00,
  0x00,0x00,0x00,0x00,0x00,0x00,0x00,0x00,0x00,0x00,0x00,0x00,
  0x00,0x00,0x00,0x00,0x00,0x00,0x00,0x00,0x00,0x00,0x00,0x00,
  0x00,0x00,0x00,0x00,0x00,0x02,0x00,0x0F,0xFE,0x00,0x00,0x00,
  0x00,0x00,0x00,0x00,0x00,0x00,0x00,0x00,0x00,0x00,0x00,0x00,
  0x00,0x00,0x00,0x00,0x00,0x00,0x00,0x00,0x00,0x00,0x00,0x00,
  0x00,0x00,0x00,0x00,0x00,0x00,0x00,0x01,0xFF,0xFE,0xFC,0x00,
  0x00,0x00,0x00,0x00,0x00,0x00,0x00,0x00,0x00,0x00,0x00,0x00,
  0x00,0x00,0x00,0x00,0x00,0x00,0x00,0x00,0x00,0x00,0x00,0x00,
  0x00,0x00,0x00,0x00,0x00,0x00,0x00,0x00,0x00,0x07,0xFF,0xF7,
  0xEC,0x00,0x00,0x00,0x00,0x00,0x00,0x00,0x00,0x00,0x00,0x00,
  0x00,0x00,0x00,0x00,0x00,0x00,0x00,0x00,0x00,0x00,0x00,0x00,
  0x00,0x00,0x00,0x00,0x00,0x00,0x00,0x00,0x00,0x00,0x00,0x03,
  0x7F,0xFE,0xFC,0x00,0x00,0x00,0x00,0x00,0x00,0x00,0x00,0x00,
  0x00,0x00,0x00,0x00,0x00,0x00,0x00,0x00,0x00,0x00,0x00,0x00,
  0x00,0x00,0x00,0x00,0x00,0x00,0x00,0x00,0x00,0x00,0x00,0x00,
  0x00,0x17,0xFB,0xDB,0xB4,0x00,0x00,0x00,0x00,0x00,0x00,0x00,
  0x00,0x00,0x00,0x00,0x00,0x00,0x00,0x00,0x00,0x00,0x00,0x00,
  0x00,0x00,0x00,0x00,0x00,0x00,0x00,0x00,0x00,0x00,0x00,0x00,
  0x00,0x00,0x00,0x0F,0xFF,0xFF,0xF8,0x00,0x00,0x00,0x00,0x00,
  0x00,0x00,0x00,0x00,0x00,0x00,0x00,0x00,0x00,0x00,0x00,0x00,
  0x00,0x00,0x00,0x00,0x00,0x00,0x00,0x00,0x00,0x00,0x00,0x00,
  0x00,0x00,0x00,0x00,0x00,0x2A,0x94,0xAA,0xA8,0x00,0x00,0x00,
  0x00,0x00,0x00,0x00,0x00,0x00,0x00,0x00,0x00,0x00,0x00,0x00,
  0x00,0x00,0x00,0x00,0x00,0x00,0x00,0x00,0x00,0x00,0x00,0x00,
  0x00,0x00,0x00,0x00,0x00,0x00,0x00,0x00,0x02,0x00,0x00,0x00,
  0x00,0x00,0x00,0x00,0x00,0x00,0x00,0x00,0x00,0x00,0x00,0x00,
  0x00,0x00,0x00,0x00,0x00,0x00,0x00,0x00,0x00,0x00,0x00,0x00,
  0x00,0x00,0x00,0x00,0x00,0x00,0x00,0x00,0x00,0xBF,0xFF,0xAA,
  0xA8,0x00,0x00,0x00,0x00,0x00,0x00,0x00,0x00,0x00,0x00,0x00,
  0x00,0x00,0x00,0x00,0x00,0x00,0x00,0x00,0x00,0x00,0x00,0x00,
  0x00,0x00,0x00,0x00,0x00,0x00,0x00,0x00,0x00,0x00,0x00,0x7F,
  0xFE,0x00,0x00,0x00,0x00,0x00,0x00,0x00,0x00,0x00,0x00,0x00,
  0x00,0x00,0x00,0x00,0x00,0x00,0x00,0x00,0x00,0x00,0x00,0x00,
  0x00,0x00,0x00,0x00,0x00,0x00,0x00,0x00,0x00,0x00,0x00,0x00,
  0x01,0x7F,0xF6,0x12,0x40,0x00,0x00,0x00,0x00,0x00,0x00,0x00,
  0x00,0x00,0x00,0x00,0x00,0x00,0x00,0x00,0x00,0x00,0x00,0x00,
  0x00,0x00,0x00,0x00,0x00,0x00,0x00,0x00,0x00,0x00,0x00,0x00,
  0x00,0x00,0x00,0xFF,0xBE,0xA1,0x20,0x00,0x00,0x00,0x00,0x00,
  0x00,0x00,0x00,0x00,0x00,0x00,0x00,0x00,0x00,0x00,0x00,0x00,
  0x00,0x00,0x00,0x00,0x00,0x00,0x00,0x00,0x00,0x00,0x00,0x00,
  0x00,0x00,0x00,0x00,0x05,0xEE,0xFC,0x08,0x10,0x00,0x00,0x00,
  0x00,0x00,0x00,0x00,0x00,0x00,0x00,0x00,0x00,0x00,0x00,0x00,
  0x00,0x00,0x00,0x00,0x00,0x00,0x00,0x00,0x00,0x00,0x00,0x00,
  0x00,0x00,0x00,0x00,0x00,0x00,0x00,0x00,0x07,0xFF,0xE0,0x00,
  0x00,0x00,0x00,0x00,0x00,0x00,0x00,0x00,0x00,0x00,0x00,0x00,
  0x00,0x00,0x00,0x00,0x00,0x00,0x00,0x00,0x00,0x00,0x00,0x00,
  0x00,0x00,0x00,0x00,0x00,0x00,0x00,0x00,0x07,0xFF,0xFB,0xFF,
  0xE0,0x00,0x00,0x00,0x00,0x00,0x00,0x00,0x00,0x00,0x00,0x00,
  0x00,0x00,0x00,0x00,0x00,0x00,0x00,0x00,0x00,0x00,0x00,0x00,
  0x00,0x00,0x00,0x00,0x00,0x00,0x00,0x01,0x00,0x00,0x17,0xBF,
  0xFF,0xDF,0xE0,0x00,0x02,0x00,0x00,0x00,0x00,0x00,0x00,0x00,
  0x00,0x00,0x00,0x00,0x00,0x00,0x00,0x00,0x00,0x00,0x00,0x00,
  0x00,0x00,0x00,0x00,0x00,0x00,0x00,0x00,0x00,0x0A,0x00,0x00,
  0x17,0xFB,0x6E,0xFA,0xC0,0x00,0x08,0x00,0x00,0x00,0x00,0x00,
  0x00,0x00,0x00,0x00,0x00,0x00,0x00,0x00,0x00,0x00,0x00,0x00,
  0x00,0x00,0x00,0x00,0x00,0x00,0x00,0x00,0x00,0x00,0x00,0x04,
  0x00,0x00,0x2F,0xFF,0xFF,0xDF,0xC0,0x12,0x20,0x00,0x00,0x00,
  0x00,0x00,0x00,0x00,0x00,0x00,0x00,0x00,0x00,0x00,0x00,0x00,
  0x00,0x00,0x00,0x00,0x00,0x00,0x00,0x00,0x00,0x00,0x00,0x00,
  0x00,0x2A,0x00,0x00,0x5E,0xFF,0xFB,0xFF,0x40,0x00,0x00,0x00,
  0x00,0x00,0x00,0x00,0x00,0x00,0x00,0x00,0x00,0x00,0x00,0x00,
  0x00,0x00,0x00,0x00,0x00,0x00,0x00,0x00,0x00,0x00,0x00,0x00,
  0x00,0x00,0x00,0x08,0x00,0x00,0x12,0x84,0x95,0x21,0x41,0x00,
  0x00,0x00,0x00,0x00,0x00,0x00,0x00,0x00,0x00,0x00,0x00,0x00,
  0x00,0x00,0x00,0x00,0x00,0x00,0x00,0x00,0x00,0x00,0x00,0x00,
  0x00,0x00,0x00,0x00,0x00,0x54,0x00,0x01,0x00,0x00,0x00,0x00,
  0x00,0x00,0x00,0x00,0x00,0x00,0x00,0x00,0x00,0x00,0x00,0x00,
  0x00,0x00,0x00,0x00,0x00,0x00,0x00,0x00,0x00,0x00,0x00,0x00,
  0x00,0x00,0x00,0x00,0x00,0x00,0x00,0x90,0x00,0x00,0x00,0x24,
  0x48,0x89,0x00,0x11,0x24,0x40,0x00,0x00,0x00,0x00,0x00,0x00,
  0x00,0x00,0x00,0x00,0x00,0x00,0x00,0x00,0x00,0x00,0x00,0x00,
  0x00,0x00,0x00,0x00,0x00,0x00,0x00,0x00,0x00,0x50,0x00,0x01,
  0x55,0x49,0x12,0x24,0x04,0x40,0x00,0x00,0x00,0x00,0x00,0x00,
  0x00,0x00,0x00,0x00,0x00,0x00,0x00,0x00,0x00,0x00,0x00,0x00,
  0x00,0x00,0x00,0x00,0x00,0x00,0x00,0x00,0x00,0x00,0x01,0x20,
  0x00,0x04,0x24,0x92,0x49,0x4A,0x80,0x00,0x00,0x00,0x00,0x00,
  0x00,0x00,0x00,0x00,0x00,0x00,0x00,0x00,0x00,0x00,0x00,0x00,
  0x00,0x00,0x00,0x00,0x00,0x00,0x00,0x00,0x00,0x00,0x00,0x00,
  0x02,0xA0,0x00,0x11,0x00,0x00,0x22,0x00,0x00,0x02,0x01,0x00,
  0x00,0x00,0x00,0x00,0x00,0x00,0x00,0x00,0x00,0x00,0x00,0x00,
  0x00,0x00,0x00,0x00,0x01,0x00,0x00,0x00,0x00,0x00,0x00,0x00,
  0x00,0x00,0x04,0x50,0x00,0x85,0xFF,0xFF,0xDD,0xFD,0x20,0x88,
  0x48,0x00,0x00,0x00,0x00,0x00,0x00,0x00,0x00,0x00,0x00,0x00,
  0x00,0x00,0x00,0x00,0x00,0x00,0x00,0x00,0x00,0x00,0x00,0x00,
  0x20,0x00,0x00,0x00,0x01,0x40,0x0A,0x27,0xFF,0xFB,0xFF,0xBF,
  0x80,0x00,0x00,0x00,0x00,0x00,0x00,0x00,0x00,0x00,0x00,0x00,
  0x00,0x00,0x00,0x00,0x00,0x10,0x00,0x00,0x04,0x00,0x00,0x00,
  0x12,0xAD,0x48,0x00,0x04,0x00,0x0A,0xA0,0xA0,0x97,0xB6,0xDF,
  0xF7,0xFF,0x02,0x00,0x00,0x80,0x00,0x00,0x00,0x00,0x00,0x00,
  0x00,0x44,0x92,0x49,0x24,0x92,0x49,0x04,0x92,0x52,0x51,0x49,
  0x52,0x49,0x14,0xAB,0x54,0x90,0x88,0x8A,0x25,0x45,0x15,0x2E,
  0xFF,0xFE,0xDE,0xEE,0x00,0x22,0x22,0x00,0x00,0x00,0x00,0x00,
  0x00,0x00,0x88,0x00,0x00,0x00,0x00,0x00,0x00,0x00,0x00,0x00,
  0x00,0x00,0x00,0x00,0x00,0x00,0x00,0x00,0x00,0x00,0x14,0x80,
  0x00,0x9B,0xDB,0x6B,0xFB,0xFA,0x08,0x00,0x00,0x00,0x00,0x00,
  0x00,0x00,0x00,0x00,0x00,0x00,0x00,0x00,0x00,0x00,0x00,0x00,
  0x00,0x00,0x00,0x00,0x00,0x00,0x00,0x00,0x00,0x00,0x00,0x00,
  0x4A,0x80,0x00,0x16,0xEF,0xFF,0xBF,0xBE,0x00,0x80,0x90,0x00,
  0x00,0x00,0x00,0x00,0x00,0x00,0x00,0x00,0x00,0x00,0x00,0x00,
  0x00,0x00,0x00,0x00,0x00,0x00,0x00,0x00,0x00,0x00,0x00,0x00,
  0x00,0x00,0x24,0x00,0x00,0x12,0x10,0x08,0xD6,0xA4,0x40,0x17,
  0xE4,0x40,0x00,0x00,0x00,0x00,0x00,0x24,0x00,0x03,0x80,0x00,
  0x00,0x00,0x00,0x00,0x00,0x00,0x00,0x00,0x00,0x00,0x00,0x00,
  0x00,0x00,0x00,0x00,0x95,0x00,0x00,0x00,0x00,0x00,0x00,0x11,
  0x05,0xFE,0x00,0x00,0x00,0x00,0x00,0x00,0x00,0x00,0x00,0x05,
  0x00,0x00,0x00,0x00,0x00,0x00,0x00,0x00,0x00,0x00,0x00,0x00,
  0x00,0x00,0x00,0x00,0x00,0x00,0x54,0x00,0x00,0x00,0x00,0x00,
  0x00,0x84,0x5F,0xB0,0x00,0x00,0x10,0x00,0x00,0x00,0x00,0x41,
  0x00,0x0E,0x02,0x00,0x00,0x00,0x00,0xE0,0x00,0x00,0x00,0x00,
  0x00,0x00,0x00,0x00,0x00,0x00,0x00,0x02,0xAA,0x11,0x24,0xB5,
  0x4A,0xA5,0x55,0x27,0xFD,0xC2,0x02,0x00,0x00,0x00,0x00,0x00,
  0x09,0x00,0x09,0x2B,0x23,0x92,0x22,0x49,0x24,0x49,0x22,0x24,
  0x92,0x49,0x24,0x92,0x52,0x49,0x29,0x25,0x49,0x21,0x50,0x80,
  0x00,0x42,0x00,0x09,0x91,0x7F,0xEE,0x00,0x48,0x40,0x00,0x00,
  0x00,0x04,0x80,0x20,0xA0,0x1E,0x07,0x80,0x00,0x00,0x00,0x80,
  0x00,0x00,0x00,0x00,0x00,0x00,0x00,0x00,0x00,0x00,0x00,0x0A,
  0x94,0x24,0x92,0x00,0x00,0x20,0x57,0xFE,0xF2,0x08,0x00,0x00,
  0x00,0x00,0x08,0x40,0x20,0x8C,0x24,0xC0,0x46,0xCA,0xEF,0x2F,
  0x3B,0x67,0xCF,0x9B,0x92,0x54,0xA5,0x55,0x4A,0xA5,0x4A,0xA8,
  0x94,0x8A,0x52,0x00,0x04,0x00,0x00,0x8F,0xFF,0xFF,0xAB,0x00,
  0x00,0x00,0x04,0x00,0x17,0xBC,0x04,0x21,0x11,0x41,0x16,0xC7,
  0xFF,0x9D,0x9E,0x67,0xDF,0x9F,0xC0,0x01,0x00,0x00,0x00,0x00,
  0x10,0x02,0x00,0x29,0x48,0xAA,0xA2,0xAA,0xDD,0x57,0xFF,0xEE,
  0xEB,0x21,0x22,0x00,0x00,0x00,0x35,0xDC,0x80,0x04,0xA0,0xE4,
  0x46,0xD7,0x31,0xB2,0xB9,0x6C,0x00,0xDC,0xCA,0xA4,0x2A,0x52,
  0x55,0x2A,0x82,0x90,0xA5,0x56,0xA8,0x00,0x0B,0xFF,0xF7,0xFF,
  0xFF,0xFF,0xD7,0x00,0x00,0x40,0x00,0x00,0xDB,0xBC,0x12,0xAA,
  0x14,0xA6,0x6C,0x65,0x37,0xBD,0xDA,0x4E,0x4D,0xDA,0x60,0xC6,
  0x63,0x33,0x33,0x11,0x99,0x9B,0x99,0x69,0x13,0xB5,0xA7,0xB5,
  0x5F,0x76,0xAB,0xBF,0xFE,0x02,0x00,0x00,0x00,0x02,0x02,0xA0,
  0x00,0x00,0x83,0xB5,0x4D,0x46,0x55,0xB7,0xDA,0x6C,0x8F,0xDC,
  0xE4,0xD6,0x66,0x67,0x31,0xBB,0x39,0x98,0x95,0xFC,0xD3,0x33,
  0x0E,0xDF,0xFD,0xDF,0xFF,0xFF,0x6C,0x00,0x12,0x00,0x00,0x08,
  0x00,0x00,0xAA,0xAA,0x53,0xEA,0x5F,0xF2,0x75,0xBA,0x58,0xED,
  0x28,0x96,0xA2,0x85,0x25,0x32,0xAA,0x91,0x95,0x59,0x5F,0xFF,
  0x3B,0x33,0x5F,0xB5,0xFF,0xFD,0xFF,0xFF,0xF0,0x40,0x00,0x00,
  0x00,0x10,0x08,0x4A,0x00,0x41,0x0B,0x60,0x9B,0x67,0x31,0xB1,
  0x3A,0x6C,0x1D,0xD8,0xC8,0x50,0x92,0x01,0x11,0x24,0x21,0x06,
  0xFF,0xA9,0x40,0x94,0xBF,0xFF,0xEF,0xFF,0xFF,0xFD,0xA0,0x00,
  0x40,0x00,0x00,0x40,0x22,0x10,0xAA,0xAA,0xA7,0xD5,0x38,0xB6,
  0xBB,0x9C,0x99,0x66,0xD9,0xDA,0x65,0x2A,0x49,0x54,0x44,0x92,
  0x94,0xFF,0xFB,0x52,0x2A,0x42,0x2A,0xB5,0x7F,0xFF,0xFF,0xFF,
  0x02,0x08,0x01,0x00,0x00,0x80,0x91,0x4A,0x49,0x24,0x9F,0xCA,
  0x5A,0x7F,0x31,0xDF,0xDA,0xEF,0xDF,0xD9,0xE8,0x84,0x92,0x4A,
  0xAA,0x48,0x57,0xFF,0xAC,0x89,0x45,0x29,0x40,0x42,0x00,0x05,
  0x55,0x68,0x00,0x20,0x08,0x00,0x01,0x01,0x2A,0x52,0xA4,0x92,
  0x5B,0x29,0x32,0x92,0xAD,0x4F,0x34,0x43,0xA6,0x4C,0x45,0x2A,
  0x49,0x24,0x94,0x87,0xFF,0xAD,0xE2,0x54,0xA8,0xAA,0x8A,0x29,
  0x55,0xBA,0xDF,0xD0,0x08,0x00,0x80,0x40,0x02,0x04,0x85,0x24,
  0x52,0x49,0x84,0xA5,0x49,0x4A,0x52,0x20,0x8A,0xA8,0x49,0x22,
  0x92,0xA1,0x24,0xAA,0x41,0x7F,0xFD,0xFE,0x1A,0xA5,0x26,0x95,
  0x25,0x4A,0xAA,0xD7,0xBA,0x00,0x40,0x80,0x00,0x00,0x00,0x12,
  0x52,0x92,0x8A,0xB6,0xB2,0x55,0x55,0x29,0x4A,0xDA,0xEA,0xAB,
  0x24,0x94,0x48,0x94,0xAA,0x80,0xBF,0xFE,0xDF,0xA1,0xA5,0x54,
  0xA9,0x54,0xB5,0x77,0x7F,0x7E,0xF4,0x01,0x00,0x00,0x02,0x00,
  0x05,0x49,0x54,0x55,0x54,0xAA,0x8A,0xA9,0x54,0xAA,0xA9,0x25,
  0x15,0x54,0x92,0x42,0xA5,0x4A,0xA0,0x2F,0xFF,0xFB,0xFF,0xB6,
  0x54,0x95,0x55,0x55,0x55,0xBD,0xAB,0xDB,0xC0,0x40,0x00,0x04,
  0x10,0x00,0x02,0xAA,0xAB,0x4A,0x52,0xAA,0x6A,0x95,0x25,0x55,
  0x2A,0xAA,0xD4,0xA2,0x48,0x10,0x00,0x20,0x0F,0xFF,0xFF,0x6F,
  0xF6,0xC9,0x55,0x55,0x55,0x56,0xDA,0xD6,0xFD,0xFF,0x80,0x00,
  0x00,0x00,0x40,0x00,0x03,0x55,0x54,0xAA,0xAA,0xAA,0xAA,0xAA,
  0xAA,0xAA,0xAA,0xAA,0xAB,0x18,0x01,0x4A,0x95,0x17,0xFF,0xFF,
  0xB7,0xFF,0x7F,0xA5,0x55,0x55,0x56,0xDA,0xAD,0x7B,0xAF,0x7C,
  0x00,0x00,0x04,0x20,0x00,0x00,0x00,0xF6,0xB5,0x55,0x55,0x55,
  0x55,0x6A,0xDB,0x55,0x55,0xB6,0xAA,0xE8,0x00,0x00,0x55,0xFF,
  0xFD,0xFD,0xFF,0xFB,0xDA,0xE9,0x6A,0xDB,0x6D,0x6A,0xD7,0xAE,
  0xFF,0xA0,0x00,0x00,0x00,0x00,0x00,0x00,0x00,0x6D,0xD6,0xDB,
  0x6D,0xAB,0xB6,0xB7,0x55,0xB6,0xEE,0xDB,0x75,0x50,0x00,0x00,
  0x0A,0x7D,0xFF,0xEF,0xFF,0x7F,0x6F,0xB6,0xAF,0x6D,0xB7,0xB7,
  0x7A,0xFB,0xE8,0x00,0x00,0x00,0x00,0x02,0x00,0x00,0x10,0x1F,
  0x6D,0x6D,0xB6,0xFD,0x5B,0xDA,0xEE,0xDB,0x5B,0x6D,0xAD,0x64,
  0x00,0x00,0x01,0x57,0xB7,0xFF,0xB5,0xED,0xA5,0x6D,0xF5,0xB6,
  0xFA,0xED,0xDF,0xDF,0x40,0x00,0x00,0x00,0x00,0x00,0x22,0x00,
  0x00,0x07,0xBB,0xB6,0xDB,0x56,0xF6,0xB7,0x5B,0x6D,0xED,0xB6,
  0xF7,0xE0,0x00,0x00,0x00,0xBE,0xFF,0x7F,0xFF,0xFF,0xDD,0xDF,
  0x5D,0x6F,0xAF,0xBF,0x77,0x7A,0x00,0x00,0x00,0x00,0x00,0x00,
  0x00,0x00,0x00,0x01,0xFE,0xFB,0x6E,0xED,0xBD,0xFD,0xFD,0xFE,
  0xBB,0xDF,0xBD,0x60,0x20,0x09,0x24,0x77,0xFD,0xFB,0xFF,0xA0,
  0x57,0x75,0xEF,0xFA,0xFD,0xF5,0xFF,0xC0,0x00,0x00,0x00,0x00,
  0x00,0x00,0x00,0x40,0x00,0x00,0x37,0xDF,0xFB,0xBF,0xEF,0x57,
  0xAF,0x57,0xEE,0xFA,0xEF,0xE0,0x85,0x40,0x01,0x3D,0x57,0xEF,
  0xEF,0xFE,0xAD,0xDF,0x7B,0x5F,0xDF,0xBF,0xD8,0x00,0x00,0x00,
  0x00,0x00,0x00,0x00,0x00,0x00,0x00,0x00,0x0F,0xF6,0xBF,0xF6,
  0xFB,0xFE,0xFB,0xFD,0xBF,0xBF,0xFB,0x60,0x00,0x12,0x50,0x7F,
  0xFF,0xFF,0xFE,0x03,0x7F,0xFB,0xDF,0xF7,0x76,0xFF,0x40,0x00,
  0x00,0x00,0x00,0x00,0x00,0x00,0x01,0x00,0x00,0x00,0x00,0x3F,
  0xF6,0xDF,0xBE,0xF7,0xEF,0x77,0xFB,0xED,0xBF,0xE2,0x54,0x84,
  0x0A,0x7F,0xFF,0xFF,0x7B,0xFF,0xED,0xBE,0xF6,0xFD,0xFF,0xE0,
  0x00,0x00,0x00,0x00,0x00,0x00,0x00,0x00,0x00,0x00,0x00,0x00,
  0x00,0x01,0x7F,0xFF,0xF7,0xDF,0x7F,0xFE,0xEE,0xFF,0xEF,0x70,
  0x91,0x21,0x41,0x57,0xFF,0x7F,0xEF,0xFD,0xFF,0xEF,0xDF,0xBF,
  0xFA,0x00,0x00,0x00,0x00,0x00,0x00,0x00,0x00,0x00,0x00,0x00,
  0x00,0x00,0x00,0x00,0x00,0xAA,0xDF,0x7D,0xFD,0xDF,0xFF,0xFF,
  0xFF,0xE2,0x24,0x4A,0x6A,0x6B,0xFF,0xFB,0xFF,0xBF,0xFF,0xFF,
  0xFF,0xF5,0x00,0x00,0x00,0x00,0x00,0x00,0x00,0x00,0x00,0x00,
  0x00,0x00,0x00,0x00,0x00,0x00,0x00,0x00,0x00,0x00,0x03,0x00,
  0x00,0x00,0x06,0xB5,0x4B,0x29,0x2A,0xFD,0xFF,0xFF,0xFE,0xEB,
  0x24,0x52,0x48,0x00,0x00,0x00,0x00,0x00,0x00,0x00,0x00,0x00,
  0x00,0x00,0x00,0x00,0x00,0x00,0x00,0x00,0x00,0x00,0x00,0x00,
  0x00,0x00,0x00,0x00,0x07,0x34,0xA5,0x55,0xAA,0xB7,0x81,0x13,
  0x81,0x01,0x00,0x00,0x00,0x00,0x00,0x00,0x00,0x00,0x00,0x00,
  0x00,0x00,0x00,0x00,0x00,0x00,0x00,0x00,0x00,0x00,0x00,0x00,
  0x00,0x00,0x00,0x00,0x00,0x00,0x06,0xBE,0xAA,0xAA,0xAB,0x7E,
  0x00,0x00,0x80,0x00,0x80,0x00,0x00,0x00,0x00,0x00,0x00,0x00,
  0x00,0x00,0x00,0x00,0x00,0x00,0x00,0x00,0x00,0x00,0x00,0x00,
  0x00,0x00,0x00,0x00,0x00,0x00,0x00,0x00,0x03,0xB5,0x5B,0x56,
  0xBD,0xFC,0x00,0x00,0x40,0x00,0x00,0x00,0x00,0x00,0x00,0x00,
  0x00,0x00,0x00,0x00,0x00,0x00,0x00,0x00,0x00,0x00,0x00,0x00,
  0x00,0x00,0x00,0x00,0x00,0x00,0x00,0x00,0x00,0x00,0x03,0xBE,
  0xD5,0xFB,0x6B,0x70,0x00,0x00,0x00,0x00,0x00,0x00,0x00,0x00,
  0x00,0x00,0x00,0x00,0x00,0x00,0x00,0x00,0x00,0x00,0x00,0x00,
  0x00,0x00,0x00,0x00,0x00,0x00,0x00,0x00,0x00,0x00,0x00,0x00,
  0x07,0xDF,0x7F,0x57,0xFF,0xC0,0x00,0x00,0x00,0x00,0x00,0x00,
  0x00,0x00,0x00,0x00,0x00,0x00,0x00,0x00,0x00,0x00,0x00,0x00,
  0x00,0x00,0x00,0x00,0x00,0x00,0x00,0x00,0x00,0x00,0x00,0x00,
  0x00,0x00,0x03,0xFD,0xED,0xFD,0xAD,0x80,0x00,0x00,0x00,0x00,
  0x00,0x00,0x00,0x00,0x00,0x00,0x00,0x00,0x00,0x00,0x00,0x00,
  0x00,0x00,0x00,0x00,0x00,0x00,0x00,0x00,0x00,0x00,0x00,0x00,
  0x00,0x00,0x00,0x00,0x01,0x7F,0xFF,0xFF,0xFF,0x80,0x00,0x00,
  0x00,0x00,0x00,0x00,0x00,0x00,0x00,0x00,0x00,0x00,0x00,0x00,
  0x00,0x00,0x00,0x00,0x00,0x00,0x00,0x00,0x00,0x00,0x00,0x00,
  0x00,0x00,0x00,0x00,0x00,0x00,0x00,0x02,0xB7,0x56,0xEA,0x00,
  0x00,0x00,0x00,0x00,0x00,0x00,0x00,0x00,0x00,0x00,0x00,0x00,
  0x00,0x00,0x00,0x00,0x00,0x00,0x00,0x00,0x00,0x00,0x00,0x00,
  0x00,0x00,0x00,0x00,0x00,0x00,0x00,0x00,0x00,0x00,0x00,0x00,
  0x00,0x00,0x00,0x00,0x00,0x00,0x00,0x00,0x00,0x00,0x00,0x00,
  0x00,0x00,0x00,0x00,0x00,0x00,0x00,0x00,0x00,0x00,0x00,0x00,
  0x00,0x00,0x00,0x00,0x00,0x00,0x00,0x00,0x00,0x00,0x00,0x00,
  0x00,0x00,0x00,0x00,0x00,0x00,0x00,0x00,0x00,0x00,0x00,0x00,
  0x00,0x00,0x00,0x00,0x00,0x00,0x00,0x00,0x00,0x00,0x00,0x00,
  0x00,0x00,0x00,0x00,0x00,0x00,0x00,0x00,0x00,0x00,0x00,0x00,
  0x00,0x00,0x00,0x00,0x00,0x00,0x00,0x00,0x00,0x00,0x00,0x00,
  0x00,0x00,0x00,0x00,0x00,0x00,0x00,0x00,0x00,0x00,0x00,0x00,
  0x00,0x00,0x00,0x00,0x00,0x00,0x00,0x00,0x00,0x00,0x00,0x00,
  0x00,0x00,0x00,0x00,0x00,0x00,0x00,0x00,0x00,0x00,0x00,0x00,
  0x00,0x00,0x00,0x00,0x00,0x00,0x00,0x00,0x00,0x00,0x00,0x00,
  0x00,0x00,0x00,0x00,0x00,0x00,0x00,0x00,0x00,0x00,0x00,0x00,
  0x00,0x00,0x00,0x00,0x00,0x00,0x00,0x00,0x00,0x00,0x00,0x00,
  0x00,0x00,0x00,0x00,0x00,0x00,0x00,0x00,0x00,0x00,0x00,0x00,
  0x00,0x00,0x00,0x00,0x00,0x00,0x00,0x00,0x00,0x00,0x00,0x00,
  0x00,0x00,0x00,0x00,0x00,0x00,0x00,0x00,0x00,0x00,0x00,0x00,
  0x00,0x00,0x00,0x00,0x00,0x00,0x00,0x00,0x00,0x00,0x00,0x00,
  0x00,0x00,0x00,0x00,0x00,0x00,0x00,0x00,0x00,0x00,0x00,0x00,
  0x00,0x00,0x00,0x00,0x00,0x00,0x00,0x00,0x00,0x00,0x00,0x00,
  0x00,0x00,0x00,0x00,0x00,0x00,0x00,0x00,0x00,0x00,0x00,0x00,
  0x00,0x00,0x00,0x00,0x00,0x00,0x00,0x00,0x00,0x00,0x00,0x00,
  0x00,0x00,0x00,0x00,0x00,0x00,0x00,0x00,0x00,0x00,0x00,0x00,
  0x00,0x00,0x00,0x00,0x00,0x00,0x00,0x00,0x00,0x00,0x00,0x00,
  0x00,0x00,0x00,0x00,0x00,0x00,0x00,0x00,0x00,0x00,0x00,0x00,
  0x00,0x00,0x00,0x00,0x00,0x00,0x00,0x00,0x00,0x00,0x00,0x00,
  0x00,0x00,0x00,0x00,0x00,0x00,0x00,0x00,0x00,0x00,0x00,0x00,
  0x00,0x00,0x00,0x00,0x00,0x00,0x00,0x00,0x00,0x00,0x00,0x00,
  0x00,0x00,0x00,0x00,0x00,0x00,0x00,0x00,0x00,0x00,0x00,0x00,
  0x00,0x00,0x00,0x00,0x00,0x00,0x00,0x00,0x00,0x00,0x00,0x00,
  0x00,0x00,0x00,0x00,0x00,0x00,0x00,0x00,0x00,0x00,0x00,0x00,
  0x00,0x00,0x00,0x00,0x00,0x00,0x00,0x00,0x00,0x00,0x00,0x00,
  0x00,0x00,0x00,0x00,0x00,0x00,0x00,0x00,0x00,0x00,0x00,0x00,
  0x00,0x00,0x00,0x00,0x00,0x00,0x00,0x00,0x00,0x00,0x00,0x00,
  0x00,0x00,0x00,0x00,0x00,0x00,0x00,0x00,0x00,0x00,0x00,0x00,
  0x00,0x00,0x00,0x00,0x00,0x00,0x00,0x00,0x00,0x00,0x00,0x00,
  0x00,0x00,0x00,0x00,0x00,0x00,0x00,0x00,0x00,0x00,0x00,0x00,
  0x00,0x00,0x00,0x00,0x00,0x00,0x00,0x00,0x00,0x00,0x00,0x00,
  0x00,0x00,0x00,0x00,0x00,0x00,0x00,0x00,0x00,0x00,0x00,0x00,
  0x00,0x00,0x00,0x00,0x00,0x00,0x00,0x00,0x00,0x00,0x00,0x00,
  0x00,0x00,0x00,0x00,0x00,0x00,0x00,0x00,0x00,0x00,0x00,0x00,
  0x00,0x00,0x00,0x00,0x00,0x00,0x00,0x00,0x00,0x00,0x00,0x00,
  0x00,0x00,0x00,0x00,0x00,0x00,0x00,0x00,0x00,0x00,0x00,0x00,
  0x00,0x00,0x00,0x00,0x00,0x00,0x00,0x00,0x00,0x00,0x00,0x00,
  0x00,0x00,0x00,0x00,0x00,0x00,0x00,0x00,0x00,0x00,0x00,0x00,
  0x00,0x00,0x00,0x00,0x00,0x00,0x00,0x00,0x00,0x00,0x00,0x00,
  0x00,0x00,0x00,0x00,0x00,0x00,0x00,0x00,0x00,0x00,0x00,0x00,
  0x00,0x00,0x00,0x00,0x00,0x00,0x00,0x00,0x00,0x00,0x00,0x00,
  0x00,0x00,0x00,0x00,0x00,0x00,0x00,0x00,0x00,0x00,0x00,0x00,
  0x00,0x00,0x00,0x00,0x00,0x00,0x00,0x00,0x00,0x00,0x00,0x00,
  0x00,0x00,0x00,0x00,0x00,0x00,0x00,0x00,0x00,0x00,0x00,0x00,
  0x00,0x00,0x00,0x00,0x00,0x00,0x00,0x00,0x00,0x00,0x00,0x00,
  0x00,0x00,0x00,0x00,0x00,0x00,0x00,0x00,0x00,0x00,0x00,0x00,
  0x00,0x00,0x00,0x00,0x00,0x00,0x00,0x00,0x00,0x00,0x00,0x00,
  0x00,0x00,0x00,0x00,0x00,0x00,0x00,0x00,0x00,0x00,0x00,0x00,
  0x00,0x00,0x00,0x00,0x00,0x00,0x00,0x00,0x00,0x00,0x00,0x00,
  0x00,0x00,0x00,0x00,0x00,0x00,0x00,0x00,0x00,0x00,0x00,0x00,
  0x00,0x00,0x00,0x00,0x00,0x00,0x00,0x00,0x00,0x00,0x00,0x00,
  0x00,0x00,0x00,0x00,0x00,0x00,0x00,0x00,0x00,0x00,0x00,0x00,
  0x00,0x00,0x00,0x00,0x00,0x00,0x00,0x00,0x00,0x00,0x00,0x00,
  0x00,0x00,0x00,0x00,0x00,0x00,0x00,0x00,0x00,0x00,0x00,0x00,
  0x00,0x00,0x00,0x00,0x00,0x00,0x00,0x00,0x00,0x00,0x00,0x00,
  0x00,0x00,0x00,0x00,0x00,0x00,0x00,0x00,0x00,0x00,0x02,0x00,
  0x00,0x00,0x00,0x00,0x00,0x00,0x00,0x00,0x00,0x00,0x00,0x00,
  0x00,0x00,0x00,0x00,0x00,0x00,0x00,0x00,0x00,0x00,0x00,0x00,
  0x00,0x00,0x00,0x00,0x00,0x00,0x00,0x00,0x00,0x00,0x00,0x00,
  0x00,0x00,0x08,0x00,0x00,0x00,0x00,0x00,0x00,0x00,0x00,0x00,
  0x00,0x00,0x00,0x00,0x00,0x00,0x00,0x00,0x00,0x00,0x00,0x00,
  0x00,0x00,0x00,0x00,0x00,0x00,0x00,0x00,0x00,0x00,0x00,0x00,
  0x00,0x00,0x00,0x00,0x20,0x84,0x00,0x00,0x00,0x00,0x00,0x00,
  0x00,0x00,0x00,0x00,0x00,0x00,0x00,0x00,0x00,0x00,0x00,0x00,
  0x00,0x00,0x00,0x00,0x00,0x00,0x00,0x00,0x00,0x00,0x00,0x00,
  0x00,0x00,0x00,0x00,0x44,0x40,0x00,0x00,0x00,0x00,0x00,0x00,
  0x00,0x00,0x00,0x00,0x00,0x00,0x00,0x00,0x00,0x00,0x00,0x00,
  0x00,0x00,0x00,0x00,0x00,0x00,0x00,0x00,0x00,0x00,0x00,0x00,
  0x00,0x00,0x00,0x00,0x00,0x00,0x00,0x00,0x00,0x20,0x80,0x00,
  0x00,0x00,0x00,0x00,0x00,0x00,0x00,0x00,0x00,0x00,0x00,0x00,
  0x00,0x00,0x00,0x00,0x00,0x00,0x00,0x00,0x00,0x00,0x00,0x00,
  0x00,0x00,0x00,0x00,0x00,0x00,0x00,0x04,0x00,0x00,0x04,0x80,
  0x00,0x00,0x00,0x00,0x00,0x00,0x00,0x00,0x00,0x00,0x00,0x00,
  0x00,0x00,0x00,0x00,0x00,0x00,0x00,0x00,0x00,0x00,0x00,0x00,
  0x00,0x00,0x00,0x00,0x00,0x00,0x00,0x00,0x00,0x10,0x49,0x00,
  0x20,0x04,0x00,0x00,0x00,0x00,0x00,0x00,0x00,0x00,0x00,0x00,
  0x00,0x00,0x00,0x00,0x00,0x00,0x00,0x00,0x00,0x00,0x00,0x00,
  0x00,0x00,0x00,0x00,0x00,0x00,0x00,0x00,0x00,0x00,0x00,0x80,
  0x00,0x00,0x00,0x00,0x00,0x00,0x00,0x00,0x00,0x00,0x00,0x00,
  0x00,0x00,0x00,0x00,0x00,0x00,0x00,0x00,0x00,0x00,0x00,0x00,
  0x00,0x00,0x00,0x00,0x00,0x00,0x00,0x00,0x00,0x00,0x00,0x00,
  0x02,0x01,0x00,0x00,0x04,0x20,0x84,0x80,0x00,0x00,0x00,0x00,
  0x00,0x00,0x00,0x00,0x00,0x00,0x00,0x00,0x00,0x00,0x00,0x00,
  0x00,0x00,0x00,0x00,0x00,0x00,0x00,0x00,0x00,0x00,0x00,0x00,
  0x00,0x00,0x08,0x04,0x08,0x80,0x10,0x82,0x10,0x00,0x00,0x00,
  0x00,0x00,0x00,0x00,0x00,0x00,0x00,0x00,0x00,0x00,0x00,0x00,
  0x00,0x00,0x00,0x00,0x00,0x00,0x00,0x00,0x00,0x00,0x00,0x00,
  0x00,0x00,0x00,0x00,0x40,0x10,0x20,0x00,0x00,0x00,0x00,0x00,
  0x00,0x00,0x00,0x00,0x00,0x00,0x00,0x00,0x00,0x00,0x00,0x00,
  0x00,0x00,0x00,0x00,0x00,0x00,0x00,0x00,0x00,0x00,0x00,0x00,
  0x00,0x00,0x00,0x00,0x00,0x01,0x00,0x40,0x00,0x00,0x00,0x08,
  0x00,0x24,0x00,0x00,0x00,0x00,0x00,0x00,0x00,0x00,0x00,0x00,
  0x00,0x00,0x00,0x00,0x00,0x00,0x00,0x00,0x00,0x00,0x00,0x00,
  0x00,0x00,0x00,0x00,0x00,0x00,0x00,0x44,0x00,0x00,0x82,0x40,
  0x24,0x40,0x42,0x00,0x40,0x00,0x00,0x00,0x00,0x00,0x00,0x00,
  0x00,0x00,0x00,0x00,0x00,0x00,0x00,0x00,0x00,0x00,0x00,0x00,
  0x00,0x00,0x00,0x00,0x00,0x00,0x00,0x00,0x04,0x00,0x09,0x02,
  0x08,0x00,0x00,0x01,0x08,0x00,0x00,0x00,0x00,0x00,0x00,0x00,
  0x00,0x00,0x00,0x00,0x00,0x00,0x00,0x00,0x00,0x00,0x00,0x00,
  0x00,0x00,0x00,0x00,0x00,0x00,0x00,0x00,0x00,0x00,0x20,0x00,
  0x20,0x08,0x00,0x00,0x01,0x04,0x00,0x44,0x09,0x00,0x00,0x00,
  0x00,0x00,0x00,0x00,0x00,0x00,0x00,0x00,0x00,0x00,0x00,0x00,
  0x00,0x00,0x00,0x00,0x00,0x00,0x00,0x00,0x00,0x00,0x00,0x04,
  0x80,0x21,0x00,0x20,0x20,0x80,0x24,0x10,0x00,0x00,0x80,0x00,
  0x00,0x00,0x00,0x00,0x00,0x00,0x00,0x00,0x00,0x00,0x00,0x00,
  0x00,0x00,0x00,0x00,0x00,0x00,0x00,0x00,0x00,0x00,0x00,0x00,
  0x00,0x40,0x02,0x04,0x01,0x00,0x02,0x00,0x00,0x00,0x22,0x00,
  0x00,0x20,0x00,0x00,0x00,0x00,0x00,0x00,0x00,0x00,0x00,0x00,
  0x00,0x00,0x00,0x00,0x00,0x00,0x00,0x00,0x00,0x00,0x00,0x00,
  0x00,0x00,0x02,0x00,0x08,0x00,0x08,0x01,0x00,0x00,0x00,0x40,
  0x80,0x48,0x24,0x00,0x00,0x00,0x00,0x00,0x00,0x00,0x00,0x00,
  0x00,0x00,0x00,0x00,0x00,0x00,0x00,0x00,0x00,0x00,0x00,0x00,
  0x00,0x00,0x00,0x00,0x48,0x12,0x00,0x40,0x40,0x10,0x20,0x00,
  0x24,0x04,0x00,0x01,0x00,0x84,0x80,0x80,0x00,0x00,0x00,0x00,
  0x00,0x00,0x00,0x00,0x00,0x00,0x00,0x00,0x00,0x00,0x00,0x00,
  0x00,0x00,0x00,0x00,0x00,0x02,0x00,0x00,0x40,0x08,0x01,0x02,
  0x04,0x80,0x00,0x10,0x09,0x00,0x00,0x00,0x12,0x04,0x00,0x00,
  0x00,0x00,0x00,0x00,0x00,0x00,0x00,0x00,0x00,0x00,0x00,0x00,
  0x00,0x00,0x00,0x00,0x00,0x01,0x08,0x10,0x00,0x80,0x02,0x01,
  0x08,0x00,0x00,0x00,0x01,0x00,0x40,0x10,0x22,0x10,0x00,0x00,
  0x44,0x40,0x00,0x00,0x00,0x00,0x00,0x00,0x00,0x00,0x00,0x00,
  0x00,0x00,0x00,0x00,0x00,0x00,0x00,0x04,0x20,0x80,0x22,0x08,
  0x10,0x40,0x00,0x48,0x90,0x00,0x24,0x01,0x00,0x42,0x00,0x01,
  0x00,0x20,0x00,0x04,0x00,0x00,0x00,0x00,0x00,0x00,0x00,0x00,
  0x00,0x00,0x00,0x00,0x00,0x00,0x00,0x00,0x00,0x20,0x00,0x01,
  0x00,0x01,0x00,0x08,0x41,0x00,0x02,0x40,0x00,0x24,0x09,0x00,
  0x08,0x40,0x20,0x82,0x01,0x00,0x44,0x00,0x00,0x00,0x00,0x00,
  0x00,0x00,0x00,0x00,0x00,0x00,0x00,0x00,0x00,0x40,0x01,0x00,
  0x00,0x04,0x00,0x20,0x02,0x01,0x08,0x02,0x00,0x00,0x00,0x80,
  0x00,0x00,0x80,0x04,0x04,0x00,0x24,0x10,0x00,0x40,0x00,0x00,
  0x00,0x00,0x00,0x00,0x00,0x00,0x00,0x00,0x00,0x80,0x24,0x04,
  0x10,0x01,0x09,0x20,0x12,0x00,0x48,0x20,0x00,0x20,0x48,0x00,
  0x24,0x00,0x40,0x12,0x11,0x10,0x00,0x08,0x80,0x01,0x01,0x04,
  0x92,0x49,0x00,0x00,0x00,0x00,0x00,0x00,0x00,0x00,0x04,0x04,
  0x80,0x00,0x80,0x10,0x20,0x00,0x40,0x09,0x00,0x00,0x02,0x04,
  0x01,0x00,0x00,0x09,0x09,0x00,0x00,0x00,0x90,0x80,0x00,0x40,
  0x10,0x00,0x00,0x00,0x11,0x00,0x21,0x24,0x00,0x00,0x44,0x48,
  0x90,0x10,0x00,0x80,0x02,0x40,0x00,0x04,0x00,0x80,0x01,0x09,
  0x20,0x10,0x00,0x20,0x00,0x80,0x00,0x00,0x40,0x40,0x02,0x02,
  0x04,0x04,0x00,0x10,0x00,0x00,0x00,0x11,0x04,0x00,0x02,0x44,
  0x00,0x00,0x00,0x00,0x02,0x12,0x08,0x02,0x02,0x20,0x04,0x00,
  0x24,0x20,0x08,0x80,0x92,0x00,0x24,0x10,0x20,0x49,0x04,0x04,
  0x00,0x10,0x20,0x00,0x44,0x40,0x88,0x88,0x80,0x40,0x00,0x00,
  0x90,0x00,0x00,0x00,0x00,0x80,0x20,0x00,0x20,0x00,0x48,0x01,
  0x20,0x24,0x80,0x00,0x00,0x02,0x00,0x00,0x00,0x01,0x04,0x00,
  0x01,0x00,0x90,0x40,0x01,0x21,0x00,0x02,0x00,0x00,0x09,0x00,
  0x10,0x22,0x00,0x01,0x24,0x92,0x42,0x02,0x00,0x00,0x00,0x20,
  0x00,0x44,0x00,0x80,0x00,0x04,0x82,0x20,0x00,0x80,0x02,0x44,
  0x00,0x84,0x20,0x22,0x02,0x02,0x08,0x04,0x01,0x00,0x02,0x00,
  0x20,0x04,0x80,0x80,0x01,0x24,0x00,0x00,0x08,0x10,0x09,0x24,
  0x81,0x04,0x81,0x00,0x04,0x00,0x09,0x20,0x20,0x00,0x48,0x00,
  0x20,0x00,0x20,0x10,0x04,0x00,0x00,0x08,0x40,0x00,0x10,0x10,
  0x20,0x49,0x00,0x00,0x02,0x00,0x10,0x00,0x00,0x00,0x00,0x00,
  0x80,0x00,0x08,0x00,0x08,0x00,0x90,0x09,0x20,0x00,0x04,0x49,
  0x02,0x00,0x08,0x10,0x84,0x00,0x80,0x08,0x48,0x40,0x01,0x20,
  0x40,0x41,0x00,0x00,0x02,0x20,0x08,0x08,0x80,0x00,0x22,0x22,
  0x20,0x42,0x00,0x00,0x00,0x20,0x20,0x12,0x00,0x40,0x00,0x09,
  0x00,0x00,0x00,0x40,0x01,0x00,0x00,0x82,0x11,0x20,0x01,0x00,
  0x10,0x04,0x04,0x00,0x09,0x00,0x20,0x04,0x40,0x00,0x04,0x88,
  0x80,0x00,0x02,0x00,0x24,0x92,0x42,0x04,0x80,0x80,0x01,0x00,
  0x84,0x80,0x21,0x00,0x20,0x00,0x20,0x22,0x02,0x10,0x00,0x01,
  0x00,0x04,0x80,0x00,0x00,0x08,0x40,0x12,0x00,0x80,0x00,0x42,
  0x10,0x00,0x00,0x88,0x80,0x08,0x00,0x00,0x08,0x10,0x02,0x00,
  0x48,0x08,0x00,0x10,0x04,0x12,0x04,0x80,0x04,0x00,0x48,0x00,
  0x04,0x04,0x24,0x10,0x04,0x91,0x21,0x21,0x00,0x40,0x08,0x01,
  0x09,0x08,0x00,0x20,0x12,0x00,0x10,0x40,0x80,0x00,0x00,0x80,
  0x08,0x12,0x00,0x21,0x10,0x42,0x40,0x40,0x40,0x00,0x00,0x88,
  0x00,0x22,0x40,0x90,0x00,0x40,0x20,0x00,0x04,0x00,0x09,0x00,
  0x81,0x10,0x20,0x00,0x41,0x02,0x40,0x00,0x02,0x02,0x09,0x24,
  0x90,0x02,0x40,0x00,0x02,0x00,0x02,0x00,0x00,0x01,0x02,0x00,
  0x20,0x01,0x00,0x80,0x10,0x00,0x01,0x02,0x00,0x44,0x00,0x00,
  0x00,0x04,0x10,0x02,0x00,0x00,0x04,0x00,0x00,0x24,0x80,0x08,
  0x00,0x00,0x00,0x20,0x00,0x88,0x90,0x04,0x40,0x00,0x12,0x08,
  0x08,0x00,0x04,0x20,0x24,0x00,0x02,0x01,0x24,0x00,0x44,0x00,
  0x90,0x89,0x20,0x10,0x00,0x08,0x02,0x24,0x80,0x10,0x04,0x80,
  0x10,0x80,0x20,0x00,0x04,0x80,0x12,0x00,0x00,0x90,0x08,0x92,
  0x40,0x40,0x20,0x40,0x10,0x84,0x00,0x12,0x40,0x48,0x00,0x10,
  0x01,0x10,0x00,0x00,0x04,0x40,0x84,0x80,0x48,0x00,0x10,0x42,
  0x40,0x00,0x02,0x00,0x84,0x92,0x40,0x09,0x00,0x22,0x04,0x00,
  0x00,0x00,0x01,0x01,0x00,0x00,0x00,0x00,0x41,0x00,0x08,0x00,
  0x10,0x42,0x10,0x00,0x04,0x20,0x00,0x00,0x10,0x10,0x00,0x40,
  0x01,0x00,0x08,0x12,0x40,0x24,0x00,0x00,0x10,0x00,0x20,0x00,
  0x40,0x02,0x42,0x01,0x08,0x08,0x02,0x00,0x22,0x11,0x08,0x01,
  0x01,0x02,0x41,0x00,0x40,0x44,0x90,0x84,0x91,0x04,0x00,0x01,
  0x01,0x09,0x04,0x04,0x00,0x80,0x08,0x00,0x00,0x41,0x02,0x40,
  0x82,0x08,0x08,0x90,0x08,0x24,0x00,0x20,0x20,0x40,0x00,0x00,
  0x00,0x48,0x20,0x20,0x00,0x01,0x02,0x00,0x00,0x00,0x00,0x10,
  0x81,0x20,0x24,0x00,0x20,0x10,0x82,0x00,0x00,0x81,0x24,0x08,
  0x00,0x08,0x00,0x41,0x00,0x00,0x20,0x00,0x22,0x01,0x04,0x00,
  0x08,0x84,0x02,0x00,0x00,0x04,0x08,0x10,0x08,0x10,0x42,0x10,
  0x44,0x40,0x10,0x04,0x00,0x00,0x80,0x40,0x10,0x12,0x42,0x10,
  0x01,0x00,0x48,0x21,0x08,0x00,0x22,0x09,0x01,0x10,0x80,0x04,
  0x00,0x00,0x20,0x10,0x48,0x04,0x89,0x10,0x81,0x04,0x00,0x42,
  0x00,0x02,0x00,0x01,0x02,0x00,0x80,0x48,0x04,0x00,0x00,0x40,
  0x08,0x02,0x00,0x22,0x01,0x00,0x21,0x10,0x00,0x40,0x00,0x00,
  0x08,0x90,0x21,0x00,0x00,0x00,0x00,0x40,0x00,0x00,0x10,0x20,
  0x41,0x00,0x10,0x80,0x11,0x04,0x08,0x40,0x12,0x01,0x00,0x04,
  0x89,0x00,0x80,0x08,0x48,0x00,0x00,0x04,0x00,0x04,0x88,0x00,
  0x48,0x44,0x00,0x00,0x84,0x00,0x04,0x82,0x01,0x08,0x20,0x82,
  0x00,0x81,0x08,0x00,0x82,0x10,0x80,0x10,0x20,0x09,0x00,0x04,
  0x11,0x20,0x00,0x04,0x01,0x20,0x01,0x08,0x48,0x40,0x04,0x40,
  0x01,0x12,0x01,0x00,0x82,0x00,0x00,0x40,0x20,0x10,0x48,0x01,
  0x04,0x10,0x44,0x00,0x00,0x12,0x00,0x02,0x04,0x40,0x00,0x00,
  0x00,0x90,0x00,0x00,0x40,0x10,0x24,0x00,0x04,0x21,0x01,0x01,
  0x20,0x00,0x20,0x00,0x00,0x08,0x10,0x48,0x10,0x00,0x00,0x40,
  0x00,0x20,0x00,0x00,0x00,0x08,0x21,0x00,0x10,0x40,0x10,0x01,
  0x02,0x44,0x24,0x00,0x44,0x09,0x09,0x00,0x80,0x02,0x40,0x00,
  0x04,0x10,0x01,0x12,0x04,0x20,0x92,0x20,0x40,0x01,0x01,0x00,
  0x09,0x02,0x11,0x02,0x21,0x04,0x10,0x81,0x04,0x08,0x02,0x08,
  0x40,0x04,0x20,0x00,0x80,0x01,0x00,0x80,0x00,0x22,0x00,0x90,
  0x10,0x80,0x20,0x02,0x08,0x00,0x80,0x82,0x00,0x01,0x02,0x04,
  0x20,0x00,0x20,0x00,0x40,0x08,0x04,0x20,0x82,0x10,0x00,0x40,
  0x80,0x01,0x01,0x20,0x04,0x20,0x01,0x24,0x10,0x10,0x20,0x80,
  0x08,0x00,0x02,0x09,0x00,0x40,0x40,0x40,0x10,0x00,0x00,0x80,
  0x08,0x40,0x04,0x40,0x00,0x11,0x00,0x40,0x00,0x00,0x00,0x00,
  0x40,0x02,0x10,0x80,0x04,0x00,0x80,0x84,0x10,0x00,0x02,0x02,
  0x04,0x00,0x20,0x04,0x80,0x00,0x09,0x08,0x01,0x08,0x00,0x10,
  0x48,0x08,0x00,0x08,0x80,0x00,0x04,0x80,0x04,0x00,0x90,0x89,
  0x10,0x44,0x09,0x10,0x02,0x10,0x10,0x08,0x10,0x00,0x82,0x00,
  0x80,0x40,0x40,0x09,0x02,0x40,0x10,0x44,0x40,0x01,0x10,0x01,
  0x04,0x82,0x01,0x01,0x21,0x00,0x08,0x80,0x20,0x04,0x10,0x88,
  0x00,0x00,0x02,0x00,0x80,0x00,0x40,0x04,0x80,0x40,0x02,0x10,
  0x00,0x48,0x10,0x08,0x01,0x20,0x00,0x08,0x42,0x00,0x00,0x00,
  0x02,0x00,0x40,0x00,0x04,0x20,0x04,0x20,0x20,0x00,0x00,0x20,
  0x40,0x01,0x04,0x20,0x40,0x02,0x00,0x42,0x08,0x40,0x01,0x02,
  0x40,0x02,0x10,0x01,0x02,0x01,0x10,0x00,0x48,0x21,0x00,0x11,
  0x09,0x24,0x08,0x24,0x08,0x20,0x90,0x04,0x00,0x04,0x80,0x00,
  0x09,0x01,0x02,0x20,0x20,0x84,0x08,0x48,0x12,0x08,0x01,0x00,
  0x24,0x08,0x00,0x80,0x42,0x04,0x00,0x40,0x02,0x04,0x01,0x00,
  0x00,0x80,0x20,0x00,0x80,0x00,0x01,0x04,0x00,0x00,0x90,0x00,
  0x02,0x40,0x20,0x08,0x00,0x04,0x00,0x00,0x01,0x00,0x00,0x00,
  0x40,0x09,0x00,0x00,0x12,0x10,0x00,0x40,0x21,0x08,0x40,0x20,
  0x00,0x00,0x12,0x04,0x00,0x00,0x10,0x81,0x20,0x00,0x01,0x20,
  0x01,0x20,0x08,0x00,
};
static const uint8_t branded_asa[] PROGMEM = {
  0x00,0x00,0x00,0x00,0x00,0x00,0x00,0x00,0x00,0x00,0x00,0x00,
  0x00,0x00,0x00,0x00,0x00,0x00,0x00,0x00,0x00,0x00,0x00,0x00,
  0x00,0x00,0x00,0x00,0x00,0x00,0x00,0x00,0x00,0x00,0x00,0x00,
  0x00,0x00,0x00,0x00,0x00,0x00,0x00,0x00,0x00,0x00,0x00,0x00,
  0x00,0x00,0x00,0x00,0x00,0x00,0x00,0x00,0x00,0x00,0x00,0x00,
  0x00,0x00,0x00,0x55,0x5B,0x7B,0x00,0x00,0x00,0x00,0x00,0x00,
  0x00,0x00,0x00,0x00,0x00,0x00,0x00,0x00,0x00,0x00,0x00,0x00,
  0x00,0x00,0x00,0x00,0x00,0x00,0x00,0x00,0x00,0x00,0x00,0x00,
  0x00,0x00,0x00,0x00,0x00,0x00,0x00,0x00,0x00,0x00,0x00,0x00,
  0x00,0x00,0x00,0x00,0x00,0x00,0x00,0x00,0x00,0x00,0x00,0x00,
  0x00,0x00,0x00,0x00,0x00,0x00,0x00,0x00,0x00,0x00,0x01,0xFF,
  0xFF,0xFF,0x00,0x00,0x00,0x00,0x00,0x00,0x00,0x00,0x00,0x00,
  0x00,0x00,0x00,0x00,0x00,0x00,0x00,0x00,0x00,0x00,0x00,0x00,
  0x00,0x00,0x00,0x00,0x00,0x00,0x00,0x00,0x00,0x00,0x00,0x00,
  0x00,0x00,0x00,0x00,0x00,0x00,0x00,0x00,0x00,0x00,0x00,0x00,
  0x00,0x00,0x00,0x00,0x00,0x00,0x00,0x00,0x00,0x00,0x00,0x00,
  0x00,0x00,0x00,0x00,0x00,0x00,0x01,0xFF,0xFF,0xFF,0x00,0x00,
  0x00,0x00,0x00,0x00,0x00,0x00,0x00,0x00,0x00,0x00,0x00,0x00,
  0x00,0x00,0x00,0x00,0x00,0x00,0x00,0x00,0x00,0x00,0x00,0x00,
  0x00,0x00,0x00,0x00,0x00,0x00,0x00,0x00,0x00,0x00,0x00,0x00,
  0x00,0x00,0x00,0x00,0x00,0x00,0x00,0x00,0x00,0x00,0x00,0x00,
  0x00,0x00,0x00,0x00,0x00,0x00,0x00,0x00,0x00,0x00,0x00,0x00,
  0x00,0x00,0x0B,0xFF,0xFD,0xAA,0x00,0x00,0x00,0x00,0x00,0x00,
  0x00,0x00,0x00,0x00,0x00,0x00,0x00,0x00,0x00,0x00,0x00,0x00,
  0x00,0x00,0x00,0x00,0x00,0x00,0x00,0x00,0x00,0x00,0x00,0x00,
  0x00,0x00,0x00,0x00,0x00,0x00,0x00,0x00,0x00,0x00,0x00,0x00,
  0x00,0x00,0x00,0x00,0x00,0x00,0x00,0x00,0x00,0x00,0x00,0x00,
  0x00,0x00,0x00,0x00,0x00,0x00,0x00,0x00,0x00,0x00,0x0B,0xFF,
  0xEF,0xFF,0x00,0x00,0x00,0x00,0x00,0x00,0x00,0x00,0x00,0x00,
  0x00,0x00,0x00,0x00,0x00,0x00,0x00,0x00,0x00,0x00,0x00,0x00,
  0x00,0x00,0x00,0x00,0x00,0x00,0x00,0x00,0x00,0x00,0x00,0x00,
  0x00,0x00,0x00,0x00,0x00,0x00,0x00,0x00,0x00,0x00,0x00,0x00,
  0x00,0x00,0x00,0x00,0x00,0x00,0x00,0x00,0x00,0x00,0x00,0x00,
  0x00,0x00,0x00,0x00,0x00,0x00,0x17,0xDD,0xFF,0xFE,0x00,0x00,
  0x00,0x00,0x00,0x00,0x00,0x00,0x00,0x00,0x00,0x00,0x00,0x00,
  0x00,0x00,0x00,0x00,0x00,0x00,0x00,0x00,0x00,0x00,0x00,0x00,
  0x00,0x00,0x00,0x00,0x00,0x00,0x00,0x00,0x00,0x00,0x00,0x00,
  0x00,0x00,0x00,0x00,0x00,0x00,0x00,0x00,0x00,0x00,0x00,0x00,
  0x00,0x00,0x00,0x00,0x00,0x00,0x00,0x00,0x00,0x00,0x00,0x00,
  0x00,0x00,0x2F,0xFF,0xFF,0xFE,0x00,0x00,0x00,0x00,0x00,0x00,
  0x00,0x00,0x00,0x00,0x00,0x00,0x00,0x00,0x00,0x00,0x00,0x00,
  0x00,0x00,0x00,0x00,0x00,0x00,0x00,0x00,0x00,0x00,0x00,0x00,
  0x00,0x00,0x00,0x00,0x00,0x00,0x00,0x00,0x00,0x00,0x00,0x00,
  0x00,0x00,0x00,0x00,0x00,0x00,0x00,0x00,0x00,0x00,0x00,0x00,
  0x00,0x00,0x00,0x00,0x00,0x00,0x00,0x00,0x00,0x00,0x5F,0xFF,
  0xBF,0xFE,0x00,0x00,0x00,0x00,0x00,0x00,0x00,0x00,0x00,0x00,
  0x00,0x00,0x00,0x00,0x00,0x00,0x00,0x00,0x00,0x00,0x00,0x00,
  0x00,0x00,0x00,0x00,0x00,0x00,0x00,0x00,0x00,0x00,0x00,0x00,
  0x00,0x00,0x00,0x00,0x00,0x00,0x00,0x00,0x00,0x00,0x00,0x00,
  0x00,0x00,0x00,0x00,0x00,0x00,0x00,0x00,0x00,0x00,0x00,0x00,
  0x00,0x00,0x00,0x00,0x00,0x00,0xBF,0xF7,0xF7,0xFC,0x00,0x00,
  0x00,0x00,0x00,0x00,0x00,0x00,0x00,0x00,0x00,0x00,0x00,0x00,
  0x00,0x00,0x00,0x00,0x00,0x00,0x00,0x00,0x00,0x00,0x00,0x00,
  0x00,0x00,0x00,0x00,0x00,0x00,0x00,0x00,0x00,0x00,0x00,0x00,
  0x00,0x00,0x00,0x00,0x00,0x00,0x00,0x00,0x00,0x00,0x00,0x00,
  0x00,0x00,0x00,0x00,0x00,0x00,0x00,0x00,0x00,0x00,0x00,0x00,
  0x00,0x01,0x7F,0x7F,0xFF,0xFC,0x00,0x00,0x00,0x00,0x00,0x00,
  0x00,0x00,0x00,0x00,0x00,0x00,0x00,0x00,0x00,0x00,0x00,0x00,
  0x00,0x00,0x00,0x00,0x00,0x00,0x00,0x00,0x00,0x00,0x00,0x00,
  0x00,0x00,0x00,0x00,0x00,0x00,0x00,0x00,0x00,0x00,0x00,0x00,
  0x00,0x00,0x00,0x00,0x00,0x00,0x00,0x00,0x00,0x00,0x00,0x00,
  0x00,0x00,0x00,0x00,0x00,0x00,0x00,0x00,0x00,0x00,0xFF,0xFF,
  0xFF,0xBC,0x00,0x00,0x00,0x00,0x00,0x00,0x00,0x00,0x00,0x00,
  0x00,0x00,0x00,0x00,0x00,0x00,0x00,0x00,0x00,0x00,0x00,0x00,
  0x00,0x00,0x00,0x00,0x00,0x00,0x00,0x00,0x00,0x00,0x00,0x00,
  0x00,0x00,0x00,0x00,0x00,0x00,0x00,0x00,0x00,0x00,0x00,0x00,
  0x00,0x00,0x00,0x00,0x00,0x00,0x00,0x00,0x00,0x00,0x00,0x00,
  0x00,0x00,0x00,0x00,0x00,0x02,0xF7,0xFE,0xFF,0xF8,0x00,0x00,
  0x00,0x00,0x00,0x00,0x00,0x00,0x00,0x00,0x00,0x00,0x00,0x00,
  0x00,0x00,0x00,0x00,0x00,0x00,0x00,0x00,0x00,0x00,0x00,0x00,
  0x00,0x00,0x00,0x00,0x00,0x00,0x00,0x00,0x00,0x00,0x00,0x00,
  0x00,0x00,0x00,0x00,0x00,0x00,0x00,0x00,0x00,0x00,0x00,0x00,
  0x00,0x00,0x00,0x00,0x00,0x00,0x00,0x00,0x00,0x00,0x00,0x00,
  0x00,0x05,0xFF,0xDF,0xFD,0xF8,0x00,0x00,0x00,0x00,0x00,0x00,
  0x00,0x00,0x00,0x00,0x00,0x00,0x00,0x00,0x00,0x00,0x00,0x00,
  0x00,0x00,0x00,0x00,0x00,0x00,0x00,0x00,0x00,0x00,0x00,0x00,
  0x00,0x00,0x00,0x00,0x00,0x00,0x00,0x00,0x00,0x00,0x00,0x00,
  0x00,0x00,0x00,0x00,0x00,0x00,0x00,0x00,0x00,0x00,0x00,0x00,
  0x00,0x00,0x00,0x00,0x00,0x00,0x00,0x00,0x00,0x0B,0xFE,0xFF,
  0xEF,0xF8,0x00,0x00,0x00,0x00,0x00,0x00,0x00,0x00,0x00,0x00,
  0x00,0x00,0x00,0x00,0x00,0x00,0x00,0x00,0x00,0x00,0x00,0x00,
  0x00,0x00,0x00,0x00,0x00,0x00,0x00,0x00,0x00,0x00,0x00,0x00,
  0x00,0x00,0x00,0x00,0x00,0x00,0x00,0x00,0x00,0x00,0x00,0x00,
  0x00,0x00,0x00,0x00,0x00,0x00,0x00,0x00,0x00,0x00,0x00,0x00,
  0x00,0x00,0x00,0x00,0x00,0x17,0xEF,0xFB,0xFF,0xF8,0x00,0x00,
  0x00,0x00,0x00,0x00,0x00,0x00,0x00,0x00,0x00,0x00,0x00,0x00,
  0x00,0x00,0x00,0x00,0x00,0x00,0x00,0x00,0x00,0x00,0x00,0x00,
  0x00,0x00,0x00,0x00,0x00,0x00,0x00,0x00,0x00,0x00,0x00,0x00,
  0x00,0x00,0x00,0x00,0x00,0x00,0x00,0x00,0x00,0x00,0x00,0x00,
  0x00,0x00,0x00,0x00,0x00,0x00,0x00,0x00,0x00,0x00,0x00,0x00,
  0x00,0x2F,0xFF,0xFF,0xFF,0xF0,0x00,0x00,0x00,0x00,0x00,0x00,
  0x00,0x00,0x00,0x00,0x00,0x00,0x00,0x00,0x00,0x00,0x00,0x00,
  0x00,0x00,0x00,0x00,0x00,0x00,0x00,0x00,0x00,0x00,0x00,0x00,
  0x00,0x00,0x00,0x00,0x00,0x00,0x00,0x00,0x00,0x00,0x00,0x00,
  0x00,0x00,0x00,0x00,0x00,0x00,0x00,0x00,0x00,0x00,0x00,0x00,
  0x00,0x00,0x00,0x00,0x00,0x00,0x00,0x00,0x00,0x0A,0x7F,0xFF,
  0xFF,0xD0,0x00,0x00,0x00,0x00,0x00,0x00,0x00,0x00,0x00,0x00,
  0x00,0x00,0x00,0x00,0x00,0x00,0x00,0x00,0x00,0x00,0x00,0x00,
  0x00,0x00,0x00,0x00,0x00,0x00,0x00,0x00,0x00,0x00,0x00,0x00,
  0x00,0x00,0x00,0x00,0x00,0x00,0x00,0x00,0x00,0x00,0x00,0x00,
  0x00,0x00,0x00,0x00,0x00,0x00,0x00,0x00,0x00,0x00,0x00,0x00,
  0x00,0x00,0x00,0x00,0x00,0x55,0x05,0xDF,0x7F,0xF0,0x00,0x00,
  0x00,0x00,0x00,0x00,0x00,0x00,0x00,0x00,0x00,0x00,0x00,0x00,
  0x00,0x00,0x00,0x00,0x00,0x00,0x00,0x00,0x00,0x00,0x00,0x00,
  0x00,0x00,0x00,0x00,0x00,0x00,0x00,0x00,0x00,0x00,0x00,0x00,
  0x00,0x00,0x00,0x00,0x00,0x00,0x00,0x00,0x00,0x00,0x00,0x00,
  0x00,0x00,0x00,0x00,0x00,0x00,0x00,0x00,0x00,0x00,0x00,0x00,
  0x00,0xA8,0xAA,0xFD,0xF7,0xF0,0x00,0x00,0x00,0x00,0x00,0x00,
  0x00,0x00,0x00,0x00,0x00,0x00,0x00,0x00,0x00,0x00,0x00,0x00,
  0x00,0x00,0x00,0x00,0x00,0x00,0x00,0x00,0x00,0x00,0x00,0x00,
  0x00,0x00,0x00,0x00,0x00,0x00,0x00,0x00,0x00,0x00,0x00,0x00,
  0x00,0x00,0x00,0x00,0x00,0x00,0x00,0x00,0x00,0x00,0x00,0x00,
  0x00,0x00,0x00,0x00,0x00,0x00,0x00,0x00,0x01,0x56,0x90,0x3F,
  0xFF,0x60,0x00,0x00,0x00,0x00,0x00,0x00,0x00,0x00,0x00,0x00,
  0x00,0x00,0x00,0x00,0x00,0x00,0x00,0x00,0x00,0x00,0x00,0x00,
  0x00,0x00,0x00,0x00,0x00,0x00,0x00,0x00,0x00,0x00,0x00,0x00,
  0x00,0x00,0x00,0x00,0x00,0x00,0x00,0x00,0x00,0x00,0x00,0x00,
  0x00,0x00,0x00,0x00,0x00,0x00,0x00,0x00,0x00,0x00,0x00,0x00,
  0x00,0x00,0x00,0x00,0x02,0x7A,0xA5,0x47,0xFF,0xE0,0x00,0x00,
  0x00,0x00,0x00,0x00,0x00,0x00,0x00,0x00,0x00,0x00,0x00,0x00,
  0x00,0x00,0x00,0x00,0x00,0x00,0x00,0x00,0x00,0x00,0x00,0x00,
  0x00,0x00,0x00,0x00,0x00,0x00,0x00,0x00,0x00,0x00,0x00,0x00,
  0x00,0x00,0x00,0x00,0x00,0x00,0x00,0x00,0x00,0x00,0x00,0x00,
  0x00,0x00,0x00,0x00,0x00,0x00,0x00,0x00,0x00,0x00,0x00,0x00,
  0x01,0xF5,0x55,0x2B,0xFF,0xE0,0x00,0x00,0x00,0x00,0x00,0x00,
  0x00,0x00,0x00,0x00,0x00,0x00,0x00,0x00,0x00,0x00,0x00,0x00,
  0x00,0x00,0x00,0x00,0x00,0x00,0x00,0x00,0x00,0x00,0x00,0x00,
  0x00,0x00,0x00,0x00,0x00,0x00,0x00,0x00,0x00,0x00,0x00,0x00,
  0x00,0x00,0x00,0x00,0x00,0x00,0x00,0x00,0x00,0x00,0x00,0x00,
  0x00,0x00,0x00,0x00,0x00,0x00,0x00,0x00,0x0B,0xFB,0xED,0x48,
  0xFF,0xC0,0x00,0x00,0x00,0x00,0x00,0x00,0x00,0x00,0x00,0x00,
  0x00,0x00,0x00,0x00,0x00,0x00,0x00,0x00,0x00,0x00,0x00,0x00,
  0x00,0x00,0x00,0x00,0x00,0x00,0x00,0x00,0x00,0x00,0x00,0x00,
  0x00,0x00,0x00,0x00,0x00,0x00,0x00,0x00,0x00,0x00,0x00,0x00,
  0x00,0x00,0x00,0x00,0x00,0x00,0x00,0x00,0x00,0x00,0x00,0x00,
  0x00,0x00,0x00,0x00,0x0B,0xFF,0xFF,0xD2,0x3B,0xC0,0x00,0x00,
  0x00,0x00,0x00,0x00,0x00,0x00,0x00,0x00,0x00,0x00,0x00,0x00,
  0x00,0x00,0x00,0x00,0x00,0x00,0x00,0x00,0x00,0x00,0x00,0x00,
  0x00,0x00,0x00,0x00,0x00,0x00,0x00,0x00,0x00,0x00,0x00,0x00,
  0x00,0x00,0x00,0x00,0x00,0x00,0x00,0x00,0x00,0x00,0x00,0x00,
  0x00,0x00,0x00,0x00,0x00,0x00,0x00,0x00,0x00,0x00,0x00,0x00,
  0x17,0xDF,0x7F,0xD5,0x4F,0xC0,0x00,0x00,0x00,0x00,0x00,0x00,
  0x00,0x00,0x00,0x00,0x00,0x00,0x00,0x00,0x00,0x00,0x00,0x00,
  0x00,0x00,0x00,0x00,0x00,0x00,0x00,0x00,0x00,0x00,0x00,0x00,
  0x00,0x00,0x00,0x00,0x00,0x00,0x00,0x00,0x00,0x00,0x00,0x00,
  0x00,0x00,0x00,0x00,0x00,0x00,0x00,0x00,0x00,0x00,0x00,0x00,
  0x00,0x00,0x00,0x00,0x00,0x00,0x00,0x00,0x2F,0xFF,0xFF,0xEA,
  0xAB,0x80,0x00,0x00,0x00,0x00,0x00,0x00,0x00,0x00,0x00,0x00,
  0x00,0x00,0x00,0x00,0x00,0x00,0x00,0x00,0x00,0x00,0x00,0x00,
  0x00,0x00,0x00,0x00,0x00,0x00,0x00,0x00,0x00,0x00,0x00,0x00,
  0x00,0x00,0x00,0x00,0x00,0x00,0x00,0x00,0x00,0x00,0x00,0x00,
  0x00,0x00,0x00,0x00,0x00,0x00,0x00,0x00,0x00,0x00,0x00,0x00,
  0x00,0x00,0x00,0x00,0x5F,0x7D,0xFB,0xFD,0x25,0xC0,0x00,0x00,
  0x00,0x00,0x00,0x00,0x00,0x00,0x00,0x00,0x00,0x00,0x00,0x00,
  0x00,0x00,0x00,0x00,0x00,0x00,0x00,0x00,0x00,0x00,0x00,0x00,
  0x00,0x00,0x00,0x00,0x00,0x00,0x00,0x00,0x00,0x00,0x00,0x00,
  0x00,0x00,0x00,0x00,0x00,0x00,0x00,0x00,0x00,0x00,0x00,0x00,
  0x00,0x00,0x00,0x00,0x00,0x00,0x00,0x00,0x00,0x00,0x00,0x00,
  0x5D,0xFF,0xEF,0xBF,0x95,0x80,0x00,0x00,0x00,0x00,0x00,0x00,
  0x00,0x00,0x00,0x00,0x00,0x00,0x00,0x00,0x00,0x00,0x00,0x00,
  0x00,0x00,0x00,0x00,0x00,0x00,0x00,0x00,0x00,0x00,0x00,0x00,
  0x00,0x00,0x00,0x00,0x00,0x00,0x00,0x00,0x00,0x00,0x00,0x00,
  0x00,0x00,0x00,0x00,0x00,0x00,0x00,0x00,0x00,0x00,0x00,0x00,
  0x00,0x00,0x00,0x00,0x00,0x00,0x00,0x00,0xBF,0xF7,0xFF,0xFF,
  0x6A,0x00,0x00,0x00,0x00,0x00,0x00,0x00,0x00,0x00,0x00,0x00,
  0x00,0x00,0x00,0x00,0x00,0x00,0x00,0x00,0x00,0x00,0x00,0x00,
  0x00,0x00,0x00,0x00,0x00,0x00,0x00,0x00,0x00,0x00,0x00,0x00,
  0x00,0x00,0x00,0x00,0x00,0x00,0x00,0x00,0x00,0x00,0x00,0x00,
  0x00,0x00,0x00,0x00,0x00,0x00,0x00,0x00,0x00,0x00,0x00,0x00,
  0x00,0x00,0x00,0x01,0x7F,0xFF,0xFF,0xFF,0xF5,0x00,0x00,0x00,
  0x00,0x00,0x00,0x00,0x00,0x00,0x00,0x00,0x00,0x00,0x00,0x00,
  0x00,0x00,0x00,0x00,0x00,0x00,0x00,0x00,0x00,0x00,0x00,0x00,
  0x00,0x00,0x00,0x00,0x00,0x00,0x00,0x00,0x00,0x00,0x00,0x00,
  0x00,0x00,0x00,0x00,0x00,0x00,0x00,0x00,0x00,0x00,0x00,0x00,
  0x00,0x00,0x00,0x00,0x00,0x00,0x00,0x00,0x00,0x00,0x00,0x02,
  0xFF,0xDF,0xBF,0xFF,0xD9,0x00,0x00,0x00,0x00,0x00,0x00,0x00,
  0x00,0x00,0x00,0x00,0x00,0x00,0x00,0x00,0x00,0x00,0x00,0x00,
  0x00,0x00,0x00,0x00,0x00,0x00,0x00,0x00,0x00,0x00,0x00,0x00,
  0x00,0x00,0x00,0x00,0x00,0x00,0x00,0x00,0x00,0x00,0x00,0x00,
  0x00,0x00,0x00,0x00,0x00,0x00,0x00,0x00,0x00,0x00,0x00,0x00,
  0x00,0x00,0x00,0x00,0x00,0x00,0x00,0x05,0xF6,0xFF,0xFD,0xDF,
  0xF6,0x00,0x00,0x00,0x00,0x00,0x00,0x00,0x00,0x00,0x00,0x00,
  0x00,0x00,0x00,0x00,0x00,0x00,0x00,0x00,0x00,0x00,0x00,0x00,
  0x00,0x00,0x00,0x00,0x00,0x00,0x00,0x00,0x00,0x00,0x00,0x00,
  0x00,0x00,0x00,0x00,0x00,0x00,0x00,0x00,0x00,0x00,0x00,0x00,
  0x00,0x00,0x00,0x00,0x00,0x00,0x00,0x00,0x00,0x00,0x00,0x00,
  0x00,0x00,0x00,0x0B,0xFF,0xFE,0xFF,0xFF,0xFF,0x00,0x00,0x00,
  0x00,0x00,0x00,0x00,0x00,0x00,0x00,0x00,0x00,0x00,0x00,0x00,
  0x00,0x00,0x00,0x00,0x00,0x00,0x00,0x00,0x00,0x00,0x00,0x00,
  0x00,0x00,0x00,0x00,0x00,0x00,0x00,0x00,0x00,0x00,0x00,0x00,
  0x00,0x00,0x00,0x00,0x00,0x00,0x00,0x00,0x00,0x00,0x00,0x00,
  0x00,0x00,0x00,0x00,0x00,0x00,0x00,0x00,0x00,0x00,0x00,0x0B,
  0xBF,0xFF,0xFF,0xED,0xFE,0x00,0x00,0x00,0x00,0x00,0x00,0x00,
  0x00,0x00,0x00,0x00,0x00,0x00,0x00,0x00,0x00,0x00,0x00,0x00,
  0x00,0x00,0x00,0x00,0x00,0x00,0x00,0x00,0x00,0x00,0x00,0x00,
  0x00,0x00,0x00,0x00,0x00,0x00,0x00,0x00,0x00,0x00,0x00,0x00,
  0x00,0x00,0x00,0x00,0x00,0x00,0x00,0x00,0x00,0x00,0x00,0x00,
  0x00,0x00,0x00,0x00,0x00,0x00,0x00,0x17,0xFF,0xF7,0xF7,0xEB,
  0xFE,0x00,0x00,0x00,0x00,0x00,0x00,0x00,0x00,0x00,0x00,0x00,
  0x00,0x00,0x00,0x00,0x00,0x00,0x00,0x00,0x00,0x00,0x00,0x00,
  0x00,0x00,0x00,0x00,0x00,0x00,0x00,0x00,0x00,0x00,0x00,0x00,
  0x00,0x00,0x00,0x00,0x00,0x00,0x00,0x00,0x00,0x00,0x00,0x00,
  0x00,0x00,0x00,0x00,0x00,0x00,0x00,0x00,0x00,0x00,0x00,0x00,
  0x00,0x00,0x00,0x2F,0xFB,0xBF,0xFF,0xBA,0x7E,0x00,0x00,0x00,
  0x00,0x00,0x00,0x00,0x00,0x00,0x00,0x00,0x00,0x00,0x00,0x00,
  0x00,0x00,0x00,0x00,0x00,0x00,0x00,0x00,0x00,0x00,0x00,0x00,
  0x00,0x00,0x00,0x00,0x00,0x00,0x00,0x00,0x00,0x00,0x00,0x00,
  0x00,0x00,0x00,0x00,0x00,0x00,0x00,0x00,0x00,0x00,0x00,0x00,
  0x00,0x00,0x00,0x00,0x00,0x00,0x00,0x00,0x00,0x00,0x00,0x5E,
  0xEF,0xFF,0xDF,0xFD,0xB6,0x00,0x00,0x00,0x00,0x00,0x00,0x00,
  0x00,0x00,0x00,0x00,0x00,0x00,0x00,0x00,0x00,0x00,0x00,0x00,
  0x00,0x00,0x00,0x00,0x00,0x00,0x00,0x00,0x00,0x00,0x00,0x00,
  0x00,0x00,0x00,0x00,0x00,0x00,0x00,0x00,0x00,0x00,0x00,0x00,
  0x00,0x00,0x00,0x00,0x00,0x00,0x00,0x00,0x00,0x00,0x00,0x00,
  0x00,0x00,0x00,0x00,0x00,0x00,0x00,0xBF,0xFF,0xFF,0x7F,0xFF,
  0x5C,0x00,0x00,0x00,0x00,0x00,0x00,0x00,0x00,0x00,0x00,0x00,
  0x00,0x00,0x00,0x00,0x00,0x00,0x00,0x00,0x00,0x00,0x00,0x00,
  0x00,0x00,0x00,0x00,0x00,0x00,0x00,0x00,0x00,0x00,0x00,0x00,
  0x00,0x00,0x00,0x00,0x00,0x00,0x00,0x00,0x00,0x00,0x00,0x00,
  0x00,0x00,0x00,0x00,0x00,0x00,0x00,0x00,0x00,0x00,0x00,0x00,
  0x00,0x00,0x00,0xBF,0xFF,0xFD,0xFF,0xFF,0xBC,0x00,0x00,0x00,
  0x00,0x00,0x00,0x00,0x00,0x00,0x00,0x00,0x00,0x00,0x00,0x00,
  0x00,0x00,0x00,0x00,0x00,0x00,0x00,0x00,0x00,0x00,0x00,0x00,
  0x00,0x00,0x00,0x00,0x00,0x00,0x00,0x00,0x00,0x00,0x00,0x00,
  0x00,0x00,0x00,0x00,0x00,0x00,0x00,0x00,0x00,0x00,0x00,0x00,
  0x00,0x00,0x00,0x00,0x00,0x00,0x00,0x00,0x00,0x00,0x01,0x77,
  0xBE,0xEF,0xFF,0xFF,0xAC,0x00,0x00,0x00,0x00,0x00,0x00,0x00,
  0x00,0x00,0x00,0x00,0x00,0x00,0x00,0x00,0x00,0x00,0x00,0x00,
  0x00,0x00,0x00,0x00,0x00,0x00,0x00,0x00,0x00,0x00,0x00,0x00,
  0x00,0x00,0x00,0x00,0x00,0x00,0x00,0x00,0x00,0x00,0x00,0x00,
  0x00,0x00,0x00,0x00,0x00,0x00,0x00,0x00,0x00,0x00,0x00,0x00,
  0x00,0x00,0x00,0x00,0x00,0x00,0x02,0xFE,0xFF,0xFF,0xFE,0xFF,
  0xD4,0x00,0x00,0x00,0x00,0x00,0x00,0x00,0x00,0x00,0x00,0x00,
  0x00,0x00,0x00,0x00,0x00,0x00,0x00,0x00,0x00,0x00,0x00,0x00,
  0x00,0x00,0x00,0x00,0x00,0x00,0x00,0x00,0x00,0x00,0x00,0x00,
  0x00,0x00,0x00,0x00,0x00,0x00,0x00,0x00,0x00,0x00,0x00,0x00,
  0x00,0x00,0x00,0x00,0x00,0x00,0x00,0x00,0x00,0x00,0x00,0x00,
  0x00,0x00,0x05,0xFF,0xF8,0x1F,0xFB,0xEE,0xE8,0x00,0x00,0x00,
  0x00,0x00,0x00,0x00,0x00,0x00,0x00,0x00,0x00,0x00,0x00,0x00,
  0x00,0x00,0x00,0x00,0x00,0x00,0x00,0x00,0x00,0x00,0x00,0x00,
  0x00,0x00,0x00,0x00,0x00,0x00,0x00,0x00,0x00,0x00,0x00,0x00,
  0x00,0x00,0x00,0x00,0x00,0x00,0x00,0x00,0x00,0x00,0x00,0x00,
  0x00,0x00,0x00,0x00,0x00,0x00,0x00,0x00,0x00,0x00,0x0B,0xF7,
  0xE0,0x0F,0xFF,0xFF,0xE8,0x00,0x00,0x00,0x00,0x00,0x00,0x00,
  0x00,0x00,0x00,0x00,0x00,0x00,0x00,0x00,0x00,0x00,0x00,0x00,
  0x00,0x00,0x00,0x00,0x00,0x00,0x00,0x00,0x00,0x00,0x00,0x00,
  0x00,0x00,0x00,0x00,0x00,0x00,0x00,0x00,0x00,0x00,0x00,0x00,
  0x00,0x00,0x00,0x00,0x00,0x00,0x00,0x00,0x00,0x00,0x00,0x00,
  0x00,0x00,0x00,0x00,0x00,0x00,0x13,0xDF,0x81,0x06,0x7F,0xFF,
  0xF0,0x00,0x00,0x00,0x00,0x00,0x00,0x00,0x00,0x00,0x00,0x00,
  0x00,0x00,0x00,0x00,0x00,0x00,0x00,0x00,0x00,0x00,0x00,0x00,
  0x00,0x00,0x00,0x00,0x00,0x00,0x00,0x00,0x00,0x00,0x00,0x00,
  0x00,0x00,0x00,0x00,0x00,0x00,0x00,0x00,0x00,0x00,0x00,0x00,
  0x00,0x00,0x00,0x00,0x00,0x00,0x00,0x00,0x00,0x00,0x00,0x00,
  0x00,0x00,0x17,0xFE,0x00,0x22,0x73,0xFF,0xF0,0x00,0x00,0x00,
  0x00,0x00,0x00,0x00,0x00,0x00,0x00,0x00,0x00,0x00,0x00,0x00,
  0x00,0x00,0x00,0x00,0x00,0x00,0x00,0x00,0x00,0x00,0x00,0x00,
  0x00,0x00,0x00,0x00,0x00,0x00,0x00,0x00,0x00,0x00,0x00,0x00,
  0x00,0x00,0x00,0x00,0x00,0x00,0x00,0x00,0x00,0x00,0x00,0x00,
  0x00,0x00,0x00,0x00,0x00,0x00,0x00,0x00,0x00,0x00,0x2F,0xFC,
  0x04,0x02,0x38,0xFF,0xF0,0x00,0x00,0x00,0x00,0x00,0x00,0x00,
  0x00,0x00,0x00,0x00,0x00,0x00,0x00,0x00,0x00,0x00,0x00,0x00,
  0x00,0x00,0x00,0x00,0x00,0x00,0x00,0x00,0x00,0x00,0x00,0x00,
  0x00,0x00,0x00,0x00,0x00,0x00,0x00,0x00,0x00,0x00,0x00,0x00,
  0x00,0x00,0x00,0x00,0x00,0x00,0x00,0x00,0x00,0x00,0x00,0x00,
  0x00,0x00,0x00,0x00,0x00,0x00,0x5F,0xF0,0x10,0x88,0x9C,0xF7,
  0xB0,0x00,0x00,0x00,0x00,0x00,0x00,0x00,0x00,0x00,0x00,0x00,
  0x00,0x00,0x00,0x00,0x00,0x00,0x00,0x00,0x00,0x00,0x00,0x00,
  0x00,0x00,0x00,0x00,0x00,0x00,0x00,0x00,0x00,0x00,0x00,0x00,
  0x00,0x00,0x00,0x00,0x00,0x00,0x00,0x00,0x00,0x00,0x00,0x00,
  0x00,0x00,0x00,0x00,0x00,0x00,0x00,0x00,0x00,0x00,0x00,0x00,
  0x00,0x00,0xBF,0x70,0x40,0x00,0x08,0xFF,0xF0,0x00,0x00,0x00,
  0x00,0x00,0x00,0x00,0x00,0x00,0x00,0x00,0x00,0x00,0x00,0x00,
  0x00,0x00,0x00,0x00,0x00,0x00,0x00,0x00,0x00,0x00,0x00,0x00,
  0x00,0x00,0x00,0x00,0x00,0x00,0x00,0x00,0x00,0x00,0x00,0x00,
  0x00,0x00,0x00,0x00,0x00,0x00,0x00,0x00,0x00,0x00,0x00,0x00,
  0x00,0x00,0x00,0x00,0x00,0x00,0x00,0x00,0x00,0x01,0x7F,0xC0,
  0x00,0x42,0x4A,0x7F,0xE0,0x00,0x00,0x00,0x00,0x00,0x00,0x00,
  0x00,0x00,0x00,0x00,0x00,0x00,0x00,0x00,0x00,0x00,0x00,0x00,
  0x00,0x00,0x00,0x00,0x00,0x00,0x00,0x00,0x00,0x00,0x00,0x00,
  0x00,0x00,0x00,0x00,0x00,0x00,0x00,0x00,0x00,0x00,0x00,0x00,
  0x00,0x00,0x00,0x00,0x00,0x00,0x00,0x00,0x00,0x00,0x00,0x00,
  0x00,0x00,0x00,0x00,0x00,0x01,0x7D,0xC0,0x02,0x11,0x28,0x7F,
  0xE0,0x00,0x00,0x00,0x00,0x00,0x00,0x00,0x00,0x00,0x00,0x00,
  0x00,0x00,0x00,0x00,0x00,0x00,0x00,0x00,0x00,0x00,0x00,0x00,
  0x00,0x00,0x00,0x00,0x00,0x00,0x00,0x00,0x00,0x00,0x00,0x00,
  0x00,0x00,0x00,0x00,0x00,0x00,0x00,0x00,0x00,0x00,0x00,0x00,
  0x00,0x00,0x00,0x00,0x00,0x00,0x00,0x00,0x00,0x00,0x00,0x00,
  0x00,0x02,0xF7,0x81,0x10,0x00,0x12,0x7E,0xE0,0x00,0x00,0x00,
  0x00,0x00,0x00,0x00,0x00,0x00,0x00,0x00,0x00,0x00,0x00,0x00,
  0x00,0x00,0x00,0x00,0x00,0x00,0x00,0x00,0x00,0x00,0x00,0x00,
  0x00,0x00,0x00,0x00,0x00,0x00,0x00,0x00,0x00,0x00,0x00,0x00,
  0x00,0x00,0x00,0x00,0x00,0x00,0x00,0x00,0x00,0x00,0x00,0x00,
  0x00,0x00,0x00,0x00,0x00,0x00,0x00,0x00,0x00,0x05,0xFF,0x84,
  0x01,0x6C,0x40,0x3F,0xC0,0x00,0x00,0x00,0x00,0x00,0x00,0x00,
  0x00,0x00,0x00,0x00,0x00,0x00,0x00,0x00,0x00,0x00,0x00,0x00,
  0x00,0x00,0x00,0x00,0x00,0x00,0x00,0x00,0x00,0x00,0x00,0x00,
  0x00,0x00,0x00,0x00,0x00,0x00,0x00,0x00,0x00,0x00,0x00,0x00,
  0x00,0x00,0x00,0x00,0x00,0x00,0x00,0x00,0x00,0x00,0x00,0x00,
  0x00,0x00,0x00,0x00,0x00,0x0B,0xFF,0xBF,0x0F,0xFF,0x92,0xBF,
  0xC0,0x00,0x00,0x00,0x00,0x00,0x00,0x00,0x00,0x00,0x00,0x00,
  0x00,0x00,0x00,0x00,0x00,0x00,0x00,0x00,0x00,0x00,0x00,0x00,
  0x00,0x00,0x00,0x00,0x00,0x00,0x00,0x00,0x00,0x00,0x00,0x00,
  0x00,0x00,0x00,0x00,0x00,0x00,0x00,0x00,0x00,0x00,0x00,0x00,
  0x00,0x00,0x00,0x00,0x00,0x00,0x00,0x00,0x00,0x00,0x00,0x00,
  0x00,0x17,0xBF,0xFD,0x9F,0xFF,0xE0,0x7F,0xC0,0x00,0x00,0x00,
  0x00,0x00,0x00,0x00,0x00,0x00,0x00,0x00,0x00,0x00,0x00,0x00,
  0x00,0x00,0x00,0x00,0x00,0x00,0x00,0x00,0x00,0x00,0x00,0x00,
  0x00,0x00,0x00,0x00,0x00,0x00,0x00,0x00,0x00,0x00,0x00,0x00,
  0x00,0x00,0x00,0x00,0x00,0x00,0x00,0x00,0x00,0x00,0x00,0x00,
  0x00,0x00,0x00,0x00,0x00,0x00,0x00,0x00,0x00,0x17,0xFB,0xF7,
  0xBF,0xFF,0xF5,0x3D,0xC0,0x00,0x00,0x00,0x00,0x00,0x00,0x00,
  0x00,0x00,0x00,0x00,0x00,0x00,0x00,0x00,0x00,0x00,0x00,0x00,
  0x00,0x00,0x00,0x00,0x00,0x00,0x00,0x00,0x00,0x00,0x00,0x00,
  0x00,0x00,0x00,0x00,0x00,0x00,0x00,0x00,0x00,0x00,0x00,0x00,
  0x00,0x00,0x00,0x00,0x00,0x00,0x00,0x00,0x00,0x00,0x00,0x00,
  0x00,0x00,0x00,0x00,0x00,0x4F,0xFF,0xDF,0xFD,0xFF,0xFE,0xFF,
  0x80,0x00,0x00,0x00,0x00,0x00,0x00,0x00,0x00,0x00,0x00,0x00,
  0x00,0x00,0x00,0x00,0x00,0x00,0x00,0x00,0x00,0x00,0x00,0x00,
  0x00,0x00,0x00,0x00,0x00,0x00,0x00,0x00,0x00,0x00,0x00,0x00,
  0x00,0x00,0x00,0x00,0x00,0x00,0x00,0x00,0x00,0x00,0x00,0x00,
  0x00,0x00,0x00,0x00,0x00,0x00,0x00,0x00,0x00,0x00,0x00,0x00,
  0x00,0x5F,0x7F,0x7F,0xFF,0xFF,0xFF,0xFF,0x80,0x00,0x00,0x00,
  0x00,0x00,0x00,0x00,0x00,0x00,0x00,0x00,0x00,0x00,0x00,0x00,
  0x00,0x00,0x00,0x00,0x00,0x00,0x00,0x00,0x00,0x00,0x00,0x00,
  0x00,0x00,0x00,0x00,0x00,0x00,0x00,0x00,0x00,0x00,0x00,0x00,
  0x00,0x00,0x00,0x00,0x00,0x00,0x00,0x00,0x00,0x00,0x00,0x00,
  0x00,0x00,0x00,0x00,0x00,0x00,0x00,0x00,0x00,0xBF,0xF7,0xFF,
  0xCF,0xE0,0x7F,0xFF,0x80,0x00,0x00,0x00,0x00,0x00,0x00,0x00,
  0x00,0x00,0x00,0x00,0x00,0x00,0x00,0x00,0x00,0x00,0x00,0x00,
  0x00,0x00,0x00,0x00,0x00,0x00,0x00,0x00,0x00,0x00,0x00,0x00,
  0x00,0x00,0x00,0x00,0x00,0x00,0x00,0x00,0x00,0x00,0x00,0x00,
  0x00,0x00,0x00,0x00,0x00,0x00,0x00,0x00,0x00,0x00,0x00,0x00,
  0x00,0x00,0x00,0x00,0x01,0x7F,0xFF,0x03,0xCF,0xF4,0x7F,0xFF,
  0x80,0x00,0x00,0x00,0x00,0x00,0x00,0x00,0x00,0x00,0x00,0x00,
  0x00,0x00,0x00,0x00,0x00,0x00,0x00,0x00,0x00,0x00,0x00,0x00,
  0x00,0x00,0x00,0x00,0x00,0x00,0x00,0x00,0x00,0x00,0x00,0x00,
  0x00,0x00,0x00,0x00,0x00,0x00,0x00,0x00,0x00,0x00,0x00,0x00,
  0x00,0x00,0x00,0x00,0x00,0x00,0x00,0x00,0x00,0x00,0x00,0x00,
  0x02,0x7B,0xDE,0x0B,0x87,0xFF,0x98,0x3B,0x00,0x00,0x00,0x00,
  0x00,0x00,0x00,0x00,0x00,0x00,0x00,0x00,0x00,0x00,0x00,0x00,
  0x00,0x00,0x00,0x00,0x00,0x00,0x00,0x00,0x00,0x00,0x00,0x00,
  0x00,0x00,0x00,0x00,0x00,0x00,0x00,0x00,0x00,0x00,0x00,0x00,
  0x00,0x00,0x00,0x00,0x00,0x00,0x00,0x00,0x00,0x00,0x00,0x00,
  0x00,0x00,0x00,0x00,0x00,0x00,0x00,0x00,0x02,0xFF,0xFE,0x7F,
  0xC7,0xBF,0x8F,0xFF,0x00,0x00,0x00,0x00,0x00,0x00,0x00,0x00,
  0x00,0x00,0x00,0x00,0x00,0x00,0x00,0x00,0x00,0x00,0x00,0x00,
  0x00,0x00,0x00,0x00,0x00,0x00,0x00,0x00,0x00,0x00,0x00,0x00,
  0x00,0x00,0x00,0x00,0x00,0x00,0x00,0x00,0x00,0x00,0x00,0x00,
  0x00,0x00,0x00,0x00,0x00,0x00,0x00,0x00,0x00,0x00,0x00,0x00,
  0x00,0x00,0x00,0x00,0x05,0xFF,0x7F,0xFF,0x81,0xFF,0xE3,0xFF,
  0x00,0x00,0x00,0x00,0x00,0x00,0x00,0x00,0x00,0x00,0x00,0x00,
  0x00,0x00,0x00,0x00,0x00,0x00,0x00,0x00,0x00,0x00,0x00,0x00,
  0x00,0x00,0x00,0x00,0x00,0x00,0x00,0x00,0x00,0x00,0x00,0x00,
  0x00,0x00,0x00,0x00,0x00,0x00,0x00,0x00,0x00,0x00,0x00,0x00,
  0x00,0x00,0x00,0x00,0x00,0x00,0x00,0x00,0x00,0x00,0x00,0x00,
  0x0B,0xF7,0xFF,0xF8,0x80,0x60,0x7F,0xFE,0x00,0x00,0x00,0x00,
  0x00,0x00,0x00,0x00,0x00,0x00,0x00,0x00,0x00,0x00,0x00,0x00,
  0x00,0x00,0x00,0x00,0x00,0x00,0x00,0x00,0x00,0x00,0x00,0x00,
  0x00,0x00,0x00,0x00,0x00,0x00,0x00,0x00,0x00,0x00,0x00,0x00,
  0x00,0x00,0x00,0x00,0x00,0x00,0x00,0x00,0x00,0x00,0x00,0x00,
  0x00,0x00,0x00,0x00,0x00,0x00,0x00,0x00,0x13,0xFF,0xFB,0xC0,
  0x14,0x05,0x9E,0x3E,0x00,0x00,0x00,0x00,0x00,0x00,0x00,0x00,
  0x00,0x00,0x00,0x00,0x00,0x00,0x00,0x00,0x00,0x00,0x00,0x00,
  0x00,0x00,0x00,0x00,0x00,0x00,0x00,0x00,0x00,0x00,0x00,0x00,
  0x00,0x00,0x00,0x00,0x00,0x00,0x00,0x00,0x00,0x00,0x00,0x00,
  0x00,0x00,0x00,0x00,0x00,0x00,0x00,0x00,0x00,0x00,0x00,0x00,
  0x00,0x00,0x00,0x00,0x2F,0xDF,0xEF,0x04,0x00,0xBF,0x0D,0x8E,
  0x00,0x00,0x00,0x00,0x00,0x00,0x00,0x00,0x00,0x00,0x00,0x00,
  0x00,0x00,0x00,0x00,0x00,0x00,0x00,0x00,0x00,0x00,0x00,0x00,
  0x00,0x00,0x00,0x00,0x00,0x00,0x00,0x00,0x00,0x00,0x00,0x00,
  0x00,0x00,0x00,0x00,0x00,0x00,0x00,0x00,0x00,0x00,0x00,0x00,
  0x00,0x00,0x00,0x00,0x00,0x00,0x00,0x00,0x00,0x00,0x00,0x00,
  0x2F,0xFF,0x62,0x5C,0x42,0x34,0x24,0x9E,0x00,0x00,0x00,0x00,
  0x00,0x00,0x00,0x00,0x00,0x00,0x00,0x00,0x00,0x00,0x00,0x00,
  0x00,0x00,0x00,0x00,0x00,0x00,0x00,0x00,0x00,0x00,0x00,0x00,
  0x00,0x00,0x00,0x00,0x00,0x00,0x00,0x00,0x00,0x00,0x00,0x00,
  0x00,0x00,0x00,0x00,0x00,0x00,0x00,0x00,0x00,0x00,0x00,0x00,
  0x00,0x00,0x00,0x00,0x00,0x00,0x00,0x00,0x5F,0x7D,0xE0,0xF0,
  0x08,0x02,0x00,0x3C,0x00,0x00,0x00,0x00,0x00,0x00,0x00,0x00,
  0x00,0x00,0x00,0x00,0x00,0x00,0x00,0x00,0x00,0x00,0x00,0x00,
  0x00,0x00,0x00,0x00,0x00,0x00,0x00,0x00,0x00,0x00,0x00,0x00,
  0x00,0x00,0x00,0x00,0x00,0x00,0x00,0x00,0x00,0x00,0x00,0x00,
  0x00,0x00,0x00,0x00,0x00,0x00,0x00,0x00,0x00,0x00,0x00,0x00,
  0x00,0x00,0x00,0x00,0xAF,0xFF,0xC0,0x00,0x80,0x88,0xAA,0xBC,
  0x00,0x00,0x00,0x00,0x00,0x00,0x00,0x00,0x00,0x00,0x00,0x00,
  0x00,0x00,0x00,0x00,0x00,0x00,0x00,0x00,0x00,0x00,0x00,0x00,
  0x00,0x00,0x00,0x00,0x00,0x00,0x00,0x00,0x00,0x00,0x00,0x00,
  0x00,0x00,0x00,0x00,0x00,0x00,0x00,0x00,0x00,0x00,0x00,0x00,
  0x00,0x80,0x00,0x00,0x00,0x00,0x00,0x00,0x00,0x00,0x00,0x01,
  0x6F,0xFF,0xC0,0x08,0x12,0x04,0x00,0x7C,0x00,0x00,0x00,0x00,
  0x00,0x00,0x00,0x00,0x00,0x00,0x00,0x00,0x00,0x00,0x00,0x00,
  0x00,0x00,0x00,0x00,0x00,0x00,0x00,0x00,0x00,0x00,0x00,0x00,
  0x00,0x00,0x00,0x00,0x00,0x00,0x00,0x00,0x00,0x00,0x00,0x00,
  0x00,0x00,0x00,0x00,0x00,0x00,0x00,0x00,0x0A,0x00,0x00,0x00,
  0x00,0x00,0x00,0x00,0x00,0x00,0x00,0x02,0x6D,0xEF,0x82,0x49,
  0x00,0x29,0x49,0x78,0x00,0x00,0x00,0x00,0x00,0x00,0x00,0x00,
  0x00,0x00,0x00,0x00,0x00,0x00,0x00,0x00,0x00,0x00,0x00,0x00,
  0x00,0x00,0x00,0x00,0x00,0x00,0x00,0x00,0x00,0x00,0x00,0x00,
  0x00,0x00,0x00,0x00,0x00,0x00,0x00,0x00,0x00,0x00,0x00,0x00,
  0x00,0x00,0x00,0x00,0x25,0x00,0x00,0x00,0x00,0x00,0x00,0x00,
  0x00,0x00,0x00,0x02,0xEF,0xFE,0x80,0x18,0x20,0x88,0x00,0xFC,
  0x00,0x00,0x00,0x00,0x00,0x00,0x00,0x00,0x00,0x00,0x00,0x00,
  0x00,0x00,0x00,0x00,0x00,0x00,0x00,0x00,0x00,0x00,0x00,0x00,
  0x00,0x00,0x00,0x00,0x00,0x00,0x00,0x00,0x00,0x00,0x00,0x00,
  0x00,0x00,0x00,0x00,0x00,0x00,0x00,0x00,0x00,0x00,0x00,0x00,
  0x90,0x00,0x00,0x00,0x00,0x00,0x00,0x00,0x00,0x00,0x00,0x05,
  0xEF,0xFF,0x88,0x10,0xB4,0xD2,0x54,0xF8,0x00,0x00,0x00,0x00,
  0x00,0x00,0x00,0x00,0x00,0x00,0x00,0x00,0x00,0x00,0x00,0x00,
  0x00,0x00,0x00,0x00,0x00,0x00,0x00,0x00,0x00,0x00,0x00,0x00,
  0x00,0x00,0x00,0x00,0x00,0x00,0x00,0x00,0x00,0x00,0x00,0x00,
  0x00,0x00,0x00,0x00,0x00,0x00,0x00,0x01,0x4A,0x00,0x00,0x00,
  0x00,0x00,0x00,0x00,0x00,0x00,0x00,0x0B,0xFF,0x77,0x81,0x3F,
  0xFE,0xC0,0x02,0xF8,0x00,0x00,0x00,0x00,0x00,0x00,0x00,0x00,
  0x00,0x00,0x00,0x00,0x00,0x00,0x00,0x00,0x00,0x00,0x00,0x00,
  0x00,0x00,0x00,0x00,0x00,0x00,0x00,0x00,0x00,0x00,0x00,0x00,
  0x00,0x00,0x00,0x00,0x00,0x00,0x00,0x00,0x00,0x00,0x00,0x00,
  0x00,0x00,0x00,0x02,0xA4,0x00,0x00,0x00,0x00,0x00,0x00,0x00,
  0x00,0x00,0x00,0x17,0xED,0xFF,0x98,0x3F,0xFF,0xF2,0xA9,0xF0,
  0x00,0x00,0x00,0x00,0x00,0x00,0x00,0x00,0x00,0x00,0x00,0x00,
  0x00,0x00,0x00,0x00,0x00,0x00,0x00,0x00,0x00,0x00,0x00,0x00,
  0x00,0x00,0x00,0x00,0x00,0x00,0x00,0x00,0x00,0x00,0x00,0x00,
  0x00,0x00,0x00,0x00,0x00,0x00,0x00,0x00,0x00,0x00,0x00,0x04,
  0x10,0x00,0x00,0x00,0x00,0x00,0x00,0x00,0x00,0x00,0x00,0x2B,
  0xF7,0xFF,0xB0,0x3F,0xFF,0xF0,0x00,0xF0,0x00,0x00,0x00,0x00,
  0x00,0x00,0x00,0x00,0x00,0x00,0x00,0x00,0x00,0x00,0x00,0x00,
  0x00,0x00,0x00,0x00,0x00,0x00,0x00,0x00,0x00,0x00,0x00,0x00,
  0x00,0x00,0x00,0x00,0x00,0x00,0x00,0x00,0x00,0x00,0x00,0x00,
  0x00,0x00,0x00,0x00,0x00,0x00,0x00,0x05,0x48,0x00,0x00,0x00,
  0x00,0x00,0x00,0x00,0x00,0x00,0x00,0x57,0xBF,0xFF,0xB8,0x7F,
  0xFF,0xAE,0x92,0xF0,0x00,0x00,0x00,0x00,0x00,0x00,0x00,0x00,
  0x00,0x00,0x00,0x00,0x00,0x00,0x00,0x00,0x00,0x00,0x00,0x00,
  0x00,0x00,0x00,0x00,0x00,0x00,0x00,0x00,0x00,0x00,0x00,0x00,
  0x00,0x00,0x00,0x00,0x00,0x00,0x00,0x00,0x00,0x00,0x00,0x00,
  0x00,0x00,0x00,0x08,0xA0,0x00,0x00,0x00,0x00,0x00,0x00,0x00,
  0x00,0x00,0x00,0x5B,0xFF,0xDD,0xF9,0xEF,0x70,0x0C,0x85,0xF0,
  0x00,0x00,0x00,0x00,0x00,0x00,0x00,0x00,0x00,0x00,0x00,0x00,
  0x00,0x00,0x00,0x00,0x00,0x00,0x00,0x00,0x00,0x00,0x00,0x00,
  0x00,0x00,0x00,0x00,0x00,0x00,0x00,0x00,0x00,0x00,0x00,0x00,
  0x00,0x00,0x00,0x00,0x00,0x00,0x00,0x00,0x00,0x00,0x00,0x15,
  0x10,0x00,0x00,0x00,0x00,0x00,0x00,0x00,0x00,0x00,0x00,0xA5,
  0xFF,0xFF,0xF9,0x9F,0xE4,0x46,0xD0,0xE0,0x00,0x00,0x00,0x00,
  0x00,0x00,0x00,0x00,0x00,0x00,0x00,0x00,0x00,0x00,0x00,0x00,
  0x00,0x00,0x00,0x00,0x00,0x00,0x00,0x00,0x00,0x00,0x00,0x00,
  0x00,0x00,0x00,0x00,0x00,0x00,0x00,0x00,0x00,0x00,0x00,0x00,
  0x00,0x00,0x00,0x00,0x00,0x00,0x00,0x24,0xA0,0x00,0x00,0x00,
  0x00,0x00,0x00,0x00,0x00,0x00,0x01,0x55,0xF7,0x7F,0xF3,0x1F,
  0xC1,0x12,0x82,0xE0,0x00,0x00,0x00,0x00,0x00,0x00,0x00,0x00,
  0x00,0x00,0x00,0x00,0x00,0x00,0x00,0x00,0x00,0x00,0x00,0x00,
  0x00,0x00,0x00,0x00,0x00,0x00,0x00,0x00,0x00,0x00,0x00,0x00,
  0x00,0x00,0x00,0x00,0x00,0x00,0x00,0x00,0x00,0x00,0x00,0x00,
  0x00,0x00,0x00,0x29,0x10,0x00,0x00,0x00,0x00,0x00,0x00,0x00,
  0x00,0x00,0x02,0xD5,0xBF,0xFF,0xF9,0x3D,0x08,0x86,0xC9,0xE0,
  0x00,0x00,0x00,0x00,0x00,0x00,0x00,0x00,0x00,0x00,0x00,0x00,
  0x00,0x00,0x00,0x00,0x00,0x00,0x00,0x00,0x00,0x00,0x00,0x00,
  0x00,0x00,0x00,0x00,0x00,0x00,0x00,0x00,0x00,0x00,0x00,0x00,
  0x00,0x00,0x00,0x00,0x00,0x00,0x00,0x00,0x00,0x00,0x00,0x44,
  0xA0,0x00,0x00,0x00,0x00,0x00,0x00,0x00,0x00,0x00,0x05,0xE4,
  0xFF,0xFB,0xF3,0x7F,0xA2,0x5E,0x41,0xC0,0x00,0x00,0x00,0x00,
  0x00,0x00,0x00,0x00,0x00,0x00,0x00,0x00,0x00,0x00,0x00,0x00,
  0x00,0x00,0x00,0x00,0x00,0x00,0x00,0x00,0x00,0x00,0x00,0x00,
  0x00,0x00,0x00,0x00,0x00,0x00,0x00,0x00,0x00,0x00,0x00,0x00,
  0x00,0x00,0x00,0x00,0x00,0x00,0x00,0xA9,0x00,0x00,0x00,0x00,
  0x00,0x00,0x00,0x00,0x00,0x00,0x05,0xD5,0xFF,0xEF,0xD9,0xF7,
  0xFF,0xF4,0x94,0xE0,0x00,0x00,0x00,0x00,0x00,0x00,0x00,0x00,
  0x00,0x00,0x00,0x00,0x00,0x00,0x00,0x00,0x00,0x00,0x00,0x00,
  0x00,0x00,0x00,0x00,0x00,0x00,0x00,0x00,0x00,0x00,0x00,0x00,
  0x00,0x00,0x00,0x00,0x00,0x00,0x00,0x00,0x00,0x00,0x00,0x00,
  0x00,0x00,0x01,0x24,0x60,0x00,0x00,0x00,0x00,0x00,0x00,0x00,
  0x00,0x00,0x0B,0xE4,0xFB,0xBF,0xF3,0xFD,0x55,0x02,0xC1,0xC0,
  0x00,0x00,0x00,0x00,0x00,0x00,0x00,0x00,0x00,0x00,0x00,0x00,
  0x00,0x00,0x00,0x00,0x00,0x00,0x00,0x00,0x00,0x00,0x00,0x00,
  0x00,0x00,0x00,0x00,0x00,0x00,0x00,0x00,0x00,0x00,0x00,0x00,
  0x00,0x00,0x00,0x00,0x00,0x00,0x00,0x00,0x00,0x00,0x01,0x42,
  0x80,0x00,0x00,0x00,0x00,0x00,0x00,0x00,0x00,0x00,0x17,0xF2,
  0x7F,0xFF,0xFB,0x70,0x00,0x24,0x8B,0xC0,0x00,0x00,0x00,0x00,
  0x00,0x00,0x00,0x00,0x00,0x00,0x00,0x00,0x00,0x00,0x00,0x00,
  0x00,0x00,0x00,0x00,0x00,0x00,0x00,0x00,0x00,0x00,0x00,0x00,
  0x00,0x00,0x00,0x00,0x00,0x00,0x00,0x00,0x00,0x00,0x00,0x00,
  0x00,0x00,0x00,0x00,0x00,0x00,0x02,0x29,0x40,0x00,0x00,0x00,
  0x00,0x00,0x00,0x00,0x00,0x00,0x2F,0x69,0x7F,0xFF,0xF0,0x7D,
  0x2A,0x0A,0x47,0x80,0x00,0x00,0x00,0x00,0x00,0x00,0x00,0x00,
  0x00,0x00,0x00,0x00,0x00,0x00,0x00,0x00,0x00,0x00,0x00,0x00,
  0x00,0x00,0x00,0x00,0x00,0x00,0x00,0x00,0x00,0x00,0x00,0x00,
  0x00,0x00,0x00,0x00,0x00,0x00,0x00,0x00,0x00,0x00,0x00,0x00,
  0x00,0x00,0x05,0x46,0x80,0x00,0x00,0x00,0x00,0x00,0x00,0x00,
  0x00,0x00,0x5F,0xF5,0x7E,0xFF,0xB0,0x7F,0xFC,0xA0,0x1F,0x80,
  0x00,0x00,0x00,0x00,0x00,0x00,0x00,0x00,0x00,0x00,0x00,0x00,
  0x00,0x00,0x00,0x00,0x00,0x00,0x00,0x00,0x00,0x00,0x00,0x00,
  0x00,0x00,0x00,0x00,0x00,0x00,0x00,0x00,0x00,0x00,0x00,0x00,
  0x00,0x00,0x00,0x00,0x00,0x00,0x00,0x00,0x00,0x00,0x09,0x2B,
  0x80,0x00,0x00,0x00,0x00,0x00,0x00,0x00,0x00,0x00,0xBD,0xF8,
  0xB7,0xFE,0xF2,0xFF,0xFE,0x04,0xEF,0x80,0x00,0x00,0x00,0x00,
  0x00,0x00,0x00,0x00,0x00,0x00,0x00,0x00,0x00,0x00,0x00,0x00,
  0x00,0x00,0x00,0x00,0x00,0x00,0x00,0x00,0x00,0x00,0x00,0x00,
  0x00,0x00,0x00,0x00,0x00,0x00,0x00,0x00,0x00,0x00,0x00,0x00,
  0x00,0x00,0x00,0x00,0x00,0x00,0x0A,0x5A,0x00,0x00,0x00,0x00,
  0x00,0x00,0x00,0x00,0x00,0x01,0x7F,0xFA,0x3F,0xFB,0xF8,0x7F,
  0xFE,0x51,0xFF,0x00,0x00,0x00,0x00,0x00,0x00,0x00,0x00,0x00,
  0x00,0x00,0x00,0x00,0x00,0x00,0x00,0x00,0x00,0x00,0x00,0x00,
  0x00,0x00,0x00,0x00,0x00,0x00,0x00,0x00,0x00,0x00,0x00,0x00,
  0x00,0x00,0x00,0x00,0x00,0x00,0x00,0x00,0x00,0x00,0x00,0x00,
  0x00,0x00,0x14,0xAB,0x00,0x00,0x00,0x00,0x00,0x00,0x00,0x00,
  0x00,0x05,0xFF,0xFD,0x5F,0xEF,0xF8,0xFF,0xFF,0x05,0xFF,0x80,
  0x00,0x00,0x00,0x00,0x00,0x00,0x00,0x00,0x00,0x00,0x00,0x00,
  0x00,0x00,0x00,0x00,0x00,0x00,0x00,0x00,0x00,0x00,0x00,0x00,
  0x00,0x00,0x00,0x00,0x00,0x00,0x00,0x00,0x00,0x00,0x00,0x00,
  0x00,0x00,0x00,0x00,0x00,0x00,0x00,0x00,0x00,0x00,0x32,0xDA,
  0x00,0x00,0x00,0x00,0x00,0x00,0x00,0x00,0x00,0x0B,0xF7,0xBC,
  0x9F,0xFF,0xF8,0xFF,0xFF,0xC1,0xFF,0x00,0x00,0x00,0x00,0x00,
  0x00,0x00,0x00,0x00,0x00,0x00,0x00,0x00,0x00,0x00,0x00,0x00,
  0x00,0x00,0x00,0x00,0x00,0x00,0x00,0x00,0x00,0x00,0x00,0x00,
  0x00,0x00,0x00,0x00,0x00,0x00,0x00,0x00,0x00,0x00,0x00,0x00,
  0x00,0x00,0x00,0x00,0x00,0x00,0x45,0x55,0x00,0x00,0x00,0x00,
  0x00,0x00,0x00,0x00,0x00,0x1F,0xFF,0xFE,0x5F,0x7F,0xFE,0x7F,
  0xDF,0xFB,0xFF,0x00,0x00,0x00,0x00,0x00,0x00,0x00,0x00,0x00,
  0x00,0x00,0x00,0x00,0x00,0x00,0x00,0x00,0x00,0x00,0x00,0x00,
  0x00,0x00,0x00,0x00,0x00,0x00,0x00,0x00,0x00,0x00,0x00,0x00,
  0x00,0x00,0x00,0x00,0x00,0x00,0x00,0x00,0x00,0x00,0x00,0x00,
  0x00,0x00,0xAA,0xB6,0x00,0x00,0x00,0x00,0x00,0x00,0x00,0x00,
  0x00,0x7F,0xBE,0xFF,0x4D,0xFF,0xFE,0x0A,0x3E,0xFF,0xFA,0x00,
  0x00,0x00,0x00,0x00,0x00,0x00,0x00,0x00,0x00,0x00,0x00,0x00,
  0x00,0x00,0x00,0x00,0x00,0x00,0x00,0x00,0x00,0x00,0x00,0x00,
  0x00,0x00,0x00,0x00,0x00,0x00,0x00,0x00,0x00,0x00,0x00,0x00,
  0x00,0x00,0x00,0x00,0x00,0x00,0x00,0x00,0x00,0x00,0x9B,0x5E,
  0x00,0x00,0x00,0x00,0x00,0x00,0x00,0x00,0x01,0xFB,0xFF,0xF7,
  0x27,0xFF,0xFF,0x00,0x3F,0xFF,0xFF,0x00,0x00,0x00,0x00,0x00,
  0x00,0x00,0x00,0x00,0x00,0x00,0x00,0x00,0x00,0x00,0x00,0x00,
  0x00,0x00,0x00,0x00,0x00,0x00,0x00,0x00,0x00,0x00,0x00,0x00,
  0x00,0x00,0x00,0x00,0x00,0x00,0x00,0x00,0x00,0x00,0x00,0x00,
  0x00,0x00,0x00,0x00,0x00,0x01,0x6D,0xB4,0x00,0x00,0x00,0x00,
  0x00,0x00,0x00,0x00,0x0B,0xFF,0xFF,0xFF,0x97,0xFE,0xEF,0xC2,
  0x7F,0xFF,0xFE,0x00,0x00,0x00,0x00,0x00,0x00,0x00,0x00,0x00,
  0x00,0x00,0x00,0x00,0x00,0x00,0x00,0x00,0x00,0x00,0x00,0x00,
  0x00,0x00,0x00,0x00,0x00,0x00,0x00,0x00,0x00,0x00,0x00,0x00,
  0x00,0x00,0x00,0x00,0x00,0x00,0x00,0x00,0x00,0x00,0x00,0x00,
  0x00,0x03,0x55,0x7C,0x00,0x00,0x00,0x00,0x00,0x00,0x00,0x00,
  0x5F,0xDF,0xF7,0xDF,0xC3,0xFB,0xFF,0xE8,0xFF,0xFF,0xDE,0x00,
  0x00,0x00,0x00,0x00,0x00,0x00,0x00,0x00,0x00,0x00,0x00,0x00,
  0x00,0x00,0x00,0x00,0x00,0x00,0x00,0x00,0x00,0x00,0x00,0x00,
  0x00,0x00,0x00,0x00,0x00,0x00,0x00,0x00,0x00,0x00,0x00,0x00,
  0x00,0x00,0x00,0x00,0x00,0x00,0x00,0x00,0x00,0x05,0x55,0xEC,
  0x00,0x00,0x00,0x00,0x00,0x00,0x00,0x02,0xEB,0xFF,0xBF,0x7F,
  0xDB,0xEF,0xFF,0xF0,0xFF,0xFF,0xFC,0x00,0x00,0x00,0x00,0x00,
  0x00,0x00,0x00,0x00,0x00,0x00,0x00,0x00,0x00,0x00,0x00,0x00,
  0x00,0x00,0x00,0x00,0x00,0x00,0x00,0x00,0x00,0x00,0x00,0x00,
  0x00,0x00,0x00,0x00,0x00,0x00,0x00,0x00,0x00,0x00,0x00,0x00,
  0x00,0x00,0x00,0x00,0x00,0x06,0xDB,0xB8,0x00,0x00,0x00,0x00,
  0x00,0x00,0x00,0x1B,0xBF,0x7D,0xFF,0xFF,0xE4,0xFF,0xFF,0xF9,
  0xFD,0xDE,0xFC,0x00,0x00,0x00,0x00,0x00,0x00,0x00,0x00,0x00,
  0x00,0x00,0x00,0x00,0x00,0x00,0x00,0x00,0x00,0x00,0x00,0x00,
  0x00,0x00,0x00,0x00,0x00,0x00,0x00,0x00,0x00,0x00,0x00,0x00,
  0x00,0x00,0x00,0x00,0x00,0x00,0x00,0x00,0x00,0x00,0x00,0x00,
  0x00,0x0A,0xAF,0xF8,0x00,0x00,0x00,0x00,0x00,0x00,0x00,0xED,
  0x6F,0xFF,0xFF,0xFE,0xF2,0x7F,0xFD,0xFF,0xFF,0xFF,0xFC,0x00,
  0x00,0x00,0x00,0x00,0x00,0x00,0x00,0x00,0x00,0x00,0x00,0x00,
  0x00,0x00,0x00,0x00,0x00,0x00,0x00,0x00,0x00,0x00,0x00,0x00,
  0x00,0x00,0x00,0x00,0x00,0x00,0x00,0x00,0x00,0x10,0x00,0x00,
  0x00,0x00,0x00,0x00,0x00,0x00,0x00,0x00,0x00,0x15,0xBA,0xD0,
  0x00,0x00,0x00,0x00,0x00,0x00,0x05,0x5F,0xBD,0xFF,0xFF,0xFF,
  0xF9,0x3F,0xEF,0xDF,0xFF,0xFF,0xFC,0x00,0x00,0x00,0x00,0x00,
  0x00,0x00,0x00,0x00,0x00,0x00,0x00,0x00,0x00,0x00,0x00,0x00,
  0x00,0x00,0x00,0x00,0x00,0x00,0x00,0x00,0x00,0x00,0x00,0x00,
  0x00,0x00,0x00,0x00,0x00,0x10,0x00,0x00,0x00,0x00,0x00,0x00,
  0x00,0x00,0x00,0x00,0x00,0x1A,0xEF,0xF0,0x00,0x00,0x00,0x00,
  0x00,0x00,0x24,0xF5,0x6F,0xEF,0xFB,0xF7,0xFC,0x9F,0xBF,0xFF,
  0xFF,0xFF,0xF8,0x00,0x00,0x00,0x00,0x00,0x00,0x00,0x00,0x00,
  0x00,0x00,0x00,0x00,0x00,0x00,0x00,0x00,0x00,0x00,0x00,0x00,
  0x00,0x00,0x00,0x00,0x00,0x00,0x00,0x00,0x00,0x00,0x00,0x00,
  0x00,0x40,0x00,0x00,0x00,0x00,0x00,0x00,0x00,0x00,0x00,0x00,
  0x00,0x2F,0xFF,0x70,0x00,0x00,0x00,0x00,0x00,0x02,0x0A,0xAE,
  0xDF,0xFF,0x7F,0xBF,0xFD,0x27,0xFF,0xFF,0xF7,0xFF,0xF8,0x00,
  0x00,0x00,0x00,0x00,0x00,0x00,0x00,0x00,0x00,0x00,0x00,0x00,
  0x00,0x00,0x00,0x00,0x00,0x00,0x00,0x00,0x00,0x00,0x00,0x00,
  0x00,0x00,0x00,0x00,0x00,0x00,0x00,0x00,0x00,0x20,0x00,0x00,
  0x00,0x00,0x00,0x00,0x00,0x00,0x00,0x00,0x00,0x75,0xBB,0xE0,
  0x00,0x00,0x00,0x00,0x00,0x10,0x51,0xF5,0xFD,0xFF,0xFF,0xFF,
  0xFE,0x97,0xFF,0xFF,0xFF,0xBB,0xB8,0x00,0x00,0x00,0x00,0x00,
  0x00,0x00,0x00,0x00,0x00,0x00,0x00,0x00,0x00,0x00,0x00,0x00,
  0x00,0x00,0x00,0x00,0x00,0x00,0x00,0x00,0x00,0x00,0x00,0x00,
  0x00,0x00,0x00,0x00,0x00,0x10,0x00,0x00,0x00,0x00,0x00,0x00,
  0x00,0x00,0x00,0x00,0x00,0xBF,0xEF,0xE0,0x00,0x00,0x00,0x00,
  0x01,0x01,0x0B,0x5F,0x5F,0xFD,0xFF,0xFF,0xBF,0x49,0xFF,0xFF,
  0xFF,0xFF,0xF0,0x00,0x00,0x00,0x00,0x00,0x00,0x00,0x00,0x00,
  0x00,0x00,0x00,0x00,0x00,0x00,0x00,0x00,0x00,0x00,0x00,0x00,
  0x00,0x00,0x00,0x00,0x00,0x00,0x00,0x00,0x00,0x00,0x00,0x00,
  0x00,0xA0,0x00,0x00,0x00,0x00,0x00,0x00,0x00,0x00,0x00,0x00,
  0x00,0xEF,0x7F,0xE0,0x00,0x00,0x00,0x00,0x08,0x02,0xA5,0xEA,
  0xFF,0xDF,0xF7,0xFE,0xFF,0xA5,0x7E,0xFF,0xBF,0xFF,0xF0,0x00,
  0x00,0x00,0x00,0x00,0x00,0x00,0x00,0x00,0x00,0x00,0x00,0x00,
  0x00,0x00,0x00,0x00,0x00,0x00,0x00,0x00,0x00,0x00,0x00,0x00,
  0x00,0x00,0x00,0x00,0x00,0x00,0x08,0x00,0x01,0x40,0x00,0x00,
  0x00,0x00,0x00,0x00,0x00,0x00,0x01,0x24,0x01,0x7F,0xFF,0xC0,
  0x00,0x00,0x00,0x00,0x20,0x08,0x56,0xBF,0x7F,0xFF,0xFF,0x7B,
  0xFF,0xD5,0x7B,0xF7,0xFF,0xFF,0xF0,0x00,0x00,0x00,0x00,0x00,
  0x00,0x00,0x00,0x00,0x00,0x00,0x00,0x00,0x00,0x00,0x00,0x10,
  0x00,0x08,0x44,0x44,0x91,0x11,0x11,0x11,0x11,0x11,0x11,0x11,
  0x11,0x11,0x2A,0x22,0x24,0x24,0x91,0x15,0xE8,0x88,0x40,0x10,
  0x00,0x01,0x24,0x13,0xAA,0xFD,0xFF,0xD4,0x00,0x00,0x00,0x12,
  0x00,0x25,0x0B,0x6A,0xEF,0xFF,0xFF,0xFF,0xFB,0xEA,0x9F,0xFF,
  0xFD,0xFF,0xA0,0x00,0x00,0x00,0x00,0x00,0x00,0x00,0x00,0x00,
  0x00,0x00,0x00,0x00,0x00,0x00,0x01,0x44,0xAA,0xA1,0x00,0x00,
  0x00,0x00,0x00,0x00,0x00,0x00,0x00,0x00,0x00,0x00,0x00,0x00,
  0x80,0x00,0x00,0x00,0x00,0x01,0x0A,0x82,0xAA,0xA8,0x09,0x48,
  0x05,0xFF,0xFF,0x82,0xAA,0xAA,0xAA,0xA1,0x4A,0xAA,0xAF,0xDD,
  0xFE,0xFF,0xDF,0xFF,0xFF,0xF4,0xAF,0xFF,0xFF,0xFE,0xD0,0x00,
  0x00,0x00,0x00,0x00,0x00,0x00,0x00,0x00,0x00,0x00,0x00,0x00,
  0x00,0x92,0x94,0x00,0x00,0x00,0x01,0x08,0x00,0x00,0x40,0x04,
  0x00,0x40,0x04,0x40,0x00,0x00,0x00,0x08,0x01,0x00,0x00,0x40,
  0x00,0x00,0x00,0x00,0x00,0x00,0x00,0x00,0x0B,0xFF,0xFF,0x80,
  0x00,0x00,0x00,0x00,0x00,0x00,0x00,0xAB,0x7F,0xFF,0x7F,0xFF,
  0xFF,0xFA,0xB5,0xFF,0xFF,0xEF,0x60,0x00,0x00,0x00,0x00,0x00,
  0x00,0x00,0x00,0x00,0x00,0x00,0x00,0x00,0x4A,0x00,0x00,0x00,
  0x00,0x00,0x00,0x00,0x00,0x00,0x00,0x00,0x00,0x00,0x10,0x00,
  0x00,0x00,0x00,0x00,0x00,0x00,0x00,0x00,0x00,0x00,0x00,0x00,
  0x00,0x00,0x00,0x00,0x17,0xFF,0xFD,0x80,0x00,0x00,0x00,0x00,
  0x00,0x00,0x0A,0x24,0xAF,0xFB,0xFF,0xFF,0xFF,0xFE,0x97,0xFF,
  0x77,0xFD,0xA0,0x00,0x00,0x00,0x00,0x00,0x00,0x00,0x00,0x00,
  0x00,0x00,0x00,0x09,0x00,0x00,0x00,0x00,0x00,0x00,0x00,0x00,
  0x00,0x00,0x00,0x00,0x00,0x00,0x00,0x00,0x00,0x00,0x00,0x00,
  0x00,0x00,0x00,0x00,0x00,0x00,0x00,0x00,0x00,0x00,0x00,0x00,
  0x0F,0xFF,0xF7,0x00,0x00,0x00,0x00,0x00,0x00,0x00,0x09,0x49,
  0x75,0xBF,0xFF,0xBF,0xFF,0xFF,0xFF,0xFF,0xFF,0xFE,0xC0,0x00,
  0x00,0x00,0x00,0x00,0x00,0x00,0x00,0x00,0x00,0x00,0x02,0x40,
  0x00,0x00,0x00,0x00,0x00,0x00,0x00,0x00,0x00,0x00,0x00,0x00,
  0x00,0x00,0x00,0x00,0x00,0x00,0x00,0x00,0x00,0x00,0x00,0x00,
  0x00,0x00,0x00,0x00,0x00,0x00,0x00,0x00,0x2F,0xFB,0xFF,0x00,
  0x00,0x00,0x00,0x00,0x00,0x00,0x04,0x24,0xBF,0x6F,0xFD,0xFB,
  0xBB,0xDF,0xFF,0xEF,0xFF,0xFF,0xC0,0x00,0x00,0x00,0x00,0x00,
  0x00,0x00,0x00,0x00,0x00,0x00,0x40,0x00,0x00,0x00,0x00,0x00,
  0x00,0x00,0x00,0x00,0x00,0x00,0x00,0x00,0x00,0x00,0x00,0x00,
  0x00,0x00,0x00,0x00,0x00,0x00,0x00,0x00,0x00,0x00,0x00,0x00,
  0x00,0x00,0x00,0x00,0x5B,0x6F,0xFE,0x00,0x00,0x00,0x00,0x00,
  0x00,0x00,0x12,0x92,0xEB,0xF5,0xEF,0xFF,0xFF,0x7F,0xFF,0xFF,
  0xFF,0xFF,0xF5,0x00,0x00,0x97,0xAB,0xD0,0x00,0x00,0x00,0x00,
  0x00,0x02,0x00,0x00,0x00,0x00,0x00,0x00,0x00,0x00,0x00,0x00,
  0x00,0x00,0x00,0x00,0x00,0x00,0x00,0x00,0x00,0x00,0x00,0x00,
  0x00,0x00,0x00,0x00,0x00,0x00,0x00,0x00,0x00,0x00,0x00,0x00,
  0x34,0xAA,0xDE,0x00,0x00,0x00,0x00,0x00,0x00,0x00,0x08,0x89,
  0xBE,0xBF,0x7E,0xDD,0xDB,0xF5,0x6D,0x7E,0xFD,0xB7,0xFF,0xE2,
  0x57,0x7D,0xFD,0x00,0x00,0x00,0x00,0x00,0x00,0x10,0x00,0x00,
  0x02,0x00,0x00,0x00,0x00,0x00,0x00,0x00,0x00,0x00,0x00,0x00,
  0x00,0x00,0x00,0x00,0x00,0x00,0x00,0x00,0x00,0x00,0x00,0x00,
  0x00,0x00,0x00,0x00,0x00,0x00,0x00,0x00,0xEB,0x55,0x54,0x00,
  0x00,0x00,0x00,0x00,0x00,0x00,0x52,0x52,0xF7,0xEB,0xB7,0xF7,
  0x7F,0xBF,0xFF,0xD7,0xD7,0xFE,0xD5,0x0A,0xFD,0xD6,0xA0,0x00,
  0x00,0x00,0x00,0x00,0x00,0x00,0x00,0xAA,0x80,0x00,0x00,0x00,
  0x00,0x00,0x00,0x00,0x00,0x00,0x00,0x00,0x00,0x00,0x00,0x00,
  0x00,0x00,0x00,0x00,0x00,0x00,0x00,0x00,0x00,0x00,0x00,0x00,
  0x00,0x00,0x00,0x01,0x6D,0xEE,0xB4,0x00,0x00,0x00,0x00,0x00,
  0x00,0x00,0x09,0x25,0xDD,0xBE,0xFF,0x7F,0xFD,0xFF,0xFF,0xFF,
  0xFF,0xF6,0x89,0x7F,0xAB,0x7B,0x40,0x00,0x00,0x00,0x00,0x00,
  0x00,0x00,0x02,0x00,0x20,0x00,0x00,0x00,0x00,0x00,0x00,0x00,
  0x00,0x00,0x00,0x00,0x00,0x00,0x00,0x00,0x00,0x00,0x00,0x00,
  0x00,0x00,0x00,0x00,0x00,0x00,0x00,0x00,0x00,0x00,0x00,0x02,
  0xDB,0x5A,0xD8,0x00,0x00,0x00,0x00,0x00,0x00,0x00,0xA4,0x97,
  0xFF,0xFF,0xDD,0xFF,0xEF,0xFF,0xDB,0xFF,0xFD,0x00,0xBF,0xF5,
  0xDD,0xA8,0x00,0x00,0x00,0x00,0x00,0x00,0x00,0x00,0x00,0x00,
  0x00,0x00,0x00,0x00,0x00,0x00,0x00,0x00,0x00,0x00,0x00,0x00,
  0x00,0x00,0x00,0x00,0x00,0x00,0x00,0x00,0x00,0x00,0x00,0x00,
  0x00,0x00,0x00,0x00,0x00,0x00,0x00,0x05,0xED,0xB7,0x70,0x00,
  0x00,0x00,0x00,0x00,0x00,0x00,0x55,0x4B,0x7E,0xD7,0xFF,0xED,
  0xFF,0xED,0xFF,0xFA,0x00,0xBF,0xF6,0xAE,0xB6,0xA0,0x00,0x00,
  0x00,0x00,0x00,0x00,0x00,0x00,0x01,0x00,0x20,0x00,0x00,0x00,
  0x00,0x00,0x00,0x00,0x00,0x00,0x00,0x00,0x00,0x00,0x00,0x00,
  0x00,0x00,0x00,0x00,0x00,0x00,0x00,0x00,0x00,0x00,0x00,0x00,
  0x00,0x00,0x00,0x17,0x50,0x01,0xD0,0x00,0x00,0x00,0x00,0x00,
  0x00,0x05,0x12,0x3F,0xEA,0xB5,0xBF,0xFF,0xFF,0xBF,0xED,0x01,
  0x5F,0xF7,0xAD,0xDA,0xDA,0x00,0x00,0x00,0x00,0x00,0x00,0x00,
  0x00,0x00,0x00,0x00,0x00,0x00,0x00,0x00,0x00,0x00,0x00,0x00,
  0x00,0x00,0x00,0x00,0x00,0x00,0x00,0x00,0x00,0x00,0x00,0x00,
  0x00,0x00,0x00,0x00,0x00,0x00,0x00,0x00,0x00,0x00,0x00,0x2F,
  0xE5,0x4A,0x40,0x10,0x88,0x00,0x80,0x24,0x00,0x00,0xC9,0x57,
  0xFB,0xFE,0xFF,0xFF,0xFF,0xFD,0x00,0xBF,0xFE,0xDD,0x76,0xB7,
  0x60,0x00,0x00,0x00,0x00,0x00,0x00,0x00,0x00,0x00,0x02,0x00,
  0x20,0x00,0x00,0x00,0x00,0x00,0x00,0x00,0x00,0x88,0x80,0x00,
  0x00,0x00,0x10,0x00,0x00,0x00,0x00,0x00,0x00,0x00,0x00,0x00,
  0x00,0x01,0x00,0x00,0x00,0x00,0x00,0xBD,0x7D,0x00,0x80,0x16,
  0xD4,0xCD,0x60,0x7B,0x80,0x15,0x2A,0xF7,0x7F,0xFE,0xFB,0xBF,
  0xBB,0xC8,0x5F,0xFD,0xAB,0x6B,0xDF,0xDA,0x80,0x00,0x00,0x00,
  0x00,0x00,0x00,0x10,0x00,0x20,0x00,0x00,0x02,0x02,0x20,0x01,
  0x08,0x16,0x10,0x89,0x24,0x00,0x12,0x49,0x12,0x48,0x82,0x21,
  0x12,0x49,0x24,0x91,0x00,0x00,0x11,0x00,0x00,0x88,0x22,0x00,
  0x00,0x00,0x03,0xFF,0xDE,0x08,0x00,0x3A,0xC5,0x98,0x80,0x7A,
  0x00,0x05,0x55,0x5F,0xFB,0xFE,0xFF,0xFF,0xFF,0xFF,0xFF,0xD6,
  0xFD,0xDF,0x7B,0x78,0x00,0x00,0x00,0x00,0x00,0x00,0x00,0x00,
  0x01,0x00,0x02,0x09,0x50,0x90,0x04,0x90,0x20,0xFF,0x02,0x00,
  0x00,0x22,0x00,0x00,0x00,0x00,0x00,0x04,0x00,0x00,0x00,0x00,
  0x24,0x92,0x40,0x24,0x92,0x00,0x00,0x10,0x80,0x00,0x15,0xEE,
  0xFB,0x82,0xA0,0x15,0x29,0xDC,0xE1,0x55,0x82,0x6A,0xAB,0xFF,
  0xFB,0xFF,0xFF,0xFF,0xFF,0xFF,0xFB,0x7F,0xB7,0x7D,0xFF,0xE8,
  0x00,0x00,0x00,0x00,0x00,0x00,0x00,0x80,0x08,0x00,0x00,0x48,
  0x0A,0x00,0x00,0x00,0x03,0xFC,0x1E,0x00,0x01,0x00,0x00,0x00,
  0x40,0x02,0x10,0x80,0x00,0x00,0x00,0x00,0x00,0x00,0x00,0x00,
  0x00,0x01,0x08,0x42,0x08,0x00,0x5F,0xBF,0xEF,0xA0,0x01,0x16,
  0xDC,0x56,0xA0,0x5B,0x08,0x95,0x56,0xAF,0xFF,0xFD,0xFF,0xFB,
  0xFF,0x7F,0xBF,0xF6,0xFF,0xFF,0xFF,0xF0,0x00,0x00,0x00,0x00,
  0x00,0x00,0x01,0xEF,0xFC,0x08,0x86,0x18,0x4C,0x02,0x40,0x09,
  0x07,0xFC,0x3E,0x24,0x90,0x00,0x92,0x15,0x04,0x88,0x02,0x00,
  0x49,0x24,0x92,0xD5,0x05,0x50,0x04,0x00,0x00,0x24,0x00,0x00,
  0x00,0x02,0xBF,0xFB,0x7E,0xE4,0x10,0x20,0x04,0x00,0x40,0x24,
  0x01,0x25,0x5B,0xFF,0xFB,0xEE,0xFF,0xFF,0xDD,0xFF,0xEF,0x7F,
  0xFF,0xFF,0xFF,0xD0,0x00,0x00,0x00,0x00,0x00,0x00,0x03,0xBE,
  0xFC,0x40,0x12,0x00,0x28,0x48,0x09,0x20,0x1F,0xD8,0x7C,0x00,
  0x04,0x24,0x00,0x1F,0x00,0x00,0x40,0x12,0x00,0x00,0x01,0x08,
  0x20,0x08,0x10,0x82,0x20,0x80,0x02,0x00,0x01,0x15,0xF6,0xEF,
  0xB7,0x18,0x80,0x00,0x10,0x80,0x04,0x80,0x42,0x55,0x5E,0xBF,
  0x7B,0xFE,0xF7,0x7F,0xFF,0xFD,0xFF,0xFF,0xFF,0xFF,0xFF,0xB0,
  0x00,0x00,0x00,0x00,0x00,0x00,0x06,0xFE,0xF4,0x02,0x00,0x00,
  0x41,0x00,0x00,0x00,0x3F,0xF0,0xF8,0x00,0x00,0x80,0x00,0x7E,
  0x10,0x00,0x00,0x00,0x00,0x00,0x02,0x01,0x08,0x80,0x00,0x10,
  0x00,0x00,0x00,0x00,0x00,0x4B,0xDF,0xBA,0xFC,0x08,0x29,0x00,
  0x40,0x01,0x00,0x01,0x09,0x2A,0xB7,0xFF,0xFB,0xDF,0xFF,0xFF,
  0x7F,0xF7,0xCF,0xFF,0xFF,0xFF,0xFF,0xF0,0x00,0x00,0x00,0x00,
  0x00,0x00,0x0F,0x5B,0x7C,0x08,0x12,0x09,0x00,0x02,0x84,0x4C,
  0xFF,0x73,0xFA,0x94,0x14,0x10,0x52,0x7C,0xA1,0xA4,0x15,0x00,
  0x94,0x29,0x50,0x21,0x09,0x08,0x81,0x01,0x02,0x0A,0x10,0x90,
  0x12,0xBF,0x7B,0xEF,0xA8,0x06,0x04,0x00,0x01,0x00,0x10,0x00,
  0x15,0x55,0x7A,0xFF,0xFF,0xFE,0xFF,0xF7,0xFF,0xFF,0xEF,0xFF,
  0xFB,0xFF,0xFE,0xE0,0x00,0x00,0x00,0x00,0x00,0x00,0x1E,0xFD,
  0xF8,0x20,0x40,0x7E,0x44,0x17,0x8F,0x1E,0xF7,0xE7,0xF7,0x1E,
  0x3C,0x7C,0x78,0xF9,0xE3,0xC0,0x47,0x12,0x3C,0x3C,0x7A,0x78,
  0x01,0xE1,0xE3,0xC7,0x87,0x2E,0x1E,0x3C,0x75,0xFF,0xEE,0xBA,
  0xE7,0x0D,0x10,0x39,0x74,0xE1,0xC3,0x87,0x52,0xAA,0xDF,0xFD,
  0xFB,0xFE,0xFF,0xFF,0xFB,0xFF,0xEF,0xFF,0xFF,0xFF,0xFF,0xC0,
  0x00,0x00,0x00,0x00,0x00,0x00,0x25,0xFD,0xD0,0x00,0x02,0x20,
  0x00,0x47,0x8E,0x1F,0xFF,0xC7,0x6F,0x1E,0x3C,0x38,0xF0,0xF0,
  0xE1,0xE0,0x0F,0x00,0x1C,0x78,0x78,0x79,0x13,0xC5,0xC3,0xC7,
  0x8F,0x8F,0x1C,0x38,0x8F,0xED,0x7B,0xDF,0x87,0x1F,0x82,0x3C,
  0x78,0xF1,0xE3,0xC7,0xAA,0xAB,0xEB,0xFF,0xEB,0x52,0xFF,0xFF,
  0xFF,0xBF,0xFF,0xFF,0xFF,0xFF,0xFF,0x80,0x00,0x00,0x00,0x00,
  0x00,0x00,0x80,0x7B,0x00,0x01,0x00,0x00,0x40,0x07,0x0F,0x1F,
  0xEF,0xC7,0xEF,0x1E,0x9C,0x7C,0x79,0xF1,0xE3,0xC0,0x07,0x80,
  0x3C,0x38,0x7A,0x78,0x09,0xC9,0xE1,0xC3,0x87,0x0E,0x1E,0x3D,
  0x7E,0xBF,0xAE,0xEA,0x8F,0x8E,0x40,0x3C,0x70,0xF1,0xC3,0xC7,
  0x89,0x56,0xBF,0xDF,0xFF,0xF7,0xFB,0x7F,0x7F,0xFD,0xFF,0xFF,
  0xFF,0xFF,0xFE,0x80,0x00,0x00,0x00,0x00,0x00,0x02,0x00,0x08,
  0x00,0x24,0x04,0x08,0x09,0x07,0x9E,0x1D,0xFB,0x87,0xCF,0x0E,
  0x3C,0x38,0x73,0xF1,0xE1,0xC0,0x0F,0x00,0x1C,0x7C,0x70,0x79,
  0x03,0xE3,0xC3,0xC7,0x8F,0x1E,0x3C,0x23,0xF7,0xF5,0xF5,0x5D,
  0x87,0x0E,0x62,0x38,0x78,0xE1,0xE3,0x87,0x55,0x5F,0xEE,0xFF,
  0xFB,0xFE,0xEF,0xED,0xF7,0xF7,0xBF,0xBF,0xFF,0xFF,0xEF,0x00,
  0x00,0x00,0x00,0x00,0x00,0x00,0x00,0x00,0x00,0x00,0x12,0x20,
  0x40,0x06,0x8B,0x3F,0x1F,0x0E,0xC5,0x1D,0x1C,0x30,0x73,0xA1,
  0x61,0xC1,0x07,0x00,0x3C,0x38,0x7A,0x30,0x09,0xC1,0xE1,0xC3,
  0x87,0x0E,0x1D,0x5F,0xBD,0xBE,0xAF,0xE7,0x8F,0x0F,0x11,0x3C,
  0x70,0xF1,0xE3,0xD7,0x95,0x5A,0xBF,0xFF,0x7F,0x05,0xFF,0xFF,
  0xFF,0x7F,0xFE,0xFE,0xFF,0xFD,0xF8,0x00,0x00,0x00,0x00,0x00,
  0x00,0x00,0x00,0x00,0x04,0x80,0x42,0x00,0x00,0x00,0x00,0x7E,
  0x3F,0x0F,0x80,0x00,0x00,0x00,0x07,0xC8,0x00,0x00,0x00,0x10,
  0x00,0x00,0x00,0x01,0x00,0x04,0x00,0x00,0x00,0x00,0x09,0x7E,
  0xF7,0xD7,0x7A,0x81,0x00,0x00,0x08,0x91,0x20,0x20,0x80,0x8A,
  0xAA,0xF7,0xF7,0xFB,0xFB,0xF6,0xFF,0xFF,0xFF,0xFF,0xFF,0xFF,
  0xF7,0xFF,0xD0,0x00,0x00,0x00,0x00,0x00,0x00,0x00,0x00,0x00,
  0x20,0x01,0x02,0x02,0x49,0x20,0x01,0xF8,0x3E,0x1F,0x00,0x00,
  0x00,0x01,0x07,0xC0,0x00,0x00,0x20,0x02,0x00,0x00,0x02,0x00,
  0x10,0x00,0x00,0x00,0x00,0x01,0x57,0xEF,0xDD,0x7A,0xD7,0x00,
  0x00,0x00,0x0C,0x00,0x00,0x00,0x00,0x49,0x55,0x5D,0xBF,0xEF,
  0xFB,0xEE,0xFD,0xDF,0xDF,0xFF,0xFF,0xFF,0xFF,0xFF,0x00,0x00,
  0x00,0x00,0x00,0x00,0x00,0x00,0x00,0x00,0x80,0x24,0x00,0x48,
  0x40,0x00,0x4B,0xF0,0x76,0x3F,0x01,0x48,0x11,0x54,0x0F,0x81,
  0x20,0x12,0x00,0x00,0x00,0x00,0x00,0x01,0x08,0x00,0x00,0x00,
  0x00,0x14,0xBF,0xBA,0xF6,0xAF,0xBC,0x00,0x00,0x00,0x02,0x40,
  0x00,0x00,0x05,0x24,0xAB,0xF7,0x7F,0x7F,0xEF,0xFF,0xEF,0xFF,
  0x7F,0xFF,0xF7,0xFF,0xFF,0xF4,0x00,0x00,0x00,0x00,0x00,0x00,
  0x00,0x01,0x00,0x00,0x02,0x00,0x0A,0x00,0x00,0x09,0x07,0xE2,
  0x7C,0x3E,0x45,0xFF,0xC7,0xFE,0x1F,0x0F,0xC3,0xFF,0xC4,0x48,
  0x91,0x00,0x02,0x00,0x00,0x08,0x00,0x00,0x02,0xAB,0xFB,0xFF,
  0xBB,0xF5,0x68,0x00,0x02,0x24,0x00,0x90,0x00,0x04,0x02,0x92,
  0xAD,0x5D,0xFF,0xFF,0xBB,0xCE,0xFF,0xFF,0xFE,0xEF,0xDF,0xFF,
  0xFF,0x80,0x00,0x00,0x00,0x00,0x00,0x00,0x00,0x00,0x30,0x4A,
  0x08,0x00,0x20,0x00,0x49,0x40,0x1F,0xC0,0xFC,0x7E,0x0F,0xFF,
  0x8F,0xFE,0x3F,0x1F,0x8F,0xFF,0x80,0x00,0x00,0x12,0x40,0x49,
  0x48,0x00,0x80,0x00,0x29,0x7F,0xEE,0xD5,0xDF,0x5E,0xC0,0x49,
  0x20,0x00,0x80,0x08,0x00,0x00,0x28,0xAA,0xAF,0xF7,0xF7,0xFE,
  0xFF,0xF6,0xFF,0xFF,0xFF,0xFF,0x7F,0xFF,0xFE,0x00,0x00,0x00,
  0x00,0x00,0x00,0x00,0x00,0x00,0x00,0x00,0x40,0x44,0x82,0x49,
  0x07,0xFF,0xFF,0xFE,0xF8,0x7C,0x3F,0xFF,0x1F,0xFC,0x3E,0x7E,
  0x3F,0xFF,0x12,0x44,0x88,0x40,0x0A,0x01,0x00,0x08,0x00,0x02,
  0x97,0xF7,0x7B,0xFF,0x77,0xFB,0x10,0x00,0x00,0x80,0x12,0x00,
  0x92,0x41,0x26,0x4A,0xBA,0xBD,0xDF,0xBF,0xFB,0xFF,0xFF,0xFB,
  0xFF,0xFF,0xFF,0xFF,0xF0,0x00,0x00,0x00,0x00,0x00,0x00,0x00,
  0x00,0x02,0x00,0x91,0x00,0x00,0x00,0x00,0x47,0xFF,0xFD,0xFD,
  0xF2,0xF8,0xBF,0x1E,0x3E,0x10,0x3E,0xFC,0x3F,0x1F,0x00,0x10,
  0x22,0x01,0x01,0x54,0x0A,0x10,0x00,0x55,0x7F,0xBD,0xDE,0xB6,
  0xFD,0xEE,0x01,0x04,0x08,0x12,0x00,0x40,0x00,0x08,0x91,0x2A,
  0xEF,0xEF,0xFF,0xFF,0xFF,0x7E,0xFE,0xEF,0xFF,0xFF,0xFF,0xFF,
  0x40,0x00,0x00,0x00,0x00,0x00,0x00,0x00,0x00,0x90,0x48,0x04,
  0x12,0x48,0x02,0x44,0x5F,0xFF,0xFB,0xF1,0xF0,0xF8,0x7C,0x3E,
  0x7C,0x82,0x7D,0xF0,0xFC,0x3E,0x55,0x42,0x80,0x94,0x20,0x00,
  0x00,0x80,0x0A,0xAB,0xFA,0xF7,0xF7,0xFF,0xEF,0xBE,0xC4,0x20,
  0xA2,0x40,0x91,0x0A,0x08,0x22,0xAD,0x55,0xBB,0x7F,0xFF,0xFF,
  0xFB,0xFE,0xFB,0xFF,0xFF,0xFF,0xFF,0xFA,0x00,0x00,0x00,0x00,
  0x00,0x00,0x00,0x00,0x00,0x01,0x02,0x50,0x80,0x02,0xA6,0xA9,
  0x5E,0xDF,0xFE,0x03,0xE1,0xF2,0xF8,0x7D,0x7E,0x10,0xFF,0xE0,
  0xF9,0x7E,0x00,0x08,0x2A,0x20,0x89,0x20,0x80,0x02,0xA9,0x7F,
  0xDF,0xDE,0xBF,0xDB,0xBE,0xEB,0x28,0x08,0x00,0x08,0x04,0x20,
  0xA1,0x0A,0x52,0xB7,0xFF,0xDF,0xFF,0xFB,0xFB,0xFE,0xFF,0xFF,
  0xFF,0xFF,0xFF,0xD0,0x00,0x00,0x00,0x00,0x00,0x00,0x00,0x00,
  0x89,0x12,0x20,0x02,0x12,0x50,0x02,0x45,0x60,0x03,0xE0,0x17,
  0xE5,0xF1,0xF2,0xFC,0x7F,0x04,0xFF,0x85,0xF0,0x7C,0xA5,0x52,
  0x80,0x80,0x20,0x44,0x04,0x5A,0xAF,0xFE,0xF7,0x7B,0xDA,0xFE,
  0xEB,0xBD,0x45,0x42,0x49,0x22,0x40,0x00,0x00,0xA9,0x55,0x5E,
  0xD5,0xFF,0xFE,0xFF,0xFF,0xFF,0xFF,0xFF,0xFD,0xFF,0xFF,0xF8,
  0x00,0x00,0x00,0x00,0x00,0x00,0x00,0x00,0x20,0x40,0x95,0x48,
  0x40,0x84,0x4B,0xFB,0xC1,0x2F,0xC0,0x87,0xC3,0xE5,0xE0,0xF8,
  0x3F,0xC1,0xFE,0x11,0xE5,0xF8,0x10,0x00,0x08,0x05,0x04,0x00,
  0x53,0xA2,0xFF,0xAB,0xBD,0xEF,0x6F,0x55,0xBE,0xD6,0xA9,0x20,
  0x00,0x00,0x12,0x94,0x8A,0x55,0x55,0x6F,0xFF,0x7D,0xFB,0xFF,
  0xFB,0x6D,0xFF,0xFF,0xFF,0xFF,0xBE,0x60,0x00,0x00,0x00,0x00,
  0x00,0x00,0x00,0x00,0x95,0x0A,0x30,0x01,0x14,0x11,0x00,0x00,
  0x08,0x1F,0x94,0x2F,0xCB,0xE3,0xE9,0xF9,0x3F,0xE9,0xFE,0x43,
  0xE8,0xFA,0xA4,0x88,0x02,0x20,0x21,0x55,0x48,0x5F,0xF6,0xFF,
  0xF7,0xBD,0xFA,0xDB,0x6B,0x75,0x14,0x95,0x2A,0x92,0x80,0x00,
  0x25,0x4A,0xAA,0xFB,0x6D,0xFF,0xEF,0xFF,0xDE,0xDB,0xFF,0xFF,
  0xFF,0xFB,0xFC,0x00,0x00,0x00,0x00,0x00,0x00,0x00,0x00,0x00,
  0x48,0x40,0x52,0x54,0x41,0x40,0x54,0x09,0x22,0x7F,0x02,0x8F,
  0x87,0xD7,0xC5,0xF0,0x8F,0xE3,0xEF,0x17,0xC3,0xF1,0x00,0x01,
  0x24,0x8A,0x84,0x00,0x17,0xFF,0x5F,0xF6,0xDF,0xFF,0xFF,0xED,
  0xB5,0xAD,0xD5,0x40,0x40,0x08,0x2A,0x4A,0x92,0x55,0x57,0xBF,
  0xFF,0xFF,0xFF,0xFF,0xFF,0xFF,0xFF,0xFF,0xFF,0xEF,0xF0,0x00,
  0x00,0x00,0x00,0x00,0x00,0x00,0x00,0x00,0x32,0x95,0x09,0x01,
  0x14,0x15,0x01,0x42,0x08,0xFE,0x28,0x1F,0xAF,0xC7,0xCB,0xE4,
  0x27,0xE7,0xEF,0x47,0xC9,0xF4,0x52,0x54,0x0A,0xA9,0x6A,0xEB,
  0xDF,0xD5,0xFD,0xBF,0xFD,0xEF,0x6E,0xFF,0xFF,0xFF,0x7A,0xA9,
  0x09,0x41,0x00,0x80,0x55,0x55,0x56,0xED,0x5F,0xFF,0xFF,0xFF,
  0xFF,0xFF,0xFF,0xFF,0xFF,0xBF,0xE0,0x00,0x00,0x00,0x00,0x00,
  0x00,0x00,0x00,0x00,0x2A,0x48,0xA0,0x54,0x41,0x40,0x48,0x28,
  0xA3,0xF8,0x82,0xBF,0x0F,0x87,0x87,0x62,0x93,0xE7,0xCF,0x87,
  0x87,0xEA,0x09,0x00,0xAA,0xB6,0x95,0x5D,0xFB,0x7F,0xEF,0xEB,
  0x77,0x5B,0xFB,0xB7,0x68,0x00,0x80,0x04,0x42,0x14,0x54,0x2B,
  0x55,0x55,0x5F,0xFF,0xFF,0xFF,0xFF,0xF7,0xFF,0xFF,0xFF,0xFF,
  0xDD,0xFF,0x00,0x00,0x00,0x00,0x00,0x00,0x00,0x00,0x00,0x00,
  0x0D,0x52,0x4A,0x82,0x14,0x15,0x12,0x82,0x13,0xFA,0x28,0x3F,
  0x2F,0xAF,0x9F,0xE8,0x07,0xE7,0xCF,0x9F,0xAF,0xE1,0x40,0x00,
  0x00,0x0A,0xEA,0xA5,0x2F,0xFF,0xBE,0xFF,0xDF,0xBE,0xAF,0xDD,
  0xD5,0x54,0x0A,0xA1,0x10,0x81,0x01,0x29,0x55,0x55,0x7B,0x6D,
  0xFF,0xFF,0xFF,0xFF,0xFF,0xFF,0xFD,0xFF,0xFF,0xFE,0x00,0x00,
  0x00,0x00,0x00,0x00,0x00,0x00,0x00,0x00,0x06,0xAB,0x24,0x54,
  0xA2,0x8C,0x44,0x54,0x8F,0xE0,0x82,0xBE,0x1F,0x0F,0xFF,0xC7,
  0xFF,0xCF,0x97,0x8F,0xFF,0xD5,0x00,0x00,0x00,0x00,0x0B,0xDA,
  0xDD,0xDB,0xFF,0xFF,0xFF,0xEB,0xFA,0xF7,0x72,0x42,0xA0,0x14,
  0x4A,0x28,0xA9,0x55,0x55,0x55,0xEF,0xFF,0xFF,0xFB,0xBF,0xFF,
  0xFF,0xFF,0xFF,0xFE,0x80,0x0E,0x00,0x00,0x00,0x00,0x00,0x00,
  0x00,0x00,0x00,0x00,0x01,0xD5,0x52,0x92,0x48,0x51,0x29,0x02,
  0x5F,0xCA,0x28,0x7E,0xBF,0xAF,0xFB,0xD7,0xFF,0x9F,0x87,0xDF,
  0xFF,0xCA,0x00,0x00,0x00,0x00,0x00,0x0B,0x6F,0x7E,0xF7,0x6D,
  0xFD,0xFE,0xAE,0xAD,0xA9,0x28,0x15,0x42,0x90,0x85,0x05,0x55,
  0x55,0x6F,0xFE,0xEF,0xFF,0xFF,0xFF,0xFF,0xFF,0xFF,0xFF,0xF4,
  0x00,0x00,0x00,0x00,0x00,0x00,0x00,0x00,0x00,0x00,0x00,0x00,
  0x00,0xB5,0x55,0x49,0x25,0x4A,0x44,0xA9,0x3F,0x91,0x45,0x7E,
  0x5F,0x2F,0xE7,0xCF,0xFF,0x5F,0x2B,0xCF,0xE7,0xDB,0x00,0x00,
  0x00,0x00,0x00,0x01,0x55,0xD7,0xBD,0xFF,0xB7,0xBF,0xFB,0xDA,
  0xB5,0x4A,0xA0,0x94,0x25,0x28,0x75,0x55,0x56,0xB7,0x77,0xFF,
  0xFD,0xFF,0xFF,0xFF,0xBF,0xFF,0xFF,0x80,0x00,0x00,0x00,0x00,
  0x00,0x00,0x00,0x00,0x00,0x00,0x00,0x00,0x00,0x3B,0x54,0xA5,
  0x52,0x24,0x92,0x48,0xB6,0x24,0x29,0x5A,0x9D,0x8E,0x8F,0xAB,
  0xFA,0x3B,0x4B,0xE6,0x96,0xC8,0x00,0x00,0x00,0x00,0x00,0xA4,
  0x6A,0xBA,0xEF,0x56,0xFE,0xFB,0xFF,0xFF,0xFF,0xB4,0x8A,0x49,
  0x42,0x45,0x96,0xAA,0xDA,0xDF,0xDF,0xBF,0xEF,0xFF,0xFF,0xFF,
  0xFF,0xFF,0xF4,0x00,0x00,0x00,0x00,0x00,0x00,0x00,0x00,0x00,
  0x00,0x00,0x00,0x00,0x00,0x0E,0xD5,0x55,0x2A,0xA9,0x49,0x26,
  0x49,0x4A,0x92,0x22,0x42,0x50,0x50,0x44,0x05,0x44,0xA7,0xE1,
  0x49,0x12,0x00,0x00,0x00,0x10,0x00,0x01,0x1B,0xEF,0xBB,0xFF,
  0xD7,0xEF,0xBD,0xB0,0x00,0x49,0x25,0x24,0x29,0x2A,0xAA,0xB6,
  0xAB,0xFD,0xFE,0xFF,0xBF,0xFF,0xFF,0xBF,0xFF,0xF7,0x40,0x00,
  0x00,0x00,0x00,0x00,0x00,0x00,0x00,0x00,0x00,0x00,0x00,0x00,
  0x00,0x03,0xB6,0xAA,0xA9,0x55,0x2A,0x91,0x24,0xA5,0x49,0x55,
  0x29,0x25,0x25,0x29,0x51,0x29,0x13,0xF4,0xA5,0x49,0x00,0x00,
  0x00,0x00,0x00,0x00,0x7A,0x5A,0xED,0x6A,0xFF,0x7E,0xF7,0xE8,
  0x00,0x04,0xA8,0x92,0x94,0xB5,0x6A,0xDA,0xDE,0xF7,0xBF,0xFF,
  0xFF,0xFF,0xFF,0xFF,0xFE,0xDC,0x00,0x00,0x00,0x00,0x00,0x00,
  0x00,0x00,0x00,0x00,0x00,0x00,0x00,0x00,0x00,0x00,0x7B,0x6D,
  0x55,0x4A,0xA9,0x55,0x52,0x92,0x55,0x24,0x94,0x95,0x52,0xA5,
  0x54,0x94,0xA9,0xF5,0x2A,0x24,0x00,0x00,0x00,0x00,0x00,0x01,
  0x3A,0xEF,0x77,0xBF,0xFF,0xF7,0xDD,0x76,0x49,0x12,0x4A,0xA9,
  0x45,0x56,0xAD,0x57,0x77,0xDF,0xFF,0xFF,0xFF,0xFB,0xFF,0xFF,
  0xFF,0xF4,0x00,0x00,0x00,0x00,0x00,0x00,0x00,0x00,0x00,0x00,
  0x00,0x00,0x00,0x00,0x00,0x00,0x0E,0xD5,0xAA,0xAA,0xAA,0xAA,
  0x95,0x55,0x54,0xAA,0xAA,0xA9,0x49,0x2A,0x4A,0xA5,0x54,0xBA,
  0xAA,0xAA,0x00,0x00,0x00,0x00,0x00,0x00,0xFD,0x55,0xAD,0xEF,
  0xFD,0xFF,0xF7,0xB2,0x80,0x45,0x25,0x24,0xB6,0xDB,0x6B,0x6D,
  0xDF,0xFF,0xFF,0xFF,0xFF,0xFF,0xFF,0xFE,0xF4,0x2C,0x00,0x00,
  0x00,0x00,0x00,0x00,0x00,0x00,0x00,0x00,0x00,0x00,0x00,0x00,
  0x00,0x00,0x03,0xFE,0xDA,0xB5,0x55,0x55,0x55,0x55,0x6A,0xAA,
  0xA5,0x55,0x2D,0x55,0x55,0x55,0x55,0x4A,0xAA,0xAA,0x00,0x00,
  0x00,0x10,0x00,0x01,0x7F,0x6D,0x76,0xBF,0xDF,0xBE,0xFF,0xEC,
  0x49,0x11,0x54,0x95,0x5B,0x6A,0xB5,0xFF,0x7D,0xBF,0xFF,0xFF,
  0xFF,0xFF,0xFD,0xFF,0x80,0x00,0x00,0x00,0x00,0x00,0x00,0x00,
  0x00,0x00,0x00,0x00,0x00,0x00,0x00,0x00,0x00,0x00,0x00,0x2B,
  0x6F,0xDA,0xAA,0xAA,0xAA,0xAA,0xD5,0x55,0x55,0x55,0x52,0xAA,
  0xAA,0xAA,0xAA,0xAA,0xAB,0x56,0x01,0x24,0x80,0x82,0x48,0x05,
  0x6B,0xFF,0xDF,0xFF,0x76,0xF7,0xBD,0xFF,0x84,0x4A,0xAA,0xAA,
  0xD5,0xAD,0xDF,0xAB,0xFF,0xFF,0xFF,0xFF,0xFF,0xFF,0xF7,0xE8,
  0x00,0x00,0x00,0x00,0x00,0x00,0x00,0x00,0x00,0x00,0x00,0x00,
  0x00,0x00,0x00,0x00,0x00,0x00,0x00,0x0F,0xF5,0x6F,0x6D,0x55,
  0x55,0x55,0x55,0x55,0x5A,0xAA,0xDA,0xAA,0xAA,0xB5,0x55,0x55,
  0x5D,0x6A,0x08,0x00,0x14,0x20,0x01,0x4B,0x7F,0xFF,0xFF,0xFE,
  0xFF,0xDD,0xD6,0x80,0x52,0xA9,0x55,0x5B,0x6E,0xB6,0xB6,0xFD,
  0xF7,0xFE,0xF7,0xFF,0xFF,0xFF,0xFE,0x80,0x00,0x00,0x00,0x00,
  0x00,0x00,0x00,0x00,0x00,0x00,0x00,0x00,0x00,0x00,0x00,0x00,
  0x00,0x00,0x00,0x00,0x5F,0xB5,0xB7,0xEE,0xEE,0xDB,0x5B,0xB6,
  0xD5,0xB5,0x56,0xD5,0x6D,0xAD,0xBB,0xBD,0xEB,0xB2,0x40,0x89,
  0x00,0x89,0x24,0x15,0x77,0xFF,0xFF,0xDB,0xAA,0xF6,0xFB,0x4A,
  0x95,0x2A,0xAA,0xEE,0xB5,0xDB,0xFD,0xDF,0xFF,0xFF,0xFF,0xFF,
  0xFF,0xFF,0x40,0x00,0x00,0x00,0x00,0x00,0x00,0x00,0x00,0x00,
  0x00,0x00,0x00,0x00,0x00,0x00,0x00,0x00,0x00,0x00,0x00,0x00,
  0x05,0xFE,0xFA,0xB5,0xBB,0x6D,0xED,0x6B,0x6E,0xDF,0x6B,0x7B,
  0xB6,0xD6,0xD6,0xD6,0xB6,0xD4,0x04,0x20,0x44,0x00,0x00,0x55,
  0xF5,0xBB,0x6A,0xF6,0xFF,0x5B,0x55,0x55,0x55,0x6F,0x6F,0x77,
  0xDE,0xFF,0xEF,0xFF,0xFF,0xFF,0xFF,0xFD,0xFF,0xD0,0x00,0x00,
  0x00,0x00,0x00,0x00,0x00,0x00,0x00,0x00,0x00,0x00,0x00,0x00,
  0x00,0x00,0x00,0x00,0x00,0x00,0x00,0x00,0x00,0x0B,0xDF,0xDF,
  0xDD,0xDE,0xB7,0xBD,0xB5,0xAA,0xDD,0xAE,0xDB,0x7B,0x7B,0x7B,
  0xDD,0xF1,0x10,0x82,0x10,0x24,0x92,0xAB,0xB3,0xEF,0xFF,0xBF,
  0xD5,0xFF,0xEF,0x6A,0xAD,0xB5,0xFB,0xBA,0xF7,0xEF,0xBF,0xFF,
  0xFF,0xFF,0xFF,0xFF,0xE8,0x00,0x00,0x00,0x00,0x00,0x00,0x00,
  0x00,0x00,0x00,0x00,0x00,0x00,0x00,0x00,0x00,0x00,0x00,0x00,
  0x00,0x00,0x00,0x00,0x00,0x00,0x2A,0xFD,0x77,0x77,0xDD,0xD6,
  0xEF,0x7B,0xF7,0x75,0xBD,0xDD,0xDD,0xDE,0xEF,0x60,0x40,0x30,
  0x05,0x00,0x01,0x57,0xEA,0xBF,0xDF,0xF7,0x7F,0xAA,0xBB,0xBD,
  0xF7,0xFF,0x5D,0xEF,0xBF,0xBF,0xFF,0xFF,0xFF,0xFF,0xFF,0xD5,
  0x00,0x00,0x00,0x00,0x00,0x00,0x00,0x00,0x00,0x00,0x00,0x00,
  0x00,0x00,0x00,0x00,0x00,0x00,0x00,0x00,0x00,0x00,0x00,0x00,
  0x00,0x00,0x00,0x05,0xBF,0xFD,0x7F,0x7F,0xFD,0xEF,0x7D,0xDF,
  0xF7,0xF7,0xF7,0xF7,0xBD,0xF2,0x00,0x61,0x28,0x24,0x96,0x9D,
  0xD0,0xAB,0xFE,0xFF,0xFE,0xFF,0xFE,0xEF,0x5D,0x57,0xF7,0xBE,
  0xFF,0xFE,0xFF,0xFF,0xFF,0xFF,0xD4,0x00,0x00,0x00,0x00,0x00,
  0x00,0x00,0x00,0x00,0x00,0x00,0x00,0x00,0x00,0x00,0x00,0x00,
  0x00,0x00,0x00,0x00,0x00,0x00,0x00,0x00,0x00,0x00,0x00,0x00,
  0x00,0x03,0xE5,0x55,0x2B,0x5A,0xAE,0xB5,0x5A,0xAD,0x5A,0xAD,
  0x6B,0x52,0x12,0x15,0x42,0x90,0x49,0x77,0xE2,0x93,0xFF,0xDD,
  0xEF,0xFF,0xDB,0xFB,0xFF,0xFF,0xFF,0xFF,0xFF,0xFF,0xFF,0xFF,
  0x6A,0x80,0x00,0x00,0x00,0x00,0x00,0x00,0x00,0x00,0x00,0x00,
  0x00,0x00,0x00,0x00,0x00,0x00,0x00,0x00,0x00,0x00,0x00,0x00,
  0x00,0x00,0x00,0x00,0x00,0x00,0x00,0x00,0x00,0x00,0x00,0x00,
  0x00,0x00,0x03,0x80,0x00,0x00,0x00,0x00,0x00,0x0A,0x80,0x93,
  0x08,0x25,0x36,0xDF,0xFB,0x6F,0x7B,0x7F,0xFF,0x6D,0x7F,0x2E,
  0xEA,0xD0,0x00,0x00,0x80,0x01,0x00,0x00,0x00,0x00,0x00,0x00,
  0x00,0x00,0x00,0x00,0x00,0x00,0x00,0x00,0x00,0x00,0x00,0x00,
  0x00,0x00,0x00,0x00,0x00,0x00,0x00,0x00,0x00,0x00,0x00,0x00,
  0x00,0x00,0x00,0x00,0x00,0x00,0x00,0x00,0x00,0x00,0x02,0x80,
  0x00,0x00,0x00,0x00,0x00,0x0A,0x54,0x41,0x22,0x90,0xD5,0xFF,
  0xD7,0xFB,0xEF,0xFF,0xBF,0xFF,0xFD,0xDF,0xFF,0x00,0x00,0x00,
  0x00,0x00,0x00,0x00,0x00,0x00,0x00,0x00,0x00,0x00,0x00,0x00,
  0x00,0x00,0x00,0x00,0x00,0x00,0x00,0x00,0x00,0x00,0x00,0x00,
  0x00,0x00,0x00,0x00,0x00,0x00,0x00,0x00,0x00,0x00,0x00,0x00,
  0x00,0x00,0x00,0x00,0x00,0x00,0x01,0x40,0x00,0x00,0x00,0x00,
  0x00,0x0D,0x01,0x15,0x08,0x27,0x2B,0x7F,0xFB,0x7E,0x00,0x00,
  0x00,0x89,0x56,0xA8,0x02,0x00,0x00,0x00,0x00,0x00,0x00,0x00,
  0x00,0x00,0x00,0x00,0x00,0x00,0x00,0x00,0x00,0x00,0x00,0x00,
  0x00,0x00,0x00,0x00,0x00,0x00,0x00,0x00,0x00,0x00,0x00,0x00,
  0x00,0x00,0x00,0x00,0x00,0x00,0x00,0x00,0x00,0x00,0x00,0x00,
  0x00,0x00,0x00,0x80,0x00,0x00,0x00,0x00,0x00,0x0B,0x28,0x81,
  0x42,0x99,0x5F,0xFF,0x7F,0xFE,0x00,0x00,0x00,0x00,0x00,0x20,
  0x01,0x80,0x00,0x00,0x00,0x00,0x00,0x00,0x00,0x00,0x00,0x00,
  0x00,0x00,0x00,0x00,0x00,0x00,0x00,0x00,0x00,0x00,0x00,0x00,
  0x00,0x00,0x00,0x00,0x00,0x00,0x00,0x00,0x00,0x00,0x00,0x00,
  0x00,0x00,0x00,0x00,0x00,0x00,0x00,0x00,0x00,0x00,0x00,0xC0,
  0x00,0x00,0x00,0x00,0x00,0x0E,0x44,0x55,0x29,0x6D,0xBF,0xFD,
  0xF7,0xFE,0x00,0x00,0x00,0x00,0x00,0x00,0x01,0x00,0x00,0x00,
  0x00,0x00,0x00,0x00,0x00,0x00,0x00,0x00,0x00,0x00,0x00,0x00,
  0x00,0x00,0x00,0x00,0x00,0x00,0x00,0x00,0x00,0x00,0x00,0x00,
  0x00,0x00,0x00,0x00,0x00,0x00,0x00,0x00,0x00,0x00,0x00,0x00,
  0x00,0x00,0x00,0x00,0x00,0x00,0x00,0x00,0x00,0x00,0x00,0x00,
  0x00,0x0B,0x12,0x89,0x2A,0xAB,0xF7,0xF6,0xBF,0xFA,0x00,0x00,
  0x00,0x00,0x00,0x00,0x00,0x00,0x00,0x00,0x00,0x00,0x00,0x00,
  0x00,0x00,0x00,0x00,0x00,0x00,0x00,0x00,0x00,0x00,0x00,0x00,
  0x00,0x00,0x00,0x00,0x00,0x00,0x00,0x00,0x00,0x00,0x00,0x00,
  0x00,0x00,0x00,0x00,0x00,0x00,0x00,0x00,0x00,0x00,0x00,0x00,
  0x00,0x00,0x00,0x00,0x00,0x00,0x00,0x00,0x00,0x0F,0x49,0x25,
  0x4B,0x76,0xDF,0xDB,0x7F,0xC0,0x00,0x00,0x00,0x00,0x00,0x00,
  0x00,0x00,0x00,0x00,0x00,0x00,0x00,0x00,0x00,0x00,0x00,0x00,
  0x00,0x00,0x00,0x00,0x00,0x00,0x00,0x00,0x00,0x00,0x00,0x00,
  0x00,0x00,0x00,0x00,0x00,0x00,0x00,0x00,0x00,0x00,0x00,0x00,
  0x00,0x00,0x00,0x00,0x00,0x00,0x00,0x00,0x00,0x00,0x00,0x00,
  0x00,0x00,0x00,0x00,0x00,0x07,0x54,0xB5,0x3F,0xDF,0xFE,0xED,
  0xFE,0x00,0x00,0x00,0x00,0x00,0x00,0x00,0x00,0x00,0x00,0x00,
  0x00,0x00,0x00,0x00,0x00,0x00,0x00,0x00,0x00,0x00,0x00,0x00,
  0x00,0x00,0x00,0x00,0x00,0x00,0x00,0x00,0x00,0x00,0x00,0x00,
  0x00,0x00,0x00,0x00,0x00,0x00,0x00,0x00,0x00,0x00,0x00,0x00,
  0x00,0x00,0x00,0x00,0x00,0x00,0x00,0x00,0x00,0x00,0x00,0x00,
  0x00,0x0F,0x55,0x55,0xEA,0xF6,0xEB,0x56,0x7A,0x00,0x00,0x00,
  0x00,0x00,0x00,0x00,0x00,0x00,0x00,0x00,0x00,0x00,0x00,0x00,
  0x00,0x00,0x00,0x00,0x00,0x00,0x00,0x00,0x00,0x00,0x00,0x00,
  0x00,0x00,0x00,0x00,0x00,0x00,0x00,0x00,0x00,0x00,0x00,0x00,
  0x00,0x00,0x00,0x00,0x00,0x00,0x00,0x00,0x00,0x00,0x00,0x00,
  0x00,0x00,0x00,0x00,0x00,0x00,0x00,0x00,0x00,0x07,0xB6,0xED,
  0x5E,0xAB,0x5D,0xBB,0xF0,0x00,0x00,0x00,0x00,0x00,0x00,0x00,
  0x00,0x00,0x00,0x00,0x00,0x00,0x00,0x00,0x00,0x00,0x00,0x00,
  0x00,0x00,0x00,0x00,0x00,0x00,0x00,0x00,0x00,0x00,0x00,0x00,
  0x00,0x00,0x00,0x00,0x00,0x00,0x00,0x00,0x00,0x00,0x00,0x00,
  0x00,0x00,0x00,0x00,0x00,0x00,0x00,0x00,0x00,0x00,0x00,0x00,
  0x00,0x00,0x00,0x00,0x00,0x07,0xDB,0x5B,0xEB,0x7D,0xB6,0xED,
  0x60,0x00,0x00,0x00,0x00,0x00,0x00,0x00,0x00,0x00,0x00,0x00,
  0x00,0x00,0x00,0x00,0x00,0x00,0x00,0x00,0x00,0x00,0x00,0x00,
  0x00,0x00,0x00,0x00,0x00,0x00,0x00,0x00,0x00,0x00,0x00,0x00,
  0x00,0x00,0x00,0x00,0x00,0x00,0x00,0x00,0x00,0x00,0x00,0x00,
  0x00,0x00,0x00,0x00,0x00,0x00,0x00,0x00,0x00,0x00,0x00,0x00,
  0x00,0x07,0x77,0xEF,0x5D,0xAB,0xEF,0xBF,0xA0,0x00,0x00,0x00,
  0x00,0x00,0x00,0x00,0x00,0x00,0x00,0x00,0x00,0x00,0x00,0x00,
  0x00,0x00,0x00,0x00,0x00,0x00,0x00,0x00,0x00,0x00,0x00,0x00,
  0x00,0x00,0x00,0x00,0x00,0x00,0x00,0x00,0x00,0x00,0x00,0x00,
  0x00,0x00,0x00,0x00,0x00,0x00,0x00,0x00,0x00,0x00,0x00,0x00,
  0x00,0x00,0x00,0x00,0x00,0x00,0x00,0x00,0x00,0x03,0xDD,0x7B,
  0xF7,0xFE,0xBA,0xEA,0xE0,0x00,0x00,0x00,0x00,0x00,0x00,0x00,
  0x00,0x00,0x00,0x00,0x00,0x00,0x00,0x00,0x00,0x00,0x00,0x00,
  0x00,0x00,0x00,0x00,0x00,0x00,0x00,0x00,0x00,0x00,0x00,0x00,
  0x00,0x00,0x00,0x00,0x00,0x00,0x00,0x00,0x00,0x00,0x00,0x00,
  0x00,0x00,0x00,0x00,0x00,0x00,0x00,0x00,0x00,0x00,0x00,0x00,
  0x00,0x00,0x00,0x00,0x00,0x00,0x77,0xDF,0x7D,0xB7,0xFF,0xFF,
  0x40,0x00,0x00,0x00,0x00,0x00,0x00,0x00,0x00,0x00,0x00,0x00,
  0x00,0x00,0x00,0x00,0x00,0x00,0x00,0x00,0x00,0x00,0x00,0x00,
  0x00,0x00,0x00,0x00,0x00,0x00,0x00,0x00,0x00,0x00,0x00,0x00,
  0x00,0x00,0x00,0x00,0x00,0x00,0x00,0x00,0x00,0x00,0x00,0x00,
  0x00,0x00,0x00,0x00,0x00,0x00,0x00,0x00,0x00,0x00,0x00,0x00,
  0x00,0x00,0x00,0x55,0xAB,0x7D,0x55,0x00,0x00,0x00,0x00,0x00,
  0x00,0x00,0x00,0x00,0x00,0x00,0x00,0x00,0x00,0x00,0x00,0x00,
  0x00,0x00,0x00,0x00,0x00,0x00,0x00,0x00,0x00,0x00,0x00,0x00,
  0x00,0x00,0x00,0x00,0x00,0x00,0x00,0x00,0x00,0x00,0x00,0x00,
};
static const uint8_t branded_dal[] PROGMEM = {
  0x00,0x00,0x00,0x00,0x00,0x00,0x00,0x00,0x00,0x00,0x00,0x00,
  0x00,0x00,0x00,0x00,0x00,0x00,0x00,0x00,0x00,0x00,0x00,0x00,
  0x00,0x00,0x00,0x00,0x00,0x00,0x00,0x00,0x00,0x00,0x00,0x00,
  0x00,0x00,0x00,0x00,0x00,0x00,0x00,0x00,0x00,0x00,0x00,0x00,
  0x00,0x00,0x00,0x00,0x00,0x00,0x00,0x00,0x00,0x00,0x00,0x00,
  0x00,0x00,0x00,0x0F,0xFF,0xFF,0xF0,0x00,0x00,0x00,0x00,0x00,
  0x00,0x00,0x00,0x00,0x00,0x00,0x00,0x00,0x00,0x00,0x00,0x00,
  0x00,0x00,0x00,0x00,0x00,0x00,0x00,0x00,0x00,0x00,0x00,0x00,
  0x00,0x00,0x00,0x00,0x00,0x00,0x00,0x00,0x00,0x00,0x00,0x00,
  0x00,0x00,0x00,0x00,0x00,0x00,0x00,0x00,0x00,0x00,0x00,0x00,
  0x00,0x00,0x00,0x00,0x00,0x00,0x00,0x00,0x00,0x00,0x00,0x37,
  0xFF,0xFF,0xF0,0x00,0x00,0x00,0x00,0x00,0x00,0x00,0x00,0x00,
  0x00,0x00,0x00,0x00,0x00,0x00,0x00,0x00,0x00,0x00,0x00,0x00,
  0x00,0x00,0x00,0x00,0x00,0x00,0x00,0x00,0x00,0x00,0x00,0x00,
  0x00,0x00,0x00,0x00,0x00,0x00,0x00,0x00,0x00,0x00,0x00,0x00,
  0x00,0x00,0x00,0x00,0x00,0x00,0x00,0x00,0x00,0x00,0x00,0x00,
  0x00,0x00,0x00,0x00,0x00,0x00,0x00,0x5F,0xFF,0xFF,0xE0,0x00,
  0x00,0x00,0x00,0x00,0x00,0x00,0x00,0x00,0x00,0x00,0x00,0x00,
  0x00,0x00,0x00,0x00,0x00,0x00,0x00,0x00,0x00,0x00,0x00,0x00,
  0x00,0x00,0x00,0x00,0x00,0x00,0x00,0x00,0x00,0x00,0x00,0x00,
  0x00,0x00,0x00,0x00,0x00,0x00,0x00,0x00,0x00,0x00,0x00,0x00,
  0x00,0x00,0x00,0x00,0x00,0x00,0x00,0x00,0x00,0x00,0x00,0x00,
  0x00,0x00,0x00,0xBD,0xDF,0xFF,0xE0,0x00,0x00,0x00,0x00,0x00,
  0x00,0x00,0x00,0x00,0x00,0x00,0x00,0x00,0x00,0x00,0x00,0x00,
  0x00,0x00,0x00,0x00,0x00,0x00,0x00,0x00,0x00,0x00,0x00,0x00,
  0x00,0x00,0x00,0x00,0x00,0x00,0x00,0x00,0x00,0x00,0x00,0x00,
  0x00,0x00,0x00,0x00,0x00,0x00,0x00,0x00,0x00,0x00,0x00,0x00,
  0x00,0x00,0x00,0x00,0x00,0x00,0x00,0x00,0x00,0x00,0x01,0x3F,
  0xFF,0xFF,0xE0,0x00,0x00,0x00,0x00,0x00,0x00,0x00,0x00,0x00,
  0x00,0x00,0x00,0x00,0x00,0x00,0x00,0x00,0x00,0x00,0x00,0x00,
  0x00,0x00,0x00,0x00,0x00,0x00,0x00,0x00,0x00,0x00,0x00,0x00,
  0x00,0x00,0x00,0x00,0x00,0x00,0x00,0x00,0x00,0x00,0x00,0x00,
  0x00,0x00,0x00,0x00,0x00,0x00,0x00,0x00,0x00,0x00,0x00,0x00,
  0x00,0x00,0x00,0x00,0x00,0x00,0x01,0x77,0x7F,0xFF,0xC0,0x00,
  0x00,0x00,0x00,0x00,0x00,0x00,0x00,0x00,0x00,0x00,0x00,0x00,
  0x00,0x00,0x00,0x00,0x00,0x00,0x00,0x00,0x00,0x00,0x00,0x00,
  0x00,0x00,0x00,0x00,0x00,0x00,0x00,0x00,0x00,0x00,0x00,0x00,
  0x00,0x00,0x00,0x00,0x00,0x00,0x00,0x00,0x00,0x00,0x00,0x00,
  0x00,0x00,0x00,0x00,0x00,0x00,0x00,0x00,0x00,0x00,0x00,0x00,
  0x00,0x00,0x02,0xFF,0xFF,0xFF,0xC0,0x00,0x00,0x00,0x00,0x00,
  0x00,0x00,0x00,0x00,0x00,0x00,0x00,0x00,0x00,0x00,0x00,0x00,
  0x00,0x00,0x00,0x00,0x00,0x00,0x00,0x00,0x00,0x00,0x00,0x00,
  0x00,0x00,0x00,0x00,0x00,0x00,0x00,0x00,0x00,0x00,0x00,0x00,
  0x00,0x00,0x00,0x00,0x00,0x00,0x00,0x00,0x00,0x00,0x00,0x00,
  0x00,0x00,0x00,0x00,0x00,0x00,0x00,0x00,0x00,0x00,0x05,0xFF,
  0xFF,0xFF,0xC0,0x00,0x00,0x00,0x00,0x00,0x00,0x00,0x00,0x00,
  0x00,0x00,0x00,0x00,0x00,0x00,0x00,0x00,0x00,0x00,0x00,0x00,
  0x00,0x00,0x00,0x00,0x00,0x00,0x00,0x00,0x00,0x00,0x00,0x00,
  0x00,0x00,0x00,0x00,0x00,0x00,0x00,0x00,0x00,0x00,0x00,0x00,
  0x00,0x00,0x00,0x00,0x00,0x00,0x00,0x00,0x00,0x00,0x00,0x00,
  0x00,0x00,0x00,0x00,0x00,0x00,0x0B,0xB6,0xFF,0xDF,0x80,0x00,
  0x00,0x00,0x00,0x00,0x00,0x00,0x00,0x00,0x00,0x00,0x00,0x00,
  0x00,0x00,0x00,0x00,0x00,0x00,0x00,0x00,0x00,0x00,0x00,0x00,
  0x00,0x00,0x00,0x00,0x00,0x00,0x00,0x00,0x00,0x00,0x00,0x00,
  0x00,0x00,0x00,0x00,0x00,0x00,0x00,0x00,0x00,0x00,0x00,0x00,
  0x00,0x00,0x00,0x00,0x00,0x00,0x00,0x00,0x00,0x00,0x00,0x00,
  0x00,0x00,0x13,0xFF,0xFF,0xFF,0xC0,0x00,0x00,0x00,0x00,0x00,
  0x00,0x00,0x00,0x00,0x00,0x00,0x00,0x00,0x00,0x00,0x00,0x00,
  0x00,0x00,0x00,0x00,0x00,0x00,0x00,0x00,0x00,0x00,0x00,0x00,
  0x00,0x00,0x00,0x00,0x00,0x00,0x00,0x00,0x00,0x00,0x00,0x00,
  0x00,0x00,0x00,0x00,0x00,0x00,0x00,0x00,0x00,0x00,0x00,0x00,
  0x00,0x00,0x00,0x00,0x00,0x00,0x00,0x00,0x00,0x00,0x27,0xFF,
  0xFF,0xFF,0x80,0x00,0x00,0x00,0x00,0x00,0x00,0x00,0x00,0x00,
  0x00,0x00,0x00,0x00,0x00,0x00,0x00,0x00,0x00,0x00,0x00,0x00,
  0x00,0x00,0x00,0x00,0x00,0x00,0x00,0x00,0x00,0x00,0x00,0x00,
  0x00,0x00,0x00,0x00,0x00,0x00,0x00,0x00,0x00,0x00,0x00,0x00,
  0x00,0x00,0x00,0x00,0x00,0x00,0x00,0x00,0x00,0x00,0x00,0x00,
  0x00,0x00,0x00,0x00,0x00,0x00,0x4F,0x6F,0xFF,0xBF,0x80,0x00,
  0x00,0x00,0x00,0x00,0x00,0x00,0x00,0x00,0x00,0x00,0x00,0x00,
  0x00,0x00,0x00,0x00,0x00,0x00,0x00,0x00,0x00,0x00,0x00,0x00,
  0x00,0x00,0x00,0x00,0x00,0x00,0x00,0x00,0x00,0x00,0x00,0x00,
  0x00,0x00,0x00,0x00,0x00,0x00,0x00,0x00,0x00,0x00,0x00,0x00,
  0x00,0x00,0x00,0x00,0x00,0x00,0x00,0x00,0x00,0x00,0x00,0x00,
  0x00,0x00,0x5F,0xFF,0xFD,0xFF,0x00,0x00,0x00,0x00,0x00,0x00,
  0x00,0x00,0x00,0x00,0x00,0x00,0x00,0x00,0x00,0x00,0x00,0x00,
  0x00,0x00,0x00,0x00,0x00,0x00,0x00,0x00,0x00,0x00,0x00,0x00,
  0x00,0x00,0x00,0x00,0x00,0x00,0x00,0x00,0x00,0x00,0x00,0x00,
  0x00,0x00,0x00,0x00,0x00,0x00,0x00,0x00,0x00,0x00,0x00,0x00,
  0x00,0x00,0x00,0x00,0x00,0x00,0x00,0x00,0x00,0x00,0xBD,0xFD,
  0xFF,0xFF,0x80,0x00,0x00,0x00,0x00,0x00,0x00,0x00,0x00,0x00,
  0x00,0x00,0x00,0x00,0x00,0x00,0x00,0x00,0x00,0x00,0x00,0x00,
  0x00,0x00,0x00,0x00,0x00,0x00,0x00,0x00,0x00,0x00,0x00,0x00,
  0x00,0x00,0x00,0x00,0x00,0x00,0x00,0x00,0x00,0x00,0x00,0x00,
  0x00,0x00,0x00,0x00,0x00,0x00,0x00,0x00,0x00,0x00,0x00,0x00,
  0x00,0x00,0x00,0x00,0x00,0x01,0x3F,0xBF,0xFF,0xFF,0x00,0x00,
  0x00,0x00,0x00,0x00,0x00,0x00,0x00,0x00,0x00,0x00,0x00,0x00,
  0x00,0x00,0x00,0x00,0x00,0x00,0x00,0x00,0x00,0x00,0x00,0x00,
  0x00,0x00,0x00,0x00,0x00,0x00,0x00,0x00,0x00,0x00,0x00,0x00,
  0x00,0x00,0x00,0x00,0x00,0x00,0x00,0x00,0x00,0x00,0x00,0x00,
  0x00,0x00,0x00,0x00,0x00,0x00,0x00,0x00,0x00,0x00,0x00,0x00,
  0x00,0x02,0xF7,0xFF,0xFF,0xFF,0x00,0x00,0x00,0x00,0x00,0x00,
  0x00,0x00,0x00,0x00,0x00,0x00,0x00,0x00,0x00,0x00,0x00,0x00,
  0x00,0x00,0x00,0x00,0x00,0x00,0x00,0x00,0x00,0x00,0x00,0x00,
  0x00,0x00,0x00,0x00,0x00,0x00,0x00,0x00,0x00,0x00,0x00,0x00,
  0x00,0x00,0x00,0x00,0x00,0x00,0x00,0x00,0x00,0x00,0x00,0x00,
  0x00,0x00,0x00,0x00,0x00,0x00,0x00,0x00,0x00,0x04,0xFE,0xF7,
  0xFF,0x7E,0x00,0x00,0x00,0x00,0x00,0x00,0x00,0x00,0x00,0x00,
  0x00,0x00,0x00,0x00,0x00,0x00,0x00,0x00,0x00,0x00,0x00,0x00,
  0x00,0x00,0x00,0x00,0x00,0x00,0x00,0x00,0x00,0x00,0x00,0x00,
  0x00,0x00,0x00,0x00,0x00,0x00,0x00,0x00,0x00,0x00,0x00,0x00,
  0x00,0x00,0x00,0x00,0x00,0x00,0x00,0x00,0x00,0x00,0x00,0x00,
  0x00,0x00,0x00,0x00,0x00,0x05,0xEF,0xFF,0xFF,0xFF,0x00,0x00,
  0x00,0x00,0x00,0x00,0x00,0x00,0x00,0x00,0x00,0x00,0x00,0x00,
  0x00,0x00,0x00,0x00,0x00,0x00,0x00,0x00,0x00,0x00,0x00,0x00,
  0x00,0x00,0x00,0x00,0x00,0x00,0x00,0x00,0x00,0x00,0x00,0x00,
  0x00,0x00,0x00,0x00,0x00,0x00,0x00,0x00,0x00,0x00,0x00,0x00,
  0x00,0x00,0x00,0x00,0x00,0x00,0x00,0x00,0x00,0x00,0x00,0x00,
  0x00,0x0B,0xFF,0xFF,0xFD,0xFE,0x00,0x00,0x00,0x00,0x00,0x00,
  0x00,0x00,0x00,0x00,0x00,0x00,0x00,0x00,0x00,0x00,0x00,0x00,
  0x00,0x00,0x00,0x00,0x00,0x00,0x00,0x00,0x00,0x00,0x00,0x00,
  0x00,0x00,0x00,0x00,0x00,0x00,0x00,0x00,0x00,0x00,0x00,0x00,
  0x00,0x00,0x00,0x00,0x00,0x00,0x00,0x00,0x00,0x00,0x00,0x00,
  0x00,0x00,0x00,0x00,0x00,0x00,0x00,0x00,0x00,0x17,0x7B,0xBF,
  0xF7,0xFE,0x00,0x00,0x00,0x00,0x00,0x00,0x00,0x00,0x00,0x00,
  0x00,0x00,0x00,0x00,0x00,0x00,0x00,0x00,0x00,0x00,0x00,0x00,
  0x00,0x00,0x00,0x00,0x00,0x00,0x00,0x00,0x00,0x00,0x00,0x00,
  0x00,0x00,0x00,0x00,0x00,0x00,0x00,0x00,0x00,0x00,0x00,0x00,
  0x00,0x00,0x00,0x00,0x00,0x00,0x00,0x00,0x00,0x00,0x00,0x00,
  0x00,0x00,0x00,0x00,0x00,0x27,0xDF,0xFF,0xFF,0xFC,0x00,0x00,
  0x00,0x00,0x00,0x00,0x00,0x00,0x00,0x00,0x00,0x00,0x00,0x00,
  0x00,0x00,0x00,0x00,0x00,0x00,0x00,0x00,0x00,0x00,0x00,0x00,
  0x00,0x00,0x00,0x00,0x00,0x00,0x00,0x00,0x00,0x00,0x00,0x00,
  0x00,0x00,0x00,0x00,0x00,0x00,0x00,0x00,0x00,0x00,0x00,0x00,
  0x00,0x00,0x00,0x00,0x00,0x00,0x00,0x00,0x00,0x00,0x00,0x00,
  0x00,0x4F,0xFF,0xFF,0xFF,0xFE,0x00,0x00,0x00,0x00,0x00,0x00,
  0x00,0x00,0x00,0x00,0x00,0x00,0x00,0x00,0x00,0x00,0x00,0x00,
  0x00,0x00,0x00,0x00,0x00,0x00,0x00,0x00,0x00,0x00,0x00,0x00,
  0x00,0x00,0x00,0x00,0x00,0x00,0x00,0x00,0x00,0x00,0x00,0x00,
  0x00,0x00,0x00,0x00,0x00,0x00,0x00,0x00,0x00,0x00,0x00,0x00,
  0x00,0x00,0x00,0x00,0x00,0x00,0x00,0x00,0x00,0x9D,0xFD,0xFF,
  0xFF,0xFC,0x00,0x00,0x00,0x00,0x00,0x00,0x00,0x00,0x00,0x00,
  0x00,0x00,0x00,0x00,0x00,0x00,0x00,0x00,0x00,0x00,0x00,0x00,
  0x00,0x00,0x00,0x00,0x00,0x00,0x00,0x00,0x00,0x00,0x00,0x00,
  0x00,0x00,0x00,0x00,0x00,0x00,0x00,0x00,0x00,0x00,0x00,0x00,
  0x00,0x00,0x00,0x00,0x00,0x00,0x00,0x00,0x00,0x00,0x00,0x00,
  0x00,0x00,0x00,0x00,0x00,0xBF,0x6F,0xFF,0xFB,0xFC,0x00,0x00,
  0x00,0x00,0x00,0x00,0x00,0x00,0x00,0x00,0x00,0x00,0x00,0x00,
  0x00,0x00,0x00,0x00,0x00,0x00,0x00,0x00,0x00,0x00,0x00,0x00,
  0x00,0x00,0x00,0x00,0x00,0x00,0x00,0x00,0x00,0x00,0x00,0x00,
  0x00,0x00,0x00,0x00,0x00,0x00,0x00,0x00,0x00,0x00,0x00,0x00,
  0x00,0x00,0x00,0x00,0x00,0x00,0x00,0x00,0x00,0x00,0x00,0x00,
  0x01,0x7F,0xFF,0xFF,0xFF,0xF8,0x00,0x00,0x00,0x00,0x00,0x00,
  0x00,0x00,0x00,0x00,0x00,0x00,0x00,0x00,0x00,0x00,0x00,0x00,
  0x00,0x00,0x00,0x00,0x00,0x00,0x00,0x00,0x00,0x00,0x00,0x00,
  0x00,0x00,0x00,0x00,0x00,0x00,0x00,0x00,0x00,0x00,0x00,0x00,
  0x00,0x00,0x00,0x00,0x00,0x00,0x00,0x00,0x00,0x00,0x00,0x00,
  0x00,0x00,0x00,0x00,0x00,0x00,0x00,0x00,0x02,0x6B,0xBE,0xEE,
  0xEF,0xFC,0x00,0x00,0x00,0x00,0x00,0x00,0x00,0x00,0x00,0x00,
  0x00,0x00,0x00,0x00,0x00,0x00,0x00,0x00,0x00,0x00,0x00,0x00,
  0x00,0x00,0x00,0x00,0x00,0x00,0x00,0x00,0x00,0x00,0x00,0x00,
  0x00,0x00,0x00,0x00,0x00,0x00,0x00,0x00,0x00,0x00,0x00,0x00,
  0x00,0x00,0x00,0x00,0x00,0x00,0x00,0x00,0x00,0x00,0x00,0x00,
  0x00,0x00,0x00,0x00,0x05,0xAA,0xA5,0xBB,0xB6,0xA8,0x00,0x00,
  0x00,0x00,0x00,0x00,0x00,0x00,0x00,0x00,0x00,0x00,0x00,0x00,
  0x00,0x00,0x00,0x00,0x00,0x00,0x00,0x00,0x00,0x00,0x00,0x00,
  0x00,0x00,0x00,0x00,0x00,0x00,0x00,0x00,0x00,0x00,0x00,0x00,
  0x00,0x00,0x00,0x00,0x00,0x00,0x00,0x00,0x00,0x00,0x00,0x00,
  0x00,0x00,0x00,0x00,0x00,0x00,0x00,0x00,0x00,0x00,0x00,0x00,
  0x09,0x55,0x5A,0xD6,0xDB,0xF0,0x00,0x00,0x00,0x00,0x00,0x00,
  0x00,0x00,0x00,0x00,0x00,0x00,0x00,0x00,0x00,0x00,0x00,0x00,
  0x00,0x00,0x00,0x00,0x00,0x00,0x00,0x00,0x00,0x00,0x00,0x00,
  0x00,0x00,0x00,0x00,0x00,0x00,0x00,0x00,0x00,0x00,0x00,0x00,
  0x00,0x00,0x00,0x00,0x00,0x00,0x00,0x00,0x00,0x00,0x00,0x00,
  0x00,0x00,0x00,0x00,0x00,0x00,0x00,0x00,0x12,0xAA,0xAB,0xBD,
  0xAE,0xB8,0x00,0x00,0x00,0x00,0x00,0x00,0x00,0x00,0x00,0x00,
  0x00,0x00,0x00,0x00,0x00,0x00,0x00,0x00,0x00,0x00,0x00,0x00,
  0x00,0x00,0x00,0x00,0x00,0x00,0x00,0x00,0x00,0x00,0x00,0x00,
  0x00,0x00,0x00,0x00,0x00,0x00,0x00,0x00,0x00,0x00,0x00,0x00,
  0x00,0x00,0x00,0x00,0x00,0x00,0x00,0x00,0x00,0x00,0x00,0x00,
  0x00,0x00,0x00,0x00,0x15,0x56,0xDA,0xEB,0xFB,0xD0,0x00,0x00,
  0x00,0x00,0x00,0x00,0x00,0x00,0x00,0x00,0x00,0x00,0x00,0x00,
  0x00,0x00,0x00,0x00,0x00,0x00,0x00,0x00,0x00,0x00,0x00,0x00,
  0x00,0x00,0x00,0x00,0x00,0x00,0x00,0x00,0x00,0x00,0x00,0x00,
  0x00,0x00,0x00,0x00,0x00,0x00,0x00,0x00,0x00,0x00,0x00,0x00,
  0x00,0x00,0x00,0x00,0x00,0x00,0x00,0x00,0x00,0x00,0x00,0x00,
  0x25,0x5A,0xAF,0x5E,0x9D,0x70,0x00,0x00,0x00,0x00,0x00,0x00,
  0x00,0x00,0x00,0x00,0x00,0x00,0x00,0x00,0x00,0x00,0x00,0x00,
  0x00,0x00,0x00,0x00,0x00,0x00,0x00,0x00,0x00,0x00,0x00,0x00,
  0x00,0x00,0x00,0x00,0x00,0x00,0x00,0x00,0x00,0x00,0x00,0x00,
  0x00,0x00,0x00,0x00,0x00,0x00,0x00,0x00,0x00,0x00,0x00,0x00,
  0x00,0x00,0x00,0x00,0x00,0x00,0x00,0x00,0x55,0x55,0x6A,0xEB,
  0xEF,0xD0,0x00,0x00,0x00,0x00,0x00,0x00,0x00,0x00,0x00,0x00,
  0x00,0x00,0x00,0x00,0x00,0x00,0x00,0x00,0x00,0x00,0x00,0x00,
  0x00,0x00,0x00,0x00,0x00,0x00,0x00,0x00,0x00,0x00,0x00,0x00,
  0x00,0x00,0x00,0x00,0x00,0x00,0x00,0x00,0x00,0x00,0x00,0x00,
  0x00,0x00,0x00,0x00,0x00,0x00,0x00,0x00,0x00,0x00,0x00,0x00,
  0x00,0x00,0x00,0x00,0x9A,0xAB,0x57,0x5D,0x5A,0xE0,0x00,0x00,
  0x00,0x00,0x00,0x00,0x00,0x00,0x00,0x00,0x00,0x00,0x00,0x00,
  0x00,0x00,0x00,0x00,0x00,0x00,0x00,0x00,0x00,0x00,0x00,0x00,
  0x00,0x00,0x00,0x00,0x00,0x00,0x00,0x00,0x00,0x00,0x00,0x00,
  0x00,0x00,0x00,0x00,0x00,0x00,0x00,0x00,0x00,0x00,0x00,0x00,
  0x00,0x00,0x00,0x00,0x00,0x00,0x00,0x00,0x00,0x00,0x00,0x01,
  0x2A,0xAD,0x5A,0xF7,0xB7,0x60,0x00,0x00,0x00,0x00,0x00,0x00,
  0x00,0x00,0x00,0x00,0x00,0x00,0x00,0x00,0x00,0x00,0x00,0x00,
  0x00,0x00,0x00,0x00,0x00,0x00,0x00,0x00,0x00,0x00,0x00,0x00,
  0x00,0x00,0x00,0x00,0x00,0x00,0x00,0x00,0x00,0x00,0x00,0x00,
  0x00,0x00,0x00,0x00,0x00,0x00,0x00,0x00,0x00,0x00,0x00,0x00,
  0x00,0x00,0x00,0x00,0x00,0x00,0x00,0x02,0x6A,0xB5,0xAF,0x5D,
  0x7D,0xA0,0x00,0x00,0x00,0x00,0x00,0x00,0x00,0x00,0x00,0x00,
  0x00,0x00,0x00,0x00,0x00,0x00,0x00,0x00,0x00,0x00,0x00,0x00,
  0x00,0x00,0x00,0x00,0x00,0x00,0x00,0x00,0x00,0x00,0x00,0x00,
  0x00,0x00,0x00,0x00,0x00,0x00,0x00,0x00,0x00,0x00,0x00,0x00,
  0x00,0x00,0x00,0x00,0x00,0x00,0x00,0x00,0x00,0x00,0x00,0x00,
  0x00,0x00,0x00,0x02,0xAA,0xAA,0xB5,0xEF,0x57,0xE0,0x00,0x00,
  0x00,0x00,0x00,0x00,0x00,0x00,0x00,0x00,0x00,0x00,0x00,0x00,
  0x00,0x00,0x00,0x00,0x00,0x00,0x00,0x00,0x00,0x00,0x00,0x00,
  0x00,0x00,0x00,0x00,0x00,0x00,0x00,0x00,0x00,0x00,0x00,0x00,
  0x00,0x00,0x00,0x00,0x00,0x00,0x00,0x00,0x00,0x00,0x00,0x00,
  0x00,0x00,0x00,0x00,0x00,0x00,0x00,0x00,0x00,0x00,0x00,0x04,
  0xAA,0xAA,0xDE,0xB5,0x7A,0xE0,0x00,0x00,0x00,0x00,0x00,0x00,
  0x00,0x00,0x00,0x00,0x00,0x00,0x00,0x00,0x00,0x00,0x00,0x00,
  0x00,0x00,0x00,0x00,0x00,0x00,0x00,0x00,0x00,0x00,0x00,0x00,
  0x00,0x00,0x00,0x00,0x00,0x00,0x00,0x00,0x00,0x00,0x00,0x00,
  0x00,0x00,0x00,0x00,0x00,0x00,0x00,0x00,0x00,0x00,0x00,0x00,
  0x00,0x00,0x00,0x00,0x00,0x00,0x00,0x09,0x55,0x6D,0x6B,0xDF,
  0xAF,0xC0,0x00,0x00,0x00,0x00,0x00,0x00,0x00,0x00,0x00,0x00,
  0x00,0x00,0x00,0x00,0x00,0x00,0x00,0x00,0x00,0x00,0x00,0x00,
  0x00,0x00,0x00,0x00,0x00,0x00,0x00,0x00,0x00,0x00,0x00,0x00,
  0x00,0x00,0x00,0x00,0x00,0x00,0x00,0x00,0x00,0x00,0x00,0x00,
  0x00,0x00,0x00,0x00,0x00,0x00,0x00,0x00,0x00,0x00,0x00,0x00,
  0x00,0x00,0x00,0x16,0xAA,0xB5,0xB5,0x74,0xF7,0xC0,0x00,0x00,
  0x00,0x00,0x00,0x00,0x00,0x00,0x00,0x00,0x00,0x00,0x00,0x00,
  0x00,0x00,0x00,0x00,0x00,0x00,0x00,0x00,0x00,0x00,0x00,0x00,
  0x00,0x00,0x00,0x00,0x00,0x00,0x00,0x00,0x00,0x00,0x00,0x00,
  0x00,0x00,0x00,0x00,0x00,0x00,0x00,0x00,0x00,0x00,0x00,0x00,
  0x00,0x00,0x00,0x00,0x00,0x00,0x00,0x00,0x00,0x00,0x00,0x22,
  0xAB,0x56,0xDF,0xBF,0xBF,0xC0,0x00,0x00,0x00,0x00,0x00,0x00,
  0x00,0x00,0x00,0x00,0x00,0x00,0x00,0x00,0x00,0x00,0x00,0x00,
  0x00,0x00,0x00,0x00,0x00,0x00,0x00,0x00,0x00,0x00,0x00,0x00,
  0x00,0x00,0x00,0x00,0x00,0x00,0x00,0x00,0x00,0x00,0x00,0x00,
  0x00,0x00,0x00,0x00,0x00,0x00,0x00,0x00,0x00,0x00,0x00,0x00,
  0x00,0x00,0x00,0x00,0x00,0x00,0x00,0x2D,0x55,0x6A,0xB5,0x69,
  0x7F,0xC0,0x00,0x00,0x00,0x00,0x00,0x00,0x00,0x00,0x00,0x00,
  0x00,0x00,0x00,0x00,0x00,0x00,0x00,0x00,0x00,0x00,0x00,0x00,
  0x00,0x00,0x00,0x00,0x00,0x00,0x00,0x00,0x00,0x00,0x00,0x00,
  0x00,0x00,0x00,0x00,0x00,0x00,0x00,0x00,0x00,0x00,0x00,0x00,
  0x00,0x00,0x00,0x00,0x00,0x00,0x00,0x00,0x00,0x00,0x00,0x00,
  0x00,0x00,0x00,0x45,0x55,0xAD,0xDD,0xDD,0xFF,0x80,0x00,0x00,
  0x00,0x00,0x00,0x00,0x00,0x00,0x00,0x00,0x00,0x00,0x00,0x00,
  0x00,0x00,0x00,0x00,0x00,0x00,0x00,0x00,0x00,0x00,0x00,0x00,
  0x00,0x00,0x00,0x00,0x00,0x00,0x00,0x00,0x00,0x00,0x00,0x00,
  0x00,0x00,0x00,0x00,0x00,0x00,0x00,0x00,0x00,0x00,0x00,0x00,
  0x00,0x00,0x00,0x00,0x00,0x00,0x00,0x00,0x00,0x00,0x00,0x9A,
  0xAD,0x55,0x6B,0x77,0xFF,0x80,0x00,0x00,0x00,0x00,0x00,0x00,
  0x00,0x00,0x00,0x00,0x00,0x00,0x00,0x00,0x00,0x00,0x00,0x00,
  0x00,0x00,0x00,0x00,0x00,0x00,0x00,0x00,0x00,0x00,0x00,0x00,
  0x00,0x00,0x00,0x00,0x00,0x00,0x00,0x00,0x00,0x00,0x00,0x00,
  0x00,0x00,0x00,0x00,0x00,0x00,0x00,0x00,0x00,0x00,0x00,0x00,
  0x00,0x00,0x00,0x00,0x00,0x00,0x01,0x35,0x55,0x6D,0xBF,0xBB,
  0xFF,0x80,0x00,0x00,0x00,0x00,0x00,0x00,0x00,0x00,0x00,0x00,
  0x00,0x00,0x00,0x00,0x00,0x00,0x00,0x00,0x00,0x00,0x00,0x00,
  0x00,0x00,0x00,0x00,0x00,0x00,0x00,0x00,0x00,0x00,0x00,0x00,
  0x00,0x00,0x00,0x00,0x00,0x00,0x00,0x00,0x00,0x00,0x00,0x00,
  0x00,0x00,0x00,0x00,0x00,0x00,0x00,0x00,0x00,0x00,0x00,0x00,
  0x00,0x00,0x02,0x75,0x56,0xB6,0xD5,0x6F,0xFF,0x00,0x00,0x00,
  0x00,0x00,0x00,0x00,0x00,0x00,0x00,0x00,0x00,0x00,0x00,0x00,
  0x00,0x00,0x00,0x00,0x00,0x00,0x00,0x00,0x00,0x00,0x00,0x00,
  0x00,0x00,0x00,0x00,0x00,0x00,0x00,0x00,0x00,0x00,0x00,0x00,
  0x00,0x00,0x00,0x00,0x00,0x00,0x00,0x00,0x00,0x00,0x00,0x00,
  0x00,0x00,0x00,0x00,0x00,0x00,0x00,0x00,0x00,0x00,0x04,0xED,
  0x5A,0xD5,0xFB,0xFF,0xFF,0x80,0x00,0x00,0x00,0x00,0x00,0x00,
  0x00,0x00,0x00,0x00,0x00,0x00,0x00,0x00,0x00,0x00,0x00,0x00,
  0x00,0x00,0x00,0x00,0x00,0x00,0x00,0x00,0x00,0x00,0x00,0x00,
  0x00,0x00,0x00,0x00,0x00,0x00,0x00,0x00,0x00,0x00,0x00,0x00,
  0x00,0x00,0x00,0x00,0x00,0x00,0x00,0x00,0x00,0x00,0x00,0x00,
  0x00,0x00,0x00,0x00,0x00,0x00,0x05,0xB6,0xAB,0x57,0x56,0xBF,
  0xFF,0x00,0x00,0x00,0x00,0x00,0x00,0x00,0x00,0x00,0x00,0x00,
  0x00,0x00,0x00,0x00,0x00,0x00,0x00,0x00,0x00,0x00,0x00,0x00,
  0x00,0x00,0x00,0x00,0x00,0x00,0x00,0x00,0x00,0x00,0x00,0x00,
  0x00,0x00,0x00,0x00,0x00,0x00,0x00,0x00,0x00,0x00,0x00,0x00,
  0x00,0x00,0x00,0x00,0x00,0x00,0x00,0x00,0x00,0x00,0x00,0x00,
  0x00,0x00,0x09,0xDF,0xAA,0xBA,0xDD,0xFF,0xFF,0x00,0x00,0x00,
  0x00,0x00,0x00,0x00,0x00,0x00,0x00,0x00,0x00,0x00,0x00,0x00,
  0x00,0x00,0x00,0x00,0x00,0x00,0x00,0x00,0x00,0x00,0x00,0x00,
  0x00,0x00,0x00,0x00,0x00,0x00,0x00,0x00,0x00,0x00,0x00,0x00,
  0x00,0x00,0x00,0x00,0x00,0x00,0x00,0x00,0x00,0x00,0x00,0x00,
  0x00,0x00,0x00,0x00,0x00,0x00,0x00,0x00,0x00,0x00,0x13,0x75,
  0xED,0x57,0x77,0xFF,0xFE,0x00,0x00,0x00,0x00,0x00,0x00,0x00,
  0x00,0x00,0x00,0x00,0x00,0x00,0x00,0x00,0x00,0x00,0x00,0x00,
  0x00,0x00,0x00,0x00,0x00,0x00,0x00,0x00,0x00,0x00,0x00,0x00,
  0x00,0x00,0x00,0x00,0x00,0x00,0x00,0x00,0x00,0x00,0x00,0x00,
  0x00,0x00,0x00,0x00,0x00,0x00,0x00,0x00,0x00,0x00,0x00,0x00,
  0x00,0x00,0x00,0x00,0x00,0x00,0x27,0xAE,0xF5,0xAD,0xAF,0xFF,
  0xFA,0x00,0x00,0x00,0x00,0x00,0x00,0x00,0x00,0x00,0x00,0x00,
  0x00,0x00,0x00,0x00,0x00,0x00,0x00,0x00,0x00,0x00,0x00,0x00,
  0x00,0x00,0x00,0x00,0x00,0x00,0x00,0x00,0x00,0x00,0x00,0x00,
  0x00,0x00,0x00,0x00,0x00,0x00,0x00,0x00,0x00,0x00,0x00,0x00,
  0x00,0x00,0x00,0x00,0x00,0x00,0x00,0x00,0x00,0x00,0x00,0x00,
  0x00,0x00,0x4D,0x7B,0xBA,0xDB,0x7F,0xFF,0xFE,0x00,0x00,0x00,
  0x00,0x00,0x00,0x00,0x00,0x00,0x00,0x00,0x00,0x00,0x00,0x00,
  0x00,0x00,0x00,0x00,0x00,0x00,0x00,0x00,0x00,0x00,0x00,0x00,
  0x00,0x00,0x00,0x00,0x00,0x00,0x00,0x00,0x00,0x00,0x00,0x00,
  0x00,0x00,0x00,0x00,0x00,0x00,0x00,0x00,0x00,0x00,0x00,0x00,
  0x00,0x00,0x00,0x00,0x00,0x00,0x00,0x00,0x00,0x00,0x5B,0xDE,
  0xEF,0x6D,0xFF,0xFF,0x6A,0x00,0x00,0x00,0x00,0x00,0x00,0x00,
  0x00,0x00,0x00,0x00,0x00,0x00,0x00,0x00,0x00,0x00,0x00,0x00,
  0x00,0x00,0x00,0x00,0x00,0x00,0x00,0x00,0x00,0x00,0x00,0x00,
  0x00,0x00,0x00,0x00,0x00,0x00,0x00,0x00,0x00,0x00,0x00,0x00,
  0x00,0x00,0x00,0x00,0x00,0x00,0x00,0x00,0x00,0x00,0x00,0x00,
  0x00,0x00,0x00,0x00,0x00,0x00,0x9D,0x6B,0xFD,0xB6,0xFF,0xFB,
  0xFC,0x00,0x00,0x00,0x00,0x00,0x00,0x00,0x00,0x00,0x00,0x00,
  0x00,0x00,0x00,0x00,0x00,0x00,0x00,0x00,0x00,0x00,0x00,0x00,
  0x00,0x00,0x00,0x00,0x00,0x00,0x00,0x00,0x00,0x00,0x00,0x00,
  0x00,0x00,0x00,0x00,0x00,0x00,0x00,0x00,0x00,0x00,0x00,0x00,
  0x00,0x00,0x00,0x00,0x00,0x00,0x00,0x00,0x00,0x00,0x00,0x00,
  0x00,0x01,0x37,0xBF,0x5F,0x5B,0xFF,0xFF,0xAC,0x00,0x00,0x00,
  0x00,0x00,0x00,0x00,0x00,0x00,0x00,0x00,0x00,0x00,0x00,0x00,
  0x00,0x00,0x00,0x00,0x00,0x00,0x00,0x00,0x00,0x00,0x00,0x00,
  0x00,0x00,0x00,0x00,0x00,0x00,0x00,0x00,0x00,0x00,0x00,0x00,
  0x00,0x00,0x00,0x00,0x00,0x00,0x00,0x00,0x00,0x00,0x00,0x00,
  0x00,0x00,0x00,0x00,0x00,0x00,0x00,0x00,0x00,0x02,0xEA,0xED,
  0xF5,0xF7,0xFF,0xFF,0x74,0x00,0x00,0x00,0x00,0x00,0x00,0x00,
  0x00,0x00,0x00,0x00,0x00,0x00,0x00,0x00,0x00,0x00,0x00,0x00,
  0x00,0x00,0x00,0x00,0x00,0x00,0x00,0x00,0x00,0x00,0x00,0x00,
  0x00,0x00,0x00,0x00,0x00,0x00,0x00,0x00,0x00,0x00,0x00,0x00,
  0x00,0x00,0x00,0x00,0x00,0x00,0x00,0x00,0x00,0x00,0x00,0x00,
  0x00,0x00,0x00,0x00,0x00,0x04,0x7F,0x7F,0xBF,0xFF,0xFF,0xBD,
  0xDC,0x00,0x00,0x00,0x00,0x00,0x00,0x00,0x00,0x00,0x00,0x00,
  0x00,0x00,0x00,0x00,0x00,0x00,0x00,0x00,0x00,0x00,0x00,0x00,
  0x00,0x00,0x00,0x00,0x00,0x00,0x00,0x00,0x00,0x00,0x00,0x00,
  0x00,0x00,0x00,0x00,0x00,0x00,0x00,0x00,0x00,0x00,0x00,0x00,
  0x00,0x00,0x00,0x00,0x00,0x00,0x00,0x00,0x00,0x00,0x00,0x00,
  0x00,0x05,0xAA,0xD6,0xF7,0x6F,0xFF,0xF6,0xE8,0x00,0x00,0x00,
  0x00,0x00,0x00,0x00,0x00,0x00,0x00,0x00,0x00,0x00,0x00,0x00,
  0x00,0x00,0x00,0x00,0x00,0x00,0x00,0x00,0x00,0x00,0x00,0x00,
  0x00,0x00,0x00,0x00,0x00,0x00,0x00,0x00,0x00,0x00,0x00,0x00,
  0x00,0x00,0x00,0x00,0x00,0x00,0x00,0x00,0x00,0x00,0x00,0x00,
  0x00,0x00,0x00,0x00,0x00,0x00,0x00,0x00,0x00,0x09,0xDB,0xFF,
  0xDD,0xFF,0xFF,0xEF,0x78,0x00,0x00,0x00,0x00,0x00,0x00,0x00,
  0x00,0x00,0x00,0x00,0x00,0x00,0x00,0x00,0x00,0x00,0x00,0x00,
  0x00,0x00,0x00,0x00,0x00,0x00,0x00,0x00,0x00,0x00,0x00,0x00,
  0x00,0x00,0x00,0x00,0x00,0x00,0x00,0x00,0x00,0x00,0x00,0x00,
  0x00,0x00,0x00,0x00,0x00,0x00,0x00,0x00,0x00,0x00,0x00,0x00,
  0x00,0x00,0x00,0x00,0x00,0x17,0x6E,0xB5,0x7F,0xFF,0xFE,0xBA,
  0xD8,0x00,0x00,0x00,0x00,0x00,0x00,0x00,0x00,0x00,0x00,0x00,
  0x00,0x00,0x00,0x00,0x00,0x00,0x00,0x00,0x00,0x00,0x00,0x00,
  0x00,0x00,0x00,0x00,0x00,0x00,0x00,0x00,0x00,0x00,0x00,0x00,
  0x00,0x00,0x00,0x00,0x00,0x00,0x00,0x00,0x00,0x00,0x00,0x00,
  0x00,0x00,0x00,0x00,0x00,0x00,0x00,0x00,0x00,0x00,0x00,0x00,
  0x00,0x27,0xB7,0xFF,0xED,0xBF,0xFF,0xEF,0xB0,0x00,0x00,0x00,
  0x00,0x00,0x00,0x00,0x00,0x00,0x00,0x00,0x00,0x00,0x00,0x00,
  0x00,0x00,0x00,0x00,0x00,0x00,0x00,0x00,0x00,0x00,0x00,0x00,
  0x00,0x00,0x00,0x00,0x00,0x00,0x00,0x00,0x00,0x00,0x00,0x00,
  0x00,0x00,0x00,0x00,0x00,0x00,0x00,0x00,0x00,0x00,0x00,0x00,
  0x00,0x00,0x00,0x00,0x00,0x00,0x00,0x00,0x00,0x4F,0xDA,0xAD,
  0xBF,0xFF,0xFA,0xB5,0x70,0x00,0x00,0x00,0x00,0x00,0x00,0x00,
  0x00,0x00,0x00,0x00,0x00,0x00,0x00,0x00,0x00,0x00,0x00,0x00,
  0x00,0x00,0x00,0x00,0x00,0x00,0x00,0x00,0x00,0x00,0x00,0x00,
  0x00,0x00,0x00,0x00,0x00,0x00,0x00,0x00,0x00,0x00,0x00,0x00,
  0x00,0x00,0x00,0x00,0x00,0x00,0x00,0x00,0x00,0x00,0x00,0x00,
  0x00,0x00,0x00,0x00,0x00,0x5D,0xDF,0xFF,0xF7,0x6F,0xFD,0xDF,
  0xD0,0x00,0x00,0x00,0x00,0x00,0x00,0x00,0x00,0x00,0x00,0x00,
  0x00,0x00,0x00,0x00,0x00,0x00,0x00,0x00,0x00,0x00,0x00,0x00,
  0x00,0x00,0x00,0x00,0x00,0x00,0x00,0x00,0x00,0x00,0x00,0x00,
  0x00,0x00,0x00,0x00,0x00,0x00,0x00,0x00,0x00,0x00,0x00,0x00,
  0x00,0x00,0x00,0x00,0x00,0x00,0x00,0x00,0x00,0x00,0x00,0x00,
  0x00,0x9F,0x6A,0xDA,0xDD,0xFF,0xFF,0x75,0x70,0x00,0x00,0x00,
  0x00,0x00,0x00,0x00,0x00,0x00,0x00,0x00,0x00,0x00,0x00,0x00,
  0x00,0x00,0x00,0x00,0x00,0x00,0x00,0x00,0x00,0x00,0x00,0x00,
  0x00,0x00,0x00,0x00,0x00,0x00,0x00,0x00,0x00,0x00,0x00,0x00,
  0x00,0x00,0x00,0x00,0x00,0x00,0x00,0x00,0x00,0x00,0x00,0x00,
  0x00,0x00,0x00,0x00,0x00,0x00,0x00,0x00,0x01,0x7D,0xFF,0xFF,
  0xFF,0xFF,0xFB,0xBB,0xA0,0x00,0x00,0x00,0x00,0x00,0x00,0x00,
  0x00,0x00,0x00,0x00,0x00,0x00,0x00,0x00,0x00,0x00,0x00,0x00,
  0x00,0x00,0x00,0x00,0x00,0x00,0x00,0x00,0x00,0x00,0x00,0x00,
  0x00,0x00,0x00,0x00,0x00,0x00,0x00,0x00,0x00,0x00,0x00,0x00,
  0x00,0x00,0x00,0x00,0x00,0x00,0x00,0x00,0x00,0x00,0x00,0x00,
  0x00,0x00,0x00,0x00,0x02,0x77,0xD5,0x56,0xB7,0x7F,0xFF,0xEE,
  0xF0,0x00,0x00,0x00,0x00,0x00,0x00,0x00,0x00,0x00,0x00,0x00,
  0x00,0x00,0x00,0x00,0x00,0x00,0x00,0x00,0x00,0x00,0x00,0x00,
  0x00,0x00,0x00,0x00,0x00,0x00,0x00,0x00,0x00,0x00,0x00,0x00,
  0x00,0x00,0x00,0x00,0x00,0x00,0x00,0x00,0x00,0x00,0x00,0x00,
  0x00,0x00,0x00,0x00,0x00,0x00,0x00,0x00,0x00,0x00,0x00,0x00,
  0x05,0x7E,0xFF,0xFF,0xFF,0xDF,0xFB,0xF7,0x60,0x00,0x00,0x00,
  0x00,0x00,0x00,0x00,0x00,0x00,0x00,0x00,0x00,0x00,0x00,0x00,
  0x00,0x00,0x00,0x00,0x00,0x00,0x00,0x00,0x00,0x00,0x00,0x00,
  0x00,0x00,0x00,0x00,0x00,0x00,0x00,0x00,0x00,0x00,0x00,0x00,
  0x00,0x00,0x00,0x00,0x00,0x00,0x00,0x00,0x00,0x00,0x00,0x00,
  0x00,0x00,0x00,0x00,0x00,0x00,0x00,0x00,0x05,0xEF,0xF6,0xED,
  0xBB,0x7F,0xFF,0xFD,0xA0,0x00,0x00,0x00,0x00,0x00,0x00,0x00,
  0x00,0x00,0x00,0x00,0x00,0x00,0x00,0x00,0x00,0x00,0x00,0x00,
  0x00,0x00,0x00,0x00,0x00,0x00,0x00,0x00,0x00,0x00,0x00,0x00,
  0x00,0x00,0x00,0x00,0x00,0x00,0x00,0x00,0x00,0x00,0x00,0x00,
  0x00,0x00,0x00,0x00,0x00,0x00,0x00,0x00,0x00,0x00,0x00,0x00,
  0x00,0x00,0x00,0x00,0x09,0xFB,0x7F,0xBF,0xEF,0xFF,0xEF,0xFE,
  0xE0,0x00,0x00,0x00,0x00,0x00,0x00,0x00,0x00,0x00,0x00,0x00,
  0x00,0x00,0x00,0x00,0x00,0x00,0x00,0x00,0x00,0x00,0x00,0x00,
  0x00,0x00,0x00,0x00,0x00,0x00,0x00,0x00,0x00,0x00,0x00,0x00,
  0x00,0x00,0x00,0x00,0x00,0x00,0x00,0x00,0x00,0x00,0x00,0x00,
  0x00,0x00,0x00,0x00,0x00,0x00,0x00,0x00,0x00,0x00,0x00,0x00,
  0x17,0xDF,0xFB,0xF5,0xBE,0xFF,0xFF,0xBF,0xA0,0x00,0x00,0x00,
  0x00,0x00,0x00,0x00,0x00,0x00,0x00,0x00,0x00,0x00,0x00,0x00,
  0x00,0x00,0x00,0x00,0x00,0x00,0x00,0x00,0x00,0x00,0x00,0x00,
  0x00,0x00,0x00,0x00,0x00,0x00,0x00,0x00,0x00,0x00,0x00,0x00,
  0x00,0x00,0x00,0x00,0x00,0x00,0x00,0x00,0x00,0x00,0x00,0x00,
  0x00,0x00,0x00,0x00,0x00,0x00,0x00,0x00,0x27,0x75,0xFE,0xBF,
  0xFB,0xDF,0xFF,0xFF,0xC0,0x00,0x00,0x00,0x00,0x00,0x00,0x00,
  0x00,0x00,0x00,0x00,0x00,0x00,0x00,0x00,0x00,0x00,0x00,0x00,
  0x00,0x00,0x00,0x00,0x00,0x00,0x00,0x00,0x00,0x00,0x00,0x00,
  0x00,0x00,0x00,0x00,0x00,0x00,0x00,0x00,0x00,0x00,0x00,0x00,
  0x00,0x00,0x00,0x00,0x00,0x00,0x00,0x00,0x0A,0x00,0x00,0x00,
  0x00,0x00,0x00,0x00,0x4F,0xEF,0xEF,0xED,0xDF,0xFF,0xEE,0xFB,
  0xC0,0x00,0x00,0x00,0x00,0x00,0x00,0x00,0x00,0x00,0x00,0x00,
  0x00,0x00,0x00,0x00,0x00,0x00,0x00,0x00,0x00,0x00,0x00,0x00,
  0x00,0x00,0x00,0x00,0x00,0x00,0x00,0x00,0x00,0x00,0x00,0x00,
  0x00,0x00,0x00,0x00,0x00,0x00,0x00,0x00,0x00,0x00,0x00,0x00,
  0x00,0x00,0x00,0x00,0xFE,0x00,0x00,0x00,0x00,0x00,0x00,0x00,
  0x5E,0xDF,0xFE,0xFF,0x7F,0x7F,0xFF,0xFF,0xC0,0x00,0x00,0x00,
  0x00,0x00,0x00,0x00,0x00,0x00,0x00,0x00,0x00,0x00,0x00,0x00,
  0x00,0x00,0x00,0x00,0x00,0x00,0x00,0x00,0x00,0x00,0x00,0x00,
  0x00,0x00,0x00,0x00,0x00,0x00,0x00,0x00,0x00,0x00,0x00,0x00,
  0x00,0x00,0x00,0x00,0x00,0x00,0x00,0x00,0x00,0x00,0x00,0x03,
  0xFE,0x00,0x00,0x00,0x00,0x00,0x00,0x00,0x9F,0xFF,0xBF,0xB7,
  0xF7,0xFF,0xFF,0xFF,0x80,0x00,0x00,0x00,0x00,0x00,0x00,0x00,
  0x00,0x00,0x00,0x00,0x00,0x00,0x00,0x00,0x00,0x00,0x00,0x00,
  0x00,0x00,0x00,0x00,0x00,0x00,0x00,0x00,0x00,0x00,0x00,0x00,
  0x00,0x00,0x00,0x00,0x00,0x00,0x00,0x00,0x00,0x00,0x00,0x00,
  0x00,0x00,0x00,0x00,0x00,0x00,0x00,0x05,0xFC,0x00,0x00,0x00,
  0x00,0x00,0x00,0x01,0x7A,0xBB,0xFE,0xFD,0xDD,0xFF,0xBF,0xEF,
  0x80,0x00,0x00,0x00,0x00,0x00,0x00,0x00,0x00,0x00,0x00,0x00,
  0x00,0x00,0x00,0x00,0x00,0x00,0x00,0x00,0x00,0x00,0x00,0x00,
  0x00,0x00,0x00,0x00,0x00,0x00,0x00,0x00,0x00,0x00,0x00,0x00,
  0x00,0x00,0x00,0x00,0x00,0x00,0x00,0x00,0x00,0x00,0x00,0x00,
  0x00,0x00,0x00,0x07,0xF8,0x00,0x00,0x00,0x00,0x00,0x00,0x03,
  0x7F,0xFF,0xFF,0xD7,0x7F,0xBF,0xFD,0xFF,0x80,0x00,0x00,0x00,
  0x00,0x00,0x00,0x00,0x00,0x00,0x00,0x00,0x00,0x00,0x00,0x00,
  0x00,0x00,0x00,0x00,0x00,0x00,0x00,0x00,0x00,0x00,0x00,0x00,
  0x00,0x00,0x00,0x00,0x00,0x00,0x00,0x00,0x00,0x00,0x00,0x00,
  0x00,0x00,0x00,0x00,0x00,0x00,0x00,0x00,0x00,0x00,0x00,0x0F,
  0xF8,0x00,0x00,0x00,0x00,0x00,0x00,0x04,0xF5,0xBF,0xFF,0xBF,
  0xFE,0xFF,0xFF,0xFF,0x00,0x00,0x00,0x00,0x00,0x00,0x00,0x00,
  0x00,0x00,0x00,0x00,0x00,0x00,0x00,0x00,0x00,0x00,0x00,0x00,
  0x00,0x00,0x00,0x00,0x00,0x00,0x00,0x00,0x00,0x00,0x00,0x00,
  0x00,0x00,0x00,0x00,0x00,0x00,0x00,0x00,0x00,0x00,0x00,0x00,
  0x00,0x00,0x00,0x00,0x00,0x00,0x00,0x17,0xF8,0x00,0x00,0x00,
  0x00,0x00,0x00,0x09,0xFE,0xFB,0xFF,0xFD,0xDB,0xFF,0xFF,0xFD,
  0x80,0x00,0x00,0x00,0x00,0x00,0x00,0x00,0x00,0x00,0x00,0x00,
  0x00,0x00,0x00,0x00,0x00,0x00,0x00,0x00,0x00,0x00,0x00,0x00,
  0x00,0x00,0x00,0x00,0x00,0x00,0x00,0x00,0x00,0x00,0x00,0x00,
  0x00,0x00,0x00,0x00,0x00,0x00,0x00,0x00,0x00,0x00,0x00,0x00,
  0x00,0x00,0x00,0x3F,0xF0,0x00,0x00,0x00,0x00,0x00,0x00,0x17,
  0xD7,0xFF,0xDF,0xB7,0xFF,0xFF,0x77,0xDF,0x00,0x00,0x00,0x00,
  0x00,0x00,0x00,0x00,0x00,0x00,0x00,0x00,0x00,0x00,0x00,0x00,
  0x00,0x00,0x00,0x00,0x00,0x00,0x00,0x00,0x00,0x00,0x00,0x00,
  0x00,0x00,0x00,0x00,0x00,0x00,0x00,0x00,0x00,0x00,0x00,0x00,
  0x00,0x00,0x00,0x00,0x00,0x00,0x00,0x00,0x00,0x00,0x00,0x5F,
  0xE0,0x00,0x00,0x00,0x00,0x00,0x00,0x27,0x6D,0xFF,0xFE,0xFF,
  0x6E,0xFF,0xFF,0xFF,0x00,0x00,0x00,0x00,0x00,0x00,0x00,0x00,
  0x00,0x00,0x00,0x00,0x00,0x00,0x00,0x00,0x00,0x00,0x00,0x00,
  0x00,0x00,0x00,0x00,0x00,0x00,0x00,0x00,0x00,0x00,0x00,0x00,
  0x00,0x00,0x00,0x00,0x00,0x00,0x00,0x00,0x00,0x00,0x00,0x00,
  0x00,0x00,0x00,0x00,0x00,0x00,0x00,0xBF,0xE0,0x00,0x00,0x00,
  0x00,0x00,0x00,0x5F,0xBF,0xDF,0xFF,0xED,0xFF,0xFF,0xFF,0xFF,
  0x00,0x00,0x00,0x00,0x00,0x00,0x00,0x00,0x00,0x00,0x00,0x00,
  0x00,0x00,0x00,0x00,0x00,0x00,0x00,0x00,0x00,0x00,0x00,0x00,
  0x00,0x00,0x00,0x00,0x00,0x00,0x00,0x00,0x00,0x00,0x00,0x00,
  0x00,0x00,0x00,0x00,0x00,0x00,0x00,0x00,0x00,0x00,0x00,0x00,
  0x00,0x00,0x00,0x7F,0xC0,0x00,0x00,0x00,0x00,0x00,0x01,0xBD,
  0x6F,0xFE,0xFF,0xFF,0xF7,0x7F,0xFF,0x7E,0x00,0x00,0x00,0x00,
  0x00,0x00,0x00,0x00,0x00,0x00,0x00,0x00,0x00,0x00,0x00,0x00,
  0x00,0x00,0x00,0x00,0x00,0x00,0x00,0x00,0x00,0x00,0x00,0x00,
  0x00,0x00,0x00,0x00,0x00,0x00,0x00,0x00,0x00,0x00,0x00,0x00,
  0x00,0x00,0x00,0x00,0x00,0x00,0x00,0x00,0x00,0x00,0x02,0xFF,
  0xC0,0x00,0x00,0x00,0x00,0x00,0x02,0xFF,0x5B,0xFF,0xFF,0xF7,
  0x7F,0xFD,0xFD,0xFA,0x00,0x00,0x00,0x00,0x00,0x00,0x00,0x00,
  0x00,0x00,0x00,0x00,0x00,0x00,0x00,0x00,0x00,0x00,0x00,0x00,
  0x00,0x00,0x00,0x00,0x00,0x00,0x00,0x00,0x00,0x00,0x00,0x00,
  0x00,0x00,0x00,0x00,0x00,0x00,0x00,0x00,0x00,0x00,0x00,0x00,
  0x00,0x00,0x00,0x00,0x00,0x00,0x01,0xFF,0x80,0x00,0x00,0x00,
  0x00,0x00,0x0F,0xF5,0xFF,0x7F,0xFB,0xFF,0xDB,0xFF,0xF7,0xFE,
  0x00,0x00,0x00,0x00,0x00,0x00,0x00,0x00,0x00,0x00,0x00,0x00,
  0x00,0x00,0x00,0x00,0x00,0x00,0x00,0x00,0x00,0x00,0x00,0x00,
  0x00,0x00,0x00,0x00,0x00,0x00,0x00,0x00,0x00,0x00,0x00,0x00,
  0x00,0x00,0x00,0x00,0x00,0x00,0x00,0x00,0x00,0x00,0x00,0x00,
  0x00,0x00,0x07,0xFF,0x80,0x00,0x00,0x00,0x00,0x00,0x3F,0xDB,
  0x6F,0xFB,0xFF,0xFB,0x7F,0x7F,0xFF,0xFE,0x00,0x00,0x00,0x00,
  0x00,0x00,0x00,0x00,0x00,0x00,0x00,0x00,0x00,0x00,0x00,0x00,
  0x00,0x00,0x00,0x00,0x00,0x00,0x00,0x00,0x00,0x00,0x00,0x00,
  0x00,0x00,0x00,0x00,0x00,0x00,0x00,0x00,0x00,0x00,0x00,0x00,
  0x00,0x00,0x00,0x00,0x00,0x00,0x00,0x00,0x00,0x00,0x0B,0xFF,
  0x00,0x00,0x00,0x00,0x00,0x01,0xFF,0x6F,0xFF,0xFF,0xFF,0xFF,
  0xFD,0xFF,0xFF,0xFC,0x00,0x00,0x00,0x00,0x00,0x00,0x00,0x00,
  0x00,0x00,0x00,0x00,0x00,0x00,0x00,0x00,0x00,0x00,0x00,0x00,
  0x00,0x00,0x00,0x00,0x00,0x00,0x00,0x00,0x00,0x00,0x00,0x00,
  0x00,0x00,0x00,0x00,0x00,0x00,0x00,0x00,0x00,0x00,0x00,0x00,
  0x00,0x00,0x00,0x00,0x00,0x00,0x17,0xFF,0x00,0x00,0x00,0x00,
  0x00,0x0F,0xFD,0xDA,0xFF,0xFF,0xEF,0xFB,0xEF,0xFB,0xFF,0xEC,
  0x00,0x00,0x00,0x00,0x00,0x00,0x00,0x00,0x00,0x00,0x00,0x00,
  0x00,0x00,0x00,0x00,0x00,0x00,0x00,0x00,0x00,0x00,0x00,0x00,
  0x00,0x00,0x00,0x00,0x00,0x00,0x00,0x00,0x00,0x00,0x00,0x00,
  0x00,0x00,0x00,0x00,0x00,0x00,0x00,0x00,0x00,0x00,0x00,0x00,
  0x00,0x00,0x2F,0xFE,0x00,0x00,0x00,0x00,0x00,0x7F,0xEE,0xFF,
  0xFB,0xDF,0xFF,0xFE,0xFF,0xFF,0xEF,0xBC,0x00,0x00,0x00,0x00,
  0x00,0x00,0x00,0x00,0x00,0x00,0x00,0x00,0x00,0x00,0x00,0x00,
  0x00,0x00,0x00,0x00,0x00,0x00,0x00,0x00,0x00,0x00,0x00,0x00,
  0x00,0x00,0x00,0x00,0x00,0x00,0x40,0x00,0x00,0x00,0x00,0x00,
  0x00,0x00,0x00,0x00,0x00,0x00,0x00,0x00,0x00,0x00,0x1F,0xFA,
  0x00,0x00,0x00,0x00,0x03,0xFD,0xB5,0xBF,0xDF,0xFF,0xFF,0xFF,
  0xBB,0x7F,0xFF,0xFC,0x00,0x00,0x00,0x00,0x00,0x00,0x00,0x00,
  0x00,0x00,0x00,0x00,0x00,0x00,0x00,0x00,0x00,0x00,0x00,0x00,
  0x00,0x00,0x00,0x00,0x00,0x00,0x00,0x00,0x00,0x00,0x00,0x00,
  0x00,0x00,0x80,0x00,0x00,0x00,0x00,0x00,0x00,0x00,0x00,0x00,
  0x00,0x00,0x00,0x00,0x00,0x00,0xBF,0xFE,0x00,0x00,0x00,0x00,
  0x1F,0xEF,0x7F,0xF7,0xFF,0xFF,0x7F,0xFD,0xFF,0xFF,0xFE,0xF8,
  0x00,0x00,0x00,0x00,0x00,0x00,0x00,0x00,0x00,0x00,0x00,0x00,
  0x00,0x00,0x00,0x00,0x00,0x00,0x00,0x00,0x00,0x00,0x00,0x00,
  0x00,0x00,0x00,0x00,0x00,0x00,0x00,0x00,0x00,0x01,0x40,0x00,
  0x00,0x00,0x00,0x00,0x00,0x00,0x00,0x00,0x00,0x00,0x00,0x00,
  0x00,0x00,0x7F,0xFC,0x00,0x00,0x00,0x00,0xFF,0xBB,0xDB,0xFF,
  0xFF,0xFF,0xFF,0xFF,0xEF,0xFF,0xFF,0xF8,0x00,0x00,0x00,0x00,
  0x00,0x00,0x00,0x00,0x00,0x00,0x00,0x00,0x00,0x00,0x00,0x00,
  0x00,0x00,0x00,0x00,0x00,0x00,0x00,0x00,0x00,0x00,0x00,0x00,
  0x00,0x00,0x00,0x00,0x00,0x02,0x00,0x00,0x00,0x00,0x00,0x00,
  0x00,0x00,0x00,0x00,0x00,0x00,0x00,0x00,0x00,0x01,0xFF,0xDC,
  0x00,0x00,0x00,0x07,0xFD,0xEE,0xFF,0xBF,0x7F,0xFF,0xFF,0xFF,
  0xBD,0xFF,0xEF,0xF8,0x00,0x00,0x00,0x00,0x00,0x00,0x00,0x00,
  0x00,0x00,0x00,0x00,0x00,0x00,0x00,0x00,0x20,0x00,0x00,0x00,
  0x00,0x00,0x00,0x00,0x00,0x00,0x00,0x00,0x00,0x00,0x00,0x00,
  0x00,0x00,0x80,0x00,0x00,0x00,0x00,0x00,0x00,0x00,0x00,0x00,
  0x00,0x00,0x00,0x00,0x00,0x02,0xFF,0xF8,0x00,0x00,0x00,0x7F,
  0xF7,0x7F,0xFF,0xFF,0xFE,0xEF,0xFF,0xEE,0xFF,0x7F,0xFF,0xF8,
  0x00,0x00,0x00,0x00,0x00,0x00,0x00,0x00,0x00,0x00,0x00,0x00,
  0x00,0x00,0x00,0x00,0x00,0x00,0x00,0x00,0x00,0x00,0x00,0x00,
  0x00,0x00,0x00,0x00,0x00,0x00,0x00,0x00,0x00,0x09,0x00,0x00,
  0x00,0x00,0x00,0x00,0x00,0x00,0x00,0x00,0x09,0x20,0x00,0x00,
  0x00,0x05,0xFF,0xF8,0x00,0x00,0x03,0xFF,0xDF,0xFB,0xDE,0xFD,
  0xFB,0xFF,0xFF,0xFF,0xF7,0xFF,0xFF,0xF0,0x00,0x00,0x00,0x00,
  0x00,0x00,0x00,0x00,0x00,0x00,0x00,0x00,0x00,0x00,0x00,0x00,
  0xA0,0x00,0x00,0x00,0x00,0x00,0x00,0x00,0x00,0x00,0x00,0x00,
  0x00,0x00,0x00,0x00,0x00,0x00,0x80,0x00,0x00,0x00,0x00,0x00,
  0x00,0x00,0x00,0x00,0x40,0x0A,0x80,0x00,0x00,0x03,0xFE,0xF0,
  0x00,0x00,0x2F,0xFF,0x7E,0xEF,0xFF,0xFF,0xFF,0xFF,0xFF,0xFF,
  0xDF,0xFF,0xBE,0xD0,0x00,0x00,0x00,0x00,0x00,0x00,0x00,0x00,
  0x00,0x00,0x00,0x00,0x00,0x00,0x01,0x2A,0x55,0x55,0x52,0xAA,
  0xA9,0x24,0x91,0x11,0x11,0x10,0x84,0x21,0x08,0x21,0x13,0x84,
  0x21,0x22,0x22,0x10,0x02,0x02,0x04,0x10,0x80,0x20,0x00,0x04,
  0x80,0xA2,0x60,0x00,0x00,0x17,0xF7,0xF0,0x00,0x01,0xFF,0xFB,
  0xFF,0xFF,0xFF,0xFF,0xFF,0xFF,0xFE,0xFF,0xFE,0xFF,0xFF,0xF0,
  0x00,0x00,0x00,0x00,0x00,0x00,0x00,0x00,0x00,0x00,0x00,0x00,
  0x00,0x2A,0xAA,0x40,0x00,0x00,0x04,0x00,0x04,0x42,0x44,0xA4,
  0xA4,0xA5,0x29,0x4A,0x52,0x94,0xA4,0x52,0x94,0x91,0x49,0x4A,
  0xD9,0x59,0x52,0xA5,0x2D,0x96,0xDB,0x69,0x2A,0x9A,0x96,0xDB,
  0x6D,0xAF,0xFF,0xE5,0xB7,0x6D,0x5B,0x5F,0xFB,0xFF,0xFF,0xEF,
  0xFF,0xFF,0xBF,0xFF,0xFB,0xFF,0xFF,0xF0,0x00,0x00,0x00,0x00,
  0x00,0x00,0x00,0x00,0x00,0x00,0x00,0x00,0x55,0x80,0x00,0x04,
  0x88,0x84,0x40,0x49,0x20,0x10,0x00,0x00,0x02,0x00,0x00,0x00,
  0x00,0x40,0x00,0x00,0x00,0x08,0x04,0x00,0x00,0x00,0x08,0x00,
  0x00,0x00,0x00,0x00,0x00,0x20,0x00,0x00,0x00,0x5F,0xDF,0xE0,
  0x00,0x00,0x00,0x00,0x04,0xAA,0xB7,0xFF,0xFF,0xFE,0xFF,0xFF,
  0xDF,0xFF,0xF7,0xE0,0x00,0x00,0x00,0x00,0x00,0x00,0x00,0x00,
  0x00,0x00,0x00,0x2A,0x80,0x11,0x24,0x90,0x22,0x10,0x09,0x00,
  0x04,0x82,0x29,0x12,0x48,0x12,0x49,0x24,0x95,0x04,0x92,0x49,
  0x4A,0x42,0x20,0x92,0x22,0x44,0x40,0x92,0x42,0x21,0x24,0x44,
  0x92,0x82,0x48,0x44,0x02,0x5F,0x7F,0xCA,0x21,0x29,0x09,0x40,
  0x00,0x00,0x40,0x15,0x5B,0xFF,0xFF,0xFF,0xFF,0x7F,0x7F,0xE0,
  0x00,0x00,0x89,0x00,0x00,0x00,0x00,0x00,0x00,0x00,0x05,0x40,
  0x12,0x44,0x00,0x00,0x00,0x00,0x00,0x00,0x00,0x00,0x00,0x00,
  0x00,0x40,0x00,0x00,0x00,0x10,0x00,0x00,0x00,0x08,0x02,0x00,
  0x00,0x00,0x02,0x00,0x08,0x04,0x00,0x00,0x00,0x00,0x01,0x00,
  0x90,0xBF,0xFF,0xC0,0x08,0x00,0x40,0x15,0x52,0x44,0x08,0x40,
  0x04,0x15,0xFF,0xFF,0xF7,0xFF,0xFF,0x60,0x00,0x2B,0x77,0xF0,
  0x00,0x00,0x00,0x00,0x00,0x00,0x50,0x04,0x80,0x00,0x08,0x00,
  0x00,0x00,0x00,0x00,0x00,0x00,0x00,0x00,0x00,0x00,0x00,0x00,
  0x00,0x00,0x00,0x00,0x00,0x00,0x08,0x00,0x00,0x00,0x00,0x00,
  0x00,0x00,0x00,0x00,0x00,0x00,0x00,0x00,0x00,0x7F,0xFF,0x80,
  0x80,0x42,0x00,0x00,0x00,0x01,0x21,0x04,0x90,0x40,0x01,0x57,
  0xFF,0xFF,0xFF,0xE0,0x0A,0xDF,0xFF,0x80,0x00,0x00,0x00,0x00,
  0x00,0x05,0x05,0x20,0x04,0x00,0x80,0x06,0x00,0x00,0x00,0x00,
  0x00,0x00,0x00,0x00,0x00,0x00,0x00,0x00,0x00,0x00,0x00,0x00,
  0x00,0x00,0x00,0x00,0x00,0x00,0x00,0x00,0x00,0x00,0x00,0x00,
  0x00,0x00,0x00,0x00,0x02,0xFF,0xFF,0x00,0x00,0x00,0x08,0x00,
  0x00,0x00,0x00,0x10,0x01,0x02,0x08,0x00,0x0A,0xFF,0xFB,0xC1,
  0x57,0xFB,0xFE,0x00,0x00,0x00,0x00,0x00,0x00,0x28,0x20,0x02,
  0x20,0x90,0x00,0x0E,0x00,0x03,0xE8,0x03,0xEC,0x06,0x00,0xDB,
  0x80,0x20,0x00,0x00,0x00,0x00,0x00,0x00,0x00,0x00,0x00,0x00,
  0x00,0x00,0x00,0x00,0x00,0x00,0x00,0x00,0x00,0x00,0x00,0x00,
  0x02,0xFF,0xFF,0x00,0x00,0x00,0x00,0x00,0x00,0x00,0x00,0x00,
  0x00,0x08,0x40,0x10,0x20,0x01,0x5F,0xD5,0x7E,0xDF,0x58,0x00,
  0x00,0x00,0x00,0x00,0x01,0x40,0x80,0x10,0x15,0x24,0x00,0x0B,
  0x00,0x03,0xFC,0x01,0xFE,0x07,0x00,0xFF,0xC0,0x78,0x00,0x00,
  0x00,0x00,0x00,0x00,0x00,0x00,0x00,0x00,0x00,0x00,0x00,0x00,
  0x00,0x00,0x00,0x00,0x00,0x00,0x00,0x00,0x0B,0xFD,0xFF,0x00,
  0x00,0x00,0x00,0x00,0x00,0x04,0x00,0x00,0x00,0x00,0x01,0x02,
  0x02,0x44,0x00,0x2F,0xFB,0xFB,0xF0,0x00,0x00,0x00,0x00,0x00,
  0x04,0x02,0x08,0x00,0x20,0x02,0x00,0x1F,0x00,0x03,0x1F,0x03,
  0x90,0x07,0x00,0xAD,0x40,0x78,0x00,0x00,0x00,0x00,0x00,0x00,
  0x00,0x00,0x00,0x00,0x00,0x00,0x00,0x00,0x00,0x00,0x00,0x00,
  0x00,0x00,0x00,0x00,0x0B,0xFF,0xFE,0x00,0x00,0x00,0x00,0x00,
  0x00,0x10,0x00,0x00,0x00,0x00,0x00,0x00,0x00,0x01,0x5F,0xFF,
  0xDF,0x6E,0xC0,0x00,0x00,0x00,0x00,0x00,0x28,0x88,0x00,0x40,
  0x40,0x00,0x00,0x3B,0x80,0x03,0x87,0x01,0x80,0x06,0x00,0x1C,
  0x00,0xFC,0x00,0x00,0x00,0x00,0x00,0x00,0x00,0x00,0x00,0x00,
  0x00,0x00,0x00,0x00,0x00,0x00,0x00,0x00,0x00,0x00,0x00,0x00,
  0x17,0xFF,0xFC,0x00,0x00,0x00,0x00,0x00,0x00,0x25,0x58,0x00,
  0x00,0x00,0x00,0x60,0x05,0x54,0xBB,0xFA,0xED,0xFF,0x00,0x00,
  0x00,0x00,0x00,0x00,0x80,0x00,0x00,0x00,0x00,0x02,0x00,0x2F,
  0xC0,0x03,0x03,0x83,0x88,0x07,0x00,0x0C,0x00,0xCC,0x00,0x00,
  0x00,0x00,0x00,0x00,0x00,0x00,0x00,0x00,0x00,0x00,0x00,0x00,
  0x00,0x00,0x00,0x00,0x00,0x00,0x00,0x00,0x2F,0xFF,0xF6,0x00,
  0x00,0x00,0x00,0x00,0x00,0x20,0x04,0x00,0x00,0x00,0x04,0x70,
  0xA2,0x2F,0xFF,0x6F,0xBF,0xDC,0x00,0x00,0x00,0x00,0x00,0x02,
  0x24,0x00,0x00,0x10,0x00,0x00,0x00,0x7F,0xC0,0x03,0x83,0x03,
  0xFC,0x07,0x00,0x1C,0x01,0xCE,0x00,0x00,0x00,0x00,0x00,0x00,
  0x00,0x00,0x00,0x00,0x00,0x00,0x00,0x00,0x00,0x00,0x00,0x00,
  0x00,0x00,0x00,0x00,0x5F,0xFF,0xFC,0x00,0x00,0x00,0x00,0x00,
  0x00,0x00,0x00,0x00,0x00,0x00,0x00,0x66,0x15,0xFF,0xEF,0xFD,
  0xF7,0x70,0x00,0x00,0x00,0x00,0x00,0x04,0x00,0x00,0x00,0x20,
  0x43,0xA4,0x00,0x6B,0xE0,0x03,0x03,0x81,0xD8,0x06,0x00,0x0C,
  0x01,0x8E,0x00,0x00,0x00,0x00,0x00,0x00,0x00,0x00,0x00,0x00,
  0x00,0x00,0x00,0x00,0x00,0x00,0x00,0x00,0x00,0x00,0x00,0x01,
  0x7F,0xFF,0xF8,0x00,0x00,0x00,0x00,0x00,0x00,0x40,0x04,0x00,
  0x00,0x00,0x0D,0x51,0x6F,0xDB,0x7A,0xAF,0xBD,0xE0,0x00,0x00,
  0x00,0x00,0x00,0x11,0xDC,0x00,0x00,0x00,0x20,0x02,0x00,0xF5,
  0xF0,0x03,0x87,0x03,0x80,0x07,0x00,0x1C,0x03,0xFE,0x00,0x00,
  0x00,0x00,0x00,0x00,0x00,0x00,0x00,0x00,0x00,0x00,0x00,0x00,
  0x00,0x00,0x00,0x00,0x00,0x00,0x00,0x01,0xFF,0xFB,0xF0,0x00,
  0x00,0x00,0x00,0x00,0x00,0x20,0x84,0x00,0x00,0x00,0x24,0x0E,
  0xFD,0xFF,0xEF,0xFE,0xF7,0x90,0x00,0x00,0x00,0x00,0x00,0x21,
  0x34,0x00,0x00,0x00,0x40,0x00,0x01,0xA0,0x70,0x03,0x07,0x01,
  0x80,0x07,0x00,0x0C,0x03,0xFF,0x00,0x00,0x00,0x00,0x00,0x00,
  0x00,0x00,0x00,0x00,0x00,0x00,0x00,0x00,0x00,0x00,0x00,0x00,
  0x00,0x00,0x00,0x06,0xFF,0xFF,0xF0,0x00,0x00,0x00,0x00,0x00,
  0x00,0x02,0x40,0x00,0x00,0x00,0x99,0xF5,0xB7,0xB6,0xFD,0xFB,
  0xDE,0x20,0x00,0x00,0x00,0x00,0x00,0x40,0x00,0x00,0x00,0x20,
  0x00,0x82,0x01,0x8E,0x38,0x03,0xFE,0x03,0xDA,0x06,0xD0,0x1C,
  0x03,0x03,0x00,0x00,0x00,0x00,0x00,0x00,0x00,0x00,0x00,0x00,
  0x00,0x00,0x00,0x00,0x00,0x00,0x00,0x00,0x00,0x00,0x00,0x17,
  0xFF,0xFF,0xE0,0x00,0x00,0x00,0x00,0x00,0x00,0x20,0x04,0x00,
  0x00,0x00,0x0F,0x2F,0xFF,0xFF,0xB7,0xDF,0xF8,0x40,0x00,0x00,
  0x00,0x00,0x00,0xFE,0xD5,0xF0,0x00,0x00,0x41,0x80,0x06,0x3F,
  0xCC,0x03,0xFC,0x03,0xFE,0x07,0xF8,0x1C,0x07,0x03,0x80,0x00,
  0x00,0x00,0x00,0x2A,0x80,0xAA,0x00,0x00,0x00,0x00,0x00,0x00,
  0x00,0x00,0x00,0x00,0x00,0x00,0x01,0x5F,0xFF,0xFF,0xC0,0x00,
  0x00,0x00,0x00,0x00,0x00,0x20,0x00,0x00,0x00,0x04,0x87,0xFB,
  0x6E,0xDF,0xFF,0xFF,0xF0,0xA0,0x00,0x00,0x00,0x00,0x01,0xDB,
  0xFB,0xF8,0x00,0x00,0x21,0x04,0x00,0xF7,0xF0,0x02,0x00,0x00,
  0x48,0x01,0x28,0x04,0x04,0x01,0x00,0x00,0x00,0x00,0x00,0x48,
  0x41,0x25,0x00,0x00,0x00,0x00,0x00,0x00,0x00,0x00,0x00,0x00,
  0x00,0x00,0x2D,0x7F,0xFF,0xFF,0x00,0x00,0x00,0x00,0x00,0x00,
  0x00,0x00,0x04,0x00,0x00,0x10,0x20,0xEF,0xFF,0xFB,0xFF,0xFE,
  0xDD,0x40,0x00,0x00,0x00,0x00,0x03,0xFB,0xF7,0xF8,0x00,0x00,
  0x40,0x02,0x03,0xAD,0xB8,0x00,0x00,0x00,0x00,0x00,0x00,0x00,
  0x00,0x00,0x00,0x00,0x00,0x00,0x00,0x84,0x21,0x10,0x80,0x00,
  0x00,0x00,0x00,0x00,0x00,0x00,0x00,0x00,0x00,0x05,0x5F,0xFF,
  0xFF,0xFA,0x40,0x00,0x00,0x00,0x00,0x00,0x00,0x20,0x00,0x00,
  0x00,0x00,0x00,0x3F,0xFF,0xFF,0xFE,0xDB,0xFA,0xA0,0x00,0x00,
  0x00,0x00,0x06,0xD7,0xF7,0xF0,0x00,0x00,0x00,0x84,0x00,0x00,
  0x00,0x00,0x00,0x00,0x00,0x00,0x00,0x00,0x00,0x00,0x00,0x00,
  0x00,0x00,0x00,0x00,0x00,0x00,0x00,0x00,0x00,0x00,0x00,0x00,
  0x00,0x00,0x00,0x00,0x00,0xA8,0xBF,0xFF,0xFF,0xC0,0x00,0x00,
  0x00,0x00,0x00,0x00,0x00,0x00,0x84,0x00,0x00,0x40,0x04,0x3F,
  0x76,0xFF,0x6F,0xFF,0xEF,0xC0,0x00,0x00,0x00,0x00,0x07,0xFF,
  0xEF,0xF8,0x00,0x00,0x42,0x42,0x00,0x00,0x00,0x00,0x00,0x00,
  0x00,0x00,0x00,0x00,0x00,0x00,0x00,0x00,0x00,0x00,0x00,0x84,
  0x21,0x08,0x40,0x00,0x00,0x08,0x00,0x00,0x00,0x00,0x00,0x00,
  0x15,0x17,0xF5,0xFD,0xED,0x00,0x00,0x00,0x00,0x00,0x00,0x00,
  0x00,0x41,0xC0,0x00,0x00,0x00,0x00,0x33,0xFF,0xDF,0xFB,0xEF,
  0x7E,0xC0,0x00,0x00,0x00,0x00,0x1F,0xDF,0xBF,0xA0,0x00,0x00,
  0x0D,0xF0,0x00,0x00,0xE0,0xF0,0xF0,0xE0,0xE1,0xE1,0xE0,0xE1,
  0xE1,0xE1,0xE1,0xE1,0xE0,0x3C,0x3C,0x1F,0x20,0x3C,0x1E,0x0F,
  0x0F,0x0F,0x0F,0x0F,0x0F,0x0F,0x0F,0x0F,0xA2,0xFE,0xDF,0xAF,
  0x75,0xC1,0xC1,0xC1,0xC1,0xC1,0xC8,0x90,0x01,0x28,0x04,0x04,
  0x00,0x00,0x00,0x31,0x5D,0xFB,0x6F,0x7D,0xDF,0x80,0x00,0x00,
  0x00,0x00,0x40,0x0B,0xEE,0x80,0x00,0x00,0x42,0x02,0x00,0x00,
  0xF0,0xF1,0xF1,0xF1,0xF1,0xF1,0xE1,0xE1,0xE1,0xE1,0xE1,0xF0,
  0xF0,0x1E,0x1E,0x8F,0x21,0x3C,0x9F,0x1F,0x1F,0x1F,0x0F,0x1F,
  0x0F,0x0F,0x8F,0x94,0x1F,0xEF,0xFE,0xFB,0xC3,0xC3,0xC3,0xE3,
  0xE3,0xE3,0xE0,0x00,0x00,0x20,0x24,0x00,0x00,0x00,0x00,0x80,
  0xF7,0x6F,0xFD,0xDF,0xFF,0x80,0x00,0x00,0x00,0x01,0x50,0x02,
  0xD8,0x00,0x00,0x00,0x00,0x80,0x00,0x00,0xF0,0xE0,0xE1,0xE1,
  0xE1,0xE1,0xA1,0xE1,0xE1,0xE1,0xE1,0xE1,0xE0,0x3C,0x3C,0x1F,
  0x01,0x36,0x1E,0x0E,0x0E,0x1E,0x1F,0x0F,0x0F,0x0F,0x0E,0x45,
  0xFF,0x7B,0xF7,0xFF,0xC3,0x63,0xE1,0xC1,0xE1,0xC3,0xE0,0x00,
  0x00,0x03,0xD2,0x00,0x00,0x00,0x00,0x00,0x3D,0xFA,0xB7,0xF5,
  0x6F,0x00,0x00,0x00,0x00,0x04,0x00,0x00,0x20,0x00,0x00,0x00,
  0x45,0x04,0x00,0x01,0xF0,0xF1,0xF0,0xF1,0xF1,0x61,0xF1,0xE1,
  0xA1,0xB1,0xB1,0xA1,0xF0,0x3E,0x3E,0x8E,0x20,0x3C,0x9E,0x1F,
  0x1F,0x0F,0x0E,0x0F,0x0D,0x8F,0x21,0x3F,0xFB,0xFF,0x5D,0x53,
  0x61,0xC2,0xC3,0xE3,0xA3,0xE1,0xC2,0x00,0x02,0x22,0xEC,0x00,
  0x00,0x00,0x00,0x24,0x0F,0x5F,0xEE,0xBF,0xFE,0x00,0x00,0x00,
  0x00,0x12,0x40,0x00,0x00,0x00,0x00,0x00,0x20,0x82,0x00,0x00,
  0xB0,0xF0,0xE1,0xD0,0xE1,0xE1,0xE1,0xB1,0xF1,0xE1,0xE0,0xF1,
  0xA0,0x34,0x1A,0x1F,0x22,0x36,0x5A,0x0E,0x0E,0x1D,0x0F,0x0D,
  0x0F,0x08,0x97,0xFF,0xDF,0xDB,0xF7,0xE3,0xC3,0xE3,0xC1,0xC1,
  0xE1,0xC3,0x68,0x00,0x00,0x20,0x00,0x50,0x00,0x00,0x00,0x80,
  0x8A,0xEA,0xBB,0xEF,0xF8,0x00,0x00,0x00,0x00,0x40,0x00,0x00,
  0x00,0x00,0x00,0x00,0x40,0x04,0x00,0x00,0xE0,0xE1,0xB0,0xE1,
  0xA1,0xE0,0xC1,0xE1,0xE1,0xE1,0xE1,0xE0,0xE0,0x9C,0x3C,0x8D,
  0x01,0x1C,0x0E,0x0F,0x1F,0x0E,0x0E,0x4F,0x0F,0x62,0xFF,0xED,
  0xFE,0xEE,0xDD,0xC1,0xC1,0xC1,0xC3,0x61,0xC1,0xC1,0xC0,0x90,
  0x04,0x02,0x84,0x00,0x00,0x00,0x04,0x04,0x27,0xBF,0xEF,0x7F,
  0xC0,0x00,0x00,0x00,0x00,0x80,0x00,0x00,0x00,0x00,0x00,0x11,
  0x24,0x02,0x00,0x00,0x00,0x04,0x00,0x00,0x04,0x00,0x08,0x00,
  0x00,0x00,0x00,0x02,0x08,0x00,0x00,0xA0,0x21,0x00,0x80,0x00,
  0x00,0x00,0x00,0x00,0x50,0x1F,0xDE,0xFF,0x77,0x7F,0xE0,0x00,
  0x00,0x00,0x10,0x00,0x00,0x08,0x00,0x00,0x00,0x20,0x84,0x44,
  0x08,0x02,0x41,0x21,0x11,0x6A,0xBD,0xFE,0x00,0x00,0x00,0x00,
  0x02,0x00,0x01,0x00,0x00,0x00,0x12,0x40,0x00,0x00,0x08,0x08,
  0x02,0x10,0x02,0x20,0x10,0x12,0x00,0x00,0x04,0x00,0x00,0x08,
  0x20,0x00,0x82,0x00,0x25,0x22,0x40,0x40,0x40,0x00,0x80,0x8A,
  0x8B,0xFF,0x7B,0xF7,0xFB,0xDA,0x00,0x00,0x08,0x02,0x00,0x02,
  0x00,0x00,0x00,0x00,0x02,0x20,0x44,0x00,0x41,0x28,0x14,0x14,
  0x85,0xFF,0xFF,0xF0,0x00,0x00,0x00,0x00,0x04,0x00,0x05,0x80,
  0x00,0x02,0x40,0x02,0x40,0x84,0x20,0x80,0x88,0x40,0x48,0x09,
  0x00,0x40,0x49,0x12,0x40,0x24,0x08,0x20,0x82,0x48,0x08,0x92,
  0x80,0x08,0x84,0x14,0x00,0x92,0x05,0x50,0xBF,0xF7,0xFF,0xBE,
  0xDE,0xF4,0x02,0x40,0x21,0x08,0x44,0x88,0x08,0x41,0x08,0xA4,
  0x90,0x44,0x12,0x09,0x00,0x01,0x01,0x42,0x55,0xAD,0xF7,0xA0,
  0x00,0x00,0x00,0x00,0x10,0x00,0x01,0x00,0x00,0x00,0x00,0x00,
  0x24,0x12,0x04,0x22,0x01,0x04,0x01,0x20,0x44,0x09,0x00,0x40,
  0x12,0x01,0x22,0x82,0x08,0x02,0x40,0x84,0x69,0x20,0x49,0x01,
  0x24,0x00,0xB4,0x0F,0xFF,0x7D,0xEF,0xEF,0xF7,0x80,0x90,0x15,
  0x00,0x20,0x00,0x00,0xA1,0x14,0x20,0x00,0x01,0x21,0x04,0x40,
  0x14,0x90,0x54,0x14,0xAA,0xFF,0xBE,0x00,0x00,0x00,0x00,0x00,
  0x00,0x00,0x00,0x00,0x00,0x40,0x00,0x01,0x00,0x42,0x43,0x00,
  0x24,0x01,0x20,0x04,0x11,0x20,0x24,0x09,0x08,0x90,0x00,0x08,
  0x21,0x20,0x10,0x90,0x2D,0x05,0x0C,0x48,0x00,0x56,0x82,0xFF,
  0xF7,0xFF,0xBD,0xBD,0xBC,0x08,0x02,0x00,0x12,0x01,0x10,0x40,
  0x00,0x00,0x02,0x04,0x40,0x24,0x24,0x04,0x80,0x45,0x21,0x49,
  0x2B,0x6E,0xF0,0x00,0x00,0x00,0x00,0x00,0x20,0x00,0x40,0x00,
  0x04,0x02,0x02,0x24,0x64,0x04,0x09,0x08,0x80,0x50,0x09,0x21,
  0x00,0x02,0x01,0x00,0x50,0x04,0x92,0x20,0x80,0x09,0x44,0x45,
  0x41,0x51,0xA0,0x00,0x95,0x90,0x7F,0xFE,0xDE,0xDB,0xFF,0xFF,
  0xD0,0x20,0x48,0x40,0x40,0x44,0x02,0x08,0x04,0x00,0x88,0x20,
  0x08,0x20,0x04,0x90,0x25,0x10,0x8A,0xAA,0xD6,0xFF,0x80,0x00,
  0x00,0x00,0x00,0x00,0x40,0x04,0x04,0x22,0x20,0x08,0x48,0x00,
  0x01,0x22,0x00,0x80,0x10,0xE4,0x80,0x04,0x49,0x20,0x90,0x52,
  0x19,0x20,0x00,0x82,0x09,0x20,0x01,0x75,0x90,0xAE,0x0A,0x92,
  0x54,0x4F,0xFF,0xF7,0xFF,0xFF,0xF7,0x7A,0x00,0x82,0x00,0x09,
  0x01,0x00,0x40,0x01,0x10,0x90,0x00,0x82,0x22,0x21,0x24,0x05,
  0x10,0x4A,0x52,0x56,0xBF,0xF8,0x00,0x00,0x00,0x00,0x00,0x00,
  0x00,0x10,0x00,0x80,0x00,0x80,0x00,0x88,0x64,0x04,0x48,0x24,
  0x84,0xB0,0x25,0x40,0x02,0x0A,0x04,0x00,0x80,0x04,0xA4,0x08,
  0x20,0x0A,0xA8,0x00,0x04,0x00,0xA0,0x4A,0x83,0xFF,0xDD,0xDF,
  0xFF,0xFF,0xDF,0xF4,0x22,0x08,0x44,0x80,0x08,0x08,0x08,0x84,
  0x00,0x02,0x24,0x08,0x00,0xA4,0x04,0xA0,0x8A,0x92,0x95,0xAB,
  0xED,0xC0,0x00,0x00,0x00,0x00,0x00,0x00,0x81,0x00,0x90,0x00,
  0x88,0x12,0x22,0x01,0x61,0x56,0x02,0x00,0x20,0xF2,0x88,0x15,
  0x50,0xA0,0x51,0x4A,0x25,0x50,0x01,0x21,0x0A,0xA0,0x05,0x4A,
  0x52,0xA8,0x16,0xA0,0x7F,0xFB,0xFF,0xFF,0xFB,0xFF,0x7F,0xD5,
  0x04,0x41,0x10,0x24,0x40,0x20,0x00,0x10,0x42,0x08,0x00,0x20,
  0x88,0x21,0x54,0x14,0x51,0x29,0x55,0x7D,0x7F,0x00,0x00,0x00,
  0x00,0x00,0x00,0x00,0x48,0x42,0x02,0x08,0x02,0x40,0x80,0x24,
  0x7F,0xFD,0x20,0x92,0x0A,0x60,0x21,0x20,0x0A,0x09,0x04,0x20,
  0x88,0x05,0x54,0x08,0x40,0x02,0x20,0x00,0x04,0x05,0xD0,0x1F,
  0xFE,0xDF,0x77,0x7E,0xDF,0x6D,0xFA,0xF4,0xD0,0x10,0x01,0x00,
  0x00,0x00,0x82,0x00,0x08,0x40,0x92,0x82,0x22,0x24,0x05,0x45,
  0x24,0x95,0x56,0xD7,0xF8,0x00,0x00,0x00,0x00,0x00,0x00,0x00,
  0x82,0x08,0x49,0xA2,0x48,0x04,0x08,0x80,0x14,0x48,0x08,0x00,
  0xA0,0x92,0x04,0x04,0x80,0x42,0x41,0x04,0x21,0x20,0x00,0xA2,
  0x10,0x10,0x89,0x52,0x80,0xB4,0x05,0xFF,0xEF,0xFF,0xFF,0xF7,
  0xFF,0xFF,0xDF,0xBA,0x95,0x00,0x40,0x00,0x02,0x00,0x10,0x42,
  0x20,0x12,0x08,0x10,0x00,0x92,0xAC,0xA9,0x4A,0xAA,0xBB,0xBF,
  0xA0,0x00,0x00,0x00,0x00,0x00,0x00,0x00,0x50,0x91,0x00,0x00,
  0x00,0x90,0x82,0x12,0x00,0x01,0x22,0x48,0x00,0x00,0x90,0x90,
  0x21,0x08,0x10,0x10,0x80,0x01,0x02,0x00,0x42,0x4A,0xA4,0x8A,
  0xBF,0x42,0xBF,0xFB,0xFF,0xFB,0xFF,0xFD,0x6A,0xD6,0xF6,0xD5,
  0x52,0x84,0x08,0x24,0x90,0x92,0x42,0x10,0x82,0x80,0x42,0x44,
  0xAA,0x3F,0xFD,0x24,0xAA,0xAD,0xDE,0xFD,0x80,0x00,0x00,0x00,
  0x00,0x00,0x00,0x00,0x54,0x20,0x52,0x49,0x24,0x04,0x28,0x40,
  0xA5,0x24,0x00,0x02,0x8A,0x48,0x02,0x02,0x08,0x20,0x44,0x82,
  0x09,0x28,0x50,0x10,0x01,0x40,0x00,0x00,0x00,0x3F,0xFF,0xFF,
  0xBD,0xBF,0xDF,0xFF,0xDF,0x7D,0xBB,0xFA,0x8A,0xC1,0x22,0x80,
  0x04,0x00,0x08,0x84,0x10,0x29,0x10,0x11,0x00,0xBA,0xAD,0x56,
  0xAB,0x77,0x77,0xEE,0x00,0x00,0x00,0x00,0x00,0x00,0x00,0x00,
  0x35,0x4A,0x00,0x10,0x81,0x21,0x01,0x0A,0x00,0x41,0x4A,0xA8,
  0x20,0x85,0x50,0x48,0x84,0x85,0x01,0x20,0x44,0x02,0x04,0x87,
  0xFF,0xFF,0xD6,0xAD,0xBF,0xFF,0xFF,0xFF,0xFF,0xFF,0xFE,0xFF,
  0xFB,0xAB,0x56,0x96,0xFD,0x14,0x00,0x12,0xA1,0x4A,0x40,0x21,
  0x44,0x82,0x4A,0x84,0x55,0x44,0xA5,0x55,0x5D,0xBB,0xDF,0x50,
  0x00,0x00,0x00,0x00,0x00,0x00,0x00,0x00,0x1A,0x81,0x55,0x44,
  0x28,0x88,0x50,0x20,0xAA,0x14,0x10,0x02,0x8A,0x20,0x05,0x10,
  0x51,0x10,0x54,0x0A,0x21,0x50,0x90,0x7F,0xFF,0xFF,0xFF,0x55,
  0x57,0xFF,0xFF,0xDE,0xFF,0xFB,0x7B,0xDF,0xFF,0xFF,0xFF,0xFF,
  0x52,0x40,0x92,0x40,0x08,0x00,0x15,0x08,0x11,0x28,0x10,0x52,
  0x89,0x2A,0xB5,0x55,0xEB,0xDE,0xFD,0xF0,0x00,0x00,0x00,0x00,
  0x00,0x00,0x00,0x00,0x0D,0x5A,0x00,0x11,0x04,0x25,0x0A,0x8A,
  0x01,0x41,0x45,0x54,0x20,0x95,0x50,0x45,0x04,0x45,0x01,0x51,
  0x14,0x0A,0x47,0xFF,0xFF,0xFF,0xFF,0xFE,0xAF,0xFF,0xFF,0x7F,
  0xFF,0xFF,0xEF,0xF5,0x6F,0x7D,0xED,0x50,0x00,0x08,0x40,0x15,
  0x22,0x55,0x40,0xA5,0x44,0x02,0xA5,0x29,0x55,0x55,0x55,0x6E,
  0xBE,0xFF,0x40,0x28,0x00,0x00,0x00,0x00,0x00,0x00,0x00,0x00,
  0x06,0xA5,0x55,0x44,0xA2,0x82,0x60,0x40,0xA8,0x14,0x28,0x01,
  0x4A,0x00,0x0A,0x90,0xA9,0x10,0x54,0x08,0xA2,0xA1,0x2B,0xFE,
  0xDF,0x76,0xFF,0xFF,0xF5,0x5B,0x7D,0xFF,0xFF,0xFF,0xBD,0x7F,
  0xFD,0xEF,0x15,0x02,0x4A,0xA2,0x15,0x40,0x88,0x80,0x14,0x10,
  0x12,0xA9,0x15,0x4A,0xAA,0xDB,0x5B,0xBB,0xEF,0xE8,0x00,0x00,
  0x00,0x00,0x00,0x00,0x00,0x00,0x00,0x00,0x03,0xD9,0x49,0x29,
  0x14,0x54,0xAA,0x95,0x05,0x42,0x92,0xB4,0x21,0x55,0x50,0x4A,
  0x10,0xA5,0x09,0x52,0x48,0x4A,0x5B,0xEF,0xF5,0xDF,0xB7,0xFB,
  0xFF,0xFF,0xEF,0xFF,0xFD,0xFF,0xFF,0xD6,0xD7,0xB5,0x6A,0x91,
  0x10,0x09,0x40,0x2A,0x22,0x2A,0xA2,0xA5,0x48,0x94,0xD5,0x55,
  0x5B,0x6A,0xEE,0xEF,0x7E,0x80,0x00,0x00,0x00,0x00,0x00,0x00,
  0x00,0x00,0x00,0x00,0x00,0xEE,0xAA,0x44,0x42,0x12,0x51,0x22,
  0x50,0x94,0x49,0x45,0x4A,0x49,0x25,0x22,0xA5,0x12,0xA5,0x25,
  0x25,0x29,0x15,0xB4,0x9B,0x6A,0xFD,0x6F,0xFF,0xED,0xFF,0xFB,
  0xF7,0xDF,0xFF,0xFF,0xFE,0xFF,0xFA,0x88,0x45,0x44,0x2A,0x81,
  0x49,0x01,0x12,0x49,0x2A,0xAA,0xAA,0xB6,0xED,0x5D,0xBB,0xBD,
  0xF4,0x00,0x00,0x00,0x00,0x00,0x00,0x00,0x00,0x00,0x00,0x00,
  0x00,0x3B,0x55,0x2A,0xA9,0x49,0x24,0x94,0x8A,0x52,0xA4,0x92,
  0x29,0x24,0x92,0x94,0x94,0xA8,0x92,0x92,0x95,0x4A,0x41,0xD5,
  0x4A,0xBD,0xAB,0xBF,0x7F,0xFF,0x77,0x6F,0xBF,0xFD,0xFF,0xFF,
  0xFF,0xD4,0x00,0x25,0x20,0x92,0x84,0xAA,0x24,0xB4,0xA9,0x25,
  0x55,0x55,0x56,0xDB,0x55,0xEF,0xEF,0xFF,0x80,0x00,0x00,0x00,
  0x00,0x00,0x00,0x00,0x00,0x00,0x00,0x00,0x00,0x0E,0xD5,0x52,
  0x4A,0xA4,0x92,0x42,0x55,0x4A,0x5A,0x49,0x44,0x95,0x4A,0x52,
  0x52,0x95,0x54,0xAA,0x52,0x25,0x34,0xAA,0x57,0xD7,0x7E,0xED,
  0xDF,0xFD,0xDF,0xFF,0xFF,0x7F,0xFF,0x7F,0x76,0x52,0x82,0x00,
  0x95,0x29,0x52,0x49,0x55,0x4A,0x95,0x5A,0xAA,0xAB,0x6B,0x55,
  0x7E,0xB5,0x7D,0xEC,0x00,0x00,0x00,0x00,0x00,0x00,0x00,0x00,
  0x00,0x00,0x00,0x00,0x00,0x03,0xFA,0xAA,0xA9,0x2A,0xAA,0xAA,
  0xA4,0xA9,0x29,0x55,0x55,0x52,0xA9,0x55,0x55,0x55,0x55,0x55,
  0x5B,0xFF,0xF0,0xED,0xED,0x7D,0xEB,0xFF,0xF6,0xFF,0xFB,0x7D,
  0xED,0xF7,0xF7,0xFB,0xFF,0xAB,0xFF,0xFF,0xED,0x54,0x29,0x2A,
  0x92,0xAA,0xAA,0xAA,0xDB,0x75,0xBA,0xEF,0xAB,0xFF,0xFF,0xF8,
  0x00,0x00,0x00,0x00,0x00,0x00,0x00,0x00,0x00,0x00,0x00,0x00,
  0x00,0x00,0xAF,0x6A,0xA5,0x55,0x25,0x2A,0x55,0x55,0xB5,0x55,
  0x2A,0xAA,0x56,0xAA,0xAA,0xAA,0xAA,0xBF,0xFF,0xFF,0xF1,0xBF,
  0x7F,0xFF,0xFF,0xB6,0xDF,0xFE,0xDF,0xEF,0x7F,0xFF,0xBF,0xDF,
  0xB5,0x95,0xFF,0xFF,0xFF,0xFF,0xFF,0xD5,0x55,0x55,0x55,0xAD,
  0x6D,0xAE,0xD7,0x5A,0xFF,0x6F,0xE8,0x00,0x00,0x00,0x00,0x00,
  0x00,0x00,0x00,0x00,0x00,0x00,0x00,0x00,0x00,0x00,0x3B,0xB5,
  0x5A,0xA4,0xAA,0xAA,0xAA,0xAA,0x5A,0xAA,0xD5,0x55,0xAA,0xAA,
  0xAA,0xB7,0xFF,0xFF,0xFF,0xFF,0xF0,0xF7,0xFF,0xEF,0xBF,0xFF,
  0xFF,0xBF,0xFD,0xBD,0xFF,0xFF,0xFD,0xFB,0xFF,0xFF,0xFF,0xFF,
  0xFF,0xFF,0xFF,0xFF,0xFF,0x6A,0xB6,0xB5,0xAA,0xDB,0x6D,0xFF,
  0xDB,0xFE,0x80,0x00,0x00,0x00,0x00,0x00,0x00,0x00,0x00,0x00,
  0x00,0x00,0x00,0x00,0x00,0x00,0x06,0xDE,0xD6,0xB6,0xAA,0xAD,
  0x55,0x55,0xAD,0x5A,0xAA,0xAD,0x55,0x6F,0xFF,0xFF,0xFF,0xFF,
  0xFF,0xFF,0xF0,0xFF,0xDB,0xBE,0xFD,0xFF,0xFB,0xFF,0xB7,0xFF,
  0xEF,0xFF,0xFF,0xFF,0xFF,0xFF,0xFF,0xFF,0xFF,0xFF,0xFF,0xFF,
  0xFF,0xFF,0xFA,0xD6,0xDF,0x6D,0xFF,0x6F,0x7F,0xE8,0x00,0x00,
  0x00,0x00,0x00,0x00,0x00,0x00,0x00,0x00,0x00,0x00,0x00,0x00,
  0x00,0x00,0x01,0xF7,0x6B,0x55,0xB5,0x55,0xAA,0xAA,0xB5,0xAD,
  0x5D,0xDF,0xFF,0xFF,0xFF,0xFF,0xFF,0xFD,0xFF,0xFF,0xF1,0xFD,
  0xFF,0xFF,0xFF,0xDD,0xDF,0xFF,0xFF,0xF7,0xFF,0xFF,0xFF,0xFF,
  0xFF,0xEE,0xFF,0xFF,0xFF,0xFF,0xFF,0xFF,0xFF,0xFF,0xFF,0xFD,
  0xB5,0xFF,0x5B,0xFB,0xFE,0x00,0x00,0x00,0x00,0x00,0x00,0x00,
  0x00,0x00,0x00,0x00,0x00,0x00,0x00,0x00,0x00,0x00,0x00,0x3D,
  0xFD,0xEE,0xDE,0xFB,0x77,0x7F,0xDF,0xFF,0xFF,0xFF,0xFF,0xFF,
  0xFF,0xFF,0xBF,0xFF,0xFF,0xFF,0xF0,0xEF,0xFF,0xFF,0xF7,0xFF,
  0xFF,0xFB,0xFF,0xFF,0xFF,0xFF,0xFF,0xFF,0xFF,0xFF,0xFF,0xFF,
  0xFF,0xFF,0xFF,0xFF,0xFF,0xFF,0xFF,0xFF,0xFF,0x57,0xFF,0x7F,
  0xC0,0x00,0x00,0x00,0x00,0x00,0x00,0x00,0x00,0x00,0x00,0x00,
  0x00,0x00,0x00,0x00,0x00,0x00,0x00,0x07,0xFF,0xFF,0xFF,0xFF,
  0xFF,0xFF,0xFF,0xFF,0xFF,0xFF,0xFF,0xFF,0xFF,0xFF,0xFF,0xFF,
  0xFF,0xF7,0xF0,0xFF,0xEF,0xFF,0xFF,0xFF,0xFF,0x7F,0x7F,0xFF,
  0xFF,0xFF,0xFF,0xFF,0xFF,0xFF,0xFB,0xBD,0xFF,0xFF,0xFE,0xFF,
  0xFF,0xFF,0xFF,0xFF,0xFF,0xFD,0xDD,0xEA,0x00,0x00,0x00,0x00,
  0x00,0x00,0x00,0x00,0x00,0x00,0x00,0x00,0x00,0x00,0x00,0x00,
  0x00,0x00,0x00,0x00,0xBF,0xFF,0xFF,0xFF,0xFF,0xFF,0xFF,0xFF,
  0xFF,0xFF,0xFF,0xFF,0xFF,0xFF,0xFF,0xFF,0xFF,0xBF,0xF1,0xFF,
  0x7E,0xEE,0xFF,0xFF,0xFF,0xFD,0xDF,0xFF,0xFF,0xFF,0xFF,0xFF,
  0xFF,0xFF,0xFF,0xFF,0xFF,0xFF,0xFF,0xFF,0xFF,0xFF,0xFF,0xFF,
  0xFF,0xFF,0xFF,0x00,0x00,0x00,0x00,0x00,0x00,0x00,0x00,0x00,
  0x00,0x00,0x00,0x00,0x00,0x00,0x00,0x00,0x00,0x00,0x00,0x00,
  0x0F,0xFF,0xFF,0xFF,0xFF,0xFF,0xFF,0xFF,0xFF,0xFF,0xFF,0xFF,
  0xFF,0xFF,0xFF,0xFF,0xFE,0xFF,0xF2,0xF7,0xFF,0xFF,0xFE,0xEE,
  0xFB,0xF6,0x2F,0x7F,0xFF,0xFF,0xFF,0xFF,0xFE,0xFF,0xDF,0xFF,
  0xFF,0xFF,0xFF,0xFF,0xFF,0xFF,0xFF,0xFF,0xFF,0xFF,0x40,0x00,
  0x00,0x00,0x00,0x00,0x00,0x00,0x00,0x00,0x00,0x00,0x00,0x00,
  0x00,0x00,0x00,0x00,0x00,0x00,0x00,0x00,0x00,0xBF,0xFF,0xFF,
  0xFF,0xFF,0xFF,0xFF,0xFF,0xFF,0xFF,0xFF,0xFF,0xFF,0xFF,0xFF,
  0xFF,0xFF,0xF8,0xFF,0xFF,0xFF,0xEF,0xFF,0xEF,0xFA,0x05,0xFF,
  0xFF,0xFF,0xFF,0xFF,0xFB,0xFF,0x7F,0xFF,0xFF,0xFF,0xFF,0xFF,
  0xFF,0xFF,0xFF,0xFF,0xFF,0xD0,0x00,0x00,0x00,0x00,0x00,0x00,
  0x00,0x00,0x00,0x00,0x00,0x00,0x00,0x00,0x00,0x00,0x00,0x00,
  0x00,0x00,0x00,0x00,0x00,0x07,0xFF,0xFF,0xFF,0xFF,0xFF,0xFF,
  0xFF,0xFF,0xFF,0xFF,0xFF,0xFF,0xFF,0xFF,0xFF,0xFF,0xF2,0xFF,
  0xFF,0xF7,0xFF,0xFF,0xFF,0xFF,0x43,0x7F,0xFF,0xFF,0xFF,0xF7,
  0xBF,0xF7,0xFF,0xFF,0xFF,0xFF,0xFF,0xFF,0xFF,0xFF,0xFF,0xFF,
  0xE8,0x00,0x00,0x00,0x00,0x00,0x00,0x00,0x00,0x00,0x00,0x00,
  0x00,0x00,0x00,0x00,0x00,0x00,0x00,0x00,0x00,0x00,0x00,0x00,
  0x00,0x00,0x17,0xFF,0xFF,0xFF,0xFF,0xFF,0xFF,0xFF,0xDF,0xFF,
  0xDE,0xFF,0xFF,0xFF,0xFF,0xFF,0xF4,0xFF,0xC7,0xCB,0xFF,0xFF,
  0xFF,0xFE,0xBF,0xFF,0xBF,0xDD,0xDD,0xDF,0xFF,0xFF,0xFF,0xFF,
  0xFB,0xFF,0xEF,0xFF,0xFF,0xFF,0xFF,0xA8,0x00,0x00,0x00,0x00,
  0x00,0x00,0x00,0x00,0x00,0x00,0x00,0x00,0x00,0x00,0x00,0x00,
  0x00,0x00,0x00,0x00,0x00,0x00,0x00,0x00,0x00,0x00,0x00,0x0A,
  0xFF,0xFF,0xFF,0xFF,0xFF,0xFF,0xFE,0xFF,0xFF,0xFF,0xFF,0xFF,
  0xFF,0xFF,0xFA,0xFE,0xF7,0xEB,0xFF,0xFF,0xFF,0xFF,0xF7,0xFF,
  0xFF,0xFF,0xFF,0xFF,0xFF,0xFF,0xFF,0xFF,0xFF,0xFF,0xFF,0xFF,
  0xFF,0x76,0x80,0x00,0x00,0x00,0x00,0x00,0x00,0x00,0x00,0x00,
  0x00,0x00,0x00,0x00,0x00,0x00,0x00,0x00,0x00,0x00,0x00,0x00,
  0x00,0x00,0x00,0x00,0x00,0x00,0x00,0x00,0x00,0x00,0x00,0x04,
  0x49,0x20,0xAF,0xA2,0x52,0x90,0x88,0x80,0x44,0xAA,0xAA,0xFB,
  0xCF,0xD7,0xFF,0xFF,0xFF,0xFF,0xBE,0xFF,0xFF,0xFF,0xFF,0xFF,
  0xFF,0xFE,0xAA,0x49,0x2A,0x40,0x28,0x00,0x00,0x00,0x00,0x00,
  0x00,0x00,0x00,0x00,0x00,0x00,0x00,0x00,0x00,0x00,0x00,0x00,
  0x00,0x00,0x00,0x00,0x00,0x00,0x00,0x00,0x00,0x00,0x00,0x00,
  0x00,0x00,0x00,0x00,0x00,0x00,0x00,0x00,0x00,0x00,0x05,0x80,
  0x00,0x00,0x00,0x00,0x00,0x00,0x0D,0xFF,0xFF,0x7F,0xDF,0x7B,
  0xFF,0xFD,0xFF,0xFF,0xFF,0xFF,0xFF,0xFF,0xFD,0x0F,0x00,0x00,
  0x00,0x00,0x00,0x00,0x00,0x00,0x00,0x00,0x00,0x00,0x00,0x00,
  0x00,0x00,0x00,0x00,0x00,0x00,0x00,0x00,0x00,0x00,0x00,0x00,
  0x00,0x00,0x00,0x00,0x00,0x00,0x00,0x00,0x00,0x00,0x00,0x00,
  0x00,0x00,0x00,0x00,0x00,0x00,0x03,0x80,0x00,0x00,0x00,0x00,
  0x00,0x00,0x1B,0xFF,0xFF,0xFF,0xFF,0xFF,0xFF,0xFF,0xFF,0xEB,
  0x76,0xDF,0xFF,0xDA,0xF0,0x0B,0x00,0x00,0x00,0x00,0x00,0x00,
  0x00,0x00,0x00,0x00,0x00,0x00,0x00,0x00,0x00,0x00,0x00,0x00,
  0x00,0x00,0x00,0x00,0x00,0x00,0x00,0x00,0x00,0x00,0x00,0x00,
  0x00,0x00,0x00,0x00,0x00,0x00,0x00,0x00,0x00,0x00,0x00,0x00,
  0x00,0x00,0x01,0x80,0x00,0x00,0x00,0x00,0x00,0x00,0x0E,0xFF,
  0xFF,0xFF,0xFF,0xFF,0xFF,0xFF,0xFF,0xF0,0x00,0x00,0x00,0x00,
  0x08,0x05,0x00,0x00,0x00,0x00,0x00,0x00,0x00,0x00,0x00,0x00,
  0x00,0x00,0x00,0x00,0x00,0x00,0x00,0x00,0x00,0x00,0x00,0x00,
  0x00,0x00,0x00,0x00,0x00,0x00,0x00,0x00,0x00,0x00,0x00,0x00,
  0x00,0x00,0x00,0x00,0x00,0x00,0x00,0x00,0x00,0x00,0x00,0xC0,
  0x00,0x00,0x00,0x00,0x00,0x00,0x0F,0xFF,0xFF,0xF7,0xFF,0xFF,
  0xFF,0xFF,0xFD,0x00,0x00,0x00,0x00,0x00,0x00,0x03,0x80,0x00,
  0x00,0x00,0x00,0x00,0x00,0x00,0x00,0x00,0x00,0x00,0x00,0x00,
  0x00,0x00,0x00,0x00,0x00,0x00,0x00,0x00,0x00,0x00,0x00,0x00,
  0x00,0x00,0x00,0x00,0x00,0x00,0x00,0x00,0x00,0x00,0x00,0x00,
  0x00,0x00,0x00,0x00,0x00,0x00,0x00,0xA0,0x00,0x00,0x00,0x00,
  0x00,0x00,0x0E,0xFF,0xFF,0xFF,0xFF,0xFF,0xFB,0xFF,0xE0,0x00,
  0x00,0x00,0x00,0x00,0x00,0x00,0x80,0x00,0x00,0x00,0x00,0x00,
  0x00,0x00,0x00,0x00,0x00,0x00,0x00,0x00,0x00,0x00,0x00,0x00,
  0x00,0x00,0x00,0x00,0x00,0x00,0x00,0x00,0x00,0x00,0x00,0x00,
  0x00,0x00,0x00,0x00,0x00,0x00,0x00,0x00,0x00,0x00,0x00,0x00,
  0x00,0x00,0x00,0x00,0x00,0x00,0x00,0x00,0x00,0x00,0x0F,0xFF,
  0xFF,0xFF,0xFF,0xFF,0xFF,0xFE,0x80,0x00,0x00,0x00,0x00,0x00,
  0x00,0x00,0x00,0x00,0x00,0x00,0x00,0x00,0x00,0x00,0x00,0x00,
  0x00,0x00,0x00,0x00,0x00,0x00,0x00,0x00,0x00,0x00,0x00,0x00,
  0x00,0x00,0x00,0x00,0x00,0x00,0x00,0x00,0x00,0x00,0x00,0x00,
  0x00,0x00,0x00,0x00,0x00,0x00,0x00,0x00,0x00,0x00,0x00,0x00,
  0x00,0x00,0x00,0x00,0x00,0x00,0x0F,0xFF,0xFF,0xFF,0xFF,0xFF,
  0xFF,0xF4,0x00,0x00,0x00,0x00,0x00,0x00,0x00,0x00,0x00,0x00,
  0x00,0x00,0x00,0x00,0x00,0x00,0x00,0x00,0x00,0x00,0x00,0x00,
  0x00,0x00,0x00,0x00,0x00,0x00,0x00,0x00,0x00,0x00,0x00,0x00,
  0x00,0x00,0x00,0x00,0x00,0x00,0x00,0x00,0x00,0x00,0x00,0x00,
  0x00,0x00,0x00,0x00,0x00,0x00,0x00,0x00,0x00,0x00,0x00,0x00,
  0x00,0x00,0x0F,0xFF,0xFF,0xFF,0xFF,0xFF,0xFF,0xE0,0x00,0x00,
  0x00,0x00,0x00,0x00,0x00,0x00,0x00,0x00,0x00,0x00,0x00,0x00,
  0x00,0x00,0x00,0x00,0x00,0x00,0x00,0x00,0x00,0x00,0x00,0x00,
  0x00,0x00,0x00,0x00,0x00,0x00,0x00,0x00,0x00,0x00,0x00,0x00,
  0x00,0x00,0x00,0x00,0x00,0x00,0x00,0x00,0x00,0x00,0x00,0x00,
  0x00,0x00,0x00,0x00,0x00,0x00,0x00,0x00,0x00,0x00,0x0D,0xFF,
  0xFF,0xFF,0xFF,0xFF,0xFF,0xC0,0x00,0x00,0x00,0x00,0x00,0x00,
  0x00,0x00,0x00,0x00,0x00,0x00,0x00,0x00,0x00,0x00,0x00,0x00,
  0x00,0x00,0x00,0x00,0x00,0x00,0x00,0x00,0x00,0x00,0x00,0x00,
  0x00,0x00,0x00,0x00,0x00,0x00,0x00,0x00,0x00,0x00,0x00,0x00,
  0x00,0x00,0x00,0x00,0x00,0x00,0x00,0x00,0x00,0x00,0x00,0x00,
  0x00,0x00,0x00,0x00,0x00,0x00,0x07,0xFF,0xFF,0xF7,0xFF,0xFF,
  0xFF,0xF8,0x00,0x00,0x00,0x00,0x00,0x00,0x00,0x00,0x00,0x00,
  0x00,0x00,0x00,0x00,0x00,0x00,0x00,0x00,0x00,0x00,0x00,0x00,
  0x00,0x00,0x00,0x00,0x00,0x00,0x00,0x00,0x00,0x00,0x00,0x00,
  0x00,0x00,0x00,0x00,0x00,0x00,0x00,0x00,0x00,0x00,0x00,0x00,
  0x00,0x00,0x00,0x00,0x00,0x00,0x00,0x00,0x00,0x00,0x00,0x00,
  0x00,0x00,0x03,0xFF,0xFF,0xFF,0xFB,0xDF,0xBF,0xE0,0x00,0x00,
  0x00,0x00,0x00,0x00,0x00,0x00,0x00,0x00,0x00,0x00,0x00,0x00,
  0x00,0x00,0x00,0x00,0x00,0x00,0x00,0x00,0x00,0x00,0x00,0x00,
  0x00,0x00,0x00,0x00,0x00,0x00,0x00,0x00,0x00,0x00,0x00,0x00,
  0x00,0x00,0x00,0x00,0x00,0x00,0x00,0x00,0x00,0x00,0x00,0x00,
  0x00,0x00,0x00,0x00,0x00,0x00,0x00,0x00,0x00,0x00,0x00,0x5F,
  0x7F,0xFF,0xFF,0xFF,0xFD,0x00,0x00,0x00,0x00,0x00,0x00,0x00,
  0x00,0x00,0x00,0x00,0x00,0x00,0x00,0x00,0x00,0x00,0x00,0x00,
  0x00,0x00,0x00,0x00,0x00,0x00,0x00,0x00,0x00,0x00,0x00,0x00,
  0x00,0x00,0x00,0x00,0x00,0x00,0x00,0x00,0x00,0x00,0x00,0x00,
  0x00,0x00,0x00,0x00,0x00,0x00,0x00,0x00,0x00,0x00,0x00,0x00,
  0x00,0x00,0x00,0x00,0x00,0x00,0x00,0x00,0xA4,0x95,0x4A,0xA8,
  0x00,0x00,0x00,0x00,0x00,0x00,0x00,0x00,0x00,0x00,0x00,0x00,
  0x00,0x00,0x00,0x00,0x00,0x00,0x00,0x00,0x00,0x00,0x00,0x00,
  0x00,0x00,0x00,0x00,0x00,0x00,0x00,0x00,0x00,0x00,0x00,0x00,
  0x00,0x00,0x00,0x00,
};
static const uint8_t branded_fft[] PROGMEM = {
  0x00,0x00,0x00,0x00,0x00,0x00,0x00,0x00,0x00,0x00,0x00,0x00,
  0x00,0x00,0x00,0x00,0x00,0x00,0x00,0x00,0x00,0x00,0x00,0x00,
  0x00,0x00,0x00,0x00,0x00,0x00,0x00,0x00,0x00,0x00,0x00,0x00,
  0x00,0x00,0x00,0x00,0x00,0x00,0x00,0x00,0x00,0x00,0x00,0x00,
  0x00,0x00,0x00,0x00,0x00,0x00,0x00,0x00,0x00,0x00,0x00,0x00,
  0x00,0x00,0x00,0x00,0x00,0x00,0x00,0x00,0x00,0x00,0x00,0x00,
  0x00,0x00,0x00,0x00,0x00,0x00,0x00,0x00,0x00,0x00,0x00,0x00,
  0x00,0x00,0x00,0x00,0x00,0x00,0x00,0x00,0x00,0x00,0x00,0x00,
  0x00,0x00,0x00,0x00,0x00,0x00,0x00,0x00,0x00,0x00,0x00,0x00,
  0x00,0x00,0x00,0x00,0x00,0x00,0x00,0x00,0x00,0x00,0x00,0x00,
  0x00,0x00,0x00,0x00,0x00,0x00,0x00,0x00,0x00,0x00,0x00,0x05,
  0xFF,0xFF,0xEA,0x00,0x00,0x00,0x00,0x00,0x00,0x00,0x00,0x00,
  0x00,0x00,0x00,0x00,0x00,0x00,0x00,0x00,0x00,0x00,0x00,0x00,
  0x00,0x00,0x00,0x00,0x00,0x00,0x00,0x00,0x00,0x00,0x00,0x00,
  0x00,0x00,0x00,0x00,0x00,0x00,0x00,0x00,0x00,0x00,0x00,0x00,
  0x00,0x00,0x00,0x00,0x00,0x00,0x00,0x00,0x00,0x00,0x00,0x00,
  0x00,0x00,0x00,0x00,0x00,0x00,0x00,0x3F,0xFF,0xFF,0xFE,0x00,
  0x00,0x00,0x00,0x00,0x00,0x00,0x00,0x00,0x00,0x00,0x00,0x00,
  0x00,0x00,0x00,0x00,0x00,0x00,0x00,0x00,0x00,0x00,0x00,0x00,
  0x00,0x00,0x00,0x00,0x00,0x00,0x00,0x00,0x00,0x00,0x00,0x00,
  0x00,0x00,0x00,0x00,0x00,0x00,0x00,0x00,0x00,0x00,0x00,0x00,
  0x00,0x00,0x00,0x00,0x00,0x00,0x00,0x00,0x00,0x00,0x00,0x00,
  0x00,0x00,0x00,0xFF,0x7F,0xFE,0xFC,0x00,0x00,0x00,0x00,0x00,
  0x00,0x00,0x00,0x00,0x00,0x00,0x00,0x00,0x00,0x00,0x00,0x00,
  0x00,0x00,0x00,0x00,0x00,0x00,0x00,0x00,0x00,0x00,0x00,0x00,
  0x00,0x00,0x00,0x00,0x00,0x00,0x00,0x00,0x00,0x00,0x00,0x00,
  0x00,0x00,0x00,0x00,0x00,0x00,0x00,0x00,0x00,0x00,0x00,0x00,
  0x00,0x00,0x00,0x00,0x00,0x00,0x00,0x00,0x00,0x00,0x01,0xDB,
  0xED,0xB7,0xFC,0x00,0x00,0x00,0x00,0x00,0x00,0x00,0x00,0x00,
  0x00,0x00,0x00,0x00,0x00,0x00,0x00,0x00,0x00,0x00,0x00,0x00,
  0x00,0x00,0x00,0x00,0x00,0x00,0x00,0x00,0x00,0x00,0x00,0x00,
  0x00,0x00,0x00,0x00,0x00,0x00,0x00,0x00,0x00,0x00,0x00,0x00,
  0x00,0x00,0x00,0x00,0x00,0x00,0x00,0x00,0x00,0x00,0x00,0x00,
  0x00,0x00,0x00,0x00,0x00,0x00,0x03,0xFF,0xFF,0xFF,0xDC,0x00,
  0x00,0x00,0x00,0x00,0x00,0x00,0x00,0x00,0x00,0x00,0x00,0x00,
  0x00,0x00,0x00,0x00,0x00,0x00,0x00,0x00,0x00,0x00,0x00,0x00,
  0x00,0x00,0x00,0x00,0x00,0x00,0x00,0x00,0x00,0x00,0x00,0x00,
  0x00,0x00,0x00,0x00,0x00,0x00,0x00,0x00,0x00,0x00,0x00,0x00,
  0x00,0x00,0x00,0x00,0x00,0x00,0x00,0x00,0x00,0x00,0x00,0x00,
  0x00,0x00,0x07,0x7F,0x7F,0xFF,0x7C,0x00,0x00,0x00,0x00,0x00,
  0x00,0x00,0x00,0x00,0x00,0x00,0x00,0x00,0x00,0x00,0x00,0x00,
  0x00,0x00,0x00,0x00,0x00,0x00,0x00,0x00,0x00,0x00,0x00,0x00,
  0x00,0x00,0x00,0x00,0x00,0x00,0x00,0x00,0x00,0x00,0x00,0x00,
  0x00,0x00,0x00,0x00,0x00,0x00,0x00,0x00,0x00,0x00,0x00,0x00,
  0x00,0x00,0x00,0x00,0x00,0x00,0x00,0x00,0x00,0x00,0x0F,0xED,
  0xF7,0xBB,0xF8,0x00,0x00,0x00,0x00,0x00,0x00,0x00,0x00,0x00,
  0x00,0x00,0x00,0x00,0x00,0x00,0x00,0x00,0x00,0x00,0x00,0x00,
  0x00,0x00,0x00,0x00,0x00,0x00,0x00,0x00,0x00,0x00,0x00,0x00,
  0x00,0x00,0x00,0x00,0x00,0x00,0x00,0x00,0x00,0x00,0x00,0x00,
  0x00,0x00,0x00,0x00,0x00,0x00,0x00,0x00,0x00,0x00,0x00,0x00,
  0x00,0x00,0x00,0x00,0x00,0x00,0x1D,0xFF,0xFE,0xFF,0xFC,0x00,
  0x00,0x00,0x00,0x00,0x00,0x00,0x00,0x00,0x00,0x00,0x00,0x00,
  0x00,0x00,0x00,0x00,0x00,0x00,0x00,0x00,0x00,0x00,0x00,0x00,
  0x00,0x00,0x00,0x00,0x00,0x00,0x00,0x00,0x00,0x00,0x00,0x00,
  0x00,0x00,0x00,0x00,0x00,0x00,0x00,0x00,0x00,0x00,0x00,0x00,
  0x00,0x00,0x00,0x00,0x00,0x00,0x00,0x00,0x00,0x00,0x00,0x00,
  0x00,0x00,0x2F,0xBF,0xDF,0xFF,0xD8,0x00,0x00,0x00,0x00,0x00,
  0x00,0x00,0x00,0x00,0x00,0x00,0x00,0x00,0x00,0x00,0x00,0x00,
  0x00,0x00,0x00,0x00,0x00,0x00,0x00,0x00,0x00,0x00,0x00,0x00,
  0x00,0x00,0x00,0x00,0x00,0x00,0x00,0x00,0x00,0x00,0x00,0x00,
  0x00,0x00,0x00,0x00,0x00,0x00,0x00,0x00,0x00,0x00,0x00,0x00,
  0x00,0x00,0x00,0x00,0x00,0x00,0x00,0x00,0x00,0x00,0x3F,0xF6,
  0xFF,0xEE,0xF8,0x00,0x00,0x00,0x00,0x00,0x00,0x00,0x00,0x00,
  0x00,0x00,0x00,0x00,0x00,0x00,0x00,0x00,0x00,0x00,0x00,0x00,
  0x00,0x00,0x00,0x00,0x00,0x00,0x00,0x00,0x00,0x00,0x00,0x00,
  0x00,0x00,0x00,0x00,0x00,0x00,0x00,0x00,0x00,0x00,0x00,0x00,
  0x00,0x00,0x00,0x00,0x00,0x00,0x00,0x00,0x00,0x00,0x00,0x00,
  0x00,0x00,0x00,0x00,0x00,0x00,0xBD,0xFF,0xFB,0xBF,0xF0,0x00,
  0x00,0x00,0x00,0x00,0x00,0x00,0x00,0x00,0x00,0x00,0x00,0x00,
  0x00,0x00,0x00,0x00,0x00,0x00,0x00,0x00,0x00,0x00,0x00,0x00,
  0x00,0x00,0x00,0x00,0x00,0x00,0x00,0x00,0x00,0x00,0x00,0x00,
  0x00,0x00,0x00,0x00,0x00,0x00,0x00,0x00,0x00,0x00,0x00,0x00,
  0x00,0x00,0x00,0x00,0x00,0x00,0x00,0x00,0x00,0x00,0x00,0x00,
  0x00,0x00,0xF7,0xBF,0xDF,0xFF,0xD8,0x00,0x00,0x00,0x00,0x00,
  0x00,0x00,0x00,0x00,0x00,0x00,0x00,0x00,0x00,0x00,0x00,0x00,
  0x00,0x00,0x00,0x00,0x00,0x00,0x00,0x00,0x00,0x00,0x00,0x00,
  0x00,0x00,0x00,0x00,0x00,0x00,0x00,0x00,0x00,0x00,0x00,0x00,
  0x00,0x00,0x00,0x00,0x00,0x00,0x00,0x00,0x00,0x00,0x00,0x00,
  0x00,0x00,0x00,0x00,0x00,0x00,0x00,0x00,0x00,0x01,0xFF,0xF6,
  0xFE,0xFB,0x70,0x00,0x00,0x00,0x00,0x00,0x00,0x00,0x00,0x00,
  0x00,0x00,0x00,0x00,0x00,0x00,0x00,0x00,0x00,0x00,0x00,0x00,
  0x00,0x00,0x00,0x00,0x00,0x00,0x00,0x00,0x00,0x00,0x00,0x00,
  0x00,0x00,0x00,0x00,0x00,0x00,0x00,0x00,0x00,0x00,0x00,0x00,
  0x00,0x00,0x00,0x00,0x00,0x00,0x00,0x00,0x00,0x00,0x00,0x00,
  0x00,0x00,0x00,0x00,0x00,0x01,0xBD,0xDF,0xFB,0xEF,0xF0,0x00,
  0x00,0x00,0x00,0x00,0x00,0x00,0x00,0x00,0x00,0x00,0x00,0x00,
  0x00,0x00,0x00,0x00,0x00,0x00,0x00,0x00,0x00,0x00,0x00,0x00,
  0x00,0x00,0x00,0x00,0x00,0x00,0x00,0x00,0x00,0x00,0x00,0x00,
  0x00,0x00,0x00,0x00,0x00,0x00,0x00,0x00,0x00,0x00,0x00,0x00,
  0x00,0x00,0x00,0x00,0x00,0x00,0x00,0x00,0x00,0x00,0x00,0x00,
  0x00,0x07,0xEF,0x7F,0xBF,0xFF,0xF0,0x00,0x00,0x00,0x00,0x00,
  0x00,0x00,0x00,0x00,0x00,0x00,0x00,0x00,0x00,0x00,0x00,0x00,
  0x00,0x00,0x00,0x00,0x00,0x00,0x00,0x00,0x00,0x00,0x00,0x00,
  0x00,0x00,0x00,0x00,0x00,0x00,0x00,0x00,0x00,0x00,0x00,0x00,
  0x00,0x00,0x00,0x00,0x00,0x00,0x00,0x00,0x00,0x00,0x00,0x00,
  0x00,0x00,0x00,0x00,0x00,0x00,0x00,0x00,0x00,0x06,0xFF,0xFB,
  0xFF,0x7D,0xE0,0x00,0x00,0x00,0x00,0x00,0x00,0x00,0x00,0x00,
  0x00,0x00,0x00,0x00,0x00,0x00,0x00,0x00,0x00,0x00,0x00,0x00,
  0x00,0x00,0x00,0x00,0x00,0x00,0x00,0x00,0x00,0x00,0x00,0x00,
  0x00,0x00,0x00,0x00,0x00,0x00,0x00,0x00,0x00,0x00,0x00,0x00,
  0x00,0x00,0x00,0x00,0x00,0x00,0x00,0x00,0x00,0x00,0x00,0x00,
  0x00,0x00,0x00,0x00,0x00,0x0F,0xB6,0xEF,0x6D,0xEF,0xA0,0x00,
  0x00,0x00,0x00,0x00,0x00,0x00,0x00,0x00,0x00,0x00,0x00,0x00,
  0x00,0x00,0x00,0x00,0x00,0x00,0x00,0x00,0x00,0x00,0x00,0x00,
  0x00,0x00,0x00,0x00,0x00,0x00,0x00,0x00,0x00,0x00,0x00,0x00,
  0x00,0x00,0x00,0x00,0x00,0x00,0x00,0x00,0x00,0x00,0x00,0x00,
  0x00,0x00,0x00,0x00,0x00,0x00,0x00,0x00,0x00,0x00,0x00,0x00,
  0x00,0x1B,0xFF,0xFF,0xFF,0xFF,0xE0,0x00,0x00,0x00,0x00,0x00,
  0x00,0x00,0x00,0x00,0x00,0x00,0x00,0x00,0x00,0x00,0x00,0x00,
  0x00,0x00,0x00,0x00,0x00,0x00,0x00,0x00,0x00,0x00,0x00,0x00,
  0x00,0x00,0x00,0x00,0x00,0x00,0x00,0x00,0x00,0x00,0x00,0x00,
  0x00,0x00,0x00,0x00,0x00,0x00,0x00,0x00,0x00,0x00,0x00,0x00,
  0x00,0x00,0x00,0x00,0x00,0x00,0x00,0x00,0x00,0x3E,0xDB,0xBD,
  0xFF,0xBB,0xE0,0x00,0x00,0x00,0x00,0x00,0x00,0x00,0x00,0x00,
  0x00,0x00,0x00,0x00,0x00,0x00,0x00,0x00,0x00,0x00,0x00,0x00,
  0x00,0x00,0x00,0x00,0x00,0x00,0x00,0x00,0x00,0x00,0x00,0x00,
  0x00,0x00,0x00,0x00,0x00,0x00,0x00,0x00,0x00,0x00,0x00,0x00,
  0x00,0x00,0x00,0x00,0x00,0x00,0x00,0x00,0x00,0x00,0x00,0x00,
  0x00,0x00,0x00,0x00,0x00,0x37,0xFE,0xF7,0xB6,0xFF,0x40,0x00,
  0x00,0x00,0x00,0x00,0x00,0x00,0x00,0x00,0x00,0x00,0x00,0x00,
  0x00,0x00,0x00,0x00,0x00,0x00,0x00,0x00,0x00,0x00,0x00,0x00,
  0x00,0x00,0x00,0x00,0x00,0x00,0x00,0x00,0x00,0x00,0x00,0x00,
  0x00,0x00,0x00,0x00,0x00,0x00,0x00,0x00,0x00,0x00,0x00,0x00,
  0x00,0x00,0x00,0x00,0x00,0x00,0x00,0x00,0x00,0x00,0x00,0x00,
  0x00,0xFF,0x6F,0xFF,0xFF,0xF7,0xC0,0x00,0x00,0x00,0x00,0x00,
  0x00,0x00,0x00,0x00,0x00,0x00,0x00,0x00,0x00,0x00,0x00,0x00,
  0x00,0x00,0x00,0x00,0x00,0x00,0x00,0x00,0x00,0x00,0x00,0x00,
  0x00,0x00,0x00,0x00,0x00,0x00,0x00,0x00,0x00,0x00,0x00,0x00,
  0x00,0x00,0x00,0x00,0x00,0x00,0x00,0x00,0x00,0x00,0x00,0x00,
  0x00,0x00,0x00,0x00,0x00,0x00,0x00,0x00,0x00,0xB5,0xFD,0xBB,
  0x6F,0xDF,0xC0,0x00,0x00,0x00,0x00,0x00,0x00,0x00,0x00,0x00,
  0x00,0x00,0x00,0x00,0x00,0x00,0x00,0x00,0x00,0x00,0x00,0x00,
  0x00,0x00,0x00,0x00,0x00,0x00,0x00,0x00,0x00,0x00,0x00,0x00,
  0x00,0x00,0x00,0x00,0x00,0x00,0x00,0x00,0x00,0x00,0x00,0x00,
  0x00,0x00,0x00,0x00,0x00,0x00,0x00,0x00,0x00,0x00,0x00,0x00,
  0x00,0x00,0x00,0x00,0x01,0xFF,0xB7,0xEF,0xFD,0x7D,0x80,0x00,
  0x00,0x00,0x00,0x00,0x00,0x00,0x00,0x00,0x00,0x00,0x00,0x00,
  0x00,0x00,0x00,0x00,0x00,0x00,0x00,0x00,0x00,0x00,0x00,0x00,
  0x00,0x00,0x00,0x00,0x00,0x00,0x00,0x00,0x00,0x00,0x00,0x00,
  0x00,0x00,0x00,0x00,0x00,0x00,0x00,0x00,0x00,0x00,0x00,0x00,
  0x00,0x00,0x00,0x00,0x00,0x00,0x00,0x00,0x00,0x00,0x00,0x00,
  0x01,0x5B,0xFF,0xBE,0xF7,0xFF,0xC0,0x00,0x00,0x00,0x00,0x00,
  0x00,0x00,0x00,0x00,0x00,0x00,0x00,0x00,0x00,0x00,0x00,0x00,
  0x00,0x00,0x00,0x00,0x00,0x00,0x00,0x00,0x00,0x00,0x00,0x00,
  0x00,0x00,0x00,0x00,0x00,0x00,0x00,0x00,0x00,0x00,0x00,0x00,
  0x00,0x00,0x00,0x00,0x00,0x00,0x00,0x00,0x00,0x00,0x00,0x00,
  0x00,0x00,0x00,0x00,0x00,0x00,0x00,0x00,0x04,0x7E,0xDA,0xFB,
  0xA1,0xEE,0x80,0x00,0x00,0x00,0x00,0x00,0x00,0x00,0x00,0x00,
  0x00,0x00,0x00,0x00,0x00,0x00,0x00,0x00,0x00,0x00,0x00,0x00,
  0x00,0x00,0x00,0x00,0x00,0x00,0x00,0x00,0x00,0x00,0x00,0x00,
  0x00,0x00,0x00,0x00,0x00,0x00,0x00,0x00,0x00,0x00,0x00,0x00,
  0x00,0x00,0x00,0x00,0x00,0x00,0x00,0x00,0x00,0x00,0x00,0x00,
  0x00,0x00,0x00,0x00,0x07,0x97,0xFF,0xEF,0x9C,0xFB,0x80,0x00,
  0x00,0x00,0x00,0x00,0x00,0x00,0x00,0x00,0x00,0x00,0x00,0x00,
  0x00,0x00,0x00,0x00,0x00,0x00,0x00,0x00,0x00,0x00,0x00,0x00,
  0x00,0x00,0x00,0x00,0x00,0x00,0x00,0x00,0x00,0x00,0x00,0x00,
  0x00,0x00,0x00,0x00,0x00,0x00,0x00,0x00,0x00,0x00,0x00,0x00,
  0x00,0x00,0x00,0x00,0x00,0x00,0x00,0x00,0x00,0x00,0x00,0x00,
  0x0D,0x5D,0x6F,0x7E,0xF6,0x6F,0x80,0x00,0x00,0x00,0x00,0x00,
  0x00,0x00,0x00,0x00,0x00,0x00,0x00,0x00,0x00,0x00,0x00,0x00,
  0x00,0x00,0x00,0x00,0x00,0x00,0x00,0x00,0x00,0x00,0x00,0x00,
  0x00,0x00,0x00,0x00,0x00,0x00,0x00,0x00,0x00,0x00,0x00,0x00,
  0x00,0x00,0x00,0x00,0x00,0x00,0x00,0x00,0x00,0x00,0x00,0x00,
  0x00,0x00,0x00,0x00,0x00,0x00,0x00,0x00,0x1B,0xEF,0xFB,0xEE,
  0xDF,0xBF,0x00,0x00,0x00,0x00,0x00,0x00,0x00,0x00,0x00,0x00,
  0x00,0x00,0x00,0x00,0x00,0x00,0x00,0x00,0x00,0x00,0x00,0x00,
  0x00,0x00,0x00,0x00,0x00,0x00,0x00,0x00,0x00,0x00,0x00,0x00,
  0x00,0x00,0x00,0x00,0x00,0x00,0x00,0x00,0x00,0x00,0x00,0x00,
  0x00,0x00,0x00,0x00,0x00,0x00,0x00,0x00,0x00,0x00,0x00,0x00,
  0x00,0x00,0x00,0x00,0x2F,0xE7,0x5E,0xFA,0xFE,0xFD,0x00,0x00,
  0x00,0x00,0x00,0x00,0x00,0x00,0x00,0x00,0x00,0x00,0x00,0x00,
  0x00,0x00,0x00,0x00,0x00,0x00,0x00,0x00,0x00,0x00,0x00,0x00,
  0x00,0x00,0x00,0x00,0x00,0x00,0x00,0x00,0x00,0x00,0x00,0x00,
  0x00,0x00,0x00,0x00,0x00,0x00,0x00,0x00,0x00,0x00,0x00,0x00,
  0x00,0x00,0x00,0x00,0x00,0x00,0x00,0x00,0x00,0x00,0x00,0x00,
  0x3F,0xF5,0x55,0x55,0xFF,0x5F,0x00,0x00,0x00,0x00,0x00,0x00,
  0x00,0x00,0x00,0x00,0x00,0x00,0x00,0x00,0x00,0x00,0x00,0x00,
  0x00,0x00,0x00,0x00,0x00,0x00,0x00,0x00,0x00,0x00,0x00,0x00,
  0x00,0x00,0x00,0x00,0x00,0x00,0x00,0x00,0x00,0x00,0x00,0x00,
  0x00,0x00,0x00,0x00,0x00,0x00,0x00,0x00,0x00,0x00,0x00,0x00,
  0x00,0x00,0x00,0x00,0x00,0x00,0x00,0x00,0xAF,0xF8,0x81,0x17,
  0xFF,0xB7,0x00,0x00,0x00,0x00,0x00,0x00,0x00,0x00,0x00,0x00,
  0x00,0x00,0x00,0x00,0x00,0x00,0x00,0x00,0x00,0x00,0x00,0x00,
  0x00,0x00,0x00,0x00,0x00,0x00,0x00,0x00,0x00,0x00,0x00,0x00,
  0x00,0x00,0x00,0x00,0x00,0x00,0x00,0x00,0x00,0x00,0x00,0x00,
  0x00,0x00,0x00,0x00,0x00,0x00,0x00,0x00,0x00,0x00,0x00,0x00,
  0x00,0x00,0x00,0x00,0xDF,0xE5,0x5C,0xAB,0xFF,0x7E,0x00,0x00,
  0x00,0x00,0x00,0x00,0x00,0x00,0x00,0x00,0x00,0x00,0x00,0x00,
  0x00,0x00,0x00,0x00,0x00,0x00,0x00,0x00,0x00,0x00,0x00,0x00,
  0x00,0x00,0x00,0x00,0x00,0x00,0x00,0x00,0x00,0x00,0x00,0x00,
  0x00,0x00,0x00,0x00,0x00,0x00,0x00,0x00,0x00,0x00,0x00,0x00,
  0x00,0x00,0x00,0x00,0x00,0x00,0x00,0x00,0x00,0x00,0x00,0x01,
  0xBF,0xD4,0xAA,0xAB,0xFF,0xF6,0x00,0x00,0x00,0x00,0x00,0x00,
  0x00,0x00,0x00,0x00,0x00,0x00,0x00,0x00,0x00,0x00,0x00,0x00,
  0x00,0x00,0x00,0x00,0x00,0x00,0x00,0x00,0x00,0x00,0x00,0x00,
  0x00,0x00,0x00,0x00,0x00,0x00,0x00,0x00,0x00,0x00,0x00,0x00,
  0x00,0x00,0x00,0x00,0x00,0x00,0x00,0x00,0x00,0x00,0x00,0x00,
  0x00,0x00,0x00,0x00,0x00,0x00,0x00,0x05,0xDF,0xAA,0x52,0x55,
  0xFE,0xBE,0x00,0x00,0x00,0x00,0x00,0x00,0x00,0x00,0x00,0x00,
  0x00,0x00,0x00,0x00,0x00,0x00,0x00,0x00,0x00,0x00,0x00,0x00,
  0x00,0x00,0x00,0x00,0x00,0x00,0x00,0x00,0x00,0x00,0x00,0x00,
  0x00,0x00,0x00,0x00,0x00,0x00,0x00,0x00,0x00,0x00,0x00,0x00,
  0x00,0x00,0x00,0x00,0x00,0x00,0x00,0x00,0x00,0x00,0x00,0x00,
  0x00,0x00,0x00,0x03,0x6F,0x21,0x29,0x2A,0xFF,0xEE,0x00,0x00,
  0x00,0x00,0x00,0x00,0x00,0x00,0x00,0x00,0x00,0x00,0x00,0x00,
  0x00,0x00,0x00,0x00,0x00,0x00,0x00,0x00,0x00,0x00,0x00,0x00,
  0x00,0x00,0x00,0x00,0x00,0x00,0x00,0x00,0x00,0x00,0x00,0x00,
  0x00,0x00,0x00,0x00,0x00,0x00,0x00,0x00,0x00,0x00,0x00,0x00,
  0x00,0x00,0x00,0x00,0x00,0x00,0x00,0x00,0x00,0x00,0x00,0x0F,
  0xBE,0xAA,0x95,0x45,0x7E,0xFA,0x00,0x00,0x00,0x00,0x00,0x00,
  0x00,0x00,0x00,0x00,0x00,0x00,0x00,0x00,0x00,0x00,0x00,0x00,
  0x00,0x00,0x00,0x00,0x00,0x00,0x00,0x00,0x00,0x00,0x00,0x00,
  0x00,0x00,0x00,0x00,0x00,0x00,0x00,0x00,0x00,0x00,0x00,0x00,
  0x00,0x00,0x00,0x00,0x00,0x00,0x00,0x00,0x00,0x00,0x00,0x00,
  0x00,0x00,0x00,0x00,0x00,0x00,0x00,0x0A,0xED,0x10,0x54,0xB5,
  0x7F,0xBC,0x00,0x00,0x00,0x00,0x00,0x00,0x00,0x00,0x00,0x00,
  0x00,0x00,0x00,0x00,0x00,0x00,0x00,0x00,0x00,0x00,0x00,0x00,
  0x00,0x00,0x00,0x00,0x00,0x00,0x00,0x00,0x00,0x00,0x00,0x00,
  0x00,0x00,0x00,0x00,0x00,0x00,0x00,0x00,0x00,0x00,0x00,0x00,
  0x00,0x00,0x00,0x00,0x00,0x00,0x00,0x00,0x00,0x00,0x00,0x00,
  0x00,0x00,0x00,0x2F,0xBA,0xA6,0xAA,0x95,0x5D,0xEC,0x00,0x00,
  0x00,0x00,0x00,0x00,0x00,0x00,0x00,0x00,0x00,0x00,0x00,0x00,
  0x00,0x00,0x00,0x00,0x00,0x00,0x00,0x00,0x00,0x00,0x00,0x00,
  0x00,0x00,0x00,0x00,0x00,0x00,0x00,0x00,0x00,0x00,0x00,0x00,
  0x00,0x00,0x00,0x00,0x00,0x00,0x00,0x00,0x00,0x00,0x00,0x00,
  0x00,0x00,0x00,0x00,0x00,0x00,0x00,0x00,0x00,0x00,0x00,0x1A,
  0xD4,0x91,0x55,0x55,0x5D,0xBC,0x00,0x00,0x00,0x00,0x00,0x00,
  0x00,0x00,0x00,0x00,0x00,0x00,0x00,0x00,0x00,0x00,0x00,0x00,
  0x00,0x00,0x00,0x00,0x00,0x00,0x00,0x00,0x00,0x00,0x00,0x00,
  0x00,0x00,0x00,0x00,0x00,0x00,0x00,0x00,0x00,0x00,0x00,0x00,
  0x00,0x00,0x00,0x00,0x00,0x00,0x00,0x00,0x00,0x00,0x00,0x00,
  0x00,0x00,0x00,0x00,0x00,0x00,0x00,0x7F,0x55,0x4A,0x49,0x4A,
  0xB6,0xF4,0x00,0x00,0x00,0x00,0x00,0x00,0x00,0x00,0x00,0x00,
  0x00,0x00,0x00,0x00,0x00,0x00,0x00,0x00,0x00,0x00,0x00,0x00,
  0x00,0x00,0x00,0x00,0x00,0x00,0x00,0x00,0x00,0x00,0x00,0x00,
  0x00,0x00,0x00,0x00,0x00,0x00,0x00,0x00,0x00,0x00,0x00,0x00,
  0x00,0x00,0x00,0x00,0x00,0x00,0x00,0x00,0x00,0x00,0x00,0x00,
  0x00,0x00,0x00,0xAA,0xAA,0x95,0x54,0xAA,0xAD,0xD8,0x00,0x00,
  0x00,0x00,0x00,0x00,0x00,0x00,0x00,0x00,0x00,0x00,0x00,0x00,
  0x00,0x00,0x00,0x00,0x00,0x00,0x00,0x00,0x00,0x00,0x00,0x00,
  0x00,0x00,0x00,0x00,0x00,0x00,0x00,0x00,0x00,0x00,0x00,0x00,
  0x00,0x00,0x00,0x00,0x00,0x00,0x00,0x00,0x00,0x00,0x00,0x00,
  0x00,0x00,0x00,0x00,0x00,0x00,0x00,0x00,0x00,0x00,0x00,0xFF,
  0xA5,0x56,0xB6,0x95,0xAD,0xB8,0x00,0x00,0x00,0x00,0x00,0x00,
  0x00,0x00,0x00,0x00,0x00,0x00,0x00,0x00,0x00,0x00,0x00,0x00,
  0x00,0x00,0x00,0x00,0x00,0x00,0x00,0x00,0x00,0x00,0x00,0x00,
  0x00,0x00,0x00,0x00,0x00,0x00,0x00,0x00,0x00,0x00,0x00,0x00,
  0x00,0x00,0x00,0x00,0x00,0x00,0x00,0x00,0x00,0x00,0x00,0x00,
  0x00,0x00,0x00,0x00,0x00,0x00,0x02,0xAA,0xAA,0xAF,0xAB,0x76,
  0xB6,0xF0,0x00,0x00,0x00,0x00,0x00,0x00,0x00,0x00,0x00,0x00,
  0x00,0x00,0x00,0x00,0x00,0x00,0x00,0x00,0x00,0x00,0x00,0x00,
  0x00,0x00,0x00,0x00,0x00,0x00,0x00,0x00,0x00,0x00,0x00,0x00,
  0x00,0x00,0x00,0x00,0x00,0x00,0x00,0x00,0x00,0x00,0x00,0x00,
  0x00,0x00,0x00,0x00,0x00,0x00,0x00,0x00,0x00,0x00,0x00,0x00,
  0x00,0x00,0x01,0xF7,0x55,0x7E,0xAB,0xED,0xD5,0xB8,0x00,0x00,
  0x00,0x00,0x00,0x00,0x00,0x00,0x00,0x00,0x00,0x00,0x00,0x00,
  0x00,0x00,0x00,0x00,0x00,0x00,0x00,0x00,0x00,0x00,0x00,0x00,
  0x00,0x00,0x00,0x00,0x00,0x00,0x00,0x00,0x00,0x00,0x00,0x00,
  0x00,0x00,0x00,0x00,0x00,0x00,0x00,0x00,0x00,0x00,0x00,0x00,
  0x00,0x00,0x00,0x00,0x00,0x00,0x00,0x00,0x00,0x00,0x07,0x5D,
  0x6B,0x7F,0x25,0xFB,0x56,0xE8,0x00,0x00,0x00,0x00,0x00,0x00,
  0x00,0x00,0x00,0x00,0x00,0x00,0x00,0x00,0x00,0x00,0x00,0x00,
  0x00,0x00,0x00,0x00,0x00,0x00,0x00,0x00,0x00,0x00,0x00,0x00,
  0x00,0x00,0x00,0x00,0x00,0x00,0x00,0x00,0x00,0x00,0x00,0x00,
  0x00,0x00,0x00,0x00,0x00,0x00,0x00,0x00,0x00,0x00,0x00,0x00,
  0x00,0x00,0x00,0x00,0x00,0x00,0x05,0xEA,0xD5,0x7C,0x97,0xFD,
  0x5A,0xF0,0x00,0x00,0x00,0x00,0x00,0x00,0x00,0x00,0x00,0x00,
  0x00,0x00,0x00,0x00,0x00,0x00,0x00,0x00,0x00,0x00,0x00,0x00,
  0x00,0x00,0x00,0x00,0x00,0x00,0x00,0x00,0x00,0x00,0x00,0x00,
  0x00,0x00,0x00,0x00,0x00,0x00,0x00,0x00,0x00,0x00,0x00,0x00,
  0x00,0x00,0x00,0x00,0x00,0x00,0x00,0x00,0x00,0x00,0x00,0x00,
  0x00,0x00,0x1E,0xBE,0xBA,0xAD,0x49,0xF5,0xEF,0x50,0x00,0x00,
  0x00,0x00,0x00,0x00,0x00,0x00,0x00,0x00,0x00,0x00,0x00,0x00,
  0x00,0x00,0x00,0x00,0x00,0x00,0x00,0x00,0x00,0x00,0x00,0x00,
  0x00,0x00,0x00,0x00,0x00,0x00,0x00,0x00,0x00,0x00,0x00,0x00,
  0x00,0x00,0x00,0x00,0x00,0x00,0x00,0x00,0x00,0x00,0x00,0x00,
  0x00,0x00,0x00,0x00,0x00,0x00,0x00,0x00,0x00,0x00,0x0B,0x6A,
  0xED,0xBD,0x2A,0xD6,0xF6,0xB0,0x00,0x00,0x00,0x00,0x00,0x00,
  0x00,0x00,0x00,0x00,0x00,0x00,0x00,0x00,0x00,0x00,0x00,0x00,
  0x00,0x00,0x00,0x00,0x00,0x00,0x00,0x00,0x00,0x00,0x00,0x00,
  0x00,0x00,0x00,0x00,0x00,0x00,0x00,0x00,0x00,0x00,0x00,0x00,
  0x00,0x00,0x00,0x00,0x00,0x00,0x00,0x00,0x00,0x00,0x00,0x00,
  0x00,0x00,0x00,0x00,0x00,0x00,0x35,0xB5,0x6E,0xFA,0x95,0x7B,
  0x5E,0xE0,0x00,0x00,0x00,0x00,0x00,0x00,0x00,0x00,0x00,0x00,
  0x00,0x00,0x00,0x00,0x00,0x00,0x00,0x00,0x00,0x00,0x00,0x00,
  0x00,0x00,0x00,0x00,0x00,0x00,0x00,0x00,0x00,0x00,0x00,0x00,
  0x00,0x00,0x00,0x00,0x00,0x00,0x00,0x00,0x00,0x00,0x00,0x00,
  0x00,0x00,0x00,0x00,0x00,0x00,0x00,0x00,0x00,0x00,0x00,0x00,
  0x00,0x00,0x5E,0xDD,0xB5,0xA9,0x45,0xF7,0xF7,0x60,0x00,0x00,
  0x00,0x00,0x00,0x00,0x00,0x00,0x00,0x00,0x00,0x00,0x00,0x00,
  0x00,0x00,0x00,0x00,0x00,0x00,0x00,0x00,0x00,0x00,0x00,0x00,
  0x00,0x00,0x00,0x00,0x00,0x00,0x00,0x00,0x00,0x00,0x00,0x00,
  0x00,0x00,0x00,0x00,0x00,0x00,0x00,0x00,0x00,0x00,0x00,0x00,
  0x00,0x00,0x00,0x00,0x00,0x00,0x00,0x00,0x00,0x00,0xB5,0xB5,
  0x6F,0xFC,0x2A,0xDD,0x5D,0x40,0x00,0x00,0x00,0x00,0x00,0x00,
  0x00,0x00,0x00,0x00,0x00,0x00,0x00,0x00,0x00,0x00,0x00,0x00,
  0x00,0x00,0x00,0x00,0x00,0x00,0x00,0x00,0x00,0x00,0x00,0x00,
  0x00,0x00,0x00,0x00,0x00,0x00,0x00,0x00,0x00,0x00,0x00,0x00,
  0x00,0x00,0x00,0x00,0x00,0x00,0x00,0x00,0x00,0x00,0x00,0x00,
  0x00,0x00,0x00,0x00,0x00,0x00,0xD6,0xDA,0xEA,0xB3,0x4A,0xFF,
  0xEF,0x60,0x00,0x00,0x00,0x00,0x00,0x00,0x00,0x00,0x00,0x00,
  0x00,0x00,0x00,0x00,0x00,0x00,0x00,0x00,0x00,0x00,0x00,0x00,
  0x00,0x00,0x00,0x00,0x00,0x00,0x00,0x00,0x00,0x00,0x00,0x00,
  0x00,0x00,0x00,0x00,0x00,0x00,0x00,0x00,0x00,0x00,0x00,0x00,
  0x00,0x00,0x00,0x00,0x00,0x00,0x00,0x00,0x00,0x00,0x00,0x00,
  0x00,0x02,0xBB,0x6B,0xBF,0xE8,0xA5,0xF6,0xBF,0x40,0x00,0x00,
  0x00,0x00,0x00,0x00,0x00,0x00,0x00,0x00,0x00,0x00,0x00,0x00,
  0x00,0x00,0x00,0x00,0x00,0x00,0x00,0x00,0x00,0x00,0x00,0x00,
  0x00,0x00,0x00,0x00,0x00,0x00,0x00,0x00,0x00,0x00,0x00,0x00,
  0x00,0x00,0x00,0x00,0x00,0x00,0x00,0x00,0x00,0x00,0x00,0x00,
  0x00,0x00,0x00,0x00,0x00,0x00,0x00,0x00,0x00,0x01,0xD5,0xAA,
  0xF6,0xAD,0x2A,0xBF,0xDB,0x40,0x00,0x00,0x00,0x00,0x00,0x00,
  0x00,0x00,0x00,0x00,0x00,0x00,0x00,0x00,0x00,0x00,0x00,0x00,
  0x00,0x00,0x00,0x00,0x00,0x00,0x00,0x00,0x00,0x00,0x00,0x00,
  0x00,0x00,0x00,0x00,0x00,0x00,0x00,0x00,0x00,0x00,0x00,0x00,
  0x00,0x00,0x00,0x00,0x00,0x00,0x00,0x00,0x00,0x00,0x00,0x00,
  0x00,0x00,0x00,0x00,0x00,0x06,0xAE,0xB5,0x7F,0xD6,0xF5,0xDA,
  0xFE,0xC0,0x00,0x00,0x00,0x00,0x00,0x00,0x00,0x00,0x00,0x00,
  0x00,0x00,0x00,0x00,0x00,0x00,0x00,0x00,0x00,0x00,0x00,0x00,
  0x00,0x00,0x00,0x00,0x00,0x00,0x00,0x00,0x00,0x00,0x00,0x00,
  0x00,0x00,0x00,0x00,0x00,0x00,0x00,0x00,0x00,0x00,0x00,0x00,
  0x00,0x00,0x00,0x00,0x00,0x00,0x00,0x00,0x00,0x00,0x00,0x00,
  0x00,0x0B,0x55,0x56,0xEB,0x6B,0xFA,0xBF,0xDF,0x40,0x00,0x00,
  0x00,0x00,0x00,0x00,0x00,0x00,0x00,0x00,0x00,0x00,0x00,0x00,
  0x00,0x00,0x00,0x00,0x00,0x00,0x00,0x00,0x00,0x00,0x00,0x00,
  0x00,0x00,0x00,0x00,0x00,0x00,0x00,0x00,0x00,0x00,0x00,0x00,
  0x00,0x00,0x00,0x00,0x00,0x00,0x00,0x00,0x00,0x00,0x00,0x00,
  0x00,0x00,0x00,0x00,0x00,0x00,0x00,0x00,0x00,0x0D,0x6A,0xA3,
  0xFF,0xAF,0xFE,0xEE,0xFD,0x80,0x00,0x00,0x00,0x00,0x00,0x00,
  0x00,0x00,0x00,0x00,0x00,0x00,0x00,0x00,0x00,0x00,0x00,0x00,
  0x00,0x00,0x00,0x00,0x00,0x00,0x00,0x00,0x00,0x00,0x00,0x00,
  0x00,0x00,0x00,0x00,0x00,0x00,0x00,0x00,0x00,0x00,0x00,0x00,
  0x00,0x00,0x00,0x00,0x00,0x00,0x00,0x00,0x00,0x00,0x00,0x00,
  0x00,0x00,0x00,0x00,0x00,0x2B,0xAA,0x9D,0x7F,0xD7,0xFA,0x7F,
  0xFF,0x40,0x00,0x00,0x00,0x00,0x00,0x00,0x00,0x00,0x00,0x00,
  0x00,0x00,0x00,0x00,0x00,0x00,0x00,0x00,0x00,0x00,0x00,0x00,
  0x00,0x00,0x00,0x00,0x00,0x00,0x00,0x00,0x00,0x00,0x00,0x00,
  0x00,0x00,0x00,0x00,0x00,0x00,0x00,0x00,0x00,0x00,0x00,0x00,
  0x00,0x00,0x00,0x00,0x00,0x00,0x00,0x00,0x00,0x00,0x00,0x00,
  0x00,0x15,0x54,0xA7,0xDB,0xB7,0xFF,0xBB,0x77,0x00,0x00,0x00,
  0x00,0x00,0x00,0x00,0x00,0x00,0x00,0x00,0x00,0x00,0x00,0x00,
  0x00,0x00,0x00,0x00,0x00,0x00,0x00,0x00,0x00,0x00,0x00,0x00,
  0x00,0x00,0x00,0x00,0x00,0x00,0x00,0x00,0x00,0x00,0x00,0x00,
  0x00,0x00,0x00,0x00,0x00,0x00,0x00,0x00,0x00,0x00,0x00,0x00,
  0x00,0x00,0x00,0x00,0x00,0x00,0x00,0x00,0x00,0x55,0x6A,0xA9,
  0x7F,0xEF,0xFA,0xFF,0xFD,0x80,0x00,0x00,0x00,0x00,0x00,0x00,
  0x00,0x00,0x00,0x00,0x00,0x00,0x00,0x00,0x00,0x00,0x00,0x00,
  0x00,0x00,0x00,0x00,0x00,0x00,0x00,0x00,0x00,0x00,0x00,0x00,
  0x00,0x00,0x00,0x00,0x00,0x00,0x00,0x00,0x00,0x00,0x00,0x00,
  0x00,0x00,0x00,0x00,0x00,0x00,0x00,0x00,0x00,0x00,0x00,0x00,
  0x00,0x00,0x00,0x00,0x00,0xA4,0xAA,0xAF,0xFD,0xF5,0xFF,0x7F,
  0xDF,0x00,0x00,0x00,0x00,0x00,0x00,0x00,0x00,0x00,0x00,0x00,
  0x00,0x00,0x00,0x00,0x00,0x00,0x00,0x00,0x00,0x00,0x00,0x00,
  0x00,0x00,0x00,0x00,0x00,0x00,0x00,0x00,0x00,0x00,0x00,0x00,
  0x00,0x00,0x00,0x00,0x00,0x00,0x00,0x00,0x00,0x00,0x00,0x00,
  0x00,0x00,0x00,0x00,0x00,0x00,0x00,0x00,0x00,0x00,0x00,0x00,
  0x00,0x92,0xAA,0xAB,0x6F,0xB7,0xFD,0xFD,0xFD,0x00,0x00,0x00,
  0x00,0x00,0x00,0x00,0x00,0x00,0x00,0x00,0x00,0x00,0x00,0x00,
  0x00,0x00,0x00,0x00,0x00,0x00,0x00,0x00,0x00,0x00,0x00,0x00,
  0x00,0x00,0x00,0x00,0x00,0x00,0x00,0x00,0x00,0x00,0x00,0x00,
  0x00,0x00,0x00,0x00,0x00,0x00,0x00,0x00,0x00,0x00,0x00,0x00,
  0x00,0x00,0x00,0x00,0x00,0x00,0x00,0x00,0x02,0xA9,0x55,0x55,
  0xDF,0xFF,0xFF,0xFF,0x6F,0x00,0x00,0x00,0x00,0x00,0x00,0x00,
  0x00,0x00,0x00,0x00,0x00,0x00,0x00,0x00,0x00,0x00,0x00,0x00,
  0x00,0x00,0x00,0x00,0x00,0x00,0x00,0x00,0x00,0x00,0x00,0x00,
  0x00,0x00,0x00,0x00,0x00,0x00,0x00,0x00,0x00,0x00,0x00,0x00,
  0x00,0x00,0x00,0x00,0x00,0x00,0x00,0x00,0x00,0x00,0x00,0x00,
  0x00,0x00,0x00,0x00,0x01,0x04,0xAA,0xAE,0xFF,0xBF,0xFF,0xFB,
  0xFF,0x00,0x00,0x00,0x00,0x00,0x00,0x00,0x00,0x00,0x00,0x00,
  0x00,0x00,0x00,0x00,0x00,0x00,0x00,0x00,0x00,0x00,0x00,0x00,
  0x00,0x00,0x00,0x00,0x00,0x00,0x00,0x00,0x00,0x00,0x00,0x00,
  0x00,0x00,0x00,0x00,0x00,0x00,0x00,0x00,0x00,0x00,0x00,0x00,
  0x00,0x00,0x00,0x00,0x00,0x00,0x00,0x00,0x00,0x00,0x00,0x00,
  0x04,0xB2,0x4A,0xAD,0xFF,0xEF,0xFF,0xFF,0xBA,0x00,0x00,0x00,
  0x00,0x00,0x00,0x00,0x00,0x00,0x00,0x00,0x00,0x00,0x00,0x00,
  0x00,0x00,0x00,0x00,0x00,0x00,0x00,0x00,0x00,0x00,0x00,0x00,
  0x00,0x00,0x00,0x00,0x00,0x00,0x00,0x00,0x00,0x00,0x00,0x00,
  0x00,0x00,0x00,0x00,0x00,0x00,0x00,0x00,0x00,0x00,0x00,0x00,
  0x00,0x00,0x00,0x00,0x00,0x00,0x00,0x00,0x0A,0x8A,0xA4,0xAF,
  0xF7,0xFF,0xFE,0xFE,0xFF,0x00,0x00,0x00,0x00,0x00,0x00,0x00,
  0x00,0x00,0x00,0x00,0x00,0x00,0x00,0x00,0x00,0x00,0x00,0x00,
  0x00,0x00,0x00,0x00,0x00,0x00,0x00,0x00,0x00,0x00,0x00,0x00,
  0x00,0x00,0x00,0x00,0x00,0x00,0x00,0x00,0x00,0x00,0x00,0x00,
  0x00,0x00,0x00,0x00,0x00,0x00,0x00,0x00,0x00,0x00,0x00,0x00,
  0x00,0x00,0x00,0x00,0x12,0x51,0x12,0x5B,0xFF,0xBF,0xFF,0xFF,
  0xFE,0x00,0x00,0x00,0x00,0x00,0x00,0x00,0x00,0x00,0x00,0x00,
  0x00,0x00,0x00,0x00,0x00,0x00,0x00,0x00,0x00,0x00,0x00,0x00,
  0x00,0x00,0x00,0x00,0x00,0x00,0x00,0x00,0x00,0x00,0x00,0x00,
  0x00,0x00,0x00,0x00,0x00,0x00,0x00,0x00,0x00,0x00,0x00,0x00,
  0x00,0x00,0x00,0x00,0x00,0x00,0x00,0x00,0x00,0x00,0x00,0x00,
  0x09,0x2A,0x49,0x57,0x7E,0xFF,0xFF,0xF7,0xF6,0x00,0x00,0x00,
  0x00,0x00,0x00,0x00,0x00,0x00,0x00,0x00,0x00,0x00,0x00,0x00,
  0x00,0x00,0x00,0x00,0x00,0x00,0x00,0x00,0x00,0x00,0x00,0x00,
  0x00,0x00,0x00,0x00,0x00,0x00,0x00,0x00,0x00,0x00,0x00,0x00,
  0x00,0x00,0x00,0x00,0x00,0x00,0x00,0x00,0x00,0x00,0x00,0x00,
  0x00,0x00,0x00,0x00,0x00,0x00,0x00,0x00,0x55,0x51,0x56,0xAF,
  0xEF,0xFF,0xFB,0xFF,0x7C,0x00,0x00,0x00,0x00,0x00,0x00,0x00,
  0x00,0x00,0x00,0x00,0x00,0x00,0x00,0x00,0x00,0x00,0x00,0x00,
  0x00,0x00,0x00,0x00,0x00,0x00,0x00,0x00,0x00,0x00,0x00,0x00,
  0x00,0x00,0x00,0x00,0x00,0x00,0x00,0x00,0x00,0x00,0x00,0x00,
  0x00,0x00,0x00,0x00,0x00,0x00,0x00,0x00,0x00,0x00,0x00,0x00,
  0x00,0x00,0x00,0x00,0x2A,0xAA,0xAB,0x5D,0xFF,0xFF,0xFF,0xFD,
  0xFC,0x00,0x00,0x00,0x00,0x00,0x00,0x00,0x00,0x00,0x00,0x00,
  0x00,0x00,0x00,0x00,0x00,0x00,0x00,0x00,0x00,0x00,0x00,0x00,
  0x00,0x00,0x00,0x00,0x00,0x00,0x00,0x00,0x00,0x00,0x00,0x00,
  0x00,0x00,0x00,0x00,0x00,0x00,0x00,0x00,0x00,0x00,0x00,0x00,
  0x00,0x00,0x00,0x00,0x00,0x00,0x00,0x00,0x00,0x00,0x00,0x00,
  0xA5,0x55,0x5A,0xAF,0xFF,0x7D,0xFF,0xFF,0xF4,0x00,0x00,0x00,
  0x00,0x00,0x00,0x00,0x00,0x00,0x00,0x00,0x00,0x00,0x00,0x00,
  0x00,0x00,0x00,0x00,0x00,0x00,0x00,0x00,0x00,0x00,0x00,0x00,
  0x00,0x00,0x00,0x00,0x00,0x00,0x00,0x00,0x00,0x00,0x00,0x00,
  0x00,0x00,0x00,0x00,0x00,0x00,0x00,0x00,0x00,0x00,0x00,0x00,
  0x00,0x00,0x00,0x00,0x00,0x00,0x00,0x00,0x95,0x55,0x6D,0x7F,
  0xEF,0xFF,0xFF,0xEF,0xFC,0x00,0x00,0x00,0x00,0x00,0x00,0x00,
  0x00,0x00,0x00,0x00,0x00,0x00,0x00,0x00,0x00,0x00,0x00,0x00,
  0x00,0x00,0x00,0x00,0x00,0x00,0x00,0x00,0x00,0x00,0x00,0x00,
  0x00,0x00,0x00,0x00,0x00,0x00,0x00,0x00,0x00,0x00,0x00,0x00,
  0x00,0x00,0x00,0x00,0x00,0x00,0x00,0x00,0x00,0x00,0x00,0x00,
  0x00,0x00,0x00,0x02,0xB5,0x55,0xAA,0xAF,0xBD,0xFF,0xFF,0xFF,
  0xFC,0x00,0x00,0x00,0x00,0x00,0x00,0x00,0x00,0x00,0x00,0x00,
  0x00,0x00,0x00,0x00,0x00,0x00,0x00,0x00,0x00,0x00,0x00,0x00,
  0x00,0x00,0x00,0x00,0x00,0x00,0x00,0x00,0x00,0x00,0x00,0x00,
  0x00,0x00,0x00,0x00,0x00,0x00,0x00,0x00,0x00,0x00,0x00,0x00,
  0x00,0x00,0x00,0x00,0x00,0x00,0x00,0x00,0x00,0x00,0x00,0x01,
  0xD5,0x56,0x55,0x5F,0xFF,0xFF,0xFF,0xFF,0xF8,0x00,0x00,0x00,
  0x00,0x00,0x00,0x00,0x00,0x00,0x00,0x00,0x00,0x00,0x00,0x00,
  0x00,0x00,0x00,0x00,0x00,0x00,0x00,0x00,0x00,0x00,0x00,0x00,
  0x00,0x00,0x00,0x00,0x00,0x00,0x00,0x00,0x00,0x00,0x00,0x00,
  0x00,0x00,0x00,0x00,0x00,0x00,0x00,0x00,0x00,0x00,0x00,0x00,
  0x00,0x00,0x00,0x00,0x00,0x00,0x00,0x06,0xB6,0xE9,0xAA,0xF7,
  0xFF,0xFF,0xFF,0xFF,0xB8,0x00,0x00,0x00,0x00,0x00,0x00,0x00,
  0x00,0x00,0x00,0x00,0x00,0x00,0x00,0x00,0x00,0x00,0x00,0x00,
  0x00,0x00,0x00,0x00,0x00,0x00,0x00,0x00,0x00,0x00,0x00,0x00,
  0x00,0x00,0x00,0x00,0x00,0x00,0x00,0x00,0x00,0x00,0x00,0x00,
  0x00,0x00,0x00,0x00,0x00,0x01,0x40,0x00,0x00,0x00,0x00,0x00,
  0x00,0x00,0x00,0x05,0x55,0x56,0x54,0xBF,0xFB,0xFF,0xFF,0xFF,
  0xF8,0x00,0x00,0x00,0x00,0x00,0x00,0x00,0x00,0x00,0x00,0x00,
  0x00,0x00,0x00,0x00,0x00,0x00,0x00,0x00,0x00,0x00,0x00,0x00,
  0x00,0x00,0x00,0x00,0x00,0x00,0x00,0x00,0x00,0x00,0x00,0x00,
  0x00,0x00,0x00,0x00,0x00,0x00,0x00,0x00,0x00,0x00,0x00,0x00,
  0x00,0x1F,0xC0,0x00,0x00,0x00,0x00,0x00,0x00,0x00,0x00,0x0B,
  0xAA,0xAA,0xAA,0xFF,0xFF,0x7B,0xFF,0x7F,0xE8,0x00,0x00,0x00,
  0x00,0x00,0x00,0x00,0x00,0x00,0x00,0x00,0x00,0x00,0x00,0x00,
  0x00,0x00,0x00,0x00,0x00,0x00,0x00,0x00,0x00,0x00,0x00,0x00,
  0x00,0x00,0x00,0x00,0x00,0x00,0x00,0x00,0x00,0x00,0x00,0x00,
  0x00,0x00,0x00,0x00,0x00,0x00,0x00,0x00,0x00,0x7F,0xC0,0x00,
  0x00,0x00,0x00,0x00,0x00,0x00,0x00,0x0C,0xAA,0xB5,0xB5,0x5F,
  0xEF,0xEF,0xFD,0xFF,0x70,0x00,0x00,0x00,0x00,0x00,0x00,0x00,
  0x00,0x00,0x00,0x00,0x00,0x00,0x00,0x00,0x00,0x00,0x00,0x00,
  0x00,0x00,0x00,0x00,0x00,0x00,0x00,0x00,0x00,0x00,0x00,0x00,
  0x00,0x00,0x00,0x00,0x00,0x00,0x00,0x00,0x00,0x00,0x00,0x00,
  0x00,0x00,0x00,0x00,0x00,0xBF,0x80,0x00,0x00,0x00,0x00,0x00,
  0x00,0x00,0x00,0x15,0x55,0x55,0x55,0xFF,0xFE,0xFF,0xFF,0xFF,
  0xF0,0x00,0x00,0x00,0x00,0x00,0x00,0x00,0x00,0x00,0x00,0x00,
  0x00,0x00,0x00,0x00,0x00,0x00,0x00,0x00,0x00,0x00,0x00,0x00,
  0x00,0x00,0x00,0x00,0x00,0x00,0x00,0x00,0x00,0x00,0x00,0x00,
  0x00,0x00,0x00,0x00,0x00,0x00,0x00,0x00,0x00,0x00,0x00,0x00,
  0x00,0xFF,0x00,0x00,0x00,0x00,0x00,0x00,0x00,0x00,0x00,0x36,
  0xAA,0xAA,0xAD,0x5D,0xFF,0xFF,0xFF,0xFF,0xD0,0x00,0x00,0x00,
  0x00,0x00,0x00,0x00,0x00,0x00,0x00,0x00,0x00,0x00,0x00,0x00,
  0x00,0x00,0x00,0x00,0x00,0x00,0x00,0x00,0x00,0x00,0x00,0x00,
  0x00,0x00,0x00,0x00,0x00,0x00,0x00,0x00,0x00,0x00,0x00,0x00,
  0x00,0x00,0x00,0x00,0x00,0x00,0x00,0x00,0x01,0xFB,0x00,0x00,
  0x00,0x00,0x00,0x00,0x00,0x00,0x00,0x5A,0xAA,0xAD,0x55,0xF7,
  0xFF,0xFF,0xFF,0xFF,0xF0,0x00,0x00,0x00,0x00,0x00,0x00,0x00,
  0x00,0x00,0x00,0x00,0x00,0x00,0x00,0x00,0x00,0x00,0x00,0x00,
  0x00,0x00,0x00,0x00,0x00,0x00,0x00,0x00,0x00,0x00,0x00,0x00,
  0x00,0x00,0x00,0x00,0x00,0x00,0x00,0x00,0x00,0x00,0x00,0x00,
  0x00,0x00,0x00,0x00,0x05,0xEF,0x00,0x00,0x00,0x00,0x00,0x00,
  0x00,0x00,0x00,0xAB,0x55,0xB5,0xBE,0xBF,0xFD,0xFF,0xFF,0xFF,
  0x60,0x00,0x00,0x00,0x00,0x00,0x00,0x00,0x00,0x00,0x00,0x00,
  0x00,0x00,0x04,0x00,0x00,0x00,0x00,0x00,0x00,0x00,0x00,0x00,
  0x00,0x00,0x00,0x00,0x00,0x00,0x00,0x00,0x00,0x00,0x00,0x00,
  0x00,0x00,0x00,0x00,0x00,0x00,0x00,0x00,0x00,0x00,0x00,0x00,
  0x03,0xFE,0x00,0x00,0x00,0x00,0x00,0x00,0x00,0x00,0x00,0xF5,
  0x5A,0xAA,0xD6,0xDF,0xFF,0xF7,0x7F,0xFF,0xE0,0x00,0x00,0x00,
  0x00,0x00,0x00,0x00,0x00,0x00,0x00,0x00,0x00,0x00,0x04,0x00,
  0x00,0x00,0x00,0x00,0x00,0x00,0x00,0x00,0x00,0x00,0x00,0x00,
  0x00,0x00,0x00,0x00,0x00,0x00,0x00,0x00,0x00,0x00,0x00,0x00,
  0x00,0x00,0x00,0x00,0x00,0x00,0x00,0x00,0x07,0xBE,0x00,0x00,
  0x00,0x00,0x00,0x00,0x00,0x00,0x01,0x95,0x55,0x56,0xBB,0xB7,
  0x7F,0xFF,0xFF,0xFF,0xE0,0x00,0x00,0x00,0x00,0x00,0x00,0x00,
  0x00,0x00,0x00,0x00,0x00,0x00,0x0A,0x00,0x00,0x00,0x00,0x00,
  0x00,0x00,0x00,0x00,0x00,0x00,0x00,0x00,0x00,0x00,0x00,0x00,
  0x00,0x00,0x00,0x00,0x00,0x00,0x00,0x00,0x00,0x02,0x00,0x00,
  0x00,0x00,0x00,0x00,0x0F,0xFC,0x00,0x00,0x00,0x00,0x00,0x00,
  0x00,0x00,0x02,0xD5,0x55,0xB5,0x6E,0xFD,0xEF,0xFF,0xFF,0xFF,
  0xE0,0x00,0x00,0x00,0x00,0x00,0x00,0x00,0x00,0x00,0x00,0x00,
  0x00,0x00,0x10,0x00,0x00,0x00,0x00,0x00,0x00,0x00,0x00,0x00,
  0x00,0x00,0x00,0x00,0x00,0x00,0x00,0x00,0x00,0x00,0x00,0x00,
  0x00,0x00,0x00,0x00,0x00,0x04,0x00,0x00,0x00,0x00,0x00,0x00,
  0x1F,0xF8,0x00,0x00,0x00,0x00,0x00,0x00,0x00,0x00,0x06,0xAA,
  0xAA,0xA9,0xFF,0xAF,0xBF,0xFF,0xFF,0xFD,0xA0,0x00,0x00,0x00,
  0x00,0x00,0x00,0x00,0x00,0x00,0x00,0x00,0x00,0x00,0x24,0x00,
  0x00,0x00,0x00,0x00,0x00,0x00,0x00,0x00,0x00,0x00,0x00,0x00,
  0x00,0x00,0x00,0x00,0x00,0x80,0x00,0x00,0x00,0x00,0x00,0x00,
  0x00,0x00,0x00,0x00,0x00,0x00,0x00,0x00,0x5D,0xD8,0x00,0x00,
  0x00,0x00,0x00,0x40,0x00,0x00,0x05,0x52,0x4A,0x55,0x5E,0xF5,
  0xFF,0xFF,0xFF,0xF7,0xC0,0x00,0x00,0x00,0x00,0x00,0x00,0x00,
  0x00,0x00,0x00,0x00,0x00,0x00,0x18,0x00,0x00,0x00,0x00,0x00,
  0x00,0x00,0x00,0x00,0x00,0x00,0x00,0x00,0x00,0x00,0x00,0x00,
  0x00,0x80,0x00,0x00,0x00,0x00,0x00,0x00,0x00,0x14,0x00,0x00,
  0x00,0x00,0x00,0x00,0x3F,0xF8,0x00,0x00,0x00,0x00,0x00,0xA0,
  0x00,0x00,0x55,0x2A,0xA9,0x57,0xFF,0xBF,0xED,0xDF,0xFF,0xBF,
  0xC0,0x00,0x00,0x00,0x00,0x00,0x00,0x00,0x00,0x00,0x00,0x00,
  0x00,0x00,0xA4,0x44,0x08,0x21,0x00,0x22,0x80,0x00,0x00,0x00,
  0x00,0x00,0x00,0x00,0x00,0x00,0x00,0x00,0x02,0xA0,0x00,0x00,
  0x00,0x00,0x00,0x00,0x00,0x44,0x00,0x00,0x00,0x00,0x00,0x00,
  0x77,0xF0,0x00,0x00,0x00,0x00,0x00,0x40,0x00,0x00,0x0A,0x85,
  0x55,0x24,0xBF,0xEA,0xBF,0xFB,0x6E,0xFB,0x40,0x00,0x00,0x00,
  0x00,0x00,0x00,0x00,0x00,0x00,0x00,0x00,0x00,0x4A,0x01,0x10,
  0xA2,0x88,0x55,0x08,0x2A,0xAA,0xAA,0xAA,0xAA,0xAA,0xAA,0xAA,
  0xAA,0xAA,0xAA,0xAA,0xA8,0x0A,0xAA,0xAA,0xAA,0xAA,0xAA,0xA9,
  0x4A,0x01,0x55,0x52,0x94,0xA4,0x92,0x4A,0xFF,0x75,0x48,0x80,
  0x00,0x00,0x02,0x80,0x00,0x00,0x12,0x50,0x4A,0x97,0xF6,0xFF,
  0xFF,0xFF,0xFF,0xFF,0xC0,0x00,0x00,0x00,0x00,0x00,0x00,0x00,
  0x00,0x00,0x00,0x00,0x95,0x00,0x04,0x00,0x00,0x01,0x00,0x40,
  0x00,0x00,0x00,0x00,0x00,0x00,0x00,0x00,0x00,0x00,0x00,0x00,
  0x01,0x00,0x00,0x00,0x00,0x00,0x00,0x00,0x00,0x90,0x00,0x00,
  0x00,0x00,0x00,0x10,0xDF,0xE0,0x02,0x2A,0xAA,0xAA,0xA8,0x2A,
  0xAA,0x48,0x00,0x0A,0x20,0x49,0x5F,0xDD,0xFB,0x5A,0xBB,0xD5,
  0x40,0x00,0x00,0x00,0x00,0x00,0x00,0x00,0x00,0x00,0x00,0x48,
  0x00,0x00,0x90,0x22,0x08,0x20,0x00,0x02,0x40,0x00,0x00,0x00,
  0x00,0x00,0x00,0x00,0x00,0x00,0x00,0x00,0x04,0x20,0x02,0x00,
  0x00,0x00,0x00,0x02,0x20,0x04,0x80,0x08,0x44,0x92,0x49,0x05,
  0xFD,0xE2,0x48,0x00,0x00,0x00,0x01,0x00,0x00,0x22,0xB6,0xA5,
  0x4B,0x2A,0xFB,0x77,0xBF,0xFF,0xEF,0x7F,0x80,0x00,0x00,0x00,
  0x00,0x00,0x00,0x00,0x00,0x00,0x04,0x02,0x00,0x24,0x00,0x80,
  0x40,0x84,0x12,0x08,0x09,0x22,0x24,0x92,0x49,0x24,0x92,0x49,
  0x24,0x92,0x49,0x24,0x90,0x04,0x90,0x49,0x24,0x92,0x49,0x20,
  0x04,0x40,0x12,0x41,0x00,0x00,0x00,0x4B,0xFF,0xC8,0x00,0x80,
  0x02,0x00,0x10,0x12,0x49,0x04,0x49,0x54,0xA9,0x5B,0x5E,0xDE,
  0xEF,0xEA,0xBF,0xFA,0x80,0x00,0x00,0x00,0x00,0x00,0x00,0x00,
  0x00,0x00,0x40,0x80,0x48,0x80,0x40,0x01,0x00,0x00,0x40,0x20,
  0x00,0x00,0x00,0x00,0x00,0x00,0x00,0x00,0x00,0x00,0x00,0x00,
  0x00,0x00,0x00,0x00,0x00,0x00,0x00,0x00,0x80,0x00,0x00,0x00,
  0x10,0x00,0x04,0x03,0xBF,0xC0,0x02,0x12,0x48,0x4A,0x40,0x80,
  0x00,0x20,0xD6,0xA2,0x04,0x57,0xF7,0xF7,0xFF,0x7F,0xF5,0xFF,
  0x80,0x00,0x00,0x00,0x00,0x00,0x00,0x00,0x00,0x04,0x02,0x10,
  0x00,0x01,0x04,0x08,0x00,0x00,0x00,0x00,0x00,0x00,0x00,0x00,
  0x00,0x00,0x00,0x00,0x00,0x00,0x00,0x00,0x00,0x20,0x00,0x00,
  0x00,0x00,0x00,0x08,0x00,0x12,0x41,0x08,0x02,0x49,0x20,0x27,
  0xF6,0xC0,0x90,0x00,0x00,0x00,0x04,0x01,0x04,0x81,0x69,0x14,
  0xA1,0x5D,0x5A,0xBF,0xFD,0xEA,0xDF,0xBE,0x80,0x00,0x00,0x00,
  0x00,0x00,0x00,0x00,0x00,0x10,0x10,0x01,0x24,0x48,0x00,0x00,
  0x00,0x00,0x00,0x00,0x00,0x00,0x00,0x00,0x00,0x00,0x00,0x00,
  0x00,0x00,0x00,0x00,0x00,0x04,0x00,0x00,0x08,0x00,0x00,0x00,
  0x10,0x00,0x04,0x00,0x00,0x00,0x00,0x4F,0xFF,0x80,0x00,0x01,
  0x00,0x00,0x00,0x24,0x20,0x0B,0x5A,0x40,0x09,0x6F,0xEF,0xED,
  0xB7,0xFF,0xFF,0xF7,0x00,0x00,0x00,0x00,0x00,0x00,0x00,0x00,
  0x00,0x80,0x00,0x00,0x92,0x90,0x00,0x00,0x02,0x10,0x00,0x82,
  0x40,0x00,0x00,0x00,0xBD,0x00,0x00,0x02,0x00,0x01,0x00,0x10,
  0x44,0x80,0x52,0x24,0x82,0x44,0x91,0x20,0x00,0x00,0x00,0x00,
  0x00,0x00,0x00,0x1E,0xDF,0x00,0x00,0x20,0x11,0x22,0x41,0x00,
  0x00,0x02,0xD5,0x09,0x22,0xB5,0x7A,0xBB,0xFF,0xAE,0xEE,0xFF,
  0x00,0x00,0x00,0x00,0x00,0x00,0x00,0x00,0x02,0x00,0x00,0x01,
  0x00,0x08,0x00,0x00,0x3F,0xFF,0xFF,0x8F,0xFF,0xFC,0x00,0x07,
  0xFF,0xC0,0x01,0xFE,0x00,0x3F,0xCF,0xFF,0xFF,0xF3,0xFC,0x7F,
  0xFF,0xFE,0x3F,0xFF,0xE0,0x00,0x00,0x00,0x00,0x00,0x01,0x3F,
  0xFD,0x00,0x00,0x00,0x00,0x00,0x08,0x00,0x02,0xAD,0x54,0x40,
  0x4B,0xDF,0xD7,0xEF,0xFF,0xFB,0xBB,0xF6,0x00,0x00,0x00,0x00,
  0x00,0x00,0x00,0x00,0x10,0x00,0x00,0x00,0x00,0x00,0x00,0x00,
  0x7F,0xFF,0xFF,0x9F,0xFF,0xFE,0x00,0x0F,0xFF,0xF0,0x03,0xFE,
  0x00,0x7F,0xCF,0xFF,0xFF,0xF3,0xFC,0xFF,0xFF,0xFE,0x3F,0xFF,
  0xFC,0x00,0x00,0x00,0x00,0x00,0x00,0x3B,0xFF,0x00,0x00,0x00,
  0x00,0x00,0x00,0x00,0x08,0x05,0xA9,0x15,0x05,0x7B,0x7D,0x7D,
  0xBF,0xBE,0xFF,0xBB,0x40,0x00,0x00,0x00,0x00,0x00,0x00,0x00,
  0x00,0x00,0x00,0x01,0x00,0x00,0x00,0x00,0x7F,0xFF,0xFF,0x1F,
  0xFF,0xFF,0x80,0x3E,0xEF,0xFC,0x01,0xFF,0x00,0x7F,0x9F,0xFF,
  0xFF,0xF3,0xFC,0x7F,0xFF,0xFE,0x3F,0xFF,0xFE,0x00,0x00,0x00,
  0x00,0x00,0x02,0x7F,0xB6,0x00,0x00,0x00,0x00,0x00,0x00,0x00,
  0x22,0x1A,0xA8,0x40,0x17,0xFF,0xF7,0xAF,0xFD,0xEB,0xAD,0xEE,
  0x16,0xAA,0xAA,0x80,0x00,0x00,0x00,0x00,0x80,0x00,0x00,0x00,
  0x00,0x08,0x00,0x00,0xFB,0xFF,0xFF,0x1E,0xFF,0xFB,0x80,0x7F,
  0xFD,0xFC,0x03,0xFF,0x00,0x7F,0x9F,0xFF,0xFD,0xE3,0xEC,0xFB,
  0xFD,0xDC,0x7F,0xBF,0xFF,0x00,0x00,0x00,0x00,0x00,0x00,0xFE,
  0xFE,0x00,0x00,0x00,0x00,0x00,0x00,0x00,0x00,0x15,0x55,0x09,
  0x4A,0xDE,0xDD,0xFF,0xF7,0xBE,0xF7,0xBA,0x5F,0xFF,0xFF,0xE0,
  0x00,0x00,0x00,0x02,0x00,0x00,0x00,0x01,0x00,0x00,0x00,0x00,
  0xFF,0xB7,0x7B,0x1B,0xED,0xDF,0xC0,0xF7,0xFF,0xFE,0x03,0xF7,
  0x80,0x76,0x9E,0xED,0xB7,0xE7,0xF8,0xFF,0x6F,0xFC,0x7D,0xF6,
  0xEF,0x00,0x00,0x00,0x00,0x00,0x09,0xEF,0xFC,0x00,0x00,0x00,
  0x00,0x00,0x00,0x00,0x02,0x2B,0x68,0x22,0x1F,0x7F,0xFE,0xEA,
  0xFF,0xEB,0x5F,0xEB,0xFD,0xED,0xD5,0x00,0x00,0x00,0x00,0x00,
  0x00,0x00,0x00,0x00,0x00,0x00,0x00,0x01,0xFF,0xFF,0xFF,0x3F,
  0xFF,0xFF,0xC0,0xFF,0xBF,0xBF,0x03,0xDF,0x80,0xFF,0x9F,0xFF,
  0xFF,0xE7,0xB8,0xFF,0xFF,0xFC,0x77,0xFF,0xFD,0x80,0x00,0x00,
  0x00,0x00,0x01,0xFD,0xEC,0x00,0x00,0x00,0x00,0x00,0x00,0x00,
  0x00,0x6D,0xAA,0x08,0xB5,0xEF,0xEB,0x80,0x0D,0xBD,0xBA,0x5E,
  0xF7,0x7F,0x7C,0x00,0x00,0x00,0x00,0x04,0x00,0x00,0x00,0x02,
  0x00,0x08,0x00,0x01,0xDD,0xFF,0xEE,0x1F,0xD5,0x7F,0xE1,0xFF,
  0xD7,0xF7,0x07,0xFF,0xC0,0xFF,0x35,0xBF,0xF6,0xA7,0xF9,0xEE,
  0xAA,0xA8,0x7F,0xAB,0xFF,0x80,0x00,0x00,0x00,0x00,0x07,0xBF,
  0xF8,0x00,0x00,0x00,0x00,0x00,0x00,0x00,0x02,0x56,0xA8,0xA0,
  0x5F,0xBD,0xBE,0x2A,0x80,0xFF,0x4B,0xF7,0xBD,0xD5,0xA8,0x00,
  0x00,0x00,0x00,0x3E,0xF7,0xE0,0x00,0x00,0x00,0x00,0x00,0x01,
  0xFF,0xFF,0xF8,0x3F,0xC0,0x7B,0xC3,0xDE,0x01,0xFF,0x87,0xFF,
  0xC0,0xDF,0x00,0x1F,0xC0,0x07,0xF1,0xFE,0x00,0x00,0xFF,0x00,
  0xEF,0x80,0x00,0x00,0x00,0x00,0x23,0xF7,0xB8,0x00,0x00,0x00,
  0x00,0x00,0x00,0x00,0x00,0xB5,0x52,0x05,0x6F,0xFF,0xF0,0x88,
  0x54,0x00,0xBF,0xDE,0xEF,0x7E,0xD3,0x00,0x00,0x00,0x00,0x7B,
  0xF7,0xE0,0x00,0x01,0x00,0x08,0x00,0x03,0x00,0x00,0x00,0x3E,
  0xC0,0x3F,0x63,0xFC,0x00,0xFF,0x87,0x7D,0xE0,0xFA,0x00,0x3D,
  0xC0,0x0F,0x71,0xFE,0x00,0x00,0xFF,0x00,0x7F,0x80,0x00,0x00,
  0x00,0x00,0x0F,0x7E,0xF0,0x00,0x00,0x00,0x00,0x00,0x00,0x00,
  0x01,0x55,0x48,0x90,0xBA,0xFF,0xCA,0x52,0x92,0xBF,0xFE,0xFB,
  0xB5,0xD7,0x03,0x80,0x00,0x00,0x00,0xEB,0xF7,0xF0,0x00,0x02,
  0x04,0x00,0x00,0x00,0x00,0x00,0x00,0x7B,0x80,0x3F,0xE7,0xFC,
  0x00,0xDD,0x87,0xF7,0xE1,0xBF,0x00,0xBF,0xC0,0x0F,0xF1,0xDC,
  0x00,0x00,0xDB,0x00,0x7F,0x80,0x00,0x00,0x00,0x00,0x8F,0xFF,
  0xF0,0x00,0x00,0x00,0x00,0x00,0x00,0x00,0x01,0xB6,0xA5,0x04,
  0xEF,0xFE,0xC4,0x8A,0xAA,0xEF,0xF7,0xB6,0xFF,0x7C,0x05,0x40,
  0x00,0x00,0x01,0xF7,0xB7,0xF0,0x00,0x00,0x00,0x00,0x00,0x00,
  0xAB,0x55,0x54,0x7F,0x80,0x37,0xC7,0xB8,0x00,0x7F,0x87,0xFF,
  0xF1,0xFA,0x20,0x2F,0x80,0x0F,0xF3,0xFE,0x00,0x00,0xFF,0x00,
  0x7D,0x80,0x00,0x00,0x00,0x00,0x1F,0xDB,0xE0,0x00,0x00,0x00,
  0x00,0x00,0x00,0x00,0x05,0x5A,0x92,0x53,0xBB,0xFF,0xD2,0x55,
  0x57,0xFD,0xBD,0xDF,0xAB,0xD0,0x52,0x80,0x00,0x00,0x03,0xAF,
  0xF7,0xB0,0x00,0x02,0x00,0x90,0x60,0xC3,0x7E,0xFF,0xFC,0x6F,
  0xA0,0x3E,0xCD,0xFA,0x04,0x77,0x9F,0xBB,0xB1,0xBB,0x00,0xFD,
  0xC0,0x0A,0xE3,0xEF,0xFF,0xF0,0xFE,0x00,0xEF,0x90,0x20,0x00,
  0x00,0x01,0x3D,0xFF,0xE0,0x00,0x00,0x00,0x00,0x00,0x10,0x00,
  0x05,0x55,0x29,0x09,0xDF,0xBF,0x95,0x52,0xFF,0xB7,0xEE,0xFB,
  0xFD,0x4A,0x07,0xC0,0x00,0x00,0x06,0xFF,0xE7,0xF0,0x00,0x00,
  0x01,0x80,0x70,0xE2,0xFD,0xFA,0xF6,0xF5,0xB8,0xEE,0x8B,0x77,
  0x0E,0x6D,0xB3,0xF4,0xFB,0x7D,0x83,0xAE,0x87,0x1D,0xE3,0xB7,
  0xEF,0x63,0x7B,0x0F,0xF7,0x38,0x70,0xF0,0xE1,0xE0,0xD6,0xAA,
  0xA7,0x87,0x0E,0x0E,0x1C,0x1C,0x58,0x00,0x2A,0xAA,0x44,0xA2,
  0xFD,0xFB,0xC0,0x5F,0xFD,0xFD,0x77,0xBE,0xAF,0x21,0x53,0x80,
  0x00,0x00,0x0F,0xDE,0xF7,0xE0,0x00,0x02,0x08,0x90,0x70,0xE7,
  0xBF,0xBF,0x7E,0x5F,0x3A,0xFF,0xCF,0xBD,0x0E,0x7D,0xBF,0xEF,
  0xFB,0xBB,0xC1,0xDF,0x87,0x97,0xE5,0xFB,0x7F,0xE1,0xB7,0x6D,
  0xDB,0x70,0xF0,0xE0,0xE1,0xC5,0x6A,0xAA,0x87,0x0F,0x0F,0x1E,
  0x1E,0x3C,0x3C,0x80,0x0D,0x69,0x92,0x17,0xB7,0xFF,0xDF,0xFF,
  0xAF,0xB7,0xDD,0xEF,0xF4,0x94,0x97,0xC0,0x00,0x00,0x08,0x07,
  0xE7,0xB0,0x00,0x00,0x40,0x00,0x72,0xE6,0xFB,0xF7,0xEE,0xFB,
  0xFF,0x5D,0xCD,0xF7,0x0E,0x6F,0x9B,0xEE,0xFF,0xFB,0x82,0xFB,
  0x87,0x1E,0xE7,0xBF,0xEE,0xE3,0xFF,0xFF,0xFE,0x78,0x70,0xF1,
  0xE1,0xCF,0xAD,0xDE,0xC7,0x87,0x1E,0x0E,0x1C,0x1C,0x38,0x12,
  0x35,0xA8,0xD4,0xA5,0xFF,0xDE,0xDB,0x7D,0xFD,0xFF,0xFF,0xFD,
  0xDA,0x4A,0xAB,0xC0,0x00,0x00,0x20,0x01,0x6E,0xE0,0x00,0x02,
  0x00,0x92,0x70,0xEF,0xDF,0x7E,0xFE,0xEF,0xDB,0xEF,0xCF,0xBF,
  0x0E,0xFD,0xBF,0x6E,0xFB,0x5F,0x81,0xDF,0x87,0x37,0xE7,0xF7,
  0x7F,0xE1,0xBB,0x7D,0xDA,0x39,0x70,0xE0,0xE9,0xEA,0xDB,0x75,
  0x87,0x0F,0x0F,0x1E,0x5E,0x3C,0x7C,0x40,0x2A,0xAA,0x92,0x8F,
  0x7F,0xFF,0xCB,0xDF,0xF7,0xEF,0x7A,0xB7,0x75,0x2A,0xDF,0x00,
  0x00,0x00,0x00,0x00,0x00,0x00,0x00,0x00,0x08,0x10,0x60,0x4F,
  0xBD,0xFB,0xC5,0xFB,0xF7,0x7D,0x8D,0x76,0x0E,0xEF,0x9B,0xE7,
  0xFB,0xB9,0xA2,0xFD,0x97,0x1D,0xC7,0xBF,0xEE,0xC3,0xFE,0xEF,
  0xEC,0x70,0x70,0xE2,0xE1,0xAF,0x76,0xDF,0x87,0x87,0x0E,0x4E,
  0x1C,0x3C,0x38,0x00,0xDA,0xA4,0x49,0x2B,0xFF,0xFF,0xD5,0x76,
  0xDF,0xBD,0xEF,0xDB,0x55,0x55,0x74,0x00,0x00,0x01,0x02,0x20,
  0x00,0x00,0x00,0x22,0x00,0x09,0x00,0x0E,0xF7,0x5D,0x41,0xFF,
  0xDF,0xFC,0x0F,0xF8,0x90,0xFF,0x1F,0xE9,0xEE,0xF8,0x00,0xDF,
  0x00,0x3F,0xC7,0xE8,0x22,0x22,0xFB,0xFB,0xF0,0x09,0x02,0x08,
  0x40,0xBD,0xDF,0xF6,0x10,0x24,0x00,0x08,0x84,0x88,0x91,0x14,
  0xB5,0x29,0x2A,0x9F,0xDB,0xFF,0xCA,0xDF,0x7A,0xFF,0xDA,0xAD,
  0xDB,0xB7,0xD0,0x00,0x00,0x04,0x10,0x00,0x00,0x00,0x00,0x02,
  0x22,0x50,0x15,0x18,0x00,0x00,0x09,0xFF,0xFF,0xE0,0x4F,0xF0,
  0x01,0xFF,0x1F,0xE1,0xFF,0xF9,0x25,0xFF,0x00,0xBF,0xCF,0xF8,
  0x00,0x0B,0xFF,0xFF,0xA0,0x00,0x10,0x01,0x06,0xFF,0xFB,0x7E,
  0x40,0x00,0x42,0x42,0x00,0x00,0x00,0x41,0xDA,0x4A,0x91,0x5B,
  0x7F,0xFE,0xD3,0x75,0xDF,0xAB,0xD6,0xF6,0xB6,0xDE,0x80,0x00,
  0x00,0x10,0x00,0x00,0x00,0x00,0x09,0x48,0x88,0x02,0x40,0x40,
  0x20,0x81,0x21,0xEF,0x7F,0xC1,0x0F,0xFC,0x93,0xFB,0x3F,0xC0,
  0xFB,0xD8,0x00,0xEE,0x24,0x3E,0xCF,0xF1,0x28,0x83,0xDF,0xFF,
  0x85,0x49,0x04,0x44,0x1B,0xED,0xBF,0xD8,0x05,0x25,0x10,0x10,
  0x49,0x25,0x25,0x0B,0x69,0x21,0x55,0x2F,0xFF,0xF7,0xC9,0x5E,
  0xEB,0x7F,0x6D,0xAD,0xDB,0x78,0x00,0x00,0x00,0x00,0x01,0x24,
  0x01,0x12,0x40,0x02,0x01,0x50,0x09,0x0F,0xFF,0xA8,0x05,0xFC,
  0x9F,0xE8,0x27,0xFC,0x07,0xFE,0x3F,0x64,0xFF,0xB9,0x53,0xFE,
  0x00,0x7F,0xCD,0xF0,0x00,0x17,0xFC,0x7F,0xD0,0x00,0x41,0x12,
  0xFF,0xFF,0xED,0xF2,0x90,0x08,0x05,0x44,0x02,0x00,0x08,0x45,
  0xBA,0x94,0x2A,0xBD,0xFF,0xDF,0xE5,0x6B,0x7D,0xFF,0xB6,0xDB,
  0x7F,0xC0,0x00,0x00,0x00,0x40,0x24,0x00,0x90,0x40,0x12,0x52,
  0x54,0x15,0x40,0x5F,0xFF,0x82,0x93,0xFE,0x3F,0xF2,0x0F,0xBF,
  0x5F,0xFC,0x3D,0xC0,0xFE,0xF2,0x01,0xBE,0x49,0x7F,0x8F,0xFD,
  0xAD,0xA7,0xF8,0x3F,0xE0,0x49,0x2A,0x6F,0xDE,0xB5,0x7F,0x00,
  0x21,0x41,0x50,0x01,0x50,0xAA,0xA1,0x17,0x6A,0xAB,0x5A,0xBF,
  0xBF,0xFF,0xFA,0xB7,0xAF,0xED,0xAB,0x6D,0xB6,0x00,0x00,0x00,
  0x00,0x00,0x00,0x08,0x04,0x0A,0x84,0x02,0x01,0x10,0x15,0x1F,
  0xFF,0x24,0x23,0xFC,0x1E,0xF0,0xA3,0xFF,0xFF,0xFD,0x3F,0xD4,
  0x7F,0xF0,0x25,0xFE,0x00,0x7F,0x8F,0xFF,0xFF,0xE7,0xF9,0x3B,
  0xE2,0x24,0x92,0xFD,0xF7,0xFF,0xE8,0x95,0x08,0x12,0x04,0xA8,
  0x0A,0x00,0x08,0x4D,0xFA,0x48,0xAA,0xB7,0xFD,0xFF,0xFF,0x5A,
  0xDB,0xBF,0x7D,0xB7,0xE8,0x00,0x00,0x00,0x01,0x02,0x00,0x82,
  0x41,0x40,0x21,0x52,0xA8,0x92,0x80,0x7F,0xFF,0x88,0x8B,0xFD,
  0x4F,0xF2,0x07,0xFF,0xFF,0xE8,0x7F,0xC1,0x77,0xF4,0x83,0xFC,
  0x24,0x7D,0x9F,0xDF,0xFF,0xC7,0xF8,0x1F,0xE9,0x4A,0xBF,0xDF,
  0x5D,0xB7,0x42,0x00,0x42,0x84,0x48,0x05,0x40,0xAA,0xA5,0x1B,
  0x55,0x55,0x55,0x7F,0xFF,0xFF,0xFF,0xED,0x7F,0xFA,0xD6,0xFE,
  0x80,0x00,0x00,0x00,0x04,0x08,0x48,0x20,0x14,0x14,0x94,0x0A,
  0x02,0x50,0x55,0x3F,0xFF,0x22,0x27,0xFC,0x0F,0xF8,0xA1,0xFF,
  0xFF,0xFA,0x7F,0x90,0x3F,0xF0,0x13,0xFE,0x80,0xFF,0x9F,0xFF,
  0xFF,0xCF,0x79,0x1E,0xA4,0xBF,0xF7,0x75,0xF7,0xF8,0x10,0xA9,
  0x10,0x21,0x12,0xA0,0x2A,0x00,0x10,0xBF,0xF6,0xAA,0xB5,0x7D,
  0xFF,0xFE,0xFD,0xFF,0xFF,0xEF,0x6B,0xA8,0x00,0x00,0x00,0x00,
  0x00,0x00,0x02,0x09,0x41,0x41,0x01,0x41,0x51,0x15,0x00,0x7F,
  0x77,0x08,0x87,0xE9,0x47,0xFC,0x11,0xFB,0xFF,0xE0,0xBF,0xC5,
  0x3F,0xE2,0x43,0xFC,0x04,0xFF,0x3F,0xFF,0xFF,0xCF,0xFA,0xA0,
  0x3B,0xF6,0xDD,0xDE,0xDE,0x82,0x84,0x02,0x45,0x14,0x40,0x15,
  0x01,0x55,0x4A,0x6A,0x92,0xAA,0xAA,0xEF,0xBF,0xF7,0xEF,0xFF,
  0xFE,0xFA,0xDF,0xF0,0x00,0x00,0x00,0x00,0x10,0x01,0x20,0xA2,
  0x14,0x14,0x54,0x2A,0x0A,0x40,0xAA,0x7D,0xFE,0x52,0x57,0xFC,
  0x2F,0xFD,0x44,0x7F,0xFE,0xCA,0x7F,0x80,0x5F,0xE8,0x07,0xEC,
  0x20,0xFF,0x9F,0xFF,0xFF,0xCF,0xA0,0x5F,0xFF,0xDF,0xFF,0x77,
  0xF0,0x08,0x21,0x50,0x10,0x81,0x15,0x40,0xAA,0x24,0xA1,0x7F,
  0x6A,0xAA,0xB6,0xFF,0xFF,0xDF,0xFF,0xFF,0xFB,0xAD,0xFA,0x18,
  0x00,0x00,0x00,0x00,0x01,0x28,0x0A,0x08,0x41,0x41,0x02,0x82,
  0x50,0x9A,0x01,0x7F,0xFD,0x04,0x87,0xF9,0x03,0xFC,0x12,0xBF,
  0xBF,0x80,0xFF,0x95,0x1F,0xE1,0x27,0xFC,0x04,0xFF,0x1F,0xFE,
  0xFD,0xA8,0x0F,0xFF,0xDE,0xFB,0x77,0xFA,0x04,0xA5,0x14,0x0A,
  0xA4,0x54,0x40,0x95,0x01,0x49,0x14,0xD5,0xAA,0xAA,0xDA,0xFD,
  0xFF,0xFF,0xFF,0xBF,0xEF,0xF7,0xA0,0x00,0x00,0x00,0x00,0x00,
  0x40,0x02,0x41,0x42,0x28,0x28,0xA8,0x56,0xAA,0x59,0x54,0x57,
  0xB4,0xA9,0x2D,0x58,0xAB,0x56,0xA4,0x0F,0xFA,0x2A,0x6A,0x80,
  0x5A,0xA0,0x12,0xB4,0x91,0xAA,0x35,0x57,0xD2,0x05,0xFF,0xDB,
  0x77,0xEF,0xFF,0x41,0x22,0x1D,0xAB,0xFD,0xED,0xFF,0xFE,0x7B,
  0xB6,0x24,0xA5,0xFD,0x56,0xAB,0x55,0xEF,0xF7,0xFF,0xBE,0xFB,
  0xFD,0x5E,0x80,0x00,0x00,0x00,0x00,0x00,0x09,0x20,0x95,0x29,
  0x05,0x45,0x05,0x0B,0xFF,0xFA,0x25,0x20,0x42,0x12,0x42,0x22,
  0x48,0x00,0x49,0x40,0xA0,0x84,0x84,0x55,0x00,0x09,0x40,0x00,
  0x00,0x00,0x80,0x08,0x01,0xFF,0xFD,0xFF,0xFF,0xBF,0xFD,0x14,
  0x90,0xB3,0x3B,0x27,0x2F,0x25,0x9B,0x44,0xFE,0x92,0x53,0xAA,
  0xAF,0x5A,0xFF,0xFF,0xDF,0xFE,0xFB,0xFF,0xB7,0xF0,0x00,0x00,
  0x00,0x00,0x00,0x00,0x40,0x4A,0x23,0x84,0xA8,0x90,0xA8,0xA5,
  0x4A,0xA4,0x92,0x8F,0xE9,0x49,0x29,0x49,0x25,0x55,0x24,0xAA,
  0x15,0x55,0x22,0x08,0x55,0x52,0x0A,0x40,0x48,0x42,0x55,0x52,
  0xFF,0xFF,0xEF,0x6D,0xFB,0xFD,0xAE,0x82,0x0A,0x3A,0x53,0xBD,
  0x7F,0x6D,0xDE,0xAC,0xAC,0x49,0x0E,0xF5,0xB7,0xFF,0xFA,0xFF,
  0xFF,0xBB,0xFF,0xFE,0xEE,0x80,0x00,0x00,0x00,0x00,0x00,0x00,
  0x2A,0x11,0x15,0x52,0x25,0x25,0x12,0x52,0x24,0x12,0xA8,0x7F,
  0x94,0xA4,0x8A,0x24,0x90,0x92,0x92,0x11,0x4A,0x00,0x00,0x00,
  0x00,0x00,0x21,0x15,0x05,0x39,0x00,0xBF,0xFF,0xBE,0xFD,0xDF,
  0x5E,0xD7,0xFB,0x68,0xA4,0xA3,0xAE,0x7B,0xD2,0x6F,0x75,0x57,
  0xD5,0x55,0x6B,0xAE,0xAA,0xED,0xAF,0xDE,0xFF,0xFF,0xFF,0xED,
  0xF8,0x00,0x00,0x00,0x00,0x00,0x00,0x00,0x85,0x4A,0xA3,0x29,
  0x48,0x94,0xA5,0x29,0x52,0xC9,0x07,0xFF,0xD5,0x2A,0x52,0xAA,
  0xAA,0x4A,0x4A,0xCA,0xA8,0x20,0x00,0x00,0x00,0x00,0x00,0x00,
  0xB4,0x82,0xBF,0xFF,0x6E,0xFB,0xBF,0xF5,0xF7,0x7D,0x6E,0x95,
  0x12,0x55,0x54,0xA9,0xB6,0xCB,0xAD,0x76,0x4D,0x4A,0x9D,0xF5,
  0xB7,0x56,0xF7,0xFF,0xFF,0xFF,0xFF,0x7F,0x40,0x00,0x00,0x00,
  0x00,0x00,0x00,0x00,0x50,0xA4,0x49,0x44,0xA5,0x4A,0x52,0x95,
  0x2A,0x54,0xBF,0xFD,0xFF,0xFF,0xFF,0xFF,0xFF,0xFF,0xFD,0x29,
  0x40,0x84,0x40,0x00,0x00,0x00,0x02,0x55,0x00,0x5F,0xFF,0xEB,
  0xFB,0xEF,0xF7,0xFF,0x5B,0xD7,0xBB,0x4A,0xA4,0x92,0x22,0x84,
  0x41,0x24,0x12,0x89,0x52,0xA9,0x6E,0xAE,0xDA,0xFB,0x5D,0xFB,
  0xFF,0xFF,0xEB,0xB4,0x00,0x00,0x00,0x00,0x00,0x00,0x00,0x00,
  0x5A,0x92,0xAD,0x55,0x14,0xA5,0x29,0x49,0x49,0x4B,0xFF,0xFF,
  0xAB,0x6B,0x6D,0xB5,0x55,0xB5,0xB2,0xA5,0x08,0x00,0x00,0x21,
  0x4A,0xDF,0xFD,0x00,0x5F,0xFF,0xFE,0xFE,0xDF,0xFF,0xFF,0xFF,
  0xFE,0xBA,0xED,0x50,0x92,0x49,0x49,0x55,0x2A,0x52,0xA4,0xA5,
  0x55,0x2A,0xBB,0xFB,0xB7,0x5F,0xF7,0xFF,0xFF,0x7E,0xBE,0xC0,
  0x00,0x00,0x00,0x00,0x00,0x00,0x00,0x00,0x2A,0xAA,0x92,0xAA,
  0xAA,0x52,0xA5,0x55,0x55,0x29,0x55,0x56,0x94,0x94,0x92,0x4A,
  0xAA,0x4A,0x4A,0x54,0x42,0x00,0x00,0x86,0xB5,0x50,0x00,0x5F,
  0xFF,0xF6,0xF7,0xBB,0xFE,0xDD,0xBE,0xDB,0xEB,0xFF,0xB7,0xAE,
  0xC9,0x7F,0xFF,0xFF,0xFF,0xFF,0xFF,0xFF,0xF5,0x55,0x6E,0xAF,
  0x7D,0xEA,0xBF,0xEF,0xFF,0xEB,0xF6,0x00,0x00,0x00,0x00,0x00,
  0x00,0x00,0x00,0x00,0x35,0x55,0x55,0x29,0x55,0x55,0x55,0x55,
  0x2A,0xAA,0xA9,0x52,0x55,0x52,0xAA,0xA9,0x49,0x55,0x55,0x4A,
  0x10,0x40,0x00,0x28,0x00,0x05,0x56,0xAF,0xF6,0xFF,0xFE,0xFF,
  0xAB,0xB7,0xEB,0xFF,0x50,0x0A,0xFD,0xFB,0x55,0xFF,0xFF,0xFF,
  0xFF,0xFF,0xFF,0xFF,0xEA,0xAA,0xFB,0xFB,0xD7,0x7F,0xFF,0xFF,
  0xFD,0xFF,0xA8,0x00,0x00,0x00,0x00,0x00,0x00,0x00,0x00,0x00,
  0x16,0xAA,0xAA,0xAA,0xAA,0xAA,0xAA,0xAA,0xAA,0xAA,0xAA,0xAA,
  0xAA,0xAA,0xAA,0xAA,0xAA,0xA9,0x55,0x29,0x44,0x00,0x02,0x80,
  0x92,0xDA,0xAA,0xD5,0x5F,0xDF,0xDF,0xEF,0xFE,0xFD,0x7F,0x6D,
  0xED,0x64,0x02,0x24,0xAA,0xFF,0xFF,0xFF,0xFF,0xFF,0xFF,0xFF,
  0xD5,0x55,0xDE,0xDE,0xFD,0xAB,0x6F,0x7F,0xEF,0x5A,0x00,0x00,
  0x00,0x00,0x00,0x00,0x00,0x00,0x00,0x00,0x0B,0x5A,0xB5,0x55,
  0x55,0x55,0x55,0x55,0x55,0x55,0x55,0x55,0x55,0x55,0x55,0x55,
  0x55,0x55,0x55,0x54,0x11,0x00,0x08,0x16,0x55,0x6A,0xFF,0xFB,
  0xFB,0x7E,0xFB,0xFE,0xFF,0xAB,0xAD,0xDF,0xB2,0x95,0xDA,0xAA,
  0xA5,0xAA,0xAA,0xAA,0xFF,0xFF,0xFF,0xFF,0xAA,0xDB,0xF7,0xF7,
  0xEF,0xFF,0xFF,0xFE,0xBB,0xE8,0x00,0x00,0x00,0x00,0x00,0x00,
  0x00,0x00,0x00,0x00,0x06,0xED,0xAB,0x6D,0xB5,0x55,0x5A,0xAA,
  0xAA,0xAA,0xAA,0xAA,0xAA,0xAA,0xAA,0xAA,0xAA,0xAA,0xAA,0xA9,
  0x44,0x52,0xB5,0x51,0x48,0x95,0x15,0x7E,0xDF,0xF7,0xDE,0xDB,
  0xDB,0xFE,0xF7,0x75,0x6A,0xD5,0x2A,0xAA,0x95,0x55,0x55,0x55,
  0x3F,0xFF,0xFF,0xFF,0xB6,0xAE,0xDF,0x7F,0x7D,0x6D,0xBD,0xF7,
  0xEE,0x00,0x00,0x00,0x00,0x00,0x00,0x00,0x00,0x00,0x00,0x00,
  0x01,0xB6,0xDD,0xB6,0xD6,0xFB,0x6B,0x6D,0xB6,0xDB,0x55,0x55,
  0x55,0x55,0x55,0x55,0x55,0xAA,0xAA,0xD2,0xA9,0x5F,0xFF,0xFF,
  0xB6,0xA0,0xA2,0x97,0xFE,0xFD,0x77,0xFF,0x7E,0xDF,0xDD,0xAF,
  0xB5,0x2A,0xAA,0xAA,0xAA,0xAA,0xAA,0xAA,0x8D,0xDD,0xDF,0x7B,
  0x55,0x6F,0xFD,0xDB,0xEF,0xFF,0xFF,0xBA,0xD0,0x00,0x00,0x00,
  0x00,0x00,0x00,0x00,0x00,0x00,0x00,0x00,0x00,0xDB,0x6A,0xD5,
  0x5B,0x55,0xAD,0xB6,0xDB,0x6D,0x6D,0xAA,0xDA,0xAD,0xB6,0xDA,
  0xB6,0xB6,0xD5,0x4A,0x15,0x7B,0x7D,0xBF,0xFF,0xFE,0x99,0x55,
  0xFF,0xFF,0xFD,0xB7,0xEF,0xFF,0xFF,0xFA,0xDA,0x91,0x55,0x55,
  0x55,0x55,0x55,0x55,0x7F,0xFF,0xFF,0xFE,0xDB,0xBB,0x77,0xFF,
  0x7B,0x56,0xED,0xDF,0x00,0x00,0x00,0x00,0x00,0x00,0x00,0x00,
  0x00,0x00,0x00,0x00,0x00,0x2D,0xBD,0x6D,0xAD,0x5A,0xB6,0xAA,
  0xAA,0xAA,0xB5,0x6D,0x6B,0x76,0xDB,0x56,0xDA,0xDB,0x5B,0x69,
  0x4A,0xBF,0xEF,0xF6,0xF7,0xB7,0xEA,0x56,0xD7,0xFF,0xF7,0x7D,
  0x7B,0x7B,0x7E,0xAF,0xFF,0xE8,0x2A,0xAA,0xDA,0xB5,0x5A,0xB6,
  0xBF,0xFF,0xFB,0xFF,0x6D,0x7F,0xDF,0xB7,0xDF,0xFF,0xBF,0x70,
  0x00,0x00,0x00,0x00,0x00,0x00,0x00,0x00,0x00,0x00,0x00,0x00,
  0x00,0x0E,0xEB,0xB6,0xF6,0xEF,0x6B,0x77,0x77,0x6D,0xD6,0xB7,
  0xB5,0xAA,0xAA,0xDB,0x6B,0x55,0x6D,0xAA,0xAA,0xED,0xBE,0xDF,
  0xBE,0xFD,0xF5,0xAD,0xBB,0xEF,0xFD,0xD7,0xDF,0xEF,0xEB,0x80,
  0x00,0x28,0x0D,0xB6,0xAD,0xD6,0xD6,0xDA,0xCA,0x4A,0x55,0x55,
  0x56,0xEE,0xFE,0xFD,0xF6,0xED,0xF5,0x00,0x00,0x00,0x00,0x00,
  0x00,0x00,0x00,0x00,0x00,0x00,0x00,0x00,0x00,0x01,0xB6,0xDF,
  0x5B,0x5A,0xDD,0xAD,0xAD,0xB6,0xBB,0xDA,0xDE,0xDB,0x6D,0x6D,
  0xAD,0xBB,0xB6,0xD5,0x54,0x7F,0xF7,0xFB,0xF7,0xEF,0x6B,0x76,
  0xEF,0xFF,0xEF,0x7D,0x7B,0x7E,0xFF,0xA0,0x02,0x01,0x22,0xDB,
  0x6A,0xAB,0x6B,0x6B,0x75,0xB5,0xAE,0xDB,0xBB,0xFF,0xFB,0xEF,
  0x7F,0xBB,0x50,0x00,0x00,0x00,0x00,0x00,0x00,0x00,0x00,0x00,
  0x00,0x00,0x00,0x00,0x00,0x00,0x5F,0x75,0xEE,0xED,0xEE,0xFB,
  0x7B,0x6D,0xD6,0xB7,0x6B,0x6D,0xB7,0xB6,0xDA,0xD6,0xDB,0x6A,
  0xAA,0xB6,0xDE,0xFE,0xDF,0x7F,0xF5,0x57,0xB7,0x7F,0xFB,0xD7,
  0xEF,0xF7,0xB6,0xD4,0x90,0x84,0x08,0xAA,0xB7,0x7D,0xBA,0xAD,
  0xAE,0xDE,0xF5,0xAD,0x6E,0xDB,0xBF,0xFD,0xD5,0xEE,0x80,0x00,
  0x00,0x00,0x00,0x00,0x00,0x00,0x00,0x00,0x00,0x00,0x00,0x00,
  0x00,0x00,0x03,0xDE,0xBB,0xBF,0x5B,0xAE,0xD6,0xFB,0xED,0xDD,
  0xF5,0xB7,0x7A,0xDB,0x77,0x7B,0x6D,0xB6,0xD4,0x7F,0xFB,0xDB,
  0xFB,0xED,0xAA,0xAF,0xFF,0xFF,0xED,0x7D,0x7F,0xFF,0xFD,0xAA,
  0x04,0x20,0xA2,0x5D,0xDA,0xD6,0xD7,0xDA,0xD5,0x6B,0x5B,0x77,
  0xBB,0xFF,0xEF,0x6F,0xFF,0x50,0x00,0x00,0x00,0x00,0x00,0x00,
  0x00,0x00,0x00,0x00,0x00,0x00,0x00,0x00,0x00,0x00,0x00,0x77,
  0xEE,0xEB,0xFD,0xF7,0xFF,0xAE,0xBE,0xF7,0x5E,0xED,0xD7,0x76,
  0xDD,0xDD,0xB6,0xDB,0x59,0x2A,0xAF,0x77,0x6F,0x7F,0xF5,0x5D,
  0x7F,0xFE,0xFB,0xAF,0xFF,0xDE,0xDF,0xF5,0x51,0x15,0x09,0x2B,
  0x6F,0x6B,0x6D,0x6F,0x7B,0xBB,0xB7,0xBA,0xEF,0xBD,0xFD,0xFB,
  0x54,0x00,0x00,0x00,0x00,0x00,0x00,0x00,0x00,0x00,0x00,0x00,
  0x00,0x00,0x00,0x00,0x00,0x00,0x00,0x05,0x7B,0xBD,0x56,0xBD,
  0x55,0xF7,0xEB,0xBD,0xF7,0xBE,0xFD,0xDF,0xB7,0x6F,0xFF,0xF6,
  0xE8,0x7D,0xF5,0xDD,0xBD,0xDA,0xEA,0xAF,0xDB,0xFB,0xEE,0xF7,
  0xF6,0xFF,0xFE,0xBB,0x08,0xA0,0xA4,0x8E,0xDA,0xDD,0xBB,0xBA,
  0xD6,0xED,0x6D,0xDF,0xBE,0xF7,0x6F,0x5E,0xA0,0x00,0x00,0x00,
  0x00,0x00,0x00,0x00,0x00,0x00,0x00,0x00,0x00,0x00,0x00,0x00,
  0x00,0x00,0x00,0x00,0x17,0xEF,0xFF,0xD7,0xFE,0xBA,0xBE,0xD7,
  0xBA,0xEB,0xAF,0x75,0xFD,0xF5,0x55,0x5F,0x58,0x05,0x2A,0xAA,
  0xD7,0x77,0xAA,0xDF,0xED,0x57,0xFB,0xBD,0x5F,0x6B,0xFB,0xA4,
  0xA5,0x15,0x12,0x63,0xBF,0xB7,0xDD,0xDF,0xBF,0x77,0xFE,0xEA,
  0xF7,0xFF,0xDB,0xE0,0x00,0x00,0x00,0x00,0x00,0x00,0x00,0x00,
  0x00,0x00,0x00,0x00,0x00,0x00,0x00,0x00,0x00,0x00,0x00,0x00,
  0x10,0x35,0x55,0x7D,0x6F,0xDF,0xEB,0xFD,0xEF,0xBE,0xF5,0xDE,
  0xAF,0x5F,0xFF,0xFB,0xE8,0x75,0x55,0x57,0x6A,0xDD,0xEA,0x5A,
  0x76,0xDF,0x6F,0xFF,0xFB,0xFE,0xAE,0xDA,0x52,0x48,0xD5,0x2D,
  0xEA,0xFD,0x77,0x6A,0xEB,0xBD,0x57,0x7F,0xBE,0xAB,0x7A,0x00,
  0x00,0x00,0x00,0x00,0x00,0x00,0x00,0x00,0x00,0x00,0x00,0x00,
  0x00,0x00,0x00,0x00,0x00,0x00,0x00,0x00,0x00,0x00,0xAF,0xEF,
  0xDA,0xF6,0xBE,0xB7,0x7B,0xEB,0xBF,0x7B,0xFB,0xF6,0xAD,0x6E,
  0xB8,0x15,0xBB,0x7A,0xB7,0x56,0xA9,0x4F,0xDB,0x77,0xFF,0xEB,
  0x6E,0xAD,0xFB,0x6A,0xA9,0x56,0x55,0xB5,0x7F,0xB7,0xDD,0xFF,
  0xBD,0xEF,0xFD,0xD5,0xEB,0xFD,0x00,0x00,0x00,0x00,0x00,0x00,
  0x00,0x00,0x00,0x00,0x00,0x00,0x00,0x00,0x00,0x00,0x00,0x00,
  0x00,0x00,0x00,0x00,0x00,0x00,0x00,0x08,0xB7,0x5F,0xF7,0xFD,
  0xDE,0xBE,0xED,0xEE,0xDD,0x7B,0xFB,0xDB,0xE8,0x6E,0xEF,0xDF,
  0xDD,0xFB,0xE5,0x5B,0xFE,0xDE,0xFF,0xBD,0xDB,0xF7,0x56,0xAA,
  0x95,0x49,0x55,0x57,0xD6,0xFD,0xF7,0x55,0xEF,0x75,0xB7,0x7F,
  0x7E,0x80,0x00,0x00,0x00,0x00,0x00,0x00,0x00,0x00,0x00,0x00,
  0x00,0x00,0x00,0x00,0x00,0x00,0x00,0x00,0x00,0x00,0x00,0x00,
  0x00,0x00,0x00,0x00,0x00,0x08,0x14,0x95,0x6B,0x6B,0xB7,0x7B,
  0xB7,0xDE,0xAF,0x7F,0x78,0x3F,0xBD,0x75,0xF7,0x5E,0xA0,0x4D,
  0xFF,0xF7,0xFF,0x6F,0x7E,0xBD,0xFB,0xF6,0xD5,0x56,0xAD,0xDD,
  0xFF,0xD7,0x5F,0xFF,0x7B,0xBF,0x7D,0xEA,0x80,0x00,0x00,0x00,
  0x00,0x00,0x00,0x00,0x00,0x00,0x00,0x00,0x00,0x00,0x00,0x00,
  0x00,0x00,0x00,0x00,0x00,0x00,0x00,0x00,0x00,0x00,0x00,0x00,
  0x00,0x00,0x00,0x00,0x00,0x00,0x00,0x0C,0x00,0x00,0x00,0xA0,
  0x04,0x76,0xF7,0xFF,0x7F,0xF7,0xFB,0x35,0x5B,0xFF,0xED,0xFB,
  0xD7,0xD7,0x56,0xAD,0x6D,0xBB,0xDB,0x77,0x55,0x7D,0xF5,0x5B,
  0xAD,0xED,0xD6,0x88,0x00,0x00,0x00,0x00,0x00,0x00,0x00,0x00,
  0x00,0x00,0x00,0x00,0x00,0x00,0x00,0x00,0x00,0x00,0x00,0x00,
  0x00,0x00,0x00,0x00,0x00,0x00,0x00,0x00,0x00,0x00,0x00,0x00,
  0x00,0x00,0x00,0x08,0x00,0x00,0x00,0x60,0x05,0x3F,0xFF,0xDF,
  0xED,0xFE,0xD5,0xA9,0xB7,0xFE,0xBB,0x5D,0x7D,0x7B,0xFF,0xF7,
  0xBB,0x6D,0x7F,0xFF,0xFF,0xDF,0xBF,0xF6,0xFE,0xAA,0x00,0x00,
  0x00,0x00,0x00,0x00,0x00,0x00,0x00,0x00,0x00,0x00,0x00,0x00,
  0x00,0x00,0x00,0x00,0x00,0x00,0x00,0x00,0x00,0x00,0x00,0x00,
  0x00,0x00,0x00,0x00,0x00,0x00,0x00,0x00,0x00,0x00,0x00,0x08,
  0x00,0x00,0x00,0x50,0x04,0x7D,0xDE,0xFB,0xBF,0xBB,0xEA,0xA9,
  0x5B,0x7F,0xEF,0xF7,0xD7,0xDE,0xAA,0xBD,0xEF,0xF7,0xEA,0x80,
  0x00,0x20,0x40,0x08,0x00,0x00,0x00,0x00,0x00,0x00,0x00,0x00,
  0x00,0x00,0x00,0x00,0x00,0x00,0x00,0x00,0x00,0x00,0x00,0x00,
  0x00,0x00,0x00,0x00,0x00,0x00,0x00,0x00,0x00,0x00,0x00,0x00,
  0x00,0x00,0x00,0x00,0x00,0x00,0x00,0x00,0x00,0x00,0x00,0x20,
  0x05,0x6F,0xFB,0xFE,0xFF,0xEF,0xED,0x5B,0x6D,0xAF,0xFE,0xFF,
  0x7E,0xF7,0xFF,0xEF,0x7D,0xBD,0x07,0x00,0x00,0x00,0x00,0x00,
  0x00,0x00,0x00,0x00,0x00,0x00,0x00,0x00,0x00,0x00,0x00,0x00,
  0x00,0x00,0x00,0x00,0x00,0x00,0x00,0x00,0x00,0x00,0x00,0x00,
  0x00,0x00,0x00,0x00,0x00,0x00,0x00,0x00,0x00,0x00,0x00,0x00,
  0x00,0x00,0x00,0x00,0x00,0x00,0x00,0x00,0x05,0x7F,0xFF,0xB7,
  0xFB,0xFF,0xEB,0x6D,0xDB,0x76,0x2A,0x92,0xD5,0xAD,0x55,0x55,
  0x44,0x00,0x01,0x80,0x00,0x00,0x00,0x00,0x00,0x00,0x00,0x00,
  0x00,0x00,0x00,0x00,0x00,0x00,0x00,0x00,0x00,0x00,0x00,0x00,
  0x00,0x00,0x00,0x00,0x00,0x00,0x00,0x00,0x00,0x00,0x00,0x00,
  0x00,0x00,0x00,0x00,0x00,0x00,0x00,0x00,0x00,0x00,0x00,0x00,
  0x00,0x00,0x00,0x00,0x05,0xBE,0xEA,0xBF,0xFF,0x7F,0x7D,0xBF,
  0xFF,0xFE,0x00,0x00,0x00,0x06,0x80,0x00,0x00,0x00,0x02,0x80,
  0x00,0x00,0x00,0x00,0x00,0x00,0x00,0x00,0x00,0x00,0x00,0x00,
  0x00,0x00,0x00,0x00,0x00,0x00,0x00,0x00,0x00,0x00,0x00,0x00,
  0x00,0x00,0x00,0x00,0x00,0x00,0x00,0x00,0x00,0x00,0x00,0x00,
  0x00,0x00,0x00,0x00,0x00,0x00,0x00,0x00,0x00,0x00,0x00,0x00,
  0x06,0xFB,0xFE,0xBF,0xDF,0xFD,0xE6,0xDF,0xFF,0xFE,0x00,0x00,
  0x00,0x03,0x00,0x00,0x00,0x00,0x01,0x40,0x00,0x00,0x00,0x00,
  0x00,0x00,0x00,0x00,0x00,0x00,0x00,0x00,0x00,0x00,0x00,0x00,
  0x00,0x00,0x00,0x00,0x00,0x00,0x00,0x00,0x00,0x00,0x00,0x00,
  0x00,0x00,0x00,0x00,0x00,0x00,0x00,0x00,0x00,0x00,0x00,0x00,
  0x00,0x00,0x00,0x00,0x00,0x00,0x00,0x00,0x05,0x7F,0xFF,0xFF,
  0x7F,0xEF,0xFB,0x7B,0xBD,0xDC,0x00,0x00,0x00,0x01,0x80,0x00,
  0x00,0x00,0x00,0x80,0x00,0x00,0x00,0x00,0x00,0x00,0x00,0x00,
  0x00,0x00,0x00,0x00,0x00,0x00,0x00,0x00,0x00,0x00,0x00,0x00,
  0x00,0x00,0x00,0x00,0x00,0x00,0x00,0x00,0x00,0x00,0x00,0x00,
  0x00,0x00,0x00,0x00,0x00,0x00,0x00,0x00,0x00,0x00,0x00,0x00,
  0x00,0x00,0x00,0x00,0x07,0xBF,0xFF,0xFD,0xFD,0xFF,0xED,0xAF,
  0xFF,0xFC,0x00,0x00,0x00,0x00,0x80,0x00,0x00,0x00,0x00,0x00,
  0x00,0x00,0x00,0x00,0x00,0x00,0x00,0x00,0x00,0x00,0x00,0x00,
  0x00,0x00,0x00,0x00,0x00,0x00,0x00,0x00,0x00,0x00,0x00,0x00,
  0x00,0x00,0x00,0x00,0x00,0x00,0x00,0x00,0x00,0x00,0x00,0x00,
  0x00,0x00,0x00,0x00,0x00,0x00,0x00,0x00,0x00,0x00,0x00,0x00,
  0x02,0xFF,0xB6,0xF7,0xFF,0xFF,0xEE,0xFF,0xFF,0xFC,0x00,0x00,
  0x00,0x00,0x00,0x00,0x00,0x00,0x00,0x00,0x00,0x00,0x00,0x00,
  0x00,0x00,0x00,0x00,0x00,0x00,0x00,0x00,0x00,0x00,0x00,0x00,
  0x00,0x00,0x00,0x00,0x00,0x00,0x00,0x00,0x00,0x00,0x00,0x00,
  0x00,0x00,0x00,0x00,0x00,0x00,0x00,0x00,0x00,0x00,0x00,0x00,
  0x00,0x00,0x00,0x00,0x00,0x00,0x00,0x00,0x07,0x7B,0xFF,0xFF,
  0xFF,0xDF,0xF5,0xBF,0xFF,0xE0,0x00,0x00,0x00,0x00,0x00,0x00,
  0x00,0x00,0x00,0x00,0x00,0x00,0x00,0x00,0x00,0x00,0x00,0x00,
  0x00,0x00,0x00,0x00,0x00,0x00,0x00,0x00,0x00,0x00,0x00,0x00,
  0x00,0x00,0x00,0x00,0x00,0x00,0x00,0x00,0x00,0x00,0x00,0x00,
  0x00,0x00,0x00,0x00,0x00,0x00,0x00,0x00,0x00,0x00,0x00,0x00,
  0x00,0x00,0x00,0x00,0x05,0xEF,0xFF,0xFF,0xF7,0xFE,0xDF,0xDF,
  0xFD,0x00,0x00,0x00,0x00,0x00,0x00,0x00,0x00,0x00,0x00,0x00,
  0x00,0x00,0x00,0x00,0x00,0x00,0x00,0x00,0x00,0x00,0x00,0x00,
  0x00,0x00,0x00,0x00,0x00,0x00,0x00,0x00,0x00,0x00,0x00,0x00,
  0x00,0x00,0x00,0x00,0x00,0x00,0x00,0x00,0x00,0x00,0x00,0x00,
  0x00,0x00,0x00,0x00,0x00,0x00,0x00,0x00,0x00,0x00,0x00,0x00,
  0x03,0x7F,0xFE,0xFF,0xFF,0xFF,0xF6,0xFF,0xD0,0x00,0x00,0x00,
  0x00,0x00,0x00,0x00,0x00,0x00,0x00,0x00,0x00,0x00,0x00,0x00,
  0x00,0x00,0x00,0x00,0x00,0x00,0x00,0x00,0x00,0x00,0x00,0x00,
  0x00,0x00,0x00,0x00,0x00,0x00,0x00,0x00,0x00,0x00,0x00,0x00,
  0x00,0x00,0x00,0x00,0x00,0x00,0x00,0x00,0x00,0x00,0x00,0x00,
  0x00,0x00,0x00,0x00,0x00,0x00,0x00,0x00,0x07,0xFF,0xFF,0xEF,
  0xBF,0xFF,0xFF,0xBC,0x00,0x00,0x00,0x00,0x00,0x00,0x00,0x00,
  0x00,0x00,0x00,0x00,0x00,0x00,0x00,0x00,0x00,0x00,0x00,0x00,
  0x00,0x00,0x00,0x00,0x00,0x00,0x00,0x00,0x00,0x00,0x00,0x00,
  0x00,0x00,0x00,0x00,0x00,0x00,0x00,0x00,0x00,0x00,0x00,0x00,
  0x00,0x00,0x00,0x00,0x00,0x00,0x00,0x00,0x00,0x00,0x00,0x00,
  0x00,0x00,0x00,0x00,0x03,0xBF,0xDF,0xBE,0xFF,0x7F,0xEB,0xF0,
  0x00,0x00,0x00,0x00,0x00,0x00,0x00,0x00,0x00,0x00,0x00,0x00,
  0x00,0x00,0x00,0x00,0x00,0x00,0x00,0x00,0x00,0x00,0x00,0x00,
  0x00,0x00,0x00,0x00,0x00,0x00,0x00,0x00,0x00,0x00,0x00,0x00,
  0x00,0x00,0x00,0x00,0x00,0x00,0x00,0x00,0x00,0x00,0x00,0x00,
  0x00,0x00,0x00,0x00,0x00,0x00,0x00,0x00,0x00,0x00,0x00,0x00,
  0x06,0xFF,0xFF,0xFF,0xFF,0xFF,0xFE,0xF0,0x00,0x00,0x00,0x00,
  0x00,0x00,0x00,0x00,0x00,0x00,0x00,0x00,0x00,0x00,0x00,0x00,
  0x00,0x00,0x00,0x00,0x00,0x00,0x00,0x00,0x00,0x00,0x00,0x00,
  0x00,0x00,0x00,0x00,0x00,0x00,0x00,0x00,0x00,0x00,0x00,0x00,
  0x00,0x00,0x00,0x00,0x00,0x00,0x00,0x00,0x00,0x00,0x00,0x00,
  0x00,0x00,0x00,0x00,0x00,0x00,0x00,0x00,0x03,0xFF,0xFF,0xFF,
  0xFF,0xFD,0xEF,0xD0,0x00,0x00,0x00,0x00,0x00,0x00,0x00,0x00,
  0x00,0x00,0x00,0x00,0x00,0x00,0x00,0x00,0x00,0x00,0x00,0x00,
  0x00,0x00,0x00,0x00,0x00,0x00,0x00,0x00,0x00,0x00,0x00,0x00,
  0x00,0x00,0x00,0x00,0x00,0x00,0x00,0x00,0x00,0x00,0x00,0x00,
  0x00,0x00,0x00,0x00,0x00,0x00,0x00,0x00,0x00,0x00,0x00,0x00,
  0x00,0x00,0x00,0x00,0x07,0xFF,0xFF,0xFF,0xFF,0xFF,0xFF,0xFE,
  0x00,0x00,0x00,0x00,0x00,0x00,0x00,0x00,0x00,0x00,0x00,0x00,
  0x00,0x00,0x00,0x00,0x00,0x00,0x00,0x00,0x00,0x00,0x00,0x00,
  0x00,0x00,0x00,0x00,0x00,0x00,0x00,0x00,0x00,0x00,0x00,0x00,
  0x00,0x00,0x00,0x00,0x00,0x00,0x00,0x00,0x00,0x00,0x00,0x00,
  0x00,0x00,0x00,0x00,0x00,0x00,0x00,0x00,0x00,0x00,0x00,0x00,
  0x03,0x7F,0xFE,0xFF,0xFF,0xFF,0xFB,0x70,0x00,0x00,0x00,0x00,
  0x00,0x00,0x00,0x00,0x00,0x00,0x00,0x00,0x00,0x00,0x00,0x00,
  0x00,0x00,0x00,0x00,0x00,0x00,0x00,0x00,0x00,0x00,0x00,0x00,
  0x00,0x00,0x00,0x00,0x00,0x00,0x00,0x00,0x00,0x00,0x00,0x00,
  0x00,0x00,0x00,0x00,0x00,0x00,0x00,0x00,0x00,0x00,0x00,0x00,
  0x00,0x00,0x00,0x00,0x00,0x00,0x00,0x00,0x03,0xFF,0xFF,0xFF,
  0xFF,0xFF,0xFF,0x80,0x00,0x00,0x00,0x00,0x00,0x00,0x00,0x00,
  0x00,0x00,0x00,0x00,0x00,0x00,0x00,0x00,0x00,0x00,0x00,0x00,
  0x00,0x00,0x00,0x00,0x00,0x00,0x00,0x00,0x00,0x00,0x00,0x00,
  0x00,0x00,0x00,0x00,0x00,0x00,0x00,0x00,0x00,0x00,0x00,0x00,
  0x00,0x00,0x00,0x00,0x00,0x00,0x00,0x00,0x00,0x00,0x00,0x00,
  0x00,0x00,0x00,0x00,0x01,0xFF,0x7F,0xFF,0xFF,0xFF,0xD0,0x00,
  0x00,0x00,0x00,0x00,0x00,0x00,0x00,0x00,0x00,0x00,0x00,0x00,
  0x00,0x00,0x00,0x00,0x00,0x00,0x00,0x00,0x00,0x00,0x00,0x00,
  0x00,0x00,0x00,0x00,0x00,0x00,0x00,0x00,0x00,0x00,0x00,0x00,
  0x00,0x00,0x00,0x00,0x00,0x00,0x00,0x00,0x00,0x00,0x00,0x00,
  0x00,0x00,0x00,0x00,0x00,0x00,0x00,0x00,0x00,0x00,0x00,0x00,
  0x00,0x3F,0xFF,0xFF,0xFF,0xE8,0x00,0x00,0x00,0x00,0x00,0x00,
  0x00,0x00,0x00,0x00,0x00,0x00,0x00,0x00,0x00,0x00,0x00,0x00,
  0x00,0x00,0x00,0x00,0x00,0x00,0x00,0x00,0x00,0x00,0x00,0x00,
  0x00,0x00,0x00,0x00,0x00,0x00,0x00,0x00,0x00,0x00,0x00,0x00,
  0x00,0x00,0x00,0x00,0x00,0x00,0x00,0x00,0x00,0x00,0x00,0x00,
  0x00,0x00,0x00,0x00,0x00,0x00,0x00,0x00,0x00,0x00,0xAA,0xDA,
  0xE8,0x00,0x00,0x00,0x00,0x00,0x00,0x00,0x00,0x00,0x00,0x00,
  0x00,0x00,0x00,0x00,0x00,0x00,0x00,0x00,0x00,0x00,0x00,0x00,
  0x00,0x00,0x00,0x00,0x00,0x00,0x00,0x00,0x00,0x00,0x00,0x00,
  0x00,0x00,0x00,0x00,0x00,0x00,0x00,0x00,0x00,0x00,0x00,0x00,
  0x00,0x00,0x00,0x00,0x00,0x00,0x00,0x00,0x00,0x00,0x00,0x00,
  0x00,0x00,0x00,0x00,0x00,0x00,0x00,0x00,0x60,0x00,0x00,0x00,
  0x00,0x00,0x00,0x00,0x00,0x00,0x00,0x00,0x00,0x00,0x00,0x00,
  0x00,0x00,0x00,0x00,0x00,0x00,0x00,0x00,0x00,0x00,0x00,0x00,
  0x00,0x00,0x00,0x00,0x00,0x00,0x00,0x00,0x00,0x00,0x00,0x00,
  0x00,0x00,0x00,0x00,
};
static const uint8_t branded_hal[] PROGMEM = {
  0x00,0x00,0x00,0x00,0x00,0x00,0x00,0x00,0x00,0x00,0x00,0x00,
  0x00,0x00,0x00,0x00,0x00,0x00,0x00,0x00,0x00,0x00,0x00,0x00,
  0x00,0x00,0x00,0x00,0x00,0x00,0x00,0x00,0x00,0x00,0x00,0x00,
  0x00,0x00,0x00,0x00,0x00,0x00,0x00,0x00,0x00,0x00,0x00,0x00,
  0x00,0x00,0x00,0x00,0x00,0x00,0x00,0x00,0x00,0x00,0x00,0x00,
  0x00,0x00,0x00,0x05,0x77,0x7B,0x00,0x00,0x00,0x00,0x00,0x00,
  0x00,0x00,0x00,0x00,0x00,0x00,0x00,0x00,0x00,0x00,0x00,0x00,
  0x00,0x00,0x00,0x00,0x00,0x00,0x00,0x00,0x00,0x00,0x00,0x00,
  0x00,0x00,0x00,0x00,0x00,0x00,0x00,0x00,0x00,0x00,0x00,0x00,
  0x00,0x00,0x00,0x00,0x00,0x00,0x00,0x00,0x00,0x00,0x00,0x00,
  0x00,0x00,0x00,0x00,0x00,0x00,0x00,0x00,0x00,0x00,0x00,0x5F,
  0xDF,0xFF,0x80,0x00,0x00,0x00,0x00,0x00,0x00,0x00,0x00,0x00,
  0x00,0x00,0x00,0x00,0x00,0x00,0x00,0x00,0x00,0x00,0x00,0x00,
  0x00,0x00,0x00,0x00,0x00,0x00,0x00,0x00,0x00,0x00,0x00,0x00,
  0x00,0x00,0x00,0x00,0x00,0x00,0x00,0x00,0x00,0x00,0x00,0x00,
  0x00,0x00,0x00,0x00,0x00,0x00,0x00,0x00,0x00,0x00,0x00,0x00,
  0x00,0x00,0x00,0x00,0x00,0x00,0x00,0xF5,0xFD,0xDF,0x80,0x00,
  0x00,0x00,0x00,0x00,0x00,0x00,0x00,0x00,0x00,0x00,0x00,0x00,
  0x00,0x00,0x00,0x00,0x00,0x00,0x00,0x00,0x00,0x00,0x00,0x00,
  0x00,0x00,0x00,0x00,0x00,0x00,0x00,0x00,0x00,0x00,0x00,0x00,
  0x00,0x00,0x00,0x00,0x00,0x00,0x00,0x00,0x00,0x00,0x00,0x00,
  0x00,0x00,0x00,0x00,0x00,0x00,0x00,0x00,0x00,0x00,0x00,0x00,
  0x00,0x00,0x03,0x5F,0x77,0xFB,0x00,0x00,0x00,0x00,0x00,0x00,
  0x00,0x00,0x00,0x00,0x00,0x00,0x00,0x00,0x00,0x00,0x00,0x00,
  0x00,0x00,0x00,0x00,0x00,0x00,0x00,0x00,0x00,0x00,0x00,0x00,
  0x00,0x00,0x00,0x00,0x00,0x00,0x00,0x00,0x00,0x00,0x00,0x00,
  0x00,0x00,0x00,0x00,0x00,0x00,0x00,0x00,0x00,0x00,0x00,0x00,
  0x00,0x00,0x00,0x00,0x00,0x00,0x00,0x00,0x00,0x00,0x01,0xF7,
  0xDF,0xFF,0x00,0x00,0x00,0x00,0x00,0x00,0x00,0x00,0x00,0x00,
  0x00,0x00,0x00,0x00,0x00,0x00,0x00,0x00,0x00,0x00,0x00,0x00,
  0x00,0x00,0x00,0x00,0x00,0x00,0x00,0x00,0x00,0x00,0x00,0x00,
  0x00,0x00,0x00,0x00,0x00,0x00,0x00,0x00,0x00,0x00,0x00,0x00,
  0x00,0x00,0x00,0x00,0x00,0x00,0x00,0x00,0x00,0x00,0x00,0x00,
  0x00,0x00,0x00,0x00,0x00,0x00,0x05,0x5D,0xFF,0x7F,0x00,0x00,
  0x00,0x00,0x00,0x00,0x00,0x00,0x00,0x00,0x00,0x00,0x00,0x00,
  0x00,0x00,0x00,0x00,0x00,0x00,0x00,0x00,0x00,0x00,0x00,0x00,
  0x00,0x00,0x00,0x00,0x00,0x00,0x00,0x00,0x00,0x00,0x00,0x00,
  0x00,0x00,0x00,0x00,0x00,0x00,0x00,0x00,0x00,0x00,0x00,0x00,
  0x00,0x00,0x00,0x00,0x00,0x00,0x00,0x00,0x00,0x00,0x00,0x00,
  0x00,0x00,0x0B,0xFF,0x7B,0xEE,0x00,0x00,0x00,0x00,0x00,0x00,
  0x00,0x00,0x00,0x00,0x00,0x00,0x00,0x00,0x00,0x00,0x00,0x00,
  0x00,0x00,0x00,0x00,0x00,0x00,0x00,0x00,0x00,0x00,0x00,0x00,
  0x00,0x00,0x00,0x00,0x00,0x00,0x00,0x00,0x00,0x00,0x00,0x00,
  0x00,0x00,0x00,0x00,0x00,0x00,0x00,0x00,0x00,0x00,0x00,0x00,
  0x00,0x00,0x00,0x00,0x00,0x00,0x00,0x00,0x00,0x00,0x16,0xD7,
  0xEF,0xFE,0x00,0x00,0x00,0x00,0x00,0x00,0x00,0x00,0x00,0x00,
  0x00,0x00,0x00,0x00,0x00,0x00,0x00,0x00,0x00,0x00,0x00,0x00,
  0x00,0x00,0x00,0x00,0x00,0x00,0x00,0x00,0x00,0x00,0x00,0x00,
  0x00,0x00,0x00,0x00,0x00,0x00,0x00,0x00,0x00,0x00,0x00,0x00,
  0x00,0x00,0x00,0x00,0x00,0x00,0x00,0x00,0x00,0x00,0x00,0x00,
  0x00,0x00,0x00,0x00,0x00,0x00,0x2D,0xFD,0xFF,0xFE,0x00,0x00,
  0x00,0x00,0x00,0x00,0x00,0x00,0x00,0x00,0x00,0x00,0x00,0x00,
  0x00,0x00,0x00,0x00,0x00,0x00,0x00,0x00,0x00,0x00,0x00,0x00,
  0x00,0x00,0x00,0x00,0x00,0x00,0x00,0x00,0x00,0x00,0x00,0x00,
  0x00,0x00,0x00,0x00,0x00,0x00,0x00,0x00,0x00,0x00,0x00,0x00,
  0x00,0x00,0x00,0x00,0x00,0x00,0x00,0x00,0x00,0x00,0x00,0x00,
  0x00,0x00,0x2F,0x6F,0xBF,0x7C,0x00,0x00,0x00,0x00,0x00,0x00,
  0x00,0x00,0x00,0x00,0x00,0x00,0x00,0x00,0x00,0x00,0x00,0x00,
  0x00,0x00,0x00,0x00,0x00,0x00,0x00,0x00,0x00,0x00,0x00,0x00,
  0x00,0x00,0x00,0x00,0x00,0x00,0x00,0x00,0x00,0x00,0x00,0x00,
  0x00,0x00,0x00,0x00,0x00,0x00,0x00,0x00,0x00,0x00,0x00,0x00,
  0x00,0x00,0x00,0x00,0x00,0x00,0x00,0x00,0x00,0x00,0xB5,0xFE,
  0xFD,0xF6,0x00,0x00,0x00,0x00,0x00,0x00,0x00,0x00,0x00,0x00,
  0x00,0x00,0x00,0x00,0x00,0x00,0x00,0x00,0x00,0x00,0x00,0x00,
  0x00,0x00,0x00,0x00,0x00,0x00,0x00,0x00,0x00,0x00,0x00,0x00,
  0x00,0x00,0x00,0x00,0x00,0x00,0x00,0x00,0x00,0x00,0x00,0x00,
  0x00,0x00,0x00,0x00,0x00,0x00,0x00,0x00,0x00,0x00,0x00,0x00,
  0x00,0x00,0x00,0x00,0x00,0x00,0xAF,0x6F,0xF7,0xFC,0x00,0x00,
  0x00,0x00,0x00,0x00,0x00,0x00,0x00,0x00,0x00,0x00,0x00,0x00,
  0x00,0x00,0x00,0x00,0x00,0x00,0x00,0x00,0x00,0x00,0x00,0x00,
  0x00,0x00,0x00,0x00,0x00,0x00,0x00,0x00,0x00,0x00,0x00,0x00,
  0x00,0x00,0x00,0x00,0x00,0x00,0x00,0x00,0x00,0x00,0x00,0x00,
  0x00,0x00,0x00,0x00,0x00,0x00,0x00,0x00,0x00,0x00,0x00,0x00,
  0x00,0x01,0x7B,0xFB,0xBF,0xFC,0x00,0x00,0x00,0x00,0x00,0x00,
  0x00,0x00,0x00,0x00,0x00,0x00,0x00,0x00,0x00,0x00,0x00,0x00,
  0x00,0x00,0x00,0x00,0x00,0x00,0x00,0x00,0x00,0x00,0x00,0x00,
  0x00,0x00,0x00,0x00,0x00,0x00,0x00,0x00,0x00,0x00,0x00,0x00,
  0x00,0x00,0x00,0x00,0x00,0x00,0x00,0x00,0x00,0x00,0x00,0x00,
  0x00,0x00,0x00,0x00,0x00,0x00,0x00,0x00,0x00,0x02,0xAE,0xDE,
  0xFF,0xF8,0x00,0x00,0x00,0x00,0x00,0x00,0x00,0x00,0x00,0x00,
  0x00,0x00,0x00,0x00,0x00,0x00,0x00,0x00,0x00,0x00,0x00,0x00,
  0x00,0x00,0x00,0x00,0x00,0x00,0x00,0x00,0x00,0x00,0x00,0x00,
  0x00,0x00,0x00,0x00,0x00,0x00,0x00,0x00,0x00,0x00,0x00,0x00,
  0x00,0x00,0x00,0x00,0x00,0x00,0x00,0x00,0x00,0x00,0x00,0x00,
  0x00,0x00,0x00,0x00,0x00,0x05,0xFB,0xFB,0xFF,0xB8,0x00,0x00,
  0x00,0x00,0x00,0x00,0x00,0x00,0x00,0x00,0x00,0x00,0x00,0x00,
  0x00,0x00,0x00,0x00,0x00,0x00,0x00,0x00,0x00,0x00,0x00,0x00,
  0x00,0x00,0x00,0x00,0x00,0x00,0x00,0x00,0x00,0x00,0x00,0x00,
  0x00,0x00,0x00,0x00,0x00,0x00,0x00,0x00,0x00,0x00,0x00,0x00,
  0x00,0x00,0x00,0x00,0x00,0x00,0x00,0x00,0x00,0x00,0x00,0x00,
  0x00,0x0A,0xAF,0x6F,0xFD,0xF8,0x00,0x00,0x00,0x00,0x00,0x00,
  0x00,0x00,0x00,0x00,0x00,0x00,0x00,0x00,0x00,0x00,0x00,0x00,
  0x00,0x00,0x00,0x00,0x00,0x00,0x00,0x00,0x00,0x00,0x00,0x00,
  0x00,0x00,0x00,0x00,0x00,0x00,0x00,0x00,0x00,0x00,0x00,0x00,
  0x00,0x00,0x00,0x00,0x00,0x00,0x00,0x00,0x00,0x00,0x00,0x00,
  0x00,0x00,0x00,0x00,0x00,0x00,0x00,0x00,0x00,0x0B,0xFD,0xFF,
  0xEF,0xF8,0x00,0x00,0x00,0x00,0x00,0x00,0x00,0x00,0x00,0x00,
  0x00,0x00,0x00,0x00,0x00,0x00,0x00,0x00,0x00,0x00,0x00,0x00,
  0x00,0x00,0x00,0x00,0x00,0x00,0x00,0x00,0x00,0x00,0x00,0x00,
  0x00,0x00,0x00,0x00,0x00,0x00,0x00,0x00,0x00,0x00,0x00,0x00,
  0x00,0x00,0x00,0x00,0x00,0x00,0x00,0x00,0x00,0x00,0x00,0x00,
  0x00,0x00,0x00,0x00,0x00,0x16,0xAF,0xBD,0xFF,0xF0,0x00,0x00,
  0x00,0x00,0x00,0x00,0x00,0x00,0x00,0x00,0x00,0x00,0x00,0x00,
  0x00,0x00,0x00,0x00,0x00,0x00,0x00,0x00,0x00,0x00,0x00,0x00,
  0x00,0x00,0x00,0x00,0x00,0x00,0x00,0x00,0x00,0x00,0x00,0x00,
  0x00,0x00,0x00,0x00,0x00,0x00,0x00,0x00,0x00,0x00,0x00,0x00,
  0x00,0x00,0x00,0x00,0x00,0x00,0x00,0x00,0x00,0x00,0x00,0x00,
  0x00,0x2D,0xFB,0xF7,0xFF,0xF0,0x00,0x00,0x00,0x00,0x00,0x00,
  0x00,0x00,0x00,0x00,0x00,0x00,0x00,0x00,0x00,0x00,0x00,0x00,
  0x00,0x00,0x00,0x00,0x00,0x00,0x00,0x00,0x00,0x00,0x00,0x00,
  0x00,0x00,0x00,0x00,0x00,0x00,0x00,0x00,0x00,0x00,0x00,0x00,
  0x00,0x00,0x00,0x00,0x00,0x00,0x00,0x00,0x00,0x00,0x00,0x00,
  0x00,0x00,0x00,0x00,0x00,0x00,0x00,0x00,0x00,0x5B,0x6E,0xDF,
  0xBE,0xF0,0x00,0x00,0x00,0x00,0x00,0x00,0x00,0x00,0x00,0x00,
  0x00,0x00,0x00,0x00,0x00,0x00,0x00,0x00,0x00,0x00,0x00,0x00,
  0x00,0x00,0x00,0x00,0x00,0x00,0x00,0x00,0x00,0x00,0x00,0x00,
  0x00,0x00,0x00,0x00,0x00,0x00,0x00,0x00,0x00,0x00,0x00,0x00,
  0x00,0x00,0x00,0x00,0x00,0x00,0x00,0x00,0x00,0x00,0x00,0x00,
  0x00,0x00,0x00,0x00,0x00,0xB7,0xFF,0xFF,0xFB,0xE0,0x00,0x00,
  0x00,0x00,0x00,0x00,0x00,0x00,0x00,0x00,0x00,0x00,0x00,0x00,
  0x00,0x00,0x00,0x00,0x00,0x00,0x00,0x00,0x00,0x00,0x00,0x00,
  0x00,0x00,0x00,0x00,0x00,0x00,0x00,0x00,0x00,0x00,0x00,0x00,
  0x00,0x00,0x00,0x00,0x00,0x00,0x00,0x00,0x00,0x00,0x00,0x00,
  0x00,0x00,0x00,0x00,0x00,0x00,0x00,0x00,0x00,0x00,0x00,0x00,
  0x01,0x6D,0x5B,0x7F,0xFF,0xF0,0x00,0x00,0x00,0x00,0x00,0x00,
  0x00,0x00,0x00,0x00,0x00,0x00,0x00,0x00,0x00,0x00,0x00,0x00,
  0x00,0x00,0x00,0x00,0x00,0x00,0x00,0x00,0x00,0x00,0x00,0x00,
  0x00,0x00,0x00,0x00,0x00,0x00,0x00,0x00,0x00,0x00,0x00,0x00,
  0x00,0x00,0x00,0x00,0x00,0x00,0x00,0x00,0x00,0x00,0x00,0x00,
  0x00,0x00,0x00,0x00,0x00,0x00,0x00,0x00,0x02,0xBF,0xFF,0xED,
  0xFF,0xE0,0x00,0x00,0x00,0x00,0x00,0x00,0x00,0x00,0x00,0x00,
  0x00,0x00,0x00,0x00,0x00,0x00,0x00,0x00,0x00,0x00,0x00,0x00,
  0x00,0x00,0x00,0x00,0x00,0x00,0x00,0x00,0x00,0x00,0x00,0x00,
  0x00,0x00,0x00,0x00,0x00,0x00,0x00,0x00,0x00,0x00,0x00,0x00,
  0x00,0x00,0x00,0x00,0x00,0x00,0x00,0x00,0x00,0x00,0x00,0x00,
  0x00,0x00,0x00,0x00,0x02,0xEB,0x6D,0xFF,0xDF,0xC0,0x00,0x00,
  0x00,0x00,0x00,0x00,0x00,0x00,0x00,0x00,0x00,0x00,0x00,0x00,
  0x00,0x00,0x00,0x00,0x00,0x00,0x00,0x00,0x00,0x00,0x00,0x00,
  0x00,0x00,0x00,0x00,0x00,0x00,0x00,0x00,0x00,0x00,0x00,0x00,
  0x00,0x00,0x00,0x00,0x00,0x00,0x00,0x00,0x00,0x00,0x00,0x00,
  0x00,0x00,0x00,0x00,0x00,0x00,0x00,0x00,0x00,0x00,0x00,0x00,
  0x0B,0x7F,0xFF,0xBF,0xFE,0xE0,0x00,0x00,0x00,0x00,0x00,0x00,
  0x00,0x00,0x00,0x00,0x00,0x00,0x00,0x00,0x00,0x00,0x00,0x00,
  0x00,0x00,0x00,0x00,0x00,0x00,0x00,0x00,0x00,0x00,0x00,0x00,
  0x00,0x00,0x00,0x00,0x00,0x00,0x00,0x00,0x00,0x00,0x00,0x00,
  0x00,0x00,0x00,0x00,0x00,0x00,0x00,0x00,0x00,0x00,0x00,0x00,
  0x00,0x00,0x00,0x00,0x00,0x00,0x00,0x00,0x0A,0xD5,0x6D,0xFF,
  0xFB,0xC0,0x00,0x00,0x00,0x00,0x00,0x00,0x00,0x00,0x00,0x00,
  0x00,0x00,0x00,0x00,0x00,0x00,0x00,0x00,0x00,0x00,0x00,0x00,
  0x00,0x00,0x00,0x00,0x00,0x00,0x00,0x00,0x00,0x00,0x00,0x00,
  0x00,0x00,0x00,0x00,0x00,0x00,0x00,0x00,0x00,0x00,0x00,0x00,
  0x00,0x00,0x00,0x00,0x00,0x00,0x00,0x00,0x00,0x00,0x00,0x00,
  0x00,0x00,0x00,0x00,0x17,0xBF,0xFF,0xFB,0xBF,0xC0,0x00,0x00,
  0x00,0x00,0x00,0x00,0x00,0x00,0x00,0x00,0x00,0x00,0x00,0x00,
  0x00,0x00,0x00,0x00,0x00,0x00,0x00,0x00,0x00,0x00,0x00,0x00,
  0x00,0x00,0x00,0x00,0x00,0x00,0x00,0x00,0x00,0x00,0x00,0x00,
  0x00,0x00,0x00,0x00,0x00,0x00,0x00,0x00,0x00,0x00,0x00,0x00,
  0x00,0x00,0x00,0x00,0x00,0x00,0x00,0x00,0x00,0x00,0x00,0x00,
  0x2A,0xF7,0x6E,0xEF,0xFF,0xC0,0x00,0x00,0x00,0x00,0x00,0x00,
  0x00,0x00,0x00,0x00,0x00,0x00,0x00,0x00,0x00,0x00,0x00,0x00,
  0x00,0x00,0x00,0x00,0x00,0x00,0x00,0x00,0x00,0x00,0x00,0x00,
  0x00,0x00,0x00,0x00,0x00,0x00,0x00,0x00,0x00,0x00,0x00,0x00,
  0x00,0x00,0x00,0x00,0x00,0x00,0x00,0x00,0x00,0x00,0x00,0x00,
  0x00,0x00,0x00,0x00,0x00,0x00,0x00,0x00,0x5D,0xBD,0xFB,0xFF,
  0x7F,0x80,0x00,0x00,0x00,0x00,0x00,0x00,0x00,0x00,0x00,0x00,
  0x00,0x00,0x00,0x00,0x00,0x00,0x00,0x00,0x00,0x00,0x00,0x00,
  0x00,0x00,0x00,0x00,0x00,0x00,0x00,0x00,0x00,0x00,0x00,0x00,
  0x00,0x00,0x00,0x00,0x00,0x00,0x00,0x00,0x00,0x00,0x00,0x00,
  0x00,0x00,0x00,0x00,0x00,0x00,0x00,0x00,0x00,0x00,0x00,0x00,
  0x00,0x00,0x00,0x00,0xAB,0xEF,0xBF,0xAB,0xDF,0x80,0x00,0x00,
  0x00,0x00,0x00,0x00,0x00,0x00,0x00,0x00,0x00,0x00,0x00,0x00,
  0x00,0x00,0x00,0x00,0x00,0x00,0x00,0x00,0x00,0x00,0x00,0x00,
  0x00,0x00,0x00,0x00,0x00,0x00,0x00,0x00,0x00,0x00,0x00,0x00,
  0x00,0x00,0x00,0x00,0x00,0x00,0x00,0x00,0x00,0x00,0x00,0x00,
  0x00,0x00,0x00,0x00,0x00,0x00,0x00,0x00,0x00,0x00,0x00,0x00,
  0xBE,0xBD,0xFF,0xFE,0xF7,0x80,0x00,0x00,0x00,0x00,0x00,0x00,
  0x00,0x00,0x00,0x00,0x00,0x00,0x00,0x00,0x00,0x00,0x00,0x00,
  0x00,0x00,0x00,0x00,0x00,0x00,0x00,0x00,0x00,0x00,0x00,0x00,
  0x00,0x00,0x00,0x00,0x00,0x00,0x00,0x00,0x00,0x00,0x00,0x00,
  0x00,0x00,0x00,0x00,0x00,0x00,0x00,0x00,0x00,0x00,0x00,0x00,
  0x00,0x00,0x00,0x00,0x00,0x00,0x00,0x01,0x57,0xFF,0xFE,0xB7,
  0x5F,0x00,0x00,0x00,0x00,0x00,0x00,0x00,0x00,0x00,0x00,0x00,
  0x00,0x00,0x00,0x00,0x00,0x00,0x00,0x00,0x00,0x00,0x00,0x00,
  0x00,0x00,0x00,0x00,0x00,0x00,0x00,0x00,0x00,0x00,0x00,0x00,
  0x00,0x00,0x00,0x00,0x00,0x00,0x00,0x00,0x00,0x00,0x00,0x00,
  0x00,0x00,0x00,0x00,0x00,0x00,0x00,0x00,0x00,0x00,0x00,0x00,
  0x00,0x00,0x00,0x02,0xFA,0xEF,0xFD,0xDD,0xFB,0x00,0x00,0x00,
  0x00,0x00,0x00,0x00,0x00,0x00,0x00,0x00,0x00,0x00,0x00,0x00,
  0x00,0x00,0x00,0x00,0x00,0x00,0x00,0x00,0x00,0x00,0x00,0x00,
  0x00,0x00,0x00,0x00,0x00,0x00,0x00,0x00,0x00,0x00,0x00,0x00,
  0x00,0x00,0x00,0x00,0x00,0x00,0x00,0x00,0x00,0x00,0x00,0x00,
  0x00,0x00,0x00,0x00,0x00,0x00,0x00,0x00,0x00,0x00,0x00,0x05,
  0xAF,0xFF,0xFF,0x77,0xB7,0x00,0x00,0x00,0x00,0x00,0x00,0x00,
  0x00,0x00,0x00,0x00,0x00,0x00,0x00,0x00,0x00,0x00,0x00,0x00,
  0x00,0x00,0x00,0x00,0x00,0x00,0x00,0x00,0x00,0x00,0x00,0x00,
  0x00,0x00,0x00,0x00,0x00,0x00,0x00,0x00,0x00,0x00,0x00,0x00,
  0x00,0x00,0x00,0x00,0x00,0x00,0x00,0x00,0x00,0x00,0x00,0x00,
  0x00,0x00,0x00,0x00,0x00,0x00,0x00,0x0B,0x77,0xBD,0xDB,0xFD,
  0xEE,0x00,0x00,0x00,0x00,0x00,0x00,0x00,0x00,0x00,0x00,0x00,
  0x00,0x00,0x00,0x00,0x00,0x00,0x00,0x00,0x00,0x00,0x00,0x00,
  0x00,0x00,0x00,0x00,0x00,0x00,0x00,0x00,0x00,0x00,0x00,0x00,
  0x00,0x00,0x00,0x00,0x00,0x00,0x00,0x00,0x00,0x00,0x00,0x00,
  0x00,0x00,0x00,0x00,0x00,0x00,0x00,0x00,0x00,0x00,0x00,0x00,
  0x00,0x00,0x00,0x15,0xBE,0xFF,0xFD,0x57,0x7E,0x00,0x00,0x00,
  0x00,0x00,0x00,0x00,0x00,0x00,0x00,0x00,0x00,0x00,0x00,0x00,
  0x00,0x00,0x00,0x00,0x00,0x00,0x00,0x00,0x00,0x00,0x00,0x00,
  0x00,0x00,0x00,0x00,0x00,0x00,0x00,0x00,0x00,0x00,0x00,0x00,
  0x00,0x00,0x00,0x00,0x00,0x00,0x00,0x00,0x00,0x00,0x00,0x00,
  0x00,0x00,0x00,0x00,0x00,0x00,0x00,0x00,0x00,0x00,0x00,0x2E,
  0xEF,0xFF,0xBF,0xFD,0xDA,0x00,0x00,0x00,0x00,0x00,0x00,0x00,
  0x00,0x00,0x00,0x00,0x00,0x00,0x00,0x00,0x00,0x00,0x00,0x00,
  0x00,0x00,0x00,0x00,0x00,0x00,0x00,0x00,0x00,0x00,0x00,0x00,
  0x00,0x00,0x00,0x00,0x00,0x00,0x00,0x00,0x00,0x00,0x00,0x00,
  0x00,0x00,0x00,0x00,0x00,0x00,0x00,0x00,0x00,0x00,0x00,0x00,
  0x00,0x00,0x00,0x00,0x00,0x00,0x00,0x2B,0xBF,0xEE,0xED,0x57,
  0x76,0x00,0x00,0x00,0x00,0x00,0x00,0x00,0x00,0x00,0x00,0x00,
  0x00,0x00,0x00,0x00,0x00,0x00,0x00,0x00,0x00,0x00,0x00,0x00,
  0x00,0x00,0x00,0x00,0x00,0x00,0x00,0x00,0x00,0x00,0x00,0x00,
  0x00,0x00,0x00,0x00,0x00,0x00,0x00,0x00,0x00,0x00,0x00,0x00,
  0x00,0x00,0x00,0x00,0x00,0x00,0x00,0x00,0x00,0x00,0x00,0x00,
  0x00,0x00,0x00,0x55,0x7B,0x7F,0x77,0xFD,0xDE,0x00,0x00,0x00,
  0x00,0x00,0x00,0x00,0x00,0x00,0x00,0x00,0x00,0x00,0x00,0x00,
  0x00,0x00,0x00,0x00,0x00,0x00,0x00,0x00,0x00,0x00,0x00,0x00,
  0x00,0x00,0x00,0x00,0x00,0x00,0x00,0x00,0x00,0x00,0x00,0x00,
  0x00,0x00,0x00,0x00,0x00,0x00,0x00,0x00,0x00,0x00,0x00,0x00,
  0x00,0x00,0x00,0x00,0x00,0x00,0x00,0x00,0x00,0x00,0x00,0xBF,
  0xEF,0xFB,0xBD,0x6F,0xF8,0x00,0x00,0x00,0x00,0x00,0x00,0x00,
  0x00,0x00,0x00,0x00,0x00,0x00,0x00,0x00,0x00,0x00,0x00,0x00,
  0x00,0x00,0x00,0x00,0x00,0x00,0x00,0x00,0x00,0x00,0x00,0x00,
  0x00,0x00,0x00,0x00,0x00,0x00,0x00,0x00,0x00,0x00,0x00,0x00,
  0x00,0x00,0x00,0x00,0x00,0x00,0x00,0x00,0x00,0x00,0x00,0x00,
  0x00,0x00,0x00,0x00,0x00,0x00,0x01,0x6A,0xDF,0xFD,0xD7,0xFB,
  0x5C,0x00,0x00,0x00,0x00,0x00,0x00,0x00,0x00,0x00,0x00,0x00,
  0x00,0x00,0x00,0x00,0x00,0x00,0x00,0x00,0x00,0x00,0x00,0x00,
  0x00,0x00,0x00,0x00,0x00,0x00,0x00,0x00,0x00,0x00,0x00,0x00,
  0x00,0x00,0x00,0x00,0x00,0x00,0x00,0x00,0x00,0x00,0x00,0x00,
  0x00,0x00,0x00,0x00,0x00,0x00,0x00,0x00,0x00,0x00,0x00,0x00,
  0x00,0x00,0x02,0xDD,0x9F,0xEB,0x7D,0xDF,0xFC,0x00,0x00,0x00,
  0x00,0x00,0x00,0x00,0x00,0x00,0x00,0x00,0x00,0x00,0x00,0x00,
  0x00,0x00,0x00,0x00,0x00,0x00,0x00,0x00,0x00,0x00,0x00,0x00,
  0x00,0x00,0x00,0x00,0x00,0x00,0x00,0x00,0x00,0x00,0x00,0x00,
  0x00,0x00,0x00,0x00,0x00,0x00,0x00,0x00,0x00,0x00,0x00,0x00,
  0x00,0x00,0x00,0x00,0x00,0x00,0x00,0x00,0x00,0x00,0x05,0xB7,
  0x0E,0xFD,0xD7,0x77,0xF4,0x00,0x00,0x00,0x00,0x00,0x00,0x00,
  0x00,0x00,0x00,0x00,0x00,0x00,0x00,0x00,0x00,0x00,0x00,0x00,
  0x00,0x00,0x00,0x00,0x00,0x00,0x00,0x00,0x00,0x00,0x00,0x00,
  0x00,0x00,0x00,0x00,0x00,0x00,0x00,0x00,0x00,0x00,0x00,0x00,
  0x00,0x00,0x00,0x00,0x00,0x00,0x00,0x00,0x00,0x00,0x00,0x00,
  0x00,0x00,0x00,0x00,0x00,0x00,0x05,0x7C,0x07,0xF7,0x7D,0xFF,
  0xF8,0x00,0x00,0x00,0x00,0x00,0x00,0x00,0x00,0x00,0x00,0x00,
  0x00,0x00,0x00,0x00,0x00,0x00,0x00,0x00,0x00,0x00,0x00,0x00,
  0x00,0x00,0x00,0x00,0x00,0x00,0x00,0x00,0x00,0x00,0x00,0x00,
  0x00,0x00,0x00,0x00,0x00,0x00,0x00,0x00,0x00,0x00,0x00,0x00,
  0x00,0x00,0x00,0x00,0x00,0x00,0x00,0x00,0x00,0x00,0x00,0x00,
  0x00,0x00,0x16,0xD4,0x01,0xFB,0xAF,0x5D,0xE8,0x00,0x00,0x00,
  0x00,0x00,0x00,0x00,0x00,0x00,0x00,0x00,0x00,0x00,0x00,0x00,
  0x00,0x00,0x00,0x00,0x00,0x00,0x00,0x00,0x00,0x00,0x00,0x00,
  0x00,0x00,0x00,0x00,0x00,0x00,0x00,0x00,0x00,0x00,0x00,0x00,
  0x00,0x00,0x00,0x00,0x00,0x00,0x00,0x00,0x00,0x00,0x00,0x00,
  0x00,0x00,0x00,0x00,0x00,0x00,0x00,0x00,0x00,0x00,0x15,0xF8,
  0x10,0x2D,0xF5,0xFF,0xF8,0x00,0x00,0x00,0x00,0x00,0x00,0x00,
  0x00,0x00,0x00,0x00,0x00,0x00,0x00,0x00,0x00,0x00,0x00,0x00,
  0x00,0x00,0x00,0x00,0x00,0x00,0x00,0x00,0x00,0x00,0x00,0x00,
  0x00,0x00,0x00,0x00,0x00,0x00,0x00,0x00,0x00,0x00,0x00,0x00,
  0x00,0x00,0x00,0x00,0x00,0x00,0x00,0x00,0x00,0x00,0x00,0x00,
  0x00,0x00,0x00,0x00,0x00,0x00,0x2E,0xA0,0x00,0x1E,0xBA,0xFF,
  0xB0,0x00,0x00,0x00,0x00,0x00,0x00,0x00,0x00,0x00,0x00,0x00,
  0x00,0x00,0x00,0x00,0x00,0x00,0x00,0x00,0x00,0x00,0x00,0x00,
  0x00,0x00,0x00,0x00,0x00,0x00,0x00,0x00,0x00,0x00,0x00,0x00,
  0x00,0x00,0x00,0x00,0x00,0x00,0x00,0x00,0x00,0x00,0x00,0x00,
  0x00,0x00,0x00,0x00,0x00,0x00,0x00,0x00,0x00,0x00,0x00,0x00,
  0x00,0x00,0x5B,0xF0,0x00,0x45,0xEF,0xBF,0xE8,0x00,0x00,0x00,
  0x00,0x00,0x00,0x00,0x00,0x00,0x00,0x00,0x00,0x00,0x00,0x00,
  0x00,0x00,0x00,0x00,0x00,0x00,0x00,0x00,0x00,0x00,0x00,0x00,
  0x00,0x00,0x00,0x00,0x00,0x00,0x00,0x00,0x00,0x00,0x00,0x00,
  0x00,0x00,0x00,0x00,0x00,0x00,0x00,0x00,0x00,0x00,0x00,0x00,
  0x00,0x00,0x00,0x00,0x00,0x00,0x00,0x00,0x00,0x00,0xB6,0xA0,
  0x84,0x07,0x7B,0xFA,0xF0,0x00,0x00,0x00,0x00,0x00,0x00,0x00,
  0x00,0x00,0x00,0x00,0x00,0x00,0x00,0x00,0x00,0x00,0x00,0x00,
  0x00,0x00,0x00,0x00,0x00,0x00,0x00,0x00,0x00,0x00,0x00,0x00,
  0x00,0x00,0x00,0x00,0x00,0x00,0x00,0x00,0x00,0x00,0x00,0x00,
  0x00,0x00,0x00,0x00,0x00,0x00,0x00,0x00,0x00,0x00,0x00,0x00,
  0x00,0x00,0x00,0x00,0x00,0x01,0x5B,0xE0,0x00,0x83,0xAE,0xDF,
  0x50,0x00,0x00,0x00,0x00,0x00,0x00,0x00,0x00,0x00,0x00,0x00,
  0x00,0x00,0x00,0x00,0x00,0x00,0x00,0x00,0x00,0x00,0x00,0x00,
  0x00,0x00,0x00,0x00,0x00,0x00,0x00,0x00,0x00,0x00,0x00,0x00,
  0x00,0x00,0x00,0x00,0x00,0x00,0x00,0x00,0x00,0x00,0x00,0x00,
  0x00,0x00,0x00,0x00,0x00,0x00,0x00,0x00,0x00,0x00,0x00,0x00,
  0x00,0x01,0x6E,0xC7,0xA0,0x0A,0xFF,0x75,0xE0,0x00,0x00,0x00,
  0x00,0x00,0x00,0x00,0x00,0x00,0x00,0x00,0x00,0x00,0x00,0x00,
  0x00,0x00,0x00,0x00,0x00,0x00,0x00,0x00,0x00,0x00,0x00,0x00,
  0x00,0x00,0x00,0x00,0x00,0x00,0x00,0x00,0x00,0x00,0x00,0x00,
  0x00,0x00,0x00,0x00,0x00,0x00,0x00,0x00,0x00,0x00,0x00,0x00,
  0x00,0x00,0x00,0x00,0x00,0x00,0x00,0x00,0x00,0x02,0xDB,0xCE,
  0x54,0x21,0xB5,0xFF,0xA0,0x00,0x00,0x00,0x00,0x00,0x00,0x00,
  0x00,0x00,0x00,0x00,0x00,0x00,0x00,0x00,0x00,0x00,0x00,0x00,
  0x00,0x00,0x00,0x00,0x00,0x00,0x00,0x00,0x00,0x00,0x00,0x00,
  0x00,0x00,0x00,0x00,0x00,0x00,0x00,0x00,0x00,0x00,0x00,0x00,
  0x00,0x00,0x00,0x00,0x00,0x00,0x00,0x00,0x00,0x00,0x00,0x00,
  0x00,0x00,0x00,0x00,0x00,0x05,0xBE,0x9C,0x00,0x80,0xD7,0xAD,
  0xE0,0x00,0x00,0x00,0x00,0x00,0x00,0x00,0x00,0x00,0x00,0x00,
  0x00,0x00,0x00,0x00,0x00,0x00,0x00,0x00,0x00,0x00,0x00,0x00,
  0x00,0x00,0x00,0x00,0x00,0x00,0x00,0x00,0x00,0x00,0x00,0x00,
  0x00,0x00,0x00,0x00,0x00,0x00,0x00,0x00,0x00,0x00,0x00,0x00,
  0x00,0x00,0x00,0x00,0x00,0x00,0x00,0x00,0x00,0x00,0x00,0x00,
  0x00,0x0B,0x6B,0xDA,0x80,0x08,0x1E,0xFF,0x40,0x00,0x00,0x00,
  0x00,0x00,0x00,0x00,0x00,0x00,0x00,0x00,0x00,0x00,0x00,0x00,
  0x00,0x00,0x00,0x00,0x00,0x00,0x00,0x00,0x00,0x00,0x00,0x00,
  0x00,0x00,0x00,0x00,0x00,0x00,0x00,0x00,0x00,0x00,0x00,0x00,
  0x00,0x00,0x00,0x00,0x00,0x00,0x00,0x00,0x00,0x00,0x00,0x00,
  0x00,0x00,0x00,0x00,0x00,0x00,0x00,0x00,0x00,0x16,0xFF,0x87,
  0xA4,0x42,0xF7,0xB5,0xE0,0x00,0x00,0x00,0x00,0x00,0x00,0x00,
  0x00,0x00,0x00,0x00,0x00,0x00,0x00,0x00,0x00,0x00,0x00,0x00,
  0x00,0x00,0x00,0x00,0x00,0x00,0x00,0x00,0x00,0x00,0x00,0x00,
  0x00,0x00,0x00,0x00,0x00,0x00,0x00,0x00,0x00,0x00,0x00,0x00,
  0x00,0x00,0x00,0x00,0x00,0x00,0x00,0x00,0x00,0x00,0x00,0x00,
  0x00,0x00,0x00,0x00,0x00,0x2D,0xAD,0x86,0xC1,0x00,0xDD,0xEF,
  0xC0,0x00,0x00,0x00,0x00,0x00,0x00,0x00,0x00,0x00,0x00,0x00,
  0x00,0x00,0x00,0x00,0x00,0x00,0x00,0x00,0x00,0x00,0x00,0x00,
  0x00,0x00,0x00,0x00,0x00,0x00,0x00,0x00,0x00,0x00,0x00,0x00,
  0x00,0x00,0x00,0x00,0x00,0x00,0x00,0x00,0x00,0x00,0x00,0x00,
  0x00,0x00,0x00,0x00,0x00,0x00,0x00,0x00,0x00,0x00,0x00,0x00,
  0x00,0x57,0xFE,0xC3,0x00,0x12,0xF7,0x7D,0x80,0x00,0x00,0x00,
  0x00,0x00,0x00,0x00,0x00,0x00,0x00,0x00,0x00,0x00,0x00,0x00,
  0x00,0x00,0x00,0x00,0x00,0x00,0x00,0x00,0x00,0x00,0x00,0x00,
  0x00,0x00,0x00,0x00,0x00,0x00,0x00,0x00,0x00,0x00,0x00,0x00,
  0x00,0x00,0x00,0x00,0x00,0x00,0x00,0x00,0x00,0x00,0x00,0x00,
  0x00,0x00,0x00,0x00,0x00,0x00,0x00,0x00,0x00,0x5A,0xAB,0xC6,
  0x08,0x40,0xBD,0xD7,0xC0,0x00,0x00,0x00,0x00,0x00,0x00,0x00,
  0x00,0x00,0x00,0x00,0x00,0x00,0x00,0x00,0x00,0x00,0x00,0x00,
  0x00,0x00,0x00,0x00,0x00,0x00,0x00,0x00,0x00,0x00,0x00,0x00,
  0x00,0x00,0x00,0x00,0x00,0x00,0x00,0x00,0x00,0x00,0x00,0x00,
  0x00,0x00,0x00,0x00,0x00,0x00,0x00,0x00,0x00,0x00,0x00,0x00,
  0x00,0x00,0x00,0x00,0x00,0xB7,0xFF,0xC0,0x02,0x04,0x6F,0x7D,
  0x80,0x00,0x00,0x00,0x00,0x00,0x00,0x00,0x00,0x00,0x00,0x00,
  0x00,0x00,0x00,0x00,0x00,0x00,0x00,0x00,0x00,0x00,0x00,0x00,
  0x00,0x00,0x00,0x00,0x00,0x00,0x00,0x00,0x00,0x00,0x00,0x00,
  0x00,0x00,0x00,0x00,0x00,0x00,0x00,0x00,0x00,0x00,0x00,0x00,
  0x00,0x00,0x00,0x00,0x00,0x00,0x00,0x00,0x00,0x00,0x00,0x00,
  0x01,0x6D,0x6D,0x80,0x10,0x11,0x3B,0xEF,0x80,0x00,0x00,0x00,
  0x00,0x00,0x00,0x00,0x00,0x00,0x00,0x00,0x00,0x00,0x00,0x00,
  0x00,0x00,0x00,0x00,0x00,0x00,0x00,0x00,0x00,0x00,0x00,0x00,
  0x00,0x00,0x00,0x00,0x00,0x00,0x00,0x00,0x00,0x00,0x00,0x00,
  0x00,0x00,0x00,0x00,0x00,0x00,0x00,0x00,0x00,0x00,0x00,0x00,
  0x00,0x00,0x00,0x00,0x00,0x00,0x00,0x00,0x02,0xDF,0xFF,0x00,
  0x40,0x80,0x6E,0xBF,0x80,0x00,0x00,0x00,0x00,0x00,0x00,0x00,
  0x00,0x00,0x00,0x00,0x00,0x00,0x00,0x00,0x00,0x00,0x00,0x00,
  0x00,0x00,0x00,0x00,0x00,0x00,0x00,0x00,0x00,0x00,0x00,0x00,
  0x00,0x00,0x00,0x00,0x00,0x00,0x00,0x00,0x00,0x00,0x00,0x00,
  0x00,0x00,0x00,0x00,0x00,0x00,0x00,0x00,0x00,0x00,0x00,0x00,
  0x00,0x00,0x00,0x00,0x05,0xB5,0xB7,0x09,0x02,0x24,0x7F,0xF7,
  0x00,0x00,0x00,0x00,0x00,0x00,0x00,0x00,0x00,0x00,0x00,0x00,
  0x00,0x00,0x00,0x00,0x00,0x00,0x00,0x00,0x00,0x00,0x00,0x00,
  0x00,0x00,0x00,0x00,0x00,0x00,0x00,0x00,0x00,0x00,0x00,0x00,
  0x00,0x00,0x00,0x00,0x00,0x00,0x00,0x00,0x00,0x00,0x00,0x00,
  0x00,0x00,0x00,0x00,0x00,0x00,0x00,0x00,0x00,0x00,0x00,0x00,
  0x0A,0xFF,0xFC,0x00,0x00,0x01,0x7A,0xDF,0x00,0x00,0x00,0x00,
  0x00,0x00,0x00,0x00,0x00,0x00,0x00,0x00,0x00,0x00,0x00,0x00,
  0x00,0x00,0x00,0x00,0x00,0x00,0x00,0x00,0x00,0x00,0x00,0x00,
  0x00,0x00,0x00,0x00,0x00,0x00,0x00,0x00,0x00,0x00,0x00,0x00,
  0x00,0x00,0x00,0x00,0x00,0x00,0x00,0x00,0x00,0x00,0x00,0x00,
  0x00,0x00,0x00,0x00,0x00,0x00,0x00,0x00,0x0B,0xAA,0xAC,0x00,
  0x11,0x24,0x7F,0xFF,0x00,0x00,0x00,0x00,0x00,0x00,0x00,0x00,
  0x00,0x00,0x00,0x00,0x00,0x00,0x00,0x00,0x00,0x00,0x00,0x00,
  0x00,0x00,0x00,0x00,0x00,0x00,0x00,0x00,0x00,0x00,0x00,0x00,
  0x00,0x00,0x00,0x00,0x00,0x00,0x00,0x00,0x00,0x00,0x00,0x00,
  0x00,0x00,0x00,0x00,0x00,0x00,0x00,0x00,0x00,0x00,0x00,0x00,
  0x00,0x00,0x00,0x00,0x16,0xFF,0xF8,0x24,0x84,0x00,0xFF,0xFF,
  0x00,0x00,0x00,0x00,0x00,0x00,0x00,0x00,0x00,0x00,0x00,0x00,
  0x00,0x00,0x00,0x00,0x00,0x00,0x00,0x00,0x00,0x00,0x00,0x00,
  0x00,0x00,0x00,0x00,0x00,0x00,0x00,0x00,0x00,0x00,0x00,0x00,
  0x00,0x00,0x00,0x00,0x00,0x00,0x00,0x00,0x00,0x00,0x00,0x00,
  0x00,0x00,0x00,0x00,0x00,0x00,0x00,0x00,0x00,0x00,0x00,0x00,
  0x2D,0xAD,0xD0,0x00,0x00,0x4A,0xFF,0xFE,0x00,0x00,0x00,0x00,
  0x00,0x00,0x00,0x00,0x00,0x00,0x00,0x00,0x00,0x00,0x00,0x00,
  0x00,0x00,0x00,0x00,0x00,0x00,0x00,0x00,0x00,0x00,0x00,0x00,
  0x00,0x00,0x00,0x00,0x00,0x00,0x00,0x00,0x00,0x00,0x00,0x00,
  0x00,0x00,0x00,0x00,0x00,0x00,0x00,0x00,0x00,0x00,0x00,0x00,
  0x00,0x00,0x00,0x00,0x00,0x00,0x00,0x00,0x5B,0x7F,0x71,0x00,
  0x22,0x00,0x7F,0xFE,0x00,0x00,0x00,0x00,0x00,0x00,0x00,0x00,
  0x00,0x00,0x00,0x00,0x00,0x00,0x00,0x00,0x00,0x00,0x00,0x00,
  0x00,0x00,0x00,0x00,0x00,0x00,0x00,0x00,0x00,0x00,0x00,0x00,
  0x00,0x00,0x00,0x00,0x00,0x00,0x00,0x00,0x00,0x00,0x00,0x00,
  0x00,0x00,0x00,0x00,0x00,0x00,0x00,0x00,0x00,0x00,0x00,0x00,
  0x00,0x00,0x00,0x00,0xB7,0xDB,0xF9,0xA4,0x88,0x52,0xFF,0xFE,
  0x00,0x00,0x00,0x00,0x00,0x00,0x00,0x00,0x00,0x00,0x00,0x00,
  0x00,0x00,0x00,0x00,0x00,0x00,0x00,0x00,0x00,0x00,0x00,0x00,
  0x00,0x00,0x00,0x00,0x00,0x00,0x00,0x00,0x00,0x00,0x00,0x00,
  0x00,0x00,0x00,0x00,0x00,0x00,0x00,0x00,0x00,0x00,0x00,0x00,
  0x00,0x00,0x00,0x00,0x00,0x00,0x00,0x00,0x00,0x00,0x00,0x01,
  0x6D,0x7F,0x7C,0x00,0x01,0x00,0x7F,0xFE,0x00,0x00,0x00,0x00,
  0x00,0x00,0x00,0x00,0x00,0x00,0x00,0x00,0x00,0x00,0x00,0x00,
  0x00,0x00,0x00,0x00,0x00,0x00,0x00,0x00,0x00,0x00,0x00,0x00,
  0x00,0x00,0x00,0x00,0x00,0x00,0x00,0x00,0x00,0x00,0x00,0x00,
  0x00,0x00,0x00,0x00,0x00,0x00,0x00,0x00,0x00,0x00,0x00,0x00,
  0x00,0x00,0x00,0x00,0x00,0x00,0x00,0x02,0xBF,0xED,0xEE,0x02,
  0x00,0x14,0xFF,0xFC,0x00,0x00,0x00,0x00,0x00,0x00,0x00,0x00,
  0x00,0x00,0x00,0x00,0x00,0x00,0x00,0x00,0x00,0x00,0x00,0x00,
  0x00,0x00,0x00,0x00,0x00,0x00,0x00,0x00,0x00,0x00,0x00,0x00,
  0x00,0x00,0x00,0x00,0x00,0x00,0x00,0x00,0x00,0x00,0x00,0x00,
  0x00,0x00,0x00,0x00,0x00,0x00,0x00,0x00,0x00,0x00,0x00,0x00,
  0x00,0x00,0x00,0x02,0xD5,0xBF,0xFC,0x00,0x54,0x80,0xFF,0xFC,
  0x00,0x00,0x00,0x00,0x00,0x00,0x00,0x00,0x00,0x00,0x00,0x00,
  0x00,0x00,0x00,0x00,0x00,0x00,0x00,0x00,0x00,0x00,0x00,0x00,
  0x00,0x00,0x00,0x00,0x00,0x00,0x00,0x00,0x00,0x00,0x00,0x00,
  0x00,0x00,0x00,0x00,0x00,0x00,0x00,0x00,0x00,0x00,0x00,0x00,
  0x00,0x00,0x00,0x00,0x00,0x00,0x00,0x00,0x00,0x00,0x00,0x05,
  0xBF,0xF6,0xDF,0xD4,0x00,0x24,0x7F,0xFC,0x00,0x00,0x00,0x00,
  0x00,0x00,0x00,0x00,0x00,0x00,0x00,0x00,0x00,0x00,0x00,0x00,
  0x00,0x00,0x00,0x00,0x00,0x00,0x00,0x00,0x00,0x00,0x00,0x00,
  0x00,0x00,0x00,0x00,0x00,0x00,0x00,0x00,0x00,0x00,0x00,0x00,
  0x00,0x00,0x00,0x00,0x00,0x00,0x00,0x00,0x00,0x00,0x00,0x00,
  0x00,0x00,0x00,0x00,0x00,0x00,0x00,0x0B,0x6D,0xBF,0xFB,0xF8,
  0x82,0x02,0xFF,0xD8,0x00,0x00,0x00,0x00,0x00,0x00,0x00,0x00,
  0x00,0x00,0x00,0x00,0x00,0x00,0x00,0x00,0x00,0x00,0x00,0x00,
  0x00,0x00,0x00,0x00,0x00,0x00,0x00,0x00,0x00,0x00,0x00,0x00,
  0x00,0x00,0x00,0x00,0x00,0x00,0x00,0x00,0x00,0x00,0x00,0x00,
  0x00,0x00,0x00,0x00,0x00,0x00,0x20,0x00,0x00,0x00,0x00,0x00,
  0x00,0x00,0x00,0x1D,0xFB,0xFB,0xBE,0x00,0x10,0x90,0x7F,0xFC,
  0x00,0x00,0x00,0x00,0x00,0x00,0x00,0x00,0x00,0x00,0x00,0x00,
  0x00,0x00,0x00,0x00,0x00,0x00,0x00,0x00,0x00,0x00,0x00,0x00,
  0x00,0x00,0x00,0x00,0x00,0x00,0x00,0x00,0x00,0x00,0x00,0x00,
  0x00,0x00,0x00,0x00,0x00,0x00,0x00,0x00,0x00,0x00,0x00,0x00,
  0x00,0x02,0x80,0x00,0x00,0x00,0x00,0x00,0x00,0x00,0x00,0x27,
  0x5F,0x6F,0xFC,0x04,0x42,0x0A,0x7F,0xF8,0x00,0x00,0x00,0x00,
  0x00,0x00,0x00,0x00,0x00,0x00,0x00,0x00,0x00,0x00,0x00,0x00,
  0x00,0x00,0x00,0x00,0x00,0x00,0x00,0x00,0x00,0x00,0x00,0x00,
  0x00,0x00,0x00,0x00,0x00,0x00,0x00,0x00,0x00,0x00,0x00,0x00,
  0x00,0x00,0x00,0x00,0x00,0x00,0x00,0x00,0x00,0x14,0x00,0x00,
  0x00,0x00,0x00,0x00,0x00,0x00,0x00,0x5D,0xF7,0xFE,0xEE,0x20,
  0x08,0x40,0x7F,0xF8,0x00,0x00,0x00,0x00,0x00,0x00,0x00,0x00,
  0x00,0x00,0x00,0x00,0x00,0x00,0x00,0x00,0x00,0x00,0x00,0x00,
  0x00,0x00,0x00,0x00,0x00,0x00,0x00,0x00,0x00,0x00,0x00,0x00,
  0x00,0x00,0x00,0x00,0x00,0x00,0x00,0x00,0x00,0x00,0x00,0x00,
  0x00,0x00,0x00,0x00,0x00,0x01,0x00,0x00,0x00,0x00,0x00,0x00,
  0x00,0x00,0x00,0xB7,0x7D,0xBB,0xFE,0x02,0x40,0x29,0x3F,0xF0,
  0x00,0x00,0x00,0x00,0x00,0x00,0x00,0x00,0x00,0x00,0x00,0x00,
  0x00,0x00,0x00,0x00,0x00,0x00,0x00,0x00,0x00,0x00,0x00,0x00,
  0x00,0x00,0x00,0x00,0x00,0x00,0x00,0x00,0x00,0x00,0x00,0x00,
  0x00,0x00,0x00,0x00,0x00,0x00,0x00,0x00,0x00,0x00,0x00,0x00,
  0x01,0x54,0x00,0x00,0x00,0x00,0x00,0x00,0x00,0x00,0x01,0x7D,
  0xDF,0xFF,0xBA,0x48,0x05,0x02,0x7F,0xF0,0x00,0x00,0x00,0x00,
  0x00,0x00,0x00,0x00,0x00,0x00,0x00,0x00,0x00,0x00,0x00,0x00,
  0x00,0x00,0x00,0x00,0x00,0x00,0x00,0x00,0x00,0x00,0x00,0x00,
  0x00,0x00,0x00,0x00,0x00,0x00,0x00,0x00,0x00,0x00,0x00,0x00,
  0x00,0x00,0x00,0x00,0x00,0x00,0x00,0x00,0x02,0x02,0x00,0x00,
  0x00,0x00,0x00,0x00,0x00,0x00,0x02,0xD7,0xF7,0x6F,0xFE,0x00,
  0x90,0x50,0x3F,0x70,0x00,0x00,0x00,0x00,0x00,0x00,0x00,0x00,
  0x00,0x00,0x00,0x00,0x00,0x00,0x00,0x00,0x00,0x00,0x00,0x00,
  0x00,0x00,0x00,0x00,0x00,0x00,0x00,0x00,0x00,0x00,0x00,0x00,
  0x00,0x00,0x00,0x00,0x00,0x00,0x00,0x00,0x00,0x00,0x00,0x00,
  0x00,0x00,0x00,0x00,0x02,0x54,0x00,0x00,0x00,0x00,0x00,0x00,
  0x00,0x00,0x0D,0xFD,0x7D,0xFD,0xEC,0x12,0x01,0x0A,0xBF,0xF0,
  0x00,0x00,0x00,0x00,0x00,0x00,0x00,0x00,0x00,0x00,0x00,0x00,
  0x00,0x00,0x00,0x00,0x00,0x00,0x00,0x00,0x00,0x00,0x00,0x00,
  0x00,0x00,0x00,0x00,0x00,0x00,0x00,0x00,0x00,0x00,0x00,0x00,
  0x00,0x00,0x00,0x00,0x00,0x00,0x00,0x00,0x00,0x00,0x00,0x00,
  0x04,0x02,0x00,0x00,0x00,0x00,0x00,0x00,0x00,0x00,0x13,0x6F,
  0xDF,0xFF,0xBC,0x40,0x24,0x20,0x1F,0xE0,0x00,0x00,0x00,0x00,
  0x00,0x00,0x00,0x00,0x00,0x00,0x00,0x00,0x00,0x00,0x00,0x00,
  0x00,0x00,0x00,0x00,0x00,0x00,0x00,0x00,0x00,0x00,0x00,0x00,
  0x00,0x00,0x00,0x00,0x00,0x00,0x00,0x00,0x00,0x00,0x00,0x00,
  0x00,0x00,0x00,0x00,0x00,0x00,0x00,0x00,0x09,0x54,0x00,0x00,
  0x00,0x00,0x00,0x00,0x00,0x00,0x5F,0xFB,0x7F,0xB7,0xFC,0x02,
  0x00,0xC9,0x3F,0xE0,0x00,0x00,0x00,0x00,0x00,0x00,0x00,0x00,
  0x00,0x00,0x00,0x00,0x00,0x00,0x00,0x00,0x00,0x00,0x00,0x00,
  0x00,0x00,0x00,0x00,0x00,0x00,0x00,0x00,0x00,0x00,0x00,0x00,
  0x00,0x00,0x00,0x00,0x00,0x00,0x00,0x00,0x00,0x00,0x00,0x00,
  0x00,0x00,0x00,0x00,0x18,0x00,0x00,0x00,0x00,0x00,0x00,0x00,
  0x00,0x01,0x6A,0xAF,0xF6,0xFE,0xFF,0x08,0x4B,0x90,0x9F,0xE0,
  0x00,0x00,0x00,0x00,0x00,0x00,0x00,0x00,0x00,0x00,0x00,0x00,
  0x00,0x00,0x00,0x00,0x00,0x00,0x00,0x00,0x00,0x00,0x00,0x00,
  0x00,0x00,0x00,0x00,0x00,0x00,0x00,0x00,0x00,0x00,0x00,0x00,
  0x00,0x00,0x00,0x00,0x00,0x00,0x00,0x00,0x00,0x00,0x00,0x00,
  0x22,0xA8,0x00,0x00,0x00,0x00,0x00,0x00,0x00,0x05,0xBF,0xFD,
  0xFF,0xFF,0xEF,0xEB,0x7F,0x24,0x1F,0xC0,0x00,0x00,0x00,0x00,
  0x00,0x00,0x00,0x00,0x00,0x00,0x00,0x00,0x00,0x00,0x00,0x00,
  0x00,0x00,0x00,0x00,0x00,0x00,0x00,0x00,0x00,0x00,0x00,0x00,
  0x00,0x00,0x00,0x00,0x00,0x00,0x00,0x00,0x00,0x00,0x00,0x00,
  0x00,0x00,0x00,0x00,0x00,0x00,0x00,0x00,0x20,0x00,0x00,0x00,
  0x00,0x00,0x00,0x00,0x00,0x1F,0xED,0xEF,0xBB,0xDB,0xFF,0xFF,
  0xFE,0x82,0x8F,0xC0,0x00,0x00,0x00,0x00,0x00,0x00,0x00,0x00,
  0x00,0x00,0x00,0x00,0x00,0x00,0x00,0x00,0x00,0x00,0x00,0x00,
  0x00,0x00,0x00,0x00,0x00,0x00,0x00,0x00,0x00,0x00,0x00,0x00,
  0x00,0x00,0x00,0x00,0x00,0x00,0x00,0x00,0x00,0x00,0x00,0x00,
  0x00,0x00,0x00,0x00,0x4A,0xA8,0x00,0x00,0x00,0x00,0x00,0x00,
  0x00,0xF5,0x7F,0x7F,0xFF,0xFF,0xBE,0xFF,0xFC,0x10,0x4F,0xC0,
  0x00,0x00,0x00,0x00,0x00,0x00,0x00,0x00,0x00,0x00,0x00,0x00,
  0x00,0x00,0x00,0x00,0x00,0x00,0x00,0x00,0x00,0x00,0x00,0x00,
  0x00,0x00,0x00,0x00,0x00,0x00,0x00,0x00,0x00,0x00,0x00,0x00,
  0x00,0x00,0x00,0x00,0x00,0x00,0x00,0x00,0x00,0x00,0x00,0x00,
  0xD0,0x10,0x00,0x00,0x00,0x00,0x00,0x00,0x07,0x5F,0xDB,0xED,
  0xDE,0xFF,0xFF,0xFF,0xFD,0x45,0x2F,0xC0,0x00,0x00,0x00,0x00,
  0x00,0x00,0x00,0x00,0x00,0x00,0x00,0x00,0x00,0x00,0x00,0x00,
  0x00,0x00,0x00,0x00,0x00,0x00,0x00,0x00,0x00,0x00,0x00,0x00,
  0x00,0x00,0x00,0x00,0x00,0x00,0x00,0x00,0x00,0x00,0x00,0x00,
  0x00,0x00,0x00,0x00,0x00,0x00,0x00,0x01,0x15,0x40,0x00,0x00,
  0x00,0x00,0x00,0x00,0x2D,0xF6,0xFF,0xBF,0xFB,0xDD,0xFB,0xFF,
  0xBE,0x10,0x07,0x80,0x00,0x00,0x00,0x00,0x00,0x00,0x00,0x00,
  0x00,0x00,0x00,0x00,0x00,0x00,0x00,0x00,0x00,0x00,0x00,0x00,
  0x00,0x00,0x00,0x00,0x00,0x00,0x00,0x00,0x00,0x00,0x00,0x00,
  0x00,0x00,0x00,0x00,0x00,0x00,0x00,0x00,0x00,0x00,0x00,0x00,
  0x00,0x00,0x00,0x01,0xA0,0x20,0x00,0x00,0x00,0x00,0x00,0x01,
  0xFF,0xBF,0xDB,0xFF,0x7F,0xFF,0xEF,0xEE,0xFE,0x44,0xA7,0x80,
  0x00,0x00,0x00,0x00,0x00,0x00,0x00,0x00,0x00,0x00,0x00,0x00,
  0x00,0x00,0x00,0x00,0x00,0x00,0x00,0x00,0x00,0x00,0x00,0x00,
  0x00,0x00,0x00,0x00,0x00,0x00,0x00,0x00,0x00,0x00,0x00,0x00,
  0x00,0x00,0x00,0x00,0x00,0x00,0x00,0x00,0x00,0x00,0x00,0x06,
  0x32,0x80,0x00,0x00,0x00,0x00,0x00,0x0F,0x5A,0xF6,0xFE,0xF7,
  0xFF,0xF7,0xBF,0xFF,0xFE,0x11,0x0F,0x80,0x00,0x00,0x00,0x00,
  0x00,0x00,0x00,0x00,0x00,0x00,0x00,0x00,0x00,0x00,0x00,0x00,
  0x00,0x00,0x00,0x00,0x00,0x00,0x00,0x00,0x00,0x00,0x00,0x00,
  0x00,0x00,0x00,0x00,0x00,0x04,0x00,0x00,0x00,0x00,0x00,0x00,
  0x00,0x00,0x00,0x00,0x00,0x00,0x00,0x02,0x50,0x20,0x00,0x00,
  0x00,0x00,0x00,0x7B,0xFF,0xDF,0xEF,0xDF,0xDB,0x7F,0xFF,0xFF,
  0xFF,0x44,0x27,0x80,0x00,0x00,0x00,0x00,0x00,0x00,0x00,0x00,
  0x00,0x00,0x00,0x00,0x00,0x00,0x00,0x00,0x00,0x00,0x00,0x00,
  0x00,0x00,0x00,0x00,0x00,0x00,0x00,0x00,0x00,0x00,0x00,0x00,
  0x00,0x08,0x00,0x00,0x00,0x00,0x00,0x00,0x00,0x00,0x00,0x00,
  0x00,0x00,0x00,0x0C,0xA6,0xC0,0x00,0x00,0x00,0x00,0x05,0xEE,
  0xDB,0x7D,0xBF,0xFE,0xFF,0xFE,0xFF,0x7F,0xFF,0x01,0x07,0x00,
  0x00,0x00,0x00,0x00,0x00,0x00,0x00,0x00,0x00,0x00,0x00,0x00,
  0x00,0x00,0x00,0x00,0x00,0x00,0x00,0x00,0x00,0x00,0x00,0x00,
  0x00,0x00,0x00,0x00,0x00,0x00,0x00,0x00,0x00,0x00,0x00,0x00,
  0x00,0x00,0x00,0x00,0x00,0x00,0x00,0x00,0x00,0x00,0x00,0x14,
  0xDB,0x00,0x00,0x00,0x00,0x00,0x3F,0xBF,0xFF,0xF7,0xFD,0xFB,
  0xFF,0xEF,0xFF,0xFB,0xF7,0x28,0x57,0x00,0x00,0x00,0x00,0x00,
  0x00,0x00,0x00,0x00,0x00,0x00,0x00,0x00,0x00,0x00,0x00,0x00,
  0x00,0x00,0x00,0x00,0x00,0x00,0x00,0x00,0x00,0x00,0x00,0x00,
  0x00,0x00,0x00,0x00,0x00,0x10,0x00,0x00,0x00,0x00,0x00,0x00,
  0x00,0x00,0x00,0x00,0x00,0x00,0x00,0x19,0x55,0x80,0x00,0x00,
  0x00,0x01,0xED,0xF6,0xDB,0xDF,0xF7,0xBF,0xEE,0xFF,0xFB,0xFF,
  0xDF,0x02,0x07,0x00,0x00,0x00,0x00,0x00,0x00,0x00,0x00,0x00,
  0x00,0x00,0x00,0x00,0x00,0x00,0x00,0x00,0x00,0x00,0x00,0x00,
  0x00,0x00,0x00,0x00,0x00,0x00,0x00,0x00,0x00,0x00,0x00,0x00,
  0x00,0x48,0x00,0x00,0x00,0x00,0x00,0x00,0x00,0x00,0x00,0x00,
  0x00,0x00,0x00,0x52,0xAE,0x00,0x00,0x00,0x00,0x0F,0x7F,0xBF,
  0xFF,0x7F,0x7F,0xFF,0xBB,0xFF,0xEF,0xFF,0xFF,0xA9,0x53,0x00,
  0x00,0x00,0x00,0x00,0x00,0x00,0x00,0x00,0x00,0x00,0x00,0x00,
  0x00,0x00,0x00,0x00,0x00,0x40,0x00,0x00,0x00,0xAA,0x00,0x00,
  0x05,0x60,0x00,0x00,0x00,0x00,0x00,0x00,0x00,0x00,0x00,0x00,
  0x00,0x16,0xA0,0x00,0x00,0x00,0x00,0x00,0x00,0x00,0x00,0x65,
  0x69,0x00,0x00,0x00,0x00,0xBD,0xED,0xFB,0x77,0xFD,0xFF,0xEE,
  0xFF,0xED,0xBF,0xDF,0xFF,0x00,0x06,0x00,0x00,0x00,0x00,0x00,
  0x00,0x00,0x00,0x00,0x00,0x00,0x00,0x00,0x00,0x00,0x00,0x00,
  0x92,0x95,0x55,0x55,0x7F,0x55,0xBF,0xEA,0xAA,0x96,0xDB,0x6B,
  0x6D,0xAA,0xAA,0x92,0x92,0xAA,0xA9,0x12,0x24,0xB5,0x69,0x22,
  0x22,0x22,0x22,0x10,0x00,0x00,0x01,0x4D,0x94,0x40,0x00,0x00,
  0x07,0xF7,0xBF,0xDF,0xFF,0xF7,0xED,0xBF,0xD7,0xBF,0xFF,0xFE,
  0xFF,0xAA,0xA6,0x00,0x00,0x2A,0xDF,0xE0,0x00,0x00,0x00,0x00,
  0x00,0x00,0x00,0x00,0x00,0x00,0x09,0x54,0x00,0x00,0x00,0x0A,
  0x80,0xAA,0x44,0x28,0x01,0x55,0x25,0x54,0xA5,0x52,0xAA,0x00,
  0x00,0x00,0x00,0x40,0x80,0x00,0x00,0x08,0x88,0x88,0x88,0xA5,
  0x55,0x55,0x54,0x8A,0xE9,0x15,0x55,0x55,0x50,0x5E,0xF6,0xFF,
  0xDD,0xBF,0xFF,0xFD,0xFD,0xFF,0xFF,0xFF,0xFF,0x80,0x06,0x00,
  0x02,0xFF,0xF6,0x00,0x00,0x00,0x00,0x00,0x00,0x00,0x00,0x00,
  0x00,0x49,0x40,0x00,0x00,0x00,0x00,0x52,0xB6,0x29,0x29,0xA0,
  0x00,0x22,0x92,0x2A,0xAA,0xAA,0xA9,0x2A,0x88,0x00,0x00,0x00,
  0x02,0x00,0x00,0x40,0x00,0x00,0x00,0x00,0x00,0x00,0x01,0x95,
  0x32,0x00,0x00,0x00,0x00,0x03,0xBB,0x55,0x77,0xFF,0x7F,0xF7,
  0x6F,0xFF,0xFF,0x7F,0xFF,0x92,0xA6,0x00,0x2F,0xAD,0x58,0x00,
  0x00,0x00,0x00,0x00,0x00,0x00,0x00,0x00,0x49,0x00,0x00,0x00,
  0x00,0x00,0x03,0x29,0x49,0x45,0x50,0x00,0x00,0x04,0xA9,0x40,
  0x15,0x09,0x4A,0x15,0x50,0x00,0x01,0x2D,0x69,0x40,0x00,0x00,
  0x00,0x00,0x00,0x00,0x00,0x00,0x05,0x2A,0xC8,0x00,0x00,0x00,
  0x00,0x00,0x56,0xFE,0xDE,0xD5,0xEE,0xFF,0xFB,0xFF,0xFD,0xFF,
  0xF7,0x84,0x04,0x05,0xFA,0xF7,0xE0,0x00,0x00,0x00,0x00,0x00,
  0x00,0x00,0x00,0x12,0x00,0x00,0x00,0x00,0x00,0x00,0x08,0x95,
  0x24,0xAA,0x48,0x00,0x00,0x02,0x94,0x0A,0xA2,0x44,0x90,0xA2,
  0x24,0x00,0x0A,0xA2,0x95,0x35,0x00,0x00,0x00,0x00,0x00,0x00,
  0x00,0x00,0x03,0x25,0x24,0x00,0x00,0x00,0x00,0x00,0x1B,0xAB,
  0xB7,0xFF,0xBB,0xD5,0x5F,0x76,0xEF,0xFB,0xDF,0x91,0x2C,0x2F,
  0xAF,0x5D,0x00,0x00,0x00,0x00,0x00,0x00,0x00,0x00,0x04,0x80,
  0x00,0x00,0x00,0x00,0x00,0x00,0x00,0x40,0x12,0x11,0x24,0x00,
  0x00,0x00,0x00,0x51,0x49,0x20,0x44,0x94,0x90,0x92,0x29,0x2A,
  0x49,0x48,0x00,0x00,0x00,0x00,0x00,0x00,0x00,0x00,0x0E,0x52,
  0x84,0x00,0x00,0x00,0x00,0x00,0x06,0xB5,0x6D,0x5B,0xFF,0xFF,
  0xF7,0xFF,0xFF,0xFF,0xFF,0x8A,0x92,0xFA,0xFB,0xED,0x00,0x00,
  0x00,0x00,0x00,0x00,0x00,0x00,0x40,0x00,0x00,0x00,0x00,0x00,
  0x00,0x00,0x00,0x00,0x40,0x04,0x10,0x00,0x00,0x00,0x00,0x84,
  0x14,0x82,0x22,0x02,0x42,0x49,0x4A,0x91,0x14,0x90,0x00,0x00,
  0x00,0x00,0x00,0x00,0x00,0x00,0x14,0xD6,0xD0,0x00,0x00,0x00,
  0x00,0x00,0x01,0x56,0xDA,0xEE,0xAB,0x55,0x7D,0xFF,0xFF,0xFF,
  0xFF,0xFD,0x2F,0xAF,0x56,0xB0,0x00,0x00,0x00,0x00,0x00,0x00,
  0x00,0x02,0x00,0x00,0x00,0x00,0x00,0x00,0x00,0x00,0x00,0x12,
  0x00,0x20,0x40,0x00,0x00,0x00,0x02,0x29,0x42,0x11,0x40,0xA8,
  0x09,0x24,0xA4,0x44,0xA2,0x40,0x00,0x00,0x00,0x00,0x00,0x00,
  0x00,0x00,0x29,0x55,0x60,0x00,0x00,0x00,0x00,0x00,0x00,0xD5,
  0x6D,0x5B,0xBF,0xFF,0xAE,0xB7,0xBF,0xDE,0xFF,0xD0,0xFA,0xFB,
  0xFD,0xC0,0x00,0x00,0x00,0x00,0x00,0x00,0x00,0x20,0x00,0x00,
  0xAA,0xA0,0x00,0x00,0x00,0x00,0x00,0x80,0x12,0x8A,0x00,0x00,
  0x00,0x00,0x00,0x92,0x54,0xA4,0x81,0x00,0x14,0x92,0x52,0x89,
  0x15,0x00,0x00,0x00,0x00,0x00,0x00,0x00,0x00,0x00,0x59,0x55,
  0xB0,0x00,0x00,0x00,0x00,0x01,0xC0,0x55,0xAB,0xAA,0x95,0x55,
  0xF5,0xFE,0xF6,0xFB,0xFA,0x0F,0xAF,0xAD,0x57,0x00,0x00,0x00,
  0x00,0x00,0x00,0x00,0x00,0x80,0x00,0x00,0x00,0x00,0x00,0x00,
  0x00,0x00,0x02,0x09,0x00,0x00,0x00,0x00,0x00,0x00,0x00,0x44,
  0x81,0x12,0x24,0x54,0x42,0x4A,0x88,0x24,0xA0,0x00,0x02,0xAB,
  0x00,0x00,0x00,0x00,0x00,0x00,0x62,0xAD,0x50,0x00,0x00,0x00,
  0x00,0x00,0xBC,0x2D,0x5A,0xC4,0x5F,0x6D,0x5B,0x6F,0xFF,0xFF,
  0xA0,0xFB,0x7A,0xF7,0x78,0x00,0x00,0x00,0x00,0x00,0x00,0x00,
  0x04,0x00,0x00,0x01,0x00,0x10,0x00,0x00,0x00,0x00,0x00,0x40,
  0x24,0x92,0x00,0x00,0x00,0x00,0x00,0x28,0x44,0xA4,0x89,0x02,
  0x11,0x24,0x51,0x52,0x55,0x00,0x14,0x94,0x00,0x05,0x55,0x40,
  0x00,0x01,0x66,0xB5,0xA0,0x00,0x00,0x00,0x00,0x00,0xD7,0x16,
  0xEE,0xBB,0xAD,0xB6,0xAE,0xDB,0x6D,0xEC,0x0F,0xED,0xD7,0x5B,
  0xA0,0x00,0x00,0x00,0x00,0x00,0x00,0x00,0x20,0x00,0x00,0x00,
  0x00,0x00,0x00,0x00,0x00,0x00,0x04,0x12,0x00,0x00,0x00,0x00,
  0x00,0x00,0x00,0x02,0x02,0x49,0x41,0x54,0x4C,0x92,0x84,0x09,
  0x20,0x01,0x52,0x48,0x00,0x52,0x4A,0x54,0x00,0x01,0x41,0x55,
  0x50,0x00,0x00,0x00,0x00,0x00,0xB5,0xEB,0x53,0x2E,0xCE,0xDA,
  0xF5,0xFF,0xFD,0x11,0x7F,0x5E,0xFD,0xFD,0xC0,0x00,0x00,0x00,
  0x00,0x00,0x00,0x00,0x80,0x00,0x00,0x00,0x00,0x00,0x00,0x00,
  0x00,0x00,0x01,0x00,0x15,0x00,0x00,0x00,0x00,0x00,0x00,0x00,
  0x05,0x24,0x12,0x09,0x21,0x29,0x12,0xD4,0x80,0x04,0x94,0xA4,
  0x01,0x29,0x25,0x20,0x00,0x02,0xD8,0x96,0x00,0x00,0x00,0x00,
  0x00,0x01,0x5A,0xAD,0xBC,0xB5,0xAD,0x6C,0xAF,0x7D,0xF4,0x0F,
  0xF5,0xEB,0xAF,0xAF,0x00,0x00,0x00,0x00,0x00,0x00,0x00,0x00,
  0x00,0x00,0x00,0x01,0x00,0x10,0x00,0x00,0x00,0x00,0x08,0x40,
  0x00,0x00,0x00,0x00,0x00,0x00,0x00,0x00,0x00,0x42,0x48,0x52,
  0x14,0x44,0x25,0x22,0x00,0x12,0x49,0x14,0x0A,0x94,0x90,0x80,
  0x00,0x05,0x8A,0x09,0x40,0x00,0x00,0x00,0x00,0x00,0xED,0xB7,
  0x6B,0x3B,0x6F,0xB5,0xFB,0xDF,0x81,0xFD,0xDF,0x7F,0xFB,0xFE,
  0x80,0x00,0x00,0x00,0x00,0x00,0x00,0x05,0x00,0x00,0x00,0x00,
  0x00,0x00,0x00,0x00,0x00,0x00,0x00,0x00,0x02,0x00,0x00,0x00,
  0x00,0x00,0x00,0x00,0x00,0x14,0x82,0x89,0x42,0x20,0x90,0x94,
  0x00,0x29,0x22,0x48,0x24,0x44,0x56,0x40,0x00,0x0B,0x29,0x66,
  0xA0,0x00,0x00,0x00,0x00,0x01,0x56,0xDB,0xB6,0xAE,0xDA,0xDA,
  0xAE,0xFF,0x17,0x77,0x7D,0xDD,0xBE,0xFD,0x80,0x00,0x00,0x00,
  0x00,0x00,0x00,0x00,0x00,0x00,0x00,0x00,0x04,0x10,0x00,0x00,
  0x00,0x00,0x00,0x00,0x00,0x00,0x00,0x00,0x00,0x00,0x00,0x00,
  0x00,0x09,0x14,0x24,0x95,0x51,0x4A,0x48,0x00,0x45,0x44,0xA0,
  0x52,0xA9,0x21,0x00,0x00,0x16,0x55,0xB5,0x80,0x00,0x00,0x00,
  0x00,0x00,0xB5,0x6D,0xDB,0x9B,0x6F,0x77,0xFB,0xFF,0xFF,0xFF,
  0xEF,0xFF,0xF7,0xFF,0x00,0x00,0x00,0x00,0x00,0x00,0x00,0x3A,
  0x00,0x00,0x00,0x01,0x04,0x00,0x00,0x00,0x00,0x00,0x00,0x00,
  0x00,0x00,0x00,0x00,0x00,0x00,0x00,0x00,0x00,0x52,0x49,0x52,
  0x54,0xA0,0x11,0x02,0xA0,0x94,0x89,0x10,0x8A,0x02,0x95,0x00,
  0x00,0x3D,0x2A,0x5A,0xC0,0x00,0x00,0x00,0x00,0x01,0x5B,0xAB,
  0x6D,0x4D,0xAB,0xDD,0x5F,0xF7,0xFD,0xB6,0xFE,0xEE,0xFF,0xF5,
  0xC0,0x00,0x00,0x00,0x00,0x00,0x00,0xFF,0xFF,0xF0,0x00,0x00,
  0x00,0x12,0x00,0x00,0x00,0x00,0x00,0x00,0x00,0x00,0x00,0x00,
  0x00,0x00,0x00,0x00,0x00,0x89,0x24,0x84,0x89,0x12,0x40,0x29,
  0x10,0x49,0x12,0x41,0x29,0x14,0x54,0x00,0x00,0xDA,0xF7,0x6F,
  0x00,0x00,0x00,0x00,0x00,0x01,0x55,0x6D,0xB6,0xB2,0xCD,0x77,
  0xF5,0xDF,0xFF,0xFF,0xDB,0xFF,0xFF,0xFF,0x80,0x00,0x00,0x00,
  0x00,0x00,0x00,0xFD,0xF7,0xF0,0x00,0x01,0x00,0x00,0x00,0x80,
  0x40,0x40,0x50,0x10,0x10,0x10,0x08,0x00,0x00,0x00,0x00,0x00,
  0x00,0x52,0x52,0x08,0xA8,0x81,0x2A,0x44,0xA1,0x22,0x24,0x80,
  0x92,0x42,0x80,0x00,0x01,0x7B,0xAD,0x55,0x00,0x00,0x00,0x00,
  0x00,0x00,0xAE,0xB5,0x6B,0xA7,0x6F,0xBD,0xBF,0xFE,0xDD,0xFF,
  0xFF,0xFF,0xFF,0xFF,0x00,0x00,0x00,0x00,0x00,0x00,0x03,0xF7,
  0xF7,0xE0,0x00,0x00,0x0B,0x10,0x01,0xE1,0xE0,0xF0,0xF0,0x78,
  0x3C,0x3C,0x3C,0x3C,0x3C,0x3E,0x0F,0x00,0x0F,0x0E,0x9C,0x9D,
  0x23,0xA8,0xB1,0x3A,0x58,0x9C,0x16,0x46,0x4C,0xAC,0x58,0x10,
  0x17,0xEE,0xFC,0x90,0xC4,0x04,0x08,0x08,0x00,0x01,0xAB,0x56,
  0xBD,0xBB,0xAA,0xEF,0xFF,0xFF,0xFD,0xFF,0xFF,0xFF,0xFF,0xF6,
  0x00,0x00,0x00,0x00,0x00,0x00,0x03,0xF7,0xEF,0xF0,0x01,0x00,
  0x36,0x80,0x01,0xC1,0xE1,0xE0,0x78,0x7C,0x74,0x3C,0x38,0x3C,
  0x3C,0x1C,0x0F,0x80,0x0F,0x5E,0x5E,0x5E,0x95,0xC9,0x7C,0x79,
  0x3E,0x5E,0x4F,0x0F,0x2F,0x3E,0x9E,0x3C,0x7F,0xBF,0xDF,0x05,
  0x1E,0x1E,0x1C,0x3C,0x3C,0x3D,0x78,0xEB,0x56,0xA9,0xEF,0xBB,
  0x6F,0x77,0xFE,0xFF,0xFF,0xFF,0xFF,0xFE,0x00,0x00,0x00,0x00,
  0x00,0x00,0x07,0xEF,0xEF,0xC0,0x08,0x01,0x00,0x00,0x03,0xE1,
  0xA0,0xF0,0xF0,0x68,0x3C,0x38,0x3C,0x38,0x38,0x3E,0x0F,0x00,
  0x0F,0x2B,0x1E,0x3C,0x0B,0xC8,0xB9,0x6C,0xBC,0x9A,0xAF,0x0F,
  0x1E,0x9A,0x1C,0x3B,0xB6,0xF6,0xFB,0xC0,0x5E,0x1A,0x3E,0x34,
  0x3C,0x7B,0x7A,0x35,0xED,0xBD,0x6D,0xFF,0xFD,0xFE,0xDD,0xFF,
  0xFF,0xFF,0xFF,0xDC,0x00,0x00,0x00,0x00,0x00,0x00,0x1A,0x3F,
  0x7E,0x80,0x02,0x00,0x00,0x10,0x01,0xE1,0xE1,0xE0,0xD8,0x7C,
  0x3C,0x3C,0x3C,0x7C,0x3C,0x3C,0x07,0x80,0x0E,0x0E,0xBA,0x9E,
  0x8B,0xD2,0x7A,0x7A,0xBD,0x3E,0x9F,0x2E,0x8E,0x5E,0x1E,0x02,
  0xFF,0xFF,0xFF,0xA9,0x0E,0x1E,0x1C,0x3C,0x3C,0x3D,0xBC,0x1D,
  0x5F,0x97,0xAF,0xDD,0xFF,0xDF,0xFE,0xFF,0xFF,0xFF,0xFE,0xF8,
  0x00,0x00,0x00,0x00,0x00,0x00,0x40,0x03,0xD8,0x00,0x00,0x01,
  0x00,0x00,0x01,0xC1,0xE0,0xF0,0x70,0x38,0x38,0x3C,0x3C,0x38,
  0x3C,0x1E,0x0F,0x00,0x0F,0x1F,0x5E,0x3C,0x93,0xC9,0x79,0x3D,
  0x3C,0x9E,0x4F,0x5F,0x3F,0x2E,0x20,0xFF,0xFF,0xFF,0x6E,0x18,
  0x4E,0x1E,0x3C,0x3C,0x34,0x3E,0xFA,0xC7,0x76,0xBA,0xEE,0xFF,
  0xBF,0xF2,0xF7,0xEE,0xFF,0xFF,0xEF,0xF0,0x00,0x00,0x00,0x00,
  0x00,0x01,0x00,0x00,0x40,0x00,0x00,0x00,0x04,0x10,0x00,0x00,
  0x00,0x00,0x00,0x00,0x08,0x00,0x10,0x08,0x00,0x10,0x00,0x00,
  0x04,0x04,0x88,0x8A,0x94,0x89,0x28,0xB8,0x15,0x55,0x45,0x26,
  0x8A,0x9D,0x4F,0xBF,0xDB,0xB5,0xEE,0x0E,0x06,0x1C,0x1C,0x1C,
  0x3C,0x3B,0x7B,0x61,0xBB,0xBF,0x6F,0xF7,0xF7,0xCF,0xFF,0xFF,
  0xFF,0xFE,0xFF,0xC0,0x00,0x00,0x00,0x00,0x00,0x04,0x00,0x00,
  0x00,0x00,0x00,0x01,0x00,0x00,0x00,0x00,0x00,0x00,0x00,0x00,
  0x00,0x00,0x00,0x00,0x00,0x00,0x00,0x00,0x00,0x00,0x00,0x00,
  0x29,0x12,0x85,0x40,0x22,0x0A,0x90,0x81,0x52,0x40,0xBF,0xFB,
  0xFF,0xFF,0x00,0x00,0x90,0x00,0x00,0x00,0x08,0x17,0xAD,0xB8,
  0xEE,0xBA,0xAF,0x7E,0xFE,0x3F,0xDF,0xFF,0xFF,0xEF,0xFF,0x00,
  0x00,0x00,0x00,0x00,0x00,0x10,0x00,0x00,0x00,0x00,0x00,0x00,
  0x00,0x10,0x00,0x00,0x00,0x00,0x00,0x00,0x00,0x00,0x00,0x00,
  0x00,0x00,0x00,0x00,0x00,0x00,0x00,0x89,0x94,0x89,0x54,0x82,
  0x95,0x68,0x25,0x35,0x48,0x2F,0xFD,0xEF,0x6D,0x68,0x00,0x00,
  0x00,0x02,0x00,0x00,0x80,0x1E,0xD6,0xD6,0x37,0xBF,0x6D,0xFF,
  0xED,0xFF,0x7F,0x7F,0xFB,0xBF,0xF8,0x00,0x00,0x00,0x00,0x00,
  0x00,0x40,0x00,0x00,0x00,0x00,0x00,0x02,0x00,0x00,0x01,0xC0,
  0xE0,0x78,0x74,0x70,0x78,0x79,0x2C,0x70,0x3C,0x86,0x0B,0x09,
  0x20,0x01,0x00,0x02,0x4A,0x2C,0xAA,0x52,0xA9,0x01,0x48,0x8A,
  0x22,0xFE,0xF7,0xBF,0xFF,0xD0,0x00,0x04,0x45,0x08,0x40,0x5F,
  0xF8,0x3B,0xF5,0xBB,0x1D,0xB6,0xBF,0xDB,0xF9,0xFD,0xFF,0xFF,
  0xFF,0xFF,0xC0,0x00,0x00,0x00,0x00,0x00,0x00,0x00,0x00,0x00,
  0x00,0x00,0x08,0x89,0x11,0x10,0x43,0x82,0xE2,0xF8,0x70,0x71,
  0x38,0x78,0x1C,0x71,0x3E,0x0F,0x07,0x80,0x01,0x10,0x20,0x84,
  0xA8,0x52,0xA8,0xA8,0xAA,0xA0,0xAA,0xA0,0x9F,0xF7,0xDF,0xFA,
  0xAD,0x01,0x01,0x10,0x00,0x20,0xFF,0xFE,0xDF,0x2F,0x5E,0xEE,
  0xC7,0xBF,0xAE,0x5F,0xC7,0xEF,0xFB,0xFF,0xFF,0xFF,0x00,0x00,
  0x00,0x00,0x00,0x00,0x02,0x00,0x00,0x00,0x00,0x89,0x20,0x00,
  0x00,0x11,0x09,0xC1,0xC0,0xFC,0x38,0x78,0x70,0xFC,0x9C,0x70,
  0x7E,0x0F,0x93,0x10,0x08,0x00,0x84,0x42,0xA2,0x2A,0x45,0x24,
  0x94,0x94,0x2A,0x0B,0xFF,0xBF,0x7D,0xAF,0xF0,0x00,0x24,0x01,
  0x11,0x00,0x5B,0x6B,0xF7,0x9D,0xEB,0xBB,0xF1,0xBF,0xDA,0xA7,
  0xBF,0xBF,0xFF,0xFF,0xDF,0xF8,0x00,0x00,0x00,0x00,0x00,0x00,
  0x00,0x00,0x06,0x00,0x24,0x00,0x02,0x21,0x24,0x40,0x01,0xC8,
  0xE9,0xCC,0x39,0x38,0x71,0xDC,0x1C,0x72,0x76,0x47,0xC7,0x02,
  0x82,0x24,0x00,0x5B,0x49,0x55,0x55,0x54,0x52,0xA6,0x80,0xBF,
  0x76,0xFB,0xF7,0xFB,0x42,0x12,0x00,0x40,0x04,0x08,0x7F,0xFF,
  0x7D,0x9B,0x7D,0xDE,0xBF,0xB6,0xCF,0x5E,0xBF,0xFF,0xDF,0xEF,
  0x7F,0xC0,0x00,0x00,0x00,0x00,0x00,0x00,0x08,0x00,0x04,0x25,
  0x00,0x42,0x08,0x04,0x00,0x14,0x21,0x81,0xE1,0xCE,0x3C,0x7A,
  0x61,0xCE,0x5C,0x70,0xE7,0x0F,0xC3,0x90,0x20,0x00,0x24,0x04,
  0xA2,0xA9,0x44,0xA8,0x4A,0x90,0x2F,0xFD,0xFF,0xEF,0xBE,0xAD,
  0x00,0x40,0x48,0x09,0x20,0x41,0x6D,0xB7,0xD7,0xDD,0xD7,0x77,
  0xFF,0xBF,0xE9,0x4F,0xFF,0xFE,0xFF,0x7F,0xFE,0x00,0x00,0x00,
  0x00,0x00,0x00,0x00,0x00,0x00,0x10,0x00,0x11,0x08,0xA0,0x91,
  0x44,0x90,0x83,0xFE,0xC1,0x8E,0x1C,0x7C,0xE5,0xCE,0x1C,0xF2,
  0xE7,0x2E,0xF7,0x02,0x09,0x22,0x81,0x12,0x00,0xAA,0xA5,0x4A,
  0x35,0x05,0xFF,0xD7,0xDF,0xBE,0xFB,0xFC,0x09,0x04,0x02,0x40,
  0x04,0x10,0x3F,0xFD,0x7E,0xCF,0x7D,0xDD,0xB6,0xBF,0xAD,0x5F,
  0xFD,0xF7,0xFD,0xFF,0xF8,0x00,0x00,0x00,0x00,0x00,0x00,0x00,
  0x00,0x01,0x00,0x90,0x80,0x04,0x02,0x01,0x10,0x10,0x09,0xFF,
  0xEB,0x8E,0x5C,0xFC,0xE1,0x8E,0x5C,0x70,0xC3,0x8E,0x73,0x48,
  0x80,0x08,0x10,0x44,0x91,0x29,0x05,0x2A,0x80,0x5F,0xED,0x7F,
  0xFA,0xFB,0xEF,0xA0,0x20,0x11,0x20,0x14,0xA1,0x04,0xBB,0x5F,
  0xEF,0xEA,0xAE,0xF7,0xFF,0xDD,0xF5,0x5B,0xBF,0xBF,0xFF,0xFF,
  0xC0,0x00,0x00,0x00,0x00,0x00,0x00,0x00,0x00,0x04,0x44,0x04,
  0x09,0x20,0x08,0x09,0x05,0x22,0x41,0xD5,0xE3,0xAF,0x0E,0xCD,
  0xC3,0xD7,0x1D,0x71,0xEB,0x8E,0x7B,0x00,0x2A,0x80,0x84,0x10,
  0x04,0xAA,0xA2,0xD0,0x4B,0xFF,0x7F,0xFE,0xEF,0xFF,0xFE,0x80,
  0x84,0x40,0x09,0x00,0x08,0x50,0x3F,0xF5,0xBA,0xA7,0xF7,0xBD,
  0xBF,0xB7,0x5E,0xFF,0xFF,0xFF,0xEF,0xFF,0x00,0x00,0x00,0x00,
  0x00,0x00,0x00,0x00,0x40,0x20,0x10,0x90,0xA0,0x04,0xA0,0xA1,
  0x75,0xA0,0x13,0xC0,0xC3,0xFF,0x1E,0xCE,0xD7,0xFF,0x1C,0x75,
  0xFF,0xCE,0x3F,0x95,0x00,0x54,0x21,0x45,0x20,0xA8,0x95,0x05,
  0x7F,0xF7,0xDB,0xDB,0xBF,0xDE,0xDB,0xD4,0x11,0x09,0x52,0xD6,
  0xA1,0x02,0xAD,0xBF,0xFF,0xF6,0xAC,0xEF,0xED,0xC9,0x5F,0xFF,
  0xF7,0xFF,0x7F,0xFC,0x00,0x00,0x00,0x00,0x00,0x00,0x00,0x00,
  0x09,0x09,0x04,0x02,0x04,0x90,0x04,0x04,0x02,0x09,0x41,0x92,
  0xE7,0xDB,0x8F,0xCF,0xC7,0x6F,0x9D,0x71,0xDF,0x8E,0x9F,0x20,
  0x54,0x00,0x00,0x00,0x04,0x95,0x48,0x2B,0xED,0x5D,0xFF,0x7F,
  0xFA,0xF7,0xFE,0xAA,0x80,0x20,0x2D,0x6B,0x6C,0x28,0x1F,0xED,
  0x6B,0x77,0xB2,0x36,0xBF,0xFF,0xFF,0x7E,0xFF,0xFB,0xFF,0xF4,
  0x00,0x00,0x00,0x00,0x00,0x00,0x00,0x00,0xA0,0x80,0xA6,0x48,
  0x10,0x02,0x91,0x20,0x90,0x42,0x15,0xC5,0xE7,0x07,0x87,0x87,
  0x97,0x03,0x9C,0x73,0x81,0xEE,0x0F,0x09,0x01,0x00,0x09,0x29,
  0x52,0x52,0x02,0xFF,0xBF,0xFF,0x6D,0xF5,0xBF,0xBA,0xAB,0x68,
  0x55,0x0A,0x95,0xB5,0xAB,0x82,0x9A,0xFF,0xAF,0xBA,0xED,0x5F,
  0xFB,0xFF,0xFB,0xF7,0xD5,0xBF,0xFF,0xD0,0x00,0x00,0x00,0x00,
  0x00,0x00,0x00,0x00,0x4A,0x2A,0x01,0x11,0x42,0xA8,0x04,0x09,
  0x09,0x10,0x43,0xD0,0xEE,0x53,0xA7,0x97,0x8E,0x13,0x9C,0xF3,
  0xA1,0xCE,0x47,0xA0,0x20,0x09,0x40,0x00,0x08,0x80,0xBF,0xFE,
  0xFB,0xF7,0xFF,0xDF,0x6A,0xEF,0xFD,0xB5,0x08,0x40,0x2D,0x56,
  0xB5,0x68,0x2F,0xAB,0xEA,0xEF,0xA1,0x36,0xEF,0x6B,0xDF,0xFF,
  0xBF,0xFF,0xFF,0x40,0x00,0x00,0x00,0x00,0x00,0x00,0x00,0x00,
  0x29,0x40,0xA8,0x44,0x08,0x04,0xA1,0x42,0x44,0x4A,0x11,0x85,
  0x8A,0x82,0x96,0x06,0xA6,0x81,0xDC,0x57,0x14,0xE6,0x2B,0x0A,
  0x00,0x50,0x9B,0x56,0xD2,0xD7,0xFF,0xAF,0xEF,0x5E,0xDE,0xFF,
  0xFF,0xBA,0xAB,0x5A,0xF5,0x15,0x0B,0x5A,0xAD,0x55,0x16,0xFE,
  0xB5,0xBA,0xEA,0x5F,0xFF,0xFE,0xBF,0xFD,0x7F,0xFF,0xFE,0x00,
  0x00,0x00,0x00,0x00,0x00,0x00,0x00,0x00,0x35,0x2A,0x05,0x11,
  0x22,0xA2,0x14,0x11,0x11,0x11,0x44,0x20,0x41,0x28,0x40,0xA8,
  0x10,0x54,0x01,0x00,0x42,0x00,0x80,0x41,0x55,0x0A,0x54,0xA9,
  0x2A,0x7F,0xFB,0xFB,0xBF,0xFB,0xF7,0xED,0xAB,0xEF,0xFF,0xF7,
  0x40,0x40,0xA5,0x6B,0x55,0xB4,0xAF,0xEF,0xFC,0xEF,0xA5,0xBF,
  0xBF,0xFF,0xFF,0x6B,0xFD,0xEA,0x86,0x00,0x00,0x00,0x00,0x00,
  0x00,0x00,0x00,0x00,0x0D,0x55,0x52,0x44,0x94,0x11,0x41,0x4A,
  0x48,0x84,0x22,0x55,0x2A,0x45,0x2A,0x12,0xA5,0x09,0x54,0xAA,
  0x28,0x95,0x2A,0x2A,0x00,0x20,0x02,0x4A,0xA5,0x5D,0xEF,0x7E,
  0xFB,0x7F,0x5D,0x76,0xFD,0x75,0x55,0x58,0x15,0x2A,0x13,0xAA,
  0xED,0x5A,0x2B,0x7B,0x6F,0x3D,0xBF,0xFB,0xFB,0x7B,0xF7,0xDF,
  0xFF,0x80,0x00,0x00,0x00,0x00,0x00,0x00,0x00,0x00,0x00,0x00,
  0x07,0x52,0xA9,0x29,0x21,0x4A,0x2A,0x20,0x92,0x52,0x94,0x88,
  0x89,0x28,0x81,0x48,0x90,0xA4,0x22,0x21,0x45,0x20,0x92,0xB0,
  0x00,0x00,0x00,0x01,0x2A,0xB7,0xBF,0xEF,0xFF,0xEF,0xF7,0xBF,
  0x57,0xA8,0x09,0xA9,0x48,0x81,0x45,0x6D,0x36,0xED,0x95,0xDF,
  0xFD,0xB7,0x7E,0xFF,0x7F,0xEF,0xBF,0x7F,0xFA,0x00,0x00,0x00,
  0x00,0x00,0x00,0x00,0x00,0x00,0x00,0x00,0x01,0xAD,0x4A,0xA4,
  0x94,0x91,0x44,0x95,0x25,0x29,0x49,0x25,0x24,0x85,0x54,0xA5,
  0x26,0x52,0x94,0x94,0x92,0x4D,0x48,0xD0,0x00,0x00,0x00,0x08,
  0x00,0xAE,0xFB,0x7F,0xDF,0xFD,0xFF,0xEB,0xFD,0x6F,0xF6,0xA4,
  0x25,0x2A,0x29,0xB5,0x4B,0x56,0xD6,0xFB,0x6F,0xDF,0x77,0xEF,
  0xFF,0xFF,0xFD,0xFF,0xA0,0x00,0x00,0x00,0x00,0x00,0x00,0x00,
  0x00,0x00,0x00,0x00,0x00,0x75,0x54,0x95,0x4A,0x4A,0x29,0x48,
  0x92,0x84,0x24,0x92,0xAA,0x54,0x4A,0x48,0x91,0x29,0x4A,0xA5,
  0x55,0x22,0x52,0xA0,0x00,0x00,0x04,0x00,0x08,0x0F,0xDF,0xED,
  0x7A,0xB7,0xBD,0xBE,0xDF,0xFA,0xAA,0x52,0x90,0x94,0x92,0xAE,
  0xD5,0xB5,0xAB,0x7F,0xFD,0xED,0xFF,0xBA,0xEE,0xFF,0xFF,0xFC,
  0x00,0x00,0x00,0x00,0x00,0x00,0x00,0x00,0x00,0x00,0x00,0x00,
  0x00,0x3F,0x6A,0xAA,0xA5,0x55,0x55,0x26,0xA8,0xB5,0xAA,0xA9,
  0x25,0x2A,0xA9,0x26,0xAA,0x95,0x24,0x94,0x92,0xAA,0x94,0xB0,
  0x00,0x00,0x00,0x00,0x02,0xA2,0xF5,0xBF,0xEF,0xFE,0xF7,0x77,
  0xF5,0x00,0x01,0x2A,0xAA,0xA2,0xA4,0xDB,0x74,0xDE,0xD5,0xAD,
  0xB7,0xF6,0xDD,0xFF,0x7F,0xFE,0xFF,0xE0,0x00,0x00,0x00,0x00,
  0x00,0x00,0x00,0x00,0x00,0x00,0x00,0x00,0x00,0x05,0xB6,0xD5,
  0x54,0xA9,0x4A,0xA9,0x4A,0x92,0x52,0x55,0x52,0xA5,0x25,0x52,
  0x4A,0xA4,0xAA,0x55,0x54,0xAA,0xA5,0x80,0x00,0x00,0x00,0x00,
  0x00,0x05,0xDF,0x75,0xBD,0xDB,0xDD,0xDD,0x5F,0xDD,0x48,0x14,
  0xA5,0x2A,0x52,0x6D,0xAE,0x2B,0x6E,0xAB,0xFF,0x7F,0x7F,0xFF,
  0xDF,0xEF,0xFD,0x00,0x00,0x00,0x00,0x00,0x00,0x00,0x00,0x00,
  0x00,0x00,0x00,0x00,0x00,0x02,0xED,0x5A,0xAA,0xA5,0x54,0xAA,
  0xAA,0xAA,0xAA,0xAA,0xAA,0xAA,0xAA,0xAA,0xAA,0xAA,0xAA,0xAA,
  0xAA,0xAA,0xAA,0xA0,0x00,0x00,0x00,0x00,0x00,0x01,0xF7,0xDF,
  0xF7,0x7F,0xFF,0x7F,0xFB,0xA8,0x05,0x4A,0xAA,0xA9,0x4A,0xB6,
  0xF5,0xD5,0xB5,0x54,0x97,0xFF,0xFF,0xEF,0xEB,0xFF,0xE0,0x00,
  0x00,0x00,0x00,0x00,0x00,0x00,0x00,0x00,0x00,0x00,0x00,0x00,
  0x00,0x00,0x7B,0xEB,0x55,0x5A,0xAA,0xAA,0xAA,0xAA,0xAA,0xAA,
  0xAA,0xAA,0xAA,0xAA,0xAA,0xAA,0xAA,0xAA,0xAA,0xAA,0xAA,0x80,
  0x00,0x00,0x00,0x00,0x10,0x11,0xFD,0x76,0xBF,0xFF,0xFF,0xFB,
  0xFF,0xA9,0x24,0x22,0xAA,0xA5,0x55,0x5B,0x5F,0x6A,0xEF,0x56,
  0xFE,0xDF,0xF7,0x7F,0xFE,0xBE,0x80,0x00,0x00,0x00,0x00,0x00,
  0x00,0x00,0x00,0x00,0x00,0x00,0x00,0x00,0x00,0x00,0x0F,0x5D,
  0x5B,0x6A,0xAB,0x55,0x55,0x55,0x55,0x55,0x55,0x55,0x55,0x55,
  0x55,0x55,0x55,0x55,0x55,0x55,0x5A,0x80,0x00,0x00,0x00,0x00,
  0x00,0x03,0xFF,0xFD,0xED,0xFF,0x77,0xFF,0xF6,0x84,0x12,0x94,
  0xAA,0xAD,0x55,0x4F,0xEB,0xFD,0x7A,0xDB,0xEF,0xED,0xDF,0xFE,
  0xFF,0xE8,0x00,0x00,0x00,0x00,0x00,0x00,0x00,0x00,0x00,0x00,
  0x00,0x00,0x00,0x00,0x00,0x00,0x03,0xF7,0xED,0xAD,0xB5,0x6D,
  0xAD,0xB6,0xD6,0xD5,0x55,0xEA,0xB6,0xB6,0xDA,0xAD,0xB6,0xDB,
  0x6D,0xB6,0xED,0x80,0x00,0x00,0x04,0x00,0x00,0x01,0xBF,0xFF,
  0xFF,0xED,0xFD,0x5E,0xBD,0xE9,0x4A,0x4A,0x55,0x55,0x55,0x5A,
  0xBD,0x57,0xAF,0x7F,0xBF,0x5F,0xFF,0xFB,0xFE,0x80,0x00,0x00,
  0x00,0x00,0x00,0x00,0x00,0x00,0x00,0x00,0x00,0x00,0x00,0x00,
  0x00,0x00,0x00,0x5D,0x5A,0xD6,0xDD,0xB6,0xDA,0xDB,0x6B,0x6E,
  0xEE,0xDD,0xDB,0x5B,0x6D,0xD6,0xDB,0x6D,0xB6,0xDB,0x56,0x80,
  0x00,0x14,0x00,0x00,0x00,0x01,0xFF,0xFF,0xFF,0xFF,0xDF,0xF7,
  0xEB,0x64,0x25,0x29,0x5B,0x6B,0x6D,0x6B,0xEF,0xFD,0xDB,0xFF,
  0xFD,0xFF,0xFE,0xEF,0xE0,0x00,0x00,0x00,0x00,0x00,0x00,0x00,
  0x00,0x00,0x00,0x00,0x00,0x00,0x00,0x00,0x00,0x00,0x00,0x0F,
  0xF7,0x7B,0x6B,0x6B,0x6F,0x6D,0xBA,0xB5,0x5B,0x6B,0x6A,0xED,
  0xB6,0xBB,0x6D,0xB6,0xAB,0x6D,0xFB,0x80,0x00,0x40,0x00,0x00,
  0x00,0x11,0xB7,0xEF,0xFF,0x6D,0xEB,0x5A,0xBE,0xB5,0xAA,0xAB,
  0x6D,0xB5,0xB6,0xAD,0x7A,0xAF,0x7E,0xDB,0xFF,0xFF,0x7B,0xFE,
  0x00,0x00,0x00,0x00,0x00,0x00,0x00,0x00,0x00,0x00,0x00,0x00,
  0x00,0x00,0x00,0x00,0x00,0x00,0x00,0x01,0x7F,0xDD,0xDE,0xDD,
  0xB5,0xB6,0xD7,0xDB,0xED,0xBD,0xBF,0x5B,0x6B,0xD5,0xB6,0xDB,
  0x7D,0xB6,0xAE,0x90,0x02,0x40,0x20,0x22,0x24,0x85,0xDB,0x7B,
  0x6B,0xFB,0x7D,0xEF,0xD5,0xDA,0xAD,0xB6,0xDA,0xDE,0xD5,0xDB,
  0x57,0xFB,0xEF,0xFF,0xF6,0xFB,0xFF,0xA0,0x00,0x00,0x00,0x00,
  0x00,0x00,0x00,0x00,0x00,0x00,0x00,0x00,0x00,0x00,0x00,0x00,
  0x00,0x00,0x00,0x00,0x0B,0x77,0x77,0xF7,0xFE,0xEF,0x7D,0x6E,
  0xB6,0xEB,0xD5,0xF6,0xDE,0xBE,0xDB,0x6D,0xD7,0x7F,0xFB,0xA0,
  0x00,0x04,0x25,0x08,0x00,0x21,0xA9,0xFF,0xFE,0xAF,0xAE,0xB5,
  0x7F,0x7F,0x76,0xEF,0x77,0x6B,0x6E,0xB6,0xFD,0xBF,0x7A,0xFF,
  0x7F,0xEF,0xE8,0x00,0x00,0x00,0x00,0x00,0x00,0x00,0x00,0x00,
  0x00,0x00,0x00,0x00,0x00,0x00,0x00,0x00,0x00,0x00,0x00,0x00,
  0x00,0x5F,0xFD,0x5D,0x57,0xBB,0xD7,0xBB,0xDF,0xBE,0xFE,0xBF,
  0xFB,0xEF,0xFF,0xF7,0x7D,0xD5,0x5F,0x92,0x48,0x4C,0x80,0x41,
  0x55,0x09,0xA4,0x3F,0x6F,0xFD,0xFB,0xDF,0xED,0xED,0xDF,0xBB,
  0xDD,0xDD,0xBB,0xEF,0xB7,0xF7,0xEF,0xFD,0xFF,0xFD,0x00,0x00,
  0x00,0x00,0x00,0x00,0x00,0x00,0x00,0x00,0x00,0x00,0x00,0x00,
  0x00,0x00,0x00,0x00,0x00,0x00,0x00,0x00,0x00,0x00,0x17,0xFF,
  0xFD,0xFE,0xFD,0xFF,0x7B,0xEF,0xAB,0xEB,0x6E,0xFA,0xAA,0xBF,
  0xDF,0x7F,0xF6,0xD0,0x01,0x20,0x14,0x10,0x08,0x43,0xBA,0xBD,
  0xFD,0xFF,0xFF,0xFF,0xBF,0xD7,0xFB,0xFE,0xFF,0x77,0xEE,0xBA,
  0xFF,0x7D,0xBE,0xFF,0xEA,0x00,0x00,0x00,0x00,0x00,0x00,0x00,
  0x00,0x00,0x00,0x00,0x00,0x00,0x00,0x00,0x00,0x00,0x00,0x00,
  0x00,0x00,0x00,0x00,0x00,0x00,0x00,0x00,0x4A,0xAB,0x5B,0x55,
  0xEE,0xBA,0xFE,0xFF,0xDF,0xAF,0xFF,0xED,0x77,0xFB,0xBF,0xB4,
  0xA0,0x04,0x81,0x45,0x51,0x29,0xD7,0x57,0xF7,0xF7,0xBE,0xDA,
  0xFB,0x7F,0x7F,0x6F,0xD7,0xFD,0x7B,0xFF,0xBD,0xFF,0xFB,0xD2,
  0x00,0x00,0x00,0x00,0x00,0x00,0x00,0x00,0x00,0x00,0x00,0x00,
  0x00,0x00,0x00,0x00,0x00,0x00,0x00,0x00,0x00,0x00,0x00,0x00,
  0x00,0x00,0x00,0x00,0x00,0x00,0x00,0x00,0x00,0x00,0x05,0x00,
  0x00,0x00,0x00,0x00,0x00,0x00,0x00,0xD0,0x04,0x92,0x24,0x10,
  0x04,0x85,0xFD,0xBF,0xBF,0xFE,0xFF,0xFF,0xEF,0xEB,0xDB,0xFA,
  0xFD,0x57,0xDE,0xD5,0xD7,0xAA,0x40,0x00,0x00,0x00,0x00,0x00,
  0x00,0x00,0x00,0x00,0x00,0x00,0x00,0x00,0x00,0x00,0x00,0x00,
  0x00,0x00,0x00,0x00,0x00,0x00,0x00,0x00,0x00,0x00,0x00,0x00,
  0x00,0x00,0x00,0x00,0x00,0x00,0x03,0x80,0x00,0x00,0x00,0x00,
  0x00,0x00,0x00,0x72,0xA2,0x04,0x09,0x45,0x52,0x29,0xBF,0xFE,
  0x00,0x00,0x00,0x00,0x00,0x3C,0x00,0x00,0x00,0x00,0x00,0x00,
  0x00,0x00,0x00,0x00,0x00,0x00,0x00,0x00,0x00,0x00,0x00,0x00,
  0x00,0x00,0x00,0x00,0x00,0x00,0x00,0x00,0x00,0x00,0x00,0x00,
  0x00,0x00,0x00,0x00,0x00,0x00,0x00,0x00,0x00,0x00,0x00,0x00,
  0x00,0x00,0x01,0x00,0x00,0x00,0x00,0x00,0x00,0x00,0x00,0xB4,
  0x11,0x52,0xA4,0x28,0x94,0xA5,0xF6,0xF0,0x00,0x00,0x00,0x00,
  0x00,0x14,0x00,0x00,0x00,0x00,0x00,0x00,0x00,0x00,0x00,0x00,
  0x00,0x00,0x00,0x00,0x00,0x00,0x00,0x00,0x00,0x00,0x00,0x00,
  0x00,0x00,0x00,0x00,0x00,0x00,0x00,0x00,0x00,0x00,0x00,0x00,
  0x00,0x00,0x00,0x00,0x00,0x00,0x00,0x00,0x00,0x00,0x01,0x00,
  0x00,0x00,0x00,0x00,0x00,0x00,0x00,0x72,0xA4,0x8A,0x12,0x92,
  0x52,0x95,0xFF,0xE0,0x00,0x00,0x00,0x00,0x00,0x08,0x00,0x00,
  0x00,0x00,0x00,0x00,0x00,0x00,0x00,0x00,0x00,0x00,0x00,0x00,
  0x00,0x00,0x00,0x00,0x00,0x00,0x00,0x00,0x00,0x00,0x00,0x00,
  0x00,0x00,0x00,0x00,0x00,0x00,0x00,0x00,0x00,0x00,0x00,0x00,
  0x00,0x00,0x00,0x00,0x00,0x00,0x00,0x80,0x00,0x00,0x00,0x00,
  0x00,0x00,0x00,0xD9,0x15,0x54,0xA9,0x4A,0xAA,0x55,0xFF,0x80,
  0x00,0x00,0x00,0x00,0x00,0x06,0x00,0x00,0x00,0x00,0x00,0x00,
  0x00,0x00,0x00,0x00,0x00,0x00,0x00,0x00,0x00,0x00,0x00,0x00,
  0x00,0x00,0x00,0x00,0x00,0x00,0x00,0x00,0x00,0x00,0x00,0x00,
  0x00,0x00,0x00,0x00,0x00,0x00,0x00,0x00,0x00,0x00,0x00,0x00,
  0x00,0x00,0x00,0x40,0x00,0x00,0x00,0x00,0x00,0x00,0x00,0x75,
  0x55,0x25,0x4A,0xAA,0xAA,0xAB,0xFC,0x00,0x00,0x00,0x00,0x00,
  0x00,0x02,0x00,0x00,0x00,0x00,0x00,0x00,0x00,0x00,0x00,0x00,
  0x00,0x00,0x00,0x00,0x00,0x00,0x00,0x00,0x00,0x00,0x00,0x00,
  0x00,0x00,0x00,0x00,0x00,0x00,0x00,0x00,0x00,0x00,0x00,0x00,
  0x00,0x00,0x00,0x00,0x00,0x00,0x00,0x00,0x00,0x00,0x00,0x00,
  0x00,0x00,0x00,0x00,0x00,0x00,0x00,0x7A,0xAA,0xAD,0x55,0x55,
  0x55,0xB7,0xE0,0x00,0x00,0x00,0x00,0x00,0x00,0x00,0x00,0x00,
  0x00,0x00,0x00,0x00,0x00,0x00,0x00,0x00,0x00,0x00,0x00,0x00,
  0x00,0x00,0x00,0x00,0x00,0x00,0x00,0x00,0x00,0x00,0x00,0x00,
  0x00,0x00,0x00,0x00,0x00,0x00,0x00,0x00,0x00,0x00,0x00,0x00,
  0x00,0x00,0x00,0x00,0x00,0x00,0x00,0x00,0x00,0x00,0x00,0x00,
  0x00,0x00,0x00,0xED,0x6A,0xD5,0x5A,0xB6,0xDA,0xDB,0x00,0x00,
  0x00,0x00,0x00,0x00,0x00,0x00,0x00,0x00,0x00,0x00,0x00,0x00,
  0x00,0x00,0x00,0x00,0x00,0x00,0x00,0x00,0x00,0x00,0x00,0x00,
  0x00,0x00,0x00,0x00,0x00,0x00,0x00,0x00,0x00,0x00,0x00,0x00,
  0x00,0x00,0x00,0x00,0x00,0x00,0x00,0x00,0x00,0x00,0x00,0x00,
  0x00,0x00,0x00,0x00,0x00,0x00,0x00,0x00,0x00,0x00,0x00,0x7B,
  0xBF,0x76,0xED,0xDB,0x6F,0x6C,0x00,0x00,0x00,0x00,0x00,0x00,
  0x00,0x00,0x00,0x00,0x00,0x00,0x00,0x00,0x00,0x00,0x00,0x00,
  0x00,0x00,0x00,0x00,0x00,0x00,0x00,0x00,0x00,0x00,0x00,0x00,
  0x00,0x00,0x00,0x00,0x00,0x00,0x00,0x00,0x00,0x00,0x00,0x00,
  0x00,0x00,0x00,0x00,0x00,0x00,0x00,0x00,0x00,0x00,0x00,0x00,
  0x00,0x00,0x00,0x00,0x00,0x00,0x00,0x7E,0xD5,0xAF,0x57,0x6D,
  0xBB,0xBE,0x80,0x00,0x00,0x00,0x00,0x00,0x00,0x00,0x00,0x00,
  0x00,0x00,0x00,0x00,0x00,0x00,0x00,0x00,0x00,0x00,0x00,0x00,
  0x00,0x00,0x00,0x00,0x00,0x00,0x00,0x00,0x00,0x00,0x00,0x00,
  0x00,0x00,0x00,0x00,0x00,0x00,0x00,0x00,0x00,0x00,0x00,0x00,
  0x00,0x00,0x00,0x00,0x00,0x00,0x00,0x00,0x00,0x00,0x00,0x00,
  0x00,0x00,0x00,0x7F,0xFE,0xFB,0xFD,0xBB,0xED,0xEB,0x00,0x00,
  0x00,0x00,0x00,0x00,0x00,0x00,0x00,0x00,0x00,0x00,0x00,0x00,
  0x00,0x00,0x00,0x00,0x00,0x00,0x00,0x00,0x00,0x00,0x00,0x00,
  0x00,0x00,0x00,0x00,0x00,0x00,0x00,0x00,0x00,0x00,0x00,0x00,
  0x00,0x00,0x00,0x00,0x00,0x00,0x00,0x00,0x00,0x00,0x00,0x00,
  0x00,0x00,0x00,0x00,0x00,0x00,0x00,0x00,0x00,0x00,0x00,0x05,
  0xB7,0xFE,0xDF,0xFF,0x7E,0xFC,0x00,0x00,0x00,0x00,0x00,0x00,
  0x00,0x00,0x00,0x00,0x00,0x00,0x00,0x00,0x00,0x00,0x00,0x00,
  0x00,0x00,0x00,0x00,0x00,0x00,0x00,0x00,0x00,0x00,0x00,0x00,
  0x00,0x00,0x00,0x00,0x00,0x00,0x00,0x00,0x00,0x00,0x00,0x00,
  0x00,0x00,0x00,0x00,0x00,0x00,0x00,0x00,0x00,0x00,0x00,0x00,
  0x00,0x00,0x00,0x00,0x00,0x00,0x00,0x00,0x15,0x57,0xB5,0x55,
  0xAB,0x00,0x00,0x00,0x00,0x00,0x00,0x00,0x00,0x00,0x00,0x00,
  0x00,0x00,0x00,0x00,0x00,0x00,0x00,0x00,0x00,0x00,0x00,0x00,
  0x00,0x00,0x00,0x00,0x00,0x00,0x00,0x00,0x00,0x00,0x00,0x00,
  0x00,0x00,0x00,0x00,
};
static const uint8_t branded_jbu[] PROGMEM = {
  0x00,0x00,0x00,0x00,0x00,0x00,0x00,0x00,0x00,0x00,0x00,0x00,
  0x00,0x00,0x00,0x00,0x00,0x00,0x00,0x00,0x00,0x00,0x00,0x00,
  0x00,0x00,0x00,0x00,0x00,0x00,0x00,0x00,0x00,0x00,0x00,0x00,
  0x00,0x00,0x00,0x00,0x00,0x00,0x00,0x00,0x00,0x00,0x00,0x00,
  0x00,0x00,0x00,0x00,0x00,0x00,0x00,0x00,0x00,0x00,0x00,0x00,
  0x00,0x00,0x00,0x01,0x5F,0xBF,0xC0,0x00,0x00,0x00,0x00,0x00,
  0x00,0x00,0x00,0x00,0x00,0x00,0x00,0x00,0x00,0x00,0x00,0x00,
  0x00,0x00,0x00,0x00,0x00,0x00,0x00,0x00,0x00,0x00,0x00,0x00,
  0x00,0x00,0x00,0x00,0x00,0x00,0x00,0x00,0x00,0x00,0x00,0x00,
  0x00,0x00,0x00,0x00,0x00,0x00,0x00,0x00,0x00,0x00,0x00,0x00,
  0x00,0x00,0x00,0x00,0x00,0x00,0x00,0x00,0x00,0x00,0x00,0x49,
  0x75,0x6A,0x80,0x00,0x00,0x00,0x00,0x00,0x00,0x00,0x00,0x00,
  0x00,0x00,0x00,0x00,0x00,0x00,0x00,0x00,0x00,0x00,0x00,0x00,
  0x00,0x00,0x00,0x00,0x00,0x00,0x00,0x00,0x00,0x00,0x00,0x00,
  0x00,0x00,0x00,0x00,0x00,0x00,0x00,0x00,0x00,0x00,0x00,0x00,
  0x00,0x00,0x00,0x00,0x00,0x00,0x00,0x00,0x00,0x00,0x00,0x00,
  0x00,0x00,0x00,0x00,0x00,0x00,0x01,0x01,0x5F,0xFF,0xC0,0x00,
  0x00,0x00,0x00,0x00,0x00,0x00,0x00,0x00,0x00,0x00,0x00,0x00,
  0x00,0x00,0x00,0x00,0x00,0x00,0x00,0x00,0x00,0x00,0x00,0x00,
  0x00,0x00,0x00,0x00,0x00,0x00,0x00,0x00,0x00,0x00,0x00,0x00,
  0x00,0x00,0x00,0x00,0x00,0x00,0x00,0x00,0x00,0x00,0x00,0x00,
  0x00,0x00,0x00,0x00,0x00,0x00,0x00,0x00,0x00,0x00,0x00,0x00,
  0x00,0x00,0x02,0x10,0xF6,0xEE,0x80,0x00,0x00,0x00,0x00,0x00,
  0x00,0x00,0x00,0x00,0x00,0x00,0x00,0x00,0x00,0x00,0x00,0x00,
  0x00,0x00,0x00,0x00,0x00,0x00,0x00,0x00,0x00,0x00,0x00,0x00,
  0x00,0x00,0x00,0x00,0x00,0x00,0x00,0x00,0x00,0x00,0x00,0x00,
  0x00,0x00,0x00,0x00,0x00,0x00,0x00,0x00,0x00,0x00,0x00,0x00,
  0x00,0x00,0x00,0x00,0x00,0x00,0x00,0x00,0x00,0x00,0x02,0x45,
  0xDF,0xBB,0x80,0x00,0x00,0x00,0x00,0x00,0x00,0x00,0x00,0x00,
  0x00,0x00,0x00,0x00,0x00,0x00,0x00,0x00,0x00,0x00,0x00,0x00,
  0x00,0x00,0x00,0x00,0x00,0x00,0x00,0x00,0x00,0x00,0x00,0x00,
  0x00,0x00,0x00,0x00,0x00,0x00,0x00,0x00,0x00,0x00,0x00,0x00,
  0x00,0x00,0x00,0x00,0x00,0x00,0x00,0x00,0x00,0x00,0x00,0x00,
  0x00,0x00,0x00,0x00,0x00,0x00,0x04,0x10,0x7D,0xFF,0x00,0x00,
  0x00,0x00,0x00,0x00,0x00,0x00,0x00,0x00,0x00,0x00,0x00,0x00,
  0x00,0x00,0x00,0x00,0x00,0x00,0x00,0x00,0x00,0x00,0x00,0x00,
  0x00,0x00,0x00,0x00,0x00,0x00,0x00,0x00,0x00,0x00,0x00,0x00,
  0x00,0x00,0x00,0x00,0x00,0x00,0x00,0x00,0x00,0x00,0x00,0x00,
  0x00,0x00,0x00,0x00,0x00,0x00,0x00,0x00,0x00,0x00,0x00,0x00,
  0x00,0x00,0x0A,0x82,0xDF,0x6D,0x80,0x00,0x00,0x00,0x00,0x00,
  0x00,0x00,0x00,0x00,0x00,0x00,0x00,0x00,0x00,0x00,0x00,0x00,
  0x00,0x00,0x00,0x00,0x00,0x00,0x00,0x00,0x00,0x00,0x00,0x00,
  0x00,0x00,0x00,0x00,0x00,0x00,0x00,0x00,0x00,0x00,0x00,0x00,
  0x00,0x00,0x00,0x00,0x00,0x00,0x00,0x00,0x00,0x00,0x00,0x00,
  0x00,0x00,0x00,0x00,0x00,0x00,0x00,0x00,0x00,0x00,0x14,0x24,
  0x77,0xFF,0x00,0x00,0x00,0x00,0x00,0x00,0x00,0x00,0x00,0x00,
  0x00,0x00,0x00,0x00,0x00,0x00,0x00,0x00,0x00,0x00,0x00,0x00,
  0x00,0x00,0x00,0x00,0x00,0x00,0x00,0x00,0x00,0x00,0x00,0x00,
  0x00,0x00,0x00,0x00,0x00,0x00,0x00,0x00,0x00,0x00,0x00,0x00,
  0x00,0x00,0x00,0x00,0x00,0x00,0x00,0x00,0x00,0x00,0x00,0x00,
  0x00,0x00,0x00,0x00,0x00,0x00,0x28,0x00,0xDD,0xB7,0x00,0x00,
  0x00,0x00,0x00,0x00,0x00,0x00,0x00,0x00,0x00,0x00,0x00,0x00,
  0x00,0x00,0x00,0x00,0x00,0x00,0x00,0x00,0x00,0x00,0x00,0x00,
  0x00,0x00,0x00,0x00,0x00,0x00,0x00,0x00,0x00,0x00,0x00,0x00,
  0x00,0x00,0x00,0x00,0x00,0x00,0x00,0x00,0x00,0x00,0x00,0x00,
  0x00,0x00,0x00,0x00,0x00,0x00,0x00,0x00,0x00,0x00,0x00,0x00,
  0x00,0x00,0x52,0x94,0x77,0xFE,0x00,0x00,0x00,0x00,0x00,0x00,
  0x00,0x00,0x00,0x00,0x00,0x00,0x00,0x00,0x00,0x00,0x00,0x00,
  0x00,0x00,0x00,0x00,0x00,0x00,0x00,0x00,0x00,0x00,0x00,0x00,
  0x00,0x00,0x00,0x00,0x00,0x00,0x00,0x00,0x00,0x00,0x00,0x00,
  0x00,0x00,0x00,0x00,0x00,0x00,0x00,0x00,0x00,0x00,0x00,0x00,
  0x00,0x00,0x00,0x00,0x00,0x00,0x00,0x00,0x00,0x00,0x30,0x01,
  0x3E,0xDB,0x00,0x00,0x00,0x00,0x00,0x00,0x00,0x00,0x00,0x00,
  0x00,0x00,0x00,0x00,0x00,0x00,0x00,0x00,0x00,0x00,0x00,0x00,
  0x00,0x00,0x00,0x00,0x00,0x00,0x00,0x00,0x00,0x00,0x00,0x00,
  0x00,0x00,0x00,0x00,0x00,0x00,0x00,0x00,0x00,0x00,0x00,0x00,
  0x00,0x00,0x00,0x00,0x00,0x00,0x00,0x00,0x00,0x00,0x00,0x00,
  0x00,0x00,0x00,0x00,0x00,0x00,0xA1,0x54,0x77,0xFE,0x00,0x00,
  0x00,0x00,0x00,0x00,0x00,0x00,0x00,0x00,0x00,0x00,0x00,0x00,
  0x00,0x00,0x00,0x00,0x00,0x00,0x00,0x00,0x00,0x00,0x00,0x00,
  0x00,0x00,0x00,0x00,0x00,0x00,0x00,0x00,0x00,0x00,0x00,0x00,
  0x00,0x00,0x00,0x00,0x00,0x00,0x00,0x00,0x00,0x00,0x00,0x00,
  0x00,0x00,0x00,0x00,0x00,0x00,0x00,0x00,0x00,0x00,0x00,0x00,
  0x00,0x01,0x44,0x01,0x3E,0xDE,0x00,0x00,0x00,0x00,0x00,0x00,
  0x00,0x00,0x00,0x00,0x00,0x00,0x00,0x00,0x00,0x00,0x00,0x00,
  0x00,0x00,0x00,0x00,0x00,0x00,0x00,0x00,0x00,0x00,0x00,0x00,
  0x00,0x00,0x00,0x00,0x00,0x00,0x00,0x00,0x00,0x00,0x00,0x00,
  0x00,0x00,0x00,0x00,0x00,0x00,0x00,0x00,0x00,0x00,0x00,0x00,
  0x00,0x00,0x00,0x00,0x00,0x00,0x00,0x00,0x00,0x02,0xC0,0x48,
  0xB7,0xFE,0x00,0x00,0x00,0x00,0x00,0x00,0x00,0x00,0x00,0x00,
  0x00,0x00,0x00,0x00,0x00,0x00,0x00,0x00,0x00,0x00,0x00,0x00,
  0x00,0x00,0x00,0x00,0x00,0x00,0x00,0x00,0x00,0x00,0x00,0x00,
  0x00,0x00,0x00,0x00,0x00,0x00,0x00,0x00,0x00,0x00,0x00,0x00,
  0x00,0x00,0x00,0x00,0x00,0x00,0x00,0x00,0x00,0x00,0x00,0x00,
  0x00,0x00,0x00,0x00,0x00,0x05,0x92,0x12,0x5E,0xFC,0x00,0x00,
  0x00,0x00,0x00,0x00,0x00,0x00,0x00,0x00,0x00,0x00,0x00,0x00,
  0x00,0x00,0x00,0x00,0x00,0x00,0x00,0x00,0x00,0x00,0x00,0x00,
  0x00,0x00,0x00,0x00,0x00,0x00,0x00,0x00,0x00,0x00,0x00,0x00,
  0x00,0x00,0x00,0x00,0x00,0x00,0x00,0x00,0x00,0x00,0x00,0x00,
  0x00,0x00,0x00,0x00,0x00,0x00,0x00,0x00,0x00,0x00,0x00,0x00,
  0x00,0x0A,0x00,0x84,0xBB,0xDC,0x00,0x00,0x00,0x00,0x00,0x00,
  0x00,0x00,0x00,0x00,0x00,0x00,0x00,0x00,0x00,0x00,0x00,0x00,
  0x00,0x00,0x00,0x00,0x00,0x00,0x00,0x00,0x00,0x00,0x00,0x00,
  0x00,0x00,0x00,0x00,0x00,0x00,0x00,0x00,0x00,0x00,0x00,0x00,
  0x00,0x00,0x00,0x00,0x00,0x00,0x00,0x00,0x00,0x00,0x00,0x00,
  0x00,0x00,0x00,0x00,0x00,0x00,0x00,0x00,0x00,0x07,0x4A,0x22,
  0x3F,0xFC,0x00,0x00,0x00,0x00,0x00,0x00,0x00,0x00,0x00,0x00,
  0x00,0x00,0x00,0x00,0x00,0x00,0x00,0x00,0x00,0x00,0x00,0x00,
  0x00,0x00,0x00,0x00,0x00,0x00,0x00,0x00,0x00,0x00,0x00,0x00,
  0x00,0x00,0x00,0x00,0x00,0x00,0x00,0x00,0x00,0x00,0x00,0x00,
  0x00,0x00,0x00,0x00,0x00,0x00,0x00,0x00,0x00,0x00,0x00,0x00,
  0x00,0x00,0x00,0x00,0x00,0x1A,0x00,0x91,0x1D,0xF8,0x00,0x00,
  0x00,0x00,0x00,0x00,0x00,0x00,0x00,0x00,0x00,0x00,0x00,0x00,
  0x00,0x00,0x00,0x00,0x00,0x00,0x00,0x00,0x00,0x00,0x00,0x00,
  0x00,0x00,0x00,0x00,0x00,0x00,0x00,0x00,0x00,0x00,0x00,0x00,
  0x00,0x00,0x00,0x00,0x00,0x00,0x00,0x00,0x00,0x00,0x00,0x00,
  0x00,0x00,0x00,0x00,0x00,0x00,0x00,0x00,0x00,0x00,0x00,0x00,
  0x00,0x2C,0x28,0x08,0xB7,0xFC,0x00,0x00,0x00,0x00,0x00,0x00,
  0x00,0x00,0x00,0x00,0x00,0x00,0x00,0x00,0x00,0x00,0x00,0x00,
  0x00,0x00,0x00,0x00,0x00,0x00,0x00,0x00,0x00,0x00,0x00,0x00,
  0x00,0x00,0x00,0x00,0x00,0x00,0x00,0x00,0x00,0x00,0x00,0x00,
  0x00,0x00,0x00,0x00,0x00,0x00,0x00,0x00,0x00,0x00,0x00,0x00,
  0x00,0x00,0x00,0x00,0x00,0x00,0x00,0x00,0x00,0x5A,0x82,0xA5,
  0x1F,0xD8,0x00,0x00,0x00,0x00,0x00,0x00,0x00,0x00,0x00,0x00,
  0x00,0x00,0x00,0x00,0x00,0x00,0x00,0x00,0x00,0x00,0x00,0x00,
  0x00,0x00,0x00,0x00,0x00,0x00,0x00,0x00,0x00,0x00,0x00,0x00,
  0x00,0x00,0x00,0x00,0x00,0x00,0x00,0x00,0x00,0x00,0x00,0x00,
  0x00,0x00,0x00,0x00,0x00,0x00,0x00,0x00,0x00,0x00,0x00,0x00,
  0x00,0x00,0x00,0x00,0x00,0xB0,0x08,0x10,0xBF,0xF8,0x00,0x00,
  0x00,0x00,0x00,0x00,0x00,0x00,0x00,0x00,0x00,0x00,0x00,0x00,
  0x00,0x00,0x00,0x00,0x00,0x00,0x00,0x00,0x00,0x00,0x00,0x00,
  0x00,0x00,0x00,0x00,0x00,0x00,0x00,0x00,0x00,0x00,0x00,0x00,
  0x00,0x00,0x00,0x00,0x00,0x00,0x00,0x00,0x00,0x00,0x00,0x00,
  0x00,0x00,0x00,0x00,0x00,0x00,0x00,0x00,0x00,0x00,0x00,0x00,
  0x00,0x75,0x57,0xEF,0xEF,0xF0,0x00,0x00,0x00,0x00,0x00,0x00,
  0x00,0x00,0x00,0x00,0x00,0x00,0x00,0x00,0x00,0x00,0x00,0x00,
  0x00,0x00,0x00,0x00,0x00,0x00,0x00,0x00,0x00,0x00,0x00,0x00,
  0x00,0x00,0x00,0x00,0x00,0x00,0x00,0x00,0x00,0x00,0x00,0x00,
  0x00,0x00,0x00,0x00,0x00,0x00,0x00,0x00,0x00,0x00,0x00,0x00,
  0x00,0x00,0x00,0x00,0x00,0x00,0x00,0x00,0x01,0xFF,0xFF,0xFF,
  0xEF,0x78,0x00,0x00,0x00,0x00,0x00,0x00,0x00,0x00,0x00,0x00,
  0x00,0x00,0x00,0x00,0x00,0x00,0x00,0x00,0x00,0x00,0x00,0x00,
  0x00,0x00,0x00,0x00,0x00,0x00,0x00,0x00,0x00,0x00,0x00,0x00,
  0x00,0x00,0x00,0x00,0x00,0x00,0x00,0x00,0x00,0x00,0x00,0x00,
  0x00,0x00,0x00,0x00,0x00,0x00,0x00,0x00,0x00,0x00,0x00,0x00,
  0x00,0x00,0x00,0x00,0x02,0xFB,0xFE,0xFF,0xEF,0xF0,0x00,0x00,
  0x00,0x00,0x00,0x00,0x00,0x00,0x00,0x00,0x00,0x00,0x00,0x00,
  0x00,0x00,0x00,0x00,0x00,0x00,0x00,0x00,0x00,0x00,0x00,0x00,
  0x00,0x00,0x00,0x00,0x00,0x00,0x00,0x00,0x00,0x00,0x00,0x00,
  0x00,0x00,0x00,0x00,0x00,0x00,0x00,0x00,0x00,0x00,0x00,0x00,
  0x00,0x00,0x00,0x00,0x00,0x00,0x00,0x00,0x00,0x00,0x00,0x00,
  0x05,0xFF,0x77,0xFE,0xEB,0xF0,0x00,0x00,0x00,0x00,0x00,0x00,
  0x00,0x00,0x00,0x00,0x00,0x00,0x00,0x00,0x00,0x00,0x00,0x00,
  0x00,0x00,0x00,0x00,0x00,0x00,0x00,0x00,0x00,0x00,0x00,0x00,
  0x00,0x00,0x00,0x00,0x00,0x00,0x00,0x00,0x00,0x00,0x00,0x00,
  0x00,0x00,0x00,0x00,0x00,0x00,0x00,0x00,0x00,0x00,0x00,0x00,
  0x00,0x00,0x00,0x00,0x00,0x00,0x00,0x00,0x0B,0xDD,0xFF,0xDF,
  0xD7,0xE0,0x00,0x00,0x00,0x00,0x00,0x00,0x00,0x00,0x00,0x00,
  0x00,0x00,0x00,0x00,0x00,0x00,0x00,0x00,0x00,0x00,0x00,0x00,
  0x00,0x00,0x00,0x00,0x00,0x00,0x00,0x00,0x00,0x00,0x00,0x00,
  0x00,0x00,0x00,0x00,0x00,0x00,0x00,0x00,0x00,0x00,0x00,0x00,
  0x00,0x00,0x00,0x00,0x00,0x00,0x00,0x00,0x00,0x00,0x00,0x00,
  0x00,0x00,0x00,0x00,0x17,0xF7,0xEF,0x7F,0xD7,0xE0,0x00,0x00,
  0x00,0x00,0x00,0x00,0x00,0x00,0x00,0x00,0x00,0x00,0x00,0x00,
  0x00,0x00,0x00,0x00,0x00,0x00,0x00,0x00,0x00,0x00,0x00,0x00,
  0x00,0x00,0x00,0x00,0x00,0x00,0x00,0x00,0x00,0x00,0x00,0x00,
  0x00,0x00,0x00,0x00,0x00,0x00,0x00,0x00,0x00,0x00,0x00,0x00,
  0x00,0x00,0x00,0x00,0x00,0x00,0x00,0x00,0x00,0x00,0x00,0x00,
  0x0F,0x5F,0xBF,0xFB,0xD5,0xE0,0x00,0x00,0x00,0x00,0x00,0x00,
  0x00,0x00,0x00,0x00,0x00,0x00,0x00,0x00,0x00,0x00,0x00,0x00,
  0x00,0x00,0x00,0x00,0x00,0x00,0x00,0x00,0x00,0x00,0x00,0x00,
  0x00,0x00,0x00,0x00,0x00,0x00,0x00,0x00,0x00,0x00,0x00,0x00,
  0x00,0x00,0x00,0x00,0x00,0x00,0x00,0x00,0x00,0x00,0x00,0x00,
  0x00,0x00,0x00,0x00,0x00,0x00,0x00,0x00,0x3F,0xF7,0xFD,0xFF,
  0xAB,0xE0,0x00,0x00,0x00,0x00,0x00,0x00,0x00,0x00,0x00,0x00,
  0x00,0x00,0x00,0x00,0x00,0x00,0x00,0x00,0x00,0x00,0x00,0x00,
  0x00,0x00,0x00,0x00,0x00,0x00,0x00,0x00,0x00,0x00,0x00,0x00,
  0x00,0x00,0x00,0x00,0x00,0x00,0x00,0x00,0x00,0x00,0x00,0x00,
  0x00,0x00,0x00,0x00,0x00,0x00,0x00,0x00,0x00,0x00,0x00,0x00,
  0x00,0x00,0x00,0x00,0x5D,0x5E,0xFF,0xFF,0xDA,0xC0,0x00,0x00,
  0x00,0x00,0x00,0x00,0x00,0x00,0x00,0x00,0x00,0x00,0x00,0x00,
  0x00,0x00,0x00,0x00,0x00,0x00,0x00,0x00,0x00,0x00,0x00,0x00,
  0x00,0x00,0x00,0x00,0x00,0x00,0x00,0x00,0x00,0x00,0x00,0x00,
  0x00,0x00,0x00,0x00,0x00,0x00,0x00,0x00,0x00,0x00,0x00,0x00,
  0x00,0x00,0x00,0x00,0x00,0x00,0x00,0x00,0x00,0x00,0x00,0x00,
  0xBB,0xFB,0xF7,0xDF,0x56,0xE0,0x00,0x00,0x00,0x00,0x00,0x00,
  0x00,0x00,0x00,0x00,0x00,0x00,0x00,0x00,0x00,0x00,0x00,0x00,
  0x00,0x00,0x00,0x00,0x00,0x00,0x00,0x00,0x00,0x00,0x00,0x00,
  0x00,0x00,0x00,0x00,0x00,0x00,0x00,0x00,0x00,0x00,0x00,0x00,
  0x00,0x00,0x00,0x00,0x00,0x00,0x00,0x00,0x00,0x00,0x00,0x00,
  0x00,0x00,0x00,0x00,0x00,0x00,0x00,0x01,0x7B,0x6F,0xDF,0xFD,
  0xDB,0xC0,0x00,0x00,0x00,0x00,0x00,0x00,0x00,0x00,0x00,0x00,
  0x00,0x00,0x00,0x00,0x00,0x00,0x00,0x00,0x00,0x00,0x00,0x00,
  0x00,0x00,0x00,0x00,0x00,0x00,0x00,0x00,0x00,0x00,0x00,0x00,
  0x00,0x00,0x00,0x00,0x00,0x00,0x00,0x00,0x00,0x00,0x00,0x00,
  0x00,0x00,0x00,0x00,0x00,0x00,0x00,0x00,0x00,0x00,0x00,0x00,
  0x00,0x00,0x00,0x00,0xE7,0xBD,0xFF,0x7F,0xAA,0xC0,0x00,0x00,
  0x00,0x00,0x00,0x00,0x00,0x00,0x00,0x00,0x00,0x00,0x00,0x00,
  0x00,0x00,0x00,0x00,0x00,0x00,0x00,0x00,0x00,0x00,0x00,0x00,
  0x00,0x00,0x00,0x00,0x00,0x00,0x00,0x00,0x00,0x00,0x00,0x00,
  0x00,0x00,0x00,0x00,0x00,0x00,0x00,0x00,0x00,0x00,0x00,0x00,
  0x00,0x00,0x00,0x00,0x00,0x00,0x00,0x00,0x00,0x00,0x00,0x03,
  0xEA,0xEF,0x7F,0xFF,0x6D,0x00,0x00,0x00,0x00,0x00,0x00,0x00,
  0x00,0x00,0x00,0x00,0x00,0x00,0x00,0x00,0x00,0x00,0x00,0x00,
  0x00,0x00,0x00,0x00,0x00,0x00,0x00,0x00,0x00,0x00,0x00,0x00,
  0x00,0x00,0x00,0x00,0x00,0x00,0x00,0x00,0x00,0x00,0x00,0x00,
  0x00,0x00,0x00,0x00,0x00,0x00,0x00,0x00,0x00,0x00,0x00,0x00,
  0x00,0x00,0x00,0x00,0x00,0x00,0x00,0x05,0xD7,0xBB,0xFB,0xF7,
  0xAA,0xC0,0x00,0x00,0x00,0x00,0x00,0x00,0x00,0x00,0x00,0x00,
  0x00,0x00,0x00,0x00,0x00,0x00,0x00,0x00,0x00,0x00,0x00,0x00,
  0x00,0x00,0x00,0x00,0x00,0x00,0x00,0x00,0x00,0x00,0x00,0x00,
  0x00,0x00,0x00,0x00,0x00,0x00,0x00,0x00,0x00,0x00,0x00,0x00,
  0x00,0x00,0x00,0x00,0x00,0x00,0x00,0x00,0x00,0x00,0x00,0x00,
  0x00,0x00,0x00,0x0B,0x92,0xFE,0xDF,0xFF,0x5B,0x80,0x00,0x00,
  0x00,0x00,0x00,0x00,0x00,0x00,0x00,0x00,0x00,0x00,0x00,0x00,
  0x00,0x00,0x00,0x00,0x00,0x00,0x00,0x00,0x00,0x00,0x00,0x00,
  0x00,0x00,0x00,0x00,0x00,0x00,0x00,0x00,0x00,0x00,0x00,0x00,
  0x00,0x00,0x00,0x00,0x00,0x00,0x00,0x00,0x00,0x00,0x00,0x00,
  0x00,0x00,0x00,0x00,0x00,0x00,0x00,0x00,0x00,0x00,0x00,0x17,
  0x57,0xAF,0xFF,0xBF,0x6D,0x00,0x00,0x00,0x00,0x00,0x00,0x00,
  0x00,0x00,0x00,0x00,0x00,0x00,0x00,0x00,0x00,0x00,0x00,0x00,
  0x00,0x00,0x00,0x00,0x00,0x00,0x00,0x00,0x00,0x00,0x00,0x00,
  0x00,0x00,0x00,0x00,0x00,0x00,0x00,0x00,0x00,0x00,0x00,0x00,
  0x00,0x00,0x00,0x00,0x00,0x00,0x00,0x00,0x00,0x00,0x00,0x00,
  0x00,0x00,0x00,0x00,0x00,0x00,0x00,0x0F,0x4A,0xFB,0x7E,0xFE,
  0xAB,0x00,0x00,0x00,0x00,0x00,0x00,0x00,0x00,0x00,0x00,0x00,
  0x00,0x00,0x00,0x00,0x00,0x00,0x00,0x00,0x00,0x00,0x00,0x00,
  0x00,0x00,0x00,0x00,0x00,0x00,0x00,0x00,0x00,0x00,0x00,0x00,
  0x00,0x00,0x00,0x00,0x00,0x00,0x00,0x00,0x00,0x00,0x00,0x00,
  0x00,0x00,0x00,0x00,0x00,0x00,0x00,0x00,0x00,0x00,0x00,0x00,
  0x00,0x00,0x00,0x5C,0xAB,0xDF,0xDB,0xFF,0x6D,0x00,0x00,0x00,
  0x00,0x00,0x00,0x00,0x00,0x00,0x00,0x00,0x00,0x00,0x00,0x00,
  0x00,0x00,0x00,0x00,0x00,0x00,0x00,0x00,0x00,0x00,0x00,0x00,
  0x00,0x00,0x00,0x00,0x00,0x00,0x00,0x00,0x00,0x00,0x00,0x00,
  0x00,0x00,0x00,0x00,0x00,0x00,0x00,0x00,0x00,0x00,0x00,0x00,
  0x00,0x00,0x00,0x00,0x00,0x00,0x00,0x00,0x00,0x00,0x00,0x3D,
  0x55,0xF6,0xFF,0xFD,0xB5,0x00,0x00,0x00,0x00,0x00,0x00,0x00,
  0x00,0x00,0x00,0x00,0x00,0x00,0x00,0x00,0x00,0x00,0x00,0x00,
  0x00,0x00,0x00,0x00,0x00,0x00,0x00,0x00,0x00,0x00,0x00,0x00,
  0x00,0x00,0x00,0x00,0x00,0x00,0x00,0x00,0x00,0x00,0x00,0x00,
  0x00,0x00,0x00,0x00,0x00,0x00,0x00,0x00,0x00,0x00,0x00,0x00,
  0x00,0x00,0x00,0x00,0x00,0x00,0x00,0xBA,0x97,0x7F,0xDF,0xF6,
  0xAE,0x00,0x00,0x00,0x00,0x00,0x00,0x00,0x00,0x00,0x00,0x00,
  0x00,0x00,0x00,0x00,0x00,0x00,0x00,0x00,0x00,0x00,0x00,0x00,
  0x00,0x00,0x00,0x00,0x00,0x00,0x00,0x00,0x00,0x00,0x00,0x00,
  0x00,0x00,0x00,0x00,0x00,0x00,0x00,0x00,0x00,0x00,0x00,0x00,
  0x00,0x00,0x00,0x00,0x00,0x00,0x00,0x00,0x00,0x00,0x00,0x00,
  0x00,0x00,0x01,0x74,0xAB,0xB6,0xFF,0xFE,0xB5,0x00,0x00,0x00,
  0x00,0x00,0x00,0x00,0x00,0x00,0x00,0x00,0x00,0x00,0x00,0x00,
  0x00,0x00,0x00,0x00,0x00,0x00,0x00,0x00,0x00,0x00,0x00,0x00,
  0x00,0x00,0x00,0x00,0x00,0x00,0x00,0x00,0x00,0x00,0x00,0x00,
  0x00,0x00,0x00,0x00,0x00,0x00,0x00,0x00,0x00,0x00,0x00,0x00,
  0x00,0x00,0x00,0x00,0x00,0x00,0x00,0x00,0x00,0x00,0x02,0xEA,
  0xA5,0xFF,0xF7,0xBD,0xAA,0x00,0x00,0x00,0x00,0x00,0x00,0x00,
  0x00,0x00,0x00,0x00,0x00,0x00,0x00,0x00,0x00,0x00,0x00,0x00,
  0x00,0x00,0x00,0x00,0x00,0x00,0x00,0x00,0x00,0x00,0x00,0x00,
  0x00,0x00,0x00,0x00,0x00,0x00,0x00,0x00,0x00,0x00,0x00,0x00,
  0x00,0x00,0x00,0x00,0x00,0x00,0x00,0x00,0x00,0x00,0x00,0x00,
  0x00,0x00,0x00,0x00,0x00,0x00,0x01,0xE5,0x2B,0x6D,0xBE,0xFD,
  0x76,0x00,0x00,0x00,0x00,0x00,0x00,0x00,0x00,0x00,0x00,0x00,
  0x00,0x00,0x00,0x00,0x00,0x00,0x00,0x00,0x00,0x00,0x00,0x00,
  0x00,0x00,0x00,0x00,0x00,0x00,0x00,0x00,0x00,0x00,0x00,0x00,
  0x00,0x00,0x00,0x00,0x00,0x00,0x00,0x00,0x00,0x00,0x00,0x00,
  0x00,0x00,0x00,0x00,0x00,0x00,0x00,0x00,0x00,0x00,0x00,0x00,
  0x00,0x00,0x0B,0x94,0xAB,0xFF,0xFF,0xFD,0xAC,0x00,0x00,0x00,
  0x00,0x00,0x00,0x00,0x00,0x00,0x00,0x00,0x00,0x00,0x00,0x00,
  0x00,0x00,0x00,0x00,0x00,0x00,0x00,0x00,0x00,0x00,0x00,0x00,
  0x00,0x00,0x00,0x00,0x00,0x00,0x00,0x00,0x00,0x00,0x00,0x00,
  0x00,0x00,0x00,0x00,0x00,0x00,0x00,0x00,0x00,0x00,0x00,0x00,
  0x00,0x00,0x00,0x00,0x00,0x00,0x00,0x00,0x00,0x00,0x07,0xAA,
  0xAB,0xB7,0xDB,0xFA,0xB6,0x00,0x00,0x00,0x00,0x00,0x00,0x00,
  0x00,0x00,0x00,0x00,0x00,0x00,0x00,0x00,0x00,0x00,0x00,0x00,
  0x00,0x00,0x00,0x00,0x00,0x00,0x00,0x00,0x00,0x00,0x00,0x00,
  0x00,0x00,0x00,0x00,0x00,0x00,0x00,0x00,0x00,0x00,0x00,0x00,
  0x00,0x00,0x00,0x00,0x00,0x00,0x00,0x00,0x00,0x00,0x00,0x00,
  0x00,0x00,0x00,0x00,0x00,0x00,0x17,0x52,0xAB,0xFE,0xFF,0xFD,
  0xD8,0x00,0x00,0x00,0x00,0x00,0x00,0x00,0x00,0x00,0x00,0x00,
  0x00,0x00,0x00,0x00,0x00,0x00,0x00,0x00,0x00,0x00,0x00,0x00,
  0x00,0x00,0x00,0x00,0x00,0x00,0x00,0x00,0x00,0x00,0x00,0x00,
  0x00,0x00,0x00,0x00,0x00,0x00,0x00,0x00,0x00,0x00,0x00,0x00,
  0x00,0x00,0x00,0x00,0x00,0x00,0x00,0x00,0x00,0x00,0x00,0x00,
  0x00,0x00,0x2E,0x4A,0xAB,0x7B,0xFF,0x76,0xAC,0x00,0x00,0x00,
  0x00,0x00,0x00,0x00,0x00,0x00,0x00,0x00,0x00,0x00,0x00,0x00,
  0x00,0x00,0x00,0x00,0x00,0x00,0x00,0x00,0x00,0x00,0x00,0x00,
  0x00,0x00,0x00,0x00,0x00,0x00,0x00,0x00,0x00,0x00,0x00,0x00,
  0x00,0x00,0x00,0x00,0x00,0x00,0x00,0x00,0x00,0x00,0x00,0x00,
  0x00,0x00,0x00,0x00,0x00,0x00,0x00,0x00,0x00,0x00,0x5D,0x2A,
  0xAB,0xDF,0xB7,0xFA,0xD4,0x00,0x00,0x00,0x00,0x00,0x00,0x00,
  0x00,0x00,0x00,0x00,0x00,0x00,0x00,0x00,0x00,0x00,0x00,0x00,
  0x00,0x00,0x00,0x00,0x00,0x00,0x00,0x00,0x00,0x00,0x00,0x00,
  0x00,0x00,0x00,0x00,0x00,0x00,0x00,0x00,0x00,0x00,0x00,0x00,
  0x00,0x00,0x00,0x00,0x00,0x00,0x00,0x00,0x00,0x00,0x00,0x00,
  0x00,0x00,0x00,0x00,0x00,0x00,0x3A,0xAA,0x57,0xFF,0xFF,0xF7,
  0x78,0x00,0x00,0x00,0x00,0x00,0x00,0x00,0x00,0x00,0x00,0x00,
  0x00,0x00,0x00,0x00,0x00,0x00,0x00,0x00,0x00,0x00,0x00,0x00,
  0x00,0x00,0x00,0x00,0x00,0x00,0x00,0x00,0x00,0x00,0x00,0x00,
  0x00,0x00,0x00,0x00,0x00,0x00,0x00,0x00,0x00,0x00,0x00,0x00,
  0x00,0x00,0x00,0x00,0x00,0x00,0x00,0x00,0x00,0x00,0x00,0x00,
  0x00,0x00,0xF9,0x55,0x57,0xFB,0xFD,0xD9,0x54,0x00,0x00,0x00,
  0x00,0x00,0x00,0x00,0x00,0x00,0x00,0x00,0x00,0x00,0x00,0x00,
  0x00,0x00,0x00,0x00,0x00,0x00,0x00,0x00,0x00,0x00,0x00,0x00,
  0x00,0x00,0x00,0x00,0x00,0x00,0x00,0x00,0x00,0x00,0x00,0x00,
  0x00,0x00,0x00,0x00,0x00,0x00,0x00,0x00,0x00,0x00,0x00,0x00,
  0x00,0x00,0x00,0x00,0x00,0x00,0x00,0x00,0x00,0x01,0x75,0x2A,
  0xAE,0xEF,0xDF,0xFF,0xF8,0x00,0x00,0x00,0x00,0x00,0x00,0x00,
  0x00,0x00,0x00,0x00,0x00,0x00,0x00,0x00,0x00,0x00,0x00,0x00,
  0x00,0x00,0x00,0x00,0x00,0x00,0x00,0x00,0x00,0x00,0x00,0x00,
  0x00,0x00,0x00,0x00,0x00,0x00,0x00,0x00,0x00,0x00,0x00,0x00,
  0x00,0x00,0x00,0x00,0x00,0x00,0x00,0x00,0x00,0x00,0x00,0x00,
  0x00,0x00,0x00,0x00,0x00,0x02,0xFA,0xA5,0x5F,0xFF,0xFF,0xFE,
  0xD0,0x00,0x00,0x00,0x00,0x00,0x00,0x00,0x00,0x00,0x00,0x00,
  0x00,0x00,0x00,0x00,0x00,0x00,0x00,0x00,0x00,0x00,0x00,0x00,
  0x00,0x00,0x00,0x00,0x00,0x00,0x00,0x00,0x00,0x00,0x00,0x00,
  0x00,0x00,0x00,0x00,0x00,0x00,0x00,0x00,0x00,0x00,0x00,0x00,
  0x00,0x00,0x00,0x00,0x00,0x00,0x00,0x00,0x00,0x00,0x00,0x00,
  0x00,0x05,0xE9,0x55,0x7F,0xFF,0xFF,0xEF,0xF8,0x00,0x00,0x00,
  0x00,0x00,0x00,0x00,0x00,0x00,0x00,0x00,0x00,0x00,0x00,0x00,
  0x00,0x00,0x00,0x00,0x00,0x00,0x00,0x00,0x00,0x00,0x00,0x00,
  0x00,0x00,0x00,0x00,0x00,0x00,0x00,0x00,0x00,0x00,0x00,0x00,
  0x00,0x00,0x00,0x00,0x00,0x00,0x00,0x00,0x00,0x00,0x00,0x00,
  0x00,0x00,0x00,0x00,0x00,0x00,0x00,0x00,0x00,0x0B,0xF5,0x2A,
  0xFE,0xFF,0x7E,0xFD,0xF0,0x00,0x00,0x00,0x00,0x00,0x00,0x00,
  0x00,0x00,0x00,0x00,0x00,0x00,0x00,0x00,0x00,0x00,0x00,0x00,
  0x00,0x00,0x00,0x00,0x00,0x00,0x00,0x00,0x00,0x00,0x00,0x00,
  0x00,0x00,0x00,0x00,0x00,0x00,0x00,0x00,0x00,0x00,0x00,0x00,
  0x00,0x00,0x00,0x00,0x00,0x00,0x00,0x00,0x00,0x00,0x00,0x00,
  0x00,0x00,0x00,0x00,0x00,0x07,0xDA,0xA9,0xFB,0xDD,0xFB,0xFF,
  0xB0,0x00,0x00,0x00,0x00,0x00,0x00,0x00,0x00,0x00,0x00,0x00,
  0x00,0x00,0x00,0x00,0x00,0x00,0x00,0x00,0x00,0x00,0x00,0x00,
  0x00,0x00,0x00,0x00,0x00,0x00,0x00,0x00,0x00,0x00,0x00,0x00,
  0x00,0x00,0x00,0x00,0x00,0x00,0x00,0x00,0x00,0x00,0x00,0x00,
  0x00,0x00,0x00,0x00,0x00,0x00,0x00,0x00,0x00,0x00,0x00,0x00,
  0x00,0x17,0xF4,0xA7,0xDF,0xFF,0xFF,0xEF,0xF0,0x00,0x00,0x00,
  0x00,0x00,0x00,0x00,0x00,0x00,0x00,0x00,0x00,0x00,0x00,0x00,
  0x00,0x00,0x00,0x00,0x00,0x00,0x00,0x00,0x00,0x00,0x00,0x00,
  0x00,0x00,0x00,0x00,0x00,0x00,0x00,0x00,0x00,0x00,0x00,0x00,
  0x00,0x00,0x00,0x00,0x00,0x00,0x00,0x00,0x00,0x00,0x00,0x00,
  0x00,0x00,0x00,0x00,0x00,0x00,0x00,0x00,0x00,0x2F,0x7A,0x97,
  0x7F,0xFF,0xFF,0xFD,0xE0,0x00,0x00,0x00,0x00,0x00,0x00,0x00,
  0x00,0x00,0x00,0x00,0x00,0x00,0x00,0x00,0x00,0x00,0x00,0x00,
  0x00,0x00,0x00,0x00,0x00,0x00,0x00,0x00,0x00,0x00,0x00,0x00,
  0x00,0x00,0x00,0x00,0x00,0x00,0x00,0x00,0x00,0x00,0x00,0x00,
  0x00,0x00,0x00,0x00,0x00,0x00,0x00,0x00,0x00,0x01,0x60,0x00,
  0x00,0x00,0x00,0x00,0x00,0x5F,0xD5,0x5F,0xFF,0x77,0xFF,0xBF,
  0xE0,0x00,0x00,0x00,0x00,0x00,0x00,0x00,0x00,0x00,0x00,0x00,
  0x00,0x00,0x00,0x00,0x00,0x00,0x00,0x00,0x00,0x00,0x00,0x00,
  0x00,0x00,0x00,0x00,0x00,0x00,0x00,0x00,0x00,0x00,0x00,0x00,
  0x00,0x00,0x00,0x00,0x00,0x00,0x00,0x00,0x00,0x00,0x00,0x00,
  0x00,0x00,0x00,0x00,0x00,0x0F,0xC0,0x00,0x00,0x00,0x00,0x00,
  0x00,0xBE,0xFA,0x5D,0xAB,0xEF,0xDD,0xF7,0x60,0x00,0x00,0x00,
  0x00,0x00,0x00,0x00,0x00,0x00,0x00,0x00,0x00,0x00,0x00,0x00,
  0x00,0x00,0x00,0x00,0x00,0x00,0x00,0x00,0x00,0x00,0x00,0x00,
  0x00,0x00,0x00,0x00,0x00,0x00,0x00,0x00,0x00,0x00,0x00,0x00,
  0x00,0x00,0x00,0x00,0x00,0x00,0x00,0x00,0x00,0x00,0x00,0x00,
  0x00,0x1F,0xC0,0x00,0x00,0x00,0x00,0x00,0x00,0x7E,0x59,0x77,
  0x00,0xC7,0x7F,0xFF,0xE0,0x00,0x00,0x00,0x00,0x00,0x00,0x00,
  0x00,0x00,0x00,0x00,0x00,0x00,0x00,0x00,0x00,0x00,0x00,0x00,
  0x00,0x00,0x00,0x00,0x00,0x00,0x00,0x00,0x00,0x00,0x00,0x00,
  0x00,0x00,0x00,0x00,0x00,0x00,0x00,0x00,0x00,0x00,0x00,0x00,
  0x00,0x00,0x00,0x00,0x00,0x00,0x00,0x00,0x00,0x7F,0x80,0x00,
  0x00,0x00,0x00,0x00,0x01,0x7E,0x75,0x63,0x94,0x67,0xFF,0xFD,
  0xC0,0x00,0x00,0x00,0x00,0x00,0x00,0x00,0x00,0x00,0x00,0x00,
  0x00,0x00,0x00,0x00,0x00,0x00,0x00,0x00,0x00,0x00,0x00,0x00,
  0x00,0x00,0x00,0x00,0x00,0x00,0x00,0x00,0x00,0x00,0x00,0x00,
  0x00,0x00,0x00,0x00,0x00,0x00,0x00,0x00,0x00,0x00,0x00,0x00,
  0x00,0x00,0x00,0x00,0x00,0xFD,0x00,0x00,0x00,0x00,0x00,0x00,
  0x02,0xFB,0xFF,0xF3,0x3E,0x67,0xFF,0xBF,0xC0,0x00,0x00,0x00,
  0x00,0x00,0x00,0x00,0x00,0x00,0x00,0x00,0x00,0x00,0x00,0x00,
  0x00,0x00,0x00,0x00,0x00,0x00,0x00,0x00,0x00,0x00,0x00,0x00,
  0x00,0x00,0x00,0x00,0x00,0x00,0x00,0x00,0x00,0x00,0x00,0x00,
  0x00,0x00,0x00,0x00,0x00,0x00,0x00,0x00,0x00,0x00,0x00,0x00,
  0x00,0xEF,0x00,0x00,0x00,0x00,0x00,0x00,0x05,0xFE,0xF5,0xE3,
  0x9E,0x26,0xF5,0xCE,0xC0,0x00,0x00,0x00,0x00,0x00,0x00,0x00,
  0x00,0x00,0x00,0x00,0x00,0x00,0x00,0x00,0x00,0x00,0x00,0x00,
  0x00,0x00,0x00,0x00,0x00,0x00,0x00,0x00,0x00,0x00,0x00,0x00,
  0x00,0x00,0x00,0x00,0x00,0x00,0x00,0x00,0x00,0x00,0x00,0x00,
  0x00,0x00,0x00,0x00,0x00,0x00,0x00,0x00,0x02,0xFF,0x00,0x00,
  0x00,0x00,0x00,0x00,0x0B,0xEE,0x60,0x41,0x3E,0x66,0x73,0x03,
  0xC0,0x00,0x00,0x00,0x00,0x00,0x00,0x00,0x00,0x00,0x00,0x00,
  0x00,0x00,0x00,0x00,0x00,0x00,0x00,0x00,0x00,0x00,0x00,0x00,
  0x00,0x00,0x00,0x00,0x00,0x00,0x00,0x00,0x00,0x00,0x00,0x00,
  0x00,0x00,0x00,0x00,0x00,0x00,0x00,0x00,0x00,0x00,0x00,0x00,
  0x00,0x00,0x00,0x00,0x01,0xFE,0x00,0x00,0x00,0x00,0x00,0x00,
  0x07,0xFA,0x66,0x33,0x00,0xE6,0xF3,0x33,0x80,0x00,0x00,0x00,
  0x00,0x00,0x00,0x00,0x00,0x00,0x00,0x00,0x00,0x00,0x00,0x00,
  0x00,0x00,0x00,0x00,0x00,0x00,0x00,0x00,0x00,0x00,0x00,0x00,
  0x00,0x00,0x00,0x00,0x00,0x00,0x00,0x00,0x00,0x00,0x00,0x00,
  0x00,0x00,0x00,0x00,0x00,0x00,0x00,0x00,0x00,0x00,0x00,0x00,
  0x07,0xFC,0x00,0x00,0x00,0x00,0x00,0x00,0x17,0xBE,0x4F,0x33,
  0x80,0xCE,0x7A,0x79,0x80,0x00,0x00,0x00,0x00,0x00,0x00,0x00,
  0x00,0x00,0x00,0x00,0x00,0x00,0x00,0x00,0x00,0x00,0x00,0x00,
  0x00,0x00,0x00,0x00,0x00,0x00,0x00,0x00,0x00,0x00,0x00,0x00,
  0x00,0x00,0x00,0x00,0x00,0x00,0x00,0x00,0x00,0x00,0x00,0x00,
  0x00,0x00,0x00,0x00,0x00,0x00,0x00,0x00,0x0B,0xFC,0x00,0x00,
  0x00,0x00,0x00,0x00,0x2F,0xFE,0x42,0xB3,0x1E,0x66,0x72,0x29,
  0x80,0x00,0x00,0x00,0x00,0x00,0x00,0x00,0x00,0x00,0x00,0x00,
  0x00,0x00,0x00,0x00,0x00,0x00,0x00,0x00,0x00,0x00,0x00,0x00,
  0x00,0x00,0x00,0x00,0x00,0x00,0x00,0x00,0x00,0x00,0x00,0x00,
  0x00,0x00,0x00,0x00,0x00,0x00,0x00,0x00,0x00,0x00,0x00,0x00,
  0x00,0x00,0x00,0x00,0x0F,0xD8,0x00,0x00,0x00,0x00,0x00,0x00,
  0x5F,0xDA,0x40,0x33,0xBE,0x66,0x73,0x01,0x80,0x00,0x00,0x00,
  0x00,0x00,0x00,0x00,0x00,0x00,0x00,0x00,0x00,0x00,0x00,0x00,
  0x00,0x00,0x00,0x00,0x00,0x00,0x00,0x00,0x00,0x00,0x00,0x00,
  0x00,0x00,0x00,0x00,0x00,0x00,0x00,0x00,0x00,0x00,0x00,0x00,
  0x00,0x00,0x00,0x00,0x00,0x00,0x00,0x00,0x00,0x00,0x00,0x00,
  0x2F,0xF8,0x00,0x00,0x00,0x00,0x00,0x00,0xBE,0xFE,0x6F,0xE7,
  0x1F,0x26,0x7A,0x7F,0x80,0x00,0x00,0x00,0x00,0x00,0x00,0x00,
  0x00,0x00,0x00,0x00,0x00,0x00,0x00,0x00,0x00,0x00,0x00,0x00,
  0x00,0x00,0x00,0x00,0x00,0x00,0x00,0x00,0x00,0x00,0x00,0x00,
  0x00,0x00,0x00,0x00,0x00,0x00,0x00,0x00,0x00,0x00,0x00,0x00,
  0x00,0x00,0x00,0x00,0x00,0x00,0x00,0x00,0x1F,0xF0,0x00,0x00,
  0x00,0x00,0x00,0x01,0x7F,0xEE,0x47,0xF3,0x3E,0x66,0x72,0x3F,
  0x00,0x00,0x00,0x00,0x00,0x00,0x00,0x00,0x00,0x00,0x00,0x00,
  0x00,0x00,0x00,0x00,0x00,0x00,0x00,0x00,0x00,0x00,0x00,0x00,
  0x00,0x00,0x00,0x00,0x00,0x00,0x00,0x00,0x00,0x00,0x00,0x00,
  0x00,0x00,0x00,0x00,0x00,0x00,0x00,0x00,0x00,0x00,0x00,0x00,
  0x00,0x00,0x00,0x00,0xBF,0x70,0x00,0x00,0x00,0x00,0x00,0x00,
  0xFF,0x7C,0x62,0x31,0x80,0x66,0x23,0x13,0x00,0x00,0x00,0x00,
  0x00,0x00,0x00,0x00,0x00,0x00,0x00,0x00,0x00,0x00,0x00,0x00,
  0x00,0x00,0x00,0x00,0x00,0x00,0x00,0x00,0x00,0x00,0x00,0x00,
  0x00,0x00,0x00,0x00,0x00,0x00,0x00,0x00,0x00,0x00,0x00,0x00,
  0x00,0x00,0x00,0x00,0x00,0x00,0x00,0x00,0x00,0x00,0x00,0x00,
  0x7F,0xE0,0x00,0x00,0x00,0x00,0x00,0x02,0xF7,0xF6,0x70,0x71,
  0x00,0xE3,0x03,0x83,0x00,0x00,0x00,0x00,0x00,0x00,0x00,0x00,
  0x00,0x00,0x00,0x00,0x00,0x00,0x00,0x00,0x00,0x00,0x00,0x00,
  0x00,0x00,0x00,0x00,0x00,0x00,0x00,0x00,0x00,0x00,0x00,0x00,
  0x00,0x00,0x00,0x00,0x00,0x00,0x00,0x00,0x00,0x00,0x00,0x00,
  0x00,0x00,0x00,0x00,0x00,0x00,0x00,0x01,0x7D,0xE0,0x00,0x00,
  0x00,0x00,0x00,0x05,0xFD,0xBE,0x7D,0xFF,0xFF,0xFB,0xDF,0xEE,
  0x00,0x00,0x00,0x00,0x00,0x00,0x00,0x00,0x00,0x00,0x00,0x00,
  0x00,0x00,0x00,0x00,0x00,0x00,0x00,0x00,0x00,0x00,0x00,0x00,
  0x00,0x00,0x00,0x00,0x00,0x00,0x00,0x00,0x00,0x00,0x00,0x00,
  0x00,0x00,0x00,0x00,0x00,0x00,0x00,0x00,0x00,0x00,0x00,0x00,
  0x00,0x00,0x00,0x01,0xFF,0xC0,0x00,0x00,0x00,0x00,0x00,0x0B,
  0xFF,0xFE,0x77,0xFF,0xFF,0xFF,0xFF,0x7E,0x00,0x00,0x00,0x00,
  0x00,0x00,0x00,0x00,0x00,0x00,0x00,0x00,0x00,0x00,0x00,0x00,
  0x00,0x00,0x00,0x00,0x00,0x00,0x00,0x00,0x00,0x00,0x00,0x00,
  0x00,0x00,0x00,0x00,0x00,0x00,0x00,0x00,0x00,0x00,0x00,0x00,
  0x00,0x00,0x00,0x00,0x00,0x00,0x00,0x00,0x00,0x00,0x00,0x05,
  0xFF,0xC0,0x00,0x00,0x00,0x00,0x00,0x17,0xDB,0xD8,0x77,0xB7,
  0xBF,0x7F,0x7F,0xFE,0x00,0x00,0x00,0x00,0x00,0x00,0x00,0x00,
  0x00,0x00,0x00,0x00,0x00,0x00,0x00,0x00,0x00,0x00,0x00,0x00,
  0x00,0x00,0x00,0x00,0x00,0x00,0x00,0x00,0x00,0x00,0x00,0x00,
  0x00,0x00,0x00,0x00,0x00,0x00,0x00,0x00,0x00,0x00,0x00,0x00,
  0x00,0x00,0x00,0x00,0x00,0x00,0x00,0x03,0xEF,0x80,0x00,0x00,
  0x00,0x00,0x00,0x2B,0xFF,0x79,0xD3,0xFE,0xFB,0xFD,0xFD,0xFE,
  0x00,0x00,0x00,0x00,0x00,0x00,0x00,0x00,0x00,0x00,0x00,0x00,
  0x00,0x00,0x00,0x00,0x00,0x00,0x00,0x00,0x00,0x00,0x00,0x00,
  0x00,0x00,0x00,0x00,0x00,0x00,0x00,0x00,0x00,0x00,0x00,0x00,
  0x00,0x00,0x00,0x00,0x00,0x00,0x00,0x00,0x00,0x00,0x00,0x00,
  0x00,0x00,0x00,0x17,0xBF,0x00,0x00,0x00,0x00,0x00,0x00,0x2F,
  0xFD,0xEF,0xF5,0xFF,0xFF,0xF7,0xEF,0xDC,0x00,0x00,0x00,0x00,
  0x00,0x00,0x00,0x00,0x00,0x00,0x00,0x00,0x00,0x00,0x00,0x00,
  0x00,0x00,0x00,0x00,0x00,0x00,0x00,0x00,0x00,0x00,0x00,0x00,
  0x00,0x00,0x00,0x00,0x00,0x00,0x00,0x00,0x00,0x00,0x00,0x00,
  0x00,0x00,0x00,0x00,0x00,0x00,0x00,0x00,0x00,0x00,0x00,0x0F,
  0xFD,0x00,0x00,0x00,0x00,0x00,0x00,0x5B,0x6F,0xBE,0xA1,0xBF,
  0xFF,0xFF,0xBF,0xFC,0x00,0x00,0x00,0x00,0x00,0x00,0x00,0x00,
  0x00,0x00,0x00,0x00,0x00,0x00,0x00,0x00,0x00,0x00,0x00,0x00,
  0x00,0x00,0x00,0x00,0x00,0x00,0x00,0x00,0x00,0x00,0x00,0x00,
  0x00,0x00,0x00,0x00,0x00,0x00,0x00,0x00,0x00,0x00,0x00,0x00,
  0x00,0x00,0x00,0x00,0x00,0x00,0x00,0x2E,0xFF,0x00,0x00,0x00,
  0x00,0x00,0x00,0xB7,0xFA,0xD5,0xEC,0xF7,0xDF,0x7E,0xFF,0xEC,
  0x00,0x00,0x00,0x00,0x00,0x00,0x00,0x00,0x00,0x00,0x00,0x00,
  0x00,0x00,0x00,0x00,0x00,0x00,0x00,0x00,0x00,0x00,0x00,0x00,
  0x00,0x00,0x00,0x00,0x00,0x00,0x00,0x00,0x00,0x00,0x00,0x00,
  0x00,0x00,0x00,0x00,0x00,0x00,0x00,0x00,0x00,0x00,0x00,0x00,
  0x00,0x00,0x00,0x5F,0xFE,0x00,0x00,0x00,0x00,0x00,0x01,0x6F,
  0xD7,0x77,0x62,0x7E,0xFD,0xFB,0xF6,0xFC,0x00,0x00,0x00,0x00,
  0x00,0x00,0x00,0x00,0x00,0x00,0x00,0x00,0x00,0x00,0x00,0x00,
  0x00,0x00,0x00,0x00,0x00,0x00,0x00,0x00,0x00,0x00,0x00,0x00,
  0x00,0x00,0x00,0x00,0x00,0x00,0x00,0x00,0x00,0x00,0x00,0x00,
  0x00,0x00,0x00,0x00,0x00,0x00,0x00,0x00,0x00,0x00,0x00,0x3F,
  0xFC,0x00,0x00,0x00,0x00,0x00,0x02,0xBB,0x7A,0xDD,0xA9,0x3F,
  0xFF,0xFF,0xFF,0xF8,0x00,0x00,0x00,0x00,0x00,0x00,0x00,0x00,
  0x00,0x00,0x00,0x00,0x00,0x00,0x00,0x00,0x00,0x00,0x00,0x00,
  0x00,0x00,0x00,0x00,0x00,0x00,0x00,0x00,0x00,0x00,0x00,0x00,
  0x00,0x00,0x00,0x00,0x00,0x00,0x00,0x00,0x00,0x00,0x00,0x00,
  0x00,0x00,0x00,0x00,0x00,0x00,0x01,0x7B,0xEC,0x00,0x00,0x00,
  0x00,0x00,0x05,0x56,0xD7,0x6E,0xE4,0xBF,0xF7,0xF7,0x6F,0xB8,
  0x00,0x00,0x00,0x00,0x00,0x00,0x00,0x00,0x00,0x00,0x00,0x00,
  0x00,0x00,0x00,0x00,0x00,0x00,0x00,0x00,0x00,0x00,0x00,0x00,
  0x00,0x00,0x00,0x00,0x00,0x00,0x00,0x00,0x00,0x00,0x00,0x00,
  0x00,0x00,0x00,0x00,0x00,0x00,0x00,0x00,0x00,0x00,0x00,0x00,
  0x00,0x00,0x00,0xFF,0xBC,0x00,0x00,0x00,0x00,0x00,0x09,0xDF,
  0x6D,0xB7,0xAA,0x4D,0xDF,0xFF,0xFD,0xF8,0x00,0x00,0x00,0x00,
  0x00,0x00,0x00,0x00,0x00,0x00,0x00,0x00,0x00,0x00,0x00,0x00,
  0x00,0x00,0x00,0x00,0x00,0x00,0x00,0x00,0x00,0x00,0x00,0x00,
  0x00,0x00,0x00,0x00,0x00,0x00,0x00,0x00,0x00,0x00,0x00,0x00,
  0x00,0x00,0x00,0x00,0x00,0x00,0x00,0x00,0x00,0x00,0x02,0xDF,
  0xF8,0x00,0x00,0x00,0x00,0x00,0x16,0xBF,0xB6,0xED,0xC1,0x2F,
  0xFF,0xDB,0xBF,0xB8,0x00,0x00,0x00,0x00,0x00,0x00,0x00,0x00,
  0x00,0x00,0x00,0x00,0x00,0x00,0x00,0x00,0x00,0x00,0x00,0x00,
  0x00,0x00,0x00,0x00,0x00,0x00,0x00,0x00,0x00,0x00,0x00,0x00,
  0x00,0x00,0x00,0x00,0x00,0x00,0x00,0x00,0x00,0x00,0x00,0x00,
  0x00,0x00,0x00,0x00,0x00,0x00,0x01,0xFF,0xF8,0x00,0x00,0x00,
  0x00,0x00,0x4B,0xFA,0xDB,0xBB,0x54,0x97,0xFF,0x7E,0xF6,0xF0,
  0x00,0x00,0x00,0x00,0x00,0x00,0x00,0x00,0x00,0x00,0x00,0x00,
  0x00,0x00,0x00,0x00,0x00,0x00,0x00,0x00,0x00,0x00,0x00,0x00,
  0x00,0x00,0x00,0x00,0x00,0x00,0x00,0x00,0x00,0x00,0x00,0x00,
  0x00,0x00,0x00,0x00,0x00,0x00,0x00,0x00,0x00,0x00,0x00,0x00,
  0x00,0x00,0x0B,0xFD,0xF0,0x00,0x00,0x00,0x00,0x00,0xBD,0xFF,
  0x6E,0xDE,0x92,0xA7,0xBF,0xFF,0xFE,0xB0,0x00,0x00,0x00,0x00,
  0x00,0x00,0x00,0x00,0x00,0x00,0x00,0x00,0x00,0x00,0x00,0x00,
  0x00,0x00,0x00,0x00,0x00,0x00,0x00,0x00,0x00,0x00,0x00,0x00,
  0x00,0x00,0x00,0x00,0x00,0x00,0x00,0x00,0x00,0x00,0x00,0x00,
  0x00,0x00,0x00,0x00,0x00,0x00,0x00,0x00,0x00,0x00,0x17,0xF7,
  0xE0,0x00,0x00,0x00,0x00,0x01,0x2F,0xBF,0xBB,0x6B,0xCA,0x53,
  0xFD,0xF7,0xDB,0x50,0x00,0x00,0x00,0x00,0x00,0x00,0x00,0x00,
  0x00,0x00,0x00,0x00,0x00,0x00,0x00,0x00,0x00,0x00,0x00,0x00,
  0x00,0x00,0x00,0x00,0x00,0x00,0x00,0x00,0x00,0x00,0x00,0x00,
  0x00,0x00,0x00,0x00,0x00,0x00,0x00,0x00,0x00,0x00,0x00,0x00,
  0x00,0x00,0x00,0x00,0x00,0x00,0x07,0x7F,0xE0,0x00,0x00,0x00,
  0x00,0x04,0xFF,0xF7,0xD6,0xFD,0x25,0x29,0xFF,0xFD,0xFA,0xE0,
  0x00,0x00,0x00,0x00,0x00,0x00,0x00,0x00,0x00,0x00,0x00,0x00,
  0x00,0x00,0x00,0x00,0x00,0x00,0x00,0x00,0x00,0x00,0x00,0x00,
  0x00,0x00,0x00,0x00,0x00,0x00,0x00,0x00,0x00,0x00,0x00,0x00,
  0x00,0x00,0x00,0x00,0x00,0x00,0x00,0x00,0x00,0x00,0x00,0x00,
  0x00,0x00,0x2F,0xFF,0xC0,0x00,0x00,0x00,0x00,0x0B,0xFB,0xDE,
  0xED,0xAF,0x90,0x94,0xF7,0xDF,0x6B,0x50,0x00,0x00,0x00,0x00,
  0x00,0x00,0x00,0x00,0x00,0x00,0x00,0x00,0x00,0x00,0x00,0x00,
  0x00,0x00,0x00,0x00,0x00,0x00,0x00,0x00,0x00,0x00,0x00,0x00,
  0x00,0x00,0x00,0x00,0x00,0x00,0x00,0x00,0x00,0x00,0x00,0x00,
  0x00,0x00,0x00,0x00,0x00,0x00,0x00,0x00,0x00,0x00,0x5F,0xFF,
  0xC0,0x00,0x00,0x00,0x00,0x37,0xDF,0x7F,0xB7,0x75,0x4A,0xA5,
  0x7F,0xFB,0xED,0x60,0x00,0x00,0x00,0x00,0x00,0x00,0x00,0x00,
  0x00,0x00,0x00,0x00,0x00,0x00,0x00,0x00,0x00,0x00,0x00,0x00,
  0x00,0x00,0x00,0x00,0x00,0x00,0x00,0x00,0x00,0x00,0x00,0x00,
  0x00,0x00,0x00,0x00,0x00,0x00,0x00,0x00,0x00,0x00,0x00,0x00,
  0x00,0x00,0x00,0x00,0x00,0x00,0xBF,0xDE,0x80,0x00,0x00,0x00,
  0x00,0xFF,0x7F,0xFF,0xDD,0xDF,0x2A,0x52,0xFF,0xDF,0xB5,0xA0,
  0x00,0x00,0x00,0x00,0x00,0x00,0x00,0x00,0x00,0x00,0x00,0x00,
  0x00,0x00,0x00,0x00,0x00,0x00,0x00,0x00,0x00,0x00,0x00,0x00,
  0x00,0x00,0x00,0x00,0x00,0x00,0x00,0x00,0x00,0x00,0x00,0x00,
  0x00,0x00,0x00,0x00,0x00,0x00,0x00,0x00,0x00,0x00,0x00,0x00,
  0x00,0x01,0x3B,0x7F,0x80,0x00,0x00,0x00,0x07,0xDF,0xFB,0xFB,
  0x6B,0x75,0x52,0x95,0x3F,0x7E,0xAD,0x40,0x00,0x00,0x00,0x00,
  0x00,0x00,0x00,0x00,0x00,0x00,0x00,0x00,0x00,0x00,0x00,0x00,
  0x00,0x00,0x00,0x00,0x00,0x00,0x00,0x00,0x00,0x00,0x00,0x00,
  0x00,0x00,0x00,0x00,0x00,0x00,0x00,0x00,0x00,0x00,0x00,0x00,
  0x00,0x00,0x00,0x00,0x00,0x00,0x00,0x00,0x00,0x00,0x7F,0xFF,
  0x00,0x00,0x00,0x00,0x3F,0xFB,0xFF,0xBF,0xDE,0xDE,0x89,0x52,
  0x9D,0xF7,0x6B,0xC0,0x00,0x00,0x00,0x00,0x00,0x00,0x00,0x00,
  0x00,0x00,0x00,0x00,0x00,0x00,0x00,0x00,0x00,0x00,0x00,0x00,
  0x00,0x00,0x00,0x00,0x00,0x00,0x00,0x00,0x00,0x00,0x00,0x00,
  0x00,0x00,0x00,0x00,0x80,0x00,0x00,0x00,0x00,0x00,0x00,0x00,
  0x00,0x00,0x00,0x00,0x00,0x05,0xFF,0xFF,0x00,0x00,0x00,0x01,
  0xF6,0xEF,0xBE,0xFD,0xF7,0xEB,0x54,0xAA,0x5F,0xFD,0xB5,0x40,
  0x00,0x00,0x00,0x00,0x00,0x00,0x00,0x00,0x00,0x00,0x00,0x00,
  0x00,0x00,0x00,0x00,0x00,0x00,0x00,0x00,0x00,0x00,0x00,0x00,
  0x00,0x00,0x00,0x00,0x00,0x00,0x00,0x00,0x00,0x00,0x00,0x01,
  0x00,0x00,0x00,0x00,0x00,0x00,0x00,0x00,0x00,0x00,0x00,0x00,
  0x00,0x01,0xF7,0xFA,0x00,0x00,0x00,0x0F,0xDF,0xFF,0xF7,0xF7,
  0xAD,0x7E,0x25,0x25,0x4F,0xDA,0xAE,0x80,0x00,0x00,0x00,0x00,
  0x00,0x00,0x00,0x00,0x00,0x00,0x00,0x00,0x00,0x00,0x00,0x00,
  0x00,0x00,0x00,0x00,0x00,0x00,0x00,0x00,0x00,0x00,0x00,0x00,
  0x00,0x00,0x00,0x00,0x00,0x00,0x00,0x00,0x00,0x00,0x00,0x00,
  0x00,0x00,0x00,0x00,0x00,0x00,0x00,0x00,0x00,0x0B,0xBF,0xEE,
  0x00,0x00,0x00,0x7E,0xFF,0x7D,0xFF,0xFF,0xFB,0xAC,0x94,0xAA,
  0xAF,0x76,0xD5,0xC0,0x00,0x00,0x00,0x00,0x00,0x00,0x00,0x00,
  0x00,0x00,0x00,0x00,0x00,0x00,0x00,0x00,0x00,0x00,0x00,0x00,
  0x00,0x00,0x00,0x00,0x00,0x00,0x00,0x00,0x00,0x00,0x00,0x00,
  0x00,0x00,0x00,0x03,0x00,0x00,0x00,0x00,0x00,0x00,0x00,0x00,
  0x00,0x00,0x00,0x00,0x00,0x13,0xFF,0x7E,0x00,0x00,0x03,0xF7,
  0xF7,0xF7,0xDF,0xEE,0xDE,0xF6,0xAA,0xA9,0x57,0xEB,0x6D,0x00,
  0x00,0x00,0x00,0x00,0x00,0x00,0x00,0x00,0x00,0x00,0x00,0x00,
  0x00,0x00,0x00,0x00,0x00,0x00,0x00,0x00,0x00,0x00,0x00,0x00,
  0x00,0x00,0x00,0x00,0x00,0x00,0x00,0x00,0x00,0x00,0x00,0x04,
  0x00,0x00,0x00,0x00,0x00,0x00,0x00,0x00,0x00,0x00,0x00,0x00,
  0x00,0x27,0xFF,0xFC,0x00,0x00,0x3F,0xDF,0x7F,0xDF,0xFF,0xBF,
  0xF7,0xBC,0x92,0x95,0x2A,0xDA,0xB6,0x80,0x00,0x00,0x00,0x00,
  0x00,0x00,0x00,0x00,0x00,0x00,0x00,0x00,0x00,0x00,0x00,0x00,
  0x00,0x00,0x00,0x00,0x00,0x00,0x00,0x00,0x00,0x00,0x00,0x00,
  0x00,0x00,0x00,0x00,0x00,0xC0,0x00,0x04,0x00,0x00,0x00,0x00,
  0x00,0x00,0x00,0x00,0x00,0x00,0x00,0x00,0x00,0x4F,0xFD,0xF8,
  0x00,0x01,0xFF,0x7D,0xFD,0xFF,0xFE,0xFF,0xDA,0xEA,0x49,0x55,
  0x55,0xAB,0x55,0x80,0x00,0x00,0x00,0x00,0x00,0x00,0x00,0x00,
  0x00,0x00,0x00,0x00,0x00,0x00,0x00,0x00,0x00,0x00,0x00,0x00,
  0x88,0x92,0x55,0x52,0x49,0x29,0x25,0x24,0x94,0x92,0x92,0x44,
  0x49,0x50,0x00,0x52,0x88,0x00,0x00,0x00,0x00,0x00,0x00,0x00,
  0x00,0x00,0x00,0x00,0x00,0x1F,0x77,0xF8,0x00,0x0F,0xDD,0xFF,
  0xEF,0xFF,0xFF,0xFE,0xFF,0xBD,0x55,0x52,0xAB,0xB5,0xBB,0x00,
  0x00,0x00,0x00,0x00,0x00,0x00,0x00,0x00,0x00,0x00,0x00,0x00,
  0x00,0x00,0x00,0x00,0x00,0x45,0x52,0xAA,0x00,0x00,0x00,0x00,
  0x00,0x00,0x00,0x01,0x00,0x00,0x00,0x11,0x00,0x05,0x55,0x00,
  0x21,0x55,0x55,0x55,0x55,0x55,0x55,0x55,0x52,0x49,0x24,0x92,
  0x25,0x3F,0xFF,0xF5,0x24,0xBD,0x7F,0xFF,0xFF,0xFF,0x77,0xFF,
  0xEA,0xE9,0x2A,0x4A,0xAE,0xAD,0x56,0x00,0x00,0x00,0x00,0x00,
  0x00,0x00,0x00,0x00,0x00,0x00,0x00,0x00,0x00,0x00,0x00,0x11,
  0x24,0x00,0x00,0x00,0x02,0x08,0x00,0x00,0x00,0x00,0x00,0x20,
  0x22,0x20,0x00,0x00,0x04,0x00,0x00,0x00,0x80,0x00,0x00,0x00,
  0x00,0x00,0x00,0x00,0x00,0x00,0x00,0x00,0x01,0x7F,0xFF,0xF0,
  0x02,0x00,0x00,0x02,0xAE,0xEF,0xFF,0xFF,0xFF,0xBA,0xA5,0x55,
  0x7B,0x25,0x6B,0x00,0x00,0x00,0x00,0x00,0x00,0x00,0x00,0x00,
  0x00,0x00,0x00,0x00,0x00,0x01,0x22,0x40,0x00,0x00,0x00,0x00,
  0x00,0x00,0x00,0x00,0x00,0x00,0x00,0x00,0x00,0x00,0x00,0x00,
  0x00,0x00,0x00,0x00,0x00,0x00,0x00,0x00,0x00,0x00,0x00,0x00,
  0x00,0x00,0x00,0x00,0x82,0x6D,0xFF,0xE0,0x90,0x41,0x00,0x10,
  0x00,0x00,0xAB,0x77,0xF5,0xEA,0x95,0x55,0x5E,0x52,0x9D,0x00,
  0x00,0x00,0x00,0x00,0x00,0x00,0x00,0x00,0x00,0x00,0x00,0x00,
  0x00,0x90,0x00,0x00,0x00,0x00,0x00,0x00,0x00,0x00,0x00,0x00,
  0x00,0x00,0x00,0x00,0x00,0x00,0x00,0x00,0x00,0x00,0x00,0x00,
  0x00,0x00,0x00,0x00,0x00,0x00,0x00,0x00,0x00,0x00,0x00,0x00,
  0x04,0xFF,0xDF,0x60,0x00,0x00,0x00,0x00,0x00,0x08,0x00,0x00,
  0x2E,0xB5,0x54,0xAA,0xFD,0x29,0x4E,0x00,0x00,0x5F,0xFF,0xE0,
  0x00,0x00,0x00,0x00,0x00,0x00,0x00,0x00,0x00,0x00,0x00,0x00,
  0x00,0x00,0x00,0x00,0x00,0x00,0x00,0x00,0x00,0x00,0x00,0x00,
  0x00,0x00,0x00,0x00,0x00,0x00,0x00,0x00,0x00,0x00,0x00,0x00,
  0x00,0x00,0x00,0x00,0x00,0x00,0x00,0x00,0x09,0xFF,0xFD,0xC0,
  0x00,0x00,0x00,0x00,0x00,0x00,0x00,0x00,0x00,0x04,0xAB,0x57,
  0xEC,0x8A,0x5E,0x00,0x0B,0xFD,0xBF,0x80,0x00,0x00,0x00,0x00,
  0x00,0x00,0x00,0x00,0x00,0x00,0x00,0x00,0x00,0x00,0x00,0x00,
  0x90,0x00,0xA0,0x00,0x00,0x00,0x00,0x00,0x00,0x00,0x00,0x00,
  0x00,0x00,0x00,0x00,0x00,0x00,0x00,0x00,0x00,0x00,0x00,0x00,
  0x00,0x00,0x00,0x00,0x12,0xFF,0xFF,0xC0,0x00,0x00,0x00,0x00,
  0x00,0x00,0x00,0x00,0x00,0x00,0x00,0x15,0x7F,0x6A,0xFA,0x02,
  0xFF,0xF7,0xFA,0x00,0x00,0x00,0x00,0x00,0x00,0x00,0x00,0x00,
  0x00,0x00,0x03,0xC0,0x00,0x00,0x00,0x7F,0xFF,0x01,0xE0,0x00,
  0x00,0x00,0x00,0x00,0x00,0x00,0x00,0x00,0x00,0x00,0x00,0x00,
  0x00,0x00,0x00,0x00,0x00,0x00,0x00,0x00,0x00,0x00,0x00,0x00,
  0x27,0xDD,0xEF,0x80,0x00,0x00,0x00,0x00,0x00,0x00,0x00,0x00,
  0x00,0x00,0x00,0x00,0x00,0x95,0xBE,0x5F,0xFF,0x6F,0x60,0x00,
  0x00,0x00,0x00,0x00,0x00,0x00,0x00,0x00,0x00,0x00,0x03,0xC0,
  0x00,0x00,0x40,0x3F,0xFF,0xC1,0xF0,0x00,0x00,0x00,0x00,0x00,
  0x00,0x00,0x00,0x00,0x00,0x00,0x00,0x00,0x00,0x00,0x00,0x00,
  0x00,0x00,0x00,0x00,0x00,0x00,0x00,0x00,0x4F,0xFF,0xFF,0x80,
  0x00,0x00,0x00,0x00,0x00,0x00,0x00,0x00,0x00,0x00,0x00,0x01,
  0x00,0x00,0x15,0xFF,0x6B,0xFF,0xC0,0x00,0x00,0x00,0x00,0x00,
  0x00,0x00,0x00,0x00,0x00,0x00,0x03,0xC0,0x00,0x00,0xF0,0x7F,
  0xFF,0xE1,0xA0,0x00,0x00,0x00,0x00,0x00,0x00,0x00,0x00,0x00,
  0x00,0x00,0x00,0x00,0x00,0x00,0x00,0x00,0x00,0x00,0x00,0x00,
  0x00,0x00,0x00,0x00,0x9D,0xFF,0xFF,0x00,0x00,0x00,0x00,0x00,
  0x00,0x00,0x00,0x00,0x00,0x00,0x00,0x00,0x00,0x01,0x6F,0xED,
  0xFE,0xFD,0x00,0x00,0x00,0x00,0x00,0x00,0x00,0x00,0x00,0x01,
  0x55,0x00,0x02,0xC0,0x00,0x00,0xF0,0x3A,0x96,0xF0,0xF0,0x00,
  0x00,0x00,0x00,0x00,0x00,0x00,0x00,0x00,0x00,0x00,0x00,0x00,
  0x00,0x00,0x00,0x00,0x00,0x00,0x00,0x00,0x00,0x00,0x00,0x02,
  0x6F,0xFF,0xBE,0x00,0x00,0x00,0x00,0x00,0x00,0x00,0x00,0x00,
  0x00,0x00,0x00,0x00,0x00,0xAE,0xFE,0xBF,0xB7,0xD0,0x00,0x00,
  0x00,0x00,0x00,0x00,0x00,0x00,0x00,0x04,0x20,0x80,0x00,0x00,
  0x00,0x00,0xF0,0x6C,0x01,0xE1,0xE0,0x00,0x00,0x00,0x00,0x00,
  0x00,0x00,0x00,0x00,0x00,0x00,0x00,0x00,0x00,0x00,0x00,0x00,
  0x00,0x00,0x00,0x00,0x00,0x00,0x00,0x09,0xBF,0xFB,0xFC,0x00,
  0x00,0x00,0x00,0x00,0x00,0x05,0x48,0x00,0x00,0x00,0x01,0x14,
  0x2A,0xBF,0xFF,0xF6,0xFF,0xE0,0x00,0x00,0x00,0x00,0x00,0x00,
  0x00,0x00,0x00,0x02,0x00,0x00,0x00,0x00,0x00,0x00,0xF0,0x3C,
  0x00,0xF1,0xE0,0x00,0x00,0x00,0x00,0x00,0x00,0x00,0x00,0x00,
  0x00,0x00,0x00,0x00,0x00,0x00,0x00,0x00,0x00,0x00,0x00,0x00,
  0x00,0x00,0x00,0x06,0xFF,0xFF,0xF8,0x00,0x00,0x00,0x00,0x00,
  0x00,0x08,0x02,0x00,0x00,0x00,0x01,0x82,0xAF,0xFF,0xED,0xDF,
  0xFD,0x00,0x00,0x00,0x00,0x00,0x00,0x00,0x00,0x00,0x00,0x00,
  0x00,0x00,0x00,0x00,0x00,0x00,0xD0,0x7C,0x00,0xF0,0xE0,0x00,
  0x00,0x00,0x00,0x00,0x00,0x00,0x00,0x00,0x00,0x00,0x00,0x00,
  0x00,0x00,0x00,0x00,0x00,0x00,0x00,0x00,0x00,0x00,0x00,0x5B,
  0xFF,0xFF,0xF0,0x00,0x00,0x00,0x00,0x00,0x00,0x00,0x00,0x00,
  0x00,0x00,0x03,0xD5,0x7F,0xF5,0xBF,0x7D,0xD8,0x00,0x00,0x00,
  0x00,0x00,0x00,0x00,0x00,0x00,0x00,0x04,0x00,0x80,0x00,0x00,
  0x14,0x02,0xF0,0x34,0x00,0xD9,0xB0,0x50,0x0A,0x01,0x70,0x00,
  0x00,0x00,0x00,0x00,0x00,0x00,0x00,0x00,0x00,0x00,0x00,0x00,
  0x00,0x00,0x00,0x00,0x00,0x00,0x02,0xBF,0xFF,0xFF,0xE0,0x00,
  0x04,0x40,0x02,0x40,0x80,0x08,0x00,0x00,0x00,0x00,0x15,0x2B,
  0xFD,0xBF,0xF5,0xD7,0xE0,0x00,0x00,0x00,0x00,0x00,0x00,0x00,
  0x00,0x00,0x00,0x00,0x00,0x00,0x03,0xC0,0x7F,0x83,0xFE,0x7C,
  0x00,0xF0,0xE0,0xF0,0x0F,0x03,0xFE,0x30,0x00,0x00,0x00,0x00,
  0x00,0x00,0x00,0x00,0x00,0x00,0x00,0x00,0x00,0x00,0x00,0x00,
  0x00,0x00,0x1E,0xEF,0xFF,0xF6,0x80,0x00,0x1F,0x46,0xB6,0xA7,
  0x60,0x00,0x02,0x00,0x00,0x00,0x52,0xFF,0xF7,0xFE,0xDE,0xBB,
  0x40,0x00,0x00,0x00,0x00,0x00,0x00,0x00,0x00,0x00,0x00,0x04,
  0x00,0x80,0x03,0xC1,0xFF,0xC3,0xBE,0x3C,0x01,0xF1,0xE0,0xF0,
  0x1F,0x0F,0xBF,0x10,0x00,0x00,0x00,0x00,0x00,0x00,0x00,0x00,
  0x00,0x00,0x00,0x00,0x00,0x00,0x00,0x00,0x00,0x01,0x5F,0xFF,
  0xFF,0xAF,0xC0,0x00,0x0D,0x46,0x91,0x25,0x40,0x00,0x00,0x00,
  0x00,0x01,0x3F,0xFF,0xDF,0x6B,0xB5,0xD4,0x80,0x00,0x00,0x00,
  0x00,0x00,0x00,0x00,0x00,0x00,0x00,0x00,0x00,0x02,0x03,0xC1,
  0xEE,0xE3,0xF6,0x34,0x01,0xA0,0xF0,0xF0,0x0F,0x0D,0xF7,0x80,
  0x00,0x00,0x00,0x00,0x00,0x00,0x00,0x00,0x00,0x00,0x00,0x00,
  0x00,0x00,0x00,0x00,0x00,0x14,0xBF,0xFF,0xB5,0xFA,0xE0,0x00,
  0x0A,0x45,0x92,0x42,0xC0,0x08,0x01,0x00,0x00,0x00,0x37,0xBD,
  0xFD,0xFE,0xFF,0xF0,0x80,0x00,0x00,0x00,0x00,0x00,0x00,0x00,
  0x00,0x00,0x00,0x04,0x10,0x80,0x03,0xC3,0xB7,0xF0,0xD0,0x7E,
  0xDF,0xE1,0xE0,0xD0,0x0D,0x1F,0xAF,0x80,0x00,0x00,0x00,0x00,
  0x52,0x02,0x90,0x00,0x00,0x00,0x00,0x00,0x00,0x00,0x00,0x00,
  0x01,0x4B,0xFB,0x6A,0xEE,0xA0,0x00,0x00,0x0A,0xA4,0xA4,0x55,
  0x20,0x00,0x00,0x00,0x00,0x00,0x9E,0xF7,0xBF,0xFF,0xF6,0x91,
  0x80,0x00,0x00,0x00,0x00,0x00,0x00,0x7A,0xAB,0x40,0x00,0x00,
  0x30,0x02,0x03,0x47,0xC1,0xB0,0xF0,0x3F,0xFF,0x80,0xE0,0xF0,
  0x0F,0x16,0x06,0xC0,0x00,0x00,0x00,0x00,0x08,0x84,0x00,0x00,
  0x00,0x00,0x00,0x00,0x00,0x00,0x00,0x00,0x15,0x7F,0xDF,0xFF,
  0x5B,0x00,0x00,0x00,0x01,0x20,0x96,0x49,0xC0,0x00,0x00,0x00,
  0x00,0x08,0x05,0xFF,0xFF,0xDB,0xAA,0xD3,0x00,0x00,0x00,0x00,
  0x00,0x00,0x00,0xFF,0xFF,0xE0,0x00,0x48,0x00,0x80,0x03,0xC7,
  0x80,0xF0,0xF0,0x77,0xFB,0x81,0xF0,0xF0,0x0F,0x1E,0x03,0xC0,
  0x00,0x00,0x00,0x00,0x80,0x00,0x48,0x00,0x00,0x00,0x00,0x00,
  0x00,0x00,0x00,0x02,0xAB,0xFE,0xF6,0xAA,0xEC,0x00,0x00,0x00,
  0x00,0x00,0x00,0x00,0x00,0x08,0x01,0x00,0x00,0x01,0x0B,0xAE,
  0xED,0xFD,0x5D,0x57,0x80,0x00,0x00,0x00,0x00,0x00,0x01,0xAB,
  0xEB,0xE0,0x00,0x04,0x00,0x02,0x07,0xC7,0x88,0x70,0xF0,0x3F,
  0x6F,0xE1,0xD0,0xF0,0x1F,0x3C,0x01,0xE0,0x10,0x08,0x08,0x10,
  0x00,0x88,0x00,0x00,0x00,0x00,0x00,0x00,0x00,0x00,0x00,0x29,
  0x7F,0xB7,0xBD,0xFD,0xA0,0x00,0x00,0x00,0x00,0x00,0x00,0x00,
  0x00,0x00,0x20,0x00,0x00,0x20,0x15,0xA9,0x2A,0x72,0xA5,0x6D,
  0x80,0x00,0x00,0x00,0x00,0x00,0x03,0xEE,0xDD,0xA0,0x00,0x00,
  0x58,0x82,0x1A,0xDB,0x34,0x5C,0xD8,0x55,0xB7,0xB8,0xD8,0xD8,
  0x6B,0x2C,0x39,0xC0,0x78,0x38,0x38,0x3C,0x9E,0x01,0xC1,0xE1,
  0xC1,0xE1,0xE1,0xE1,0xC1,0xE1,0xC5,0x57,0xFE,0xFD,0xEF,0x56,
  0x81,0x41,0x02,0x82,0x85,0x02,0x02,0x00,0x00,0x08,0x01,0x00,
  0x00,0x80,0x03,0xA5,0x55,0xAA,0xBB,0x5F,0x00,0x00,0x00,0x00,
  0x00,0x00,0x06,0xEF,0xD7,0xC0,0x00,0x02,0xEC,0x02,0x0F,0xDD,
  0xBD,0x68,0xD0,0x7C,0x59,0xE9,0xE8,0xD8,0x3F,0x37,0xEF,0xE0,
  0x58,0x7C,0x3C,0x34,0x3C,0x83,0xE9,0xC3,0xE3,0xC1,0xA1,0xE1,
  0x61,0xC1,0xE9,0xFF,0xAB,0xDF,0x75,0xBB,0xC3,0xC3,0xC3,0x87,
  0x87,0x87,0x87,0x80,0x00,0x04,0x60,0x00,0x00,0x00,0x21,0xAA,
  0xAA,0xAA,0xCA,0xBE,0x00,0x00,0x00,0x00,0x00,0x00,0x0B,0xBF,
  0xBF,0xC0,0x00,0x04,0x00,0x82,0x1D,0xDF,0xEF,0xFC,0xF8,0xFC,
  0x78,0xFC,0xB8,0xFC,0x77,0x7F,0xFF,0xE0,0x78,0x2C,0x34,0x3C,
  0xBE,0x09,0xE1,0xE1,0x41,0x61,0xE1,0xA1,0xE1,0xE5,0x1F,0xBD,
  0xFF,0x75,0xDE,0xC3,0xC3,0x47,0x87,0x86,0x87,0x87,0x0E,0x80,
  0x00,0x08,0x21,0x00,0x00,0x00,0x05,0xD5,0x55,0x55,0x55,0x5E,
  0x00,0x00,0x00,0x00,0x00,0x00,0x00,0x1E,0xDD,0x00,0x00,0x00,
  0x00,0x02,0x0F,0xDD,0xFF,0xF8,0xF8,0x6C,0x58,0xF9,0xF8,0xD8,
  0x7F,0x3F,0xBB,0xC0,0x7C,0x3C,0x3C,0x3E,0x3C,0x01,0xE1,0xE1,
  0xE1,0xE1,0xE1,0xE1,0xE3,0x55,0xFE,0xEF,0xBD,0xFF,0x75,0xE3,
  0xC3,0xC2,0xC3,0xC7,0x86,0x87,0x87,0x00,0x00,0x00,0x00,0x00,
  0x00,0x00,0x10,0x49,0x55,0x56,0xBB,0xBC,0x00,0x00,0x00,0x00,
  0x00,0x00,0x80,0x03,0xB0,0x00,0x00,0x04,0x10,0x82,0x1F,0xDF,
  0xDD,0xBC,0xD8,0x7C,0x78,0x70,0xF8,0xF8,0x3B,0x76,0xFF,0xE0,
  0x38,0x3C,0x3C,0x3C,0xB6,0x03,0xE9,0xE3,0xE3,0xE1,0xE1,0xE1,
  0xE8,0xAF,0xF7,0xFB,0xEF,0x5B,0xDB,0xC3,0x47,0xC3,0xC7,0x87,
  0x87,0x87,0x8F,0x80,0x00,0x08,0x55,0x00,0x00,0x00,0x00,0x55,
  0x2A,0xAA,0xD5,0x58,0x00,0x00,0x00,0x00,0x00,0x02,0x00,0x00,
  0x80,0x00,0x00,0x00,0x20,0x00,0x05,0xCB,0x10,0x20,0xF0,0x3C,
  0x28,0xD9,0xD0,0xF4,0x2F,0x3C,0x28,0x00,0x50,0x30,0x38,0x18,
  0x1C,0x89,0x41,0xA1,0xC1,0xA1,0xD1,0xC3,0x57,0xFF,0x7F,0x6E,
  0xFB,0xFE,0xE3,0xC3,0xC3,0x83,0x83,0x87,0x87,0x87,0x07,0x00,
  0x00,0x00,0xFC,0x00,0x00,0x00,0x00,0x4A,0xAA,0xB5,0x5E,0xF0,
  0x00,0x00,0x00,0x00,0x00,0x00,0x00,0x00,0x00,0x00,0x00,0x08,
  0x00,0x82,0x03,0xC7,0x80,0x00,0xF0,0x7C,0x00,0x79,0xF0,0xF0,
  0x0F,0x1E,0x00,0x00,0x00,0x01,0x00,0x01,0x00,0x00,0x08,0x00,
  0x00,0x00,0x00,0x28,0x5F,0xFB,0xDB,0xFF,0xAE,0xD7,0x00,0x00,
  0x00,0x41,0x00,0x00,0x00,0x04,0x81,0x00,0x00,0x04,0x21,0x09,
  0x00,0x00,0x02,0x55,0x55,0xAE,0xEB,0xA0,0x00,0x00,0x00,0x00,
  0x00,0x00,0x00,0x00,0x00,0x00,0x00,0x84,0x00,0x02,0x03,0xC7,
  0x80,0x00,0xF1,0x3C,0x00,0xF8,0xE0,0xF8,0x1F,0x3E,0x00,0x00,
  0x02,0x00,0x00,0x00,0x80,0x88,0x80,0x00,0x04,0x00,0x05,0x4B,
  0xFD,0x6F,0x7E,0xDA,0xFB,0xB8,0x00,0x00,0x00,0x00,0x00,0x00,
  0x00,0x00,0x00,0x00,0x00,0x08,0x00,0x20,0x24,0x92,0xA8,0x2A,
  0xDA,0xD5,0xBD,0x00,0x00,0x00,0x00,0x00,0x00,0x00,0x00,0x00,
  0x00,0x00,0x08,0x04,0x11,0x08,0x83,0xC7,0xC4,0x42,0xF0,0x7C,
  0x01,0xF9,0xF0,0xF8,0x9F,0x1E,0x11,0x04,0x08,0x04,0x02,0x48,
  0x08,0x84,0x09,0x00,0x10,0x00,0x54,0xBF,0xF7,0xFD,0xEF,0xBF,
  0xAE,0xC0,0x00,0x00,0x00,0x00,0x00,0x00,0x00,0x10,0x00,0x00,
  0x44,0x40,0xA2,0x82,0x00,0x04,0x02,0xAB,0x57,0x7B,0x60,0x00,
  0x00,0x00,0x00,0x00,0x00,0x00,0x00,0x00,0x02,0x21,0x21,0x20,
  0x40,0x82,0x13,0xC3,0xC0,0xE0,0xF8,0x3C,0x55,0xF0,0xF0,0xEC,
  0x3F,0x1F,0x83,0x81,0x20,0x20,0x48,0x00,0x82,0x60,0x00,0x52,
  0x40,0xAD,0x17,0xFF,0xBF,0xB7,0xF5,0xEA,0xF7,0x00,0x00,0x00,
  0x20,0x04,0x09,0x00,0x20,0x40,0x00,0x09,0x01,0x08,0x09,0x10,
  0xAA,0xA1,0x54,0xAD,0x6D,0xAF,0x80,0x00,0x00,0x00,0x00,0x00,
  0x00,0x00,0x04,0x00,0x20,0x04,0x00,0x04,0x02,0x20,0x03,0xC3,
  0xFF,0xF0,0xFE,0x7F,0xFF,0xF1,0xFE,0x7F,0xFF,0x0F,0xDF,0xC0,
  0x00,0x81,0x00,0x20,0x10,0x89,0x29,0x00,0x02,0x52,0xFF,0xFB,
  0xFB,0xFE,0xAF,0x7F,0x58,0x01,0x12,0x10,0x84,0x10,0x40,0x24,
  0x84,0x02,0x42,0x20,0x10,0x0A,0x42,0x04,0x00,0x14,0x22,0x55,
  0xB6,0xF8,0x00,0x00,0x00,0x00,0x00,0x00,0x00,0x00,0x88,0x02,
  0x04,0x80,0x04,0x04,0x08,0x84,0x4B,0xCB,0xFF,0xF0,0xFE,0x3F,
  0xFF,0xE0,0xFC,0x7F,0xFB,0x0F,0xFF,0xC8,0x84,0x08,0x02,0x09,
  0x41,0x04,0x00,0x89,0x2A,0x2F,0xFD,0xDE,0xDE,0xDB,0xFF,0xD5,
  0xC0,0x10,0x00,0x42,0x00,0x80,0x00,0x00,0x00,0x80,0x08,0x02,
  0x02,0x40,0x11,0x51,0x55,0x4A,0x95,0x5A,0xDB,0xA0,0x00,0x00,
  0x00,0x00,0x00,0x00,0x00,0x00,0x02,0x48,0x10,0x10,0x90,0x90,
  0x80,0x81,0x03,0xC1,0x7F,0xE4,0x7E,0x7F,0xFF,0xC2,0xFE,0x3F,
  0xEF,0x27,0xFF,0x82,0x10,0x40,0x50,0x80,0x55,0x24,0xAA,0x05,
  0x49,0xFF,0xDF,0x7B,0xF7,0xB7,0x7B,0x7F,0x80,0x82,0x20,0x00,
  0x00,0x02,0x12,0x40,0x10,0x11,0x00,0x88,0x48,0x15,0x44,0x04,
  0x02,0x51,0x55,0x57,0x6E,0x80,0x00,0x00,0x00,0x00,0x00,0x00,
  0x04,0x94,0x10,0x00,0x80,0x02,0x00,0x04,0x20,0x10,0x03,0xD0,
  0xFF,0x80,0x3E,0x3F,0xFF,0x08,0x7C,0x1F,0xCF,0x01,0xFE,0x20,
  0x02,0x09,0x04,0x24,0x24,0x12,0x40,0x74,0x5F,0xFB,0x77,0xEF,
  0x7D,0xFF,0xEF,0xF6,0xF4,0x08,0x04,0x88,0x4A,0x48,0x40,0x0A,
  0x42,0x04,0x22,0x00,0x01,0x08,0x12,0xA2,0xA9,0x2A,0xAA,0xFB,
  0xB8,0x00,0x00,0x00,0x00,0x00,0x00,0x00,0x00,0x01,0x00,0x82,
  0x02,0x40,0x04,0x24,0x09,0x00,0x53,0xC0,0x15,0x12,0x05,0x2A,
  0x48,0x40,0x0A,0x06,0x95,0x48,0x68,0x88,0xA0,0x80,0x21,0x12,
  0x80,0x80,0x17,0x03,0xFF,0xDF,0xFD,0xFF,0xDF,0x6D,0xBD,0xBF,
  0xAA,0x80,0x80,0x01,0x00,0x00,0x04,0x40,0x00,0x40,0x08,0x25,
  0x24,0x49,0x44,0x14,0x55,0x4A,0xB7,0x5D,0xC0,0x00,0x00,0x00,
  0x00,0x00,0x00,0x00,0x00,0x00,0x44,0x10,0x20,0x10,0x90,0x84,
  0x80,0x8A,0x07,0xCA,0x00,0x00,0x80,0x00,0x01,0x09,0x00,0x50,
  0x00,0x01,0x02,0x02,0x0A,0x2A,0x88,0x40,0x24,0x55,0xE8,0x5F,
  0xFB,0x7B,0x6F,0xB6,0xEA,0xFB,0xF7,0x6A,0xFB,0x50,0x24,0x90,
  0x22,0x49,0x21,0x01,0x12,0x11,0x20,0x80,0x10,0x24,0x2A,0xA2,
  0x95,0x55,0xAD,0xEE,0x00,0x00,0x00,0x00,0x00,0x00,0x00,0x00,
  0x48,0x94,0x80,0x00,0x89,0x04,0x00,0x0C,0x55,0xA0,0x4B,0xC0,
  0x94,0xA8,0x24,0x89,0x24,0x20,0x52,0x01,0x2A,0xA4,0x28,0x50,
  0xA0,0x80,0x02,0x2A,0x95,0x2A,0x05,0xFF,0xBF,0xEF,0xFE,0xFD,
  0xBF,0xAE,0xDD,0xFF,0x55,0x5A,0x00,0x04,0x88,0x00,0x08,0x28,
  0x40,0x40,0x02,0x12,0x85,0x19,0x46,0x55,0x55,0x6E,0xF6,0xB8,
  0x00,0x00,0x00,0x00,0x00,0x00,0x00,0x00,0x02,0x00,0x09,0x4A,
  0x00,0x20,0x92,0x47,0xFF,0x81,0x03,0xC8,0x00,0x02,0x00,0x20,
  0x00,0x8A,0x00,0x94,0x00,0x08,0x81,0x04,0x04,0x01,0x75,0x95,
  0x56,0x81,0xFF,0xFE,0xED,0xBE,0xDB,0xD7,0xFE,0xFB,0xB7,0x55,
  0xED,0x54,0xAA,0xA2,0x22,0xAA,0xA2,0x02,0x09,0x0A,0x90,0x88,
  0x50,0x9F,0xBE,0x95,0x55,0x55,0x5B,0xE0,0x00,0x00,0x00,0x00,
  0x00,0x00,0x00,0x00,0xA8,0x49,0x2C,0x00,0x24,0x84,0x00,0x00,
  0x00,0x08,0x3F,0xC2,0x49,0x20,0x92,0x04,0xA4,0x00,0x92,0x00,
  0x92,0x40,0x10,0x21,0x00,0x15,0x02,0x40,0x90,0x5F,0x7F,0xF7,
  0xFF,0xFB,0xFF,0x7F,0xFF,0xEE,0xFD,0xFF,0x7E,0xFC,0x00,0x08,
  0x00,0x00,0x00,0xA0,0xA0,0x40,0x44,0x45,0x0A,0x4D,0xFA,0x55,
  0x56,0xFB,0xFE,0xA0,0x00,0x00,0x00,0x00,0x00,0x00,0x00,0x00,
  0x52,0x20,0x84,0x91,0x00,0x10,0x92,0x55,0x4A,0x42,0x1F,0xC8,
  0x00,0x08,0x00,0x90,0x01,0x52,0x00,0x48,0x20,0x12,0x85,0x08,
  0x00,0xA4,0xAA,0xBE,0xAF,0xB5,0xFE,0xDF,0xBB,0x7F,0xED,0xFD,
  0xB6,0xFF,0xEF,0xF7,0xD5,0x40,0x42,0x20,0x92,0x04,0x48,0x0A,
  0x0A,0x15,0x12,0x28,0xA1,0x22,0x05,0x6A,0xED,0xAF,0x53,0x00,
  0x00,0x00,0x00,0x00,0x00,0x00,0x00,0x00,0x29,0x44,0x20,0x04,
  0x52,0x82,0x04,0x00,0x20,0x10,0x9F,0x81,0x55,0x42,0xAA,0x22,
  0x94,0x00,0x4A,0x02,0x8A,0x84,0x20,0x40,0x02,0x4A,0xAA,0xA2,
  0xD5,0x5F,0xEB,0xFD,0xEF,0xEE,0xBF,0xB7,0xFF,0xB5,0xA0,0x00,
  0x00,0x01,0x08,0x02,0x00,0xA1,0x02,0x90,0x81,0x40,0x49,0x45,
  0x2C,0xA9,0x75,0x57,0x5B,0x7B,0xEC,0x00,0x00,0x00,0x00,0x00,
  0x00,0x00,0x00,0x00,0x1D,0x2A,0x8A,0xA1,0x04,0x28,0xA1,0x49,
  0x0A,0x8A,0x3E,0x28,0x00,0x10,0x00,0x88,0x21,0x2A,0x20,0xA8,
  0x20,0x21,0x15,0x05,0x7F,0xBB,0x6D,0xAD,0x5A,0xAD,0xBF,0xB7,
  0xFF,0xBF,0xEA,0xFD,0x55,0xEF,0x6C,0x10,0x12,0x10,0x21,0x48,
  0x48,0x08,0x28,0x44,0x54,0x2A,0x92,0x28,0x92,0xAD,0x55,0xBA,
  0xEF,0xD6,0x00,0x00,0x00,0x00,0x00,0x00,0x00,0x00,0x00,0x00,
  0x0D,0x51,0x50,0x14,0x51,0x04,0x14,0x22,0x40,0x41,0x08,0x85,
  0x55,0x4A,0xAA,0x22,0x88,0x81,0x0A,0x02,0x8A,0x94,0x80,0x5F,
  0xFF,0xFF,0xFF,0xF6,0xAB,0x76,0xD5,0xDE,0xBA,0xFB,0xFF,0xAF,
  0xFF,0x7B,0xB7,0xA2,0x40,0x85,0x04,0x02,0x12,0xA2,0x82,0x12,
  0x82,0x84,0x49,0x55,0x55,0x55,0xAE,0xD7,0x7D,0x00,0x00,0x00,
  0x00,0x00,0x00,0x00,0x00,0x00,0x00,0x00,0x03,0xAD,0x25,0x49,
  0x08,0xAA,0xA2,0x88,0xAA,0xAA,0x52,0x22,0x00,0x21,0x01,0x10,
  0x52,0x54,0xA1,0x54,0x20,0x42,0x53,0xFF,0xED,0xFF,0xFE,0xDF,
  0xFD,0x4B,0xBE,0xF7,0xD7,0xDD,0x5B,0xF5,0x6B,0xAE,0xE8,0xA9,
  0x14,0x50,0xA1,0x51,0x40,0x08,0x54,0xA4,0x54,0xAA,0xA5,0x4A,
  0xAA,0xAA,0xB5,0x7B,0xD0,0x00,0x00,0x00,0x00,0x00,0x00,0x00,
  0x00,0x00,0x00,0x00,0x01,0xEA,0x95,0x24,0xA5,0x22,0x48,0x52,
  0x12,0x11,0x25,0x54,0xB6,0x94,0xAA,0xAB,0x25,0x25,0x2A,0x49,
  0x55,0x29,0x0D,0xFB,0xBF,0xF7,0xBB,0xFF,0xFF,0xFD,0xEB,0x5A,
  0xFD,0x77,0xFE,0xDF,0xDE,0xFB,0x5A,0xA8,0xA2,0x8A,0x14,0x0A,
  0x2A,0xA5,0x09,0x49,0x2A,0x52,0x9A,0xB5,0x6D,0xB7,0x6F,0xAE,
  0x80,0x00,0x00,0x00,0x00,0x00,0x00,0x00,0x00,0x00,0x00,0x00,
  0x00,0x3A,0xD4,0xAA,0x52,0x95,0x25,0x4A,0xA9,0x4A,0x90,0x8A,
  0x89,0x55,0x28,0x88,0x92,0x92,0x95,0x25,0x25,0x55,0x55,0xBF,
  0xFF,0xDF,0xFF,0xFF,0xDF,0xFF,0x5E,0xEF,0x57,0xDD,0x57,0x7F,
  0xFF,0xDF,0xFF,0xFD,0x14,0x51,0x4A,0xA4,0x92,0x52,0xA5,0x25,
  0xA5,0x55,0x65,0x56,0xB6,0xDA,0xF5,0xF8,0x00,0x00,0x00,0x00,
  0x00,0x00,0x00,0x00,0x00,0x00,0x00,0x00,0x00,0x1F,0x6B,0x52,
  0xA9,0x52,0xAA,0xA9,0x4A,0xAA,0x56,0x69,0x6A,0xAA,0xA6,0xAA,
  0xAA,0x54,0xA9,0x54,0xAA,0x95,0x52,0xFF,0xFF,0x7E,0xFF,0xFB,
  0x7E,0xEF,0xF7,0xBB,0xFD,0x77,0xFD,0xFB,0x76,0xE8,0xAA,0x44,
  0xAA,0x8A,0xA2,0x52,0x49,0x4A,0x54,0xAA,0x5A,0xAA,0xAD,0xAB,
  0x5B,0x6F,0xBF,0x40,0x00,0x00,0x00,0x00,0x00,0x00,0x00,0x00,
  0x00,0x00,0x00,0x00,0x00,0x03,0xB5,0x55,0x55,0x2A,0xAA,0xA5,
  0x55,0x55,0x55,0x55,0x2A,0xA5,0x55,0x55,0x55,0x55,0x55,0x55,
  0x55,0x55,0xA9,0xF6,0xF7,0xFF,0xEF,0xBF,0xFB,0xFD,0x5A,0xEE,
  0xAF,0xDD,0x5F,0xDF,0xDF,0x54,0x01,0x5A,0xA5,0x6A,0x5A,0xAA,
  0xAA,0xAA,0xAB,0x55,0xAA,0xDB,0x56,0xDD,0xED,0xBA,0xEA,0x00,
  0x00,0x00,0x00,0x00,0x00,0x00,0x00,0x00,0x00,0x00,0x00,0x00,
  0x00,0x00,0xEE,0xDA,0xAA,0xAA,0xAA,0xAD,0x55,0x55,0x55,0x55,
  0xAA,0xAA,0xAA,0xAA,0xAA,0xAA,0xAA,0xAA,0xAA,0xAA,0xD5,0xFF,
  0xDF,0xFF,0xFE,0xFF,0xFF,0xFE,0xEF,0xBB,0xF5,0x77,0xF6,0xF6,
  0xF5,0xEB,0x48,0xAA,0xAA,0x95,0x4A,0xAA,0xAA,0xAA,0xAA,0xAD,
  0x6D,0x6D,0xFB,0x76,0xB6,0xEF,0x85,0x00,0x00,0x00,0x00,0x00,
  0x00,0x00,0x00,0x00,0x00,0x00,0x00,0x00,0x00,0x00,0x3B,0xB7,
  0x57,0x55,0x55,0x55,0x5A,0xAA,0xAB,0x56,0xAD,0x5A,0xB5,0x6D,
  0xB6,0xDB,0x6D,0xB7,0x6D,0x6D,0xB0,0xFF,0xFD,0xB6,0xFF,0xFB,
  0xFF,0xFF,0x7E,0xFE,0xDF,0xFF,0xFF,0xBD,0xBF,0x55,0x65,0x55,
  0x5A,0xAA,0xB5,0x55,0x55,0x55,0xB6,0xD6,0xB7,0xB6,0xAD,0xAD,
  0xDF,0xB8,0x00,0x00,0x00,0x00,0x00,0x00,0x00,0x00,0x00,0x00,
  0x00,0x00,0x00,0x00,0x00,0x00,0x07,0x6D,0xEA,0xFB,0xBB,0x6D,
  0xAD,0xDB,0xDD,0xBA,0xF7,0xB7,0x6E,0xD6,0xDB,0x6D,0xB6,0xDA,
  0xDB,0xB6,0xE1,0xD5,0x6F,0xFF,0xDB,0xEF,0xBF,0xBA,0xFF,0xFF,
  0xFF,0xFE,0xDB,0xEF,0xEB,0xFA,0xB0,0xAE,0xEA,0xDB,0x56,0xDB,
  0x6F,0xBB,0x6D,0xBB,0xDA,0xDB,0xB6,0xFB,0x7A,0xC0,0x00,0x00,
  0x00,0x00,0x00,0x00,0x00,0x00,0x00,0x00,0x00,0x00,0x00,0x00,
  0x00,0x00,0x01,0xFB,0x5D,0xAD,0x6D,0xB6,0xF6,0xB6,0xB6,0xD7,
  0x5A,0xDA,0xDB,0x7B,0x6D,0xB6,0xDB,0x6F,0x6D,0x6B,0xB1,0xFF,
  0xFB,0xFF,0xFF,0xFF,0xF7,0xFF,0x77,0xF7,0xFF,0xFF,0xFE,0xFF,
  0x7E,0xEF,0xD5,0x55,0xAF,0x6D,0xFB,0x6D,0xB5,0x6D,0xB6,0xDD,
  0x6F,0x6E,0xEF,0xAF,0xE8,0x00,0x00,0x00,0x00,0x00,0x00,0x00,
  0x00,0x00,0x00,0x00,0x00,0x00,0x00,0x00,0x00,0x00,0x00,0x1E,
  0xF7,0x6F,0xB6,0xDB,0x5B,0xDD,0xDB,0x7D,0xEF,0xEF,0x6D,0xAD,
  0xB6,0xDB,0x6D,0xDA,0xF7,0xDE,0xF0,0xFF,0x3E,0xB3,0x7F,0x7F,
  0xFE,0xF9,0x7F,0xFF,0xFF,0xF5,0x57,0x6B,0xDB,0xA8,0x15,0x5F,
  0x75,0xB6,0xAD,0xB6,0xDD,0xB6,0xDD,0xEB,0xDA,0xF5,0xBA,0xFD,
  0x00,0x00,0x00,0x00,0x00,0x00,0x00,0x00,0x00,0x00,0x00,0x00,
  0x00,0x00,0x00,0x00,0x00,0x00,0x00,0x03,0xFF,0xFA,0xFF,0xFF,
  0xFE,0xF7,0x77,0xD7,0x7B,0xB5,0xF7,0xF7,0xDF,0x7F,0xFF,0x7F,
  0xBD,0x7B,0xE1,0xDB,0xF5,0x37,0xED,0xF6,0xDF,0xFD,0x5F,0xBF,
  0xF6,0xAF,0xFB,0xDD,0x6D,0x65,0x55,0x6B,0xDE,0xDB,0xDB,0xDB,
  0xB7,0x7F,0xF7,0x7E,0xFF,0xBF,0xFF,0xC0,0x00,0x00,0x00,0x00,
  0x00,0x00,0x00,0x00,0x00,0x00,0x00,0x00,0x00,0x00,0x00,0x00,
  0x00,0x00,0x00,0x00,0x3F,0xFF,0xF7,0x77,0xDB,0xDF,0xFE,0xFF,
  0xDF,0xFF,0xBF,0x7E,0xFB,0xF6,0xDB,0xED,0xEF,0xFF,0xF0,0xFF,
  0xA4,0x89,0xA7,0x12,0x27,0xD8,0x6D,0xED,0x5F,0xFE,0xAF,0x7F,
  0xFF,0xF5,0xB7,0xFF,0x7B,0xFF,0x7F,0x7F,0xFF,0xED,0xBF,0xDF,
  0xFF,0xFF,0xF4,0x00,0x00,0x00,0x00,0x00,0x00,0x00,0x00,0x00,
  0x00,0x00,0x00,0x00,0x00,0x00,0x00,0x00,0x00,0x00,0x00,0x00,
  0x02,0xFF,0xFF,0xFF,0x7F,0xFF,0xFF,0xFF,0xFF,0xFF,0xFF,0xFF,
  0xFF,0xFF,0xFF,0xFF,0xFF,0xEF,0x70,0xFF,0x4B,0xAA,0x93,0x6C,
  0xB7,0xF8,0x17,0xFF,0xFD,0xFB,0xFF,0xFF,0x77,0x5B,0x7F,0xFF,
  0xFF,0xFF,0xFF,0xFE,0xFD,0xFF,0xFF,0xFF,0xDB,0xFE,0x80,0x00,
  0x00,0x00,0x00,0x00,0x00,0x00,0x00,0x00,0x00,0x00,0x00,0x00,
  0x00,0x00,0x00,0x00,0x00,0x00,0x00,0x00,0x00,0x0F,0xFF,0xFF,
  0xFF,0xFF,0xDF,0xFE,0xFF,0x77,0xFF,0xEF,0xFF,0xFF,0xFF,0xFF,
  0xFF,0xFF,0xF1,0xF7,0xAC,0xAD,0xAE,0xED,0xB7,0xFA,0x45,0x7F,
  0xFF,0xDF,0xFD,0xF7,0xFF,0xFF,0xFE,0xFF,0xFF,0xFF,0xFF,0xFB,
  0xF7,0xFF,0xFD,0xFF,0xFF,0xA0,0x00,0x00,0x00,0x00,0x00,0x00,
  0x00,0x00,0x00,0x00,0x00,0x00,0x00,0x00,0x00,0x00,0x00,0x00,
  0x00,0x00,0x00,0x00,0x00,0x00,0x17,0xFF,0xFF,0xFE,0xFF,0xFB,
  0xFD,0xFF,0xFB,0xFF,0xFF,0xBF,0xFF,0x7F,0xFD,0xFF,0xF0,0xFF,
  0xA6,0xAA,0x2B,0x22,0xB7,0x78,0x17,0xFF,0xFF,0xFF,0xFF,0xFF,
  0xFF,0xFF,0xFB,0xEE,0xFF,0xBB,0xFB,0xEF,0xFF,0xFF,0xFF,0xFE,
  0xD0,0x00,0x00,0x00,0x00,0x00,0x00,0x00,0x00,0x00,0x00,0x00,
  0x00,0x00,0x00,0x00,0x00,0x00,0x00,0x00,0x00,0x00,0x00,0x00,
  0x00,0x00,0x00,0x01,0x5B,0xBF,0xFF,0xFF,0xFF,0xFF,0xFF,0xFE,
  0xFF,0xFF,0xFF,0xFF,0xBF,0xFF,0xF2,0xFF,0xBF,0xBB,0xF7,0xBF,
  0xFF,0xFD,0x6A,0xB5,0x6F,0xFF,0xFF,0xFF,0xFF,0xFD,0xDF,0xFF,
  0xF7,0xFF,0xFF,0xFF,0xFF,0xFF,0xEF,0x40,0x00,0x00,0x00,0x00,
  0x00,0x00,0x00,0x00,0x00,0x00,0x00,0x00,0x00,0x00,0x00,0x00,
  0x00,0x00,0x00,0x00,0x00,0x00,0x00,0x00,0x00,0x00,0x00,0x00,
  0x00,0x01,0x00,0x04,0x85,0x24,0x4A,0xAF,0xAA,0xEA,0xAB,0xDA,
  0xF7,0xB6,0xF1,0xFD,0x3F,0xFF,0xFF,0xFF,0xFF,0xFA,0xDF,0xFF,
  0xFF,0xFF,0xFF,0xFF,0xDD,0xDF,0xFF,0xBF,0xFF,0xFF,0xDF,0xFF,
  0xDD,0x40,0x00,0x00,0x00,0x00,0x00,0x00,0x00,0x00,0x00,0x00,
  0x00,0x00,0x00,0x00,0x00,0x00,0x00,0x00,0x00,0x00,0x00,0x00,
  0x00,0x00,0x00,0x00,0x00,0x00,0x00,0x00,0x00,0x00,0x00,0x00,
  0x00,0x00,0x00,0x0A,0x00,0x00,0x00,0x00,0x00,0x00,0x0A,0xF7,
  0xFD,0xFF,0xFF,0xFF,0xFF,0xFF,0x77,0xFF,0xFE,0xDB,0x6F,0xAD,
  0xFF,0xFF,0xD0,0xE0,0x00,0x00,0x08,0x00,0x00,0x00,0x00,0x00,
  0x00,0x00,0x00,0x00,0x00,0x00,0x00,0x00,0x00,0x00,0x00,0x00,
  0x00,0x00,0x00,0x00,0x00,0x00,0x00,0x00,0x00,0x00,0x00,0x00,
  0x00,0x00,0x00,0x00,0x00,0x00,0x00,0x00,0x00,0x00,0x00,0x05,
  0x00,0x00,0x00,0x00,0x00,0x00,0x09,0xFF,0xFF,0xFF,0xFF,0xFF,
  0xDD,0xED,0xFD,0xFF,0xBB,0xFF,0xFF,0xFF,0xF7,0x68,0x00,0xA0,
  0x00,0x00,0x00,0x00,0x00,0x00,0x00,0x00,0x00,0x00,0x00,0x00,
  0x00,0x00,0x00,0x00,0x00,0x00,0x00,0x00,0x00,0x00,0x00,0x00,
  0x00,0x00,0x00,0x00,0x00,0x00,0x00,0x00,0x00,0x00,0x00,0x00,
  0x00,0x00,0x00,0x00,0x00,0x00,0x00,0x02,0x80,0x00,0x00,0x00,
  0x00,0x00,0x0A,0xFF,0xFF,0xF7,0x7D,0xFD,0xFF,0xFF,0x7F,0x80,
  0xD5,0x55,0x54,0xAA,0x18,0x00,0x00,0x50,0x00,0x00,0x00,0x00,
  0x00,0x00,0x00,0x00,0x00,0x00,0x00,0x00,0x00,0x00,0x00,0x00,
  0x00,0x00,0x00,0x00,0x00,0x00,0x00,0x00,0x00,0x00,0x00,0x00,
  0x00,0x00,0x00,0x00,0x00,0x00,0x00,0x00,0x00,0x00,0x00,0x00,
  0x00,0x00,0x00,0x01,0x00,0x00,0x00,0x00,0x00,0x00,0x0D,0xFF,
  0xF8,0xB3,0xF7,0xF7,0xFF,0xFD,0xF7,0xC0,0x00,0x00,0x00,0x00,
  0x18,0x00,0x00,0x00,0x00,0x00,0x00,0x00,0x00,0x00,0x00,0x00,
  0x00,0x00,0x00,0x00,0x00,0x00,0x00,0x00,0x00,0x00,0x00,0x00,
  0x00,0x00,0x00,0x00,0x00,0x00,0x00,0x00,0x00,0x00,0x00,0x00,
  0x00,0x00,0x00,0x00,0x00,0x00,0x00,0x00,0x00,0x00,0x00,0x00,
  0x80,0x00,0x00,0x00,0x00,0x00,0x0B,0xFF,0xEB,0xF7,0xFF,0xFF,
  0xFF,0xFF,0xFF,0xC0,0x00,0x00,0x00,0x00,0x00,0x00,0x00,0x10,
  0x00,0x00,0x00,0x00,0x00,0x00,0x00,0x00,0x00,0x00,0x00,0x00,
  0x00,0x00,0x00,0x00,0x00,0x00,0x00,0x00,0x00,0x00,0x00,0x00,
  0x00,0x00,0x00,0x00,0x00,0x00,0x00,0x00,0x00,0x00,0x00,0x00,
  0x00,0x00,0x00,0x00,0x00,0x00,0x00,0x00,0x00,0x00,0x00,0x00,
  0x00,0x00,0x0D,0xDD,0xFE,0xFF,0xFF,0xFF,0xFF,0xBF,0xFE,0x00,
  0x00,0x00,0x00,0x00,0x00,0x00,0x00,0x00,0x00,0x00,0x00,0x00,
  0x00,0x00,0x00,0x00,0x00,0x00,0x00,0x00,0x00,0x00,0x00,0x00,
  0x00,0x00,0x00,0x00,0x00,0x00,0x00,0x00,0x00,0x00,0x00,0x00,
  0x00,0x00,0x00,0x00,0x00,0x00,0x00,0x00,0x00,0x00,0x00,0x00,
  0x00,0x00,0x00,0x00,0x00,0x00,0x00,0x00,0x00,0x00,0x0E,0xFF,
  0xFF,0xFF,0xFF,0xDF,0xF7,0xFF,0xA0,0x00,0x00,0x00,0x00,0x00,
  0x00,0x00,0x00,0x00,0x00,0x00,0x00,0x00,0x00,0x00,0x00,0x00,
  0x00,0x00,0x00,0x00,0x00,0x00,0x00,0x00,0x00,0x00,0x00,0x00,
  0x00,0x00,0x00,0x00,0x00,0x00,0x00,0x00,0x00,0x00,0x00,0x00,
  0x00,0x00,0x00,0x00,0x00,0x00,0x00,0x00,0x00,0x00,0x00,0x00,
  0x00,0x00,0x00,0x00,0x00,0x00,0x0B,0xFF,0xFF,0xFF,0x7F,0xFF,
  0xFF,0xFC,0x00,0x00,0x00,0x00,0x00,0x00,0x00,0x00,0x00,0x00,
  0x00,0x00,0x00,0x00,0x00,0x00,0x00,0x00,0x00,0x00,0x00,0x00,
  0x00,0x00,0x00,0x00,0x00,0x00,0x00,0x00,0x00,0x00,0x00,0x00,
  0x00,0x00,0x00,0x00,0x00,0x00,0x00,0x00,0x00,0x00,0x00,0x00,
  0x00,0x00,0x00,0x00,0x00,0x00,0x00,0x00,0x00,0x00,0x00,0x00,
  0x00,0x00,0x0F,0xFF,0xF5,0xF7,0xFF,0xFF,0xFF,0xFC,0x00,0x00,
  0x00,0x00,0x00,0x00,0x00,0x00,0x00,0x00,0x00,0x00,0x00,0x00,
  0x00,0x00,0x00,0x00,0x00,0x00,0x00,0x00,0x00,0x00,0x00,0x00,
  0x00,0x00,0x00,0x00,0x00,0x00,0x00,0x00,0x00,0x00,0x00,0x00,
  0x00,0x00,0x00,0x00,0x00,0x00,0x00,0x00,0x00,0x00,0x00,0x00,
  0x00,0x00,0x00,0x00,0x00,0x00,0x00,0x00,0x00,0x00,0x06,0xFF,
  0xFF,0xFF,0xFD,0xFF,0xBF,0xFC,0x00,0x00,0x00,0x00,0x00,0x00,
  0x00,0x00,0x00,0x00,0x00,0x00,0x00,0x00,0x00,0x00,0x00,0x00,
  0x00,0x00,0x00,0x00,0x00,0x00,0x00,0x00,0x00,0x00,0x00,0x00,
  0x00,0x00,0x00,0x00,0x00,0x00,0x00,0x00,0x00,0x00,0x00,0x00,
  0x00,0x00,0x00,0x00,0x00,0x00,0x00,0x00,0x00,0x00,0x00,0x00,
  0x00,0x00,0x00,0x00,0x00,0x00,0x07,0xFF,0xFF,0xFF,0xFF,0xFF,
  0xFF,0xFC,0x00,0x00,0x00,0x00,0x00,0x00,0x00,0x00,0x00,0x00,
  0x00,0x00,0x00,0x00,0x00,0x00,0x00,0x00,0x00,0x00,0x00,0x00,
  0x00,0x00,0x00,0x00,0x00,0x00,0x00,0x00,0x00,0x00,0x00,0x00,
  0x00,0x00,0x00,0x00,0x00,0x00,0x00,0x00,0x00,0x00,0x00,0x00,
  0x00,0x00,0x00,0x00,0x00,0x00,0x00,0x00,0x00,0x00,0x00,0x00,
  0x00,0x00,0x03,0xFF,0xBF,0xFF,0xFF,0xFF,0xFF,0xFA,0x00,0x00,
  0x00,0x00,0x00,0x00,0x00,0x00,0x00,0x00,0x00,0x00,0x00,0x00,
  0x00,0x00,0x00,0x00,0x00,0x00,0x00,0x00,0x00,0x00,0x00,0x00,
  0x00,0x00,0x00,0x00,0x00,0x00,0x00,0x00,0x00,0x00,0x00,0x00,
  0x00,0x00,0x00,0x00,0x00,0x00,0x00,0x00,0x00,0x00,0x00,0x00,
  0x00,0x00,0x00,0x00,0x00,0x00,0x00,0x00,0x00,0x00,0x00,0x5F,
  0xFF,0xFF,0xFF,0xFF,0xFF,0xA0,0x00,0x00,0x00,0x00,0x00,0x00,
  0x00,0x00,0x00,0x00,0x00,0x00,0x00,0x00,0x00,0x00,0x00,0x00,
  0x00,0x00,0x00,0x00,0x00,0x00,0x00,0x00,0x00,0x00,0x00,0x00,
  0x00,0x00,0x00,0x00,0x00,0x00,0x00,0x00,0x00,0x00,0x00,0x00,
  0x00,0x00,0x00,0x00,0x00,0x00,0x00,0x00,0x00,0x00,0x00,0x00,
  0x00,0x00,0x00,0x00,0x00,0x00,0x00,0x00,0xB7,0xDE,0xF7,0x6A,
  0xA8,0x00,0x00,0x00,0x00,0x00,0x00,0x00,0x00,0x00,0x00,0x00,
  0x00,0x00,0x00,0x00,0x00,0x00,0x00,0x00,0x00,0x00,0x00,0x00,
  0x00,0x00,0x00,0x00,0x00,0x00,0x00,0x00,0x00,0x00,0x00,0x00,
  0x00,0x00,0x00,0x00,
};
static const uint8_t branded_swa[] PROGMEM = {
  0x00,0x00,0x00,0x00,0x00,0x00,0x00,0x00,0x00,0x00,0x00,0x00,
  0x00,0x00,0x00,0x00,0x00,0x00,0x00,0x00,0x00,0x00,0x00,0x00,
  0x00,0x00,0x00,0x00,0x00,0x00,0x00,0x00,0x00,0x00,0x00,0x00,
  0x00,0x00,0x00,0x00,0x00,0x00,0x00,0x00,0x00,0x00,0x00,0x00,
  0x00,0x00,0x00,0x00,0x00,0x00,0x00,0x00,0x00,0x00,0x00,0x00,
  0x00,0x00,0x00,0x05,0x55,0x55,0x60,0x00,0x00,0x00,0x00,0x00,
  0x00,0x00,0x00,0x00,0x00,0x00,0x00,0x00,0x00,0x00,0x00,0x00,
  0x00,0x00,0x00,0x00,0x00,0x00,0x00,0x00,0x00,0x00,0x00,0x00,
  0x00,0x00,0x00,0x00,0x00,0x00,0x00,0x00,0x00,0x00,0x00,0x00,
  0x00,0x00,0x00,0x00,0x00,0x00,0x00,0x00,0x00,0x00,0x00,0x00,
  0x00,0x00,0x00,0x00,0x00,0x00,0x00,0x00,0x00,0x00,0x00,0x28,
  0xA8,0xA1,0xE0,0x00,0x00,0x00,0x00,0x00,0x00,0x00,0x00,0x00,
  0x00,0x00,0x00,0x00,0x00,0x00,0x00,0x00,0x00,0x00,0x00,0x00,
  0x00,0x00,0x00,0x00,0x00,0x00,0x00,0x00,0x00,0x00,0x00,0x00,
  0x00,0x00,0x00,0x00,0x00,0x00,0x00,0x00,0x00,0x00,0x00,0x00,
  0x00,0x00,0x00,0x00,0x00,0x00,0x00,0x00,0x00,0x00,0x00,0x00,
  0x00,0x00,0x00,0x00,0x00,0x00,0x00,0x46,0xAB,0x01,0xE0,0x00,
  0x00,0x00,0x00,0x00,0x00,0x00,0x00,0x00,0x00,0x00,0x00,0x00,
  0x00,0x00,0x00,0x00,0x00,0x00,0x00,0x00,0x00,0x00,0x00,0x00,
  0x00,0x00,0x00,0x00,0x00,0x00,0x00,0x00,0x00,0x00,0x00,0x00,
  0x00,0x00,0x00,0x00,0x00,0x00,0x00,0x00,0x00,0x00,0x00,0x00,
  0x00,0x00,0x00,0x00,0x00,0x00,0x00,0x00,0x00,0x00,0x00,0x00,
  0x00,0x00,0x00,0x95,0x55,0x47,0xC0,0x00,0x00,0x00,0x00,0x00,
  0x00,0x00,0x00,0x00,0x00,0x00,0x00,0x00,0x00,0x00,0x00,0x00,
  0x00,0x00,0x00,0x00,0x00,0x00,0x00,0x00,0x00,0x00,0x00,0x00,
  0x00,0x00,0x00,0x00,0x00,0x00,0x00,0x00,0x00,0x00,0x00,0x00,
  0x00,0x00,0x00,0x00,0x00,0x00,0x00,0x00,0x00,0x00,0x00,0x00,
  0x00,0x00,0x00,0x00,0x00,0x00,0x00,0x00,0x00,0x00,0x00,0x95,
  0x55,0x87,0x60,0x00,0x00,0x00,0x00,0x00,0x00,0x00,0x00,0x00,
  0x00,0x00,0x00,0x00,0x00,0x00,0x00,0x00,0x00,0x00,0x00,0x00,
  0x00,0x00,0x00,0x00,0x00,0x00,0x00,0x00,0x00,0x00,0x00,0x00,
  0x00,0x00,0x00,0x00,0x00,0x00,0x00,0x00,0x00,0x00,0x00,0x00,
  0x00,0x00,0x00,0x00,0x00,0x00,0x00,0x00,0x00,0x00,0x00,0x00,
  0x00,0x00,0x00,0x00,0x00,0x00,0x03,0x2A,0xAA,0x8F,0xC0,0x00,
  0x00,0x00,0x00,0x00,0x00,0x00,0x00,0x00,0x00,0x00,0x00,0x00,
  0x00,0x00,0x00,0x00,0x00,0x00,0x00,0x00,0x00,0x00,0x00,0x00,
  0x00,0x00,0x00,0x00,0x00,0x00,0x00,0x00,0x00,0x00,0x00,0x00,
  0x00,0x00,0x00,0x00,0x00,0x00,0x00,0x00,0x00,0x00,0x00,0x00,
  0x00,0x00,0x00,0x00,0x00,0x00,0x00,0x00,0x00,0x00,0x00,0x00,
  0x00,0x00,0x02,0x55,0x55,0x1D,0xC0,0x00,0x00,0x00,0x00,0x00,
  0x00,0x00,0x00,0x00,0x00,0x00,0x00,0x00,0x00,0x00,0x00,0x00,
  0x00,0x00,0x00,0x00,0x00,0x00,0x00,0x00,0x00,0x00,0x00,0x00,
  0x00,0x00,0x00,0x00,0x00,0x00,0x00,0x00,0x00,0x00,0x00,0x00,
  0x00,0x00,0x00,0x00,0x00,0x00,0x00,0x00,0x00,0x00,0x00,0x00,
  0x00,0x00,0x00,0x00,0x00,0x00,0x00,0x00,0x00,0x00,0x04,0xAA,
  0xAA,0x1F,0x80,0x00,0x00,0x00,0x00,0x00,0x00,0x00,0x00,0x00,
  0x00,0x00,0x00,0x00,0x00,0x00,0x00,0x00,0x00,0x00,0x00,0x00,
  0x00,0x00,0x00,0x00,0x00,0x00,0x00,0x00,0x00,0x00,0x00,0x00,
  0x00,0x00,0x00,0x00,0x00,0x00,0x00,0x00,0x00,0x00,0x00,0x00,
  0x00,0x00,0x00,0x00,0x00,0x00,0x00,0x00,0x00,0x00,0x00,0x00,
  0x00,0x00,0x00,0x00,0x00,0x00,0x0A,0x55,0x54,0x3B,0x80,0x00,
  0x00,0x00,0x00,0x00,0x00,0x00,0x00,0x00,0x00,0x00,0x00,0x00,
  0x00,0x00,0x00,0x00,0x00,0x00,0x00,0x00,0x00,0x00,0x00,0x00,
  0x00,0x00,0x00,0x00,0x00,0x00,0x00,0x00,0x00,0x00,0x00,0x00,
  0x00,0x00,0x00,0x00,0x00,0x00,0x00,0x00,0x00,0x00,0x00,0x00,
  0x00,0x00,0x00,0x00,0x00,0x00,0x00,0x00,0x00,0x00,0x00,0x00,
  0x00,0x00,0x11,0xAA,0xA8,0x7F,0x80,0x00,0x00,0x00,0x00,0x00,
  0x00,0x00,0x00,0x00,0x00,0x00,0x00,0x00,0x00,0x00,0x00,0x00,
  0x00,0x00,0x00,0x00,0x00,0x00,0x00,0x00,0x00,0x00,0x00,0x00,
  0x00,0x00,0x00,0x00,0x00,0x00,0x00,0x00,0x00,0x00,0x00,0x00,
  0x00,0x00,0x00,0x00,0x00,0x00,0x00,0x00,0x00,0x00,0x00,0x00,
  0x00,0x00,0x00,0x00,0x00,0x00,0x00,0x00,0x00,0x00,0x25,0x55,
  0x50,0x6E,0x80,0x00,0x00,0x00,0x00,0x00,0x00,0x00,0x00,0x00,
  0x00,0x00,0x00,0x00,0x00,0x00,0x00,0x00,0x00,0x00,0x00,0x00,
  0x00,0x00,0x00,0x00,0x00,0x00,0x00,0x00,0x00,0x00,0x00,0x00,
  0x00,0x00,0x00,0x00,0x00,0x00,0x00,0x00,0x00,0x00,0x00,0x00,
  0x00,0x00,0x00,0x00,0x00,0x00,0x00,0x00,0x00,0x00,0x00,0x00,
  0x00,0x00,0x00,0x00,0x00,0x00,0x2A,0xAA,0xA0,0xFF,0x00,0x00,
  0x00,0x00,0x00,0x00,0x00,0x00,0x00,0x00,0x00,0x00,0x00,0x00,
  0x00,0x00,0x00,0x00,0x00,0x00,0x00,0x00,0x00,0x00,0x00,0x00,
  0x00,0x00,0x00,0x00,0x00,0x00,0x00,0x00,0x00,0x00,0x00,0x00,
  0x00,0x00,0x00,0x00,0x00,0x00,0x00,0x00,0x00,0x00,0x00,0x00,
  0x00,0x00,0x00,0x00,0x00,0x00,0x00,0x00,0x00,0x00,0x00,0x00,
  0x00,0x00,0x45,0x55,0x41,0xF7,0x00,0x00,0x00,0x00,0x00,0x00,
  0x00,0x00,0x00,0x00,0x00,0x00,0x00,0x00,0x00,0x00,0x00,0x00,
  0x00,0x00,0x00,0x00,0x00,0x00,0x00,0x00,0x00,0x00,0x00,0x00,
  0x00,0x00,0x00,0x00,0x00,0x00,0x00,0x00,0x00,0x00,0x00,0x00,
  0x00,0x00,0x00,0x00,0x00,0x00,0x00,0x00,0x00,0x00,0x00,0x00,
  0x00,0x00,0x00,0x00,0x00,0x00,0x00,0x00,0x00,0x00,0x95,0x55,
  0x43,0xDF,0x00,0x00,0x00,0x00,0x00,0x00,0x00,0x00,0x00,0x00,
  0x00,0x00,0x00,0x00,0x00,0x00,0x00,0x00,0x00,0x00,0x00,0x00,
  0x00,0x00,0x00,0x00,0x00,0x00,0x00,0x00,0x00,0x00,0x00,0x00,
  0x00,0x00,0x00,0x00,0x00,0x00,0x00,0x00,0x00,0x00,0x00,0x00,
  0x00,0x00,0x00,0x00,0x00,0x00,0x00,0x00,0x00,0x00,0x00,0x00,
  0x00,0x00,0x00,0x00,0x00,0x01,0x55,0x55,0x07,0xFD,0x00,0x00,
  0x00,0x00,0x00,0x00,0x00,0x00,0x00,0x00,0x00,0x00,0x00,0x00,
  0x00,0x00,0x00,0x00,0x00,0x00,0x00,0x00,0x00,0x00,0x00,0x00,
  0x00,0x00,0x00,0x00,0x00,0x00,0x00,0x00,0x00,0x00,0x00,0x00,
  0x00,0x00,0x00,0x00,0x00,0x00,0x00,0x00,0x00,0x00,0x00,0x00,
  0x00,0x00,0x00,0x00,0x00,0x00,0x00,0x00,0x00,0x00,0x00,0x00,
  0x00,0x02,0x15,0x55,0x0E,0xEE,0x00,0x00,0x00,0x00,0x00,0x00,
  0x00,0x00,0x00,0x00,0x00,0x00,0x00,0x00,0x00,0x00,0x00,0x00,
  0x00,0x00,0x00,0x00,0x00,0x00,0x00,0x00,0x00,0x00,0x00,0x00,
  0x00,0x00,0x00,0x00,0x00,0x00,0x00,0x00,0x00,0x00,0x00,0x00,
  0x00,0x00,0x00,0x00,0x00,0x00,0x00,0x00,0x00,0x00,0x00,0x00,
  0x00,0x00,0x00,0x00,0x00,0x00,0x00,0x00,0x00,0x05,0x6A,0xAA,
  0x0F,0xBE,0x00,0x00,0x00,0x00,0x00,0x00,0x00,0x00,0x00,0x00,
  0x00,0x00,0x00,0x00,0x00,0x00,0x00,0x00,0x00,0x00,0x00,0x00,
  0x00,0x00,0x00,0x00,0x00,0x00,0x00,0x00,0x00,0x00,0x00,0x00,
  0x00,0x00,0x00,0x00,0x00,0x00,0x00,0x00,0x00,0x00,0x00,0x00,
  0x00,0x00,0x00,0x00,0x00,0x00,0x00,0x00,0x00,0x00,0x00,0x00,
  0x00,0x00,0x00,0x00,0x00,0x08,0xAA,0xAD,0x1D,0xFA,0x00,0x00,
  0x00,0x00,0x00,0x00,0x00,0x00,0x00,0x00,0x00,0x00,0x00,0x00,
  0x00,0x00,0x00,0x00,0x00,0x00,0x00,0x00,0x00,0x00,0x00,0x00,
  0x00,0x00,0x00,0x00,0x00,0x00,0x00,0x00,0x00,0x00,0x00,0x00,
  0x00,0x00,0x00,0x00,0x00,0x00,0x00,0x00,0x00,0x00,0x00,0x00,
  0x00,0x00,0x00,0x00,0x00,0x00,0x00,0x00,0x00,0x00,0x00,0x00,
  0x00,0x0A,0xAA,0xB4,0x3F,0xEE,0x00,0x00,0x00,0x00,0x00,0x00,
  0x00,0x00,0x00,0x00,0x00,0x00,0x00,0x00,0x00,0x00,0x00,0x00,
  0x00,0x00,0x00,0x00,0x00,0x00,0x00,0x00,0x00,0x00,0x00,0x00,
  0x00,0x00,0x00,0x00,0x00,0x00,0x00,0x00,0x00,0x00,0x00,0x00,
  0x00,0x00,0x00,0x00,0x00,0x00,0x00,0x00,0x00,0x00,0x00,0x00,
  0x00,0x00,0x00,0x00,0x00,0x00,0x00,0x00,0x00,0x11,0x55,0x48,
  0x3B,0x7C,0x00,0x00,0x00,0x00,0x00,0x00,0x00,0x00,0x00,0x00,
  0x00,0x00,0x00,0x00,0x00,0x00,0x00,0x00,0x00,0x00,0x00,0x00,
  0x00,0x00,0x00,0x00,0x00,0x00,0x00,0x00,0x00,0x00,0x00,0x00,
  0x00,0x00,0x00,0x00,0x00,0x00,0x00,0x00,0x00,0x00,0x00,0x00,
  0x00,0x00,0x00,0x00,0x00,0x00,0x00,0x00,0x00,0x00,0x00,0x00,
  0x00,0x00,0x00,0x00,0x00,0x2A,0xAA,0xB0,0x7F,0xFC,0x00,0x00,
  0x00,0x00,0x00,0x00,0x00,0x00,0x00,0x00,0x00,0x00,0x00,0x00,
  0x00,0x00,0x00,0x00,0x00,0x00,0x00,0x00,0x00,0x00,0x00,0x00,
  0x00,0x00,0x00,0x00,0x00,0x00,0x00,0x00,0x00,0x00,0x00,0x00,
  0x00,0x00,0x00,0x00,0x00,0x00,0x00,0x00,0x00,0x00,0x00,0x00,
  0x00,0x00,0x00,0x00,0x00,0x00,0x00,0x00,0x00,0x00,0x00,0x00,
  0x00,0x42,0xAB,0x50,0xEF,0xB4,0x00,0x00,0x00,0x00,0x00,0x00,
  0x00,0x00,0x00,0x00,0x00,0x00,0x00,0x00,0x00,0x00,0x00,0x00,
  0x00,0x00,0x00,0x00,0x00,0x00,0x00,0x00,0x00,0x00,0x00,0x00,
  0x00,0x00,0x00,0x00,0x00,0x00,0x00,0x00,0x00,0x00,0x00,0x00,
  0x00,0x00,0x00,0x00,0x00,0x00,0x00,0x00,0x00,0x00,0x00,0x00,
  0x00,0x00,0x00,0x00,0x00,0x00,0x00,0x00,0x00,0xAA,0xAA,0xA0,
  0xFD,0xFC,0x00,0x00,0x00,0x00,0x00,0x00,0x00,0x00,0x00,0x00,
  0x00,0x00,0x00,0x00,0x00,0x00,0x00,0x00,0x00,0x00,0x00,0x00,
  0x00,0x00,0x00,0x00,0x00,0x00,0x00,0x00,0x00,0x00,0x00,0x00,
  0x00,0x00,0x00,0x00,0x00,0x00,0x00,0x00,0x00,0x00,0x00,0x00,
  0x00,0x00,0x00,0x00,0x00,0x00,0x00,0x00,0x00,0x00,0x00,0x00,
  0x00,0x00,0x00,0x00,0x01,0x0A,0xAA,0x81,0xF7,0xD8,0x00,0x00,
  0x00,0x00,0x00,0x00,0x00,0x00,0x00,0x00,0x00,0x00,0x00,0x00,
  0x00,0x00,0x00,0x00,0x00,0x00,0x00,0x00,0x00,0x00,0x00,0x00,
  0x00,0x00,0x00,0x00,0x00,0x00,0x00,0x00,0x00,0x00,0x00,0x00,
  0x00,0x00,0x00,0x00,0x00,0x00,0x00,0x00,0x00,0x00,0x00,0x00,
  0x00,0x00,0x00,0x00,0x00,0x00,0x00,0x00,0x00,0x00,0x00,0x00,
  0x02,0xAA,0xAA,0xC3,0xBF,0x78,0x00,0x00,0x00,0x00,0x00,0x00,
  0x00,0x00,0x00,0x00,0x00,0x00,0x00,0x00,0x00,0x00,0x00,0x00,
  0x00,0x00,0x00,0x00,0x00,0x00,0x00,0x00,0x00,0x00,0x00,0x00,
  0x00,0x00,0x00,0x00,0x00,0x00,0x00,0x00,0x00,0x00,0x00,0x00,
  0x00,0x00,0x00,0x00,0x00,0x00,0x00,0x00,0x00,0x00,0x00,0x00,
  0x00,0x00,0x00,0x00,0x00,0x00,0x00,0x00,0x02,0x15,0x55,0x07,
  0xFD,0xF8,0x00,0x00,0x00,0x00,0x00,0x00,0x00,0x00,0x00,0x00,
  0x00,0x00,0x00,0x00,0x00,0x00,0x00,0x00,0x00,0x00,0x00,0x00,
  0x00,0x00,0x00,0x00,0x00,0x00,0x00,0x00,0x00,0x00,0x00,0x00,
  0x00,0x00,0x00,0x00,0x00,0x00,0x00,0x00,0x00,0x00,0x00,0x00,
  0x00,0x00,0x00,0x00,0x00,0x00,0x00,0x00,0x00,0x00,0x00,0x00,
  0x00,0x00,0x00,0x00,0x04,0xAA,0xAA,0x87,0x6F,0xF0,0x00,0x00,
  0x00,0x00,0x00,0x00,0x00,0x00,0x00,0x00,0x00,0x00,0x00,0x00,
  0x00,0x00,0x00,0x00,0x00,0x00,0x00,0x00,0x00,0x00,0x00,0x00,
  0x00,0x00,0x00,0x00,0x00,0x00,0x00,0x00,0x00,0x00,0x00,0x00,
  0x00,0x00,0x00,0x00,0x00,0x00,0x00,0x00,0x00,0x00,0x00,0x00,
  0x00,0x00,0x00,0x00,0x00,0x00,0x00,0x00,0x00,0x00,0x00,0x00,
  0x0A,0x56,0xD6,0x0F,0xFF,0xB0,0x00,0x00,0x00,0x00,0x00,0x00,
  0x00,0x00,0x00,0x00,0x00,0x00,0x00,0x00,0x00,0x00,0x00,0x00,
  0x00,0x00,0x00,0x00,0x00,0x00,0x00,0x00,0x00,0x00,0x00,0x00,
  0x00,0x00,0x00,0x00,0x00,0x00,0x00,0x00,0x00,0x00,0x00,0x00,
  0x00,0x00,0x00,0x00,0x00,0x00,0x00,0x00,0x00,0x00,0x00,0x00,
  0x00,0x00,0x00,0x00,0x00,0x00,0x00,0x00,0x11,0x5A,0xAA,0x1D,
  0xFB,0xF0,0x00,0x00,0x00,0x00,0x00,0x00,0x00,0x00,0x00,0x00,
  0x00,0x00,0x00,0x00,0x00,0x00,0x00,0x00,0x00,0x00,0x00,0x00,
  0x00,0x00,0x00,0x00,0x00,0x00,0x00,0x00,0x00,0x00,0x00,0x00,
  0x00,0x00,0x00,0x00,0x00,0x00,0x00,0x00,0x00,0x00,0x00,0x00,
  0x00,0x00,0x00,0x00,0x00,0x00,0x00,0x00,0x00,0x00,0x00,0x00,
  0x00,0x00,0x00,0x00,0x28,0xAA,0xA8,0x1F,0xBE,0xE0,0x00,0x00,
  0x00,0x00,0x00,0x00,0x00,0x00,0x00,0x00,0x00,0x00,0x00,0x00,
  0x00,0x00,0x00,0x00,0x00,0x00,0x00,0x00,0x00,0x00,0x00,0x00,
  0x00,0x00,0x00,0x00,0x00,0x00,0x00,0x00,0x00,0x00,0x00,0x00,
  0x00,0x00,0x00,0x00,0x00,0x00,0x00,0x00,0x00,0x00,0x00,0x00,
  0x00,0x00,0x00,0x00,0x00,0x00,0x00,0x00,0x00,0x00,0x00,0x00,
  0x45,0x55,0x54,0x3F,0xEF,0xF0,0x00,0x00,0x00,0x00,0x00,0x00,
  0x00,0x00,0x00,0x00,0x00,0x00,0x00,0x00,0x00,0x00,0x00,0x00,
  0x00,0x00,0x00,0x00,0x00,0x00,0x00,0x00,0x00,0x00,0x00,0x00,
  0x00,0x00,0x00,0x00,0x00,0x00,0x00,0x00,0x00,0x00,0x00,0x00,
  0x00,0x00,0x00,0x00,0x00,0x00,0x00,0x00,0x00,0x00,0x00,0x00,
  0x00,0x00,0x00,0x00,0x00,0x00,0x00,0x00,0x52,0xAA,0xA8,0x7B,
  0x7F,0x60,0x00,0x00,0x00,0x00,0x00,0x00,0x00,0x00,0x00,0x00,
  0x00,0x00,0x00,0x00,0x00,0x00,0x00,0x00,0x00,0x00,0x00,0x00,
  0x00,0x00,0x00,0x00,0x00,0x00,0x00,0x00,0x00,0x00,0x00,0x00,
  0x00,0x00,0x00,0x00,0x00,0x00,0x00,0x00,0x00,0x00,0x00,0x00,
  0x00,0x00,0x00,0x00,0x00,0x00,0x00,0x00,0x00,0x00,0x00,0x00,
  0x00,0x00,0x00,0x00,0x8A,0xD5,0x50,0xFF,0xFB,0xE0,0x00,0x00,
  0x00,0x00,0x00,0x00,0x00,0x00,0x00,0x00,0x00,0x00,0x00,0x00,
  0x00,0x00,0x00,0x00,0x00,0x00,0x00,0x00,0x00,0x00,0x00,0x00,
  0x00,0x00,0x00,0x00,0x00,0x00,0x00,0x00,0x00,0x00,0x00,0x00,
  0x00,0x00,0x00,0x00,0x00,0x00,0x00,0x00,0x00,0x00,0x00,0x00,
  0x00,0x00,0x00,0x00,0x00,0x00,0x00,0x00,0x00,0x00,0x00,0x01,
  0x4A,0xAA,0xA1,0xDD,0xEF,0xC0,0x00,0x00,0x00,0x00,0x00,0x00,
  0x00,0x00,0x00,0x00,0x00,0x00,0x00,0x00,0x00,0x00,0x00,0x00,
  0x00,0x00,0x00,0x00,0x00,0x00,0x00,0x00,0x00,0x00,0x00,0x00,
  0x00,0x00,0x00,0x00,0x00,0x00,0x00,0x00,0x00,0x00,0x00,0x00,
  0x00,0x00,0x00,0x00,0x00,0x00,0x00,0x00,0x00,0x00,0x00,0x00,
  0x00,0x00,0x00,0x00,0x00,0x00,0x00,0x02,0x2A,0xAA,0x81,0xFF,
  0xBE,0xC0,0x00,0x00,0x00,0x00,0x00,0x00,0x00,0x00,0x00,0x00,
  0x00,0x00,0x00,0x00,0x00,0x00,0x00,0x00,0x00,0x00,0x00,0x00,
  0x00,0x00,0x00,0x00,0x00,0x00,0x00,0x00,0x00,0x00,0x00,0x00,
  0x00,0x00,0x00,0x00,0x00,0x00,0x00,0x00,0x00,0x00,0x00,0x00,
  0x00,0x00,0x00,0x00,0x00,0x00,0x00,0x00,0x00,0x00,0x00,0x00,
  0x00,0x00,0x00,0x05,0x15,0x55,0x43,0xB7,0xFF,0xC0,0x00,0x00,
  0x00,0x00,0x00,0x00,0x00,0x00,0x00,0x00,0x00,0x00,0x00,0x00,
  0x00,0x00,0x00,0x00,0x00,0x00,0x00,0x00,0x00,0x00,0x00,0x00,
  0x00,0x00,0x00,0x00,0x00,0x00,0x00,0x00,0x00,0x00,0x00,0x00,
  0x00,0x00,0x00,0x00,0x00,0x00,0x00,0x00,0x00,0x00,0x00,0x00,
  0x00,0x00,0x00,0x00,0x00,0x00,0x00,0x00,0x00,0x00,0x00,0x0C,
  0xAA,0xAB,0x07,0xFE,0xF7,0xC0,0x00,0x00,0x00,0x00,0x00,0x00,
  0x00,0x00,0x00,0x00,0x00,0x00,0x00,0x00,0x00,0x00,0x00,0x00,
  0x00,0x00,0x00,0x00,0x00,0x00,0x00,0x00,0x00,0x00,0x00,0x00,
  0x00,0x00,0x00,0x00,0x00,0x00,0x00,0x00,0x00,0x00,0x00,0x00,
  0x00,0x00,0x00,0x00,0x00,0x00,0x00,0x00,0x00,0x00,0x00,0x00,
  0x00,0x00,0x00,0x00,0x00,0x00,0x00,0x10,0x55,0xB5,0x0F,0x7F,
  0xDE,0x80,0x00,0x00,0x00,0x00,0x00,0x00,0x00,0x00,0x00,0x00,
  0x00,0x00,0x00,0x00,0x00,0x00,0x00,0x00,0x00,0x00,0x00,0x00,
  0x00,0x00,0x00,0x00,0x00,0x00,0x00,0x00,0x00,0x00,0x00,0x00,
  0x00,0x00,0x00,0x00,0x00,0x00,0x00,0x00,0x00,0x00,0x00,0x00,
  0x00,0x00,0x00,0x00,0x00,0x00,0x00,0x00,0x00,0x00,0x00,0x00,
  0x00,0x00,0x00,0x15,0x56,0xAA,0x0D,0xF7,0xFF,0xC0,0x00,0x00,
  0x00,0x00,0x00,0x00,0x00,0x00,0x00,0x00,0x00,0x00,0x00,0x00,
  0x00,0x00,0x00,0x00,0x00,0x00,0x00,0x00,0x00,0x00,0x00,0x00,
  0x00,0x00,0x00,0x00,0x00,0x00,0x00,0x00,0x00,0x00,0x00,0x00,
  0x00,0x00,0x00,0x00,0x00,0x00,0x00,0x00,0x00,0x00,0x00,0x00,
  0x00,0x00,0x00,0x00,0x00,0x00,0x00,0x00,0x00,0x00,0x00,0x20,
  0xAA,0xA8,0x1F,0xFE,0xFB,0x80,0x00,0x00,0x00,0x00,0x00,0x00,
  0x00,0x00,0x00,0x00,0x00,0x00,0x00,0x00,0x00,0x00,0x00,0x00,
  0x00,0x00,0x00,0x00,0x00,0x00,0x00,0x00,0x00,0x00,0x00,0x00,
  0x00,0x00,0x00,0x00,0x00,0x00,0x00,0x00,0x00,0x00,0x00,0x00,
  0x00,0x00,0x00,0x00,0x00,0x00,0x00,0x00,0x00,0x00,0x00,0x00,
  0x00,0x00,0x00,0x00,0x00,0x00,0x00,0x55,0x55,0x54,0x3F,0xDF,
  0xDF,0x80,0x00,0x00,0x00,0x00,0x00,0x00,0x00,0x00,0x00,0x00,
  0x00,0x00,0x00,0x00,0x00,0x00,0x00,0x00,0x00,0x00,0x00,0x00,
  0x00,0x00,0x00,0x00,0x00,0x00,0x00,0x00,0x00,0x00,0x00,0x00,
  0x00,0x00,0x00,0x00,0x00,0x00,0x00,0x00,0x00,0x00,0x00,0x00,
  0x00,0x00,0x00,0x00,0x00,0x00,0x00,0x00,0x00,0x00,0x00,0x00,
  0x00,0x00,0x00,0x83,0x6A,0xA8,0x7B,0x7B,0xFD,0x00,0x00,0x00,
  0x00,0x00,0x00,0x00,0x00,0x00,0x00,0x00,0x00,0x00,0x00,0x00,
  0x00,0x00,0x00,0x00,0x00,0x00,0x00,0x00,0x00,0x00,0x00,0x00,
  0x00,0x00,0x00,0x00,0x00,0x00,0x00,0x00,0x00,0x00,0x00,0x00,
  0x00,0x00,0x00,0x00,0x00,0x00,0x00,0x00,0x00,0x00,0x00,0x00,
  0x00,0x00,0x00,0x00,0x00,0x00,0x00,0x00,0x00,0x00,0x01,0xAA,
  0xAA,0xB0,0x7F,0xFF,0x77,0x80,0x00,0x00,0x00,0x00,0x00,0x00,
  0x00,0x00,0x00,0x00,0x00,0x00,0x00,0x00,0x00,0x00,0x00,0x00,
  0x00,0x00,0x00,0x00,0x00,0x00,0x00,0x00,0x00,0x00,0x00,0x00,
  0x00,0x00,0x00,0x00,0x00,0x00,0x00,0x00,0x00,0x00,0x00,0x00,
  0x00,0x00,0x00,0x00,0x00,0x00,0x00,0x00,0x00,0x00,0x00,0x00,
  0x00,0x00,0x00,0x00,0x00,0x00,0x03,0x15,0x55,0x40,0xEF,0xEF,
  0xFF,0x00,0x00,0x00,0x00,0x00,0x00,0x00,0x00,0x00,0x00,0x00,
  0x00,0x00,0x00,0x00,0x00,0x00,0x00,0x00,0x00,0x00,0x00,0x00,
  0x00,0x00,0x00,0x00,0x00,0x00,0x00,0x00,0x00,0x00,0x00,0x00,
  0x00,0x00,0x00,0x00,0x00,0x00,0x00,0x00,0x00,0x00,0x00,0x00,
  0x00,0x00,0x00,0x00,0x00,0x00,0x00,0x00,0x00,0x00,0x00,0x00,
  0x00,0x00,0x06,0x4A,0xAB,0x41,0xFD,0xBD,0xDF,0x00,0x00,0x00,
  0x00,0x00,0x00,0x00,0x00,0x00,0x00,0x00,0x00,0x00,0x00,0x00,
  0x00,0x00,0x00,0x00,0x00,0x00,0x00,0x00,0x00,0x00,0x00,0x00,
  0x00,0x00,0x00,0x00,0x00,0x00,0x00,0x00,0x00,0x00,0x00,0x00,
  0x00,0x00,0x00,0x00,0x00,0x00,0x00,0x00,0x00,0x00,0x00,0x00,
  0x00,0x00,0x00,0x00,0x00,0x00,0x00,0x00,0x00,0x00,0x04,0x2A,
  0xAD,0x43,0xF7,0xFF,0xFA,0x00,0x00,0x00,0x00,0x00,0x00,0x00,
  0x00,0x00,0x00,0x00,0x00,0x00,0x00,0x00,0x00,0x00,0x00,0x00,
  0x00,0x00,0x00,0x00,0x00,0x00,0x00,0x00,0x00,0x00,0x00,0x00,
  0x00,0x00,0x00,0x00,0x00,0x00,0x00,0x00,0x00,0x00,0x00,0x00,
  0x00,0x00,0x00,0x00,0x00,0x00,0x00,0x00,0x00,0x00,0x00,0x00,
  0x00,0x00,0x00,0x00,0x00,0x00,0x09,0x55,0x55,0x07,0x7F,0xF7,
  0x7F,0x00,0x00,0x00,0x00,0x00,0x00,0x00,0x00,0x00,0x00,0x00,
  0x00,0x00,0x00,0x00,0x00,0x00,0x00,0x00,0x00,0x00,0x00,0x00,
  0x00,0x00,0x00,0x00,0x00,0x00,0x00,0x00,0x00,0x00,0x00,0x00,
  0x00,0x00,0x00,0x00,0x00,0x00,0x00,0x00,0x00,0x00,0x00,0x00,
  0x00,0x00,0x00,0x00,0x00,0x00,0x00,0x00,0x00,0x00,0x00,0x00,
  0x00,0x00,0x12,0x2A,0xD5,0x07,0xDE,0xDF,0xEE,0x00,0x00,0x00,
  0x00,0x00,0x00,0x00,0x00,0x00,0x00,0x00,0x00,0x00,0x00,0x00,
  0x00,0x00,0x00,0x00,0x00,0x00,0x00,0x00,0x00,0x00,0x00,0x00,
  0x00,0x00,0x00,0x00,0x00,0x00,0x00,0x00,0x00,0x00,0x00,0x00,
  0x00,0x00,0x00,0x00,0x00,0x00,0x00,0x00,0x00,0x00,0x00,0x00,
  0x00,0x00,0x00,0x00,0x00,0x00,0x00,0x00,0x00,0x00,0x34,0xD5,
  0x54,0x0E,0xFB,0xFE,0xFE,0x00,0x00,0x00,0x00,0x00,0x00,0x00,
  0x00,0x00,0x00,0x00,0x00,0x00,0x00,0x00,0x00,0x00,0x00,0x00,
  0x00,0x00,0x00,0x00,0x00,0x00,0x00,0x00,0x00,0x00,0x00,0x00,
  0x00,0x00,0x00,0x00,0x00,0x00,0x00,0x00,0x00,0x00,0x00,0x00,
  0x00,0x00,0x00,0x00,0x00,0x00,0x00,0x00,0x00,0x00,0x00,0x00,
  0x00,0x00,0x00,0x00,0x00,0x00,0x61,0x56,0xAA,0x1F,0xFF,0xFB,
  0xFC,0x00,0x00,0x00,0x00,0x00,0x00,0x00,0x00,0x00,0x00,0x00,
  0x00,0x00,0x00,0x00,0x00,0x00,0x00,0x00,0x00,0x00,0x00,0x00,
  0x00,0x00,0x00,0x00,0x00,0x00,0x00,0x00,0x00,0x00,0x00,0x00,
  0x00,0x00,0x00,0x00,0x00,0x00,0x00,0x00,0x00,0x00,0x00,0x00,
  0x00,0x00,0x00,0x00,0x00,0x00,0x00,0x00,0x00,0x00,0x00,0x00,
  0x00,0x00,0xCA,0xAA,0xA8,0x3B,0xB7,0x6F,0xD4,0x00,0x00,0x00,
  0x00,0x00,0x00,0x00,0x00,0x00,0x00,0x00,0x00,0x00,0x00,0x00,
  0x00,0x00,0x00,0x00,0x00,0x00,0x00,0x00,0x00,0x00,0x00,0x00,
  0x00,0x00,0x00,0x00,0x00,0x00,0x00,0x00,0x00,0x00,0x00,0x00,
  0x00,0x00,0x00,0x00,0x00,0x00,0x00,0x00,0x00,0x00,0x00,0x00,
  0x00,0x00,0x00,0x00,0x00,0x00,0x00,0x00,0x00,0x01,0x82,0xAA,
  0xB0,0x7F,0xFF,0xFF,0x7C,0x00,0x00,0x00,0x00,0x00,0x00,0x00,
  0x00,0x00,0x00,0x00,0x00,0x00,0x00,0x00,0x00,0x00,0x00,0x00,
  0x00,0x00,0x00,0x00,0x00,0x00,0x00,0x00,0x00,0x00,0x00,0x00,
  0x00,0x00,0x00,0x00,0x00,0x00,0x00,0x00,0x00,0x00,0x00,0x00,
  0x00,0x00,0x00,0x00,0x00,0x00,0x00,0x00,0x00,0x00,0x00,0x00,
  0x00,0x00,0x00,0x00,0x00,0x01,0x2A,0xAA,0xD0,0x6E,0xEF,0xBD,
  0xFC,0x00,0x00,0x00,0x00,0x00,0x00,0x00,0x00,0x00,0x00,0x00,
  0x00,0x00,0x00,0x00,0x00,0x00,0x00,0x00,0x00,0x00,0x00,0x00,
  0x00,0x00,0x00,0x00,0x00,0x00,0x00,0x00,0x00,0x00,0x00,0x00,
  0x00,0x00,0x00,0x00,0x00,0x00,0x00,0x00,0x00,0x00,0x00,0x00,
  0x00,0x00,0x00,0x00,0x00,0x00,0x00,0x00,0x00,0x00,0x00,0x00,
  0x00,0x02,0x25,0x55,0x40,0xFF,0xFD,0xFF,0xF8,0x00,0x00,0x00,
  0x00,0x00,0x00,0x00,0x00,0x00,0x00,0x00,0x00,0x00,0x00,0x00,
  0x00,0x00,0x00,0x00,0x00,0x00,0x00,0x00,0x00,0x00,0x00,0x00,
  0x00,0x00,0x00,0x00,0x00,0x00,0x00,0x00,0x00,0x00,0x00,0x00,
  0x00,0x00,0x00,0x00,0x00,0x00,0x00,0x00,0x00,0x00,0x00,0x00,
  0x00,0x00,0x00,0x00,0x00,0x00,0x00,0x00,0x00,0x06,0x95,0x6A,
  0xA1,0xF7,0x7F,0xEF,0xB8,0x00,0x00,0x00,0x00,0x00,0x00,0x00,
  0x00,0x00,0x00,0x00,0x00,0x00,0x00,0x00,0x00,0x00,0x00,0x00,
  0x00,0x00,0x00,0x00,0x00,0x00,0x00,0x00,0x00,0x00,0x00,0x00,
  0x00,0x00,0x00,0x00,0x00,0x00,0x00,0x00,0x00,0x00,0x00,0x00,
  0x00,0x00,0x00,0x00,0x00,0x00,0x00,0x00,0x00,0x00,0x00,0x00,
  0x00,0x00,0x00,0x00,0x00,0x0C,0x4A,0xAD,0x43,0xDF,0xEE,0xFD,
  0xF8,0x00,0x00,0x00,0x00,0x00,0x00,0x00,0x00,0x00,0x00,0x00,
  0x00,0x00,0x00,0x00,0x00,0x00,0x00,0x00,0x00,0x00,0x00,0x00,
  0x00,0x00,0x00,0x00,0x00,0x00,0x00,0x00,0x00,0x00,0x00,0x00,
  0x00,0x00,0x00,0x00,0x00,0x00,0x00,0x00,0x00,0x00,0x00,0x00,
  0x00,0x00,0x00,0x00,0x00,0x00,0x00,0x00,0x00,0x00,0x00,0x00,
  0x00,0x19,0x2D,0x55,0x03,0xFD,0xBF,0xDF,0xE8,0x00,0x00,0x00,
  0x00,0x00,0x00,0x00,0x00,0x00,0x00,0x00,0x00,0x00,0x00,0x00,
  0x00,0x00,0x00,0x00,0x00,0x00,0x00,0x00,0x00,0x00,0x00,0x00,
  0x00,0x00,0x00,0x00,0x00,0x00,0x00,0x00,0x00,0x00,0x00,0x00,
  0x00,0x00,0x00,0x00,0x00,0x00,0x00,0x00,0x00,0x00,0x00,0x00,
  0x00,0x00,0x00,0x00,0x00,0x00,0x00,0x00,0x00,0x30,0xAA,0xAA,
  0x87,0x7F,0xFB,0xFE,0xF0,0x00,0x00,0x00,0x00,0x00,0x00,0x00,
  0x00,0x00,0x00,0x00,0x00,0x00,0x00,0x00,0x00,0x00,0x00,0x00,
  0x00,0x00,0x00,0x00,0x00,0x00,0x00,0x00,0x00,0x00,0x00,0x00,
  0x00,0x00,0x00,0x00,0x00,0x00,0x00,0x00,0x00,0x00,0x00,0x00,
  0x00,0x00,0x00,0x00,0x00,0x00,0x00,0x00,0x00,0x00,0x00,0x00,
  0x00,0x00,0x00,0x00,0x00,0x65,0x2A,0xD5,0x0F,0xEE,0xFF,0x77,
  0xD0,0x00,0x00,0x00,0x00,0x00,0x00,0x00,0x00,0x00,0x00,0x00,
  0x00,0x00,0x00,0x00,0x00,0x00,0x00,0x00,0x00,0x00,0x00,0x00,
  0x00,0x00,0x00,0x00,0x00,0x00,0x00,0x00,0x00,0x00,0x00,0x00,
  0x00,0x00,0x00,0x00,0x00,0x00,0x00,0x00,0x00,0x00,0x00,0x00,
  0x00,0x00,0x00,0x00,0x00,0x54,0x00,0x00,0x00,0x00,0x00,0x00,
  0x00,0x42,0xAB,0x54,0x1F,0xBF,0xEF,0xFF,0xF0,0x00,0x00,0x00,
  0x00,0x00,0x00,0x00,0x00,0x00,0x00,0x00,0x00,0x00,0x00,0x00,
  0x00,0x00,0x00,0x00,0x00,0x00,0x00,0x00,0x00,0x00,0x00,0x00,
  0x00,0x00,0x00,0x00,0x00,0x00,0x00,0x00,0x00,0x00,0x00,0x00,
  0x00,0x00,0x00,0x00,0x00,0x00,0x00,0x00,0x00,0x00,0x00,0x00,
  0x03,0x5E,0x00,0x00,0x00,0x00,0x00,0x00,0x00,0x88,0xAC,0xA8,
  0x1B,0xFB,0xBD,0xDD,0xB0,0x00,0x00,0x00,0x00,0x00,0x00,0x00,
  0x00,0x00,0x00,0x00,0x00,0x00,0x00,0x00,0x00,0x00,0x00,0x00,
  0x00,0x00,0x00,0x00,0x00,0x00,0x00,0x00,0x00,0x00,0x00,0x00,
  0x00,0x00,0x00,0x00,0x00,0x00,0x00,0x00,0x00,0x00,0x00,0x00,
  0x00,0x00,0x00,0x00,0x00,0x00,0x00,0x00,0x05,0x58,0x00,0x00,
  0x00,0x00,0x00,0x00,0x01,0x95,0x55,0x54,0x3E,0xFF,0xFF,0xFF,
  0xE0,0x00,0x00,0x00,0x00,0x00,0x00,0x00,0x00,0x00,0x00,0x00,
  0x00,0x00,0x00,0x00,0x00,0x00,0x00,0x00,0x00,0x00,0x00,0x00,
  0x00,0x00,0x00,0x00,0x00,0x00,0x00,0x00,0x00,0x00,0x00,0x00,
  0x00,0x00,0x00,0x00,0x00,0x00,0x00,0x00,0x00,0x00,0x00,0x00,
  0x00,0x00,0x00,0x00,0x0A,0xB8,0x00,0x00,0x00,0x00,0x00,0x00,
  0x03,0x22,0xD6,0xA8,0x7F,0xDD,0xF7,0xBB,0xE0,0x00,0x00,0x00,
  0x00,0x00,0x00,0x00,0x00,0x00,0x00,0x00,0x00,0x00,0x00,0x00,
  0x00,0x00,0x00,0x00,0x00,0x00,0x00,0x00,0x00,0x00,0x00,0x00,
  0x00,0x00,0x00,0x00,0x00,0x00,0x00,0x00,0x00,0x00,0x00,0x00,
  0x00,0x00,0x00,0x00,0x00,0x00,0x00,0x00,0x00,0x00,0x00,0x00,
  0x15,0x58,0x00,0x00,0x00,0x00,0x00,0x00,0x06,0x15,0x5A,0xA0,
  0xF7,0xF7,0xBE,0xFF,0x60,0x00,0x00,0x00,0x00,0x00,0x00,0x00,
  0x00,0x00,0x00,0x00,0x00,0x00,0x00,0x00,0x00,0x00,0x00,0x00,
  0x00,0x00,0x00,0x00,0x00,0x00,0x00,0x00,0x00,0x00,0x00,0x00,
  0x00,0x00,0x00,0x00,0x00,0x00,0x00,0x00,0x00,0x00,0x00,0x00,
  0x00,0x00,0x00,0x00,0x00,0x00,0x00,0x00,0x0A,0xF0,0x00,0x00,
  0x00,0x00,0x00,0x00,0x0C,0xA6,0xAA,0xC1,0xDE,0xFF,0xFF,0xFD,
  0xC0,0x00,0x00,0x00,0x00,0x00,0x00,0x00,0x00,0x00,0x00,0x00,
  0x00,0x00,0x00,0x00,0x00,0x00,0x00,0x00,0x00,0x00,0x00,0x00,
  0x00,0x00,0x00,0x00,0x00,0x00,0x00,0x00,0x00,0x00,0x00,0x00,
  0x00,0x00,0x00,0x00,0x00,0x00,0x00,0x00,0x00,0x00,0x00,0x00,
  0x00,0x00,0x00,0x00,0x55,0x70,0x00,0x00,0x00,0x00,0x00,0x00,
  0x18,0x4A,0xD5,0x41,0xFF,0xBE,0xEF,0xDF,0xA0,0x00,0x00,0x00,
  0x00,0x00,0x00,0x00,0x00,0x00,0x00,0x00,0x00,0x00,0x00,0x00,
  0x00,0x00,0x00,0x00,0x00,0x00,0x00,0x00,0x00,0x00,0x00,0x00,
  0x00,0x00,0x00,0x00,0x00,0x00,0x00,0x00,0x00,0x00,0x00,0x00,
  0x00,0x00,0x00,0x00,0x00,0x00,0x00,0x00,0x00,0x00,0x00,0x00,
  0x55,0xE0,0x00,0x00,0x00,0x00,0x00,0x00,0x11,0x2A,0xAA,0x83,
  0x76,0xF7,0xFD,0xF7,0x00,0x00,0x00,0x00,0x00,0x00,0x00,0x00,
  0x00,0x00,0x00,0x00,0x00,0x00,0x00,0x00,0x00,0x00,0x00,0x00,
  0x00,0x00,0x00,0x00,0x00,0x00,0x00,0x00,0x00,0x00,0x00,0x00,
  0x00,0x00,0x00,0x00,0x00,0x00,0x00,0x00,0x00,0x00,0x00,0x00,
  0x00,0x00,0x00,0x00,0x00,0x00,0x00,0x00,0xAB,0xE0,0x00,0x00,
  0x00,0x00,0x00,0x00,0x32,0xAD,0x55,0x07,0xFF,0xFF,0xBF,0x7E,
  0x40,0x00,0x00,0x00,0x00,0x00,0x00,0x00,0x00,0x00,0x00,0x00,
  0x00,0x00,0x00,0x00,0x00,0x00,0x00,0x00,0x00,0x00,0x00,0x00,
  0x00,0x00,0x00,0x00,0x00,0x00,0x00,0x00,0x00,0x00,0x00,0x00,
  0x00,0x00,0x00,0x00,0x00,0x00,0x00,0x00,0x00,0x00,0x00,0x00,
  0x00,0x00,0x00,0x01,0x57,0xC0,0x00,0x00,0x00,0x00,0x00,0x00,
  0x64,0x55,0x5A,0x0F,0xBB,0xDD,0xF7,0xFC,0x40,0x00,0x00,0x00,
  0x00,0x00,0x00,0x00,0x00,0x00,0x00,0x00,0x00,0x00,0x00,0x00,
  0x00,0x00,0x00,0x00,0x00,0x00,0x00,0x00,0x00,0x00,0x00,0x00,
  0x00,0x00,0x00,0x00,0x00,0x00,0x00,0x00,0x00,0x00,0x00,0x00,
  0x00,0x00,0x00,0x00,0x00,0x00,0x00,0x00,0x00,0x00,0x00,0x02,
  0xAB,0xC0,0x00,0x00,0x00,0x00,0x00,0x00,0xC2,0xAA,0xD4,0x1D,
  0xFF,0x7F,0xFF,0xDC,0x00,0x00,0x00,0x00,0x00,0x00,0x00,0x00,
  0x00,0x00,0x00,0x00,0x00,0x00,0x00,0x00,0x00,0x00,0x00,0x00,
  0x00,0x00,0x00,0x00,0x00,0x00,0x00,0x00,0x00,0x00,0x00,0x00,
  0x00,0x00,0x00,0x00,0x00,0x00,0x00,0x00,0x00,0x00,0x00,0x00,
  0x00,0x00,0x00,0x00,0x00,0x00,0x00,0x05,0x57,0x00,0x00,0x00,
  0x00,0x00,0x00,0x01,0x15,0x56,0xA8,0x1F,0xDD,0xF7,0x7D,0xF8,
  0x80,0x00,0x00,0x00,0x00,0x00,0x00,0x00,0x00,0x00,0x00,0x00,
  0x00,0x00,0x00,0x00,0x00,0x00,0x00,0x00,0x00,0x00,0x00,0x00,
  0x00,0x00,0x00,0x00,0x00,0x00,0x00,0x00,0x00,0x00,0x00,0x00,
  0x00,0x00,0x00,0x00,0x00,0x00,0x00,0x00,0x00,0x00,0x00,0x00,
  0x00,0x00,0x00,0x09,0x5F,0x80,0x00,0x00,0x00,0x00,0x00,0x07,
  0x0A,0xDA,0xA8,0x3B,0x7F,0xFF,0xEF,0xB0,0x80,0x00,0x00,0x00,
  0x00,0x00,0x00,0x00,0x00,0x00,0x00,0x00,0x00,0x00,0x00,0x00,
  0x00,0x00,0x00,0x00,0x00,0x00,0x00,0x00,0x00,0x00,0x00,0x00,
  0x00,0x00,0x00,0x00,0x00,0x00,0x00,0x00,0x00,0x00,0x00,0x00,
  0x00,0x00,0x00,0x00,0x00,0x00,0x00,0x00,0x00,0x00,0x00,0x15,
  0x5F,0x00,0x00,0x00,0x00,0x00,0x00,0x0C,0x55,0x55,0x50,0x7F,
  0xF7,0xBD,0xFE,0xE1,0x80,0x00,0x00,0x00,0x00,0x00,0x00,0x00,
  0x00,0x00,0x00,0x00,0x00,0x00,0x00,0x00,0x00,0x00,0x00,0x00,
  0x00,0x00,0x00,0x00,0x00,0x00,0x00,0x00,0x00,0x00,0x00,0x00,
  0x00,0x00,0x00,0x00,0x00,0x00,0x00,0x00,0x00,0x00,0x00,0x00,
  0x00,0x00,0x00,0x00,0x00,0x00,0x00,0x2A,0xBD,0x00,0x00,0x00,
  0x00,0x00,0x00,0x30,0x56,0xAA,0xA0,0xF7,0xFE,0xF7,0xBB,0xE3,
  0x00,0x00,0x00,0x00,0x00,0x00,0x00,0x00,0x00,0x00,0x00,0x00,
  0x00,0x00,0x00,0x00,0x00,0x00,0x00,0x00,0x00,0x00,0x00,0x00,
  0x00,0x00,0x00,0x00,0x00,0x00,0x00,0x00,0x00,0x00,0x00,0x00,
  0x00,0x00,0x00,0x00,0x00,0x00,0x00,0x00,0x00,0x00,0x00,0x00,
  0x00,0x00,0x00,0x4A,0xFE,0x00,0x00,0x00,0x00,0x00,0x00,0x42,
  0xAA,0xD6,0xC1,0xFE,0xDF,0xFF,0xFF,0x87,0x00,0x00,0x00,0x00,
  0x00,0x00,0x00,0x00,0x00,0x00,0x00,0x00,0x00,0x00,0x00,0x00,
  0x00,0x00,0x00,0x00,0x00,0x00,0x00,0x00,0x00,0x00,0x00,0x00,
  0x00,0x00,0x00,0x00,0x00,0x00,0x00,0x00,0x00,0x00,0x00,0x00,
  0x00,0x00,0x00,0x00,0x00,0x00,0x00,0x00,0x00,0x00,0x00,0x2A,
  0xF6,0x00,0x00,0x00,0x00,0x00,0x01,0x85,0x55,0x5A,0x83,0xBF,
  0xFB,0xFF,0xEF,0x8F,0x00,0x00,0x00,0x00,0x00,0x00,0x00,0x00,
  0x00,0x00,0x00,0x00,0x00,0x00,0x00,0x00,0x00,0x00,0x00,0x00,
  0x00,0x00,0x00,0x00,0x00,0x00,0x00,0x00,0x00,0x00,0x00,0x00,
  0x00,0x00,0x00,0x00,0x00,0x00,0x00,0x00,0x00,0x00,0x00,0x00,
  0x00,0x00,0x00,0x00,0x00,0x00,0x01,0xAD,0xDC,0x00,0x00,0x00,
  0x00,0x00,0x04,0x15,0x6A,0xAA,0x83,0xF7,0xEF,0xB6,0xFE,0x1E,
  0x00,0x00,0x00,0x00,0x00,0x00,0x00,0x00,0x00,0x00,0x00,0x00,
  0x00,0x00,0x00,0x00,0x00,0x00,0x00,0x00,0x00,0x00,0x00,0x00,
  0x00,0x00,0x00,0x00,0x00,0x00,0x00,0x00,0x00,0x00,0x00,0x00,
  0x00,0x00,0x00,0x00,0x00,0x00,0x00,0x00,0x00,0x00,0x00,0x00,
  0x00,0x00,0x00,0x53,0xFC,0x00,0x00,0x00,0x00,0x00,0x14,0x2A,
  0xAD,0xAB,0x07,0xDE,0xFE,0xFF,0xDE,0x1E,0x00,0x00,0x00,0x00,
  0x00,0x00,0x00,0x00,0x00,0x00,0x00,0x00,0x00,0x00,0x00,0x00,
  0x00,0x00,0x00,0x00,0x00,0x00,0x00,0x00,0x00,0x00,0x00,0x00,
  0x00,0x00,0x00,0x00,0x00,0x00,0x00,0x00,0x00,0x00,0x00,0x00,
  0x00,0x00,0x00,0x00,0x00,0x00,0x00,0x00,0x00,0x00,0x02,0xAF,
  0xF8,0x00,0x00,0x00,0x00,0x00,0xE0,0x55,0x55,0x54,0x0F,0x7F,
  0xBF,0xFF,0x7C,0x7E,0x00,0x00,0x00,0x00,0x00,0x00,0x00,0x00,
  0x00,0x00,0x00,0x00,0x00,0x00,0x00,0x00,0x00,0x00,0x00,0x00,
  0x00,0x00,0x00,0x00,0x00,0x00,0x00,0x00,0x00,0x00,0x00,0x00,
  0x00,0x00,0x40,0x00,0x00,0x00,0x00,0x00,0x00,0x00,0x00,0x00,
  0x00,0x00,0x00,0x00,0x00,0x00,0x05,0x56,0xD8,0x00,0x00,0x00,
  0x00,0x07,0x41,0x55,0x6A,0xB4,0x1F,0xFB,0xF7,0xED,0xF8,0x7C,
  0x00,0x00,0x00,0x00,0x00,0x00,0x00,0x00,0x00,0x00,0x00,0x00,
  0x00,0x00,0x00,0x00,0x00,0x00,0x00,0x00,0x00,0x00,0x00,0x00,
  0x00,0x00,0x00,0x00,0x00,0x00,0x00,0x00,0x00,0x00,0xA0,0x00,
  0x00,0x00,0x00,0x00,0x00,0x00,0x00,0x00,0x00,0x00,0x00,0x00,
  0x00,0x00,0x0A,0xAF,0xF0,0x00,0x00,0x00,0x00,0x5D,0x01,0x55,
  0xAB,0x54,0x3B,0xEF,0xFE,0xFF,0xF8,0xFC,0x00,0x00,0x00,0x00,
  0x00,0x00,0x00,0x00,0x00,0x00,0x00,0x00,0x00,0x00,0x00,0x00,
  0x00,0x00,0x00,0x00,0x00,0x00,0x00,0x00,0x00,0x00,0x00,0x00,
  0x00,0x00,0x00,0x00,0x00,0x01,0x40,0x00,0x00,0x00,0x00,0x00,
  0x00,0x00,0x00,0x00,0x00,0x00,0x00,0x00,0x00,0x00,0x12,0xBF,
  0xF0,0x00,0x00,0x00,0x03,0xF6,0x05,0x55,0x55,0x50,0x3F,0x7F,
  0x7F,0xDF,0xD1,0xFC,0x00,0x00,0x00,0x00,0x00,0x00,0x00,0x00,
  0x00,0x00,0x00,0x00,0x00,0x00,0x00,0x00,0x20,0x00,0x00,0x00,
  0x00,0x00,0x00,0x00,0x00,0x00,0x00,0x00,0x00,0x00,0x00,0x00,
  0x00,0x01,0x40,0x00,0x00,0x00,0x00,0x00,0x00,0x00,0x00,0x00,
  0x00,0x00,0x00,0x00,0x00,0x00,0x2A,0xBD,0xA0,0x00,0x00,0x00,
  0x2E,0xB8,0x0A,0xAA,0xAA,0xD0,0x7D,0xFD,0xED,0xFD,0xE3,0xFC,
  0x00,0x00,0x00,0x00,0x00,0x00,0x00,0x00,0x00,0x00,0x00,0x00,
  0x00,0x00,0x00,0x00,0x60,0x00,0x00,0x00,0x00,0x00,0x00,0x00,
  0x00,0x00,0x00,0x00,0x00,0x00,0x00,0x00,0x00,0x04,0x80,0x00,
  0x00,0x00,0x00,0x00,0x00,0x00,0x00,0x00,0x00,0x00,0x00,0x00,
  0x00,0x00,0x4A,0xF7,0xE0,0x00,0x00,0x01,0xF7,0xD0,0x2A,0xAA,
  0xAD,0x50,0xEF,0xEF,0xFF,0xF7,0xC3,0xE8,0x00,0x00,0x00,0x00,
  0x00,0x00,0x00,0x00,0x00,0x00,0x00,0x00,0x00,0x00,0x00,0x00,
  0xA0,0x00,0x00,0x00,0x00,0x00,0x00,0x00,0x00,0x00,0x00,0x00,
  0x00,0x00,0x00,0x00,0x00,0x02,0x80,0x00,0x00,0x00,0x00,0x00,
  0x00,0x00,0x00,0x00,0x07,0xE0,0x00,0x00,0x00,0x00,0x96,0xFF,
  0xC0,0x00,0x00,0x1F,0x5D,0x40,0x55,0x55,0x55,0x41,0xFF,0xBF,
  0xBF,0x7F,0x87,0xF8,0x00,0x00,0x00,0x00,0x00,0x00,0x00,0x00,
  0x00,0x00,0x00,0x00,0x00,0x00,0x00,0x25,0x52,0x94,0xA5,0x25,
  0x29,0x49,0x29,0x4A,0x54,0xA5,0x29,0x4A,0x52,0x52,0xAF,0x29,
  0x4A,0x5A,0xD4,0xA4,0xA5,0x29,0x29,0x49,0x24,0xA5,0x24,0x92,
  0x5A,0xBD,0x24,0xA5,0x24,0x92,0x29,0xDF,0x6A,0xAA,0xA5,0xED,
  0xD7,0x81,0xAA,0xAA,0xAA,0x83,0xFB,0xFE,0xF7,0xFF,0x0F,0xF8,
  0x00,0x00,0x00,0x00,0x00,0x00,0x00,0x00,0x00,0x00,0x00,0x00,
  0x00,0x2B,0xFF,0xFF,0xFF,0xFF,0xFF,0xFF,0xFF,0xFF,0xFF,0xFF,
  0xFF,0xFF,0xFF,0xFF,0xFF,0xFF,0xFF,0xFF,0xFF,0xFF,0xFF,0xFF,
  0xFF,0xFF,0xFF,0xFF,0xFF,0xFF,0xFF,0xFF,0xFF,0xFF,0xFF,0xFF,
  0xFF,0xFF,0x57,0xFD,0xFF,0xFF,0xFF,0x7F,0xFA,0x04,0xAA,0xAD,
  0xB5,0x83,0xBF,0x7B,0xFF,0xB7,0x1F,0xB8,0x00,0x00,0x00,0x00,
  0x00,0x00,0x00,0x00,0x00,0x00,0x00,0x00,0x5F,0xFE,0xDF,0xDF,
  0xB6,0xEF,0x7B,0xFB,0xDF,0x7E,0xEE,0xF7,0xDB,0xDD,0xEF,0x7B,
  0xDF,0xDE,0xED,0xDF,0x77,0xDB,0x6F,0xBF,0xBD,0xEF,0xEF,0xBF,
  0xFF,0xBD,0xFF,0xFF,0xDE,0xED,0xDF,0xBD,0xFB,0x7C,0xAF,0xF7,
  0xDB,0x76,0xDD,0xED,0xB8,0x15,0x55,0x6A,0xAA,0x07,0xF7,0xEF,
  0xFD,0xFC,0x3F,0xF0,0x00,0x00,0x00,0x00,0x00,0x00,0x00,0x00,
  0x00,0x00,0x00,0x2F,0xF7,0xDB,0xFB,0x7A,0xFF,0xBB,0xDE,0xDE,
  0xFB,0xEB,0xFF,0xDE,0xFF,0x7F,0xBD,0xEF,0x7B,0x7B,0xFF,0x7B,
  0xFD,0xFF,0xFB,0xF6,0xF7,0xBD,0xBD,0xF6,0xDB,0xF7,0xB6,0xDB,
  0x7B,0xFF,0x7B,0xF7,0xAF,0xD9,0x57,0x7F,0xFF,0xDF,0xF7,0xBF,
  0xE0,0x22,0x22,0x15,0x54,0x0F,0x7F,0xFF,0xB7,0xFC,0x7F,0xF0,
  0x00,0x00,0x00,0x00,0x00,0x00,0x00,0x00,0x00,0x00,0x07,0xFB,
  0xBD,0x7F,0x6F,0xEF,0xEF,0xFF,0xFF,0xFF,0xEF,0xBF,0xBB,0x2F,
  0xEF,0xF7,0xFF,0xFF,0xFF,0xFF,0xBF,0xFF,0xBF,0xBD,0xDE,0xFF,
  0xFF,0xFF,0xFF,0xFF,0xFE,0xFF,0xFF,0xFF,0xFF,0xBB,0xFE,0xDF,
  0xFF,0x72,0xDF,0xFF,0x6D,0xFD,0xDF,0xF6,0xC0,0x49,0x48,0xA1,
  0x54,0x3F,0xFB,0x7D,0xFF,0xB8,0x7E,0xF0,0x00,0x00,0xA4,0x80,
  0x00,0x00,0x00,0x00,0x00,0x00,0x7D,0xBE,0xEF,0xED,0xFD,0xFC,
  0x00,0xEE,0xED,0xDB,0xBE,0xFF,0xFE,0x06,0xFD,0xFE,0xF7,0xBD,
  0xEF,0xDE,0xF6,0xEE,0xF7,0xF7,0xFF,0xDD,0xDE,0xF7,0xF7,0x6F,
  0x77,0xDE,0xEF,0x77,0xDF,0xFF,0xDF,0xFD,0xBB,0xF5,0x3F,0xDD,
  0xFF,0xB7,0xFD,0xDF,0x01,0x24,0x25,0x14,0x20,0x15,0xAF,0xEF,
  0xFE,0xF0,0xFB,0xE0,0x00,0x16,0x97,0xF0,0x00,0x00,0x00,0x00,
  0x00,0x07,0xEF,0xEB,0xFB,0x7F,0xB7,0xB0,0x00,0x3F,0xBF,0xFF,
  0xFF,0xFD,0xEF,0x07,0xDF,0xBF,0xDF,0xF7,0xBD,0xFB,0xFF,0xFF,
  0xFE,0xFF,0x77,0xFF,0xFB,0xFE,0xDF,0xFD,0xFF,0xFB,0xFD,0xFE,
  0xFB,0x6E,0xFB,0xF7,0xFF,0xC5,0x7D,0xFF,0xEE,0xFF,0x7F,0x7C,
  0x02,0x52,0x90,0xA2,0x90,0x7B,0x7A,0xBB,0x5B,0xE1,0xFF,0xE0,
  0x0A,0xDF,0xFF,0x80,0x00,0x00,0x00,0x00,0x00,0x7E,0xFA,0xBF,
  0x6F,0xF6,0xFF,0xE0,0x24,0x7D,0xFF,0x7D,0xF7,0xD8,0x3E,0x4F,
  0xFF,0xF7,0xFE,0xFF,0xFF,0xBF,0xDF,0xC1,0xDF,0xDF,0xFE,0xEF,
  0x7F,0xDF,0xFF,0xFF,0xEE,0xEF,0xBF,0xDF,0xEF,0xFF,0xFF,0x7F,
  0xDD,0xD4,0xFF,0xF7,0xBF,0xFD,0xEF,0xF0,0x09,0x09,0x4A,0x49,
  0x20,0xAE,0xDF,0xEE,0xF7,0xAB,0xFF,0xE0,0xA7,0x7E,0xFE,0x00,
  0x00,0x00,0x00,0x00,0x03,0xDB,0xAF,0xFD,0xFA,0xAF,0xFD,0xC9,
  0x00,0xF7,0xF7,0xEF,0xBE,0xF9,0x3B,0x06,0xED,0xDE,0xFB,0xDF,
  0xF7,0xFF,0xFB,0x60,0xFB,0xFB,0xBF,0xFD,0xFF,0x7B,0xFB,0x6F,
  0xBF,0xFF,0xF7,0xFB,0xBF,0xFB,0xB7,0xDE,0xFF,0x93,0xFF,0x7E,
  0xFB,0xB7,0xFB,0xE0,0x24,0xA4,0x21,0x24,0x80,0xFB,0xEA,0xBB,
  0xDD,0xC7,0xB7,0xEA,0xBF,0xFB,0xF8,0x00,0x00,0x00,0x00,0x00,
  0x0E,0xF7,0xFE,0xEF,0x80,0x01,0xDF,0x60,0xB4,0x7F,0xDE,0xFF,
  0xFF,0xF8,0x3F,0x27,0xFF,0xFF,0xEF,0xFD,0xBF,0xDB,0x7F,0xE9,
  0xFF,0x7F,0xF7,0x77,0xED,0xFF,0x6F,0xFD,0xFF,0x7D,0xFE,0xFF,
  0xFD,0xBF,0xFE,0xFB,0xEE,0x2F,0xED,0xFF,0xFF,0xFF,0xBE,0x80,
  0x92,0x92,0x04,0x12,0x41,0xAE,0xBF,0xDE,0xF7,0x46,0xFD,0x0B,
  0xFD,0xFF,0xE0,0x00,0x00,0x00,0x00,0x00,0x7D,0xBD,0x6F,0xBE,
  0xDF,0xFD,0xF7,0xC1,0xFF,0xFE,0xAB,0xDA,0xDA,0xB4,0x2B,0x0D,
  0x3D,0x5B,0x5F,0xAB,0xE0,0xFF,0x85,0xC0,0xAF,0xEE,0xFF,0xFF,
  0xBF,0xFF,0xFF,0xBF,0xF7,0xEF,0xBB,0xDD,0xF7,0xF6,0xFB,0xFF,
  0xBD,0x5F,0xFF,0xFB,0xDD,0xDE,0xF7,0x02,0x4A,0x54,0xA9,0x4A,
  0x83,0xFB,0xEA,0xF7,0x5F,0x8F,0xD0,0xBF,0xEF,0xFF,0x80,0x00,
  0x00,0x00,0x00,0x01,0xDF,0xDF,0xFB,0xF7,0x9F,0xFD,0x7E,0xC4,
  0xFF,0xDA,0x01,0xF0,0x7C,0x21,0x03,0x00,0x06,0x0F,0x07,0x83,
  0x84,0x3E,0x20,0x84,0x1D,0xFF,0xDD,0xDF,0xFF,0xB6,0xFD,0xF7,
  0x7E,0xFF,0xEF,0xFF,0xBF,0xDF,0xDF,0xDE,0xFA,0xFF,0xFF,0xFF,
  0x77,0x7B,0xFC,0x05,0x55,0x24,0x52,0x44,0x07,0x6F,0x7F,0xBB,
  0xFB,0x1E,0x8F,0xFF,0x7F,0xDD,0x00,0x00,0x00,0x00,0x00,0x07,
  0x75,0x76,0xDE,0xFF,0xDF,0x7D,0xEF,0xC0,0x5D,0xF8,0x00,0x70,
  0x78,0x30,0x42,0x00,0x86,0x0F,0x16,0xA3,0x00,0x18,0x00,0x80,
  0x8F,0xBB,0xFF,0xFB,0x76,0xFF,0xDF,0xFF,0xFB,0xF6,0xFF,0x77,
  0xFE,0xFF,0xFF,0x7B,0xEB,0xFF,0xFF,0xEF,0xFF,0xFF,0xB0,0x12,
  0x51,0x50,0x89,0x0A,0x0D,0xFD,0xDB,0xEF,0x7F,0x20,0xFF,0xFF,
  0xFE,0xF8,0x00,0x00,0x00,0x00,0x00,0x0D,0xFF,0xFF,0xFB,0xDB,
  0x9B,0xE9,0xBD,0xC8,0x07,0xB0,0x88,0x32,0x6C,0x92,0x0B,0x22,
  0x02,0x4E,0x43,0x86,0x08,0x8C,0x94,0x90,0x1F,0xFF,0x77,0x7F,
  0xFF,0xFB,0xFB,0xBD,0xDF,0xBF,0xFD,0xFE,0xEF,0xFB,0x77,0xFF,
  0xAF,0xFF,0xFF,0xFD,0xFF,0xEE,0xE0,0x29,0x4C,0x94,0x55,0x44,
  0x1F,0xB7,0xFE,0xFF,0xE8,0x5F,0xFF,0xFB,0xEF,0xE0,0x00,0x00,
  0x00,0x00,0x00,0x3F,0xAD,0xB7,0x6F,0xFE,0xDF,0xBD,0xFF,0xE0,
  0x80,0xF0,0x31,0x30,0x78,0x28,0x33,0x05,0x23,0x07,0x03,0x04,
  0x0E,0x18,0x3B,0xC2,0xAD,0xDD,0xFF,0xEF,0xDF,0xBF,0x7F,0xEF,
  0xFF,0xFD,0xB7,0xDB,0xFB,0xBF,0xFD,0xEA,0xBF,0xFF,0xDF,0xBF,
  0xB6,0xFF,0x80,0xAA,0xA2,0xA8,0xA4,0x88,0x3B,0xFF,0x77,0xBD,
  0x43,0xBF,0xFD,0xDF,0x7D,0x80,0x00,0x00,0x00,0x00,0x00,0x7A,
  0xFF,0xFD,0xFF,0x77,0x9E,0xFD,0x77,0x70,0x10,0xE2,0xF8,0x11,
  0x7C,0x38,0xBF,0x0F,0x83,0x06,0x03,0x16,0x3F,0x0A,0x2F,0x61,
  0xFF,0x7F,0xDB,0x7D,0x7A,0xF7,0xEE,0xFE,0xED,0xDF,0xFF,0xFF,
  0xBF,0xEE,0xEF,0x2F,0xFF,0xFF,0x7F,0xF7,0xFF,0xB6,0x02,0xAA,
  0x9A,0x94,0x95,0x40,0x6F,0x7D,0xFF,0xE0,0x1F,0xFF,0xDF,0xFF,
  0xFE,0x00,0x00,0x00,0x00,0x00,0x00,0xD7,0xB5,0xB7,0xFD,0xFF,
  0xDB,0xB5,0xFF,0xFA,0x02,0x20,0xEC,0x54,0x6C,0x38,0x3E,0x26,
  0x8B,0x24,0x13,0x04,0x00,0x48,0x05,0xE4,0xF7,0xF7,0x7F,0xF7,
  0xFF,0xFE,0xFB,0xDB,0xFF,0x77,0xDE,0xEE,0xF6,0xFF,0xA0,0x3F,
  0xFF,0xFB,0xFB,0xFE,0xEE,0xF8,0x05,0x4A,0x65,0x52,0x52,0x40,
  0xFF,0xEF,0xDA,0x8B,0xFF,0xFB,0x7F,0x7B,0xED,0x00,0x00,0x00,
  0x00,0x00,0x01,0xFD,0xFF,0xFF,0x6F,0xDD,0x9E,0xFD,0xBB,0x6F,
  0xA0,0x60,0xFD,0x10,0x79,0x1A,0x37,0x07,0xC3,0x82,0x41,0x0C,
  0x41,0x0C,0x11,0xC0,0xDF,0xDF,0xFB,0xBF,0xDB,0xB7,0xBF,0xFF,
  0xB7,0xFE,0xFB,0xBF,0xFF,0xF4,0x05,0xFF,0xFF,0x7F,0xFE,0xDB,
  0xFB,0xE0,0x12,0x55,0x54,0xA8,0xAD,0x41,0xBB,0xBF,0xF1,0x5F,
  0xFF,0xEF,0xFB,0xEF,0x7A,0xC0,0x00,0x00,0x00,0x00,0x03,0xFF,
  0xFB,0xF7,0xFE,0xF7,0xBF,0xFD,0xEF,0xFF,0xE8,0x25,0xBC,0x18,
  0x7C,0x38,0x3F,0x2F,0x89,0x88,0x04,0x2C,0x08,0x06,0x00,0x61,
  0xFD,0xFD,0xDF,0xFB,0x7F,0xFF,0xF7,0x77,0xFF,0xDF,0xDF,0xFB,
  0xBA,0x80,0xBF,0xFF,0xFF,0xFF,0xB7,0xFF,0xBF,0x80,0x49,0x55,
  0x55,0x54,0xAD,0x83,0xFF,0xFB,0x7F,0xFF,0xFD,0xBF,0xFF,0xFF,
  0xFD,0xC0,0x00,0x00,0x00,0x00,0x07,0xFB,0xF7,0xFB,0x6F,0xFF,
  0x95,0xB5,0x7D,0x7B,0x71,0x20,0xF4,0x31,0x68,0x39,0x3D,0x06,
  0xC3,0xC1,0x30,0x0C,0x9F,0xFF,0xC9,0x64,0xF7,0x76,0xFD,0x6E,
  0xFD,0x6D,0x7D,0xDD,0x6D,0x7A,0xFA,0xBE,0xC0,0x0F,0xFF,0xFF,
  0xFF,0xED,0xFD,0xDD,0xF5,0x01,0x54,0x95,0x55,0x54,0xAA,0x07,
  0x6E,0xEF,0xEF,0x7F,0xF7,0xFF,0xDE,0xFF,0xB6,0xC0,0x00,0x00,
  0x00,0x00,0x0F,0xF7,0xFF,0xFF,0xFB,0x6D,0x9F,0xED,0xFF,0xAF,
  0xF0,0x64,0xF8,0x90,0x7C,0x9C,0x3F,0x07,0x8B,0x88,0x61,0x1C,
  0x1F,0xFF,0xF0,0x61,0xDF,0xBF,0xBB,0xBB,0xB7,0xFB,0xBB,0xBF,
  0xFB,0xBB,0xBF,0xE8,0x02,0xFF,0xFF,0xFB,0x77,0xBF,0x77,0x77,
  0x7E,0x87,0xAF,0x55,0x55,0xAC,0xA4,0x1F,0xFF,0xFF,0xBF,0xFB,
  0x7F,0xFE,0xFB,0xF6,0xFF,0x40,0x00,0x00,0x00,0x00,0x1F,0xFF,
  0xF7,0xFA,0xDF,0xFF,0xDF,0xFD,0xB5,0xC1,0x44,0x70,0x34,0x32,
  0x38,0x38,0xB6,0x2F,0xC1,0xC2,0x30,0x5E,0x46,0x99,0xF4,0xE0,
  0xFB,0xFB,0xFF,0xFF,0xFF,0xBF,0xFF,0xF7,0xBF,0xEF,0xF6,0x00,
  0x5F,0xFF,0xFF,0xFF,0xFF,0xF7,0xBF,0xFF,0xE5,0x0F,0xAF,0xAA,
  0xAA,0xB4,0xBF,0x8D,0xFB,0xBD,0xFF,0xFF,0xFF,0xFB,0xFF,0xFF,
  0xFB,0xE0,0x00,0x00,0x00,0x00,0x7F,0xDF,0xEF,0xEF,0xFD,0xBB,
  0x9A,0xB4,0xFF,0xE0,0x11,0x60,0x81,0x38,0x02,0x3C,0x03,0x07,
  0x83,0xE0,0x72,0x3E,0x00,0x1C,0x00,0x64,0x0F,0xDF,0xDB,0xDB,
  0xDB,0xF7,0xDB,0xBF,0xF7,0xBF,0xA0,0x07,0xFF,0xFF,0xFF,0xDF,
  0xDB,0xBF,0xF7,0xB7,0x47,0xAF,0xAF,0xAA,0xAD,0x54,0x9F,0x1F,
  0xBF,0xF7,0xF7,0xFF,0xFF,0xFF,0xFF,0xFF,0xFF,0xC0,0x00,0x00,
  0x00,0x01,0xFE,0xDF,0xFF,0x5B,0xB7,0xFF,0xBF,0x7D,0xEF,0xC8,
  0x00,0xFA,0x08,0x79,0x48,0x9C,0x13,0x2E,0xCB,0xC9,0x70,0xBB,
  0x20,0x08,0x12,0xE0,0x1F,0xFB,0xFF,0xFF,0xFF,0xDF,0xFF,0xF7,
  0xDF,0xF0,0x00,0xFF,0xFF,0xFF,0xFE,0xFF,0xBF,0xF7,0xBF,0xFF,
  0x86,0xA7,0xAB,0xAA,0xB5,0xAA,0x60,0x4F,0xED,0xBF,0x7F,0xFF,
  0xFD,0xDF,0xFF,0xFF,0xFF,0xC0,0x00,0x00,0x00,0x07,0x6B,0xF5,
  0x6A,0xFE,0xFF,0xDD,0x9E,0xFD,0xBB,0xC2,0x92,0xFC,0x21,0xFC,
  0x00,0x3D,0x03,0x07,0x83,0xE0,0xF8,0x3F,0x89,0x1A,0x40,0xF1,
  0x0B,0xDF,0xDB,0xDB,0xBB,0xFB,0xB7,0xBF,0xFA,0x80,0x17,0xFF,
  0xFF,0xFB,0x6F,0xFB,0xF7,0xBF,0xF7,0xBF,0x87,0xDF,0xAF,0xAD,
  0x55,0x54,0xA0,0xDB,0x7F,0xFD,0xED,0xFF,0xDF,0xFF,0xFF,0xEF,
  0xEF,0x00,0x00,0x00,0x00,0x1F,0xFE,0xBB,0xAF,0xDB,0xFD,0xF7,
  0xDF,0x69,0xFF,0x68,0x07,0xDF,0x05,0xDE,0x85,0x7E,0x93,0x27,
  0xD3,0x72,0xFA,0x7F,0xC0,0x5C,0x17,0xFC,0x5F,0x7B,0x7F,0x7F,
  0xFF,0x7F,0xFB,0xFB,0xA0,0x03,0xFF,0xFF,0xFF,0xDF,0xFF,0x7E,
  0xFD,0xFB,0x7E,0xF2,0x0F,0x55,0x56,0xB5,0xAA,0xA8,0x89,0xCF,
  0xFF,0x77,0xFF,0xDD,0xFF,0xFF,0xF7,0xBF,0xBC,0x00,0x00,0x00,
  0x00,0x75,0xAB,0xDE,0xFD,0xFF,0xDF,0x7F,0x9B,0xFD,0xFD,0xFF,
  0xFF,0xFD,0xFF,0xFF,0xFF,0xEF,0xFF,0xFF,0xFF,0xFF,0xEF,0xED,
  0xFF,0xFF,0xFF,0xBF,0xFD,0xFF,0xF7,0xFD,0xDB,0xDD,0xBE,0xE8,
  0x00,0x3F,0xFF,0xFE,0xF7,0x7F,0xFD,0xED,0xDF,0x6F,0xFB,0xC0,
  0x28,0xAA,0xA9,0x55,0x55,0x5C,0x07,0xEF,0xDB,0xFF,0xBE,0xFF,
  0xFF,0xFF,0xDF,0xFF,0xF0,0x00,0x00,0x00,0x00,0xDF,0x7E,0xEB,
  0xDF,0xBF,0x7B,0xFF,0xBF,0xF9,0xB7,0xFF,0xFD,0xEF,0xFF,0x77,
  0xFF,0xBF,0xFF,0xDE,0xFF,0xFF,0xBF,0xFF,0xFF,0xFF,0xFD,0xF7,
  0xEF,0xEE,0xDE,0xEF,0xFF,0x7F,0xFF,0x00,0x07,0xFF,0xFF,0xF7,
  0xFF,0xFF,0xF7,0xFF,0xFF,0xFE,0xDF,0x00,0xAA,0xAA,0xAA,0xAA,
  0xB6,0xA4,0x07,0xDE,0xFF,0xDE,0xF7,0xFF,0xFF,0xFE,0xFF,0xFF,
  0xC0,0x00,0x00,0x00,0x03,0xFB,0xD7,0xBF,0x7B,0xF7,0xFF,0xDB,
  0x9F,0x6D,0xFF,0xAA,0xEF,0xBB,0xEB,0xDD,0xB6,0xEB,0x56,0xF7,
  0xAD,0x56,0xFF,0x6E,0xBE,0xDD,0xB7,0xFF,0x7F,0xBF,0xFF,0xFF,
  0x77,0xFF,0xA0,0x01,0x7F,0xFF,0x7F,0xBF,0xFF,0xFF,0x5F,0xBF,
  0x76,0xFB,0xF8,0x02,0xAA,0xAA,0xD5,0x55,0x55,0x74,0x1E,0xCF,
  0xFD,0xFB,0xFF,0x7F,0xFB,0xBB,0xFF,0xFE,0x00,0x00,0x00,0x00,
  0x07,0x5D,0x7A,0xFF,0xFF,0xFE,0xEF,0x7F,0xDD,0xFD,0xFE,0xFF,
  0xDE,0xFF,0xBF,0xFF,0xFF,0xFF,0xFF,0xBF,0xFF,0xFF,0xF7,0xFF,
  0xEF,0xFF,0xFF,0xBF,0xFB,0xFF,0xFF,0xFF,0xFF,0xE8,0x00,0x17,
  0xFF,0xFD,0xF7,0xFF,0xDE,0xFB,0xFE,0xF7,0xFF,0xEF,0xE0,0x0A,
  0xAA,0xAA,0xAB,0x6D,0xAA,0x90,0x3B,0xCF,0x6F,0xFF,0xFD,0xFF,
  0x7F,0xFF,0xFF,0xF0,0x00,0x00,0x00,0x00,0x0D,0xEB,0xDF,0xF7,
  0xEE,0xDF,0xFD,0xFE,0x9F,0xFD,0xB7,0xFF,0x7F,0xFE,0xFE,0xFD,
  0xFD,0xBF,0xFB,0xFF,0x7B,0xFF,0xFE,0xF6,0xFD,0xED,0xFB,0xF7,
  0xEF,0xEA,0xA0,0x00,0x0A,0x00,0x02,0xFF,0xFB,0xDF,0xFF,0xFF,
  0xFF,0xDE,0xFB,0xFE,0xFB,0xBF,0x00,0x2A,0xAA,0xD5,0x55,0x55,
  0x5B,0x60,0x6F,0xDD,0xFF,0x6F,0xB7,0xFB,0xFF,0xFF,0xFF,0x40,
  0x00,0x00,0x00,0x00,0x1F,0x7E,0xFF,0xDE,0xFF,0xFB,0xBF,0xF7,
  0xDF,0xDD,0xFF,0xEF,0xFE,0xDF,0xDF,0xDF,0xBF,0xFD,0xBF,0x7B,
  0xFF,0xFB,0x7F,0xFF,0xFF,0xFF,0xDF,0xFD,0x10,0x00,0x00,0x00,
  0xA0,0x00,0x3F,0xFF,0xEF,0xFF,0xFE,0xDB,0x7B,0xCB,0xDF,0xDF,
  0xDF,0xFD,0x01,0xAA,0xAB,0x56,0xAD,0x55,0x55,0x80,0xFF,0xCF,
  0xFD,0xFF,0xFF,0xFF,0xFF,0xFF,0xFA,0x00,0x00,0x00,0x00,0x00,
  0x3B,0xAF,0xB7,0xFF,0xBB,0xEF,0xF7,0xDF,0x9D,0xFD,0x7F,0x7E,
  0xEF,0xFF,0xFF,0xFF,0xFD,0xFF,0xFF,0xFF,0x7F,0x7F,0xF6,0xFD,
  0xFF,0xFF,0xEB,0x00,0x00,0x00,0x04,0x54,0x08,0x0B,0xFF,0xFF,
  0xFF,0xF7,0x6F,0xFF,0xEF,0xBF,0xFF,0x7B,0xFE,0xF0,0x06,0xAA,
  0xD5,0x5A,0xB5,0xB6,0xDB,0x02,0xFE,0xEF,0xEF,0xFD,0xFF,0xFF,
  0xF7,0xFF,0xC0,0x00,0x00,0x00,0x00,0x00,0x6D,0xFB,0xFF,0x7F,
  0xFF,0xBF,0xFF,0x7F,0xDF,0xF9,0xFB,0xEF,0xFE,0xED,0xDD,0xBD,
  0xDF,0xBF,0xBB,0xFF,0xF7,0xF7,0xFF,0xEF,0xED,0xC0,0x00,0x02,
  0x24,0x94,0xAB,0x41,0x00,0xBF,0xFF,0xFF,0x7F,0xBD,0xFB,0x7F,
  0xFF,0xD7,0xFB,0xFF,0xFB,0xC0,0x3A,0xDF,0x6E,0xEB,0xDA,0xDB,
  0x6C,0x4C,0xFB,0xDF,0xBF,0xEF,0xDF,0xDF,0xFF,0x7D,0x00,0x00,
  0x00,0x00,0x00,0x00,0xF7,0xFF,0xFF,0xFB,0xFF,0xFE,0xFF,0xFE,
  0xBF,0xBD,0xEF,0xFD,0xF7,0xFF,0xFF,0xF7,0xF7,0xF7,0xFF,0xB7,
  0xBF,0xBF,0x7F,0x5A,0x00,0x00,0x56,0xFA,0xDB,0x55,0x54,0x08,
  0x17,0xFF,0xF7,0xFD,0xFF,0xFF,0xEF,0xED,0xBD,0xE9,0xBF,0xFF,
  0xBE,0x02,0xD7,0x6A,0xB5,0xAD,0x6F,0x6D,0xB4,0x16,0xEF,0xCE,
  0xFF,0x7F,0xFF,0x7F,0xBF,0xE0,0x00,0x00,0x00,0x00,0x00,0x00,
  0xBF,0x7F,0xFB,0xEF,0xDD,0xFF,0xDD,0xFF,0xDF,0xFD,0xFF,0xFF,
  0xFF,0xFF,0xFB,0xFF,0xFF,0xFF,0xEF,0xFE,0xFF,0xFF,0xC8,0x00,
  0x10,0x1D,0x50,0x00,0x00,0x00,0x80,0x01,0x7F,0xFF,0xDF,0xBF,
  0xFD,0xFF,0xFF,0xFF,0xF7,0xBF,0xFF,0xFE,0xF0,0x8A,0xDA,0xB7,
  0x6E,0xB6,0xB5,0xB6,0xD1,0x3D,0xFF,0xDF,0xFD,0xFF,0xFF,0xFE,
  0xFF,0x00,0x00,0x00,0x00,0x00,0x00,0x00,0xFF,0xEE,0xDF,0xFF,
  0x7F,0xFB,0xFF,0xF7,0xC0,0x01,0xFF,0xBF,0xDF,0xBB,0x7F,0xFF,
  0xBF,0xBE,0xFF,0xFF,0xFA,0x80,0x00,0x00,0x00,0x40,0x0A,0xAF,
  0x76,0xDE,0x00,0x5F,0xFD,0xFB,0xFF,0xFF,0xF7,0xFF,0xFE,0xFF,
  0xFF,0xFF,0xFB,0xDB,0xC2,0x17,0x6F,0xDA,0xDB,0x6D,0xDA,0xDD,
  0xE0,0x7E,0x08,0x1F,0xF7,0xFF,0x7D,0xFF,0xF0,0x00,0x00,0x00,
  0x00,0x00,0x00,0x00,0xED,0xFF,0xFF,0x7F,0xFF,0xBF,0xFF,0xDF,
  0xFF,0xFF,0xFD,0xFB,0xFE,0xFF,0xFF,0xBF,0xFD,0xFF,0xFF,0xB5,
  0x00,0x00,0x00,0x04,0x4B,0x25,0xF5,0x75,0xAB,0x74,0x05,0xBF,
  0xFF,0xEF,0xFF,0xF7,0xDF,0xDB,0xBB,0xB6,0xFF,0xFB,0xDF,0xFE,
  0x08,0x7A,0xDA,0xB7,0x6D,0xDB,0x6F,0x77,0x45,0xEF,0x77,0xFD,
  0xFF,0xFD,0xFF,0xFF,0x80,0x00,0x00,0x00,0x00,0x00,0x00,0x00,
  0x7F,0xFF,0xFF,0xFF,0xFB,0xFF,0xBB,0xFF,0x7B,0xFF,0xB7,0xFF,
  0xFB,0xFF,0xEE,0xFB,0xF7,0xFF,0xA8,0x00,0x00,0x20,0x2A,0xAB,
  0x24,0x94,0x2D,0xDA,0xBD,0xAC,0x7F,0xFF,0xF7,0xFF,0xFD,0xDF,
  0x7F,0x7F,0xFF,0xFF,0xDF,0x7F,0xFF,0xF0,0x83,0xDF,0x76,0xDD,
  0xB6,0xBE,0xF5,0xDD,0x03,0xFF,0xFF,0xFF,0xFF,0xFF,0xFF,0xF4,
  0x00,0x00,0x00,0x00,0x00,0x00,0x00,0x00,0x7F,0xF7,0xF7,0xF6,
  0xEF,0xFB,0xFF,0xFF,0xFF,0xB7,0xFF,0xEF,0x7F,0xFF,0xFF,0xFF,
  0xFF,0xD0,0x00,0x00,0x24,0x8B,0x55,0x68,0x00,0x00,0x00,0x0D,
  0xD6,0xB7,0xFF,0xFD,0xFF,0xFF,0x77,0x7D,0xFD,0xFD,0xF3,0xDF,
  0xFD,0xFF,0x7F,0x02,0x2D,0x6A,0xDD,0xEB,0x7B,0xEB,0xAF,0x74,
  0x4F,0x7D,0xFF,0xFF,0xDF,0xF7,0xFF,0x80,0x00,0x00,0x00,0x00,
  0x00,0x00,0x00,0x00,0x3F,0xBE,0xDF,0xDF,0xFF,0xDF,0xFF,0x7B,
  0xEF,0xFF,0xFF,0xFF,0xFF,0xED,0xFF,0xFE,0xA8,0x00,0x01,0x01,
  0x12,0xB5,0x55,0xC0,0x00,0x00,0x00,0x00,0x2B,0x6D,0xF7,0xFF,
  0xFF,0xBF,0xFF,0xF7,0xEF,0xEF,0xBC,0xFD,0xFF,0xF7,0xF8,0x48,
  0xBF,0xBD,0xEF,0x5E,0xDE,0xBD,0xFB,0xD9,0x1F,0xF7,0xEF,0x7F,
  0xFF,0xDF,0xF4,0x00,0x00,0x00,0x00,0x00,0x00,0x00,0x00,0x00,
  0x1F,0xFF,0xFF,0x7F,0xFF,0x7F,0xBB,0xFF,0xFF,0xFE,0xFF,0x7F,
  0xDF,0xBF,0xFB,0x40,0x00,0x00,0x48,0x5D,0x6D,0x55,0x57,0x40,
  0x00,0x00,0x00,0x00,0x00,0x5B,0xBF,0x7F,0xDF,0xFF,0xFF,0xFF,
  0x7F,0x7E,0xF6,0xBF,0xEF,0xFF,0xD2,0x05,0xEA,0xEB,0x75,0xF7,
  0xEB,0xD6,0xAE,0xE0,0x7F,0xDF,0xFF,0xF7,0xFF,0xFF,0xA0,0x00,
  0x00,0x00,0x00,0x00,0x00,0x00,0x00,0x00,0x0F,0xFF,0xFF,0xFF,
  0xBD,0xFE,0xFF,0xEF,0x7E,0xFF,0xED,0xFB,0xFB,0xFF,0x44,0x00,
  0x80,0x0A,0xAB,0x65,0xAA,0xAA,0xAE,0xC0,0x00,0x00,0x00,0x00,
  0x00,0x05,0xFD,0xEE,0xFF,0xFD,0xFF,0xFF,0xF7,0xF7,0xFE,0xDF,
  0xBF,0xDE,0x00,0x5E,0xBD,0xBF,0xAE,0xBA,0xBD,0x7B,0xFB,0x84,
  0xFD,0xFF,0xFF,0xFF,0xFD,0xFC,0x00,0x00,0x00,0x00,0x00,0x00,
  0x00,0x00,0x00,0x00,0x07,0xFF,0xFD,0xFD,0xFF,0xFF,0xFF,0xFF,
  0xFB,0xEF,0xFF,0xEF,0xFE,0xA0,0x00,0x08,0x0A,0xEA,0xAA,0xAA,
  0xAA,0xDB,0x57,0xE0,0x00,0x00,0x00,0x00,0x02,0x41,0xEF,0xFF,
  0xFB,0x77,0xDD,0xB6,0xFE,0xFF,0xDF,0xFE,0xFF,0xF0,0x8A,0xF5,
  0xD7,0x6A,0xFB,0xD7,0xD7,0xDE,0xAE,0x23,0xFF,0xFF,0xFF,0xFF,
  0x7F,0xC0,0x00,0x00,0x00,0x00,0x00,0x00,0x00,0x00,0x00,0x00,
  0x01,0xFB,0xEF,0xFF,0xF7,0xF7,0xF7,0x7F,0xFF,0xFF,0x7F,0xFE,
  0x80,0x00,0x00,0x45,0x6B,0x2A,0xAA,0xB5,0x55,0x55,0x6F,0x40,
  0x00,0x00,0x00,0x00,0x00,0x13,0xFF,0xBB,0xDF,0xFF,0xFF,0xFF,
  0xDB,0xA1,0xFF,0xFB,0xFD,0x02,0x27,0xAF,0x7B,0xDF,0x5D,0x7D,
  0x7D,0x6B,0xFA,0x9F,0xFF,0xFF,0xBD,0xFF,0xFC,0x00,0x00,0x00,
  0x00,0x00,0x00,0x00,0x00,0x00,0x00,0x00,0x00,0xEF,0xFF,0xEF,
  0xFF,0xDF,0xDF,0xFB,0xDF,0xFD,0xFF,0x50,0x00,0x00,0x4B,0x5A,
  0xAD,0x55,0x5B,0x56,0xAD,0x55,0x8F,0xE0,0x00,0x00,0x00,0x00,
  0x00,0x45,0xDB,0xFF,0x7F,0xDF,0x76,0xDB,0xFE,0x80,0x3F,0xEF,
  0xE0,0x40,0xBA,0xFB,0xAD,0x75,0xEF,0xD7,0xD7,0xFE,0xD4,0xBF,
  0xEF,0xFF,0xFF,0xDF,0xC0,0x00,0x00,0x00,0x00,0x00,0x00,0x00,
  0x00,0x00,0x00,0x00,0x00,0x3F,0xFF,0xFF,0xBF,0xFF,0x7F,0xFF,
  0xFF,0xBF,0xD0,0x01,0x25,0x2D,0xB5,0x6B,0x55,0x6D,0xAA,0xAA,
  0xD5,0xAD,0x6F,0x20,0x00,0x00,0x00,0x00,0x00,0x13,0xFE,0xEF,
  0xFD,0xFF,0xFF,0xFF,0xB8,0x04,0x97,0x7F,0x15,0x17,0xDF,0x56,
  0xFF,0xBE,0xB5,0x7D,0x7D,0x5B,0xD2,0xFF,0xFF,0x7D,0xFF,0xFE,
  0x00,0x00,0x00,0x00,0x00,0x00,0x00,0x00,0x00,0x00,0x00,0x00,
  0x00,0x0F,0xFF,0xFF,0xFF,0x7F,0xFF,0xDF,0xFF,0xEA,0x05,0x54,
  0x95,0xB6,0xAD,0xAA,0xDA,0xB5,0x6A,0xD5,0x56,0xB5,0x5F,0x50,
  0x00,0x00,0x00,0x00,0x00,0x81,0xFF,0xFF,0xF7,0xFF,0xFF,0xFF,
  0xF8,0x41,0x0B,0xA8,0xA2,0xFD,0x75,0xFD,0xAA,0xD7,0xFF,0xD7,
  0xDB,0xFF,0x2B,0xF7,0x7F,0xFF,0xFF,0xF8,0x00,0x00,0x00,0x00,
  0x00,0x00,0x00,0x00,0x00,0x00,0x00,0x00,0x00,0x03,0xFF,0xFF,
  0xFF,0xFF,0xFF,0x7F,0xB4,0x11,0x52,0x4B,0x76,0xD5,0x6A,0xAD,
  0x6B,0x56,0xAD,0x5B,0x6A,0xAB,0x5F,0x00,0x00,0x00,0x00,0x00,
  0x02,0x13,0xFF,0xFD,0xDF,0xF7,0xFF,0xDE,0xEE,0x14,0x44,0x56,
  0x9D,0xAF,0xDE,0xAB,0xFF,0x7A,0xAA,0xFD,0xF7,0xB5,0x57,0xBF,
  0xFF,0xFF,0xF4,0x00,0x00,0x00,0x00,0x00,0x00,0x00,0x00,0x00,
  0x00,0x00,0x00,0x00,0x00,0x00,0xFF,0xFE,0xFF,0xFF,0xFF,0xFA,
  0x41,0x48,0xAD,0xB5,0xAA,0xAD,0xAD,0x6B,0x55,0xB5,0xB5,0xAD,
  0x5A,0xD5,0xAF,0x10,0x00,0x00,0x00,0x00,0x08,0x41,0xFF,0xFF,
  0xFF,0xFF,0xFF,0x7F,0xFE,0x82,0x52,0xA9,0x6E,0xF5,0x6B,0xFE,
  0xAB,0xDF,0xFF,0x57,0x5E,0xFB,0xBF,0xFF,0xFF,0xFF,0x40,0x00,
  0x00,0x00,0x00,0x00,0x00,0x00,0x00,0x00,0x00,0x00,0x00,0x00,
  0x00,0x00,0x1E,0xF7,0xFD,0xFF,0xF5,0x41,0x2A,0xAB,0x56,0xAE,
  0xB6,0xD6,0xB6,0xB5,0xB6,0xDA,0xD6,0xD5,0x6B,0x6D,0x7F,0x40,
  0x00,0x01,0x11,0x12,0x40,0x03,0xF7,0xFF,0xFF,0xFF,0xBB,0xFF,
  0xFB,0x29,0x2B,0x57,0xB7,0x5F,0xBE,0xAB,0xFD,0x75,0x55,0xFF,
  0xFF,0xD5,0x7F,0xFF,0xFF,0xE8,0x00,0x00,0x00,0x00,0x00,0x00,
  0x00,0x00,0x00,0x00,0x00,0x00,0x00,0x00,0x00,0x00,0x07,0xFF,
  0xFF,0xFD,0x5A,0xBD,0x55,0x7D,0xFB,0x75,0xDB,0x7B,0xDB,0xDE,
  0xDB,0x6F,0x6D,0x77,0xB6,0xB6,0xAF,0x91,0x2A,0xD4,0x40,0x40,
  0x12,0x49,0xFF,0xFF,0xFF,0xDF,0xFF,0xFB,0x6F,0xAA,0xAD,0xFD,
  0x7B,0xF5,0xEB,0xFE,0xAF,0xDF,0xFF,0xDB,0x77,0x6F,0xFF,0xFF,
  0xFD,0x00,0x00,0x00,0x00,0x00,0x00,0x00,0x00,0x00,0x00,0x00,
  0x00,0x00,0x00,0x00,0x00,0x00,0x00,0xFF,0xFF,0xD7,0xAF,0x56,
  0xFF,0xD7,0x5D,0xDF,0x7F,0xDE,0xFE,0xF7,0xFF,0xFB,0xBF,0xDD,
  0xDF,0xFF,0xFF,0x50,0x00,0x40,0x09,0x09,0x00,0x03,0xEF,0x7E,
  0xFF,0xFE,0xFF,0xEF,0xFF,0xDB,0xFF,0x57,0xDE,0xBF,0x7F,0x6F,
  0xFB,0x7B,0x77,0x7F,0xFD,0xB7,0xFF,0xFF,0xD0,0x00,0x00,0x00,
  0x00,0x00,0x00,0x00,0x00,0x00,0x00,0x00,0x00,0x00,0x00,0x00,
  0x00,0x00,0x00,0x1F,0xEA,0xBA,0xF5,0xFB,0xDD,0xFF,0xF7,0xFD,
  0xD5,0x77,0xAB,0xBD,0x5B,0x5E,0xF6,0xFF,0x7B,0x6D,0xAF,0xE9,
  0x22,0x05,0x20,0x20,0x55,0x51,0xFB,0xEF,0xFE,0xFF,0xFE,0xFF,
  0xFF,0xFE,0xEF,0xFE,0xFB,0xED,0xDD,0xFB,0x7F,0xFF,0xDF,0xFE,
  0xD6,0xDF,0xFF,0xFA,0x00,0x00,0x00,0x00,0x00,0x00,0x00,0x00,
  0x00,0x00,0x00,0x00,0x00,0x00,0x00,0x00,0x00,0x00,0x00,0x02,
  0xB6,0xD7,0x5F,0xEF,0xF7,0xBB,0x7E,0xDF,0xFF,0xFD,0xFF,0xEF,
  0xFF,0xF7,0xDF,0xDB,0xFF,0xFF,0xFF,0xB0,0x09,0x24,0x8A,0x85,
  0x00,0x05,0xD4,0xBF,0xF7,0xFB,0xF7,0xFF,0xFE,0xDB,0xFD,0xFB,
  0xEF,0xFF,0xFF,0xDF,0xED,0xDB,0xFD,0xEF,0xFB,0x7F,0xFE,0x80,
  0x00,0x00,0x00,0x00,0x00,0x00,0x00,0x00,0x00,0x00,0x00,0x00,
  0x00,0x00,0x00,0x00,0x00,0x00,0x00,0x00,0x5F,0x7D,0xFD,0xBF,
  0x7F,0xEF,0xDB,0xF6,0xDF,0xB7,0xBD,0xBF,0xED,0xDE,0xFD,0xFF,
  0xB6,0xDB,0x7F,0xD5,0x40,0x8A,0x40,0x20,0x55,0x53,0xFF,0xFF,
  0xFF,0xFF,0xFF,0xFE,0xDF,0xFF,0xBF,0xBF,0xBE,0xDE,0xEE,0xFD,
  0xFF,0xFF,0x7F,0xBD,0xAF,0xFF,0x40,0x00,0x00,0x00,0x00,0x00,
  0x00,0x00,0x00,0x00,0x00,0x00,0x00,0x00,0x00,0x00,0x00,0x00,
  0x00,0x00,0x00,0x00,0x01,0xFF,0xF7,0xFD,0xED,0xBD,0xFF,0xBF,
  0xF5,0xFF,0xF7,0xFA,0xBF,0x7F,0xEF,0x6D,0xFF,0xFF,0xFF,0xF2,
  0x2A,0x51,0x2A,0x95,0x20,0x95,0xF7,0x6F,0xFF,0xFF,0xDF,0xDF,
  0xFF,0xFE,0xF7,0xEF,0xFF,0xFB,0xFB,0xF7,0xBF,0x7F,0xEE,0xFB,
  0x7F,0xE8,0x00,0x00,0x00,0x00,0x00,0x00,0x00,0x00,0x00,0x00,
  0x00,0x00,0x00,0x00,0x00,0x00,0x00,0x00,0x00,0x00,0x00,0x00,
  0x00,0x03,0x7F,0xFF,0xFF,0xFF,0xEF,0xFB,0x7F,0xDE,0xFF,0xFF,
  0xFF,0xFB,0xBF,0xFF,0xFF,0xFF,0xFF,0xB4,0x82,0x0A,0x89,0x4A,
  0x95,0x4B,0xFF,0xFF,0xFF,0xFF,0xFF,0xFF,0xFD,0xB7,0xFF,0xFE,
  0xFB,0xFF,0xFF,0xFF,0xFD,0xFB,0xFF,0xF7,0xD0,0x00,0x00,0x00,
  0x00,0x00,0x00,0x00,0x00,0x00,0x00,0x00,0x00,0x00,0x00,0x00,
  0x00,0x00,0x00,0x00,0x00,0x00,0x00,0x00,0x00,0x00,0x00,0x0A,
  0xAA,0xAA,0xBA,0xAF,0xDA,0xB5,0xAA,0xAB,0xAA,0xAD,0x75,0x5A,
  0xAA,0xAA,0xAF,0xF1,0x29,0x65,0x24,0x21,0x4A,0x2B,0xFF,0xFF,
  0xFF,0xFF,0xFF,0x7D,0xFF,0xFD,0xAD,0x57,0xAE,0xAA,0xAD,0x5B,
  0x6B,0xAE,0xA9,0x08,0x00,0x00,0x00,0x00,0x00,0x00,0x00,0x00,
  0x00,0x00,0x00,0x00,0x00,0x00,0x00,0x00,0x00,0x00,0x00,0x00,
  0x00,0x00,0x00,0x00,0x00,0x00,0x00,0x00,0x00,0x00,0x00,0x03,
  0x00,0x00,0x00,0x00,0x00,0x00,0x00,0x00,0x00,0x00,0x0F,0xF4,
  0x95,0x14,0xAA,0xAC,0xA1,0xB7,0xFF,0xFF,0xFF,0xFF,0xFF,0xFF,
  0xD4,0xE0,0x00,0x00,0x00,0x00,0x00,0x00,0x00,0x00,0x00,0x00,
  0x00,0x00,0x00,0x00,0x00,0x00,0x00,0x00,0x00,0x00,0x00,0x00,
  0x00,0x00,0x00,0x00,0x00,0x00,0x00,0x00,0x00,0x00,0x00,0x00,
  0x00,0x00,0x00,0x00,0x00,0x00,0x00,0x03,0x80,0x00,0x00,0x00,
  0x00,0x00,0x00,0x00,0x00,0x00,0x0F,0xF2,0x4A,0xD2,0x95,0x52,
  0x56,0xDD,0xFF,0xF8,0x00,0x00,0x00,0x00,0x00,0x70,0x00,0x00,
  0x00,0x00,0x00,0x00,0x00,0x00,0x00,0x00,0x00,0x00,0x00,0x00,
  0x00,0x00,0x00,0x00,0x00,0x00,0x00,0x00,0x00,0x00,0x00,0x00,
  0x00,0x00,0x00,0x00,0x00,0x00,0x00,0x00,0x00,0x00,0x00,0x00,
  0x00,0x00,0x00,0x01,0x80,0x00,0x00,0x00,0x00,0x00,0x00,0x00,
  0x00,0x00,0x0F,0xBD,0xAA,0x95,0x52,0xAB,0xBF,0x77,0xFF,0xF8,
  0x00,0x00,0x00,0x00,0x00,0x30,0x00,0x00,0x00,0x00,0x00,0x00,
  0x00,0x00,0x00,0x00,0x00,0x00,0x00,0x00,0x00,0x00,0x00,0x00,
  0x00,0x00,0x00,0x00,0x00,0x00,0x00,0x00,0x00,0x00,0x00,0x00,
  0x00,0x00,0x00,0x00,0x00,0x00,0x00,0x00,0x00,0x00,0x00,0x00,
  0x80,0x00,0x00,0x00,0x00,0x00,0x00,0x00,0x00,0x00,0x0B,0xF7,
  0xFF,0x6B,0x6D,0x7D,0xD5,0xDB,0xFF,0xE8,0x00,0x00,0x00,0x00,
  0x00,0x38,0x00,0x00,0x00,0x00,0x00,0x00,0x00,0x00,0x00,0x00,
  0x00,0x00,0x00,0x00,0x00,0x00,0x00,0x00,0x00,0x00,0x00,0x00,
  0x00,0x00,0x00,0x00,0x00,0x00,0x00,0x00,0x00,0x00,0x00,0x00,
  0x00,0x00,0x00,0x00,0x00,0x00,0x00,0x00,0x00,0x00,0x00,0x00,
  0x00,0x00,0x00,0x00,0x00,0x00,0x0F,0xFD,0x55,0xFF,0xFF,0xD7,
  0x7F,0x6F,0xFE,0x80,0x00,0x00,0x00,0x00,0x00,0x00,0x00,0x00,
  0x00,0x00,0x00,0x00,0x00,0x00,0x00,0x00,0x00,0x00,0x00,0x00,
  0x00,0x00,0x00,0x00,0x00,0x00,0x00,0x00,0x00,0x00,0x00,0x00,
  0x00,0x00,0x00,0x00,0x00,0x00,0x00,0x00,0x00,0x00,0x00,0x00,
  0x00,0x00,0x00,0x00,0x00,0x00,0x00,0x00,0x00,0x00,0x00,0x00,
  0x00,0x00,0x07,0xF7,0xFB,0x5A,0xAA,0xFD,0xD5,0xFB,0xE8,0x00,
  0x00,0x00,0x00,0x00,0x00,0x00,0x00,0x00,0x00,0x00,0x00,0x00,
  0x00,0x00,0x00,0x00,0x00,0x00,0x00,0x00,0x00,0x00,0x00,0x00,
  0x00,0x00,0x00,0x00,0x00,0x00,0x00,0x00,0x00,0x00,0x00,0x00,
  0x00,0x00,0x00,0x00,0x00,0x00,0x00,0x00,0x00,0x00,0x00,0x00,
  0x00,0x00,0x00,0x00,0x00,0x00,0x00,0x00,0x00,0x00,0x07,0xFD,
  0xAF,0xFF,0xFF,0xAF,0x7F,0x5F,0x00,0x00,0x00,0x00,0x00,0x00,
  0x00,0x00,0x00,0x00,0x00,0x00,0x00,0x00,0x00,0x00,0x00,0x00,
  0x00,0x00,0x00,0x00,0x00,0x00,0x00,0x00,0x00,0x00,0x00,0x00,
  0x00,0x00,0x00,0x00,0x00,0x00,0x00,0x00,0x00,0x00,0x00,0x00,
  0x00,0x00,0x00,0x00,0x00,0x00,0x00,0x00,0x00,0x00,0x00,0x00,
  0x00,0x00,0x00,0x00,0x00,0x00,0x07,0xEF,0xFD,0x6D,0xDB,0xFB,
  0xF7,0xF6,0x00,0x00,0x00,0x00,0x00,0x00,0x00,0x00,0x00,0x00,
  0x00,0x00,0x00,0x00,0x00,0x00,0x00,0x00,0x00,0x00,0x00,0x00,
  0x00,0x00,0x00,0x00,0x00,0x00,0x00,0x00,0x00,0x00,0x00,0x00,
  0x00,0x00,0x00,0x00,0x00,0x00,0x00,0x00,0x00,0x00,0x00,0x00,
  0x00,0x00,0x00,0x00,0x00,0x00,0x00,0x00,0x00,0x00,0x00,0x00,
  0x00,0x00,0x03,0xFA,0xB7,0xFF,0x7E,0xBE,0xDD,0xBF,0x80,0x00,
  0x00,0x00,0x00,0x00,0x00,0x00,0x00,0x00,0x00,0x00,0x00,0x00,
  0x00,0x00,0x00,0x00,0x00,0x00,0x00,0x00,0x00,0x00,0x00,0x00,
  0x00,0x00,0x00,0x00,0x00,0x00,0x00,0x00,0x00,0x00,0x00,0x00,
  0x00,0x00,0x00,0x00,0x00,0x00,0x00,0x00,0x00,0x00,0x00,0x00,
  0x00,0x00,0x00,0x00,0x00,0x00,0x00,0x00,0x00,0x00,0x03,0xEF,
  0xFF,0xB7,0xEF,0xEF,0xFF,0xFF,0x00,0x00,0x00,0x00,0x00,0x00,
  0x00,0x00,0x00,0x00,0x00,0x00,0x00,0x00,0x00,0x00,0x00,0x00,
  0x00,0x00,0x00,0x00,0x00,0x00,0x00,0x00,0x00,0x00,0x00,0x00,
  0x00,0x00,0x00,0x00,0x00,0x00,0x00,0x00,0x00,0x00,0x00,0x00,
  0x00,0x00,0x00,0x00,0x00,0x00,0x00,0x00,0x00,0x00,0x00,0x00,
  0x00,0x00,0x00,0x00,0x00,0x00,0x00,0xFF,0xDF,0xFF,0xFD,0xFD,
  0xDF,0xF5,0x00,0x00,0x00,0x00,0x00,0x00,0x00,0x00,0x00,0x00,
  0x00,0x00,0x00,0x00,0x00,0x00,0x00,0x00,0x00,0x00,0x00,0x00,
  0x00,0x00,0x00,0x00,0x00,0x00,0x00,0x00,0x00,0x00,0x00,0x00,
  0x00,0x00,0x00,0x00,0x00,0x00,0x00,0x00,0x00,0x00,0x00,0x00,
  0x00,0x00,0x00,0x00,0x00,0x00,0x00,0x00,0x00,0x00,0x00,0x00,
  0x00,0x00,0x00,0x00,0xB5,0xFE,0xFF,0xFF,0xFA,0x40,0x00,0x00,
  0x00,0x00,0x00,0x00,0x00,0x00,0x00,0x00,0x00,0x00,0x00,0x00,
  0x00,0x00,0x00,0x00,0x00,0x00,0x00,0x00,0x00,0x00,0x00,0x00,
  0x00,0x00,0x00,0x00,0x00,0x00,0x00,0x00,0x00,0x00,0x00,0x00,
};
static const uint8_t branded_ual[] PROGMEM = {
  0x00,0x00,0x00,0x00,0x00,0x00,0x00,0x00,0x00,0x00,0x00,0x00,
  0x00,0x00,0x00,0x00,0x00,0x00,0x00,0x00,0x00,0x00,0x00,0x00,
  0x00,0x00,0x00,0x00,0x00,0x00,0x00,0x00,0x00,0x00,0x00,0x00,
  0x00,0x00,0x00,0x00,0x00,0x00,0x00,0x00,0x00,0x00,0x00,0x00,
  0x00,0x00,0x00,0x00,0x00,0x00,0x00,0x00,0x00,0x00,0x00,0x00,
  0x00,0x00,0x00,0x1F,0xFF,0xFF,0xC0,0x00,0x00,0x00,0x00,0x00,
  0x00,0x00,0x00,0x00,0x00,0x00,0x00,0x00,0x00,0x00,0x00,0x00,
  0x00,0x00,0x00,0x00,0x00,0x00,0x00,0x00,0x00,0x00,0x00,0x00,
  0x00,0x00,0x00,0x00,0x00,0x00,0x00,0x00,0x00,0x00,0x00,0x00,
  0x00,0x00,0x00,0x00,0x00,0x00,0x00,0x00,0x00,0x00,0x00,0x00,
  0x00,0x00,0x00,0x00,0x00,0x00,0x00,0x00,0x00,0x00,0x00,0x77,
  0x7F,0xFF,0xE0,0x00,0x00,0x00,0x00,0x00,0x00,0x00,0x00,0x00,
  0x00,0x00,0x00,0x00,0x00,0x00,0x00,0x00,0x00,0x00,0x00,0x00,
  0x00,0x00,0x00,0x00,0x00,0x00,0x00,0x00,0x00,0x00,0x00,0x00,
  0x00,0x00,0x00,0x00,0x00,0x00,0x00,0x00,0x00,0x00,0x00,0x00,
  0x00,0x00,0x00,0x00,0x00,0x00,0x00,0x00,0x00,0x00,0x00,0x00,
  0x00,0x00,0x00,0x00,0x00,0x00,0x00,0xBF,0xFF,0xFF,0xC0,0x00,
  0x00,0x00,0x00,0x00,0x00,0x00,0x00,0x00,0x00,0x00,0x00,0x00,
  0x00,0x00,0x00,0x00,0x00,0x00,0x00,0x00,0x00,0x00,0x00,0x00,
  0x00,0x00,0x00,0x00,0x00,0x00,0x00,0x00,0x00,0x00,0x00,0x00,
  0x00,0x00,0x00,0x00,0x00,0x00,0x00,0x00,0x00,0x00,0x00,0x00,
  0x00,0x00,0x00,0x00,0x00,0x00,0x00,0x00,0x00,0x00,0x00,0x00,
  0x00,0x00,0x01,0x7D,0xF7,0x7E,0xC0,0x00,0x00,0x00,0x00,0x00,
  0x00,0x00,0x00,0x00,0x00,0x00,0x00,0x00,0x00,0x00,0x00,0x00,
  0x00,0x00,0x00,0x00,0x00,0x00,0x00,0x00,0x00,0x00,0x00,0x00,
  0x00,0x00,0x00,0x00,0x00,0x00,0x00,0x00,0x00,0x00,0x00,0x00,
  0x00,0x00,0x00,0x00,0x00,0x00,0x00,0x00,0x00,0x00,0x00,0x00,
  0x00,0x00,0x00,0x00,0x00,0x00,0x00,0x00,0x00,0x00,0x02,0x77,
  0xFF,0xFB,0xC0,0x00,0x00,0x00,0x00,0x00,0x00,0x00,0x00,0x00,
  0x00,0x00,0x00,0x00,0x00,0x00,0x00,0x00,0x00,0x00,0x00,0x00,
  0x00,0x00,0x00,0x00,0x00,0x00,0x00,0x00,0x00,0x00,0x00,0x00,
  0x00,0x00,0x00,0x00,0x00,0x00,0x00,0x00,0x00,0x00,0x00,0x00,
  0x00,0x00,0x00,0x00,0x00,0x00,0x00,0x00,0x00,0x00,0x00,0x00,
  0x00,0x00,0x00,0x00,0x00,0x00,0x04,0xFF,0xDF,0xFF,0x80,0x00,
  0x00,0x00,0x00,0x00,0x00,0x00,0x00,0x00,0x00,0x00,0x00,0x00,
  0x00,0x00,0x00,0x00,0x00,0x00,0x00,0x00,0x00,0x00,0x00,0x00,
  0x00,0x00,0x00,0x00,0x00,0x00,0x00,0x00,0x00,0x00,0x00,0x00,
  0x00,0x00,0x00,0x00,0x00,0x00,0x00,0x00,0x00,0x00,0x00,0x00,
  0x00,0x00,0x00,0x00,0x00,0x00,0x00,0x00,0x00,0x00,0x00,0x00,
  0x00,0x00,0x01,0xFF,0x7F,0xFF,0xC0,0x00,0x00,0x00,0x00,0x00,
  0x00,0x00,0x00,0x00,0x00,0x00,0x00,0x00,0x00,0x00,0x00,0x00,
  0x00,0x00,0x00,0x00,0x00,0x00,0x00,0x00,0x00,0x00,0x00,0x00,
  0x00,0x00,0x00,0x00,0x00,0x00,0x00,0x00,0x00,0x00,0x00,0x00,
  0x00,0x00,0x00,0x00,0x00,0x00,0x00,0x00,0x00,0x00,0x00,0x00,
  0x00,0x00,0x00,0x00,0x00,0x00,0x00,0x00,0x00,0x00,0x1B,0xDB,
  0xFF,0xDF,0x80,0x00,0x00,0x00,0x00,0x00,0x00,0x00,0x00,0x00,
  0x00,0x00,0x00,0x00,0x00,0x00,0x00,0x00,0x00,0x00,0x00,0x00,
  0x00,0x00,0x00,0x00,0x00,0x00,0x00,0x00,0x00,0x00,0x00,0x00,
  0x00,0x00,0x00,0x00,0x00,0x00,0x00,0x00,0x00,0x00,0x00,0x00,
  0x00,0x00,0x00,0x00,0x00,0x00,0x00,0x00,0x00,0x00,0x00,0x00,
  0x00,0x00,0x00,0x00,0x00,0x00,0x07,0xFF,0xFF,0xFF,0x80,0x00,
  0x00,0x00,0x00,0x00,0x00,0x00,0x00,0x00,0x00,0x00,0x00,0x00,
  0x00,0x00,0x00,0x00,0x00,0x00,0x00,0x00,0x00,0x00,0x00,0x00,
  0x00,0x00,0x00,0x00,0x00,0x00,0x00,0x00,0x00,0x00,0x00,0x00,
  0x00,0x00,0x00,0x00,0x00,0x00,0x00,0x00,0x00,0x00,0x00,0x00,
  0x00,0x00,0x00,0x00,0x00,0x00,0x00,0x00,0x00,0x00,0x00,0x00,
  0x00,0x00,0x2E,0xFF,0xFF,0xFF,0x00,0x00,0x00,0x00,0x00,0x00,
  0x00,0x00,0x00,0x00,0x00,0x00,0x00,0x00,0x00,0x00,0x00,0x00,
  0x00,0x00,0x00,0x00,0x00,0x00,0x00,0x00,0x00,0x00,0x00,0x00,
  0x00,0x00,0x00,0x00,0x00,0x00,0x00,0x00,0x00,0x00,0x00,0x00,
  0x00,0x00,0x00,0x00,0x00,0x00,0x00,0x00,0x00,0x00,0x00,0x00,
  0x00,0x00,0x00,0x00,0x00,0x00,0x00,0x00,0x00,0x00,0x5B,0xDF,
  0xFD,0xFF,0x00,0x00,0x00,0x00,0x00,0x00,0x00,0x00,0x00,0x00,
  0x00,0x00,0x00,0x00,0x00,0x00,0x00,0x00,0x00,0x00,0x00,0x00,
  0x00,0x00,0x00,0x00,0x00,0x00,0x00,0x00,0x00,0x00,0x00,0x00,
  0x00,0x00,0x00,0x00,0x00,0x00,0x00,0x00,0x00,0x00,0x00,0x00,
  0x00,0x00,0x00,0x00,0x00,0x00,0x00,0x00,0x00,0x00,0x00,0x00,
  0x00,0x00,0x00,0x00,0x00,0x00,0x9F,0xFB,0xBF,0xDF,0x00,0x00,
  0x00,0x00,0x00,0x00,0x00,0x00,0x00,0x00,0x00,0x00,0x00,0x00,
  0x00,0x00,0x00,0x00,0x00,0x00,0x00,0x00,0x00,0x00,0x00,0x00,
  0x00,0x00,0x00,0x00,0x00,0x00,0x00,0x00,0x00,0x00,0x00,0x00,
  0x00,0x00,0x00,0x00,0x00,0x00,0x00,0x00,0x00,0x00,0x00,0x00,
  0x00,0x00,0x00,0x00,0x00,0x00,0x00,0x00,0x00,0x00,0x00,0x00,
  0x00,0x01,0x3F,0x7F,0xFF,0xFF,0x00,0x00,0x00,0x00,0x00,0x00,
  0x00,0x00,0x00,0x00,0x00,0x00,0x00,0x00,0x00,0x00,0x00,0x00,
  0x00,0x00,0x00,0x00,0x00,0x00,0x00,0x00,0x00,0x00,0x00,0x00,
  0x00,0x00,0x00,0x00,0x00,0x00,0x00,0x00,0x00,0x00,0x00,0x00,
  0x00,0x00,0x00,0x00,0x00,0x00,0x00,0x00,0x00,0x00,0x00,0x00,
  0x00,0x00,0x00,0x00,0x00,0x00,0x00,0x00,0x00,0x00,0x77,0xFF,
  0xFF,0xFE,0x00,0x00,0x00,0x00,0x00,0x00,0x00,0x00,0x00,0x00,
  0x00,0x00,0x00,0x00,0x00,0x00,0x00,0x00,0x00,0x00,0x00,0x00,
  0x00,0x00,0x00,0x00,0x00,0x00,0x00,0x00,0x00,0x00,0x00,0x00,
  0x00,0x00,0x00,0x00,0x00,0x00,0x00,0x00,0x00,0x00,0x00,0x00,
  0x00,0x00,0x00,0x00,0x00,0x00,0x00,0x00,0x00,0x00,0x00,0x00,
  0x00,0x00,0x00,0x00,0x00,0x02,0xFE,0xFF,0xFE,0xFE,0x00,0x00,
  0x00,0x00,0x00,0x00,0x00,0x00,0x00,0x00,0x00,0x00,0x00,0x00,
  0x00,0x00,0x00,0x00,0x00,0x00,0x00,0x00,0x00,0x00,0x00,0x00,
  0x00,0x00,0x00,0x00,0x00,0x00,0x00,0x00,0x00,0x00,0x00,0x00,
  0x00,0x00,0x00,0x00,0x00,0x00,0x00,0x00,0x00,0x00,0x00,0x00,
  0x00,0x00,0x00,0x00,0x00,0x00,0x00,0x00,0x00,0x00,0x00,0x00,
  0x00,0x05,0xDF,0xEE,0xF7,0xFE,0x00,0x00,0x00,0x00,0x00,0x00,
  0x00,0x00,0x00,0x00,0x00,0x00,0x00,0x00,0x00,0x00,0x00,0x00,
  0x00,0x00,0x00,0x00,0x00,0x00,0x00,0x00,0x00,0x00,0x00,0x00,
  0x00,0x00,0x00,0x00,0x00,0x00,0x00,0x00,0x00,0x00,0x00,0x00,
  0x00,0x00,0x00,0x00,0x00,0x00,0x00,0x00,0x00,0x00,0x00,0x00,
  0x00,0x00,0x00,0x00,0x00,0x00,0x00,0x00,0x00,0x09,0xFB,0xFF,
  0xFF,0xF6,0x00,0x00,0x00,0x00,0x00,0x00,0x00,0x00,0x00,0x00,
  0x00,0x00,0x00,0x00,0x00,0x00,0x00,0x00,0x00,0x00,0x00,0x00,
  0x00,0x00,0x00,0x00,0x00,0x00,0x00,0x00,0x00,0x00,0x00,0x00,
  0x00,0x00,0x00,0x00,0x00,0x00,0x00,0x00,0x00,0x00,0x00,0x00,
  0x00,0x00,0x00,0x00,0x00,0x00,0x00,0x00,0x00,0x00,0x00,0x00,
  0x00,0x00,0x00,0x00,0x00,0x13,0xBF,0xBF,0xFF,0xFC,0x00,0x00,
  0x00,0x00,0x00,0x00,0x00,0x00,0x00,0x00,0x00,0x00,0x00,0x00,
  0x00,0x00,0x00,0x00,0x00,0x00,0x00,0x00,0x00,0x00,0x00,0x00,
  0x00,0x00,0x00,0x00,0x00,0x00,0x00,0x00,0x00,0x00,0x00,0x00,
  0x00,0x00,0x00,0x00,0x00,0x00,0x00,0x00,0x00,0x00,0x00,0x00,
  0x00,0x00,0x00,0x00,0x00,0x00,0x00,0x00,0x00,0x00,0x00,0x00,
  0x00,0x27,0xFF,0xFF,0xFF,0xFC,0x00,0x00,0x00,0x00,0x00,0x00,
  0x00,0x00,0x00,0x00,0x00,0x00,0x00,0x00,0x00,0x00,0x00,0x00,
  0x00,0x00,0x00,0x00,0x00,0x00,0x00,0x00,0x00,0x00,0x00,0x00,
  0x00,0x00,0x00,0x00,0x00,0x00,0x00,0x00,0x00,0x00,0x00,0x00,
  0x00,0x00,0x00,0x00,0x00,0x00,0x00,0x00,0x00,0x00,0x00,0x00,
  0x00,0x00,0x00,0x00,0x00,0x00,0x00,0x00,0x00,0x2E,0xED,0xFF,
  0xDF,0x7C,0x00,0x00,0x00,0x00,0x00,0x00,0x00,0x00,0x00,0x00,
  0x00,0x00,0x00,0x00,0x00,0x00,0x00,0x00,0x00,0x00,0x00,0x00,
  0x00,0x00,0x00,0x00,0x00,0x00,0x00,0x00,0x00,0x00,0x00,0x00,
  0x00,0x00,0x00,0x00,0x00,0x00,0x00,0x00,0x00,0x00,0x00,0x00,
  0x00,0x00,0x00,0x00,0x00,0x00,0x00,0x00,0x00,0x00,0x00,0x00,
  0x00,0x00,0x00,0x00,0x00,0x5F,0xFF,0xFB,0xFD,0xFC,0x00,0x00,
  0x00,0x00,0x00,0x00,0x00,0x00,0x00,0x00,0x00,0x00,0x00,0x00,
  0x00,0x00,0x00,0x00,0x00,0x00,0x00,0x00,0x00,0x00,0x00,0x00,
  0x00,0x00,0x00,0x00,0x00,0x00,0x00,0x00,0x00,0x00,0x00,0x00,
  0x00,0x00,0x00,0x00,0x00,0x00,0x00,0x00,0x00,0x00,0x00,0x00,
  0x00,0x00,0x00,0x00,0x00,0x00,0x00,0x00,0x00,0x00,0x00,0x00,
  0x00,0x9B,0xBF,0xEF,0xFF,0xF8,0x00,0x00,0x00,0x00,0x00,0x00,
  0x00,0x00,0x00,0x00,0x00,0x00,0x00,0x00,0x00,0x00,0x00,0x00,
  0x00,0x00,0x00,0x00,0x00,0x00,0x00,0x00,0x00,0x00,0x00,0x00,
  0x00,0x00,0x00,0x00,0x00,0x00,0x00,0x00,0x00,0x00,0x00,0x00,
  0x00,0x00,0x00,0x00,0x00,0x00,0x00,0x00,0x00,0x00,0x00,0x00,
  0x00,0x00,0x00,0x00,0x00,0x00,0x00,0x00,0x01,0x3F,0xFF,0x7F,
  0xFF,0xF8,0x00,0x00,0x00,0x00,0x00,0x00,0x00,0x00,0x00,0x00,
  0x00,0x00,0x00,0x00,0x00,0x00,0x00,0x00,0x00,0x00,0x00,0x00,
  0x00,0x00,0x00,0x00,0x00,0x00,0x00,0x00,0x00,0x00,0x00,0x00,
  0x00,0x00,0x00,0x00,0x00,0x00,0x00,0x00,0x00,0x00,0x00,0x00,
  0x00,0x00,0x00,0x00,0x00,0x00,0x00,0x00,0x00,0x00,0x00,0x00,
  0x00,0x00,0x00,0x00,0x02,0x7D,0xF7,0xFF,0xEF,0xF8,0x00,0x00,
  0x00,0x00,0x00,0x00,0x00,0x00,0x00,0x00,0x00,0x00,0x00,0x00,
  0x00,0x00,0x00,0x00,0x00,0x00,0x00,0x00,0x00,0x00,0x00,0x00,
  0x00,0x00,0x00,0x00,0x00,0x00,0x00,0x00,0x00,0x00,0x00,0x00,
  0x00,0x00,0x00,0x00,0x00,0x00,0x00,0x00,0x00,0x00,0x00,0x00,
  0x00,0x00,0x00,0x00,0x00,0x00,0x00,0x00,0x00,0x00,0x00,0x00,
  0x04,0xEF,0xDF,0xFF,0xBF,0xF0,0x00,0x00,0x00,0x00,0x00,0x00,
  0x00,0x00,0x00,0x00,0x00,0x00,0x00,0x00,0x00,0x00,0x00,0x00,
  0x00,0x00,0x00,0x00,0x00,0x00,0x00,0x00,0x00,0x00,0x00,0x00,
  0x00,0x00,0x00,0x00,0x00,0x00,0x00,0x00,0x00,0x00,0x00,0x00,
  0x00,0x00,0x00,0x00,0x00,0x00,0x00,0x00,0x00,0x00,0x00,0x00,
  0x00,0x00,0x00,0x00,0x00,0x00,0x00,0x00,0x05,0xFF,0x7F,0xFF,
  0xFF,0xD8,0x00,0x00,0x00,0x00,0x00,0x00,0x00,0x00,0x00,0x00,
  0x00,0x00,0x00,0x00,0x00,0x00,0x00,0x00,0x00,0x00,0x00,0x00,
  0x00,0x00,0x00,0x00,0x00,0x00,0x00,0x00,0x00,0x00,0x00,0x00,
  0x00,0x00,0x00,0x00,0x00,0x00,0x00,0x00,0x00,0x00,0x00,0x00,
  0x00,0x00,0x00,0x00,0x00,0x00,0x00,0x00,0x00,0x00,0x00,0x00,
  0x00,0x00,0x00,0x00,0x0B,0xBD,0xFF,0xFF,0xFF,0xF0,0x00,0x00,
  0x00,0x00,0x00,0x00,0x00,0x00,0x00,0x00,0x00,0x00,0x00,0x00,
  0x00,0x00,0x00,0x00,0x00,0x00,0x00,0x00,0x00,0x00,0x00,0x00,
  0x00,0x00,0x00,0x00,0x00,0x00,0x00,0x00,0x00,0x00,0x00,0x00,
  0x00,0x00,0x00,0x00,0x00,0x00,0x00,0x00,0x00,0x00,0x00,0x00,
  0x00,0x00,0x00,0x00,0x00,0x00,0x00,0x00,0x00,0x00,0x00,0x00,
  0x13,0xF7,0xFE,0xEE,0xFE,0xF0,0x00,0x00,0x00,0x00,0x00,0x00,
  0x00,0x00,0x00,0x00,0x00,0x00,0x00,0x00,0x00,0x00,0x00,0x00,
  0x00,0x00,0x00,0x00,0x00,0x00,0x00,0x00,0x00,0x00,0x00,0x00,
  0x00,0x00,0x00,0x00,0x00,0x00,0x00,0x00,0x00,0x00,0x00,0x00,
  0x00,0x00,0x00,0x00,0x00,0x00,0x00,0x00,0x00,0x00,0x00,0x00,
  0x00,0x00,0x00,0x00,0x00,0x00,0x00,0x00,0x26,0xFF,0xFF,0xFF,
  0xFF,0xF0,0x00,0x00,0x00,0x00,0x00,0x00,0x00,0x00,0x00,0x00,
  0x00,0x00,0x00,0x00,0x00,0x00,0x00,0x00,0x00,0x00,0x00,0x00,
  0x00,0x00,0x00,0x00,0x00,0x00,0x00,0x00,0x00,0x00,0x00,0x00,
  0x00,0x00,0x00,0x00,0x00,0x00,0x00,0x00,0x00,0x00,0x00,0x00,
  0x00,0x00,0x00,0x00,0x00,0x00,0x00,0x00,0x00,0x00,0x00,0x00,
  0x00,0x00,0x00,0x00,0x4F,0xDF,0xEF,0xFF,0xF7,0xE0,0x00,0x00,
  0x00,0x00,0x00,0x00,0x00,0x00,0x00,0x00,0x00,0x00,0x00,0x00,
  0x00,0x00,0x00,0x00,0x00,0x00,0x00,0x00,0x00,0x00,0x00,0x00,
  0x00,0x00,0x00,0x00,0x00,0x00,0x00,0x00,0x00,0x00,0x00,0x00,
  0x00,0x00,0x00,0x00,0x00,0x00,0x00,0x00,0x00,0x00,0x00,0x00,
  0x00,0x00,0x00,0x00,0x00,0x00,0x00,0x00,0x00,0x00,0x00,0x00,
  0x9F,0x7E,0xFF,0xFF,0xFF,0xE0,0x00,0x00,0x00,0x00,0x00,0x00,
  0x00,0x00,0x00,0x00,0x00,0x00,0x00,0x00,0x00,0x00,0x00,0x00,
  0x00,0x00,0x00,0x00,0x00,0x00,0x00,0x00,0x00,0x00,0x00,0x00,
  0x00,0x00,0x00,0x00,0x00,0x00,0x00,0x00,0x00,0x00,0x00,0x00,
  0x00,0x00,0x00,0x00,0x00,0x00,0x00,0x00,0x00,0x00,0x00,0x00,
  0x00,0x00,0x00,0x00,0x00,0x00,0x00,0x00,0xBD,0xFB,0xFF,0xFF,
  0xBF,0xE0,0x00,0x00,0x00,0x00,0x00,0x00,0x00,0x00,0x00,0x00,
  0x00,0x00,0x00,0x00,0x00,0x00,0x00,0x00,0x00,0x00,0x00,0x00,
  0x00,0x00,0x00,0x00,0x00,0x00,0x00,0x00,0x00,0x00,0x00,0x00,
  0x00,0x00,0x00,0x00,0x00,0x00,0x00,0x00,0x00,0x00,0x00,0x00,
  0x00,0x00,0x00,0x00,0x00,0x00,0x00,0x00,0x00,0x00,0x00,0x00,
  0x00,0x00,0x00,0x01,0x3F,0xFF,0xFE,0xEF,0xFF,0xE0,0x00,0x00,
  0x00,0x00,0x00,0x00,0x00,0x00,0x00,0x00,0x00,0x00,0x00,0x00,
  0x00,0x00,0x00,0x00,0x00,0x00,0x00,0x00,0x00,0x00,0x00,0x00,
  0x00,0x00,0x00,0x00,0x00,0x00,0x00,0x00,0x00,0x00,0x00,0x00,
  0x00,0x00,0x00,0x00,0x00,0x00,0x00,0x00,0x00,0x00,0x00,0x00,
  0x00,0x00,0x00,0x00,0x00,0x00,0x00,0x00,0x00,0x00,0x00,0x02,
  0x77,0xDF,0xFB,0xFE,0xFF,0xC0,0x00,0x00,0x00,0x00,0x00,0x00,
  0x00,0x00,0x00,0x00,0x00,0x00,0x00,0x00,0x00,0x00,0x00,0x00,
  0x00,0x00,0x00,0x00,0x00,0x00,0x00,0x00,0x00,0x00,0x00,0x00,
  0x00,0x00,0x00,0x00,0x00,0x00,0x00,0x00,0x00,0x00,0x00,0x00,
  0x00,0x00,0x00,0x00,0x00,0x00,0x00,0x00,0x00,0x00,0x00,0x00,
  0x00,0x00,0x00,0x00,0x00,0x00,0x00,0x04,0xFE,0xFF,0xDF,0xFF,
  0xFF,0xC0,0x00,0x00,0x00,0x00,0x00,0x00,0x00,0x00,0x00,0x00,
  0x00,0x00,0x00,0x00,0x00,0x00,0x00,0x00,0x00,0x00,0x00,0x00,
  0x00,0x00,0x00,0x00,0x00,0x00,0x00,0x00,0x00,0x00,0x00,0x00,
  0x00,0x00,0x00,0x00,0x00,0x00,0x00,0x00,0x00,0x00,0x00,0x00,
  0x00,0x00,0x00,0x00,0x00,0x00,0x00,0x00,0x00,0x00,0x00,0x00,
  0x00,0x00,0x00,0x08,0x6F,0xFB,0xFF,0xFF,0xFE,0xC0,0x00,0x00,
  0x00,0x00,0x00,0x00,0x00,0x00,0x00,0x00,0x00,0x00,0x00,0x00,
  0x00,0x00,0x00,0x00,0x00,0x00,0x00,0x00,0x00,0x00,0x00,0x00,
  0x00,0x00,0x00,0x00,0x00,0x00,0x00,0x00,0x00,0x00,0x00,0x00,
  0x00,0x00,0x00,0x00,0x00,0x00,0x00,0x00,0x00,0x00,0x00,0x00,
  0x00,0x00,0x00,0x00,0x00,0x00,0x00,0x00,0x00,0x00,0x00,0x10,
  0x1F,0xEF,0xFF,0xFF,0xFB,0xC0,0x00,0x00,0x00,0x00,0x00,0x00,
  0x00,0x00,0x00,0x00,0x00,0x00,0x00,0x00,0x00,0x00,0x00,0x00,
  0x00,0x00,0x00,0x00,0x00,0x00,0x00,0x00,0x00,0x00,0x00,0x00,
  0x00,0x00,0x00,0x00,0x00,0x00,0x00,0x00,0x00,0x00,0x00,0x00,
  0x00,0x00,0x00,0x00,0x00,0x00,0x00,0x00,0x00,0x00,0x00,0x00,
  0x00,0x00,0x00,0x00,0x00,0x00,0x00,0x16,0x0D,0xBF,0xFF,0xFD,
  0xFF,0x80,0x00,0x00,0x00,0x00,0x00,0x00,0x00,0x00,0x00,0x00,
  0x00,0x00,0x00,0x00,0x00,0x00,0x00,0x00,0x00,0x00,0x00,0x00,
  0x00,0x00,0x00,0x00,0x00,0x00,0x00,0x00,0x00,0x00,0x00,0x00,
  0x00,0x00,0x00,0x00,0x00,0x00,0x00,0x00,0x00,0x00,0x00,0x00,
  0x00,0x00,0x00,0x00,0x00,0x00,0x00,0x00,0x00,0x00,0x00,0x00,
  0x00,0x00,0x00,0x21,0x43,0xFF,0xBF,0xFF,0xFF,0x80,0x00,0x00,
  0x00,0x00,0x00,0x00,0x00,0x00,0x00,0x00,0x00,0x00,0x00,0x00,
  0x00,0x00,0x00,0x00,0x00,0x00,0x00,0x00,0x00,0x00,0x00,0x00,
  0x00,0x00,0x00,0x00,0x00,0x00,0x00,0x00,0x00,0x00,0x00,0x00,
  0x00,0x00,0x00,0x00,0x00,0x00,0x00,0x00,0x00,0x00,0x00,0x00,
  0x00,0x00,0x00,0x00,0x00,0x00,0x00,0x00,0x00,0x00,0x00,0x4D,
  0xA1,0xFF,0xFF,0xBB,0xEF,0x80,0x00,0x00,0x00,0x00,0x00,0x00,
  0x00,0x00,0x00,0x00,0x00,0x00,0x00,0x00,0x00,0x00,0x00,0x00,
  0x00,0x00,0x00,0x00,0x00,0x00,0x00,0x00,0x00,0x00,0x00,0x00,
  0x00,0x00,0x00,0x00,0x00,0x00,0x00,0x00,0x00,0x00,0x00,0x00,
  0x00,0x00,0x00,0x00,0x00,0x00,0x00,0x00,0x00,0x00,0x00,0x00,
  0x00,0x00,0x00,0x00,0x00,0x00,0x00,0x97,0xC8,0xFF,0xFD,0xFF,
  0xFF,0x80,0x00,0x00,0x00,0x00,0x00,0x00,0x00,0x00,0x00,0x00,
  0x00,0x00,0x00,0x00,0x00,0x00,0x00,0x00,0x00,0x00,0x00,0x00,
  0x00,0x00,0x00,0x00,0x00,0x00,0x00,0x00,0x00,0x00,0x00,0x00,
  0x00,0x00,0x00,0x00,0x00,0x00,0x00,0x00,0x00,0x00,0x00,0x00,
  0x00,0x00,0x00,0x00,0x00,0x00,0x00,0x00,0x00,0x00,0x00,0x00,
  0x00,0x00,0x01,0x01,0x6A,0x3B,0xFF,0xFF,0xFF,0x00,0x00,0x00,
  0x00,0x00,0x00,0x00,0x00,0x00,0x00,0x00,0x00,0x00,0x00,0x00,
  0x00,0x00,0x00,0x00,0x00,0x00,0x00,0x00,0x00,0x00,0x00,0x00,
  0x00,0x00,0x00,0x00,0x00,0x00,0x00,0x00,0x00,0x00,0x00,0x00,
  0x00,0x00,0x00,0x00,0x00,0x00,0x00,0x00,0x00,0x00,0x00,0x00,
  0x00,0x00,0x00,0x00,0x00,0x00,0x00,0x00,0x00,0x00,0x02,0x4A,
  0x24,0x1F,0xFF,0xFF,0xFF,0x00,0x00,0x00,0x00,0x00,0x00,0x00,
  0x00,0x00,0x00,0x00,0x00,0x00,0x00,0x00,0x00,0x00,0x00,0x00,
  0x00,0x00,0x00,0x00,0x00,0x00,0x00,0x00,0x00,0x00,0x00,0x00,
  0x00,0x00,0x00,0x00,0x00,0x00,0x00,0x00,0x00,0x00,0x00,0x00,
  0x00,0x00,0x00,0x00,0x00,0x00,0x00,0x00,0x00,0x00,0x00,0x00,
  0x00,0x00,0x00,0x00,0x00,0x00,0x02,0xC0,0x93,0x8F,0xDF,0xFF,
  0xFF,0x00,0x00,0x00,0x00,0x00,0x00,0x00,0x00,0x00,0x00,0x00,
  0x00,0x00,0x00,0x00,0x00,0x00,0x00,0x00,0x00,0x00,0x00,0x00,
  0x00,0x00,0x00,0x00,0x00,0x00,0x00,0x00,0x00,0x00,0x00,0x00,
  0x00,0x00,0x00,0x00,0x00,0x00,0x00,0x00,0x00,0x00,0x00,0x00,
  0x00,0x00,0x00,0x00,0x00,0x00,0x00,0x00,0x00,0x00,0x00,0x00,
  0x00,0x00,0x04,0x5E,0x59,0xA7,0xFF,0xEF,0x7E,0x00,0x00,0x00,
  0x00,0x00,0x00,0x00,0x00,0x00,0x00,0x00,0x00,0x00,0x00,0x00,
  0x00,0x00,0x00,0x00,0x00,0x00,0x00,0x00,0x00,0x00,0x00,0x00,
  0x00,0x00,0x00,0x00,0x00,0x00,0x00,0x00,0x00,0x00,0x00,0x00,
  0x00,0x00,0x00,0x00,0x00,0x00,0x00,0x00,0x00,0x00,0x00,0x00,
  0x00,0x00,0x00,0x00,0x00,0x00,0x00,0x00,0x00,0x00,0x08,0x6F,
  0x8C,0xC3,0xFF,0xFF,0xFB,0x00,0x00,0x00,0x00,0x00,0x00,0x00,
  0x00,0x00,0x00,0x00,0x00,0x00,0x00,0x00,0x00,0x00,0x00,0x00,
  0x00,0x00,0x00,0x00,0x00,0x00,0x00,0x00,0x00,0x00,0x00,0x00,
  0x00,0x00,0x00,0x00,0x00,0x00,0x00,0x00,0x00,0x00,0x00,0x00,
  0x00,0x00,0x00,0x00,0x00,0x00,0x00,0x00,0x00,0x00,0x00,0x00,
  0x00,0x00,0x00,0x00,0x00,0x00,0x12,0xC1,0xF6,0x31,0xFE,0xFF,
  0xFE,0x00,0x00,0x00,0x00,0x00,0x00,0x00,0x00,0x00,0x00,0x00,
  0x00,0x00,0x00,0x00,0x00,0x00,0x00,0x00,0x00,0x00,0x00,0x00,
  0x00,0x00,0x00,0x00,0x00,0x00,0x00,0x00,0x00,0x00,0x00,0x00,
  0x00,0x00,0x00,0x00,0x00,0x00,0x00,0x00,0x00,0x00,0x00,0x00,
  0x00,0x00,0x00,0x00,0x00,0x00,0x00,0x00,0x00,0x00,0x00,0x00,
  0x00,0x00,0x27,0xD4,0x7C,0xB4,0xFF,0xFF,0xFE,0x00,0x00,0x00,
  0x00,0x00,0x00,0x00,0x00,0x00,0x00,0x00,0x00,0x00,0x00,0x00,
  0x00,0x00,0x00,0x00,0x00,0x00,0x00,0x00,0x00,0x00,0x00,0x00,
  0x00,0x00,0x00,0x00,0x00,0x00,0x00,0x00,0x00,0x00,0x00,0x00,
  0x00,0x00,0x00,0x00,0x00,0x00,0x00,0x00,0x00,0x00,0x00,0x00,
  0x00,0x00,0x00,0x00,0x00,0x00,0x00,0x00,0x00,0x00,0x40,0xC1,
  0x1E,0x58,0xFF,0xFB,0xFC,0x00,0x00,0x00,0x00,0x00,0x00,0x00,
  0x00,0x00,0x00,0x00,0x00,0x00,0x00,0x00,0x00,0x00,0x00,0x00,
  0x00,0x00,0x00,0x00,0x00,0x00,0x00,0x00,0x00,0x00,0x00,0x00,
  0x00,0x00,0x00,0x00,0x00,0x00,0x00,0x00,0x00,0x00,0x00,0x00,
  0x00,0x00,0x00,0x00,0x00,0x00,0x00,0x00,0x00,0x00,0x00,0x00,
  0x00,0x00,0x00,0x00,0x00,0x00,0x52,0x5C,0xA7,0x4D,0x3F,0xDF,
  0xEE,0x00,0x00,0x00,0x00,0x00,0x00,0x00,0x00,0x00,0x00,0x00,
  0x00,0x00,0x00,0x00,0x00,0x00,0x00,0x00,0x00,0x00,0x00,0x00,
  0x00,0x00,0x00,0x00,0x00,0x00,0x00,0x00,0x00,0x00,0x00,0x00,
  0x00,0x00,0x00,0x00,0x00,0x00,0x00,0x00,0x00,0x00,0x00,0x00,
  0x00,0x00,0x00,0x00,0x00,0x00,0x00,0x00,0x00,0x00,0x00,0x00,
  0x00,0x00,0x9C,0xCF,0x11,0x74,0x3D,0xFF,0xFC,0x00,0x00,0x00,
  0x00,0x00,0x00,0x00,0x00,0x00,0x00,0x00,0x00,0x00,0x00,0x00,
  0x00,0x00,0x00,0x00,0x00,0x00,0x00,0x00,0x00,0x00,0x00,0x00,
  0x00,0x00,0x00,0x00,0x00,0x00,0x00,0x00,0x00,0x00,0x00,0x00,
  0x00,0x00,0x00,0x00,0x00,0x00,0x00,0x00,0x00,0x00,0x00,0x00,
  0x00,0x00,0x00,0x00,0x00,0x00,0x00,0x00,0x00,0x01,0x0E,0xC7,
  0xC5,0x7E,0x9F,0xFF,0xFC,0x00,0x00,0x00,0x00,0x00,0x00,0x00,
  0x00,0x00,0x00,0x00,0x00,0x00,0x00,0x00,0x00,0x00,0x00,0x00,
  0x00,0x00,0x00,0x00,0x00,0x00,0x00,0x00,0x00,0x00,0x00,0x00,
  0x00,0x00,0x00,0x00,0x00,0x00,0x00,0x00,0x00,0x00,0x00,0x00,
  0x00,0x00,0x00,0x00,0x00,0x00,0x00,0x00,0x00,0x00,0x00,0x00,
  0x00,0x00,0x00,0x00,0x00,0x02,0x43,0x91,0xF3,0x1E,0x8F,0xFF,
  0xFC,0x00,0x00,0x00,0x00,0x00,0x00,0x00,0x00,0x00,0x00,0x00,
  0x00,0x00,0x00,0x00,0x00,0x00,0x00,0x00,0x00,0x00,0x00,0x00,
  0x00,0x00,0x00,0x00,0x00,0x00,0x00,0x00,0x00,0x00,0x00,0x00,
  0x00,0x00,0x00,0x00,0x00,0x00,0x00,0x00,0x00,0x00,0x00,0x00,
  0x00,0x00,0x00,0x00,0x00,0x00,0x00,0x00,0x00,0x00,0x00,0x00,
  0x00,0x04,0xD1,0xAA,0x7D,0xA7,0x47,0xFF,0xF8,0x00,0x00,0x00,
  0x00,0x00,0x00,0x00,0x00,0x00,0x00,0x00,0x00,0x00,0x00,0x00,
  0x00,0x00,0x00,0x00,0x00,0x00,0x00,0x00,0x00,0x00,0x00,0x00,
  0x00,0x00,0x00,0x00,0x00,0x00,0x00,0x00,0x00,0x00,0x00,0x00,
  0x00,0x00,0x00,0x00,0x00,0x00,0x00,0x00,0x00,0x00,0x00,0x00,
  0x00,0x00,0x00,0x00,0x00,0x00,0x00,0x00,0x00,0x00,0xEB,0x38,
  0x9E,0x97,0x67,0xFF,0xB8,0x00,0x00,0x00,0x00,0x00,0x00,0x00,
  0x00,0x00,0x00,0x00,0x00,0x00,0x00,0x00,0x00,0x00,0x00,0x00,
  0x00,0x00,0x00,0x00,0x00,0x00,0x00,0x00,0x00,0x00,0x00,0x00,
  0x00,0x00,0x00,0x00,0x00,0x00,0x00,0x00,0x00,0x00,0x00,0x00,
  0x00,0x00,0x00,0x00,0x00,0x00,0x00,0x00,0x00,0x00,0x00,0x00,
  0x00,0x00,0x00,0x00,0x00,0x18,0x3A,0x5E,0x2F,0x91,0xA3,0xFE,
  0xF8,0x00,0x00,0x00,0x00,0x00,0x00,0x00,0x00,0x00,0x00,0x00,
  0x00,0x00,0x00,0x00,0x00,0x00,0x00,0x00,0x00,0x00,0x00,0x00,
  0x00,0x00,0x00,0x00,0x00,0x00,0x00,0x00,0x00,0x00,0x00,0x00,
  0x00,0x00,0x00,0x00,0x00,0x00,0x00,0x00,0x00,0x00,0x00,0x00,
  0x00,0x00,0x00,0x00,0x00,0x00,0x00,0x00,0x00,0x00,0x00,0x00,
  0x00,0x12,0xBE,0x1E,0x93,0x55,0xBB,0xDF,0xF0,0x00,0x00,0x00,
  0x00,0x00,0x00,0x00,0x00,0x00,0x00,0x00,0x00,0x00,0x00,0x00,
  0x00,0x00,0x00,0x00,0x00,0x00,0x00,0x00,0x00,0x00,0x00,0x00,
  0x00,0x00,0x00,0x00,0x00,0x00,0x00,0x00,0x00,0x00,0x00,0x00,
  0x00,0x00,0x00,0x00,0x00,0x00,0x00,0x00,0x00,0x00,0x00,0x00,
  0x00,0x00,0x00,0x00,0x00,0x00,0x00,0x00,0x00,0x27,0x0C,0xA7,
  0xA5,0xAA,0x91,0xFF,0xF8,0x00,0x00,0x00,0x00,0x00,0x00,0x00,
  0x00,0x00,0x00,0x00,0x00,0x00,0x00,0x00,0x00,0x00,0x00,0x00,
  0x00,0x00,0x00,0x00,0x00,0x00,0x00,0x00,0x00,0x00,0x00,0x00,
  0x00,0x00,0x00,0x00,0x00,0x00,0x00,0x00,0x00,0x00,0x00,0x00,
  0x00,0x00,0x00,0x00,0x00,0x00,0x00,0x00,0x00,0x00,0x00,0x00,
  0x00,0x00,0x00,0x00,0x00,0x4F,0x39,0x83,0xD3,0x3A,0xDC,0xFF,
  0xF0,0x00,0x00,0x00,0x00,0x00,0x00,0x00,0x00,0x00,0x00,0x00,
  0x00,0x00,0x00,0x00,0x00,0x00,0x00,0x00,0x00,0x00,0x00,0x00,
  0x00,0x00,0x00,0x00,0x00,0x00,0x00,0x00,0x00,0x00,0x00,0x00,
  0x00,0x00,0x00,0x00,0x00,0x00,0x00,0x00,0x00,0x00,0x00,0x00,
  0x00,0x00,0x00,0x00,0x00,0x00,0x00,0x00,0x00,0x00,0x00,0x00,
  0x00,0x87,0xE3,0xE9,0xF5,0xBD,0x54,0xFF,0xF0,0x00,0x00,0x00,
  0x00,0x00,0x00,0x00,0x00,0x00,0x00,0x00,0x00,0x00,0x00,0x00,
  0x00,0x00,0x00,0x00,0x00,0x00,0x00,0x00,0x00,0x00,0x00,0x00,
  0x00,0x00,0x00,0x00,0x00,0x00,0x00,0x00,0x00,0x00,0x00,0x00,
  0x00,0x00,0x00,0x00,0x00,0x00,0x00,0x00,0x00,0x00,0x00,0x00,
  0x00,0x00,0x00,0x00,0x00,0x00,0x00,0x00,0x00,0x93,0x85,0xEA,
  0x79,0x5E,0xD6,0x7F,0xE0,0x00,0x00,0x00,0x00,0x00,0x00,0x00,
  0x00,0x00,0x00,0x00,0x00,0x00,0x00,0x00,0x00,0x00,0x00,0x00,
  0x00,0x00,0x00,0x00,0x00,0x00,0x00,0x00,0x00,0x00,0x00,0x00,
  0x00,0x00,0x00,0x00,0x00,0x00,0x00,0x00,0x00,0x00,0x00,0x00,
  0x00,0x00,0x00,0x00,0x00,0x00,0x00,0x00,0x00,0x00,0x00,0x00,
  0x00,0x00,0x00,0x00,0x01,0x2E,0x50,0xF1,0x3F,0x2F,0x6A,0x7E,
  0xE0,0x00,0x00,0x00,0x00,0x00,0x00,0x00,0x00,0x00,0x00,0x00,
  0x00,0x00,0x00,0x00,0x00,0x00,0x00,0x00,0x00,0x00,0x00,0x00,
  0x00,0x00,0x00,0x00,0x00,0x00,0x00,0x00,0x00,0x00,0x00,0x00,
  0x00,0x00,0x00,0x00,0x00,0x00,0x00,0x00,0x00,0x00,0x00,0x00,
  0x00,0x00,0x00,0x00,0x00,0x00,0x00,0x00,0x00,0x00,0x00,0x00,
  0x02,0x78,0x75,0x7C,0xAF,0x47,0xEB,0x3F,0xE0,0x00,0x00,0x00,
  0x00,0x00,0x00,0x00,0x00,0x00,0x00,0x00,0x00,0x00,0x00,0x00,
  0x00,0x00,0x00,0x00,0x00,0x00,0x00,0x00,0x00,0x00,0x00,0x00,
  0x00,0x00,0x00,0x00,0x00,0x00,0x00,0x00,0x00,0x00,0x00,0x00,
  0x00,0x00,0x00,0x00,0x00,0x00,0x00,0x00,0x00,0x00,0x00,0x00,
  0x00,0x00,0x00,0x00,0x00,0x00,0x00,0x00,0x04,0xE1,0x78,0x3E,
  0x9E,0x29,0xE5,0x3F,0xE0,0x00,0x00,0x00,0x00,0x00,0x00,0x00,
  0x00,0x00,0x00,0x00,0x00,0x00,0x00,0x00,0x00,0x00,0x00,0x00,
  0x00,0x00,0x00,0x00,0x00,0x00,0x00,0x00,0x00,0x00,0x00,0x00,
  0x00,0x00,0x00,0x00,0x00,0x00,0x00,0x00,0x00,0x00,0x00,0x00,
  0x00,0x00,0x00,0x00,0x00,0x00,0x00,0x00,0x00,0x00,0x00,0x00,
  0x00,0x00,0x00,0x00,0x09,0x04,0xED,0x9E,0x46,0xCA,0xEB,0x9F,
  0xE0,0x00,0x00,0x00,0x00,0x00,0x00,0x00,0x00,0x00,0x00,0x00,
  0x00,0x00,0x00,0x00,0x00,0x00,0x00,0x00,0x00,0x00,0x00,0x00,
  0x00,0x00,0x00,0x00,0x00,0x00,0x00,0x00,0x00,0x00,0x00,0x00,
  0x00,0x00,0x00,0x00,0x00,0x00,0x00,0x00,0x00,0x00,0x00,0x00,
  0x00,0x00,0x00,0x00,0x00,0x00,0x00,0x00,0x00,0x00,0x00,0x00,
  0x08,0x39,0x3C,0x4F,0x2C,0xE5,0x69,0x5F,0xC0,0x00,0x00,0x00,
  0x00,0x00,0x00,0x00,0x00,0x00,0x00,0x00,0x00,0x00,0x00,0x00,
  0x00,0x00,0x00,0x00,0x00,0x00,0x00,0x00,0x00,0x00,0x00,0x00,
  0x00,0x00,0x00,0x00,0x00,0x00,0x00,0x00,0x00,0x00,0x00,0x00,
  0x00,0x00,0x00,0x00,0x00,0x00,0x00,0x00,0x00,0x00,0x00,0x00,
  0x00,0x00,0x00,0x00,0x00,0x00,0x00,0x00,0x21,0xFA,0x7F,0x2F,
  0xCD,0xF2,0x6D,0x8F,0xC0,0x00,0x00,0x00,0x00,0x00,0x00,0x00,
  0x00,0x00,0x00,0x00,0x00,0x00,0x00,0x00,0x00,0x00,0x00,0x00,
  0x00,0x00,0x00,0x00,0x00,0x00,0x00,0x00,0x00,0x00,0x00,0x00,
  0x00,0x00,0x00,0x00,0x00,0x00,0x00,0x00,0x00,0x00,0x00,0x00,
  0x00,0x00,0x00,0x00,0x00,0x00,0x00,0x00,0x00,0x00,0x00,0x00,
  0x00,0x00,0x00,0x00,0x21,0xEC,0x9F,0x43,0xD8,0xF9,0x6E,0xCF,
  0xC0,0x00,0x00,0x00,0x00,0x00,0x00,0x00,0x00,0x00,0x00,0x00,
  0x00,0x00,0x00,0x00,0x00,0x00,0x00,0x00,0x00,0x00,0x00,0x00,
  0x00,0x00,0x00,0x00,0x00,0x00,0x00,0x00,0x00,0x00,0x00,0x00,
  0x00,0x00,0x00,0x00,0x00,0x00,0x00,0x00,0x00,0x00,0x00,0x00,
  0x00,0x00,0x00,0x00,0x00,0x00,0x00,0x00,0x00,0x00,0x00,0x00,
  0x49,0xBE,0x1F,0x2B,0xF2,0x7D,0x6F,0x4F,0x80,0x00,0x00,0x00,
  0x00,0x00,0x00,0x00,0x00,0x00,0x00,0x00,0x00,0x00,0x00,0x00,
  0x00,0x00,0x00,0x00,0x00,0x00,0x00,0x00,0x00,0x00,0x00,0x00,
  0x00,0x00,0x00,0x00,0x00,0x00,0x00,0x00,0x00,0x00,0x00,0x00,
  0x00,0x00,0x00,0x00,0x00,0x00,0x00,0x00,0x00,0x00,0x00,0x00,
  0x00,0x00,0x00,0x00,0x00,0x00,0x00,0x00,0x90,0xFE,0xAD,0xD5,
  0xEA,0xBE,0xC7,0xE7,0x80,0x00,0x00,0x00,0x00,0x00,0x00,0x00,
  0x00,0x00,0x00,0x00,0x00,0x00,0x00,0x00,0x00,0x00,0x00,0x00,
  0x00,0x00,0x00,0x00,0x00,0x00,0x00,0x00,0x00,0x00,0x00,0x00,
  0x00,0x00,0x00,0x00,0x00,0x00,0x00,0x00,0x00,0x00,0x00,0x00,
  0x00,0x00,0x00,0x00,0x00,0x00,0x00,0x00,0x00,0x00,0x00,0x00,
  0x00,0x00,0x00,0x01,0x24,0xFA,0x07,0xC0,0xC5,0x5E,0x6B,0xC7,
  0x80,0x00,0x00,0x00,0x00,0x00,0x00,0x00,0x00,0x00,0x00,0x00,
  0x00,0x00,0x00,0x00,0x00,0x00,0x00,0x00,0x00,0x00,0x00,0x00,
  0x00,0x00,0x00,0x00,0x00,0x00,0x00,0x00,0x00,0x00,0x00,0x00,
  0x00,0x00,0x00,0x00,0x00,0x00,0x00,0x00,0x00,0x00,0x00,0x00,
  0x00,0x00,0x00,0x00,0x05,0x80,0x00,0x00,0x00,0x00,0x00,0x00,
  0x72,0xEF,0xAF,0xEB,0xAD,0x2F,0xC9,0xE7,0x80,0x00,0x00,0x00,
  0x00,0x00,0x00,0x00,0x00,0x00,0x00,0x00,0x00,0x00,0x00,0x00,
  0x00,0x00,0x00,0x00,0x00,0x00,0x00,0x00,0x00,0x00,0x00,0x00,
  0x00,0x00,0x00,0x00,0x00,0x00,0x00,0x00,0x00,0x00,0x00,0x00,
  0x00,0x00,0x00,0x00,0x00,0x00,0x00,0x00,0x00,0x00,0x00,0x00,
  0x7F,0x00,0x00,0x00,0x00,0x00,0x00,0x02,0xB0,0x7F,0x23,0xE7,
  0x3C,0xA7,0xD5,0xEB,0x00,0x00,0x00,0x00,0x00,0x00,0x00,0x00,
  0x00,0x00,0x00,0x00,0x00,0x00,0x00,0x00,0x00,0x00,0x00,0x00,
  0x00,0x00,0x00,0x00,0x00,0x00,0x00,0x00,0x00,0x00,0x00,0x00,
  0x00,0x00,0x00,0x00,0x00,0x00,0x00,0x00,0x00,0x00,0x00,0x00,
  0x00,0x00,0x00,0x00,0x00,0x00,0x00,0x01,0xFE,0x00,0x00,0x00,
  0x00,0x00,0x00,0x04,0xFA,0xFF,0x95,0xFE,0xBF,0x57,0x94,0x63,
  0x80,0x00,0x00,0x00,0x00,0x00,0x00,0x00,0x00,0x00,0x00,0x00,
  0x00,0x00,0x00,0x00,0x00,0x00,0x00,0x00,0x00,0x00,0x00,0x00,
  0x00,0x00,0x00,0x00,0x00,0x00,0x00,0x00,0x00,0x00,0x00,0x00,
  0x00,0x00,0x00,0x00,0x00,0x00,0x00,0x00,0x00,0x00,0x00,0x00,
  0x00,0x00,0x00,0x03,0xBE,0x00,0x00,0x00,0x00,0x00,0x00,0x09,
  0xD0,0x3B,0xC9,0xF8,0x5F,0x29,0xCA,0xB3,0x00,0x00,0x00,0x00,
  0x00,0x00,0x00,0x00,0x00,0x00,0x00,0x00,0x00,0x00,0x00,0x00,
  0x00,0x00,0x00,0x00,0x00,0x00,0x00,0x00,0x00,0x00,0x00,0x00,
  0x00,0x00,0x00,0x00,0x00,0x00,0x00,0x00,0x00,0x00,0x00,0x00,
  0x00,0x00,0x00,0x00,0x00,0x00,0x00,0x00,0x00,0x00,0x00,0x05,
  0xF4,0x00,0x00,0x00,0x00,0x00,0x00,0x13,0xFA,0xBF,0xA2,0xEA,
  0x8F,0x95,0xB5,0x6B,0x00,0x00,0x00,0x00,0x00,0x00,0x00,0x00,
  0x00,0x00,0x00,0x00,0x00,0x00,0x00,0x00,0x00,0x00,0x00,0x00,
  0x00,0x00,0x00,0x00,0x00,0x00,0x00,0x00,0x00,0x00,0x00,0x00,
  0x00,0x00,0x00,0x00,0x00,0x00,0x00,0x00,0x00,0x00,0x00,0x00,
  0x00,0x00,0x00,0x00,0x00,0x00,0x00,0x07,0xFC,0x00,0x00,0x00,
  0x00,0x00,0x00,0x23,0x78,0x7F,0xCB,0xC4,0xAF,0xCB,0x3A,0xA9,
  0x00,0x00,0x00,0x00,0x00,0x00,0x00,0x00,0x00,0x00,0x00,0x00,
  0x00,0x00,0x00,0x00,0x00,0x00,0x00,0x00,0x00,0x00,0x00,0x00,
  0x00,0x00,0x00,0x00,0x00,0x00,0x00,0x00,0x00,0x00,0x00,0x00,
  0x00,0x00,0x00,0x00,0x00,0x00,0x00,0x00,0x00,0x00,0x00,0x00,
  0x00,0x00,0x00,0x1F,0xF8,0x00,0x00,0x00,0x00,0x00,0x00,0x07,
  0xDA,0xB6,0xEF,0x1E,0x57,0xEB,0x79,0x35,0x00,0x00,0x00,0x00,
  0x00,0x00,0x00,0x00,0x00,0x00,0x00,0x00,0x00,0x00,0x00,0x00,
  0x00,0x00,0x00,0x00,0x00,0x00,0x00,0x00,0x00,0x00,0x00,0x00,
  0x00,0x00,0x00,0x00,0x00,0x00,0x00,0x00,0x00,0x00,0x00,0x00,
  0x00,0x00,0x00,0x00,0x00,0x00,0x00,0x00,0x00,0x00,0x00,0x1F,
  0x70,0x00,0x00,0x00,0x00,0x00,0x00,0x8E,0xF8,0x1F,0xF8,0x7E,
  0xA7,0xE6,0x7E,0xA8,0x00,0x00,0x00,0x00,0x00,0x00,0x00,0x00,
  0x00,0x00,0x00,0x00,0x00,0x00,0x00,0x00,0x00,0x00,0x00,0x00,
  0x00,0x00,0x00,0x00,0x00,0x00,0x00,0x00,0x00,0x00,0x00,0x00,
  0x00,0x00,0x00,0x00,0x00,0x00,0x00,0x00,0x00,0x00,0x00,0x00,
  0x00,0x00,0x00,0x00,0x00,0x00,0x00,0x5D,0xF0,0x00,0x00,0x00,
  0x00,0x00,0x02,0x0B,0xEA,0xBF,0xA2,0x6F,0x13,0xB6,0x9E,0x76,
  0x00,0x00,0x00,0x00,0x00,0x00,0x00,0x00,0x00,0x00,0x00,0x00,
  0x00,0x00,0x00,0x00,0x00,0x00,0x00,0x00,0x00,0x00,0x00,0x00,
  0x00,0x00,0x00,0x00,0x00,0x00,0x00,0x00,0x00,0x00,0x00,0x00,
  0x00,0x00,0x00,0x00,0x00,0x00,0x00,0x00,0x00,0x00,0x00,0x00,
  0x00,0x00,0x00,0x7F,0xE0,0x00,0x00,0x00,0x00,0x00,0x00,0x2F,
  0xBF,0xFA,0x09,0x3F,0x55,0xFC,0x5F,0x68,0x00,0x00,0x00,0x00,
  0x00,0x00,0x00,0x00,0x00,0x00,0x00,0x00,0x00,0x00,0x00,0x00,
  0x00,0x00,0x00,0x00,0x00,0x00,0x00,0x00,0x00,0x00,0x00,0x00,
  0x00,0x00,0x00,0x00,0x00,0x00,0x00,0x00,0x00,0x00,0x00,0x00,
  0x00,0x00,0x00,0x00,0x00,0x00,0x00,0x00,0x00,0x00,0x00,0xFF,
  0xE0,0x00,0x00,0x00,0x00,0x00,0x10,0x7E,0xFD,0x40,0xF4,0xBF,
  0xA9,0xFD,0x4F,0xB4,0x00,0x00,0x00,0x00,0x00,0x00,0x00,0x00,
  0x00,0x00,0x00,0x00,0x00,0x00,0x00,0x00,0x00,0x00,0x00,0x00,
  0x00,0x00,0x00,0x00,0x00,0x00,0x00,0x00,0x00,0x00,0x00,0x00,
  0x00,0x00,0x00,0x00,0x00,0x00,0x00,0x00,0x00,0x00,0x00,0x00,
  0x00,0x00,0x00,0x00,0x00,0x00,0x01,0xEF,0x40,0x00,0x00,0x00,
  0x00,0x00,0x40,0x00,0x00,0x17,0xFA,0x5F,0xAA,0xF8,0xAF,0xA4,
  0x00,0x00,0x00,0x00,0x00,0x00,0x00,0x00,0x00,0x00,0x00,0x00,
  0x00,0x00,0x00,0x00,0x00,0x00,0x00,0x00,0x00,0x00,0x00,0x00,
  0x00,0x00,0x00,0x00,0x00,0x00,0x00,0x00,0x00,0x00,0x00,0x00,
  0x00,0x00,0x00,0x00,0x00,0x00,0x00,0x00,0x00,0x00,0x00,0x00,
  0x00,0x00,0x03,0xBF,0xC0,0x00,0x00,0x00,0x00,0x01,0x01,0x4A,
  0xAA,0xAF,0x79,0x1B,0xD4,0xF2,0x93,0xF4,0x00,0x00,0x00,0x00,
  0x00,0x00,0x00,0x00,0x00,0x00,0x00,0x00,0x00,0x00,0x00,0x00,
  0x00,0x00,0x00,0x00,0x00,0x00,0x00,0x00,0x00,0x00,0x00,0x00,
  0x00,0x00,0x00,0x00,0x00,0x00,0x00,0x00,0x00,0x00,0x00,0x00,
  0x00,0x00,0x00,0x00,0x00,0x00,0x00,0x00,0x00,0x00,0x07,0xFD,
  0x80,0x00,0x00,0x00,0x00,0x04,0x01,0x1F,0xFC,0x4F,0xFA,0xAF,
  0xE2,0xE6,0x57,0xE4,0x00,0x00,0x00,0x00,0x00,0x00,0x00,0x00,
  0x00,0x00,0x00,0x00,0x00,0x00,0x00,0x00,0x00,0x00,0x00,0x00,
  0x00,0x00,0x00,0x00,0x00,0x00,0x00,0x00,0x00,0x00,0x00,0x00,
  0x00,0x00,0x00,0x00,0x00,0x00,0x00,0x00,0x00,0x00,0x00,0x00,
  0x00,0x00,0x00,0x00,0x00,0x00,0x0B,0xFF,0x80,0x00,0x00,0x00,
  0x00,0x50,0x06,0x0F,0xFD,0x1F,0xEC,0x8F,0xEA,0xCF,0x49,0xE8,
  0x00,0x00,0x00,0x00,0x00,0x00,0x00,0x00,0x00,0x00,0x00,0x00,
  0x00,0x00,0x00,0x00,0x00,0x00,0x00,0x00,0x00,0x00,0x00,0x00,
  0x00,0x00,0x00,0x00,0x00,0x00,0x00,0x00,0x00,0x00,0x00,0x00,
  0x00,0x00,0x00,0x00,0x00,0x00,0x00,0x00,0x00,0x00,0x00,0x00,
  0x00,0x00,0x1F,0xBF,0x00,0x00,0x00,0x00,0x02,0x00,0x06,0xAB,
  0x6C,0xA7,0xBD,0x57,0xEB,0x9F,0x55,0xE8,0x00,0x00,0x00,0x00,
  0x00,0x00,0x00,0x00,0x00,0x00,0x00,0x00,0x00,0x00,0x00,0x00,
  0x00,0x00,0x00,0x00,0x00,0x00,0x00,0x00,0x00,0x00,0x00,0x00,
  0x00,0x00,0x00,0x00,0x00,0x00,0xC0,0x00,0x00,0x00,0x00,0x00,
  0x00,0x00,0x00,0x00,0x00,0x00,0x00,0x00,0x00,0x00,0x2F,0xFB,
  0x00,0x00,0x00,0x00,0x10,0x00,0x0E,0x0F,0xFE,0x17,0xFE,0x27,
  0xF7,0x5F,0xAA,0xC8,0x00,0x00,0x00,0x00,0x00,0x00,0x00,0x00,
  0x00,0x00,0x00,0x00,0x00,0x00,0x00,0x00,0x00,0x00,0x00,0x00,
  0x00,0x00,0x00,0x00,0x00,0x00,0x00,0x00,0x00,0x00,0x00,0x00,
  0x00,0x00,0x00,0x00,0x00,0x00,0x00,0x00,0x00,0x00,0x00,0x00,
  0x00,0x00,0x00,0x00,0x00,0x00,0x5E,0xFE,0x00,0x00,0x00,0x01,
  0x40,0x00,0x1C,0xAF,0xFD,0x4E,0xFD,0x53,0xFE,0x2F,0x90,0xD0,
  0x00,0x00,0x00,0x00,0x00,0x00,0x00,0x00,0x00,0x00,0x00,0x00,
  0x00,0x00,0x00,0x00,0x00,0x00,0x00,0x00,0x00,0x00,0x00,0x00,
  0x00,0x00,0x00,0x00,0x00,0x00,0x00,0x00,0x00,0x02,0xC0,0x00,
  0x00,0x00,0x00,0x00,0x00,0x00,0x00,0x00,0x00,0x00,0x00,0x00,
  0x00,0x00,0xBF,0xEE,0x00,0x00,0x00,0x08,0x00,0x00,0x3E,0x1D,
  0xBC,0xA7,0xFE,0x97,0xB8,0xAF,0xCA,0xD8,0x00,0x00,0x00,0x00,
  0x00,0x00,0x00,0x00,0x00,0x00,0x00,0x00,0x00,0x00,0x00,0x00,
  0x00,0x00,0x00,0x00,0x00,0x00,0x00,0x00,0x00,0x00,0x00,0x00,
  0x00,0x00,0x00,0x00,0x00,0x00,0x00,0x00,0x00,0x00,0x00,0x00,
  0x00,0x00,0x00,0x00,0x00,0x00,0x00,0x00,0x00,0x00,0xFF,0xFC,
  0x00,0x00,0x00,0xA0,0x00,0x00,0x7C,0xAF,0xF6,0x17,0xFF,0x51,
  0xF2,0x97,0xEA,0x90,0x00,0x00,0x00,0x00,0x00,0x00,0x00,0x00,
  0x00,0x00,0x00,0x00,0x00,0x00,0x00,0x00,0x10,0x00,0x00,0x00,
  0x00,0x00,0x00,0x00,0x00,0x00,0x00,0x00,0x00,0x00,0x00,0x00,
  0x00,0x04,0x80,0x00,0x00,0x00,0x00,0x00,0x00,0x12,0xA8,0x00,
  0x00,0x00,0x00,0x00,0x00,0x02,0xFB,0xB8,0x00,0x00,0x04,0x00,
  0x00,0x01,0xF6,0x4F,0xFE,0xA3,0xEE,0x97,0xC5,0x57,0xE9,0xD0,
  0x00,0x00,0x00,0x00,0x00,0x00,0x00,0x00,0x00,0x00,0x00,0x00,
  0x00,0x00,0x00,0x00,0x20,0x00,0x00,0x00,0x00,0x00,0x00,0x00,
  0x00,0x00,0x00,0x00,0x00,0x00,0x00,0x00,0x00,0x01,0x00,0x00,
  0x00,0x00,0x00,0x00,0x00,0x80,0x02,0xA0,0x00,0x00,0x00,0x10,
  0x00,0x03,0xFF,0xF8,0x00,0x00,0x20,0x00,0x00,0x03,0xFD,0x1B,
  0x7E,0x4B,0xFF,0x5F,0x2D,0x2B,0xF5,0x90,0x00,0x00,0x00,0x00,
  0x00,0x00,0x00,0x00,0x00,0x00,0x00,0x00,0x00,0x00,0x00,0x00,
  0x40,0x00,0x00,0x00,0x00,0x00,0x00,0x00,0x00,0x00,0x00,0x00,
  0x00,0x00,0x01,0x00,0x00,0x10,0x00,0x00,0x00,0x00,0x00,0x00,
  0x02,0x01,0x51,0x10,0x00,0x00,0x00,0x20,0x00,0x0B,0xEF,0xF0,
  0x00,0x02,0x80,0x00,0x01,0x07,0x6C,0xAF,0xFE,0x27,0xBF,0xFC,
  0xBE,0xA7,0xF3,0x20,0x00,0x00,0x00,0x00,0x00,0x00,0x00,0x00,
  0x00,0x00,0x00,0x00,0x00,0x00,0x02,0x55,0x2A,0xD5,0xAA,0xAB,
  0x6B,0x55,0x6B,0x6D,0xB6,0xAD,0xB5,0x6A,0xAA,0xAA,0xAD,0xAA,
  0xAA,0xA5,0xAA,0xAA,0xAA,0xAA,0xAA,0xAA,0xA8,0x2A,0x4E,0xED,
  0x49,0x24,0x89,0x54,0x92,0x4F,0xFF,0x72,0x20,0x28,0x00,0x00,
  0x00,0x1F,0xFD,0x1F,0xEE,0x93,0xFF,0xE1,0x7E,0x93,0xFB,0x50,
  0x00,0x00,0x00,0x00,0x00,0x00,0x00,0x00,0x00,0x00,0x00,0x00,
  0x00,0x95,0x54,0x00,0x00,0x00,0x00,0x00,0x00,0x00,0x00,0x00,
  0x00,0x00,0x00,0x00,0x00,0x00,0x00,0x00,0x00,0x00,0x00,0x00,
  0x00,0x00,0x00,0x00,0x02,0x95,0x52,0x10,0x04,0x00,0x20,0x02,
  0x04,0x2F,0x7D,0xE9,0x4B,0x45,0x55,0x55,0x52,0x7D,0xFC,0x4E,
  0xFE,0x4B,0xFD,0x0A,0xFE,0xA9,0xFE,0x40,0x00,0x00,0x00,0x00,
  0x00,0x00,0x00,0x00,0x00,0x00,0x00,0x00,0x95,0x20,0x00,0x88,
  0x92,0x12,0x12,0x48,0x08,0x22,0x08,0x00,0x00,0x90,0x04,0x89,
  0x24,0x92,0x48,0x12,0x49,0x20,0x22,0x10,0x02,0x20,0x88,0x20,
  0x20,0x00,0x00,0x80,0x20,0x49,0x02,0x48,0x20,0x5D,0xFF,0xE0,
  0x00,0x00,0x00,0x00,0x04,0x26,0xB7,0xFF,0xFB,0x7F,0xE8,0x54,
  0x7F,0x55,0xFC,0xA0,0x00,0x00,0x00,0x00,0x00,0x00,0x00,0x00,
  0x00,0x00,0x00,0x2A,0x00,0x02,0x20,0x20,0x00,0x00,0x00,0x00,
  0x20,0x00,0x40,0x91,0x24,0x00,0x90,0x00,0x00,0x00,0x00,0x80,
  0x00,0x04,0x80,0x41,0x20,0x04,0x01,0x04,0x80,0x00,0x08,0x02,
  0x00,0x00,0x08,0x00,0x00,0x7F,0xEF,0xC2,0x10,0x24,0x00,0x00,
  0x40,0x80,0x02,0x57,0xBF,0xFA,0x05,0xA5,0x7F,0x24,0xED,0x00,
  0x00,0x00,0x00,0x00,0x00,0x00,0x00,0x00,0x00,0x00,0x05,0x40,
  0x40,0x08,0x00,0x00,0x00,0x00,0x00,0x00,0x00,0x00,0x00,0x00,
  0x00,0x00,0x00,0x00,0x00,0x00,0x00,0x00,0x00,0x00,0x00,0x00,
  0x00,0x00,0x00,0x00,0x00,0x00,0x00,0x00,0x00,0x00,0x00,0x00,
  0x00,0xBF,0xFF,0xC0,0x00,0x80,0x22,0x02,0x00,0x00,0x00,0x00,
  0x02,0x80,0xBF,0xD2,0xBF,0x95,0x78,0xC0,0x00,0x02,0xDF,0xE0,
  0x00,0x00,0x00,0x00,0x00,0x00,0x50,0x00,0x08,0x00,0x00,0x00,
  0x00,0x00,0x00,0x00,0x00,0x00,0x00,0x00,0x00,0x00,0x00,0x00,
  0x00,0x00,0x00,0x00,0x00,0x00,0x00,0x00,0x00,0x00,0x00,0x00,
  0x00,0x00,0x00,0x00,0x00,0x00,0x00,0x00,0x01,0x7F,0xBE,0x80,
  0x00,0x00,0x00,0x00,0x00,0x00,0x40,0x00,0x00,0x08,0x0B,0xD5,
  0x7F,0xAA,0xFA,0x40,0x00,0xBF,0xF7,0x40,0x00,0x00,0x00,0x00,
  0x00,0x02,0x00,0x00,0x00,0x40,0x00,0x00,0x00,0x00,0x00,0x00,
  0x00,0x00,0x00,0x00,0x00,0x00,0x00,0x00,0x00,0x00,0x00,0x00,
  0x00,0x00,0x00,0x00,0x00,0x00,0x00,0x00,0x00,0x00,0x00,0x00,
  0x00,0x00,0x00,0x00,0x02,0xF6,0xFF,0x80,0x00,0x00,0x00,0x00,
  0x00,0x00,0x00,0x00,0x00,0x00,0x00,0x00,0x15,0xAA,0x73,0x40,
  0x57,0x6D,0xBC,0x00,0x00,0x00,0x00,0x00,0x00,0x28,0x00,0x00,
  0x00,0x00,0x00,0x00,0x00,0x00,0x00,0x00,0x00,0x00,0x00,0x00,
  0x00,0x00,0x00,0x00,0x00,0x00,0x00,0x00,0x00,0x00,0x00,0x00,
  0x00,0x00,0x00,0x00,0x00,0x00,0x00,0x00,0x00,0x00,0x00,0x00,
  0x07,0xFF,0xFB,0x00,0x00,0x00,0x00,0x00,0x00,0x00,0x00,0x00,
  0x00,0x00,0x00,0x00,0x00,0x01,0x4B,0x4B,0x7D,0xFF,0xF0,0x00,
  0x00,0x00,0x00,0x00,0x00,0x80,0x00,0x00,0x92,0x80,0x00,0x00,
  0x00,0x00,0x00,0x00,0x00,0x00,0x00,0x00,0x00,0x00,0x00,0x00,
  0x00,0x00,0x00,0x00,0x00,0x00,0x00,0x00,0x00,0x00,0x00,0x00,
  0x00,0x00,0x00,0x00,0x00,0x00,0x00,0x00,0x0B,0xFF,0xFF,0x00,
  0x00,0x00,0x00,0x00,0x00,0x00,0x00,0x00,0x00,0x00,0x00,0x00,
  0x00,0x00,0x00,0xAF,0xEF,0x55,0x80,0x00,0x00,0x00,0x00,0x00,
  0x04,0x00,0x00,0x00,0x00,0x10,0x00,0x3C,0x01,0xF0,0x0F,0x00,
  0x74,0x03,0xC0,0x2D,0x6A,0xC0,0x2B,0x6D,0x00,0x6D,0xA0,0x00,
  0x00,0x00,0x00,0x00,0x00,0x00,0x00,0x00,0x00,0x00,0x00,0x00,
  0x00,0x00,0x00,0x00,0x17,0xDF,0xEE,0x00,0x00,0x00,0x00,0x00,
  0x00,0x02,0x90,0x00,0x00,0x00,0x00,0x00,0x00,0x00,0x5F,0xFD,
  0xBB,0xFE,0x00,0x00,0x00,0x00,0x00,0x00,0x10,0x00,0x00,0x00,
  0x00,0x00,0x00,0x3E,0x00,0xF0,0x1F,0x80,0x78,0x01,0xE0,0x3F,
  0xFF,0xE0,0x3F,0xFF,0x00,0x7F,0xFC,0x00,0x00,0x00,0x00,0x00,
  0x00,0x00,0x00,0x00,0x00,0x00,0x00,0x00,0x00,0x00,0x00,0x00,
  0x2F,0xFB,0x7C,0x00,0x00,0x00,0x00,0x00,0x00,0x04,0x04,0x00,
  0x00,0x00,0x00,0x00,0x00,0x15,0xB7,0x6F,0xEE,0xD8,0x00,0x00,
  0x00,0x00,0x00,0x00,0x40,0x00,0x00,0x00,0x40,0x00,0x00,0x3E,
  0x01,0xF0,0x0F,0xC0,0x7C,0x03,0xE0,0x3F,0xFF,0xE0,0x3F,0xFF,
  0x00,0x7F,0xFF,0x00,0x00,0x00,0x00,0x00,0x00,0x00,0x00,0x00,
  0x00,0x00,0x00,0x00,0x00,0x00,0x00,0x00,0x5F,0x7F,0xFC,0x00,
  0x00,0x00,0x00,0x00,0x00,0x00,0x01,0x00,0x00,0x00,0x00,0xC0,
  0x55,0x5F,0xFF,0xFA,0xBB,0xE0,0x00,0x00,0x00,0x00,0x00,0x01,
  0x00,0x00,0x00,0x20,0x00,0x00,0x00,0x36,0x00,0xF0,0x0F,0xF0,
  0x38,0x01,0xE0,0x36,0xFD,0xA0,0x3E,0xAB,0x00,0x7D,0xBF,0x80,
  0x00,0x00,0x00,0x00,0x00,0x00,0x00,0x00,0x00,0x00,0x00,0x00,
  0x00,0x00,0x00,0x00,0xBF,0xFF,0xF8,0x00,0x00,0x00,0x00,0x00,
  0x00,0x04,0x00,0x00,0x00,0x00,0x12,0xD5,0x0B,0xFB,0xBA,0xAF,
  0xFF,0x00,0x00,0x00,0x00,0x00,0x00,0x04,0x00,0x00,0x00,0x00,
  0x00,0x08,0x00,0x1E,0x01,0xF0,0x0E,0xF8,0x7C,0x03,0xE0,0x00,
  0xF0,0x00,0x3C,0x00,0x00,0x78,0x0F,0xC0,0x00,0x00,0x00,0x00,
  0x00,0x00,0x00,0x00,0x00,0x00,0x00,0x00,0x00,0x00,0x00,0x00,
  0xFD,0xF7,0xD8,0x00,0x00,0x00,0x00,0x00,0x00,0x00,0x01,0x00,
  0x00,0x00,0x48,0x82,0xFF,0xEF,0xEF,0xFA,0xDA,0x00,0x00,0x00,
  0x00,0x00,0x00,0x08,0x00,0x00,0x00,0x00,0x40,0x00,0x00,0x3E,
  0x00,0xF0,0x0F,0xFC,0x38,0x01,0xA0,0x00,0xF8,0x00,0x3C,0x00,
  0x00,0x7C,0x03,0xC0,0x00,0x00,0x00,0x00,0x00,0x00,0x00,0x00,
  0x00,0x00,0x00,0x00,0x00,0x00,0x00,0x03,0x77,0xFF,0x70,0x00,
  0x00,0x00,0x00,0x00,0x00,0x00,0x00,0x00,0x00,0x00,0x22,0x7F,
  0xFD,0xBD,0x7A,0xDF,0xEE,0x00,0x00,0x00,0x00,0x00,0x00,0x20,
  0x00,0x00,0x00,0x00,0x00,0x00,0x00,0x3A,0x00,0xF0,0x0F,0x76,
  0x7C,0x01,0xE0,0x00,0xD8,0x00,0x3F,0xFE,0x00,0x78,0x03,0xE0,
  0x00,0x00,0x00,0x00,0x00,0x00,0x00,0x00,0x00,0x00,0x00,0x00,
  0x00,0x00,0x00,0x05,0xFF,0xDF,0xF0,0x00,0x00,0x00,0x00,0x00,
  0x00,0x04,0x01,0x00,0x00,0x02,0xB7,0xDB,0x6F,0xF7,0xDF,0xF7,
  0x44,0x00,0x00,0x00,0x00,0x00,0x00,0x40,0x00,0x00,0x00,0x00,
  0x03,0x00,0x00,0x1E,0x01,0xD0,0x0F,0x3F,0x3C,0x01,0xF0,0x00,
  0x78,0x00,0x3F,0xF6,0x00,0x6C,0x03,0xE0,0x00,0xAA,0x00,0x00,
  0x00,0x00,0x00,0x00,0x00,0x00,0x00,0x00,0x00,0x00,0x00,0x0B,
  0xFF,0xFF,0xE0,0x00,0x00,0x00,0x00,0x00,0x00,0x00,0x00,0x00,
  0x00,0x08,0x1F,0x7F,0xFE,0xDF,0xFF,0x7D,0x1C,0x00,0x00,0x00,
  0x00,0x00,0x00,0xFE,0xFB,0xF0,0x02,0x00,0x41,0x08,0x00,0x3E,
  0x00,0xF0,0x0F,0x1F,0xB8,0x01,0xE0,0x00,0xF0,0x00,0x3B,0xFE,
  0x00,0x3C,0x01,0xC0,0x90,0x00,0x00,0x00,0x00,0x00,0x00,0x00,
  0x00,0x00,0x00,0x00,0x00,0x00,0x00,0x3F,0xFF,0x7D,0xE0,0x00,
  0x00,0x00,0x00,0x00,0x00,0x00,0x01,0x00,0x00,0x22,0x4D,0xF7,
  0xBB,0xFE,0xED,0xF8,0x54,0x00,0x00,0x00,0x00,0x00,0x01,0xB9,
  0xF7,0xF8,0x06,0x80,0x00,0x00,0x00,0x1E,0x00,0xF0,0x0F,0x0F,
  0xFC,0x01,0xE0,0x00,0xF8,0x00,0x3E,0x95,0x00,0x7C,0x03,0xE4,
  0x01,0x00,0x80,0x00,0x00,0x00,0x00,0x00,0x00,0x00,0x00,0x00,
  0x00,0x00,0x00,0xDF,0xDD,0xFF,0xC0,0x00,0x00,0x00,0x00,0x00,
  0x00,0x04,0x00,0x00,0x00,0x00,0x87,0xFE,0xFF,0xFB,0xFF,0xEE,
  0xBC,0x00,0x00,0x00,0x00,0x00,0x03,0x6F,0xDB,0x70,0x12,0x40,
  0x00,0x00,0x01,0x1B,0x01,0xF2,0x0D,0x02,0xFC,0x05,0xF4,0x00,
  0x70,0x00,0x34,0x00,0x00,0x74,0x03,0xC0,0x00,0x00,0x00,0x00,
  0x00,0x00,0x00,0x00,0x00,0x00,0x00,0x00,0x00,0x00,0x05,0x7F,
  0xFF,0xFF,0x80,0x00,0x00,0x00,0x00,0x00,0x00,0x00,0x21,0x00,
  0x00,0x94,0x21,0x5F,0xF7,0xFF,0xFF,0xBA,0xEC,0x00,0x00,0x00,
  0x00,0x00,0x03,0xF7,0x77,0xD8,0x08,0x40,0x47,0xC8,0x07,0x1F,
  0x07,0x77,0x8F,0x0F,0xF7,0x0E,0xFC,0x3C,0xD8,0x78,0x3E,0x1C,
  0x3C,0x3F,0x8F,0x49,0xE0,0x3C,0x8F,0x83,0x87,0x87,0x87,0x87,
  0x0F,0x0F,0x0F,0x0E,0x1E,0x1E,0x1B,0xFF,0xFF,0xFE,0x41,0xC1,
  0xC3,0x83,0x83,0x06,0x00,0x04,0x30,0x00,0x00,0x01,0x12,0xEB,
  0x7F,0x6F,0x6A,0xFD,0x78,0x00,0x00,0x00,0x00,0x00,0x0F,0xEF,
  0xF6,0xF0,0x08,0x00,0x05,0x00,0x07,0x8F,0xCF,0xE7,0x8F,0x8E,
  0xFF,0x1E,0xDE,0x1C,0xFC,0x78,0x2E,0x7C,0x3C,0x7D,0xFF,0xC1,
  0xE5,0x38,0x0F,0x87,0xC3,0x87,0x87,0x0F,0x87,0x0F,0x1F,0x1F,
  0x1E,0x1E,0x4F,0xFD,0xFF,0xFF,0x61,0xE3,0xC3,0xC7,0x87,0x87,
  0x90,0x02,0x02,0x04,0x44,0xA4,0x05,0x7D,0xDD,0xFD,0xFF,0xD7,
  0xF0,0x00,0x00,0x00,0x00,0x00,0x15,0x2F,0xEF,0xA0,0x05,0x80,
  0x00,0x00,0x05,0x87,0x7B,0xA6,0x8F,0x07,0x6D,0x0E,0xF4,0x3C,
  0xF8,0x70,0x3F,0xEF,0xB8,0x7F,0xF7,0x85,0xE0,0x78,0x87,0x03,
  0x87,0x87,0x87,0x8F,0x0F,0x0F,0x0E,0x0E,0x1E,0x1A,0xBB,0x6F,
  0x6F,0xB5,0x61,0xC3,0xC2,0xC7,0x87,0x8F,0x02,0x44,0x29,0x20,
  0x10,0x00,0x90,0xD7,0xFF,0x5F,0xB6,0xFA,0xF0,0x00,0x00,0x00,
  0x00,0x00,0x40,0x05,0xDC,0x00,0x06,0x80,0x40,0x08,0x07,0x87,
  0xFF,0xC7,0x8F,0x8F,0x7F,0x1E,0xFE,0x1C,0xBC,0x78,0x3D,0xFF,
  0x3C,0x3B,0xBE,0x09,0xC1,0x3C,0x0F,0x87,0x87,0xA7,0x87,0x07,
  0x0D,0x8D,0x4F,0x1F,0x1E,0xA3,0xEF,0xDB,0x3D,0xFE,0xA5,0xE3,
  0x43,0xC3,0xC6,0x87,0x80,0x10,0xFD,0x02,0x41,0x12,0x02,0x6F,
  0x6B,0xF5,0xFF,0xAF,0xE0,0x00,0x00,0x00,0x00,0x01,0x00,0x00,
  0x60,0x00,0x00,0x00,0x00,0x00,0x03,0x07,0x7F,0x07,0x8F,0x27,
  0x37,0x4E,0xDC,0x3C,0xF8,0x79,0x2F,0xFB,0xB8,0x7F,0xFD,0x01,
  0xE8,0x78,0x07,0x13,0x83,0x87,0x07,0x8F,0x07,0x0F,0x0F,0x0E,
  0x41,0x5E,0xFD,0xFF,0xCF,0xFF,0x61,0xE1,0xE3,0xC7,0x87,0x8F,
  0x08,0x42,0x2A,0x20,0x04,0x40,0x48,0xBD,0xBD,0x5F,0x55,0xFF,
  0x00,0x00,0x00,0x00,0x00,0x04,0x20,0x00,0x00,0x00,0x00,0x00,
  0x49,0x08,0x40,0x80,0xE9,0x00,0x0A,0x80,0x1C,0x00,0xE4,0x00,
  0xD1,0x00,0x35,0xAF,0x02,0x55,0x60,0x24,0x02,0x01,0x04,0x02,
  0x04,0x80,0x84,0x22,0x05,0x25,0x02,0x2A,0xBF,0xFF,0xDF,0x6F,
  0xF3,0x6D,0x81,0x42,0xC3,0x42,0x93,0x45,0x21,0x04,0x00,0x25,
  0x20,0x09,0x07,0xF6,0xD7,0xF5,0xFF,0x78,0x00,0x00,0x00,0x00,
  0x00,0x10,0x00,0x00,0x00,0x00,0x00,0x92,0x00,0x21,0x04,0x10,
  0x00,0x48,0x20,0x08,0x00,0x80,0x00,0x04,0x04,0x02,0x00,0x00,
  0x00,0x00,0x00,0x08,0x09,0x10,0x90,0x40,0xA0,0x00,0x11,0x00,
  0x10,0x00,0x10,0x8B,0x7B,0xFB,0x77,0xF4,0x49,0xFF,0xD4,0x00,
  0x08,0x00,0x00,0x00,0x00,0x12,0xA2,0x80,0x09,0x40,0x7E,0x15,
  0xBA,0xBF,0x6F,0xE0,0x00,0x00,0x00,0x00,0x00,0x40,0x00,0x00,
  0x00,0x00,0x04,0x00,0x44,0x08,0x10,0x44,0x09,0x01,0x04,0x42,
  0x80,0x14,0x09,0x40,0x20,0x50,0x44,0x40,0x49,0x12,0x12,0x40,
  0xA0,0x44,0x01,0x08,0x04,0x29,0x00,0x20,0x80,0x01,0x4B,0x7F,
  0xEF,0x6F,0xFD,0x40,0x00,0x3B,0x60,0x12,0x00,0x20,0x24,0x91,
  0x12,0x44,0x11,0x14,0xA0,0x2F,0xE9,0x4E,0xEF,0xED,0xFE,0x80,
  0x00,0x00,0x00,0x00,0x01,0x00,0x00,0x00,0x00,0x00,0x10,0x44,
  0x10,0x80,0x82,0x01,0x40,0x24,0x51,0x10,0x25,0x41,0x40,0x15,
  0x09,0x04,0x81,0x12,0x00,0x40,0x80,0x0A,0x09,0x01,0x48,0x22,
  0x41,0x00,0x49,0x0A,0x12,0xAA,0x7F,0xFD,0xFD,0xFD,0xB4,0x00,
  0x44,0x9F,0xF1,0x40,0x91,0x0A,0x80,0x04,0x40,0x02,0x89,0x22,
  0x0B,0xFF,0x12,0x57,0x76,0xBF,0xF8,0x00,0x00,0x00,0x00,0x00,
  0x02,0x00,0x01,0x00,0x00,0x02,0x01,0x01,0x40,0x28,0x20,0x94,
  0x12,0x01,0x00,0x04,0x80,0x08,0x4A,0x40,0x42,0x20,0x28,0x40,
  0xAA,0x08,0x25,0x24,0x45,0x14,0x91,0x00,0x10,0x44,0x00,0x40,
  0xA9,0x2F,0xFF,0xF7,0xB7,0xB7,0xC1,0x12,0x10,0x45,0xD8,0x08,
  0x04,0x40,0x12,0xA0,0x15,0x54,0x44,0x40,0xBF,0xA0,0xA5,0x6D,
  0xBD,0xF7,0xA0,0x00,0x00,0x00,0x00,0x00,0x04,0x00,0x03,0x90,
  0x01,0x20,0x44,0x10,0x05,0x02,0x08,0x02,0x40,0xA8,0x25,0x50,
  0x29,0x22,0x40,0x12,0x28,0x8A,0x82,0x14,0x00,0x82,0x80,0x01,
  0x14,0x01,0x08,0x24,0x85,0x11,0x52,0x14,0x0B,0xFF,0xED,0xBE,
  0xFE,0xFA,0x08,0x40,0x42,0x0B,0xFC,0x42,0x50,0x12,0x40,0x0A,
  0x80,0x02,0x22,0x9F,0xF4,0x16,0x55,0xB6,0xEF,0xDE,0x80,0x00,
  0x00,0x00,0x00,0x00,0x10,0x00,0x00,0x02,0x44,0x08,0x00,0x44,
  0x50,0x48,0x82,0xAF,0x0A,0x02,0x80,0x05,0x04,0x09,0x12,0x80,
  0xA0,0x20,0x10,0x81,0x48,0x28,0x14,0x95,0x41,0xAA,0x44,0x80,
  0x20,0x00,0x09,0x43,0xFF,0xFD,0xBF,0xED,0xDB,0xA0,0x01,0x09,
  0x08,0x80,0xB6,0x10,0x82,0x84,0x15,0x20,0x55,0x54,0x9D,0xFE,
  0x8A,0xD1,0xAA,0xAD,0xFB,0x78,0x00,0x00,0x00,0x00,0x00,0x00,
  0x00,0x00,0x10,0x08,0x00,0x01,0x22,0x01,0x02,0x09,0x28,0x05,
  0x20,0x90,0x15,0x20,0x51,0x40,0x44,0x2A,0x0A,0x89,0x44,0x54,
  0x02,0x82,0x40,0x40,0x14,0x24,0x22,0x15,0x08,0xAA,0xA4,0xBF,
  0xFF,0xEF,0xF6,0xBF,0xBD,0x04,0xA4,0x00,0x20,0x24,0xBF,0x24,
  0x10,0x21,0x40,0x4A,0x00,0x2B,0xFF,0x41,0x52,0x4E,0xB7,0x7B,
  0xBF,0xC0,0x00,0x00,0x00,0x00,0x00,0x00,0x20,0x00,0x02,0x40,
  0x21,0x24,0x08,0x24,0x50,0x48,0x02,0x46,0x8A,0x25,0x40,0x4A,
  0x04,0x2A,0x21,0x00,0xA0,0x22,0x12,0x01,0x50,0x28,0x12,0x12,
  0x40,0x81,0x08,0x40,0x42,0x44,0x5B,0xFF,0xFE,0xBD,0xBF,0xF6,
  0xE0,0x20,0x00,0xAA,0x85,0x12,0x15,0x81,0x45,0x14,0x15,0x01,
  0x7F,0xFF,0x51,0x2D,0x2A,0xB5,0xDB,0xDF,0xED,0x00,0x00,0x00,
  0x00,0x00,0x00,0x00,0x00,0x00,0x88,0x01,0x08,0x00,0x81,0x00,
  0x4A,0x29,0x24,0x12,0x20,0x80,0x15,0x01,0x51,0x01,0x48,0xAA,
  0x0A,0x88,0x89,0x54,0x0A,0x82,0x84,0x84,0x12,0x10,0x42,0x12,
  0x29,0x17,0xFF,0xFF,0xB7,0xFF,0xF6,0xDF,0x05,0x0A,0x94,0x00,
  0x20,0x80,0x8F,0xC8,0x10,0xA1,0x40,0xBF,0xFF,0x50,0x26,0xA4,
  0xAB,0xDB,0x6E,0xED,0xF0,0x00,0x00,0x00,0x00,0x00,0x00,0x00,
  0x80,0x08,0x20,0x24,0x02,0x48,0x28,0x54,0xD5,0xA8,0x41,0x48,
  0x8A,0x2A,0x80,0xA8,0x04,0x54,0x12,0x01,0x50,0x22,0x20,0x01,
  0x40,0x10,0x10,0x20,0x80,0x44,0x08,0xAA,0x85,0xFF,0xFF,0xFD,
  0xFE,0xEE,0xFF,0xE8,0x20,0xA0,0x22,0xAA,0x94,0x55,0x21,0x72,
  0xA4,0x0A,0x7F,0xFE,0x80,0x97,0xDB,0x5B,0xDD,0x6E,0xFB,0xBF,
  0x00,0x00,0x00,0x00,0x00,0x00,0x00,0x00,0x00,0x22,0x00,0x80,
  0xA0,0x02,0x82,0x01,0x35,0x75,0x14,0x22,0x20,0x84,0x54,0x05,
  0x6B,0xBB,0xFF,0xFF,0xFF,0xFF,0xFF,0xEA,0x10,0x00,0x00,0x00,
  0x01,0x00,0x45,0x00,0xFF,0xFF,0xDF,0xDF,0xDF,0xFF,0xDE,0x01,
  0x14,0x0A,0x88,0x00,0x42,0x88,0x94,0x89,0x13,0xFF,0xFE,0x80,
  0x55,0x4F,0xFF,0x6D,0x6B,0xBB,0xAF,0xFA,0x00,0x00,0x00,0x00,
  0x00,0x00,0x00,0x00,0x81,0x00,0x92,0x12,0x09,0x50,0x10,0x90,
  0x40,0x80,0x41,0x08,0x8A,0x21,0x2B,0xFF,0xFF,0xFF,0xFF,0xFF,
  0xFF,0xFF,0xFF,0xFF,0xFF,0xEA,0x00,0x02,0x04,0x16,0xA0,0xBF,
  0xFF,0xFE,0xFB,0x76,0xF7,0xFB,0xFB,0xA8,0x82,0xA0,0x22,0xAA,
  0x14,0x22,0x02,0x57,0xFF,0xFA,0x80,0x55,0x4A,0x52,0x55,0xB7,
  0xBE,0xEF,0xFF,0xD0,0x00,0x00,0x00,0x00,0x00,0x00,0x00,0x00,
  0x24,0x48,0x43,0x80,0x42,0x05,0x24,0x25,0x15,0x15,0x14,0x42,
  0x25,0xFF,0xFF,0xFF,0xAA,0x44,0x00,0x00,0x00,0x00,0x00,0x0A,
  0xB7,0xF4,0xA9,0x20,0xA1,0x48,0x1F,0xFF,0xFF,0xFB,0xFF,0xAF,
  0xBD,0xAF,0x6E,0xC2,0x28,0x09,0x08,0x01,0x40,0x89,0x7F,0xFF,
  0xEA,0x01,0x2B,0x52,0x29,0x5D,0xDE,0xDD,0x6B,0xBD,0xBD,0x40,
  0x00,0x00,0x00,0x00,0x00,0x00,0x00,0x00,0x91,0x02,0x10,0x2A,
  0x10,0x48,0x01,0x00,0x40,0x40,0x41,0x3B,0xFF,0xFF,0x54,0x00,
  0x10,0x11,0x55,0x54,0x92,0xAA,0x94,0x80,0x00,0x00,0x44,0x94,
  0x4A,0x27,0xFF,0xFF,0xFF,0x6F,0xDF,0xF5,0x6F,0xFF,0xFB,0xB4,
  0x82,0xA2,0x42,0xA8,0x2F,0xFF,0xFF,0x50,0x09,0x54,0x90,0x8A,
  0xD7,0xB7,0x6B,0xF7,0xFF,0xFF,0xF6,0x80,0x00,0x00,0x00,0x00,
  0x00,0x00,0x00,0x00,0x6A,0x51,0x44,0x81,0x4A,0x22,0xA8,0xAA,
  0x2A,0x15,0x3F,0xFF,0xEA,0x00,0x22,0xAA,0xA5,0x4A,0x40,0x09,
  0x24,0x49,0x40,0x05,0xFF,0xFF,0xFA,0xAB,0x55,0xFF,0xFD,0xFE,
  0xDB,0xFF,0xFD,0xFA,0xF5,0x6D,0xBE,0xCA,0xA8,0x08,0xBA,0xDF,
  0xFF,0xFB,0x40,0x95,0x54,0xAA,0x4D,0x77,0x7A,0xDA,0xDD,0x5D,
  0xBD,0xDD,0x55,0x80,0x00,0x00,0x00,0x00,0x00,0x00,0x00,0x00,
  0x29,0x2A,0x12,0x54,0x01,0x48,0x05,0x04,0x81,0xEF,0xFE,0xA0,
  0x04,0xAA,0x94,0x44,0x49,0x24,0x95,0xA4,0x92,0xA4,0x15,0x7F,
  0x6F,0xFF,0xBF,0xF5,0x6D,0xFE,0xEF,0xDB,0xFF,0xFF,0xFF,0xDF,
  0xAF,0xB6,0xD5,0xB5,0x5F,0xFF,0xFF,0xFF,0xA8,0x04,0x2A,0x4A,
  0x92,0x8A,0xB6,0xDA,0xD7,0x77,0xF7,0xFF,0xEF,0xF0,0x00,0x00,
  0x00,0x00,0x00,0x00,0x00,0x00,0x00,0x00,0x1D,0x44,0xA4,0x82,
  0xAA,0x12,0xD0,0xA1,0x7F,0xFA,0xA0,0x96,0xB2,0x44,0xA2,0xA9,
  0x25,0x55,0x56,0xB5,0x6D,0x55,0x44,0xFF,0xFD,0xDB,0xF7,0x7F,
  0xB6,0x5B,0xFF,0xFF,0xFF,0xFF,0x7F,0xFF,0xFA,0xFF,0xFF,0xFF,
  0xFF,0xFF,0x55,0x20,0x4A,0xAA,0xAA,0xA9,0x4A,0xB7,0xDB,0x6F,
  0x7D,0xDE,0xBF,0x77,0x7E,0x00,0x00,0x00,0x00,0x00,0x00,0x00,
  0x00,0x00,0x00,0x00,0x06,0xB2,0x49,0x28,0x49,0x49,0x4A,0x5F,
  0xFA,0x02,0x4A,0x51,0x49,0x32,0xAD,0x56,0xDD,0xB6,0xEA,0xD7,
  0xB5,0xB5,0x75,0x6D,0xB7,0xFF,0x7D,0xEE,0xFF,0xAF,0x7E,0xFF,
  0xFF,0xBD,0xF7,0xFF,0x7F,0xEE,0xF6,0xA5,0x40,0x00,0xA2,0x95,
  0x2A,0xA5,0x49,0x56,0xBD,0xDA,0xB6,0xDA,0xD7,0x7B,0xF7,0xFF,
  0xE0,0x00,0x00,0x00,0x00,0x00,0x00,0x00,0x00,0x00,0x00,0x00,
  0x03,0xAA,0xA4,0x95,0x24,0x44,0x27,0xFD,0x02,0xB5,0x25,0x4D,
  0x56,0xDD,0xB6,0xDB,0x6A,0xDB,0x5D,0x5A,0xAE,0xDA,0x90,0x7F,
  0xFE,0xDD,0xEF,0xFB,0xF7,0xFB,0xDB,0xEF,0xDD,0xF7,0xFF,0x6D,
  0xED,0x12,0x89,0x50,0xAA,0xD5,0x2A,0x55,0x52,0x55,0x56,0xB5,
  0xD6,0xB6,0xDB,0xBF,0xFD,0xEF,0xDD,0xBA,0x00,0x00,0x00,0x00,
  0x00,0x00,0x00,0x00,0x00,0x00,0x00,0x00,0x01,0xDB,0x55,0x49,
  0x52,0xAB,0xFD,0x02,0xA9,0x15,0x5A,0xB6,0xBB,0x6A,0xDB,0x6D,
  0xB7,0x6D,0x6B,0xB5,0xB5,0x6A,0xFA,0x36,0xDB,0xF7,0xFF,0x6F,
  0xDD,0xFD,0x7F,0xBD,0xFF,0xFF,0xDF,0xFF,0xFF,0x64,0x55,0x2A,
  0x95,0x2A,0x95,0x4A,0xAD,0xB6,0xFB,0xDE,0xBB,0xDB,0x7E,0xEA,
  0xB7,0xFE,0xFF,0xEC,0x00,0x00,0x00,0x00,0x00,0x00,0x00,0x00,
  0x00,0x00,0x00,0x00,0x00,0x76,0xAA,0x55,0x2A,0x2E,0x92,0xB4,
  0xAA,0xD5,0xD6,0xDB,0x6A,0xB7,0x6A,0xB6,0xDA,0xB6,0xDD,0x6E,
  0xDB,0xB5,0x38,0x3D,0xEF,0x5E,0xB5,0xFF,0x7F,0xBF,0xD6,0xFF,
  0x77,0x6F,0x7B,0x77,0x55,0xAA,0xAA,0xAA,0xAA,0xAA,0xD5,0x75,
  0xDA,0xDB,0x4D,0x6B,0x6D,0x6F,0xD7,0xBF,0xFF,0x77,0xFA,0x30,
  0x00,0x00,0x00,0x00,0x00,0x00,0x00,0x00,0x00,0x00,0x00,0x00,
  0x00,0x1D,0xEA,0xAA,0xA5,0xF9,0x49,0x4A,0xAD,0x6E,0xBB,0x6D,
  0xB7,0xDA,0xB7,0xDB,0x6D,0xDB,0x6B,0xB5,0xB6,0xDB,0xD8,0x2B,
  0x5B,0xF7,0xFF,0xBB,0xFE,0xFD,0x7F,0xDB,0xFD,0xFF,0xEF,0xDD,
  0xFE,0xAB,0x55,0xAD,0xB5,0xDD,0x7B,0xAE,0xB7,0x6D,0xB6,0xB5,
  0xDB,0xBA,0xFA,0xF7,0xBB,0xDF,0x40,0x00,0x00,0x00,0x00,0x00,
  0x00,0x00,0x00,0x00,0x00,0x00,0x00,0x00,0x00,0x07,0x5D,0xA9,
  0x5F,0x45,0x56,0xBD,0xDB,0xBB,0x6D,0xB6,0xDA,0xB7,0xDA,0xAD,
  0xB7,0x6D,0xBD,0x7E,0xEF,0x6D,0x78,0x2D,0x76,0xBD,0xAD,0xEF,
  0xDB,0xFF,0xDA,0xFF,0x5F,0xDE,0xFA,0xFF,0xF7,0xFD,0x6A,0xF6,
  0xDE,0xB7,0xAD,0x75,0xDA,0xDB,0x7B,0xDF,0x76,0xEF,0xBF,0xFD,
  0xEF,0xF8,0x00,0x00,0x00,0x00,0x00,0x00,0x00,0x00,0x00,0x00,
  0x00,0x00,0x00,0x00,0x00,0x01,0xF6,0xD6,0xF4,0xAA,0xBB,0x6B,
  0x6E,0xED,0xDB,0xDB,0x6F,0xDD,0x6F,0x7B,0x7B,0xBF,0xEF,0xD7,
  0xBB,0xF7,0x58,0x36,0xDF,0xEF,0xFF,0xBE,0xFF,0xDF,0x77,0xAD,
  0xF7,0x7F,0xEF,0xEE,0xDA,0x85,0x57,0x5B,0x6B,0xDA,0xD7,0xAE,
  0xB7,0xB6,0xDD,0x75,0xDF,0xFD,0xEF,0x6F,0xFE,0x00,0x00,0x00,
  0x00,0x00,0x00,0x00,0x00,0x00,0x00,0x00,0x00,0x00,0x00,0x00,
  0x00,0x00,0x3F,0x7B,0xAA,0xBF,0xDD,0xDD,0xBB,0x77,0x76,0xFF,
  0xFA,0xB7,0xBB,0xDF,0xDE,0xEA,0xB5,0x7A,0xFD,0x5D,0xEC,0x1B,
  0xFB,0x7B,0x6D,0xFB,0xDB,0x7F,0xFE,0xFF,0xDF,0xFF,0xFF,0xBB,
  0x44,0x55,0x5A,0xED,0xDD,0x6F,0x7A,0xFB,0xED,0xFF,0xEF,0xFF,
  0x7B,0x6F,0xBD,0xFF,0x50,0x00,0x00,0x00,0x00,0x00,0x00,0x00,
  0x00,0x00,0x00,0x00,0x00,0x00,0x00,0x00,0x00,0x00,0x0B,0xDF,
  0x57,0xD5,0x6B,0x77,0xEF,0xBD,0xDF,0x55,0x5F,0xFD,0xEE,0xF5,
  0x77,0xBF,0xFF,0xDF,0xD7,0xF7,0x78,0x3F,0x6F,0xEF,0xFF,0xEF,
  0xFF,0xF7,0xFF,0xF6,0xFF,0xFF,0x7E,0xFD,0xB2,0xAA,0xD7,0x77,
  0x77,0xFA,0xDF,0x5D,0x7E,0xAA,0xBB,0x5B,0xFF,0xFE,0xFF,0xF4,
  0x00,0x00,0x00,0x00,0x00,0x00,0x00,0x00,0x00,0x00,0x00,0x00,
  0x00,0x00,0x00,0x00,0x00,0x00,0x01,0xFA,0xFD,0x7F,0xFF,0xDD,
  0x7A,0xF7,0x7B,0xFF,0xF6,0xD7,0x7B,0xBF,0xDD,0xF6,0xDB,0xF7,
  0x7F,0xDF,0xDC,0x17,0xFE,0xFE,0xF7,0x7F,0x77,0xDF,0xFF,0xFF,
  0xFF,0xFB,0xEF,0xD6,0xD5,0x25,0x5A,0xDF,0xDE,0xAF,0xF5,0xF7,
  0xD7,0xFF,0xFF,0xFF,0xDB,0xBB,0xFB,0x00,0x00,0x00,0x00,0x00,
  0x00,0x00,0x00,0x00,0x00,0x00,0x00,0x00,0x00,0x00,0x00,0x00,
  0x00,0x00,0x00,0x2F,0xEF,0xED,0xAD,0x77,0xDF,0xDF,0xEE,0xDB,
  0x7F,0xFF,0xDF,0xED,0xFF,0x7F,0xFF,0x7D,0xFD,0xFB,0x78,0x1D,
  0xDF,0xDF,0xDF,0xFD,0xFE,0xFE,0xEF,0xFF,0xFF,0xDF,0xBA,0xFB,
  0x52,0xAA,0xEF,0xFD,0xFB,0xFD,0xBF,0xDE,0xFE,0xEF,0xDB,0xEE,
  0xFF,0xFF,0xC0,0x00,0x00,0x00,0x00,0x00,0x00,0x00,0x00,0x00,
  0x00,0x00,0x00,0x00,0x00,0x00,0x00,0x00,0x00,0x00,0x00,0x05,
  0xFD,0xFF,0xFF,0xFF,0x77,0x7D,0xBF,0xFF,0xDD,0xBD,0xFD,0xBF,
  0xB7,0xEF,0x77,0xEF,0xEF,0x7E,0xDC,0x3F,0xFB,0xFB,0xFF,0xDF,
  0xFF,0xFF,0xBF,0xFF,0xFE,0xFE,0xEF,0x4A,0xAD,0x5F,0xBF,0xFF,
  0x6F,0xEF,0xEE,0xFB,0xDB,0xFD,0x7F,0x7F,0xEF,0xD4,0x00,0x00,
  0x00,0x00,0x00,0x00,0x00,0x00,0x00,0x00,0x00,0x00,0x00,0x00,
  0x00,0x00,0x00,0x00,0x00,0x00,0x00,0x00,0x2F,0xBB,0x77,0xDD,
  0xFF,0xF7,0xFD,0xEF,0xFF,0xF7,0xBF,0xFF,0xFF,0xBD,0xFF,0xBF,
  0xBF,0xF7,0xEC,0x1E,0xFF,0x7F,0x7D,0xFF,0xDB,0xFA,0xDD,0xFF,
  0xFF,0xEB,0xF5,0xBD,0xDB,0xFD,0xFE,0xED,0xFE,0xFE,0xFF,0xEF,
  0xFF,0xBF,0xFD,0xFB,0xFA,0x00,0x00,0x00,0x00,0x00,0x00,0x00,
  0x00,0x00,0x00,0x00,0x00,0x00,0x00,0x00,0x00,0x00,0x00,0x00,
  0x00,0x00,0x00,0x00,0x02,0xFF,0xFE,0xFF,0xFD,0xFF,0xF7,0xBD,
  0xF7,0xFF,0xF7,0xFB,0xFD,0xFF,0xFD,0xFF,0xFF,0xFF,0xEC,0x37,
  0xDD,0xF7,0xF7,0xF7,0x7F,0xBE,0x07,0xBF,0xFB,0xBF,0xBF,0xFF,
  0xFF,0xFF,0xFB,0xFF,0xFF,0xDF,0xF7,0x7F,0x7F,0xF7,0xEF,0xEE,
  0x00,0x00,0x00,0x00,0x00,0x00,0x00,0x00,0x00,0x00,0x00,0x00,
  0x00,0x00,0x00,0x00,0x00,0x00,0x00,0x00,0x00,0x00,0x00,0x00,
  0x00,0x05,0xFF,0xF7,0xDF,0xBF,0x7F,0xFF,0xBF,0x7F,0xFF,0x7F,
  0x77,0xFF,0xEF,0xFD,0xFD,0xFF,0xD9,0x1F,0xFF,0xDF,0xFF,0xBF,
  0xFF,0xFF,0xA5,0xFF,0xFF,0xFF,0xFF,0xF7,0xFF,0xDF,0xBF,0xFF,
  0xDB,0xFB,0xBF,0xFF,0xED,0xFF,0xBD,0x00,0x00,0x00,0x00,0x00,
  0x00,0x00,0x00,0x00,0x00,0x00,0x00,0x00,0x00,0x00,0x00,0x00,
  0x00,0x00,0x00,0x00,0x00,0x00,0x00,0x00,0x00,0x00,0x02,0xDF,
  0xFF,0xFD,0xFF,0xFF,0xFF,0xED,0xBF,0xEF,0xFF,0xFF,0xFF,0xFF,
  0xFF,0xDF,0x6C,0xBE,0xF7,0xFD,0xDF,0xFF,0xFD,0xFB,0x55,0x7F,
  0x7F,0xFF,0xFF,0xDF,0xFD,0xF6,0xFF,0xB6,0xFF,0x7F,0xFF,0xFB,
  0xFF,0x54,0x00,0x00,0x00,0x00,0x00,0x00,0x00,0x00,0x00,0x00,
  0x00,0x00,0x00,0x00,0x00,0x00,0x00,0x00,0x00,0x00,0x00,0x00,
  0x00,0x00,0x00,0x00,0x00,0x00,0x00,0x00,0x22,0xD7,0x55,0x55,
  0x6A,0xBF,0xEA,0xDD,0x5B,0x55,0x5A,0xAB,0x56,0xFB,0xED,0x3F,
  0xFF,0xBF,0xBF,0xFD,0xF7,0xEF,0xFF,0xBD,0xFF,0xFE,0xF6,0xFE,
  0xDF,0x7F,0xFF,0xFF,0xFF,0xEE,0xD5,0x24,0x00,0x00,0x00,0x00,
  0x00,0x00,0x00,0x00,0x00,0x00,0x00,0x00,0x00,0x00,0x00,0x00,
  0x00,0x00,0x00,0x00,0x00,0x00,0x00,0x00,0x00,0x00,0x00,0x00,
  0x00,0x00,0x00,0x00,0x00,0x00,0x00,0x00,0x00,0x05,0x00,0x00,
  0x00,0x00,0x00,0x00,0x00,0xAF,0xCD,0x5F,0xDF,0xAB,0xFD,0xF7,
  0xFF,0xFF,0x55,0xFF,0xFB,0xFF,0xDF,0xFF,0xF7,0xC0,0x00,0x00,
  0x00,0x00,0x00,0x00,0x00,0x00,0x00,0x00,0x00,0x00,0x00,0x00,
  0x00,0x00,0x00,0x00,0x00,0x00,0x00,0x00,0x00,0x00,0x00,0x00,
  0x00,0x00,0x00,0x00,0x00,0x00,0x00,0x00,0x00,0x00,0x00,0x00,
  0x00,0x00,0x00,0x00,0x00,0x06,0x80,0x00,0x00,0x00,0x00,0x00,
  0x00,0xFB,0x6A,0xBB,0xFE,0xFF,0x5F,0xDF,0xFF,0xFF,0xFF,0xFF,
  0xFF,0xFF,0xFF,0x50,0x01,0x40,0x00,0x00,0x00,0x00,0x00,0x00,
  0x00,0x00,0x00,0x00,0x00,0x00,0x00,0x00,0x00,0x00,0x00,0x00,
  0x00,0x00,0x00,0x00,0x00,0x00,0x00,0x00,0x00,0x00,0x00,0x00,
  0x00,0x00,0x00,0x00,0x00,0x00,0x00,0x00,0x00,0x00,0x00,0x00,
  0x00,0x03,0x40,0x00,0x00,0x00,0x00,0x00,0x01,0x5F,0xED,0x5F,
  0xFF,0xFF,0xFF,0xFF,0xDF,0xFF,0xFF,0xFD,0x54,0x00,0x02,0x00,
  0x01,0xA0,0x00,0x00,0x00,0x00,0x00,0x00,0x00,0x00,0x00,0x00,
  0x00,0x00,0x00,0x00,0x00,0x00,0x00,0x00,0x00,0x00,0x00,0x00,
  0x00,0x00,0x00,0x00,0x00,0x00,0x00,0x00,0x00,0x00,0x00,0x00,
  0x00,0x00,0x00,0x00,0x00,0x00,0x00,0x00,0x00,0x01,0x40,0x00,
  0x00,0x00,0x00,0x00,0x00,0xF7,0xC5,0x7F,0x77,0xFB,0xFF,0xFF,
  0xFF,0xBE,0xFF,0xE0,0x00,0x00,0x00,0x00,0x00,0xC0,0x00,0x00,
  0x00,0x00,0x00,0x00,0x00,0x00,0x00,0x00,0x00,0x00,0x00,0x00,
  0x00,0x00,0x00,0x00,0x00,0x00,0x00,0x00,0x00,0x00,0x00,0x00,
  0x00,0x00,0x00,0x00,0x00,0x00,0x00,0x00,0x00,0x00,0x00,0x00,
  0x00,0x00,0x00,0x00,0x00,0x00,0xC0,0x00,0x00,0x00,0x00,0x00,
  0x00,0xBF,0xE6,0xBF,0xFF,0xFF,0xFF,0xFF,0xFF,0xFF,0xFF,0x40,
  0x00,0x00,0x00,0x00,0x00,0x60,0x00,0x00,0x00,0x00,0x00,0x00,
  0x00,0x00,0x00,0x00,0x00,0x00,0x00,0x00,0x00,0x00,0x00,0x00,
  0x00,0x00,0x00,0x00,0x00,0x00,0x00,0x00,0x00,0x00,0x00,0x00,
  0x00,0x00,0x00,0x00,0x00,0x00,0x00,0x00,0x00,0x00,0x00,0x00,
  0x00,0x00,0x00,0x00,0x00,0x00,0x00,0x00,0x00,0x7F,0xE5,0xDD,
  0xFF,0xBB,0xFD,0xFF,0xFF,0xFF,0xF4,0x00,0x00,0x00,0x00,0x00,
  0x00,0x00,0x00,0x00,0x00,0x00,0x00,0x00,0x00,0x00,0x00,0x00,
  0x00,0x00,0x00,0x00,0x00,0x00,0x00,0x00,0x00,0x00,0x00,0x00,
  0x00,0x00,0x00,0x00,0x00,0x00,0x00,0x00,0x00,0x00,0x00,0x00,
  0x00,0x00,0x00,0x00,0x00,0x00,0x00,0x00,0x00,0x00,0x00,0x00,
  0x00,0x00,0x00,0x00,0x00,0x17,0xE7,0x7F,0xFF,0xFF,0xF7,0xFF,
  0xFD,0xFF,0xA0,0x00,0x00,0x00,0x00,0x00,0x00,0x00,0x00,0x00,
  0x00,0x00,0x00,0x00,0x00,0x00,0x00,0x00,0x00,0x00,0x00,0x00,
  0x00,0x00,0x00,0x00,0x00,0x00,0x00,0x00,0x00,0x00,0x00,0x00,
  0x00,0x00,0x00,0x00,0x00,0x00,0x00,0x00,0x00,0x00,0x00,0x00,
  0x00,0x00,0x00,0x00,0x00,0x00,0x00,0x00,0x00,0x00,0x00,0x00,
  0x00,0x00,0x0D,0xBF,0xFD,0xFF,0xDF,0xEE,0xFF,0xFE,0x00,0x00,
  0x00,0x00,0x00,0x00,0x00,0x00,0x00,0x00,0x00,0x00,0x00,0x00,
  0x00,0x00,0x00,0x00,0x00,0x00,0x00,0x00,0x00,0x00,0x00,0x00,
  0x00,0x00,0x00,0x00,0x00,0x00,0x00,0x00,0x00,0x00,0x00,0x00,
  0x00,0x00,0x00,0x00,0x00,0x00,0x00,0x00,0x00,0x00,0x00,0x00,
  0x00,0x00,0x00,0x00,0x00,0x00,0x00,0x00,0x00,0x00,0x17,0xFF,
  0xF7,0xFB,0xFF,0xFF,0xFF,0xFA,0x00,0x00,0x00,0x00,0x00,0x00,
  0x00,0x00,0x00,0x00,0x00,0x00,0x00,0x00,0x00,0x00,0x00,0x00,
  0x00,0x00,0x00,0x00,0x00,0x00,0x00,0x00,0x00,0x00,0x00,0x00,
  0x00,0x00,0x00,0x00,0x00,0x00,0x00,0x00,0x00,0x00,0x00,0x00,
  0x00,0x00,0x00,0x00,0x00,0x00,0x00,0x00,0x00,0x00,0x00,0x00,
  0x00,0x00,0x00,0x00,0x00,0x00,0x15,0x7F,0xFF,0xFF,0xFF,0xFF,
  0xFF,0xF0,0x00,0x00,0x00,0x00,0x00,0x00,0x00,0x00,0x00,0x00,
  0x00,0x00,0x00,0x00,0x00,0x00,0x00,0x00,0x00,0x00,0x00,0x00,
  0x00,0x00,0x00,0x00,0x00,0x00,0x00,0x00,0x00,0x00,0x00,0x00,
  0x00,0x00,0x00,0x00,0x00,0x00,0x00,0x00,0x00,0x00,0x00,0x00,
  0x00,0x00,0x00,0x00,0x00,0x00,0x00,0x00,0x00,0x00,0x00,0x00,
  0x00,0x00,0x07,0xFF,0xFF,0xFF,0xFF,0xFF,0xFF,0xF0,0x00,0x00,
  0x00,0x00,0x00,0x00,0x00,0x00,0x00,0x00,0x00,0x00,0x00,0x00,
  0x00,0x00,0x00,0x00,0x00,0x00,0x00,0x00,0x00,0x00,0x00,0x00,
  0x00,0x00,0x00,0x00,0x00,0x00,0x00,0x00,0x00,0x00,0x00,0x00,
  0x00,0x00,0x00,0x00,0x00,0x00,0x00,0x00,0x00,0x00,0x00,0x00,
  0x00,0x00,0x00,0x00,0x00,0x00,0x00,0x00,0x00,0x00,0x1F,0xFF,
  0xFF,0xFF,0xFF,0xFF,0xFF,0xF8,0x00,0x00,0x00,0x00,0x00,0x00,
  0x00,0x00,0x00,0x00,0x00,0x00,0x00,0x00,0x00,0x00,0x00,0x00,
  0x00,0x00,0x00,0x00,0x00,0x00,0x00,0x00,0x00,0x00,0x00,0x00,
  0x00,0x00,0x00,0x00,0x00,0x00,0x00,0x00,0x00,0x00,0x00,0x00,
  0x00,0x00,0x00,0x00,0x00,0x00,0x00,0x00,0x00,0x00,0x00,0x00,
  0x00,0x00,0x00,0x00,0x00,0x00,0x0D,0xBF,0xFF,0xF7,0xFF,0xFF,
  0xFB,0xF8,0x00,0x00,0x00,0x00,0x00,0x00,0x00,0x00,0x00,0x00,
  0x00,0x00,0x00,0x00,0x00,0x00,0x00,0x00,0x00,0x00,0x00,0x00,
  0x00,0x00,0x00,0x00,0x00,0x00,0x00,0x00,0x00,0x00,0x00,0x00,
  0x00,0x00,0x00,0x00,0x00,0x00,0x00,0x00,0x00,0x00,0x00,0x00,
  0x00,0x00,0x00,0x00,0x00,0x00,0x00,0x00,0x00,0x00,0x00,0x00,
  0x00,0x00,0x07,0xFE,0xFF,0xFF,0xFF,0xFF,0xFF,0xE0,0x00,0x00,
  0x00,0x00,0x00,0x00,0x00,0x00,0x00,0x00,0x00,0x00,0x00,0x00,
  0x00,0x00,0x00,0x00,0x00,0x00,0x00,0x00,0x00,0x00,0x00,0x00,
  0x00,0x00,0x00,0x00,0x00,0x00,0x00,0x00,0x00,0x00,0x00,0x00,
  0x00,0x00,0x00,0x00,0x00,0x00,0x00,0x00,0x00,0x00,0x00,0x00,
  0x00,0x00,0x00,0x00,0x00,0x00,0x00,0x00,0x00,0x00,0x00,0xFB,
  0xFF,0xFF,0xFF,0xFF,0xFF,0x00,0x00,0x00,0x00,0x00,0x00,0x00,
  0x00,0x00,0x00,0x00,0x00,0x00,0x00,0x00,0x00,0x00,0x00,0x00,
  0x00,0x00,0x00,0x00,0x00,0x00,0x00,0x00,0x00,0x00,0x00,0x00,
  0x00,0x00,0x00,0x00,0x00,0x00,0x00,0x00,0x00,0x00,0x00,0x00,
  0x00,0x00,0x00,0x00,0x00,0x00,0x00,0x00,0x00,0x00,0x00,0x00,
  0x00,0x00,0x00,0x00,0x00,0x00,0x00,0x02,0x95,0x5B,0x55,0x2A,
  0x40,0x00,0x00,0x00,0x00,0x00,0x00,0x00,0x00,0x00,0x00,0x00,
  0x00,0x00,0x00,0x00,0x00,0x00,0x00,0x00,0x00,0x00,0x00,0x00,
  0x00,0x00,0x00,0x00,0x00,0x00,0x00,0x00,0x00,0x00,0x00,0x00,
  0x00,0x00,0x00,0x00,
};

static const BrandedArt BRANDED_ART[8] = {
  { "AAL", 299, 224, branded_aal },
  { "ASA", 540, 180, branded_asa },
  { "DAL", 540, 170, branded_dal },
  { "FFT", 540, 176, branded_fft },
  { "HAL", 540, 167, branded_hal },
  { "JBU", 540, 176, branded_jbu },
  { "SWA", 540, 156, branded_swa },
  { "UAL", 540, 170, branded_ual },
};
static const size_t BRANDED_ART_N = 8;
