// AUTO-GENERATED by tools/build_airline_logos.py -- do not edit.
// 1bpp airline wordmarks for the header, sorted by ICAO prefix.
#pragma once
#include <stdint.h>
#include <pgmspace.h>

struct AirlineLogo { const char* code; uint16_t w, h; const uint8_t* bits; };

static const uint8_t logo_aal[] PROGMEM = {
  0x00,0x00,0x00,0x00,0x00,0x00,0x00,0x00,0x00,0x00,0x00,0x00,
  0x00,0x00,0x00,0x00,0x00,0x00,0x00,0x00,0x00,0x00,0x00,0x00,
  0x7F,0xF8,0x00,0x00,0x00,0x00,0x00,0x00,0x00,0x00,0x00,0x00,
  0x00,0x00,0x00,0x00,0x00,0x00,0x00,0x00,0x00,0x00,0x00,0x00,
  0x00,0x00,0x00,0x00,0x00,0x00,0x00,0x00,0x7F,0xFE,0x00,0x00,
  0x00,0x00,0x00,0x00,0x00,0x00,0x00,0x00,0x00,0x00,0x00,0x00,
  0x00,0x00,0x00,0x00,0x00,0x00,0x00,0x00,0x00,0x00,0x00,0x00,
  0x00,0x00,0x00,0x00,0x3F,0xFF,0x00,0x00,0x00,0x00,0x00,0x00,
  0x00,0x00,0x00,0x00,0x00,0x00,0x00,0x00,0x00,0x00,0x00,0x00,
  0x00,0x00,0x00,0x00,0x00,0x00,0x00,0x00,0x00,0x00,0x00,0x00,
  0x1F,0xFF,0x80,0x00,0x00,0x00,0x00,0x00,0x00,0x00,0x00,0x00,
  0x00,0x00,0x00,0x00,0x00,0x00,0x00,0x00,0x00,0x00,0x00,0x00,
  0x00,0x00,0x00,0x00,0x00,0x00,0x00,0x00,0x1F,0xFF,0xC0,0x00,
  0x00,0x00,0x00,0x00,0x00,0x00,0x00,0x00,0x00,0x00,0x00,0x00,
  0x00,0x00,0x00,0x00,0x00,0x00,0x00,0x00,0x00,0x00,0x00,0x00,
  0x00,0x00,0x00,0x00,0x0F,0xFF,0xE0,0x00,0x00,0x00,0x00,0x00,
  0x00,0x00,0x00,0x00,0x00,0x00,0x00,0x00,0x00,0x00,0x00,0x00,
  0x00,0x00,0x00,0x00,0x00,0x00,0x00,0x00,0x00,0x00,0x00,0x00,
  0x0F,0xFF,0xF0,0x00,0x00,0x00,0x00,0x00,0x00,0x00,0x00,0x00,
  0x00,0x00,0x00,0x00,0x00,0x00,0x00,0x00,0x00,0x00,0x00,0x00,
  0x00,0x00,0x00,0x00,0x00,0x00,0x00,0x00,0x07,0xFF,0xF0,0x00,
  0x00,0x00,0x00,0x00,0x00,0x00,0x00,0x00,0x00,0x00,0x00,0x00,
  0x00,0x00,0x00,0x00,0x00,0x00,0x00,0x00,0x00,0x00,0x00,0x00,
  0x00,0x00,0x00,0x00,0x03,0xFF,0xF8,0x00,0x00,0x00,0x00,0x00,
  0x00,0x00,0x00,0x00,0x00,0x00,0x00,0x00,0x00,0x00,0x00,0x00,
  0x00,0x00,0x00,0x00,0x00,0x00,0x00,0x00,0x00,0x00,0x00,0x00,
  0x03,0xFF,0xFC,0x00,0x00,0x00,0x00,0x00,0x00,0x00,0x00,0x00,
  0x00,0x00,0x00,0x00,0x00,0x00,0x00,0x00,0x00,0x00,0x00,0x00,
  0x00,0x00,0x00,0x00,0x00,0x00,0x00,0x00,0x01,0xFF,0xFE,0x00,
  0x00,0x00,0x00,0x00,0x00,0x00,0x00,0x00,0x00,0x00,0x00,0x00,
  0x00,0x00,0x00,0x00,0x00,0x00,0x00,0x00,0x00,0x00,0x00,0x00,
  0x00,0x00,0x00,0x00,0x01,0xFF,0xFF,0x00,0x00,0x00,0x00,0x00,
  0x00,0x00,0x00,0x00,0x00,0x00,0x00,0x00,0x00,0x00,0x00,0x00,
  0x00,0x00,0x00,0x00,0x00,0x00,0x00,0x00,0x00,0x00,0x00,0x00,
  0x00,0xFF,0xFF,0x80,0x00,0x00,0x00,0x00,0x00,0x00,0x00,0x00,
  0x00,0x00,0x00,0x00,0x00,0x00,0x00,0x00,0x00,0x00,0x00,0x00,
  0x00,0x00,0x00,0x00,0x00,0x00,0x00,0x00,0x00,0x7F,0xFF,0x80,
  0x00,0x00,0x00,0x00,0x00,0x00,0x00,0x00,0x00,0x00,0x00,0x00,
  0x00,0x00,0x00,0x00,0x00,0x00,0x00,0x00,0x00,0x00,0x00,0x00,
  0x00,0x00,0x00,0x00,0x00,0x7F,0xFF,0xC0,0x00,0x00,0x00,0x00,
  0x00,0x00,0x00,0x00,0x00,0x00,0x00,0x00,0x00,0x00,0x00,0x00,
  0x00,0x00,0x00,0x00,0x00,0x00,0x00,0x00,0x00,0x00,0x00,0x00,
  0x00,0x3F,0xFF,0xE0,0x00,0x00,0x00,0x00,0x00,0x00,0x00,0x00,
  0x00,0x00,0x00,0x00,0x00,0x00,0x00,0x00,0x00,0x00,0x3F,0x00,
  0x00,0x00,0x00,0x00,0x00,0x00,0x00,0x00,0x00,0x3F,0xFF,0xF0,
  0x00,0x00,0x00,0x00,0x00,0x00,0x00,0x00,0x00,0x00,0x00,0x00,
  0x00,0x00,0x00,0x00,0x00,0x00,0x3F,0x00,0x00,0x00,0x00,0x00,
  0x00,0x00,0x00,0x00,0x00,0x1F,0xFF,0xF8,0x00,0x00,0x00,0x00,
  0x00,0x07,0xFC,0x00,0x00,0x00,0x00,0x00,0x00,0x00,0x00,0x00,
  0x00,0x00,0x3F,0x00,0x00,0x00,0x00,0x00,0x00,0x00,0x00,0x00,
  0x00,0x0F,0xFF,0xF8,0x00,0x00,0x00,0x00,0x00,0x07,0xFC,0x00,
  0x00,0x00,0x00,0x00,0x00,0x00,0x00,0x00,0x00,0x00,0x3F,0x00,
  0x00,0x00,0x00,0x00,0x00,0x00,0x00,0x00,0x00,0x0F,0xFF,0xFC,
  0x00,0x00,0x00,0x00,0x00,0x07,0xFC,0x00,0x00,0x00,0x00,0x00,
  0x00,0x00,0x00,0x00,0x00,0x00,0x3F,0x00,0x00,0x00,0x00,0x00,
  0x00,0x00,0x00,0x00,0x00,0x07,0xFF,0xFE,0x00,0x00,0x00,0x00,
  0x00,0x0F,0xFE,0x00,0x00,0x00,0x00,0x00,0x00,0x00,0x00,0x00,
  0x00,0x00,0x3F,0x00,0x00,0x00,0x00,0x00,0x00,0x00,0x00,0x00,
  0x00,0x07,0xFF,0xFF,0x00,0x00,0x00,0x00,0x00,0x0F,0xFE,0x00,
  0x00,0x00,0x00,0x00,0x00,0x00,0x00,0x00,0x00,0x00,0x00,0x00,
  0x00,0x00,0x00,0x00,0x00,0x00,0x00,0x00,0x00,0x03,0xFF,0xFF,
  0x80,0x00,0x00,0x00,0x00,0x1F,0xFE,0x00,0x00,0x00,0x00,0x00,
  0x00,0x00,0x00,0x00,0x00,0x00,0x00,0x00,0x00,0x00,0x00,0x00,
  0x00,0x00,0x00,0x00,0x00,0x00,0xFF,0xFF,0x80,0x00,0x00,0x00,
  0x00,0x1F,0xFF,0x00,0x00,0x00,0x00,0x00,0x00,0x00,0x00,0x00,
  0x00,0x00,0x00,0x00,0x00,0x00,0x00,0x00,0x00,0x00,0x00,0x00,
  0x00,0x00,0x00,0x0F,0xFC,0x00,0x00,0x00,0x00,0x3F,0xFF,0x00,
  0x3F,0x1F,0xE0,0x7F,0xC0,0x01,0xFF,0x80,0x3F,0x1F,0x3F,0x00,
  0x1F,0xF8,0x0F,0xFF,0x00,0x7E,0x1F,0xF0,0x00,0x00,0x00,0xFF,
  0xFF,0xE0,0x00,0x00,0x00,0x3F,0x3F,0x80,0x3F,0x7F,0xF0,0xFF,
  0xE0,0x07,0xFF,0xE0,0x7F,0x7F,0x3F,0x00,0x7F,0xFC,0x3F,0xFF,
  0xC0,0x7F,0x7F,0xF8,0x00,0x00,0x07,0xFF,0xFF,0xF8,0x00,0x00,
  0x00,0x7F,0x3F,0x80,0x3F,0xFF,0xFB,0xFF,0xF0,0x0F,0xFF,0xF0,
  0x3F,0xFF,0x3F,0x01,0xFF,0xFE,0x3F,0xFF,0xE0,0x7F,0xFF,0xFC,
  0x00,0x00,0x0F,0xFF,0xFF,0xFC,0x00,0x00,0x00,0x7F,0x3F,0x80,
  0x3F,0xFF,0xFF,0xFF,0xF8,0x1F,0xFF,0xF8,0x3F,0xFF,0x3F,0x03,
  0xFF,0xFE,0x3F,0xFF,0xF0,0x7F,0xFF,0xFE,0x00,0x00,0x0F,0xFF,
  0xFF,0xFE,0x00,0x00,0x00,0x7E,0x1F,0xC0,0x3F,0xFF,0xFF,0xFF,
  0xF8,0x3F,0xFF,0xFC,0x3F,0xFF,0x3F,0x03,0xFF,0xFE,0x3F,0xFF,
  0xF8,0x7F,0xFF,0xFE,0x00,0x00,0x0F,0xFF,0xFF,0xFF,0x00,0x00,
  0x00,0xFE,0x1F,0xC0,0x3F,0xE3,0xFF,0xC7,0xF8,0x7F,0x81,0xFC,
  0x3F,0xFF,0x3F,0x07,0xFE,0x1E,0x38,0x07,0xF8,0x7F,0xE1,0xFF,
  0x00,0x00,0x0F,0xFF,0xFF,0x87,0x00,0x00,0x00,0xFE,0x1F,0xE0,
  0x3F,0xC1,0xFF,0x03,0xF8,0x7F,0x00,0xFC,0x3F,0xE0,0x3F,0x0F,
  0xF8,0x00,0x00,0x03,0xF8,0x7F,0xC0,0xFF,0x00,0x00,0x0F,0xFF,
  0xFF,0x00,0x00,0x00,0x01,0xFC,0x0F,0xE0,0x3F,0x80,0xFF,0x03,
  0xFC,0xFE,0x00,0xFE,0x3F,0xC0,0x3F,0x0F,0xF0,0x00,0x00,0x01,
  0xF8,0x7F,0x80,0xFF,0x00,0x00,0x07,0xFF,0xFF,0x80,0x00,0x00,
  0x01,0xFC,0x0F,0xE0,0x3F,0x80,0xFE,0x01,0xFC,0xFE,0x00,0xFE,
  0x3F,0x80,0x3F,0x0F,0xE0,0x00,0x00,0x03,0xF8,0x7F,0x00,0x7F,
  0x00,0x00,0x07,0xFF,0xFF,0xC0,0x00,0x00,0x03,0xF8,0x0F,0xF0,
  0x3F,0x80,0xFE,0x01,0xFC,0xFE,0x00,0xFE,0x7F,0x80,0x3F,0x1F,
  0xE0,0x00,0x01,0xFF,0xF8,0x7F,0x00,0x7F,0x00,0x00,0x03,0xFF,
  0xFF,0xE0,0x00,0x00,0x03,0xF8,0x07,0xF0,0x3F,0x80,0xFE,0x01,
  0xFC,0xFF,0xFF,0xFE,0x7F,0x00,0x3F,0x1F,0xC0,0x00,0x0F,0xFF,
  0xF8,0x7F,0x00,0x7F,0x00,0x00,0x01,0xFF,0xFF,0xE0,0x00,0x00,
  0x03,0xF0,0x07,0xF8,0x3F,0x80,0xFE,0x01,0xFC,0xFF,0xFF,0xFE,
  0x3F,0x00,0x3F,0x1F,0xC0,0x00,0x1F,0xFF,0xF8,0x7F,0x00,0x7F,
  0x00,0x00,0x01,0xFF,0xFF,0xF0,0x00,0x00,0x07,0xFF,0xFF,0xF8,
  0x3F,0x80,0xFE,0x01,0xFC,0xFF,0xFF,0xFE,0x3F,0x00,0x3F,0x1F,
  0xC0,0x00,0x3F,0xFF,0xF8,0x7F,0x00,0x7F,0x00,0x00,0x00,0xFF,
  0xFF,0xF8,0x00,0x00,0x07,0xFF,0xFF,0xF8,0x3F,0x80,0xFE,0x01,
  0xFC,0xFF,0xFF,0xFE,0x3F,0x00,0x3F,0x1F,0xC0,0x00,0x7F,0xC1,
  0xF8,0x7F,0x00,0x7F,0x00,0x00,0x00,0xFF,0xFF,0xFC,0x00,0x00,
  0x0F,0xFF,0xFF,0xFC,0x3F,0x80,0xFE,0x01,0xFC,0xFE,0x00,0x00,
  0x3F,0x00,0x3F,0x1F,0xC0,0x00,0x7F,0x01,0xF8,0x7F,0x00,0x7F,
  0x00,0x00,0x00,0x7F,0xFF,0xFE,0x00,0x00,0x0F,0xFF,0xFF,0xFC,
  0x3F,0x80,0xFE,0x01,0xFC,0xFE,0x00,0x00,0x3F,0x00,0x3F,0x1F,
  0xE0,0x00,0xFE,0x01,0xF8,0x7F,0x00,0x7F,0x00,0x00,0x00,0x3F,
  0xFF,0xFE,0x00,0x00,0x1F,0xFF,0xFF,0xFE,0x3F,0x80,0xFE,0x01,
  0xFC,0xFE,0x00,0x00,0x3F,0x00,0x3F,0x0F,0xE0,0x00,0xFE,0x01,
  0xF8,0x7F,0x00,0x7F,0x00,0x00,0x00,0x3F,0xFF,0xFF,0x00,0x00,
  0x1F,0xFF,0xFF,0xFE,0x3F,0x80,0xFE,0x01,0xFC,0xFF,0x00,0x00,
  0x3F,0x00,0x3F,0x0F,0xF0,0x00,0xFE,0x03,0xF8,0x7F,0x00,0x7F,
  0x00,0x00,0x00,0x1F,0xFF,0xFF,0x80,0x00,0x3F,0xC0,0x00,0xFE,
  0x3F,0x80,0xFE,0x01,0xFC,0x7F,0x80,0x08,0x3F,0x00,0x3F,0x0F,
  0xF8,0x04,0xFE,0x07,0xF8,0x7F,0x00,0x7F,0x00,0x00,0x00,0x1F,
  0xFF,0xFF,0xC0,0x00,0x3F,0x80,0x00,0xFF,0x3F,0x80,0xFE,0x01,
  0xFC,0x7F,0xE0,0x78,0x3F,0x00,0x3F,0x07,0xFE,0x1E,0xFF,0x0F,
  0xF8,0x7F,0x00,0x7F,0x00,0x00,0x00,0x0F,0xFF,0xFF,0xE0,0x00,
  0x3F,0x80,0x00,0xFF,0x3F,0x80,0xFE,0x01,0xFC,0x3F,0xFF,0xF8,
  0x3F,0x00,0x3F,0x07,0xFF,0xFE,0xFF,0xFF,0xF8,0x7F,0x00,0x7F,
  0x00,0x00,0x00,0x07,0xFF,0xFF,0xF0,0x00,0x7F,0x80,0x00,0x7F,
  0x3F,0x80,0xFE,0x01,0xFC,0x1F,0xFF,0xF8,0x3F,0x00,0x3F,0x03,
  0xFF,0xFE,0x7F,0xFF,0xF8,0x7F,0x00,0x7F,0x00,0x00,0x00,0x07,
  0xFF,0xFF,0xF0,0x00,0x7F,0x00,0x00,0x7F,0xBF,0x80,0xFE,0x01,
  0xFC,0x0F,0xFF,0xF8,0x3F,0x00,0x3F,0x01,0xFF,0xFE,0x3F,0xFF,
  0xFC,0x7F,0x00,0x7F,0x00,0x00,0x00,0x03,0xFF,0xFF,0xF8,0x00,
  0xFF,0x00,0x00,0x7F,0xBF,0x80,0xFE,0x01,0xFC,0x07,0xFF,0xF8,
  0x3F,0x00,0x3F,0x00,0x7F,0xFC,0x1F,0xF9,0xFC,0x7F,0x00,0x7F,
  0x00,0x00,0x00,0x03,0xFF,0xFF,0xFC,0x00,0x7E,0x00,0x00,0x3F,
  0x9F,0x00,0x7C,0x01,0xF8,0x00,0xFF,0xC0,0x3F,0x00,0x3F,0x00,
  0x1F,0xF0,0x0F,0xF0,0xF8,0x3E,0x00,0x7E,0x00,0x00,0x00,0x01,
  0xFF,0xFF,0xFE,0x00,0x00,0x00,0x00,0x00,0x00,0x00,0x00,0x00,
  0x00,0x00,0x00,0x00,0x00,0x00,0x00,0x00,0x00,0x00,0x00,0x00,
  0x00,0x00,0x00,0x00,0x00,0x00,0x00,0x00,0xFF,0xFF,0xFF,0x00,
  0x00,0x00,0x00,0x00,0x00,0x00,0x00,0x00,0x00,0x00,0x00,0x00,
  0x00,0x00,0x00,0x00,0x00,0x00,0x00,0x00,0x00,0x00,0x00,0x00,
  0x00,0x00,0x00,0x00,0xFF,0xFF,0xFF,0x00,0x00,0x00,0x00,0x00,
  0x00,0x00,0x00,0x00,0x00,0x00,0x00,0x00,0x00,0x00,0x00,0x00,
  0x00,0x00,0x00,0x00,0x00,0x00,0x00,0x00,0x00,0x00,0x00,0x00,
  0x7F,0xFF,0xFF,0x80,0x00,0x00,0x00,0x00,0x00,0x00,0x00,0x00,
  0x00,0x00,0x00,0x00,0x00,0x00,0x00,0x00,0x00,0x00,0x00,0x00,
  0x00,0x00,0x00,0x00,0x00,0x00,0x00,0x00,0x3F,0xFF,0xFF,0xC0,
  0x00,0x00,0x00,0x00,0x00,0x00,0x00,0x00,0x00,0x00,0x00,0x00,
  0x00,0x00,0x00,0x00,0x00,0x00,0x00,0x00,0x00,0x00,0x00,0x00,
  0x00,0x00,0x00,0x00,0x3F,0xFF,0xFF,0xE0,0x00,0x00,0x00,0x00,
  0x00,0x00,0x00,0x00,0x00,0x00,0x00,0x00,0x00,0x00,0x00,0x00,
  0x00,0x00,0x00,0x00,0x00,0x00,0x00,0x00,0x00,0x00,0x00,0x00,
  0x1F,0xFF,0xFF,0xF0,0x00,0x00,0x00,0x00,0x00,0x00,0x00,0x00,
  0x00,0x00,0x00,0x00,0x00,0x00,0x00,0x00,0x00,0x00,0x00,0x00,
  0x00,0x00,0x00,0x00,0x00,0x00,0x00,0x00,0x0F,0xFF,0xFF,0xF0,
  0x00,0x00,0x00,0x00,0x00,0x00,0x00,0x00,0x00,0x00,0x00,0x00,
  0x00,0x00,0x00,0x00,0x00,0x00,0x00,0x00,0x00,0x00,0x00,0x00,
  0x00,0x00,0x00,0x00,0x07,0xFF,0xFF,0xF8,0x00,0x00,0x00,0x00,
  0x00,0x00,0x00,0x00,0x00,0x00,0x00,0x00,0x00,0x00,0x00,0x00,
  0x00,0x00,0x00,0x00,0x00,0x00,0x00,0x00,0x00,0x00,0x00,0x00,
  0x03,0xFF,0xFF,0xFC,0x00,0x00,0x00,0x00,0x00,0x00,0x00,0x00,
  0x00,0x00,0x00,0x00,0x00,0x00,0x00,0x00,0x00,0x00,0x00,0x00,
  0x00,0x00,0x00,0x00,0x00,0x00,0x00,0x00,0x00,0xFF,0xFF,0xFE,
};
static const uint8_t logo_aar[] PROGMEM = {
  0x00,0x0F,0xC0,0x00,0x0F,0xF8,0x03,0xF0,0x00,0x7C,0x00,0x1F,
  0x80,0x03,0xE0,0x00,0xFC,0x00,0x00,0x00,0x07,0xE0,0x00,0xF8,
  0x3F,0xFF,0x00,0x1F,0x80,0x00,0xFC,0x3F,0x00,0x0F,0xC3,0xFF,
  0xFF,0x80,0x1F,0x80,0x00,0x1F,0xC0,0x00,0x3F,0xFE,0x03,0xF0,
  0x00,0xFE,0x00,0x1F,0xC0,0x07,0xE0,0x01,0xFC,0x00,0x00,0x00,
  0x0F,0xE0,0x01,0xFC,0x3F,0xFF,0xE0,0x1F,0x80,0x00,0xFC,0x3F,
  0x80,0x0F,0xC3,0xFF,0xFF,0x80,0xFF,0xF0,0x00,0x3F,0xE0,0x00,
  0x7F,0xFF,0x83,0xF0,0x00,0xFE,0x00,0x1F,0xE0,0x07,0xE0,0x01,
  0xFE,0x00,0x00,0x00,0x0F,0xF0,0x01,0xFC,0x3F,0xFF,0xF8,0x1F,
  0x80,0x00,0xFC,0x3F,0x80,0x0F,0xC3,0xFF,0xFF,0x81,0xFF,0xFC,
  0x00,0x3F,0xE0,0x00,0xFF,0xFF,0xC3,0xF0,0x01,0xFF,0x00,0x1F,
  0xE0,0x07,0xE0,0x01,0xFE,0x00,0x00,0x00,0x1F,0xF0,0x01,0xFC,
  0x3F,0xFF,0xFC,0x1F,0x80,0x00,0xFC,0x3F,0xC0,0x0F,0xC3,0xFF,
  0xFF,0x83,0xFF,0xFE,0x00,0x3F,0xE0,0x01,0xFF,0xFF,0xC3,0xF0,
  0x01,0xFF,0x00,0x1F,0xF0,0x07,0xE0,0x03,0xFF,0x00,0x00,0x00,
  0x1F,0xF0,0x01,0xFC,0x3F,0xFF,0xFE,0x1F,0x80,0x00,0xFC,0x3F,
  0xE0,0x0F,0xC3,0xFF,0xFF,0x87,0xFF,0xFE,0x00,0x7F,0xF0,0x03,
  0xFE,0x1F,0xE3,0xF0,0x03,0xFF,0x00,0x1F,0xF8,0x07,0xE0,0x03,
  0xFF,0x00,0x00,0x00,0x1F,0xF8,0x01,0xFC,0x3F,0xFF,0xFE,0x1F,
  0x80,0x00,0xFC,0x3F,0xE0,0x0F,0xC3,0xFF,0xFF,0x87,0xFF,0xFC,
  0x00,0x7F,0xF0,0x03,0xF8,0x0F,0xE3,0xF0,0x03,0xFF,0x80,0x1F,
  0xF8,0x07,0xE0,0x03,0xFF,0x00,0x00,0x00,0x3F,0xF8,0x01,0xFC,
  0x3F,0x00,0xFF,0x1F,0x80,0x00,0xFC,0x3F,0xF0,0x0F,0xC3,0xF0,
  0x00,0x0F,0xE0,0x78,0x00,0xFF,0xF8,0x03,0xF0,0x07,0xE3,0xF0,
  0x03,0xFF,0x80,0x1F,0xFC,0x07,0xE0,0x07,0xFF,0x80,0x00,0x00,
  0x3F,0xFC,0x01,0xFC,0x3F,0x00,0x7F,0x1F,0x80,0x00,0xFC,0x3F,
  0xF0,0x0F,0xC3,0xF0,0x00,0x0F,0xC0,0x10,0x00,0xFF,0xF8,0x03,
  0xF0,0x00,0x03,0xF0,0x07,0xFF,0xC0,0x1F,0xFC,0x07,0xE0,0x07,
  0xFF,0x80,0x00,0x00,0x7F,0xFC,0x01,0xFC,0x3F,0x00,0x3F,0x1F,
  0x80,0x00,0xFC,0x3F,0xF8,0x0F,0xC3,0xF0,0x00,0x0F,0xC0,0x00,
  0x00,0xFD,0xF8,0x03,0xF8,0x00,0x03,0xF0,0x07,0xEF,0xC0,0x1F,
  0xFE,0x07,0xE0,0x0F,0xFF,0x80,0x00,0x00,0x7E,0xFC,0x01,0xFC,
  0x3F,0x00,0x3F,0x1F,0x80,0x00,0xFC,0x3F,0xFC,0x0F,0xC3,0xF0,
  0x00,0x0F,0xE0,0x00,0x01,0xFD,0xFC,0x03,0xFC,0x00,0x03,0xF0,
  0x0F,0xEF,0xC0,0x1F,0xFF,0x07,0xE0,0x0F,0xCF,0xC0,0x00,0x00,
  0x7E,0xFE,0x01,0xFC,0x3F,0x00,0x3F,0x1F,0x80,0x00,0xFC,0x3F,
  0xFC,0x0F,0xC3,0xF0,0x00,0x0F,0xF0,0x00,0x01,0xF8,0xFC,0x01,
  0xFF,0x00,0x03,0xF0,0x0F,0xC7,0xE0,0x1F,0xFF,0x07,0xE0,0x0F,
  0xCF,0xC0,0x00,0x00,0xFE,0x7E,0x01,0xFC,0x3F,0x00,0x7F,0x1F,
  0x80,0x00,0xFC,0x3F,0xFE,0x0F,0xC3,0xF0,0x00,0x07,0xFC,0x00,
  0x01,0xF8,0xFE,0x01,0xFF,0xC0,0x03,0xF0,0x0F,0xC7,0xE0,0x1F,
  0xFF,0x87,0xE0,0x1F,0xCF,0xE0,0x00,0x00,0xFC,0x7E,0x01,0xFC,
  0x3F,0x00,0x7F,0x1F,0x80,0x00,0xFC,0x3F,0xFF,0x0F,0xC3,0xFF,
  0xFF,0x87,0xFF,0x00,0x03,0xF8,0xFE,0x00,0xFF,0xF8,0x03,0xF0,
  0x1F,0xC7,0xF0,0x1F,0x9F,0xC7,0xE0,0x1F,0x87,0xE0,0x00,0x00,
  0xFC,0x3F,0x01,0xFC,0x3F,0x01,0xFE,0x1F,0x80,0x00,0xFC,0x3F,
  0x7F,0x0F,0xC3,0xFF,0xFF,0x83,0xFF,0xC0,0x03,0xF0,0x7E,0x00,
  0x7F,0xFE,0x03,0xF0,0x1F,0x83,0xF0,0x1F,0x9F,0xC7,0xE0,0x1F,
  0x87,0xE0,0x00,0x01,0xF8,0x3F,0x01,0xFC,0x3F,0xFF,0xFE,0x1F,
  0x80,0x00,0xFC,0x3F,0x3F,0x8F,0xC3,0xFF,0xFF,0x81,0xFF,0xF0,
  0x07,0xF0,0x7F,0x00,0x3F,0xFF,0x03,0xF0,0x1F,0x83,0xF0,0x1F,
  0x8F,0xE7,0xE0,0x3F,0x03,0xF0,0x00,0x01,0xF8,0x3F,0x81,0xFC,
  0x3F,0xFF,0xFC,0x1F,0x80,0x00,0xFC,0x3F,0x3F,0xCF,0xC3,0xFF,
  0xFF,0x80,0xFF,0xFC,0x07,0xE0,0x7F,0x00,0x0F,0xFF,0x83,0xF0,
  0x3F,0x03,0xF8,0x1F,0xCF,0xF7,0xE0,0x3F,0x03,0xF0,0x00,0x03,
  0xF8,0x1F,0x81,0xFC,0x3F,0xFF,0xF8,0x1F,0x80,0x00,0xFC,0x3F,
  0x1F,0xCF,0xC3,0xFF,0xFF,0x80,0x3F,0xFC,0x07,0xE0,0x3F,0x00,
  0x01,0xFF,0xC3,0xF0,0x3F,0x01,0xF8,0x1F,0xC7,0xF7,0xE0,0x7F,
  0x03,0xF0,0x00,0x03,0xF0,0x1F,0x81,0xFC,0x3F,0x7F,0xE0,0x1F,
  0x80,0x00,0xFC,0x3F,0x0F,0xEF,0xC3,0xF0,0x00,0x00,0x07,0xFE,
  0x0F,0xFF,0xFF,0x80,0x00,0x7F,0xC3,0xF0,0x7F,0xFF,0xF8,0x1F,
  0x83,0xFF,0xE0,0x7F,0xFF,0xF8,0x00,0x03,0xFF,0xFF,0xC1,0xFC,
  0x3F,0x3F,0x80,0x1F,0x80,0x00,0xFC,0x3F,0x0F,0xFF,0xC3,0xF0,
  0x00,0x00,0x01,0xFF,0x0F,0xFF,0xFF,0x80,0x00,0x1F,0xE3,0xF0,
  0x7F,0xFF,0xFC,0x1F,0x83,0xFF,0xE0,0x7F,0xFF,0xF8,0x00,0x07,
  0xFF,0xFF,0xC1,0xFC,0x3F,0x3F,0x80,0x1F,0x80,0x00,0xFC,0x3F,
  0x07,0xFF,0xC3,0xF0,0x00,0x00,0x00,0x7F,0x1F,0xFF,0xFF,0xC0,
  0x00,0x0F,0xE3,0xF0,0x7F,0xFF,0xFC,0x1F,0x81,0xFF,0xE0,0xFF,
  0xFF,0xFC,0x00,0x07,0xFF,0xFF,0xC1,0xFC,0x3F,0x1F,0xC0,0x1F,
  0x80,0x00,0xFC,0x3F,0x03,0xFF,0xC3,0xF0,0x00,0x00,0x00,0x7F,
  0x1F,0xFF,0xFF,0xC7,0xF0,0x0F,0xE3,0xF0,0xFF,0xFF,0xFE,0x1F,
  0x80,0xFF,0xE0,0xFF,0xFF,0xFC,0x00,0x0F,0xFF,0xFF,0xE0,0xFC,
  0x3F,0x0F,0xE0,0x1F,0x80,0x00,0xFC,0x3F,0x03,0xFF,0xC3,0xF0,
  0x00,0x07,0x00,0x7F,0x3F,0xFF,0xFF,0xC7,0xF0,0x0F,0xE3,0xF0,
  0xFF,0xFF,0xFE,0x1F,0x80,0xFF,0xE0,0xFF,0xFF,0xFC,0x00,0x0F,
  0xFF,0xFF,0xE0,0xFC,0x3F,0x0F,0xF0,0x1F,0x80,0x00,0xFC,0x3F,
  0x01,0xFF,0xC3,0xF0,0x00,0x0F,0x80,0x7F,0x3F,0xFF,0xFF,0xE3,
  0xF8,0x0F,0xE3,0xF0,0xFF,0xFF,0xFE,0x1F,0x80,0x7F,0xE1,0xFF,
  0xFF,0xFE,0x00,0x0F,0xFF,0xFF,0xF1,0xFC,0x3F,0x07,0xF8,0x1F,
  0x80,0x00,0xFC,0x3F,0x00,0xFF,0xC3,0xF0,0x00,0x1F,0xC0,0x7F,
  0x3F,0x00,0x0F,0xE3,0xFF,0xFF,0xC3,0xF1,0xFC,0x00,0x7F,0x1F,
  0x80,0x3F,0xE1,0xF8,0x00,0x7E,0x00,0x1F,0xC0,0x03,0xF1,0xFC,
  0x3F,0x03,0xF8,0x1F,0xFF,0xFC,0xFC,0x3F,0x00,0xFF,0xC3,0xFF,
  0xFF,0x9F,0xFF,0xFE,0x7F,0x00,0x07,0xF1,0xFF,0xFF,0xC3,0xF1,
  0xF8,0x00,0x3F,0x1F,0x80,0x3F,0xE3,0xF8,0x00,0x7F,0x00,0x1F,
  0x80,0x03,0xF1,0xFC,0x3F,0x01,0xFC,0x1F,0xFF,0xFC,0xFC,0x3F,
  0x00,0x7F,0xC3,0xFF,0xFF,0x8F,0xFF,0xFE,0x7F,0x00,0x07,0xF0,
  0xFF,0xFF,0x83,0xF3,0xF8,0x00,0x3F,0x1F,0x80,0x1F,0xE3,0xF0,
  0x00,0x7F,0x00,0x1F,0x80,0x03,0xF9,0xFC,0x3F,0x01,0xFE,0x1F,
  0xFF,0xFC,0xFC,0x3F,0x00,0x3F,0xC3,0xFF,0xFF,0x87,0xFF,0xFC,
  0x7E,0x00,0x03,0xF0,0xFF,0xFF,0x03,0xF3,0xF0,0x00,0x3F,0x9F,
  0x80,0x1F,0xE3,0xF0,0x00,0x3F,0x00,0x3F,0x80,0x01,0xF9,0xFC,
  0x3F,0x00,0xFE,0x1F,0xFF,0xFC,0xFC,0x3F,0x00,0x3F,0xC3,0xFF,
  0xFF,0x83,0xFF,0xF8,0xFE,0x00,0x03,0xF8,0x3F,0xFE,0x03,0xF3,
  0xF0,0x00,0x1F,0x9F,0xC0,0x0F,0xE7,0xF0,0x00,0x3F,0x80,0x3F,
  0x00,0x01,0xFD,0xFC,0x3F,0x00,0x7F,0x1F,0xFF,0xFC,0xFC,0x3F,
  0x00,0x1F,0xC3,0xFF,0xFF,0x80,0xFF,0xE0,0xFC,0x00,0x03,0xF8,
  0x0F,0xF8,0x03,0xF3,0xE0,0x00,0x1F,0x8F,0x80,0x07,0xE7,0xE0,
  0x00,0x1F,0x80,0x3F,0x00,0x00,0xFC,0xF8,0x3E,0x00,0x3F,0x1F,
  0xFF,0xF8,0x7C,0x3F,0x00,0x0F,0xC3,0xFF,0xFF,0x80,0x3F,0x80,
};
static const uint8_t logo_aay[] PROGMEM = {
  0x00,0x00,0x00,0x00,0x00,0x00,0x00,0x00,0x00,0x00,0x00,0x08,
  0x00,0x00,0x00,0x00,0x00,0x00,0x00,0x00,0x00,0x00,0x00,0x00,
  0x00,0x00,0x00,0x00,0x00,0x00,0x00,0x00,0x08,0x00,0x00,0x00,
  0x00,0x00,0x00,0x00,0x00,0x00,0x00,0x00,0x00,0x00,0x00,0x00,
  0x00,0x00,0x00,0x00,0x20,0x18,0x02,0x00,0x00,0x00,0x00,0x00,
  0x00,0x00,0x00,0x00,0x00,0x00,0x00,0x00,0x00,0x00,0x00,0x00,
  0x00,0x30,0x18,0x06,0x00,0x00,0x00,0x00,0x00,0x00,0x00,0x00,
  0x00,0x00,0x00,0x00,0x00,0x00,0x00,0x00,0x00,0x00,0x30,0x1C,
  0x0C,0x00,0x00,0x00,0x00,0x00,0x00,0x00,0x00,0x00,0x00,0x00,
  0x00,0x00,0x00,0x00,0x00,0x00,0x00,0x38,0x1C,0x0C,0x00,0x00,
  0x00,0x00,0x00,0x00,0x00,0x00,0x00,0x00,0x00,0x00,0x00,0x00,
  0x00,0x00,0x00,0x00,0x18,0x1C,0x1C,0x02,0x00,0x00,0x00,0x00,
  0x00,0x00,0x00,0x00,0x00,0x00,0x00,0x00,0x00,0x00,0x00,0x00,
  0x20,0x1C,0x1C,0x1C,0x06,0x00,0x00,0x00,0x00,0x00,0x00,0x00,
  0x00,0x00,0x00,0x00,0x00,0x00,0x00,0x00,0x00,0x38,0x1E,0x3C,
  0x3C,0x0C,0x00,0x00,0x00,0x00,0x00,0x00,0x00,0x00,0x00,0x00,
  0x00,0x00,0x00,0x00,0x00,0x00,0x1C,0x1E,0x3C,0x7C,0x1C,0x00,
  0x00,0x00,0x00,0x00,0x00,0x00,0x00,0x00,0x00,0x00,0x00,0x00,
  0x00,0x00,0x00,0x1E,0x1F,0x3E,0x78,0x38,0x00,0x00,0x00,0x00,
  0x00,0x00,0x00,0x00,0x00,0x00,0x00,0x00,0x00,0x00,0x00,0x00,
  0x0F,0x1F,0x3E,0xF8,0x78,0x00,0x00,0x00,0x00,0x00,0x00,0x00,
  0x00,0x00,0x00,0x00,0x00,0x00,0x00,0x00,0x00,0x0F,0x8F,0xBE,
  0xF8,0xF0,0x04,0x00,0x00,0x00,0x00,0x00,0x00,0x00,0x00,0x00,
  0x00,0x00,0x00,0x00,0x00,0x1C,0x07,0xCF,0xFF,0xFB,0xF0,0x1C,
  0x00,0x00,0x00,0x00,0x00,0x00,0x00,0x00,0x00,0x00,0x00,0x00,
  0x00,0x00,0x0F,0x07,0xEF,0xFF,0xFF,0xE0,0x78,0x00,0x00,0x00,
  0x00,0x00,0x00,0x00,0x00,0x00,0x00,0x00,0x00,0x00,0x00,0x07,
  0xC3,0xFF,0xFF,0xFF,0xE1,0xF0,0x00,0x00,0x00,0x00,0x00,0x00,
  0x00,0x00,0x00,0x00,0x00,0x00,0x00,0x00,0x03,0xF3,0xFF,0xFF,
  0xFF,0xC7,0xE0,0x00,0x00,0x00,0x00,0x00,0x00,0x00,0x00,0x00,
  0x00,0x00,0x00,0x00,0x00,0x01,0xFD,0xFF,0xFF,0xFF,0xDF,0xC0,
  0x00,0x00,0x00,0x00,0x00,0x00,0x00,0x00,0x00,0x00,0x00,0x00,
  0x00,0x00,0x00,0xFF,0xFF,0xFF,0xFF,0xFF,0x80,0x00,0x00,0x00,
  0x00,0x00,0x00,0x00,0x00,0x00,0x00,0x00,0x00,0x00,0x00,0x00,
  0x7F,0xFF,0xFF,0xFF,0xFF,0x00,0x00,0x00,0x00,0x00,0x00,0x00,
  0x00,0x00,0x00,0x00,0x00,0x00,0x00,0x03,0xC0,0x3F,0xFF,0xFF,
  0xFF,0xFE,0x01,0xC0,0x00,0x00,0x00,0x00,0x00,0x00,0x00,0x00,
  0x00,0x00,0x00,0x00,0x01,0xFF,0x1F,0xFF,0xFF,0xFF,0xFC,0x7F,
  0x80,0x00,0x00,0x00,0x00,0x00,0x00,0x00,0x00,0x00,0x00,0x00,
  0x00,0x00,0x7F,0xFF,0xFF,0xFF,0xFF,0xFF,0xFE,0x00,0x00,0x00,
  0x00,0x00,0x00,0x00,0x00,0x00,0xFF,0x3F,0xC0,0x00,0x00,0x1F,
  0xFF,0xFF,0xFF,0xFF,0xFF,0xFC,0x00,0x00,0x00,0x00,0x00,0x00,
  0x00,0x00,0x00,0xFF,0x3F,0xC0,0x00,0x00,0x07,0xFF,0xFF,0xFF,
  0xFF,0xFF,0xF0,0x00,0x00,0x00,0x00,0x00,0x00,0x00,0x00,0x00,
  0xFF,0x3F,0xC0,0x00,0x00,0x01,0xFF,0xFF,0xFF,0xFF,0xFF,0xC0,
  0x00,0x00,0x00,0x00,0x00,0x00,0x00,0x00,0x00,0xFF,0x3F,0xC0,
  0x00,0x00,0x00,0xFF,0xFF,0xFF,0xFF,0xFF,0x80,0x00,0x00,0x00,
  0x00,0x00,0x00,0x00,0x00,0x00,0xFF,0x3F,0xC0,0x00,0x00,0x3F,
  0xFF,0xFF,0xFF,0xFF,0xFF,0xFE,0x00,0x00,0x00,0x00,0x18,0x00,
  0x00,0x00,0x00,0xFF,0x3F,0xC0,0x00,0x07,0xFF,0xFF,0xFF,0xFF,
  0xFF,0xFF,0xFF,0xF0,0x00,0x00,0x01,0xF8,0x00,0x00,0x00,0x00,
  0xFF,0x3F,0xC0,0x00,0x07,0xFF,0xFF,0xFF,0xFF,0xFF,0xFF,0xFF,
  0xF0,0x00,0x00,0x0F,0xF8,0x00,0x00,0x00,0x00,0xFF,0x3F,0xC0,
  0x00,0x00,0x00,0x00,0x00,0x00,0x00,0x00,0x00,0x00,0x00,0x00,
  0x0F,0xF8,0x00,0x00,0x00,0x00,0xFF,0x3F,0xC0,0x00,0x00,0x00,
  0x00,0x00,0x00,0x00,0x01,0x80,0x00,0x00,0x00,0x0F,0xF8,0x00,
  0x07,0xFF,0x80,0xFF,0x3F,0xC0,0x0F,0xE0,0x00,0x7E,0x1F,0x8F,
  0xF0,0x7F,0xF8,0x0F,0xE3,0xF8,0x3F,0xFF,0x80,0x1F,0xFF,0xC0,
  0xFF,0x3F,0xC0,0x7F,0xF8,0x01,0xFF,0xBF,0x8F,0xF1,0xFF,0xFE,
  0x0F,0xE7,0xFE,0x3F,0xFF,0x80,0x3F,0xFF,0xE0,0xFF,0x3F,0xC0,
  0xFF,0xFE,0x03,0xFF,0xFF,0x8F,0xF3,0xFF,0xFF,0x0F,0xFF,0xFF,
  0x3F,0xFF,0x80,0x3F,0xFF,0xF0,0xFF,0x3F,0xC3,0xFF,0xFF,0x07,
  0xFF,0xFF,0x8F,0xF1,0xFF,0xFF,0x8F,0xFF,0xFF,0x3F,0xFF,0x80,
  0x1F,0xFF,0xF8,0xFF,0x3F,0xC3,0xFF,0xFF,0x07,0xFF,0xFF,0x8F,
  0xF1,0xFF,0xFF,0x8F,0xFF,0xFF,0xBF,0xFF,0x80,0x1F,0x1F,0xF9,
  0xFF,0x3F,0xC7,0xFC,0xFF,0x8F,0xFF,0xFF,0x8F,0xF0,0xF0,0xFF,
  0xCF,0xFF,0xFF,0xBF,0xFF,0x80,0x08,0x07,0xF9,0xFF,0x3F,0xCF,
  0xF0,0x3F,0xCF,0xF8,0x7F,0x8F,0xF0,0x80,0x7F,0xCF,0xFC,0xFF,
  0x8F,0xF8,0x00,0x00,0xFF,0xFD,0xFF,0x3F,0xCF,0xF0,0x3F,0xCF,
  0xF0,0x7F,0x8F,0xF0,0x0F,0xFF,0xCF,0xF8,0xFF,0x8F,0xF8,0x00,
  0x07,0xFF,0xFD,0xFF,0x3F,0xCF,0xF0,0x3F,0xDF,0xE0,0x3F,0x8F,
  0xF0,0x7F,0xFF,0xCF,0xF0,0x7F,0x8F,0xF8,0x00,0x1F,0xFF,0xFD,
  0xFF,0x3F,0xCF,0xFF,0xFF,0xDF,0xE0,0x3F,0x8F,0xF1,0xFF,0xFF,
  0xCF,0xF0,0x7F,0x8F,0xF8,0x00,0x3F,0xFF,0xFD,0xFF,0x3F,0xDF,
  0xFF,0xFF,0xDF,0xE0,0x3F,0x8F,0xF3,0xFF,0xFF,0xCF,0xF0,0x7F,
  0x8F,0xF8,0x00,0x7F,0xFF,0xFD,0xFF,0x3F,0xDF,0xFF,0xFF,0xDF,
  0xE0,0x3F,0x8F,0xF7,0xFF,0xFF,0xCF,0xF0,0x7F,0x8F,0xF8,0x00,
  0xFF,0xC7,0xFD,0xFF,0x3F,0xCF,0xFF,0xFF,0xCF,0xE0,0x7F,0x9F,
  0xF7,0xFE,0x3F,0xCF,0xF0,0x7F,0x8F,0xF8,0x00,0xFF,0x07,0xFD,
  0xFF,0x3F,0xCF,0xFF,0xFF,0xCF,0xF0,0x7F,0x9F,0xF7,0xF8,0x3F,
  0xCF,0xF0,0x7F,0x8F,0xF8,0x00,0xFF,0x07,0xFD,0xFF,0x3F,0xCF,
  0xF0,0x00,0x0F,0xF8,0xFF,0x9F,0xF7,0xF8,0x3F,0xCF,0xF0,0x7F,
  0x8F,0xF8,0x00,0xFF,0x0F,0xFD,0xFF,0x3F,0xCF,0xF8,0x03,0x0F,
  0xFF,0xFF,0x9F,0xF7,0xF8,0x7F,0xCF,0xF0,0x7F,0x8F,0xF8,0x00,
  0xFF,0xFF,0xFD,0xFF,0x3F,0xC7,0xFF,0xFF,0x07,0xFF,0xFF,0x9F,
  0xF7,0xFF,0xFF,0xCF,0xF0,0x7F,0x8F,0xFF,0x80,0xFF,0xFF,0xFD,
  0xFF,0x3F,0xC7,0xFF,0xFF,0x83,0xFF,0xFF,0x9F,0xF7,0xFF,0xFF,
  0xCF,0xF0,0x7F,0x87,0xFF,0x80,0x7F,0xFF,0xFD,0xFF,0x3F,0xC3,
  0xFF,0xFF,0x81,0xFF,0xFF,0x9F,0xF3,0xFF,0xFF,0xCF,0xF0,0x7F,
  0x87,0xFF,0x80,0x3F,0xFF,0xFD,0xFF,0x3F,0xC0,0xFF,0xFF,0x80,
  0x7F,0x7F,0x8F,0xF3,0xFF,0xFF,0xCF,0xF0,0x7F,0x83,0xFF,0x80,
  0x1F,0xF3,0xFD,0xFF,0x3F,0xC0,0x7F,0xFE,0x00,0x00,0x7F,0x8F,
  0xF0,0xFF,0xBF,0xCF,0xF0,0x7F,0x81,0xFF,0x80,0x07,0xC0,0x00,
  0x00,0x00,0x00,0x03,0xC0,0x03,0x00,0xFF,0x80,0x00,0x3C,0x00,
  0x00,0x00,0x00,0x00,0x3C,0x00,0x00,0x00,0x00,0x00,0x00,0x00,
  0x00,0x00,0x03,0xFF,0xFF,0x00,0x00,0x00,0x00,0x00,0x00,0x00,
  0x00,0x00,0x00,0x00,0x00,0x00,0x00,0x00,0x00,0x00,0x00,0x07,
  0xFF,0xFF,0x00,0x00,0x00,0x00,0x00,0x00,0x00,0x00,0x00,0x00,
  0x00,0x00,0x00,0x00,0x00,0x00,0x00,0x00,0x07,0xFF,0xFE,0x00,
  0x00,0x00,0x00,0x00,0x00,0x00,0x00,0x00,0x00,0x00,0x00,0x00,
  0x00,0x00,0x00,0x00,0x00,0x0F,0xFF,0xFC,0x00,0x00,0x00,0x00,
  0x00,0x00,0x00,0x00,0x00,0x00,0x00,0x00,0x00,0x00,0x00,0x00,
  0x00,0x00,0x07,0xFF,0xF0,0x00,0x00,0x00,0x00,0x00,0x00,0x00,
  0x00,0x00,0x00,0x00,0x00,0x00,0x00,0x00,0x00,0x00,0x00,0x00,
  0xFF,0xC0,0x00,0x00,0x00,0x00,0x00,0x00,0x00,0x00,0x00,0x00,
};
static const uint8_t logo_aca[] PROGMEM = {
  0x00,0x00,0x1F,0xFC,0x00,0x00,0x00,0x00,0x00,0x00,0x00,0x00,
  0x00,0x00,0x00,0x00,0x00,0x00,0x00,0x00,0x00,0x00,0x00,0x00,
  0x00,0x00,0x00,0x00,0x00,0x00,0x00,0x00,0x00,0x00,0x00,0x00,
  0x00,0x00,0x00,0x00,0x00,0x00,0xFF,0xFF,0xC0,0x00,0x00,0x00,
  0x00,0x00,0x00,0x00,0x00,0x00,0x00,0x00,0x00,0x00,0x00,0x00,
  0x00,0x00,0x00,0x00,0x00,0x00,0x00,0x00,0x00,0x00,0x00,0x00,
  0x00,0x00,0x00,0x00,0x00,0x00,0x00,0x00,0x00,0x07,0xFF,0xFF,
  0xF0,0x00,0x00,0x00,0x00,0x00,0x00,0x00,0x00,0x00,0x00,0x00,
  0x00,0x00,0x00,0x00,0x00,0x00,0x00,0x00,0x00,0x00,0x00,0x00,
  0x00,0x00,0x00,0x00,0x00,0x00,0x00,0x00,0x00,0x00,0x00,0x00,
  0x00,0x1F,0xE0,0x03,0xF8,0x00,0x00,0x00,0x00,0x00,0x00,0x00,
  0x00,0x00,0x00,0x00,0x00,0x00,0x00,0x00,0x00,0x00,0x00,0x00,
  0x00,0x00,0x00,0x00,0x00,0x00,0x00,0x00,0x00,0x00,0x00,0x00,
  0x00,0x00,0x00,0x00,0x00,0x3F,0x00,0x00,0x7E,0x00,0x00,0x00,
  0x00,0x00,0x00,0x00,0x00,0x00,0x00,0x00,0x00,0x00,0x00,0x00,
  0x00,0x00,0x00,0x00,0x00,0x00,0x00,0x00,0x00,0x00,0x00,0x00,
  0x00,0x00,0x00,0x00,0x00,0x00,0x00,0x00,0x00,0x7C,0x00,0x80,
  0x1F,0x00,0x00,0x00,0x00,0x00,0x00,0x00,0x00,0x00,0x00,0x00,
  0x00,0x00,0x00,0x00,0x00,0x00,0x00,0x00,0x00,0x00,0x00,0x00,
  0x00,0x00,0x00,0x00,0x00,0x00,0x00,0x00,0x00,0x00,0x00,0x00,
  0x01,0xF8,0x01,0x80,0x0F,0x80,0x00,0x00,0x00,0x00,0x00,0x00,
  0x00,0x00,0x00,0x00,0x00,0x00,0x00,0x00,0x00,0x00,0x00,0x00,
  0x00,0x00,0x00,0x00,0x00,0x00,0x00,0x00,0x00,0x00,0x00,0x00,
  0x00,0x00,0x00,0x00,0x03,0xE0,0x01,0xC0,0x03,0xC0,0x00,0x00,
  0x00,0x00,0x00,0x00,0x00,0x00,0x00,0x00,0x00,0x00,0x00,0x00,
  0x00,0x00,0x00,0x00,0x00,0x00,0x00,0x00,0x00,0x00,0x00,0x00,
  0x00,0x00,0x00,0x00,0x00,0x00,0x00,0x00,0x07,0xC0,0x03,0xC0,
  0x01,0xE0,0x00,0x00,0x00,0x00,0x00,0x00,0x00,0x00,0x00,0x00,
  0x00,0x00,0x00,0x00,0x00,0x00,0x00,0x00,0x00,0x00,0x00,0x00,
  0x00,0x00,0x00,0x00,0x00,0x00,0x00,0x00,0x00,0x00,0x00,0x00,
  0x07,0x80,0x03,0xE0,0x00,0xF0,0x00,0x00,0x00,0x00,0x00,0x00,
  0x00,0x00,0x00,0x00,0x00,0x00,0x00,0x00,0x00,0x00,0x00,0x00,
  0x00,0x00,0x00,0x00,0x00,0x00,0x00,0x00,0x00,0x00,0x00,0x00,
  0x00,0x00,0x00,0x00,0x0F,0x00,0x17,0xF4,0x00,0xF8,0x00,0x00,
  0x03,0xF0,0x00,0x07,0xE0,0x0F,0xFF,0xE0,0x00,0x00,0x00,0x7F,
  0xFC,0x00,0x00,0xF8,0x00,0x03,0xE0,0x00,0xFC,0x00,0x03,0xE0,
  0x00,0x0F,0xFF,0xE0,0x00,0x00,0xF8,0x00,0x1E,0x00,0x1F,0xFC,
  0x00,0x78,0x00,0x00,0x03,0xF0,0x00,0x07,0xE0,0x0F,0xFF,0xFC,
  0x00,0x00,0x01,0xFF,0xFF,0x00,0x00,0xFC,0x00,0x03,0xF0,0x00,
  0xFC,0x00,0x03,0xF0,0x00,0x0F,0xFF,0xFC,0x00,0x00,0xFC,0x00,
  0x1E,0x00,0x1F,0xFC,0x00,0x3C,0x00,0x00,0x07,0xF8,0x00,0x07,
  0xE0,0x0F,0xFF,0xFE,0x00,0x00,0x07,0xFF,0xFF,0x00,0x01,0xFC,
  0x00,0x03,0xF8,0x00,0xFC,0x00,0x07,0xF0,0x00,0x0F,0xFF,0xFE,
  0x00,0x01,0xFC,0x00,0x3C,0x00,0x1F,0xFC,0x00,0x3C,0x00,0x00,
  0x07,0xF8,0x00,0x07,0xE0,0x0F,0xFF,0xFF,0x00,0x00,0x0F,0xFF,
  0xFF,0x00,0x01,0xFE,0x00,0x03,0xFC,0x00,0xFC,0x00,0x07,0xF8,
  0x00,0x0F,0xFF,0xFF,0x00,0x01,0xFE,0x00,0x38,0x00,0x1F,0xF8,
  0x00,0x1E,0x00,0x00,0x0F,0xFC,0x00,0x07,0xE0,0x0F,0xFF,0xFF,
  0x80,0x00,0x1F,0xF0,0x1F,0x00,0x03,0xFE,0x00,0x03,0xFE,0x00,
  0xFC,0x00,0x0F,0xF8,0x00,0x0F,0xC1,0xFF,0x80,0x03,0xFE,0x00,
  0x78,0x08,0x1F,0xF8,0x10,0x1E,0x00,0x00,0x0F,0xFC,0x00,0x07,
  0xE0,0x0F,0x80,0x1F,0x80,0x00,0x3F,0xC0,0x03,0x00,0x03,0xFF,
  0x00,0x03,0xFF,0x00,0xFC,0x00,0x0F,0xFC,0x00,0x0F,0xC0,0x3F,
  0xC0,0x03,0xFF,0x00,0x78,0x0E,0x1F,0xF8,0x78,0x0E,0x00,0x00,
  0x1F,0xFE,0x00,0x07,0xE0,0x0F,0x80,0x1F,0x80,0x00,0x3F,0x80,
  0x00,0x00,0x07,0xFF,0x00,0x03,0xFF,0x80,0xFC,0x00,0x1F,0xFC,
  0x00,0x0F,0xC0,0x1F,0xC0,0x07,0xFF,0x00,0x73,0xFF,0x1F,0xF8,
  0xFF,0xCE,0x00,0x00,0x3F,0xFE,0x00,0x07,0xE0,0x0F,0x80,0x0F,
  0x80,0x00,0x7F,0x00,0x00,0x00,0x07,0xFF,0x80,0x03,0xFF,0xC0,
  0xFC,0x00,0x1F,0xFE,0x00,0x0F,0xC0,0x0F,0xE0,0x07,0xFF,0x80,
  0xF1,0xFF,0xFF,0xFF,0xFF,0x8F,0x00,0x00,0x3F,0x7F,0x00,0x07,
  0xE0,0x0F,0x80,0x0F,0x80,0x00,0x7E,0x00,0x00,0x00,0x0F,0xDF,
  0x80,0x03,0xFF,0xE0,0xFC,0x00,0x3F,0x7E,0x00,0x0F,0xC0,0x07,
  0xE0,0x0F,0xDF,0x80,0xF0,0xFF,0xFF,0xFF,0xFF,0x0F,0x00,0x00,
  0x7E,0x3F,0x00,0x07,0xE0,0x0F,0x80,0x1F,0x80,0x00,0x7E,0x00,
  0x00,0x00,0x0F,0x8F,0xC0,0x03,0xFF,0xF0,0xFC,0x00,0x3E,0x3F,
  0x00,0x0F,0xC0,0x07,0xE0,0x0F,0x9F,0xC0,0xF0,0xFF,0xFF,0xFF,
  0xFF,0x0F,0x00,0x00,0x7E,0x3F,0x80,0x07,0xE0,0x0F,0x80,0x3F,
  0x80,0x00,0x7E,0x00,0x00,0x00,0x1F,0x8F,0xC0,0x03,0xF7,0xF8,
  0xFC,0x00,0x7E,0x3F,0x00,0x0F,0xC0,0x07,0xE0,0x1F,0x8F,0xC0,
  0xE0,0x7F,0xFF,0xFF,0xFE,0x0F,0x00,0x00,0xFC,0x1F,0x80,0x07,
  0xE0,0x0F,0xFF,0xFF,0x00,0x00,0x7C,0x00,0x00,0x00,0x1F,0x07,
  0xE0,0x03,0xF3,0xFC,0xFC,0x00,0x7C,0x1F,0x80,0x0F,0xC0,0x07,
  0xE0,0x1F,0x0F,0xC0,0xE0,0xFF,0xFF,0xFF,0xFF,0x0F,0x00,0x00,
  0xFC,0x1F,0xC0,0x07,0xE0,0x0F,0xFF,0xFF,0x00,0x00,0xFC,0x00,
  0x00,0x00,0x3F,0x07,0xE0,0x03,0xF1,0xFE,0xFC,0x00,0xFC,0x1F,
  0x80,0x0F,0xC0,0x07,0xE0,0x3F,0x07,0xE0,0xE0,0xFF,0xFF,0xFF,
  0xFF,0x0F,0x00,0x01,0xFC,0x1F,0xC0,0x07,0xE0,0x0F,0xFF,0xFE,
  0x00,0x00,0x7E,0x00,0x00,0x00,0x3F,0x07,0xF0,0x03,0xF1,0xFE,
  0xFC,0x00,0xFC,0x1F,0xC0,0x0F,0xC0,0x07,0xE0,0x3F,0x07,0xE0,
  0xE0,0x3F,0xFF,0xFF,0xFC,0x0F,0x00,0x01,0xFF,0xFF,0xE0,0x07,
  0xE0,0x0F,0xFF,0xF8,0x00,0x00,0x7E,0x00,0x00,0x00,0x7F,0xFF,
  0xF0,0x03,0xF0,0xFF,0xFC,0x01,0xFF,0xFF,0xC0,0x0F,0xC0,0x07,
  0xE0,0x7F,0xFF,0xF0,0xF0,0x0F,0xFF,0xFF,0xF0,0x0F,0x00,0x03,
  0xFF,0xFF,0xE0,0x07,0xE0,0x0F,0xFF,0xF0,0x00,0x00,0x7E,0x00,
  0x00,0x00,0x7F,0xFF,0xF8,0x03,0xF0,0x7F,0xFC,0x01,0xFF,0xFF,
  0xE0,0x0F,0xC0,0x0F,0xE0,0x7F,0xFF,0xF0,0xF0,0x07,0xFF,0xFF,
  0xE0,0x0E,0x00,0x03,0xFF,0xFF,0xF0,0x07,0xE0,0x0F,0x83,0xF8,
  0x00,0x00,0x7F,0x00,0x00,0x00,0xFF,0xFF,0xF8,0x03,0xF0,0x3F,
  0xFC,0x03,0xFF,0xFF,0xE0,0x0F,0xC0,0x0F,0xC0,0xFF,0xFF,0xF8,
  0xF0,0x0F,0xFF,0xFF,0xE0,0x0E,0x00,0x07,0xFF,0xFF,0xF0,0x07,
  0xE0,0x0F,0x81,0xFC,0x00,0x00,0x3F,0x80,0x01,0x00,0xFF,0xFF,
  0xFC,0x03,0xF0,0x1F,0xFC,0x03,0xFF,0xFF,0xF0,0x0F,0xC0,0x1F,
  0xC0,0xFF,0xFF,0xF8,0x70,0x1F,0xFF,0xFF,0xF0,0x1E,0x00,0x07,
  0xE0,0x03,0xF8,0x07,0xE0,0x0F,0x80,0xFE,0x00,0x00,0x3F,0xC0,
  0x07,0x01,0xF8,0x00,0xFC,0x03,0xF0,0x0F,0xFC,0x07,0xE0,0x03,
  0xF0,0x0F,0xC0,0x7F,0x80,0xF8,0x01,0xFC,0x78,0x1F,0xFF,0xFF,
  0xF8,0x1E,0x00,0x0F,0xC0,0x01,0xF8,0x07,0xE0,0x0F,0x80,0x7F,
  0x00,0x00,0x1F,0xF0,0x3F,0x01,0xF0,0x00,0xFE,0x03,0xF0,0x07,
  0xFC,0x07,0xE0,0x03,0xF8,0x0F,0xFF,0xFF,0x81,0xF8,0x00,0xFC,
  0x78,0x1F,0xFF,0xFF,0xF0,0x3C,0x00,0x0F,0xC0,0x01,0xFC,0x07,
  0xE0,0x0F,0x80,0x3F,0x00,0x00,0x0F,0xFF,0xFF,0x03,0xF0,0x00,
  0x7E,0x03,0xF0,0x03,0xFC,0x0F,0xC0,0x01,0xF8,0x0F,0xFF,0xFE,
  0x01,0xF0,0x00,0x7E,0x38,0x1F,0xFF,0xFF,0xF8,0x3C,0x00,0x1F,
  0x80,0x00,0xFC,0x07,0xE0,0x0F,0x80,0x3F,0x80,0x00,0x07,0xFF,
  0xFF,0x03,0xE0,0x00,0x7F,0x03,0xF0,0x01,0xFC,0x0F,0xC0,0x01,
  0xF8,0x0F,0xFF,0xFC,0x03,0xF0,0x00,0x7E,0x3C,0x1F,0xF1,0x9F,
  0xF8,0x78,0x00,0x1F,0x80,0x00,0xFE,0x07,0xE0,0x0F,0x80,0x1F,
  0xC0,0x00,0x01,0xFF,0xFF,0x07,0xE0,0x00,0x3F,0x03,0xF0,0x00,
  0xFC,0x1F,0x80,0x00,0xFC,0x0F,0xFF,0xF0,0x03,0xE0,0x00,0x3F,
  0x1E,0x3F,0xC1,0x87,0xFC,0x78,0x00,0x1F,0x00,0x00,0x7E,0x03,
  0xE0,0x0F,0x80,0x0F,0xC0,0x00,0x00,0x7F,0xF8,0x07,0xC0,0x00,
  0x1F,0x03,0xE0,0x00,0x78,0x1F,0x00,0x00,0x7C,0x07,0xFF,0x80,
  0x07,0xE0,0x00,0x3F,0x1E,0x01,0x81,0x81,0x80,0xF0,0x00,0x00,
  0x00,0x00,0x00,0x00,0x00,0x00,0x00,0x00,0x00,0x00,0x00,0x03,
  0x00,0x00,0x00,0x00,0x00,0x00,0x00,0x00,0x00,0x00,0x00,0x00,
  0x00,0x00,0x00,0x00,0x00,0x00,0x00,0x00,0x0F,0x00,0x01,0x80,
  0x01,0xE0,0x00,0x00,0x00,0x00,0x00,0x00,0x00,0x00,0x00,0x00,
  0x00,0x00,0x00,0x00,0x00,0x00,0x00,0x00,0x00,0x00,0x00,0x00,
  0x00,0x00,0x00,0x00,0x00,0x00,0x00,0x00,0x00,0x00,0x00,0x00,
  0x07,0x80,0x01,0x80,0x03,0xC0,0x00,0x00,0x00,0x00,0x00,0x00,
  0x00,0x00,0x00,0x00,0x00,0x00,0x00,0x00,0x00,0x00,0x00,0x00,
  0x00,0x00,0x00,0x00,0x00,0x00,0x00,0x00,0x00,0x00,0x00,0x00,
  0x00,0x00,0x00,0x00,0x07,0xC0,0x01,0x80,0x07,0xC0,0x00,0x00,
  0x00,0x00,0x00,0x00,0x00,0x00,0x00,0x00,0x00,0x00,0x00,0x00,
  0x00,0x00,0x00,0x00,0x00,0x00,0x00,0x00,0x00,0x00,0x00,0x00,
  0x00,0x00,0x00,0x00,0x00,0x00,0x00,0x00,0x03,0xE0,0x01,0x80,
  0x1F,0x80,0x00,0x00,0x00,0x00,0x00,0x00,0x00,0x00,0x00,0x00,
  0x00,0x00,0x00,0x00,0x00,0x00,0x00,0x00,0x00,0x00,0x00,0x00,
  0x00,0x00,0x00,0x00,0x00,0x00,0x00,0x00,0x00,0x00,0x00,0x00,
  0x01,0xF8,0x03,0x00,0x3E,0x00,0x00,0x00,0x00,0x00,0x00,0x00,
  0x00,0x00,0x00,0x00,0x00,0x00,0x00,0x00,0x00,0x00,0x00,0x00,
  0x00,0x00,0x00,0x00,0x00,0x00,0x00,0x00,0x00,0x00,0x00,0x00,
  0x00,0x00,0x00,0x00,0x00,0x7E,0x03,0x00,0xFC,0x00,0x00,0x00,
  0x00,0x00,0x00,0x00,0x00,0x00,0x00,0x00,0x00,0x00,0x00,0x00,
  0x00,0x00,0x00,0x00,0x00,0x00,0x00,0x00,0x00,0x00,0x00,0x00,
  0x00,0x00,0x00,0x00,0x00,0x00,0x00,0x00,0x00,0x3F,0xC3,0x07,
  0xF8,0x00,0x00,0x00,0x00,0x00,0x00,0x00,0x00,0x00,0x00,0x00,
  0x00,0x00,0x00,0x00,0x00,0x00,0x00,0x00,0x00,0x00,0x00,0x00,
  0x00,0x00,0x00,0x00,0x00,0x00,0x00,0x00,0x00,0x00,0x00,0x00,
  0x00,0x0F,0xFF,0x3F,0xE0,0x00,0x00,0x00,0x00,0x00,0x00,0x00,
  0x00,0x00,0x00,0x00,0x00,0x00,0x00,0x00,0x00,0x00,0x00,0x00,
  0x00,0x00,0x00,0x00,0x00,0x00,0x00,0x00,0x00,0x00,0x00,0x00,
  0x00,0x00,0x00,0x00,0x00,0x03,0xFF,0x3F,0x80,0x00,0x00,0x00,
  0x00,0x00,0x00,0x00,0x00,0x00,0x00,0x00,0x00,0x00,0x00,0x00,
  0x00,0x00,0x00,0x00,0x00,0x00,0x00,0x00,0x00,0x00,0x00,0x00,
  0x00,0x00,0x00,0x00,0x00,0x00,0x00,0x00,0x00,0x00,0x7F,0x38,
  0x00,0x00,0x00,0x00,0x00,0x00,0x00,0x00,0x00,0x00,0x00,0x00,
  0x00,0x00,0x00,0x00,0x00,0x00,0x00,0x00,0x00,0x00,0x00,0x00,
  0x00,0x00,0x00,0x00,0x00,0x00,0x00,0x00,0x00,0x00,0x00,0x00,
  0x00,0x00,0x06,0x00,0x00,0x00,0x00,0x00,0x00,0x00,0x00,0x00,
  0x00,0x00,0x00,0x00,0x00,0x00,0x00,0x00,0x00,0x00,0x00,0x00,
  0x00,0x00,0x00,0x00,0x00,0x00,0x00,0x00,0x00,0x00,0x00,0x00,
  0x00,0x00,0x00,0x00,
};
static const uint8_t logo_afr[] PROGMEM = {
  0x00,0x00,0x00,0x00,0x00,0x00,0x00,0x00,0x00,0x00,0x00,0x00,
  0x00,0x00,0x00,0x00,0x00,0x00,0x00,0x00,0x00,0x00,0x00,0x00,
  0x00,0x00,0x00,0x00,0x00,0x00,0x00,0x00,0x00,0x00,0x00,0x00,
  0x00,0x01,0xFF,0xFF,0x00,0x00,0xFF,0x00,0x00,0x7F,0xC3,0xFF,
  0xFF,0xF8,0x00,0xFF,0xFF,0xFF,0x8F,0xFF,0xFF,0xF0,0x00,0x00,
  0x3F,0x80,0x00,0x7F,0x00,0x01,0xFE,0x00,0x0F,0xFF,0x80,0x7F,
  0xFF,0xFF,0xF0,0x00,0x00,0x03,0xFF,0xFE,0x00,0x01,0xFF,0x00,
  0x00,0x7F,0xC3,0xFF,0xFF,0xFF,0x00,0xFF,0xFF,0xFF,0x8F,0xFF,
  0xFF,0xFE,0x00,0x00,0x7F,0xC0,0x00,0x7F,0x80,0x01,0xFE,0x00,
  0x3F,0xFF,0xF0,0x7F,0xFF,0xFF,0xF0,0x00,0x00,0x03,0xFF,0xFC,
  0x00,0x01,0xFF,0x80,0x00,0x7F,0xC3,0xFF,0xFF,0xFF,0x80,0xFF,
  0xFF,0xFF,0x8F,0xFF,0xFF,0xFF,0x00,0x00,0x7F,0xE0,0x00,0x7F,
  0xC0,0x01,0xFE,0x00,0xFF,0xFF,0xFC,0x7F,0xFF,0xFF,0xF0,0x00,
  0x00,0x07,0xFF,0xFC,0x00,0x03,0xFF,0xC0,0x00,0x7F,0xC3,0xFF,
  0xFF,0xFF,0xC0,0xFF,0xFF,0xFF,0x8F,0xFF,0xFF,0xFF,0x80,0x00,
  0xFF,0xE0,0x00,0x7F,0xE0,0x01,0xFE,0x03,0xFF,0xFF,0xFC,0x7F,
  0xFF,0xFF,0xF0,0x00,0x00,0x0F,0xFF,0xF8,0x00,0x07,0xFF,0xC0,
  0x00,0x7F,0xC3,0xFF,0xFF,0xFF,0xE0,0xFF,0xFF,0xFF,0x8F,0xFF,
  0xFF,0xFF,0xC0,0x01,0xFF,0xF0,0x00,0x7F,0xF0,0x01,0xFE,0x07,
  0xFF,0xFF,0xFC,0x7F,0xFF,0xFF,0xF0,0x00,0x00,0x0F,0xFF,0xF0,
  0x00,0x07,0xFF,0xE0,0x00,0x7F,0xC3,0xFE,0x01,0xFF,0xF0,0xFF,
  0xFF,0xFF,0x8F,0xF8,0x03,0xFF,0xC0,0x01,0xFF,0xF0,0x00,0x7F,
  0xF8,0x01,0xFE,0x0F,0xFF,0xFF,0xFC,0x7F,0xFF,0xFF,0xF0,0x00,
  0x00,0x1F,0xFF,0xF0,0x00,0x0F,0xFF,0xE0,0x00,0x7F,0xC3,0xFE,
  0x00,0x7F,0xF0,0xFF,0x00,0x00,0x0F,0xF8,0x01,0xFF,0xC0,0x03,
  0xFF,0xF8,0x00,0x7F,0xFC,0x01,0xFE,0x1F,0xFE,0x00,0x7C,0x7F,
  0xC0,0x00,0x00,0x00,0x00,0x3F,0xFF,0xE0,0x00,0x0F,0xFF,0xF0,
  0x00,0x7F,0xC3,0xFE,0x00,0x3F,0xF0,0xFF,0x00,0x00,0x0F,0xF8,
  0x00,0xFF,0xC0,0x03,0xFF,0xFC,0x00,0x7F,0xFE,0x01,0xFE,0x1F,
  0xF8,0x00,0x1C,0x7F,0xC0,0x00,0x00,0x00,0x00,0x7F,0xFF,0xC0,
  0x00,0x1F,0xFF,0xF8,0x00,0x7F,0xC3,0xFE,0x00,0x3F,0xF0,0xFF,
  0x00,0x00,0x0F,0xF8,0x00,0xFF,0xC0,0x07,0xFF,0xFC,0x00,0x7F,
  0xFF,0x01,0xFE,0x3F,0xF0,0x00,0x04,0x7F,0xC0,0x00,0x00,0x00,
  0x00,0x7F,0xFF,0xC0,0x00,0x3F,0xCF,0xF8,0x00,0x7F,0xC3,0xFE,
  0x00,0x3F,0xF0,0xFF,0x00,0x00,0x0F,0xF8,0x00,0xFF,0xC0,0x0F,
  0xF7,0xFE,0x00,0x7F,0xFF,0x81,0xFE,0x3F,0xE0,0x00,0x00,0x7F,
  0xC0,0x00,0x00,0x00,0x00,0xFF,0xFF,0x80,0x00,0x3F,0xCF,0xFC,
  0x00,0x7F,0xC3,0xFE,0x00,0x3F,0xF0,0xFF,0x00,0x00,0x0F,0xF8,
  0x00,0xFF,0xC0,0x0F,0xE3,0xFE,0x00,0x7F,0xFF,0xC1,0xFE,0x7F,
  0xE0,0x00,0x00,0x7F,0xFF,0xFF,0xF0,0x00,0x01,0xFF,0xFF,0x00,
  0x00,0x7F,0x87,0xFC,0x00,0x7F,0xC3,0xFE,0x00,0x7F,0xF0,0xFF,
  0x00,0x00,0x0F,0xF8,0x01,0xFF,0xC0,0x1F,0xE3,0xFF,0x00,0x7F,
  0xFF,0xF1,0xFE,0x7F,0xE0,0x00,0x00,0x7F,0xFF,0xFF,0xF0,0x00,
  0x01,0xFF,0xFE,0x00,0x00,0x7F,0x87,0xFE,0x00,0x7F,0xC3,0xFE,
  0x00,0xFF,0xE0,0xFF,0xFF,0xFF,0x8F,0xF8,0x03,0xFF,0x80,0x1F,
  0xC1,0xFF,0x80,0x7F,0xFF,0xF9,0xFE,0x7F,0xC0,0x00,0x00,0x7F,
  0xFF,0xFF,0xF0,0x00,0x03,0xFF,0xFE,0x00,0x00,0xFF,0x03,0xFF,
  0x00,0x7F,0xC3,0xFF,0xFF,0xFF,0xC0,0xFF,0xFF,0xFF,0x8F,0xFF,
  0xFF,0xFF,0x80,0x3F,0xC0,0xFF,0x80,0x7E,0x7F,0xFD,0xFE,0x7F,
  0xC0,0x00,0x00,0x7F,0xFF,0xFF,0xF0,0x00,0x07,0xFF,0xFC,0x00,
  0x01,0xFE,0x03,0xFF,0x00,0x7F,0xC3,0xFF,0xFF,0xFF,0x80,0xFF,
  0xFF,0xFF,0x8F,0xFF,0xFF,0xFE,0x00,0x3F,0x80,0xFF,0xC0,0x7F,
  0x3F,0xFF,0xFE,0x7F,0xC0,0x00,0x00,0x7F,0xFF,0xFF,0xF0,0x00,
  0x07,0xFF,0xF8,0x00,0x01,0xFF,0xFF,0xFF,0x80,0x7F,0xC3,0xFF,
  0xFF,0xFF,0x00,0xFF,0xFF,0xFF,0x8F,0xFF,0xFF,0xFC,0x00,0x7F,
  0xFF,0xFF,0xC0,0x7F,0x1F,0xFF,0xFE,0x7F,0xC0,0x00,0x00,0x7F,
  0xFF,0xFF,0xF0,0x00,0x0F,0xFF,0xF8,0x00,0x03,0xFF,0xFF,0xFF,
  0x80,0x7F,0xC3,0xFF,0xFF,0xF8,0x00,0xFF,0xFF,0xFF,0x8F,0xFF,
  0xFF,0xE0,0x00,0xFF,0xFF,0xFF,0xE0,0x7F,0x0F,0xFF,0xFE,0x7F,
  0xE0,0x00,0x00,0x7F,0xC0,0x00,0x00,0x00,0x1F,0xFF,0xF0,0x00,
  0x03,0xFF,0xFF,0xFF,0xC0,0x7F,0xC3,0xFF,0xFF,0xF8,0x00,0xFF,
  0xFF,0xFF,0x8F,0xFF,0xFF,0xE0,0x00,0xFF,0xFF,0xFF,0xF0,0x7F,
  0x07,0xFF,0xFE,0x7F,0xE0,0x00,0x00,0x7F,0xC0,0x00,0x00,0x00,
  0x1F,0xFF,0xE0,0x00,0x07,0xFF,0xFF,0xFF,0xC0,0x7F,0xC3,0xFF,
  0xFF,0xFC,0x00,0xFF,0x80,0x00,0x0F,0xF8,0xFF,0xF0,0x01,0xFF,
  0xFF,0xFF,0xF0,0x7F,0x03,0xFF,0xFE,0x3F,0xF0,0x00,0x00,0x7F,
  0xC0,0x00,0x00,0x00,0x3F,0xFF,0xC0,0x00,0x07,0xFF,0xFF,0xFF,
  0xE0,0x7F,0xC3,0xFE,0x1F,0xFE,0x00,0xFF,0x00,0x00,0x0F,0xF8,
  0x3F,0xF8,0x01,0xFF,0xFF,0xFF,0xF8,0x7F,0x01,0xFF,0xFE,0x3F,
  0xF8,0x00,0x04,0x7F,0xC0,0x00,0x00,0x00,0x7F,0xFF,0xC0,0x00,
  0x0F,0xFF,0xFF,0xFF,0xF0,0x7F,0xC3,0xFE,0x0F,0xFF,0x00,0xFF,
  0x00,0x00,0x0F,0xF8,0x1F,0xFC,0x03,0xFF,0xFF,0xFF,0xF8,0x7F,
  0x00,0x7F,0xFE,0x1F,0xFC,0x00,0x1C,0x7F,0xC0,0x00,0x00,0x00,
  0xFF,0xFF,0x80,0x00,0x1F,0xF0,0x00,0x3F,0xF0,0x7F,0xC3,0xFE,
  0x07,0xFF,0x80,0xFF,0x00,0x00,0x0F,0xF8,0x1F,0xFE,0x07,0xF8,
  0x00,0x1F,0xFC,0x7F,0x00,0x3F,0xFE,0x1F,0xFF,0x00,0xFC,0x7F,
  0xFF,0xFF,0xF0,0x00,0xFF,0xFF,0x00,0x00,0x1F,0xE0,0x00,0x3F,
  0xF8,0x7F,0xC3,0xFE,0x03,0xFF,0x80,0xFF,0x00,0x00,0x0F,0xF8,
  0x0F,0xFF,0x07,0xF8,0x00,0x0F,0xFC,0x7F,0x00,0x1F,0xFE,0x0F,
  0xFF,0xFF,0xFC,0x7F,0xFF,0xFF,0xF0,0x01,0xFF,0xFF,0x00,0x00,
  0x3F,0xC0,0x00,0x1F,0xF8,0x7F,0xC3,0xFE,0x01,0xFF,0xC0,0xFF,
  0x00,0x00,0x0F,0xF8,0x07,0xFF,0x8F,0xF0,0x00,0x07,0xFE,0x7F,
  0x00,0x0F,0xFE,0x07,0xFF,0xFF,0xFC,0x7F,0xFF,0xFF,0xF0,0x03,
  0xFF,0xFE,0x00,0x00,0x3F,0xC0,0x00,0x1F,0xFC,0x7F,0xC3,0xFE,
  0x00,0xFF,0xE0,0xFF,0x00,0x00,0x0F,0xF8,0x03,0xFF,0xCF,0xF0,
  0x00,0x07,0xFF,0x7F,0x00,0x07,0xFE,0x03,0xFF,0xFF,0xFC,0x7F,
  0xFF,0xFF,0xF0,0x07,0xFF,0xFC,0x00,0x00,0x7F,0x80,0x00,0x0F,
  0xFE,0x7F,0xC3,0xFE,0x00,0x7F,0xF0,0xFF,0x00,0x00,0x0F,0xF8,
  0x01,0xFF,0xFF,0xE0,0x00,0x03,0xFF,0x7F,0x00,0x03,0xFE,0x00,
  0xFF,0xFF,0xF8,0x7F,0xFF,0xFF,0xF0,0x0F,0xFF,0xF0,0x00,0x00,
  0xFF,0x80,0x00,0x07,0xFE,0x7F,0xC3,0xFE,0x00,0x3F,0xF8,0xFF,
  0x00,0x00,0x0F,0xF8,0x00,0xFF,0xFF,0xE0,0x00,0x03,0xFF,0xFF,
  0x00,0x01,0xFE,0x00,0x3F,0xFF,0xE0,0x7F,0xFF,0xFF,0xF0,0x1F,
  0xFF,0xE0,0x00,0x00,0x00,0x00,0x00,0x00,0x02,0x00,0x00,0x00,
  0x00,0x00,0x08,0x00,0x00,0x00,0x00,0x00,0x00,0x00,0x00,0x00,
  0x00,0x00,0x00,0xC0,0x00,0x00,0x00,0x00,0x07,0xFF,0x00,0x00,
  0x00,0x00,0x00,0x30,0x00,0x00,0x00,0x00,
};
static const uint8_t logo_ana[] PROGMEM = {
  0x00,0x00,0x00,0x00,0x00,0x00,0x00,0x00,0x00,0x00,0x00,0x00,
  0x00,0x00,0x00,0x3F,0xFF,0xFF,0xFF,0xF0,0x00,0x00,0x00,0x00,
  0x00,0x00,0x00,0x00,0x00,0x00,0x00,0x00,0x00,0x00,0x00,0x7F,
  0xFF,0xFF,0xFF,0xE0,0x00,0x00,0x00,0x00,0x00,0x00,0x00,0x00,
  0x00,0x00,0x00,0x00,0x00,0x00,0x00,0x7F,0xFF,0xFF,0xFF,0xE0,
  0x00,0x00,0x00,0x00,0x00,0x00,0x00,0x00,0x00,0x00,0x00,0x00,
  0x00,0x00,0x00,0xFF,0xFF,0xFF,0xFF,0xC0,0x00,0x00,0x00,0x00,
  0x00,0x00,0x00,0x00,0x00,0x00,0x00,0x00,0x00,0x00,0x01,0xFF,
  0xFF,0xFF,0xFF,0x80,0x00,0x00,0x00,0x00,0x00,0x00,0x00,0x00,
  0x00,0x00,0x00,0x00,0x00,0x00,0x01,0xFF,0xFF,0xFF,0xFF,0x80,
  0x00,0x00,0x00,0x00,0x00,0x00,0x00,0x00,0x00,0x00,0x00,0x00,
  0x00,0x00,0x03,0xFF,0xFF,0xFF,0xFF,0x00,0x00,0x00,0x07,0xFF,
  0x80,0x7F,0xF8,0x00,0x7E,0x00,0x1F,0xFE,0x00,0x00,0x03,0xFF,
  0xFF,0xFF,0xFF,0x00,0x00,0x00,0x0F,0xFF,0x80,0x7F,0xF8,0x00,
  0x7E,0x00,0x3F,0xFE,0x00,0x00,0x07,0xFF,0xFF,0xFF,0xFE,0x00,
  0x00,0x00,0x0F,0xFF,0x80,0x7F,0xFC,0x00,0xFC,0x00,0x3F,0xFE,
  0x00,0x00,0x0F,0xFF,0xFF,0xFF,0xFC,0x00,0x00,0x00,0x1F,0xFF,
  0x80,0xFF,0xFC,0x00,0xFC,0x00,0x7F,0xFE,0x00,0x00,0x0F,0xFF,
  0xFF,0xFF,0xFC,0x00,0x00,0x00,0x3F,0xFF,0x80,0xFF,0xFC,0x00,
  0xFC,0x00,0xFF,0xFE,0x00,0x00,0x1F,0xFF,0xFF,0xFF,0xF8,0x00,
  0x00,0x00,0x3F,0xFF,0x80,0xFF,0xFC,0x00,0xFC,0x00,0xFF,0xFE,
  0x00,0x00,0x1F,0xFF,0xFF,0xFF,0xF8,0x00,0x00,0x00,0x7F,0xFF,
  0x80,0xFF,0xFE,0x00,0xFC,0x01,0xFF,0xFE,0x00,0x00,0x3F,0xFF,
  0xFF,0xFF,0xF0,0x00,0x00,0x00,0xFE,0xFF,0x80,0xFF,0xFE,0x01,
  0xF8,0x01,0xFB,0xFE,0x00,0x00,0x7F,0xFF,0xFF,0xFF,0xE0,0x00,
  0x00,0x00,0xFC,0xFF,0x81,0xFF,0xFE,0x01,0xF8,0x03,0xFB,0xFE,
  0x00,0x00,0x7F,0xFF,0xFF,0xFF,0xE0,0x00,0x00,0x01,0xFC,0xFF,
  0x81,0xFB,0xFE,0x01,0xF8,0x03,0xF3,0xFE,0x00,0x00,0xFF,0xFF,
  0xFF,0xFF,0xC0,0x00,0x00,0x03,0xF8,0xFF,0x81,0xFB,0xFF,0x01,
  0xF8,0x07,0xF1,0xFE,0x00,0x00,0xFF,0xFF,0xFF,0xFF,0xC0,0x00,
  0x00,0x03,0xF0,0xFF,0x81,0xFB,0xFF,0x03,0xF8,0x0F,0xE1,0xFF,
  0x00,0x01,0xFF,0xFF,0xFF,0xFF,0x80,0x00,0x00,0x07,0xF0,0xFF,
  0x81,0xF3,0xFF,0x03,0xF0,0x0F,0xE1,0xFF,0x00,0x03,0xFF,0xFF,
  0xFF,0xFF,0x00,0x00,0x00,0x0F,0xE0,0xFF,0x83,0xF1,0xFF,0x83,
  0xF0,0x1F,0xC1,0xFF,0x00,0x03,0xFF,0xFF,0xFF,0xFF,0x00,0x00,
  0x00,0x1F,0xC0,0xFF,0x83,0xF1,0xFF,0x83,0xF0,0x1F,0x81,0xFF,
  0x00,0x07,0xFF,0xFF,0xFF,0xFE,0x00,0x00,0x00,0x1F,0xC0,0xFF,
  0x83,0xF1,0xFF,0x83,0xF0,0x3F,0x81,0xFF,0x00,0x0F,0xFF,0xFF,
  0xFF,0xFE,0x00,0x00,0x00,0x3F,0x80,0xFF,0x83,0xF0,0xFF,0x87,
  0xF0,0x7F,0x01,0xFF,0x00,0x0F,0xFF,0xFF,0xFF,0xFC,0x00,0x00,
  0x00,0x7F,0x00,0x7F,0xC3,0xE0,0xFF,0xC7,0xE0,0x7F,0x01,0xFF,
  0x00,0x1F,0xFF,0xFF,0xFF,0xF8,0x00,0x00,0x00,0x7F,0x00,0x7F,
  0xC7,0xE0,0xFF,0xC7,0xE0,0xFE,0x01,0xFF,0x00,0x1F,0xFF,0xFF,
  0xFF,0xF8,0x00,0x00,0x00,0xFE,0x00,0x7F,0xC7,0xE0,0xFF,0xC7,
  0xE0,0xFE,0x01,0xFF,0x00,0x3F,0xFF,0xFF,0xFF,0xF0,0x00,0x00,
  0x01,0xFE,0x00,0x7F,0xC7,0xE0,0x7F,0xC7,0xE1,0xFC,0x01,0xFF,
  0x00,0x7F,0xFF,0xFF,0xFF,0xF0,0x00,0x00,0x01,0xFC,0x00,0xFF,
  0xC7,0xE0,0x7F,0xEF,0xE1,0xF8,0x01,0xFF,0x00,0x7F,0xFF,0xFF,
  0xFF,0xE0,0x00,0x00,0x03,0xFB,0xFF,0xFF,0xC7,0xC0,0x7F,0xEF,
  0xC3,0xFB,0xFF,0xFF,0x00,0xFF,0xFF,0xFF,0xFF,0xC0,0x00,0x00,
  0x07,0xF3,0xFF,0xFF,0xCF,0xC0,0x3F,0xEF,0xC7,0xF7,0xFF,0xFF,
  0x80,0xFF,0xFF,0xFF,0xFF,0xC0,0x00,0x00,0x07,0xF7,0xFF,0xFF,
  0xCF,0xC0,0x3F,0xFF,0xC7,0xF7,0xFF,0xFF,0x81,0xFF,0xFF,0xFF,
  0xFF,0x80,0x00,0x00,0x0F,0xEF,0xFF,0xFF,0xCF,0xC0,0x3F,0xFF,
  0xCF,0xEF,0xFF,0xFF,0x83,0xFF,0xFF,0xFF,0xFF,0x80,0x00,0x00,
  0x1F,0xCF,0xFF,0xFF,0xCF,0xC0,0x3F,0xFF,0xCF,0xCF,0xFF,0xFF,
  0x83,0xFF,0xFF,0xFF,0xFF,0x00,0x00,0x00,0x1F,0xC0,0x00,0x7F,
  0xCF,0x80,0x1F,0xFF,0x9F,0xC0,0x00,0xFF,0x87,0xFF,0xFF,0xFF,
  0xFE,0x00,0x00,0x00,0x3F,0x80,0x00,0x7F,0xDF,0x80,0x1F,0xFF,
  0x9F,0x80,0x00,0xFF,0x87,0xFF,0xFF,0xFF,0xFE,0x00,0x00,0x00,
  0x7F,0x80,0x00,0x7F,0xDF,0x80,0x1F,0xFF,0xBF,0x80,0x00,0xFF,
  0x8F,0xFF,0xFF,0xFF,0xFC,0x00,0x00,0x00,0x7F,0x00,0x00,0x7F,
  0xDF,0x80,0x0F,0xFF,0xBF,0x00,0x00,0xFF,0x9F,0xFF,0xFF,0xFF,
  0xFC,0x00,0x00,0x00,0xFE,0x00,0x00,0x7F,0xDF,0x80,0x0F,0xFF,
  0x7F,0x00,0x00,0xFF,0x9F,0xFF,0xFF,0xFF,0xF8,0x00,0x00,0x00,
  0x00,0x00,0x00,0x00,0x00,0x00,0x00,0x00,0x00,0x00,0x00,0x00,
  0x00,0x00,0x00,0x00,0x00,0x00,0x00,0x00,0x00,0x00,0x00,0x00,
  0x00,0x00,0x00,0x00,0x00,0x00,0x00,0x00,0x00,0x00,0x00,0x00,
  0x00,0x00,0x00,0x00,0x00,0x00,0x00,0x00,0x00,0x00,0x00,0x00,
  0x00,0x00,0x00,0x00,0x00,0x00,0x00,0x00,0x00,0x00,0x00,0x00,
  0x00,0x00,0x00,0x00,0x00,0x00,0x00,0x00,0x00,0x00,0x00,0x00,
  0x00,0x00,0x00,0x00,0x00,0x00,0x00,0x00,0x00,0x00,0x00,0x00,
  0x00,0x00,0x00,0x00,0x00,0x00,0x00,0x00,0x00,0x00,0x00,0x00,
  0x00,0x00,0x00,0x00,0x00,0x00,0x00,0x00,0x00,0x00,0x00,0x00,
  0x00,0x00,0x00,0x00,0x00,0x00,0x00,0x00,0x00,0x00,0x00,0x00,
  0xC0,0x00,0x00,0x01,0x80,0x00,0x01,0x80,0x00,0x00,0x00,0x1E,
  0x01,0x03,0x03,0xE0,0x30,0x30,0x00,0x00,0xE0,0x00,0x00,0x03,
  0x80,0x00,0x63,0x80,0x00,0x00,0x00,0x1C,0x03,0x83,0x83,0xF8,
  0x78,0x38,0x70,0x00,0xE0,0x00,0x00,0x01,0x00,0x00,0x71,0x00,
  0x00,0x00,0x00,0x38,0x03,0x87,0x83,0xBC,0x78,0x3C,0x70,0x00,
  0xE4,0xC1,0xC4,0xE0,0x12,0x38,0xF8,0x07,0x09,0xC0,0x1C,0x3C,
  0x03,0x87,0xC3,0x0C,0xF8,0x3C,0x70,0x00,0xEF,0xF3,0xE7,0xF3,
  0xBE,0x7E,0xFB,0x9F,0xCF,0xE0,0x7F,0x7E,0x03,0x8E,0xC3,0x0C,
  0xDC,0x3E,0x70,0x00,0xEF,0x73,0x27,0x3B,0xBE,0x4E,0x73,0xBD,
  0xCE,0xE0,0xF7,0x38,0x03,0x8C,0xE3,0x1C,0xCC,0x37,0x70,0x00,
  0xEE,0x33,0x86,0x1B,0xB8,0x0E,0x63,0xB8,0xEC,0x60,0xE3,0xB8,
  0x03,0x8C,0xE3,0xFD,0xCE,0x37,0x70,0x00,0xEE,0x33,0xE6,0x1B,
  0xB8,0x7E,0x73,0xB0,0xEC,0x60,0xC3,0xB8,0x03,0x9F,0xE3,0xF9,
  0xFE,0x33,0xF0,0x00,0xEE,0x30,0xF6,0x1B,0xB8,0xE6,0x63,0xB8,
  0xEC,0x60,0xE3,0xB8,0x03,0x9F,0xF3,0x83,0xFE,0x31,0xF0,0x00,
  0xEE,0x30,0x77,0x3B,0xB8,0xC6,0x73,0xB8,0xCC,0x60,0xE3,0xB8,
  0x03,0xB8,0x73,0x03,0x87,0x31,0xF0,0x00,0xEE,0x37,0xE7,0xFB,
  0xB8,0xFE,0x79,0x9F,0xCC,0x60,0x7F,0x38,0x3F,0x38,0x3B,0x03,
  0x07,0x30,0xF0,0x00,0xEE,0x33,0xE7,0xF3,0xB0,0x7E,0x39,0x8F,
  0x8C,0x60,0x3E,0x38,0x3F,0x30,0x3B,0x07,0x03,0x30,0xF0,0x00,
  0x00,0x00,0x06,0x00,0x00,0x00,0x00,0x00,0x00,0x00,0x00,0x00,
  0x00,0x00,0x00,0x00,0x00,0x00,0x00,0x00,0x00,0x00,0x06,0x00,
  0x00,0x00,0x00,0x00,0x00,0x00,0x00,0x00,0x00,0x00,0x00,0x00,
  0x00,0x00,0x00,0x00,0x00,0x00,0x06,0x00,0x00,0x00,0x00,0x00,
  0x00,0x00,0x00,0x00,0x00,0x00,0x00,0x00,0x00,0x00,0x00,0x00,
};
static const uint8_t logo_asa[] PROGMEM = {
  0x00,0x00,0x00,0x00,0x00,0x00,0x00,0x00,0x00,0x1F,0xC0,0x00,
  0x00,0x00,0x00,0x00,0x00,0x00,0x00,0x00,0x00,0x00,0x00,0x00,
  0x00,0x00,0x00,0x00,0x00,0x00,0x00,0x00,0x00,0x00,0xFF,0xC0,
  0x00,0x00,0x00,0x00,0x00,0x00,0x00,0x00,0x00,0x00,0x00,0x00,
  0x00,0x00,0x00,0x00,0x00,0x00,0x00,0x00,0x00,0x00,0x03,0xFF,
  0x80,0x07,0x80,0x00,0x00,0x00,0x00,0x00,0x00,0x00,0x00,0x00,
  0x00,0x00,0x00,0x00,0x00,0x00,0x00,0x00,0x00,0x00,0x00,0x0F,
  0xFF,0x80,0x3F,0x80,0x00,0x00,0x00,0x00,0x00,0x00,0x00,0x00,
  0x00,0x00,0x00,0x00,0x00,0x00,0x00,0x00,0x00,0x00,0x00,0x00,
  0x3F,0xFF,0x00,0xFF,0x00,0x00,0x00,0x00,0x00,0x00,0x00,0x00,
  0x1E,0x00,0x00,0x00,0x00,0x00,0x00,0x00,0x00,0x00,0x00,0x00,
  0x00,0xFF,0xFE,0x01,0xFE,0x00,0x00,0x00,0x00,0x00,0x00,0x00,
  0x00,0xFE,0x00,0x00,0x00,0x00,0x00,0x00,0x00,0x00,0x00,0x00,
  0x00,0x01,0xFF,0xFE,0x03,0xFE,0x00,0x00,0x00,0x00,0x00,0x00,
  0x00,0x03,0xFC,0x00,0x00,0x00,0x00,0x00,0x00,0x00,0x00,0x00,
  0x00,0x00,0x03,0xFF,0xFC,0x07,0xFC,0x00,0x00,0x00,0x00,0x00,
  0x00,0x00,0x07,0xF8,0x00,0x00,0x00,0x00,0x00,0x00,0x00,0x00,
  0x00,0x00,0x00,0x0F,0xFF,0xFC,0x0F,0xFC,0x00,0x00,0x00,0x00,
  0x00,0x00,0x00,0x0F,0xF8,0x00,0x00,0x00,0x00,0x00,0x00,0x00,
  0x00,0x00,0x00,0x00,0x1F,0xFF,0xF8,0x0F,0xF8,0x00,0x00,0x00,
  0x00,0x00,0x00,0x00,0x1F,0xF0,0x00,0x00,0x00,0x00,0x00,0x00,
  0x00,0x00,0x00,0x00,0x00,0x7F,0xFF,0xF0,0x1F,0xF0,0x00,0x00,
  0x00,0x00,0x00,0x00,0x00,0x1F,0xF0,0x00,0x00,0x00,0x00,0x00,
  0x00,0x00,0x00,0x00,0x00,0x00,0xFF,0xFF,0xF0,0x1F,0xF0,0x00,
  0x00,0x00,0x00,0x00,0x00,0x00,0x3F,0xE0,0x00,0x00,0x00,0x00,
  0x00,0x00,0x00,0x00,0x00,0x00,0x01,0xFF,0xFF,0xE0,0x3F,0xE0,
  0x00,0x00,0x00,0x00,0x00,0x00,0x00,0x3F,0xC0,0x00,0x00,0x00,
  0x00,0x00,0x00,0x00,0x00,0x00,0x00,0x07,0xFF,0x3F,0xE0,0x7F,
  0xE0,0x00,0x00,0x00,0x00,0x00,0x00,0x00,0x7F,0xC0,0x00,0x00,
  0x00,0x00,0x00,0x00,0x00,0x00,0x00,0x00,0x0F,0xFE,0x7F,0xC0,
  0x7F,0xC0,0x00,0x00,0x00,0x00,0x00,0x00,0x00,0xFF,0x80,0x00,
  0x00,0x00,0x00,0x00,0x00,0x00,0x00,0x00,0x00,0x3F,0xFC,0xFF,
  0x80,0xFF,0x80,0x00,0x00,0x00,0x00,0x00,0x00,0x00,0xFF,0x80,
  0x00,0x00,0x00,0x00,0x00,0x00,0x00,0x00,0x00,0x00,0x7F,0xF0,
  0xFF,0x80,0xFF,0x80,0x00,0x00,0x00,0x00,0x00,0x00,0x01,0xFF,
  0x00,0x00,0x00,0x00,0x00,0x00,0x00,0x00,0x00,0x00,0x00,0xFF,
  0xE1,0xFF,0x01,0xFF,0x00,0x00,0x00,0x00,0x00,0x00,0x00,0x01,
  0xFE,0x00,0x00,0x00,0x00,0x00,0x00,0x00,0x00,0x00,0x00,0x03,
  0xFF,0xC3,0xFF,0x03,0xFF,0x00,0x00,0x00,0x00,0x00,0x00,0x00,
  0x03,0xFE,0x00,0x00,0x00,0x00,0x00,0x00,0x00,0x00,0x00,0x00,
  0x07,0xFF,0x03,0xFE,0x03,0xFE,0x00,0x00,0x00,0x00,0x00,0x00,
  0x00,0x07,0xFC,0x00,0x00,0x00,0x00,0x00,0x00,0x00,0x00,0x00,
  0x00,0x0F,0xFE,0x07,0xFC,0x07,0xFC,0x00,0x00,0x00,0x00,0x00,
  0x00,0x00,0x07,0xFC,0x00,0x00,0x00,0x00,0x00,0x00,0x00,0x00,
  0x00,0x00,0x3F,0xF8,0x07,0xFC,0x07,0xFC,0x00,0x00,0x00,0x00,
  0x00,0x00,0x00,0x0F,0xF8,0x00,0x00,0x00,0x00,0x00,0x00,0x00,
  0x00,0x00,0x00,0x7F,0xF0,0x0F,0xF8,0x0F,0xF8,0x00,0x00,0x00,
  0x00,0x00,0x00,0x00,0x0F,0xF0,0x00,0x00,0x00,0x00,0x00,0x00,
  0x00,0x00,0x00,0x01,0xFF,0xE0,0x1F,0xF8,0x1F,0xF8,0x00,0x7F,
  0xFF,0xE0,0x07,0xFF,0xE0,0x1F,0xF0,0x3F,0xF0,0x0F,0xFF,0xFC,
  0x00,0x00,0x00,0x00,0x03,0xFF,0x80,0x1F,0xF0,0x1F,0xF0,0x01,
  0xFF,0xFF,0xE0,0x3F,0xFF,0xE0,0x3F,0xE0,0x7F,0xE0,0x7F,0xFF,
  0xFC,0x00,0x00,0x00,0x00,0x07,0xFF,0x00,0x3F,0xE0,0x3F,0xE0,
  0x07,0xFF,0xFF,0xC0,0xFF,0xFF,0xC0,0x3F,0xE1,0xFF,0x81,0xFF,
  0xFF,0xF8,0x00,0x00,0x00,0x00,0x1F,0xFC,0x00,0x3F,0xE0,0x3F,
  0xE0,0x1F,0xFF,0xFF,0xC1,0xFF,0xFF,0xC0,0x7F,0xC3,0xFF,0x03,
  0xFF,0xFF,0xF0,0x00,0x1F,0xFF,0xFF,0xFF,0xFF,0xFE,0x7F,0xC0,
  0x7F,0xC0,0x3F,0xFF,0xFF,0x83,0xFF,0xFF,0x80,0x7F,0x8F,0xFC,
  0x07,0xFF,0xFF,0xF0,0x00,0xFF,0xFF,0xFF,0xFF,0xFF,0xFE,0xFF,
  0xC0,0xFF,0xC0,0x7F,0xE0,0xFF,0x07,0xFF,0xFF,0x80,0xFF,0x9F,
  0xF8,0x1F,0xFC,0x3F,0xE0,0x03,0xFF,0xFF,0xFF,0xFF,0xFF,0xFC,
  0xFF,0x80,0xFF,0x80,0xFF,0x81,0xFF,0x0F,0xF8,0x00,0x01,0xFF,
  0x7F,0xE0,0x3F,0xF0,0x3F,0xC0,0x07,0xFF,0xFF,0xFF,0xFF,0xFF,
  0xF1,0xFF,0x01,0xFF,0x01,0xFF,0x03,0xFE,0x0F,0xF0,0x00,0x01,
  0xFF,0xFF,0xC0,0x3F,0xC0,0x7F,0xC0,0x0F,0xFF,0xFF,0xFF,0xFF,
  0xFF,0xE3,0xFF,0x01,0xFF,0x03,0xFE,0x03,0xFE,0x1F,0xF0,0x00,
  0x03,0xFF,0xFF,0x00,0x7F,0x80,0x7F,0x80,0x1F,0xFF,0xFF,0xFF,
  0xFF,0xFF,0x03,0xFE,0x03,0xFE,0x07,0xF8,0x07,0xFC,0x1F,0xF8,
  0x00,0x03,0xFF,0xFE,0x00,0xFF,0x00,0xFF,0x80,0x7F,0xFF,0xFF,
  0xFF,0xF8,0x00,0x07,0xFE,0x07,0xFE,0x0F,0xF8,0x07,0xF8,0x1F,
  0xFC,0x00,0x07,0xFF,0xF8,0x01,0xFE,0x01,0xFF,0x00,0x00,0x00,
  0x00,0xFF,0xE0,0x00,0x07,0xFC,0x07,0xFC,0x0F,0xF0,0x0F,0xF8,
  0x1F,0xFF,0x00,0x07,0xFF,0xF0,0x01,0xFE,0x01,0xFE,0x00,0x00,
  0x00,0x01,0xFF,0xC0,0x00,0x0F,0xF8,0x0F,0xF8,0x1F,0xE0,0x1F,
  0xF0,0x0F,0xFF,0x80,0x0F,0xFF,0xE0,0x03,0xFC,0x03,0xFE,0x00,
  0x00,0x00,0x07,0xFF,0x80,0x00,0x1F,0xF8,0x0F,0xF8,0x1F,0xC0,
  0x1F,0xF0,0x0F,0xFF,0xC0,0x1F,0xFF,0x80,0x07,0xF8,0x03,0xFC,
  0x00,0x00,0x00,0x0F,0xFE,0x00,0x00,0x1F,0xF0,0x1F,0xF0,0x3F,
  0xC0,0x3F,0xE0,0x07,0xFF,0xE0,0x1F,0xFF,0x80,0x07,0xF0,0x07,
  0xFC,0x00,0x00,0x00,0x3F,0xFC,0x00,0x00,0x3F,0xF0,0x1F,0xF0,
  0x3F,0x80,0x3F,0xC0,0x03,0xFF,0xE0,0x3F,0xFF,0x80,0x0F,0xF0,
  0x0F,0xF8,0x00,0x00,0x00,0x7F,0xF0,0x00,0x00,0x3F,0xE0,0x3F,
  0xE0,0x7F,0x00,0x7F,0xC0,0x00,0xFF,0xF0,0x3F,0xFF,0xC0,0x0F,
  0xE0,0x0F,0xF0,0x00,0x00,0x00,0xFF,0xE0,0x00,0x00,0x7F,0xC0,
  0x7F,0xC0,0x7F,0x00,0xFF,0x80,0x00,0x7F,0xF0,0x7F,0xDF,0xC0,
  0x1F,0xE0,0x1F,0xF0,0x00,0x00,0x03,0xFF,0xC0,0x00,0x00,0x7F,
  0xC0,0x7F,0xC0,0xFE,0x00,0xFF,0x80,0x00,0x3F,0xF0,0xFF,0x9F,
  0xC0,0x1F,0xC0,0x3F,0xE0,0x00,0x00,0x07,0xFF,0x00,0x00,0x00,
  0xFF,0x80,0xFF,0x80,0xFE,0x01,0xFF,0x00,0x00,0x1F,0xF0,0xFF,
  0x9F,0xE0,0x3F,0xC0,0x3F,0xE0,0x00,0x00,0x0F,0xFE,0x00,0x00,
  0x00,0xFF,0x80,0xFF,0x81,0xFC,0x03,0xFF,0x00,0x00,0x1F,0xE1,
  0xFF,0x1F,0xE0,0x3F,0x80,0xFF,0xC0,0x00,0x00,0x3F,0xF8,0x00,
  0x00,0x01,0xFF,0x00,0xFF,0x01,0xFC,0x0F,0xFE,0x00,0x00,0x3F,
  0xE1,0xFE,0x0F,0xE0,0x7F,0x81,0xFF,0xC0,0x00,0x00,0x7F,0xF0,
  0x00,0x00,0x01,0xFF,0x01,0xFF,0x03,0xFE,0x3F,0xFE,0x07,0x80,
  0xFF,0xC3,0xFE,0x0F,0xF0,0x7F,0xC7,0xFF,0xC0,0x00,0x01,0xFF,
  0xE0,0x00,0x00,0x03,0xFF,0x01,0xFF,0x03,0xFF,0xFF,0xFC,0x07,
  0xFF,0xFF,0xC7,0xFC,0x0F,0xF0,0x7F,0xFF,0xFF,0x80,0x00,0x03,
  0xFF,0x80,0x00,0x00,0x03,0xFE,0x03,0xFE,0x03,0xFF,0xFF,0xFC,
  0x0F,0xFF,0xFF,0x87,0xFC,0x0F,0xF0,0x7F,0xFF,0xFF,0x80,0x00,
  0x07,0xFF,0x00,0x00,0x00,0x03,0xFE,0x03,0xFE,0x03,0xFF,0xFF,
  0xFC,0x0F,0xFF,0xFF,0x0F,0xF8,0x07,0xF8,0xFF,0xFF,0xFF,0x80,
  0x00,0x1F,0xFE,0x00,0x00,0x00,0x03,0xFE,0x03,0xFE,0x03,0xFF,
  0xE7,0xFC,0x1F,0xFF,0xFE,0x0F,0xF0,0x07,0xF8,0x7F,0xFC,0xFF,
  0x00,0x00,0x3F,0xF8,0x00,0x00,0x00,0x07,0xFE,0x03,0xFE,0x03,
  0xFF,0x87,0xF8,0x3F,0xFF,0xF8,0x1F,0xF0,0x07,0xF8,0x7F,0xF0,
  0xFF,0x00,0x00,0x7F,0xF0,0x00,0x00,0x00,0x07,0xFC,0x03,0xFE,
  0x01,0xFC,0x07,0xF8,0x1F,0xFF,0xE0,0x1F,0xE0,0x07,0xFC,0x3F,
  0x80,0xFF,0x00,0x00,0x00,0x00,0x00,0x00,0x00,0x00,0x00,0x00,
  0x00,0x00,0x00,0x00,0x00,0x00,0x00,0x00,0x00,0x00,0x03,0xFC,
  0x00,0x00,0x00,0x00,0x00,0x00,0x00,0x00,0x00,0x00,0x00,0x00,
  0x00,0x00,0x00,0x00,0x00,0x00,0x00,0x00,0x00,0x00,0x00,0x03,
  0xFC,0x00,0x00,0x00,0x00,0x00,0x00,0x00,0x00,0x00,0x00,0x00,
  0x00,0x00,0x00,0x00,0x00,0x00,0x00,0x00,0x00,0x00,0x00,0x00,
  0x03,0xFE,0x00,0x00,0x00,0x00,0x00,0x00,0x00,0x00,0x00,0x00,
  0x00,0x00,0x00,0x00,0x00,0x00,0x00,0x00,0x00,0x00,0x00,0x00,
  0x00,0x01,0xFE,0x00,0x00,0x00,0x00,0x00,0x00,0x00,0x00,0x00,
  0x00,0x00,0x00,0x00,0x00,0x00,0x00,0x00,0x00,0x00,0x00,0x00,
  0x00,0x00,0x01,0xFE,0x00,0x00,0x00,0x00,0x00,0x00,0x00,0x00,
  0x00,0x00,0x00,0x00,0x00,0x00,0x00,0x00,0x00,0x00,0x00,0x00,
  0x00,0x00,0x00,0x00,0xFF,0x00,0x00,0x00,0x00,0x00,0x00,0x00,
  0x00,0x00,0x00,0x00,0x00,0x00,0x00,0x00,0x00,0x00,0x00,0x00,
  0x00,0x00,0x00,0x00,0x00,0x7F,0x00,0x00,0x00,0x00,0x00,0x00,
  0x00,0x00,0x00,0x00,0x00,0x00,0x00,0x00,0x00,0x00,0x00,0x00,
  0x00,0x00,0x00,0x00,0x00,0x00,0x1F,0x00,0x00,0x00,0x00,0x00,
};
static const uint8_t logo_ash[] PROGMEM = {
  0x00,0x00,0x00,0x00,0x00,0x00,0x00,0x00,0x00,0x00,0x7F,0xF8,
  0x00,0x00,0x00,0x00,0x00,0x00,0x00,0x00,0x00,0x00,0x00,0x00,
  0x00,0x00,0x00,0x00,0x00,0x00,0x00,0x00,0x00,0x00,0x00,0x00,
  0x00,0x00,0x00,0x00,0xFF,0xF8,0x00,0x0F,0xFF,0x3F,0xFF,0xFF,
  0xFE,0x01,0xFF,0xFF,0x00,0x00,0x0F,0xFF,0x00,0x00,0x00,0x00,
  0x00,0x00,0x00,0x00,0x00,0x00,0x00,0x00,0x00,0x00,0x00,0x00,
  0x00,0x00,0x00,0x00,0x00,0x00,0x3F,0x00,0xFF,0xF8,0x00,0x1F,
  0xFF,0x3F,0xFF,0xFF,0xFE,0x07,0xFF,0xFF,0xE0,0x00,0x1F,0xFF,
  0x00,0x00,0x00,0x01,0xC0,0x00,0x18,0xFF,0xFF,0xFC,0x03,0x00,
  0x00,0x01,0x8E,0x00,0x00,0x06,0x3F,0xFF,0xFF,0x81,0xFF,0xE0,
  0xFF,0xFC,0x00,0x3F,0xFF,0x3F,0xFF,0xFF,0xFE,0x0F,0xFF,0xFF,
  0xF0,0x00,0x1F,0xFF,0x00,0x00,0x00,0x01,0xC0,0x00,0x18,0xE0,
  0x00,0x3F,0x03,0x00,0x00,0x01,0x8E,0x00,0x00,0x06,0x30,0x00,
  0x00,0x07,0x80,0xF8,0xFF,0xFE,0x00,0x3F,0xFF,0x3F,0xFF,0xFF,
  0xFE,0x1F,0xFF,0xFF,0xFC,0x00,0x3F,0xFF,0x80,0x00,0x00,0x03,
  0xE0,0x00,0x18,0xC0,0x00,0x03,0x83,0x00,0x00,0x01,0x8F,0x00,
  0x00,0x06,0x30,0x00,0x00,0x0E,0x00,0x1C,0xFF,0xFE,0x00,0x7F,
  0xFF,0x3F,0xFF,0xFF,0xFE,0x3F,0xFF,0xFF,0xFC,0x00,0x3F,0xFF,
  0x80,0x00,0x00,0x03,0x60,0x00,0x18,0xC0,0x00,0x01,0x83,0x00,
  0x00,0x01,0x8F,0x80,0x00,0x06,0x30,0x00,0x00,0x1C,0x00,0x04,
  0xFF,0xFF,0x00,0xFF,0xFF,0x3F,0xFF,0xFF,0xFE,0x7F,0xFF,0xFF,
  0xFC,0x00,0x3F,0xFF,0xC0,0x00,0x00,0x03,0x30,0x00,0x18,0xC0,
  0x00,0x00,0xC3,0x00,0x00,0x01,0x8D,0xC0,0x00,0x06,0x30,0x00,
  0x00,0x18,0x00,0x00,0xFF,0xFF,0x80,0xFF,0xFF,0x3F,0xFF,0xFF,
  0xFE,0x7F,0xFF,0xFF,0xF8,0x00,0x7F,0xFF,0xC0,0x00,0x00,0x06,
  0x30,0x00,0x18,0xC0,0x00,0x00,0xE3,0x00,0x00,0x01,0x8C,0xC0,
  0x00,0x06,0x30,0x00,0x00,0x30,0x00,0x00,0xFF,0xFF,0x81,0xFF,
  0xFF,0x3F,0xFF,0xFF,0xFE,0x7F,0xFF,0xFF,0xF0,0x00,0x7F,0xFF,
  0xE0,0x00,0x00,0x06,0x18,0x00,0x18,0xC0,0x00,0x00,0x63,0x00,
  0x00,0x01,0x8C,0x60,0x00,0x06,0x30,0x00,0x00,0x30,0x00,0x00,
  0xFF,0xFF,0xC3,0xFF,0xFF,0x3F,0xFF,0xFF,0xFE,0xFF,0xFF,0xFF,
  0xE0,0x00,0xFF,0xFF,0xE0,0x00,0x00,0x0C,0x18,0x00,0x18,0xC0,
  0x00,0x00,0x63,0x00,0x00,0x01,0x8C,0x30,0x00,0x06,0x30,0x00,
  0x00,0x30,0x00,0x00,0xFF,0xFF,0xE3,0xFF,0xFF,0x3F,0xFF,0xFF,
  0xFE,0xFF,0xF8,0x1F,0xE0,0x00,0xFF,0xFF,0xE0,0x00,0x00,0x0C,
  0x0C,0x00,0x18,0xC0,0x00,0x00,0x63,0x00,0x00,0x01,0x8C,0x38,
  0x00,0x06,0x30,0x00,0x00,0x30,0x00,0x00,0xFF,0xFF,0xE7,0xFF,
  0xFF,0x3F,0xFC,0x00,0x00,0xFF,0xF8,0x03,0xC0,0x01,0xFF,0xFF,
  0xF0,0x00,0x00,0x18,0x0C,0x00,0x18,0xC0,0x00,0x00,0x63,0x00,
  0x00,0x01,0x8C,0x18,0x00,0x06,0x30,0x00,0x00,0x30,0x00,0x00,
  0xFF,0xFF,0xFF,0xFF,0xFF,0x3F,0xFC,0x00,0x00,0xFF,0xFF,0x01,
  0x80,0x01,0xFF,0xFF,0xF0,0x00,0x00,0x18,0x06,0x00,0x18,0xC0,
  0x00,0x00,0x63,0x00,0x00,0x01,0x8C,0x0C,0x00,0x06,0x30,0x00,
  0x00,0x30,0x00,0x00,0xFF,0xFF,0xFF,0xFF,0xFF,0x3F,0xFE,0x1E,
  0x00,0x7F,0xFF,0xF0,0x00,0x01,0xFF,0xFF,0xF8,0x00,0x00,0x30,
  0x06,0x00,0x18,0xC0,0x00,0x00,0x63,0x00,0x00,0x01,0x8C,0x06,
  0x00,0x06,0x30,0x00,0x00,0x38,0x00,0x00,0xFF,0xFF,0xFF,0xFF,
  0xFF,0x3F,0xFF,0xFF,0xF8,0x7F,0xFF,0xFE,0x00,0x03,0xFF,0xFF,
  0xF8,0x00,0x00,0x30,0x06,0x00,0x18,0xC0,0x00,0x00,0xC3,0x00,
  0x00,0x01,0x8C,0x07,0x00,0x06,0x30,0x00,0x00,0x1C,0x00,0x00,
  0xFF,0xFF,0xFF,0xFF,0xFF,0x3F,0xFF,0xFF,0xF8,0x7F,0xFF,0xFF,
  0x80,0x03,0xFF,0xFF,0xF8,0x00,0x00,0x60,0x03,0x00,0x18,0xC0,
  0x00,0x00,0xC3,0x00,0x00,0x01,0x8C,0x03,0x80,0x06,0x30,0x00,
  0x00,0x0E,0x00,0x00,0xFF,0xFF,0xFF,0xFF,0xFF,0x3F,0xFF,0xFF,
  0xF8,0x3F,0xFF,0xFF,0xE0,0x07,0xFF,0xBF,0xFC,0x00,0x00,0x60,
  0x03,0x00,0x18,0xC0,0x00,0x01,0x83,0x00,0x00,0x01,0x8C,0x01,
  0x80,0x06,0x30,0x00,0x00,0x07,0xC0,0x00,0xFF,0xFF,0xFF,0xFF,
  0xFF,0x3F,0xFF,0xFF,0xF8,0x3F,0xFF,0xFF,0xF0,0x07,0xFF,0x1F,
  0xFC,0x00,0x00,0xC0,0x01,0x80,0x18,0xC0,0x00,0x07,0x03,0x00,
  0x00,0x01,0x8C,0x00,0xC0,0x06,0x3F,0xFF,0xFC,0x01,0xF8,0x00,
  0xFF,0xFF,0xFF,0xFF,0xFF,0x3F,0xFF,0xFF,0xF8,0x1F,0xFF,0xFF,
  0xF8,0x0F,0xFF,0x1F,0xFE,0x00,0x00,0xC0,0x01,0x80,0x18,0xFF,
  0xFF,0xFE,0x03,0x00,0x00,0x01,0x8C,0x00,0xE0,0x06,0x3F,0xFF,
  0xFC,0x00,0x3F,0x80,0xFF,0xFF,0xFF,0xFF,0xFF,0x3F,0xFF,0xFF,
  0xF8,0x07,0xFF,0xFF,0xFC,0x0F,0xFF,0x1F,0xFE,0x00,0x01,0x80,
  0x00,0xC0,0x18,0xFF,0xFF,0xF8,0x03,0x00,0x00,0x01,0x8C,0x00,
  0x70,0x06,0x30,0x00,0x00,0x00,0x07,0xE0,0xFF,0xF7,0xFF,0xEF,
  0xFF,0x3F,0xFF,0xFF,0xF8,0x03,0xFF,0xFF,0xFC,0x1F,0xFE,0x0F,
  0xFF,0x00,0x01,0x80,0x00,0xC0,0x18,0xC0,0x07,0x00,0x03,0x00,
  0x00,0x01,0x8C,0x00,0x30,0x06,0x30,0x00,0x00,0x00,0x00,0x78,
  0xFF,0xF7,0xFF,0xEF,0xFF,0x3F,0xFF,0xFF,0xF8,0x00,0x7F,0xFF,
  0xFE,0x1F,0xFE,0x0F,0xFF,0x00,0x01,0x80,0x00,0x60,0x18,0xC0,
  0x03,0x00,0x03,0x00,0x00,0x01,0x8C,0x00,0x18,0x06,0x30,0x00,
  0x00,0x00,0x00,0x1C,0xFF,0xF3,0xFF,0xCF,0xFF,0x3F,0xFF,0xFF,
  0xF8,0x00,0x0F,0xFF,0xFE,0x1F,0xFF,0xFF,0xFF,0x00,0x03,0xFF,
  0xFF,0xE0,0x18,0xC0,0x01,0x80,0x03,0x00,0x00,0x01,0x8C,0x00,
  0x0C,0x06,0x30,0x00,0x00,0x00,0x00,0x0E,0xFF,0xF1,0xFF,0x8F,
  0xFF,0x3F,0xFC,0x00,0x00,0x06,0x00,0xFF,0xFE,0x3F,0xFF,0xFF,
  0xFF,0x80,0x03,0xFF,0xFF,0xF0,0x18,0xC0,0x00,0xC0,0x03,0x00,
  0x00,0x01,0x8C,0x00,0x0E,0x06,0x30,0x00,0x00,0x00,0x00,0x07,
  0xFF,0xF1,0xFF,0x8F,0xFF,0x3F,0xFC,0x00,0x00,0x0F,0x80,0x3F,
  0xFE,0x3F,0xFF,0xFF,0xFF,0x80,0x06,0x00,0x00,0x30,0x18,0xC0,
  0x00,0x60,0x03,0x00,0x00,0x01,0x8C,0x00,0x06,0x06,0x30,0x00,
  0x00,0x00,0x00,0x03,0xFF,0xF0,0xFF,0x0F,0xFF,0x3F,0xFE,0x00,
  0x00,0x1F,0xE0,0x3F,0xFE,0x7F,0xFF,0xFF,0xFF,0xC0,0x06,0x00,
  0x00,0x30,0x18,0xC0,0x00,0x30,0x03,0x00,0x00,0x01,0x8C,0x00,
  0x03,0x06,0x30,0x00,0x00,0x00,0x00,0x03,0xFF,0xF0,0x7E,0x0F,
  0xFF,0x3F,0xFF,0xFF,0xFE,0x1F,0xFF,0xFF,0xFE,0x7F,0xFF,0xFF,
  0xFF,0xC0,0x0C,0x00,0x00,0x18,0x18,0xC0,0x00,0x38,0x03,0x00,
  0x00,0x01,0x8C,0x00,0x01,0x86,0x30,0x00,0x00,0x00,0x00,0x03,
  0xFF,0xF0,0x7E,0x0F,0xFF,0x3F,0xFF,0xFF,0xFE,0x3F,0xFF,0xFF,
  0xFE,0xFF,0xFF,0xFF,0xFF,0xE0,0x0C,0x00,0x00,0x18,0x18,0xC0,
  0x00,0x1C,0x03,0x00,0x00,0x01,0x8C,0x00,0x01,0xC6,0x30,0x00,
  0x00,0x00,0x00,0x03,0xFF,0xF0,0x3C,0x0F,0xFF,0x3F,0xFF,0xFF,
  0xFE,0x7F,0xFF,0xFF,0xFC,0xFF,0xFF,0xFF,0xFF,0xE0,0x18,0x00,
  0x00,0x0C,0x18,0xC0,0x00,0x0C,0x03,0x00,0x00,0x01,0x8C,0x00,
  0x00,0xC6,0x30,0x00,0x00,0x00,0x00,0x03,0xFF,0xF0,0x18,0x0F,
  0xFF,0x3F,0xFF,0xFF,0xFE,0xFF,0xFF,0xFF,0xFC,0xFF,0xFF,0xFF,
  0xFF,0xE0,0x18,0x00,0x00,0x0C,0x18,0xC0,0x00,0x06,0x03,0x00,
  0x00,0x01,0x8C,0x00,0x00,0x66,0x30,0x00,0x00,0x60,0x00,0x03,
  0xFF,0xF0,0x18,0x0F,0xFF,0x3F,0xFF,0xFF,0xFE,0xFF,0xFF,0xFF,
  0xF9,0xFF,0xFF,0xFF,0xFF,0xF0,0x30,0x00,0x00,0x06,0x18,0xC0,
  0x00,0x03,0x03,0x00,0x00,0x01,0x8C,0x00,0x00,0x36,0x30,0x00,
  0x00,0x70,0x00,0x06,0xFF,0xF0,0x00,0x0F,0xFF,0x3F,0xFF,0xFF,
  0xFE,0x7F,0xFF,0xFF,0xF1,0xFF,0xE0,0x00,0xFF,0xF0,0x30,0x00,
  0x00,0x06,0x18,0xC0,0x00,0x01,0x83,0x00,0x00,0x01,0x8C,0x00,
  0x00,0x3E,0x30,0x00,0x00,0x38,0x00,0x0C,0xFF,0xF0,0x00,0x0F,
  0xFF,0x3F,0xFF,0xFF,0xFE,0x3F,0xFF,0xFF,0xE3,0xFF,0xE0,0x00,
  0xFF,0xF8,0x20,0x00,0x00,0x03,0x18,0xC0,0x00,0x01,0xC3,0x00,
  0x00,0x01,0x8C,0x00,0x00,0x1E,0x30,0x00,0x00,0x0E,0x00,0x3C,
  0xFF,0xF0,0x00,0x0F,0xFF,0x3F,0xFF,0xFF,0xFE,0x0F,0xFF,0xFF,
  0xC3,0xFF,0xC0,0x00,0x7F,0xF8,0x60,0x00,0x00,0x03,0x18,0xC0,
  0x00,0x00,0xE3,0xFF,0xFF,0xE1,0x8C,0x00,0x00,0x0E,0x3F,0xFF,
  0xFF,0x07,0xE1,0xF0,0xFF,0xF0,0x00,0x0F,0xFF,0x3F,0xFF,0xFF,
  0xFE,0x01,0xFF,0xFF,0x07,0xFF,0xC0,0x00,0x7F,0xF8,0x40,0x00,
  0x00,0x01,0x18,0x40,0x00,0x00,0x63,0xFF,0xFF,0xE1,0x8C,0x00,
  0x00,0x06,0x3F,0xFF,0xFF,0x01,0xFF,0xC0,0xFF,0xF0,0x00,0x0F,
  0xFE,0x1F,0xFE,0xFF,0xFC,0x00,0x3F,0xF8,0x00,0x1E,0x80,0x00,
  0x01,0xB8,0x00,0x00,0x00,0x00,0x00,0x00,0x00,0x00,0x00,0x00,
  0x00,0x00,0x00,0x00,0x00,0x00,0x00,0x00,0x00,0x00,0x0C,0x00,
};
static const uint8_t logo_baw[] PROGMEM = {
  0x00,0x00,0x00,0x00,0x00,0x00,0x00,0x00,0x00,0x00,0x00,0x00,
  0x00,0x00,0x00,0x00,0x00,0x00,0x00,0x00,0x00,0x00,0x00,0x00,
  0x00,0x00,0x00,0x00,0x00,0x00,0x00,0x00,0x00,0x00,0x00,0x7F,
  0xFF,0xE0,0x00,0x00,0x00,0x00,0x00,0x00,0x00,0x00,0x00,0x00,
  0x00,0x00,0x00,0x00,0x00,0x00,0x00,0x00,0x00,0x00,0x00,0x00,
  0x00,0x00,0x00,0x00,0x00,0x00,0x00,0x00,0x00,0x00,0x00,0x00,
  0x00,0x07,0xFF,0xFF,0xFF,0xFE,0x00,0x00,0x00,0x00,0x00,0x00,
  0x00,0x00,0x00,0x00,0x00,0x00,0x00,0x00,0x00,0x00,0x00,0x00,
  0x00,0x00,0x00,0x00,0x00,0x00,0x00,0x00,0x00,0x00,0x00,0x00,
  0x00,0x00,0x00,0x01,0xFF,0xFF,0xFF,0xFF,0xFF,0xFF,0xC0,0x00,
  0x00,0x00,0x00,0x00,0x00,0x00,0x00,0x00,0x00,0x00,0x00,0x00,
  0x00,0x00,0x00,0x00,0x00,0x00,0x00,0x00,0x00,0x00,0x00,0x00,
  0x00,0x00,0x00,0x00,0x00,0x00,0x3F,0xFF,0xFF,0xFF,0xFF,0xFF,
  0xFF,0xFF,0xF0,0x00,0x00,0x00,0x00,0x00,0x00,0x00,0x00,0x00,
  0x00,0x00,0x00,0x00,0x00,0x00,0x00,0x00,0x00,0x00,0x00,0x00,
  0x00,0x00,0x00,0x00,0x00,0x00,0x00,0x00,0x3F,0xFF,0xFF,0xFF,
  0xFF,0xFF,0xFF,0xFF,0xFF,0xFF,0xFC,0x00,0x00,0x00,0x00,0x00,
  0x00,0x00,0x00,0x00,0x00,0x00,0x00,0x00,0x00,0x00,0x00,0x00,
  0x00,0x00,0x00,0x00,0x00,0x00,0x00,0x00,0x00,0x00,0xFF,0xFF,
  0xFF,0xFF,0xFF,0xFF,0xFF,0xFF,0xFF,0xFF,0xFF,0xFF,0xFE,0x00,
  0x00,0x00,0x00,0x00,0x00,0x00,0x00,0x00,0x00,0x00,0x00,0x00,
  0x00,0x00,0x00,0x00,0x00,0x00,0x00,0x00,0x00,0x00,0x01,0xFF,
  0xFF,0xFF,0xFF,0xFF,0xFF,0xFF,0xFF,0xFF,0xFF,0xFF,0xFF,0xFF,
  0xFF,0xFF,0xFF,0x00,0x00,0x00,0x00,0x00,0x00,0x00,0x00,0x00,
  0x00,0x00,0x00,0x00,0x00,0x00,0x00,0x00,0x00,0x00,0x00,0x03,
  0xFF,0xFF,0xFF,0xFF,0xFF,0xFF,0xFF,0xFF,0xFF,0xFF,0xFF,0xFF,
  0xFF,0xFF,0xFF,0xFF,0xFF,0xFF,0xFF,0x80,0x00,0x00,0x00,0x00,
  0x00,0x00,0x00,0x00,0x00,0x00,0x00,0x00,0x00,0x00,0x00,0x00,
  0x00,0x01,0xFF,0xFF,0xFF,0xFF,0xFF,0xFF,0xFF,0xFF,0xFF,0xFF,
  0xFF,0xFF,0xFF,0xFF,0xFF,0xFF,0xFF,0xFF,0xFF,0xFF,0xFF,0xC0,
  0x00,0x00,0x00,0x00,0x00,0x00,0x00,0x00,0x00,0x00,0x00,0x00,
  0x00,0x00,0x00,0x00,0x00,0x00,0x07,0xFF,0xFF,0xFF,0xFF,0xFF,
  0xFF,0xFF,0xFF,0xFF,0xFF,0xFF,0xFF,0xFF,0xFF,0xFF,0xFF,0xFF,
  0xFF,0xFF,0xFF,0xE0,0x00,0x00,0x00,0x00,0x00,0x00,0x00,0x00,
  0x00,0x00,0x00,0x00,0x00,0x00,0x00,0x00,0x00,0x00,0x00,0x00,
  0xFF,0xFF,0xFF,0xFF,0xFF,0xFF,0xFF,0xFF,0xFF,0xFF,0xFF,0xFF,
  0xFF,0xFF,0xFF,0xFF,0xFF,0xFF,0xFF,0xF0,0x00,0x00,0x00,0x00,
  0x00,0x00,0x00,0x00,0x00,0x00,0x00,0x00,0x00,0x00,0x00,0x00,
  0x00,0x00,0x00,0x00,0x00,0x1F,0xFF,0xFF,0xFF,0xFF,0xFF,0xFF,
  0xFF,0xFF,0xFF,0xFF,0xFF,0xFF,0xFF,0xFF,0xFF,0xFF,0xFF,0xF0,
  0x00,0x00,0x00,0x00,0x00,0x00,0x00,0x00,0x00,0x00,0x00,0x00,
  0x00,0x00,0x00,0x00,0x00,0x00,0x00,0x00,0x00,0x00,0x00,0x3F,
  0xFF,0xFF,0xFF,0xFF,0xFF,0xFF,0xFF,0xFF,0xFF,0xFF,0xFF,0xF8,
  0x00,0x00,0x7F,0xF8,0x00,0x00,0x00,0x00,0x00,0x00,0x00,0x00,
  0x00,0x00,0x00,0x00,0x00,0x00,0x00,0x00,0x00,0x00,0x00,0x00,
  0x00,0x00,0x00,0x00,0x00,0x07,0xFF,0xFF,0xFF,0xFF,0xFF,0xFF,
  0xFF,0x00,0x00,0x00,0x00,0x00,0x07,0xFC,0x00,0x00,0x00,0x00,
  0x00,0x00,0x00,0x00,0x00,0x00,0x00,0x00,0x00,0x00,0x00,0x00,
  0x00,0x00,0x00,0x00,0x00,0x00,0x00,0x00,0x00,0x00,0x00,0x00,
  0x00,0x00,0x00,0x00,0x00,0x00,0x00,0x00,0x00,0x00,0x0F,0xFC,
  0x00,0x00,0x00,0x00,0x00,0x00,0x00,0x00,0x00,0x00,0x00,0x00,
  0x00,0x00,0x00,0x00,0x00,0x00,0x00,0x00,0x00,0x00,0x00,0x00,
  0x00,0x00,0x00,0x00,0x00,0x00,0x00,0x00,0x00,0x00,0x00,0x00,
  0x00,0x00,0x3F,0xFE,0x00,0x00,0x00,0x00,0x00,0x00,0x00,0x00,
  0x00,0x00,0x00,0x00,0x00,0x00,0x00,0x00,0x00,0x00,0x00,0x00,
  0x00,0x00,0x00,0x00,0x00,0x00,0x00,0x00,0x00,0x00,0x00,0x00,
  0x00,0x00,0x00,0x00,0x00,0x00,0x7F,0xFE,0x00,0x00,0x00,0x00,
  0x00,0x00,0x00,0x00,0x00,0x00,0x00,0x00,0x00,0x00,0x00,0x00,
  0x00,0x00,0x00,0x00,0x00,0x00,0x00,0x00,0x00,0x00,0x00,0x00,
  0x00,0x00,0x00,0x00,0x00,0x00,0x00,0x00,0x00,0x01,0xFF,0xFF,
  0x00,0x00,0x00,0x00,0x00,0x00,0x00,0x00,0x00,0x00,0x00,0x00,
  0x00,0x00,0x00,0x00,0x00,0x00,0x00,0x00,0x00,0x00,0x00,0x00,
  0x00,0x00,0x00,0x00,0x00,0x00,0x00,0x00,0x00,0x00,0x00,0x00,
  0x00,0x07,0xFF,0xFF,0x00,0x00,0x00,0x00,0x00,0x00,0x00,0x00,
  0x00,0x00,0x00,0x00,0x00,0x00,0x00,0x00,0x00,0x00,0x00,0x00,
  0x00,0x00,0x00,0x00,0x00,0x00,0x00,0x00,0x00,0x00,0x00,0x00,
  0x00,0x00,0x00,0x00,0x00,0x1F,0xFF,0xFF,0x00,0x00,0x00,0x00,
  0x00,0x00,0x00,0x00,0x00,0x00,0x00,0x00,0x00,0x00,0x00,0x00,
  0x00,0x00,0x00,0x00,0x00,0x00,0x00,0x00,0x00,0x00,0x00,0x00,
  0x00,0x00,0x00,0x00,0x00,0x00,0x00,0x00,0x00,0xFF,0xFF,0xFF,
  0x00,0x00,0x00,0x00,0x00,0x00,0x00,0x00,0x00,0x00,0x00,0x00,
  0x00,0x00,0x00,0x00,0x00,0x00,0x00,0x00,0x00,0x00,0x00,0x00,
  0x00,0x00,0x00,0x00,0x00,0x00,0x00,0x00,0x00,0x00,0x00,0x00,
  0x03,0xFF,0xFF,0xFF,0x00,0x00,0x00,0x00,0x00,0x00,0x00,0x00,
  0x00,0x00,0x00,0x00,0x00,0x00,0x00,0x00,0x00,0x00,0x00,0x00,
  0x00,0x00,0x00,0x00,0x00,0x00,0x00,0x00,0x00,0x00,0x00,0x00,
  0x00,0x00,0x00,0x00,0x1F,0xFF,0xFF,0xFE,0x00,0x00,0x00,0x00,
  0x00,0x00,0x00,0x00,0x00,0x00,0x00,0x00,0x00,0x00,0x00,0x00,
  0x00,0x00,0x00,0x00,0x00,0x00,0x00,0x00,0x00,0x00,0x00,0x00,
  0x00,0x00,0x00,0x00,0x00,0x00,0x00,0x00,0xFF,0xFF,0xFF,0xFC,
  0x00,0x00,0x00,0x00,0x00,0x00,0x00,0x00,0x00,0x00,0x00,0x00,
  0x00,0x00,0x00,0x00,0x00,0x00,0x00,0x00,0x00,0x00,0x00,0x00,
  0x00,0x00,0x00,0x00,0x00,0x00,0x00,0x00,0x00,0x00,0x00,0x07,
  0xFF,0xFF,0xFF,0xFC,0x00,0x00,0x00,0x00,0x00,0x00,0x00,0x00,
  0x00,0x00,0x00,0x00,0x00,0x00,0x00,0x00,0x00,0x00,0x00,0x00,
  0x00,0x00,0x00,0x00,0x00,0x00,0x00,0x00,0x00,0x00,0x00,0x00,
  0x00,0x00,0x00,0x3F,0xFF,0xFF,0xFF,0xF0,0x00,0x00,0x00,0x00,
  0x00,0x00,0x00,0x00,0x00,0x00,0x00,0x00,0x00,0x00,0x00,0x00,
  0x00,0x00,0x00,0x00,0x00,0x00,0x00,0x00,0x00,0x00,0x00,0x00,
  0x00,0x00,0x00,0x00,0x00,0x00,0x03,0xFF,0xFF,0xFF,0xFF,0xE0,
  0x00,0x00,0x00,0x00,0x00,0x00,0x00,0x00,0x00,0x00,0x00,0x00,
  0x00,0x00,0x00,0x00,0x00,0x00,0x00,0x00,0x00,0x00,0x00,0x00,
  0x00,0x00,0x00,0x00,0x00,0x00,0x00,0x00,0x00,0x00,0x1F,0xFF,
  0xFF,0xFF,0xFF,0x80,0x00,0x00,0x00,0x00,0x00,0x00,0x00,0x00,
  0x00,0x00,0x00,0x00,0x00,0x00,0x00,0x00,0x00,0x00,0x00,0x00,
  0x00,0x00,0x00,0x00,0x00,0x00,0x00,0x00,0x00,0x00,0x00,0x00,
  0x00,0x01,0xFF,0xFF,0xFF,0xFF,0xFF,0x00,0x00,0x00,0x00,0x00,
  0x00,0x00,0x00,0x00,0x00,0x00,0x00,0x00,0x00,0x00,0x00,0x00,
  0x00,0x00,0x00,0x00,0x00,0x00,0x00,0x00,0x00,0x00,0x00,0x00,
  0x00,0x00,0x00,0x00,0x00,0x1F,0xFF,0xFF,0xFF,0xFF,0xFC,0x00,
  0x00,0x00,0x00,0x00,0x00,0x00,0x00,0x00,0x00,0x00,0x00,0x00,
  0x00,0x00,0x00,0x00,0x00,0x00,0x00,0x00,0x00,0x00,0x00,0x00,
  0x00,0x00,0x00,0x00,0x00,0x00,0x00,0x00,0x00,0x3F,0xFF,0xFF,
  0xFF,0xFF,0xF0,0x00,0x00,0x00,0x00,0x00,0x00,0x00,0x00,0x00,
  0x00,0x00,0x03,0xF0,0x00,0x00,0x00,0x00,0x00,0x00,0x00,0x00,
  0x00,0x00,0x00,0x00,0x00,0x00,0x00,0x00,0x00,0x00,0x03,0xC0,
  0x00,0x07,0xFF,0xFF,0xFF,0xFF,0xC0,0x00,0xFF,0xFC,0x0F,0xFF,
  0xC0,0x3F,0x3F,0xFF,0xFD,0xF8,0x0F,0xFC,0x3F,0x01,0xF8,0x00,
  0x07,0xC0,0x07,0xE3,0xFF,0xE1,0xF8,0x07,0x00,0xF8,0x7C,0x1F,
  0x80,0x1E,0x1F,0xF8,0x00,0x00,0x7F,0xFF,0xFF,0xFF,0x00,0x00,
  0x7F,0xFE,0x07,0xFF,0xE0,0x1F,0x7F,0xFF,0xF9,0xF8,0x3F,0xFC,
  0x3F,0x00,0xF8,0x00,0x07,0xE0,0x07,0xE1,0xFF,0xF0,0xF8,0x07,
  0x00,0xF0,0x7C,0x1F,0xC0,0x3C,0x7F,0xF8,0x00,0x00,0x07,0xFF,
  0xFF,0xF8,0x00,0x00,0x7C,0xFF,0x07,0xCF,0xF0,0x1F,0x7F,0xFF,
  0xF1,0xF8,0x3F,0x3C,0x3F,0x00,0xF8,0x00,0x07,0xE0,0x03,0xE1,
  0xFF,0xF8,0xF8,0x07,0x00,0xF0,0x7E,0x0F,0xC0,0x3C,0x7E,0x78,
  0x00,0x00,0x00,0x7F,0xFF,0xE0,0x00,0x00,0x7C,0x3F,0x07,0xC3,
  0xF0,0x1F,0x60,0xFC,0x00,0xF8,0x7C,0x0C,0x3E,0x00,0xF8,0x00,
  0x07,0xF0,0x03,0xE1,0xF1,0xFC,0x7C,0x07,0x80,0xE0,0x7E,0x07,
  0xE0,0x78,0xF8,0x18,0x00,0x00,0x00,0x03,0xFF,0x00,0x00,0x00,
  0x7C,0x1F,0x87,0xC1,0xF8,0x1F,0x00,0x7C,0x00,0xF8,0x7C,0x04,
  0x3F,0x00,0xF8,0x00,0x0F,0xF0,0x03,0xE1,0xF0,0xFC,0x7C,0x0F,
  0x81,0xE0,0xFF,0x07,0xE0,0x70,0xF8,0x08,0x00,0x00,0x00,0x00,
  0x00,0x00,0x00,0x00,0x7C,0x1F,0x87,0xC1,0xF8,0x1F,0x00,0xFC,
  0x00,0xF8,0xFC,0x00,0x3F,0x00,0xF8,0x00,0x0F,0xF0,0x03,0xE1,
  0xF0,0x7C,0x7C,0x0F,0x81,0xE0,0xFF,0x03,0xF0,0xF1,0xF8,0x00,
  0x00,0x00,0x00,0x00,0x00,0x00,0x00,0x00,0x7C,0x1F,0x87,0xC1,
  0xF8,0x1F,0x00,0xFC,0x00,0xF8,0xFC,0x00,0x3F,0x00,0xF8,0x00,
  0x0F,0xF8,0x03,0xE1,0xF0,0x7C,0x7E,0x0F,0xC1,0xC0,0xFF,0x03,
  0xF1,0xE1,0xF8,0x00,0x00,0x00,0x00,0x00,0x00,0x00,0x00,0x00,
  0x7C,0x1F,0x07,0xC1,0xF0,0x1F,0x00,0xFC,0x00,0xF8,0xFE,0x00,
  0x3F,0x00,0xF8,0x00,0x1E,0xF8,0x03,0xE1,0xF0,0x7C,0x3E,0x0F,
  0xC3,0xC1,0xDF,0x81,0xF9,0xE1,0xF8,0x00,0x00,0x00,0x00,0x00,
  0x00,0x00,0x00,0x00,0x7C,0x3F,0x07,0xC3,0xF0,0x1F,0x00,0xFC,
  0x00,0xF8,0x7F,0x00,0x3E,0x00,0xF8,0x00,0x1C,0xF8,0x03,0xE1,
  0xF0,0xFC,0x3E,0x1F,0xC3,0xC1,0xCF,0x80,0xFF,0xC0,0xFE,0x00,
  0x00,0x00,0x00,0x00,0x00,0x00,0x00,0x00,0x7C,0x7E,0x07,0xC7,
  0xE0,0x1F,0x00,0xFC,0x00,0xF8,0x7F,0x80,0x3F,0x00,0xF8,0x00,
  0x1C,0xFC,0x03,0xE1,0xF1,0xF8,0x3F,0x1F,0xC3,0x83,0xCF,0x80,
  0xFF,0x80,0xFF,0x00,0x00,0x00,0x00,0x00,0x00,0x00,0x00,0x00,
  0x7F,0xFC,0x07,0xFF,0xC0,0x1F,0x00,0xFC,0x00,0xF8,0x3F,0xE0,
  0x3F,0xFF,0xF8,0x00,0x3C,0x7C,0x03,0xE1,0xFF,0xF0,0x1F,0x1F,
  0xE3,0x83,0x8F,0xC0,0x7F,0x80,0xFF,0xC0,0x00,0x00,0x00,0x00,
  0x00,0x00,0x00,0x00,0x7F,0xFE,0x07,0xFF,0x80,0x1F,0x00,0xFC,
  0x00,0xF8,0x1F,0xF0,0x3F,0xFF,0xF8,0x00,0x38,0x7C,0x03,0xE1,
  0xFF,0xE0,0x1F,0x3F,0xE7,0x83,0x87,0xC0,0x7F,0x00,0x7F,0xE0,
  0x00,0x00,0x00,0x00,0x00,0x00,0x00,0x00,0x7F,0xFF,0x07,0xFF,
  0x00,0x1F,0x00,0xFC,0x00,0xF8,0x0F,0xF8,0x3F,0xFF,0xF8,0x00,
  0x38,0x7E,0x03,0xE1,0xFF,0xC0,0x1F,0x3B,0xE7,0x07,0x87,0xC0,
  0x3F,0x00,0x1F,0xF0,0x00,0x00,0x00,0x00,0x00,0x00,0x00,0x00,
  0x7C,0x3F,0x87,0xDF,0x80,0x1F,0x00,0xFC,0x00,0xF8,0x07,0xFC,
  0x3F,0x00,0xF8,0x00,0x78,0x3E,0x03,0xE1,0xF7,0xE0,0x0F,0xB9,
  0xF7,0x07,0x07,0xE0,0x3E,0x00,0x0F,0xF8,0x00,0x00,0x00,0x00,
  0x00,0x00,0x00,0x00,0x7C,0x0F,0xC7,0xCF,0x80,0x1F,0x00,0xFC,
  0x00,0xF8,0x01,0xFE,0x3E,0x00,0xF8,0x00,0x7F,0xFF,0x03,0xE1,
  0xF3,0xF0,0x0F,0xF9,0xFF,0x07,0xFF,0xE0,0x3F,0x00,0x07,0xFC,
  0x00,0x00,0x00,0x00,0x00,0x00,0x00,0x00,0x7C,0x0F,0xC7,0xCF,
  0xC0,0x1F,0x00,0xFC,0x00,0xF8,0x00,0xFF,0x3F,0x00,0xF8,0x00,
  0xFF,0xFF,0x03,0xE1,0xF3,0xF0,0x0F,0xF1,0xFE,0x0F,0xFF,0xE0,
  0x3F,0x00,0x01,0xFC,0x00,0x00,0x00,0x00,0x00,0x00,0x00,0x00,
  0x7C,0x07,0xC7,0xC7,0xE0,0x1F,0x00,0xFC,0x00,0xF8,0x00,0x7F,
  0x3F,0x00,0xF8,0x00,0xFF,0xFF,0x03,0xE1,0xF1,0xF8,0x07,0xF0,
  0xFE,0x0F,0xFF,0xF0,0x3F,0x00,0x00,0xFE,0x00,0x00,0x00,0x00,
  0x00,0x00,0x00,0x00,0x7C,0x07,0xC7,0xC3,0xF0,0x1F,0x00,0xFC,
  0x00,0xF8,0x00,0x3F,0x3F,0x00,0xF8,0x00,0xE0,0x1F,0x83,0xE1,
  0xF0,0xFC,0x07,0xF0,0xFE,0x0E,0x01,0xF0,0x3F,0x00,0x00,0x7E,
  0x00,0x00,0x00,0x00,0x00,0x00,0x00,0x00,0x7C,0x0F,0xC7,0xC3,
  0xF0,0x1F,0x00,0xFC,0x00,0xF8,0x80,0x3F,0x3F,0x00,0xF8,0x01,
  0xE0,0x0F,0x83,0xE1,0xF0,0xFE,0x07,0xE0,0xFC,0x1E,0x01,0xF8,
  0x3F,0x01,0x00,0x7E,0x00,0x00,0x00,0x00,0x00,0x00,0x00,0x00,
  0x7C,0x0F,0xC7,0xC1,0xF8,0x1F,0x00,0xFC,0x00,0xF8,0xC0,0x3F,
  0x3F,0x00,0xF8,0x01,0xE0,0x0F,0x83,0xE1,0xF0,0x7E,0x07,0xE0,
  0x7C,0x1C,0x00,0xF8,0x3F,0x01,0x80,0x7E,0x00,0x00,0x00,0x00,
  0x00,0x00,0x00,0x00,0x7C,0x1F,0x87,0xC1,0xFC,0x1F,0x00,0xFC,
  0x01,0xF8,0xE0,0x3E,0x3E,0x00,0xF8,0x01,0xC0,0x0F,0xC3,0xE1,
  0xF0,0x3F,0x03,0xE0,0x7C,0x3C,0x00,0xF8,0x3F,0x01,0xC0,0x7C,
  0x00,0x00,0x00,0x00,0x00,0x00,0x00,0x00,0x7F,0xFF,0x87,0xC0,
  0xFC,0x1F,0x00,0x7C,0x01,0xF8,0xF8,0xFE,0x3F,0x00,0xF8,0x03,
  0xC0,0x07,0xC3,0xE1,0xF0,0x3F,0x83,0xC0,0x78,0x3C,0x00,0xFC,
  0x3E,0x01,0xE0,0xFC,0x00,0x00,0x00,0x00,0x00,0x00,0x00,0x00,
  0x7F,0xFE,0x07,0xC0,0x7E,0x1F,0x00,0xFC,0x01,0xF8,0xFF,0xFC,
  0x3F,0x00,0xF8,0x03,0xC0,0x07,0xE3,0xE1,0xF0,0x1F,0xC3,0xC0,
  0x38,0x38,0x00,0x7C,0x3F,0x01,0xFF,0xF8,0x00,0x00,0x00,0x00,
  0x00,0x00,0x00,0x00,0xFF,0xFC,0x07,0xC0,0x3F,0x3F,0x00,0xFC,
  0x01,0xF8,0xFF,0xF0,0x3F,0x01,0xF8,0x07,0xC0,0x07,0xE7,0xE1,
  0xF0,0x0F,0xE1,0xC0,0x38,0x78,0x00,0x7E,0x3F,0x01,0xFF,0xF0,
  0x00,0x00,0x00,0x00,0x00,0x00,0x00,0x00,0x00,0x00,0x00,0x00,
  0x00,0x00,0x00,0x00,0x00,0x00,0x1F,0xC0,0x20,0x00,0x00,0x00,
  0x00,0x00,0x20,0x20,0x00,0x03,0xE0,0x80,0x30,0x78,0x00,0x7E,
  0x3F,0x00,0x7F,0xC0,0x00,0x00,0x00,0x00,0x00,0x00,0x00,0x00,
};
static const uint8_t logo_cal[] PROGMEM = {
  0x00,0x00,0x00,0x00,0x00,0x00,0x00,0x00,0x00,0x00,0x00,0x00,
  0x00,0x00,0x00,0x00,0xC0,0x00,0x00,0x00,0x80,0xE0,0x00,0x00,
  0x00,0x00,0x00,0x00,0x00,0x00,0x00,0x00,0x00,0x00,0x00,0x00,
  0x00,0x00,0x00,0x00,0x00,0x00,0x00,0x00,0x00,0x00,0x00,0x00,
  0x00,0x00,0x00,0x00,0x00,0x01,0xE0,0x00,0x00,0x01,0xE0,0xF0,
  0x00,0x00,0x00,0x00,0x00,0x00,0x00,0x01,0xC0,0x00,0x00,0x00,
  0x00,0x00,0x00,0x00,0x00,0x00,0x00,0x00,0x00,0x00,0x00,0x00,
  0x00,0x00,0x00,0x00,0x00,0x00,0x00,0x00,0xF0,0x00,0x00,0x01,
  0xE1,0xE0,0x00,0x00,0x0E,0x00,0x00,0x00,0x00,0x01,0xE0,0x00,
  0x00,0x00,0x00,0x00,0x00,0x00,0x00,0x00,0x00,0x00,0x00,0x00,
  0x00,0x00,0x00,0x00,0x00,0x00,0x00,0x00,0x00,0x00,0xF0,0x00,
  0x00,0x01,0xE3,0xFC,0x00,0x00,0x0F,0x02,0x00,0x00,0x00,0x01,
  0xE0,0x00,0x00,0x00,0x00,0x00,0x00,0x00,0x00,0x00,0x00,0x00,
  0x00,0x00,0x00,0x00,0x00,0x00,0x00,0x00,0x00,0x00,0x00,0x00,
  0xF0,0x00,0x00,0x00,0xFF,0xFC,0x00,0x00,0x0F,0x87,0x80,0x00,
  0x01,0x81,0xE3,0xE0,0x00,0x00,0x00,0x00,0x00,0x00,0x00,0x00,
  0x00,0x00,0x00,0x00,0x00,0x00,0x00,0x00,0x00,0x00,0x00,0x00,
  0x00,0x00,0xF0,0xE0,0x00,0x07,0xFF,0xF8,0x00,0x00,0x0E,0x03,
  0xC0,0x00,0x01,0xC3,0xFF,0xF0,0x00,0x00,0x00,0x00,0x00,0x00,
  0x00,0x00,0x00,0x00,0x00,0x00,0x00,0x00,0x00,0x00,0x00,0x00,
  0x00,0x00,0x00,0x00,0xFF,0xF0,0x00,0x0F,0xF6,0x00,0x00,0x00,
  0x00,0x03,0xC0,0x00,0x01,0xFF,0xFF,0xF0,0x00,0x00,0x00,0x00,
  0x00,0x00,0x00,0x00,0x00,0x00,0x00,0x00,0x00,0x00,0x00,0x00,
  0x00,0x00,0x00,0x00,0x00,0x27,0xFF,0xF8,0x00,0x07,0xE7,0xC0,
  0x00,0x00,0x63,0xC3,0xC0,0x00,0x03,0xF8,0xC7,0xF0,0x00,0x00,
  0x00,0x00,0x00,0x00,0x00,0x00,0x00,0x00,0x7F,0x80,0x00,0x00,
  0x00,0x00,0x00,0x00,0x00,0x00,0x00,0x7F,0xF9,0xF8,0x00,0x00,
  0xFF,0xC0,0x00,0x00,0x7F,0xE1,0x80,0x00,0x03,0xC4,0x0F,0x60,
  0x00,0x00,0x00,0x00,0x00,0x00,0x00,0x00,0x00,0x01,0xFF,0xF8,
  0x00,0x00,0x00,0x00,0x00,0x00,0x00,0x00,0x00,0x7F,0xE1,0xF8,
  0x00,0x01,0xFE,0xC0,0x00,0x00,0x79,0xE0,0x38,0x00,0x03,0xCF,
  0x08,0x00,0x00,0x00,0x00,0x00,0x00,0x00,0x00,0x00,0x00,0x0F,
  0xFF,0xFC,0x00,0x00,0x00,0x00,0x00,0x00,0x00,0x00,0x00,0x7C,
  0xF3,0xF0,0x00,0x06,0x3C,0xF0,0x00,0x00,0x71,0xDF,0xFC,0x00,
  0x03,0x9F,0x07,0x00,0x00,0x00,0x00,0x00,0x00,0x00,0x00,0x00,
  0x00,0x3F,0xFF,0xFE,0x00,0x00,0x00,0x00,0x00,0x00,0x00,0x00,
  0x00,0x78,0xF3,0xE0,0x00,0x07,0x3F,0xF8,0x00,0x00,0x7D,0xFF,
  0xFC,0x00,0x01,0xBE,0x1F,0x80,0x00,0x00,0x00,0x00,0x00,0x00,
  0x00,0x00,0x00,0x7F,0xFF,0xFF,0x00,0x00,0x00,0x00,0x00,0x00,
  0x00,0x00,0x00,0x78,0xE7,0xC0,0x00,0x07,0xFF,0xFC,0x00,0x00,
  0x7F,0xD8,0x00,0x00,0x00,0x3C,0x0F,0xC0,0x00,0x00,0x00,0x00,
  0x00,0x00,0x00,0x00,0x00,0x7F,0xFF,0xFF,0x00,0x00,0x00,0x00,
  0x00,0x00,0x00,0x00,0x00,0x7C,0xFF,0xE0,0x00,0x1F,0xFD,0xF0,
  0x00,0x00,0x6F,0xC5,0xC0,0x00,0x00,0x78,0x03,0xE0,0x00,0x00,
  0x00,0x00,0x00,0x00,0x00,0x00,0x00,0xFF,0xFF,0xFF,0x00,0x00,
  0x00,0x00,0x00,0x00,0x00,0x00,0x00,0x7C,0xFF,0xE0,0x00,0x1F,
  0x9D,0xC0,0x00,0x00,0x6F,0xFF,0xE0,0x00,0x00,0xF0,0x01,0xC0,
  0x00,0x00,0x00,0x00,0x00,0x00,0x00,0x00,0x00,0xFF,0xFF,0xFF,
  0x00,0x00,0x00,0x00,0x00,0x00,0x00,0x00,0x00,0x3F,0xFF,0xE0,
  0x00,0x07,0x9F,0xFF,0x00,0x00,0xFF,0xFF,0xE0,0x00,0x00,0xE0,
  0x39,0x80,0x00,0x00,0x00,0x00,0x00,0x00,0x00,0x00,0x00,0xFF,
  0xFF,0xFF,0x00,0x00,0x00,0x00,0x00,0x00,0x00,0x00,0x00,0x3F,
  0xFF,0xC0,0x00,0x03,0xFF,0xFF,0x80,0x0F,0xFB,0xFE,0xC0,0x00,
  0x01,0xCF,0xFC,0x00,0x00,0x00,0x00,0x00,0x00,0x00,0x00,0x00,
  0x00,0xFF,0xFF,0xFF,0x00,0x00,0x00,0x00,0x00,0x00,0x00,0x00,
  0x00,0x1F,0xF0,0x00,0x00,0xFF,0xFF,0xFF,0x00,0x0F,0xF3,0xCF,
  0xC0,0x00,0x03,0x9F,0xFC,0x00,0x00,0x00,0x00,0x00,0x00,0x00,
  0x00,0x00,0x01,0xFF,0xFF,0xFF,0x00,0x00,0x00,0x00,0x00,0x00,
  0x00,0x00,0x00,0x0F,0xE0,0x00,0x00,0xFF,0xFC,0x00,0x00,0x07,
  0xF9,0xCD,0xC0,0x00,0x02,0x0F,0xF0,0x00,0x00,0x00,0x00,0x00,
  0x00,0x00,0x00,0x00,0x01,0xFF,0xFF,0xFF,0xFF,0x00,0x00,0x00,
  0x00,0x00,0x00,0x00,0x00,0x00,0xE0,0x00,0x00,0x7C,0x1C,0x80,
  0x00,0x00,0xFF,0xDD,0xC3,0x00,0x00,0x03,0xC0,0x00,0x00,0x00,
  0x00,0x00,0x00,0x00,0x00,0x00,0x01,0xFF,0xFF,0xFF,0xFF,0xF0,
  0x00,0x00,0x00,0x00,0x00,0x00,0x00,0x00,0xE0,0x00,0x00,0x21,
  0xFF,0xF0,0x00,0x00,0xCB,0xDD,0xC3,0x00,0x00,0x03,0xC0,0x00,
  0x00,0x00,0x00,0x00,0x00,0x00,0x00,0x00,0x03,0xFF,0xFF,0xFF,
  0xFF,0xFC,0x00,0x00,0x00,0x00,0x00,0x00,0x00,0x00,0xE0,0x00,
  0x00,0x07,0xFF,0xF0,0x00,0x00,0xC3,0x99,0xC3,0x00,0x00,0x03,
  0xC0,0x00,0x00,0x00,0x00,0x00,0x00,0x00,0x00,0x0F,0x87,0xFF,
  0xFF,0xFF,0xFF,0xFF,0x00,0x00,0x00,0x00,0x00,0x00,0x00,0x00,
  0xE0,0x00,0x00,0x07,0xFE,0x60,0x00,0x00,0xC3,0xF9,0xC7,0x80,
  0x00,0x03,0xC0,0x00,0x00,0x00,0x00,0x00,0x00,0x00,0x00,0x3F,
  0xFF,0xFF,0xFF,0xFF,0xFF,0xFF,0x80,0x00,0x00,0x00,0x00,0x00,
  0x00,0x00,0xE0,0x00,0x00,0x00,0x1C,0x00,0x00,0x01,0x8F,0xF1,
  0xFF,0x80,0x00,0x03,0xFF,0x80,0x00,0x00,0x00,0x00,0x00,0x00,
  0x00,0xFF,0xFF,0xFF,0xFF,0xFF,0xFF,0xFF,0xC0,0x00,0x00,0x00,
  0x00,0x00,0x00,0x00,0xE0,0x00,0x00,0x00,0x1C,0x00,0x00,0x01,
  0x8F,0xA1,0xFF,0x80,0x00,0x7F,0xFF,0xC0,0x00,0x00,0x00,0x00,
  0x00,0x00,0x00,0xFF,0xFF,0xFF,0xFF,0xFF,0xFF,0xFF,0xC0,0x00,
  0x00,0x00,0x00,0x00,0x00,0x00,0xE0,0x00,0x00,0x00,0x1C,0x00,
  0x00,0x01,0x07,0x80,0xFF,0x80,0x00,0x7F,0xFF,0xC0,0x00,0x00,
  0x00,0x00,0x00,0x00,0x01,0xFF,0xFF,0xFF,0xFF,0xFF,0xFF,0xFF,
  0xC0,0x00,0x00,0x00,0x00,0x00,0x00,0x00,0xC0,0x00,0x00,0x00,
  0x1C,0x00,0x00,0x00,0x03,0x00,0x7F,0x00,0x00,0x7F,0xFF,0x80,
  0x00,0x00,0x00,0x00,0x00,0x00,0x01,0xFF,0xFF,0xFF,0xFF,0xFF,
  0xFF,0xFF,0xC0,0x00,0x00,0x00,0x00,0x00,0x00,0x00,0xC0,0x00,
  0x00,0x00,0x18,0x00,0x00,0x00,0x00,0x00,0x00,0x00,0x00,0x00,
  0x00,0x00,0x00,0x00,0x00,0x00,0x00,0x00,0x03,0xFF,0xFF,0xFF,
  0xFF,0xFF,0xFF,0xFF,0xC0,0x00,0x00,0x00,0x00,0x00,0x00,0x00,
  0x00,0x00,0x00,0x00,0x18,0x00,0x00,0x00,0x00,0x00,0x00,0x00,
  0x00,0x00,0x00,0x00,0x00,0x00,0x00,0x00,0x00,0x00,0x03,0xFF,
  0xFF,0xFF,0xFF,0xFF,0xFF,0xFF,0xC0,0x00,0x00,0x00,0x00,0x00,
  0x00,0x00,0x00,0x00,0x00,0x00,0x00,0x00,0x00,0x00,0x00,0x00,
  0x00,0x00,0x00,0x00,0x00,0x00,0x00,0x00,0x00,0x00,0x00,0x00,
  0x07,0xFF,0xFF,0xFF,0xFF,0xFF,0xFF,0xFF,0xC0,0x00,0x00,0x00,
  0x00,0x00,0x00,0x00,0x00,0x00,0x00,0x00,0x00,0x00,0x00,0x00,
  0x00,0x00,0x00,0x00,0x00,0x00,0x00,0x00,0x00,0x00,0x00,0x00,
  0x00,0x00,0x07,0xFF,0xFF,0xFF,0xFF,0xFF,0xFF,0xFF,0x80,0x00,
  0x00,0x00,0x00,0x00,0x00,0x00,0x00,0x00,0x00,0x00,0x00,0x00,
  0x00,0x00,0x00,0x00,0x00,0x00,0x00,0x00,0x00,0x00,0x00,0x00,
  0x00,0x00,0x00,0x00,0x07,0xFF,0xFF,0xFF,0xFF,0xFF,0xFF,0xFF,
  0x80,0x00,0x00,0x00,0x00,0x00,0x00,0x00,0x00,0x00,0x00,0x00,
  0x00,0x00,0x00,0x00,0x00,0x00,0x00,0x00,0x00,0x00,0x00,0x00,
  0x00,0x00,0x00,0x00,0x00,0x00,0x03,0xFF,0xFF,0xFF,0xFF,0xFF,
  0xFF,0xFF,0x00,0x00,0x00,0x00,0x00,0x00,0x00,0x00,0x00,0x00,
  0x00,0x00,0x00,0x00,0x00,0x00,0x00,0x00,0x00,0x00,0x00,0x00,
  0x00,0x00,0x00,0x00,0x00,0x00,0x00,0x00,0x03,0xFF,0xFF,0xFF,
  0xFF,0xFF,0xFF,0xFE,0x00,0x3F,0xE0,0xF0,0x01,0xF0,0xF0,0xF0,
  0x00,0xE0,0x00,0xC0,0x00,0x00,0x06,0x00,0x0F,0x0F,0xFE,0x00,
  0xF8,0x01,0xF1,0xE0,0x01,0xC3,0xFF,0xF0,0x1F,0xE0,0x03,0xFF,
  0xFF,0xFF,0xFF,0xFF,0xFF,0xFC,0x01,0xFF,0xF9,0xF0,0x01,0xF1,
  0xF8,0xF8,0x00,0xF0,0x01,0xC0,0x00,0x00,0x0F,0x00,0x1F,0x0F,
  0xFF,0x80,0xF8,0x01,0xF1,0xF0,0x01,0xE3,0xFF,0xF0,0x7F,0xF8,
  0x01,0xFF,0xFF,0xFF,0xFF,0xFF,0xFF,0xF8,0x03,0xFF,0xF9,0xF0,
  0x01,0xF1,0xF0,0xFC,0x00,0xF0,0x03,0xE0,0x00,0x00,0x0F,0x00,
  0x1F,0x0F,0xFF,0xC0,0xF8,0x01,0xF0,0xF8,0x01,0xE3,0xFF,0xF0,
  0xFF,0xF8,0x01,0xFF,0xFF,0xFF,0xFF,0xFF,0xFF,0xF0,0x0F,0xE0,
  0x39,0xF0,0x01,0xF1,0xF0,0xFE,0x00,0xF0,0x03,0xE0,0x00,0x00,
  0x1F,0x80,0x1F,0x0F,0x87,0xE0,0xF8,0x01,0xF0,0xFC,0x01,0xE3,
  0xE0,0x01,0xF0,0x30,0x00,0xFF,0xFF,0xFF,0xFF,0xFF,0xFF,0xE0,
  0x0F,0xC0,0x09,0xF0,0x01,0xF1,0xF0,0xFF,0x00,0xF0,0x07,0xF0,
  0x00,0x00,0x1F,0x80,0x1F,0x0F,0x83,0xF0,0xF8,0x01,0xF0,0xFE,
  0x01,0xE3,0xE0,0x01,0xE0,0x00,0x00,0x7F,0xFF,0xFF,0xFF,0xFF,
  0xFF,0xC0,0x1F,0x80,0x01,0xF0,0x01,0xF1,0xF0,0xFF,0x80,0xF0,
  0x07,0xF0,0x00,0x00,0x3F,0xC0,0x1F,0x0F,0x81,0xF0,0xF8,0x01,
  0xF0,0xFF,0x01,0xE3,0xE0,0x03,0xE0,0x00,0x00,0x1F,0xFF,0xFF,
  0xFF,0xFF,0xFE,0x00,0x3F,0x00,0x01,0xF0,0x01,0xF1,0xF0,0xFF,
  0xC0,0xF0,0x0F,0xF8,0x00,0x00,0x3F,0xC0,0x1F,0x0F,0x81,0xF0,
  0xF8,0x01,0xF0,0xFF,0x81,0xE3,0xE0,0x03,0xE0,0x00,0x00,0x0F,
  0xFF,0xFF,0xFF,0xFF,0xFE,0x00,0x3F,0x00,0x01,0xF0,0x01,0xF1,
  0xF0,0xFF,0xE0,0xF0,0x0E,0xF8,0x00,0x00,0x77,0xE0,0x1F,0x0F,
  0x81,0xF0,0xF8,0x01,0xF0,0xFF,0xC1,0xE3,0xE0,0x03,0xF8,0x00,
  0x00,0x03,0xFF,0xFF,0xFF,0xFF,0xFF,0x00,0x3E,0x00,0x01,0xF0,
  0x01,0xF1,0xF0,0xF7,0xF0,0xF0,0x1E,0x7C,0x00,0x00,0x73,0xE0,
  0x1F,0x0F,0x03,0xF0,0xF8,0x01,0xF0,0xEF,0xE1,0xE3,0xE0,0x01,
  0xFE,0x00,0x1E,0x01,0xFF,0xFF,0xFF,0xFF,0xFF,0xC0,0x3E,0x00,
  0x01,0xFF,0xFF,0xF1,0xF0,0xF3,0xF0,0xF0,0x1C,0x7C,0x00,0x00,
  0xE3,0xF0,0x1F,0x0F,0x07,0xE0,0xF8,0x01,0xF0,0xE7,0xF1,0xE3,
  0xFF,0xE1,0xFF,0x80,0x3F,0x01,0xFF,0xFF,0xFF,0xFF,0xFF,0xE0,
  0x7E,0x00,0x01,0xFF,0xFF,0xF1,0xF0,0xF1,0xFC,0xF0,0x3C,0x3E,
  0x00,0x00,0xE1,0xF0,0x1F,0x0F,0xFF,0xC0,0xF8,0x01,0xF0,0xE3,
  0xF9,0xE3,0xFF,0xE0,0xFF,0xE0,0x7F,0x01,0xFF,0xFF,0xFF,0xFF,
  0xFF,0xE0,0x7E,0x00,0x01,0xFF,0xFF,0xF1,0xF0,0xF0,0xFC,0xF0,
  0x38,0x3E,0x00,0x01,0xE1,0xF8,0x1F,0x0F,0xFF,0x80,0xF8,0x01,
  0xF0,0xE1,0xFD,0xE3,0xFF,0xE0,0x3F,0xF0,0x7F,0x83,0xFF,0xFF,
  0xFF,0xFF,0xFF,0xF0,0x3E,0x00,0x01,0xF8,0x01,0xF1,0xF0,0xF0,
  0x7E,0xF0,0x78,0x1F,0x00,0x01,0xC0,0xF8,0x1F,0x0F,0xFE,0x00,
  0xF8,0x01,0xF0,0xE0,0xFD,0xE3,0xE0,0x00,0x0F,0xF8,0xFF,0x83,
  0xFF,0xFF,0xFF,0xFF,0xFF,0xF0,0x3E,0x00,0x01,0xF0,0x01,0xF1,
  0xF0,0xF0,0x3F,0xF0,0x7F,0xFF,0x00,0x03,0xFF,0xFC,0x1F,0x0F,
  0xBF,0x00,0xF8,0x01,0xF0,0xE0,0x7F,0xE3,0xE0,0x00,0x03,0xFC,
  0xFF,0x83,0xFF,0xFF,0xFF,0xFF,0xFF,0xE0,0x3E,0x00,0x01,0xF0,
  0x01,0xF1,0xF0,0xF0,0x1F,0xF0,0xFF,0xFF,0x80,0x03,0xFF,0xFC,
  0x1F,0x0F,0x9F,0x80,0xF8,0x01,0xF0,0xE0,0x3F,0xE3,0xE0,0x00,
  0x00,0xFC,0xFF,0x83,0xFF,0xFF,0xFF,0xFF,0xFF,0x80,0x3F,0x00,
  0x01,0xF0,0x01,0xF1,0xF0,0xF0,0x0F,0xF0,0xFF,0xFF,0x80,0x07,
  0xFF,0xFE,0x1F,0x0F,0x8F,0x80,0xF8,0x01,0xF0,0xE0,0x1F,0xE3,
  0xE0,0x00,0x00,0x7C,0xFF,0x80,0xFF,0xFF,0xFF,0xFF,0xFF,0x00,
  0x1F,0x80,0x01,0xF0,0x01,0xF1,0xF0,0xF0,0x0F,0xF1,0xE0,0x0F,
  0xC0,0x07,0x00,0x3E,0x1F,0x0F,0x8F,0xC0,0xF8,0x01,0xF0,0xE0,
  0x0F,0xE3,0xE0,0x00,0x00,0x7C,0xFF,0x80,0x7F,0xFF,0xFF,0xFF,
  0xFF,0x00,0x1F,0x80,0x01,0xF0,0x01,0xF1,0xF0,0xF0,0x07,0xF1,
  0xC0,0x07,0xC0,0x0F,0x00,0x3F,0x1F,0x0F,0x87,0xE0,0xF8,0x01,
  0xF0,0xE0,0x07,0xE3,0xE0,0x01,0x00,0x7C,0xFF,0x80,0xFF,0xFF,
  0xFF,0xFF,0xFE,0x00,0x0F,0xE0,0x19,0xF0,0x01,0xF1,0xF0,0xF0,
  0x03,0xF3,0xC0,0x07,0xE0,0x0E,0x00,0x1F,0x1F,0x0F,0x83,0xF0,
  0xF8,0x01,0xF0,0xE0,0x03,0xE3,0xE0,0x01,0xC0,0xF8,0xFF,0x80,
  0x7F,0xFF,0xFF,0xFF,0xFC,0x00,0x07,0xFF,0xF9,0xF0,0x01,0xF1,
  0xF0,0xF0,0x01,0xF3,0x80,0x03,0xE0,0x1E,0x00,0x1F,0x9F,0x0F,
  0x81,0xF8,0xFF,0xF9,0xF0,0xE0,0x01,0xE3,0xFF,0xF1,0xFF,0xF8,
  0xFF,0x80,0x7F,0xFF,0xFF,0xFF,0xF8,0x00,0x01,0xFF,0xF9,0xF0,
  0x01,0xF1,0xF8,0xF0,0x00,0xF7,0x80,0x03,0xF0,0x1C,0x00,0x1F,
  0x9F,0x0F,0x80,0xFC,0xFF,0xF9,0xF0,0xE0,0x01,0xE3,0xFF,0xF1,
  0xFF,0xF0,0xFF,0x80,0x3F,0xFF,0xFF,0xDF,0xC0,0x00,0x00,0x7F,
  0xE1,0xF0,0x01,0xF0,0xF0,0xF0,0x00,0x77,0x00,0x01,0xF0,0x3C,
  0x00,0x0F,0x9F,0x0F,0x00,0x7C,0xFF,0xF9,0xF0,0xE0,0x00,0xE3,
  0xFF,0xF0,0x7F,0xC0,0x7F,0x00,0x1F,0xFF,0xDF,0x80,0x00,0x00,
  0x00,0x00,0x00,0x00,0x00,0x00,0x00,0x00,0x00,0x00,0x00,0x00,
  0x00,0x00,0x00,0x00,0x00,0x00,0x00,0x00,0x00,0x00,0x00,0x00,
  0x00,0x00,0x00,0x00,0x00,0x00,0x7F,0x00,0x0F,0xFF,0x1F,0x80,
  0x00,0x00,0x00,0x00,0x00,0x00,0x00,0x00,0x00,0x00,0x00,0x00,
  0x00,0x00,0x00,0x00,0x00,0x00,0x00,0x00,0x00,0x00,0x00,0x00,
  0x00,0x00,0x00,0x00,0x00,0x00,0x00,0x00,0x3E,0x00,0x01,0xF8,
  0x0F,0x80,0x00,0x00,0x00,0x00,0x00,0x00,0x00,0x00,0x00,0x00,
  0x00,0x00,0x00,0x00,0x00,0x00,0x00,0x00,0x00,0x00,0x00,0x00,
  0x00,0x00,0x00,0x00,0x00,0x00,0x00,0x00,0x00,0x00,0x08,0x00,
  0x00,0x00,0x07,0x80,0x00,0x00,0x00,0x00,0x00,0x00,0x00,0x00,
  0x00,0x00,0x00,0x00,0x00,0x00,0x00,0x00,0x00,0x00,0x00,0x00,
  0x00,0x00,0x00,0x00,0x00,0x00,0x00,0x00,0x00,0x00,0x00,0x00,
};
static const uint8_t logo_cao[] PROGMEM = {
  0x00,0x00,0x00,0x00,0x00,0x00,0x00,0x00,0x00,0x00,0x00,0x00,
  0x00,0x00,0x00,0x00,0x00,0x00,0x00,0x00,0x00,0x00,0x00,0x00,
  0x00,0x00,0x00,0x00,0x00,0x00,0x00,0x00,0x00,0x00,0x00,0x00,
  0x00,0x00,0x30,0x00,0x00,0x00,0x00,0x00,0x00,0x00,0x00,0x00,
  0x00,0x00,0x00,0x00,0x00,0x00,0x00,0x00,0x00,0x00,0x00,0x00,
  0x00,0x00,0x00,0x00,0x00,0x00,0x00,0x00,0x00,0x00,0xF0,0x00,
  0x00,0x00,0x00,0x00,0x00,0x00,0x00,0x00,0x00,0x00,0x00,0x00,
  0x00,0x00,0x00,0x00,0x00,0x00,0x00,0x00,0x00,0x00,0x00,0x00,
  0x00,0x00,0x00,0x00,0x00,0x03,0xE0,0x00,0x00,0x00,0x00,0x00,
  0x00,0x00,0x00,0x00,0x00,0x00,0x00,0x00,0x00,0x00,0x00,0x00,
  0x00,0x00,0x00,0x00,0x00,0x00,0x00,0x00,0x00,0x00,0x00,0x00,
  0x00,0x3F,0xC0,0x00,0x00,0x00,0x00,0x00,0x00,0x00,0x00,0x00,
  0x00,0x00,0x00,0x00,0x00,0x00,0x00,0x00,0x00,0x00,0x00,0x00,
  0x00,0x00,0x00,0x00,0x00,0x00,0x00,0x00,0x3F,0xFF,0xC0,0x00,
  0x00,0x00,0x00,0x00,0x00,0x00,0x00,0x00,0x00,0x00,0x00,0x00,
  0x00,0x00,0x00,0x00,0x00,0x00,0x00,0x00,0x00,0x00,0x00,0x00,
  0x00,0x00,0x00,0x03,0xFF,0xFF,0x80,0x00,0x00,0x00,0x00,0x00,
  0x00,0x00,0x00,0x00,0x00,0x00,0x00,0x00,0x00,0x00,0x00,0x00,
  0x00,0x00,0x00,0x00,0x00,0x00,0x00,0x00,0x00,0x00,0x00,0x0F,
  0xFF,0xFF,0x00,0x00,0x00,0x00,0x00,0x00,0x00,0x00,0x00,0x00,
  0x00,0x00,0x00,0x00,0x00,0x00,0x00,0x00,0x00,0x00,0x00,0x00,
  0x00,0x00,0x00,0x00,0x00,0x00,0x00,0x3F,0xFF,0xFC,0x00,0x00,
  0x00,0x00,0x00,0x00,0x00,0x00,0x00,0x00,0x00,0x00,0x00,0x00,
  0x00,0x00,0x00,0x00,0x00,0x00,0x00,0x00,0x00,0x00,0x00,0x00,
  0x00,0x00,0x00,0xFF,0xFF,0xF8,0x00,0x00,0x00,0x00,0x00,0x00,
  0x00,0x00,0x00,0x00,0x00,0x00,0x00,0x00,0x00,0x00,0x00,0x00,
  0x00,0x00,0x00,0x00,0x00,0x00,0x00,0x00,0x00,0x00,0x01,0xFF,
  0xFF,0xE1,0x80,0x00,0x00,0x00,0x00,0x00,0x00,0x00,0x00,0x00,
  0x00,0x00,0x00,0x00,0x00,0x00,0x00,0x00,0x00,0x00,0x00,0x00,
  0x00,0x00,0x00,0x00,0x00,0x00,0x03,0xFF,0xFF,0x03,0x00,0x00,
  0xE0,0x00,0x00,0x00,0x00,0x00,0x00,0x00,0x00,0x00,0x00,0x03,
  0x0C,0x00,0x00,0x00,0x00,0x01,0x80,0x60,0x00,0x07,0x00,0x00,
  0x00,0x00,0x07,0xFF,0xC0,0x1F,0x00,0x00,0xF0,0x00,0xFF,0xFF,
  0xF0,0xFF,0xFF,0xF0,0xFF,0x3F,0xF0,0x07,0x9E,0x30,0x18,0x7F,
  0xF8,0x03,0xC0,0xF0,0x00,0x07,0x00,0x00,0x00,0x00,0x0F,0xFE,
  0x00,0xFF,0x00,0x00,0xF0,0x00,0xFF,0xFF,0xF0,0xFF,0xFF,0xF0,
  0xFF,0x3F,0xF0,0x0F,0x1E,0xF8,0x3C,0x7F,0xFC,0x03,0xC0,0x70,
  0x00,0x0F,0x80,0x00,0x00,0x00,0x1F,0xF8,0x3F,0xFE,0x00,0x00,
  0xE0,0x00,0xFF,0xFF,0xF0,0xFF,0xFF,0xF0,0xFF,0x3F,0xF0,0x1F,
  0x1F,0xF0,0x1E,0x7F,0xFC,0x0F,0xF7,0xFF,0x07,0xFF,0xFF,0x80,
  0x00,0x00,0x3F,0xF1,0xFF,0xFC,0x00,0x7F,0xFE,0x00,0xE0,0x00,
  0xF0,0xF0,0x00,0x70,0xE7,0x00,0x00,0x3F,0xFF,0xC0,0x0F,0x00,
  0x00,0x0F,0xF7,0xFF,0x07,0xFF,0xFF,0x80,0x00,0x00,0x3F,0xE3,
  0xFF,0xF8,0x00,0xFF,0xFF,0xF0,0xEF,0xFE,0x70,0xF7,0xFF,0x70,
  0xE7,0x00,0x00,0x7F,0xFE,0x1C,0x0E,0x00,0x00,0x0E,0x77,0xFF,
  0x07,0x00,0x07,0x80,0x00,0x02,0x7F,0xC7,0xFF,0xF0,0x00,0xFF,
  0xFF,0xF0,0xEF,0xFF,0x70,0xF7,0xFF,0x70,0xE7,0x00,0x00,0x3F,
  0x7E,0x1C,0x00,0x00,0x00,0x0F,0x30,0x00,0x07,0x10,0x67,0x80,
  0x00,0x7E,0x7F,0x9F,0xFF,0xE0,0x00,0xFF,0xFF,0xF0,0xEF,0xFE,
  0x70,0xF7,0xFF,0x70,0xEE,0x7F,0xF8,0x07,0x1F,0xFC,0x00,0xFF,
  0xFE,0x0F,0xF0,0x00,0x07,0x78,0xF3,0x80,0x01,0xFC,0xFF,0x1F,
  0xFF,0x00,0x00,0xE0,0xE0,0xF0,0xE0,0xE0,0x70,0xF0,0x70,0x70,
  0xEE,0xFF,0xFC,0x0F,0x0F,0xF8,0x7E,0xFF,0xFE,0x0E,0xF3,0xFC,
  0x00,0xF8,0xFC,0x00,0x03,0xF8,0xFF,0x3F,0xE0,0x00,0x00,0xE0,
  0xF0,0xF0,0xE7,0xFE,0x70,0xF7,0xFE,0x70,0xEE,0xFF,0xFC,0x06,
  0x03,0xE0,0x7E,0xFF,0xFE,0x0E,0x33,0xFC,0x03,0xF0,0x3E,0x00,
  0x03,0x00,0xFE,0x7F,0x80,0x00,0x00,0xE0,0xF0,0xF0,0xEF,0xFE,
  0x70,0xF7,0xFF,0x70,0xE6,0x07,0x80,0x0F,0xFF,0xF0,0x7E,0x1E,
  0x20,0x1F,0xF3,0xFC,0x07,0xC0,0x1F,0x80,0x7F,0x81,0xFE,0x7F,
  0x00,0x00,0x00,0xE0,0xE0,0xF0,0xEF,0xFE,0x70,0xF7,0xFF,0x70,
  0xE7,0x07,0x00,0x0F,0xFF,0xF0,0x0E,0x1C,0xF0,0x1F,0xF3,0x9C,
  0x07,0x80,0x0F,0x80,0x1F,0xC1,0xFC,0xFE,0x00,0x00,0x00,0xF0,
  0xF0,0xF0,0xE0,0xFC,0x70,0xF0,0xFE,0x70,0xE7,0x37,0x70,0x0F,
  0xFF,0xF0,0x0E,0x3C,0x70,0x1F,0xF3,0x9C,0x07,0xFF,0xFF,0x00,
  0x0F,0xC1,0xFC,0xFC,0x00,0x00,0x00,0xFF,0xFF,0xF0,0xE0,0xEE,
  0x70,0xF0,0x76,0x70,0xE7,0x77,0x70,0x0E,0x00,0xF0,0x0E,0x38,
  0x78,0x0E,0x33,0x9C,0x01,0xFF,0xFC,0x00,0x0F,0xC1,0xFD,0xFC,
  0x1F,0x80,0x00,0xFF,0xFF,0xF0,0xE0,0xE6,0x70,0xF0,0x77,0x70,
  0xE7,0x77,0x78,0x0E,0x38,0xF0,0x0E,0x7F,0xFC,0x0F,0xB3,0x9C,
  0x01,0xFF,0xFC,0x00,0x0F,0xC1,0xF9,0xF8,0x7F,0xE0,0x00,0xFF,
  0xFF,0xF0,0xEF,0xFF,0xF0,0xFF,0xFF,0x70,0xFF,0x77,0x38,0x0E,
  0x38,0xF0,0x0E,0xFF,0xFC,0x0F,0xF3,0x9C,0x00,0x07,0x00,0x00,
  0x0F,0xC3,0xF9,0xF8,0xFF,0xF0,0x00,0xE0,0xE0,0x60,0xEF,0xFF,
  0xF0,0xFF,0xFF,0xF0,0xFF,0xE7,0x38,0x0E,0x78,0xF0,0x0E,0x7F,
  0xFE,0x0E,0xF3,0x9D,0x80,0x07,0x00,0x00,0x0F,0xC3,0xF9,0xF9,
  0xFF,0xF0,0x00,0x00,0xF0,0x00,0xEF,0xFF,0x70,0xF7,0xFF,0x70,
  0xEC,0xE7,0x3C,0x0C,0x7F,0xE0,0x1E,0x00,0x1C,0x0E,0x37,0x1D,
  0x80,0x07,0x00,0x00,0x0F,0xC3,0xF9,0xF9,0xFF,0xF8,0x00,0x00,
  0xF0,0x00,0xE0,0x00,0xF0,0xF0,0x00,0x70,0xE1,0xE7,0x1C,0x01,
  0xFF,0xE0,0x3F,0x80,0x00,0x1C,0x77,0x1D,0x80,0x07,0x80,0x00,
  0x0F,0xC3,0xF9,0xF9,0xFF,0xF8,0x00,0x00,0xF0,0x00,0xFF,0xFF,
  0xF0,0xFF,0xFF,0xF0,0xE1,0xDF,0x1C,0x1F,0xE7,0xF8,0x7F,0xFF,
  0xFE,0x1C,0xFF,0x1F,0x87,0xFF,0xFF,0x80,0x0F,0xC3,0xF9,0xFB,
  0xF1,0xF8,0x00,0x00,0xF0,0x00,0xFF,0xFF,0xF0,0xFF,0xFF,0xF0,
  0xE0,0x1F,0x00,0x3F,0xC1,0xFC,0x79,0xFF,0xFE,0x3D,0xFE,0x1F,
  0x8F,0xFF,0xFF,0x80,0x0F,0xC3,0xF9,0xFB,0xF0,0xFC,0x00,0x00,
  0xF0,0x00,0xFF,0xFF,0xF0,0xFF,0xFF,0xF0,0xE0,0x1F,0x00,0x3E,
  0x00,0x38,0x30,0x7F,0xFE,0x18,0xF6,0x0F,0x07,0xFF,0xFF,0x80,
  0x0F,0xC3,0xF9,0xFB,0xF0,0xFC,0x00,0x00,0xA0,0x00,0x00,0x00,
  0x00,0x00,0x00,0x00,0x00,0x00,0x00,0x00,0x00,0x00,0x00,0x00,
  0x00,0x00,0x00,0x00,0x00,0x00,0x00,0x00,0x0F,0xC3,0xF9,0xFB,
  0xF3,0xF8,0x00,0x00,0x00,0x00,0x00,0x00,0x00,0x00,0x00,0x00,
  0x00,0x00,0x00,0x00,0x00,0x00,0x00,0x00,0x00,0x00,0x00,0x00,
  0x00,0x00,0x00,0x00,0x0F,0xC3,0xF9,0xFB,0xF3,0xF8,0x00,0x00,
  0x00,0x00,0x00,0x00,0x00,0x00,0x00,0x00,0x00,0x00,0x00,0x00,
  0x00,0x00,0x00,0x00,0x00,0x00,0x00,0x00,0x00,0x00,0x00,0x00,
  0x0F,0xC3,0xF9,0xFB,0xF3,0xF8,0x00,0x00,0x00,0x00,0x00,0x00,
  0x00,0x00,0x00,0x00,0x00,0x00,0x00,0x00,0x00,0x00,0x00,0x00,
  0x00,0x00,0x00,0x00,0x00,0x00,0x00,0x00,0x0F,0xC3,0xF9,0xFB,
  0xF1,0xF0,0x00,0x00,0x00,0x00,0x00,0x00,0x00,0x00,0x00,0x00,
  0x00,0x00,0x00,0x00,0x00,0x00,0x00,0x00,0x00,0x00,0x00,0x00,
  0x00,0x00,0x00,0x00,0x0F,0xC3,0xF9,0xFB,0xF0,0x00,0x00,0x00,
  0x00,0x00,0x00,0x00,0x00,0x00,0x00,0x00,0x00,0x00,0x00,0x00,
  0x00,0x00,0x00,0x00,0x00,0x00,0x00,0x00,0x00,0x00,0x00,0x00,
  0x0F,0xC3,0xF9,0xFB,0xF0,0x00,0x00,0x00,0x00,0x00,0x00,0x00,
  0x00,0x00,0x00,0x00,0x00,0x00,0x00,0x00,0x0F,0xE0,0x00,0x38,
  0x07,0xFF,0x00,0x01,0xF8,0x01,0xFC,0x00,0x0F,0xC3,0xF9,0xFB,
  0xF0,0x00,0x00,0x00,0x00,0x00,0x00,0x00,0x00,0x00,0x00,0x00,
  0x00,0x00,0x00,0x00,0x3F,0xE0,0x00,0x78,0x7F,0xFF,0xC0,0x07,
  0xFC,0x07,0xFF,0x00,0x0F,0xC3,0xF9,0xFB,0xF0,0x00,0x00,0xFF,
  0x9F,0x3F,0xF0,0x07,0xF8,0x78,0xE3,0xC7,0x0F,0x1F,0xF8,0x00,
  0xF8,0xF0,0x01,0xF8,0xFE,0x03,0xC0,0x1F,0x1C,0x1F,0x0F,0x80,
  0x0F,0xE7,0xF9,0xFB,0xF0,0x00,0x03,0xFF,0x9E,0x3F,0xF8,0x0F,
  0xFC,0x79,0xE3,0xCF,0x9E,0x3F,0xF0,0x03,0xE0,0xF0,0x03,0xF8,
  0xE7,0x01,0xC0,0x3C,0x3C,0x3C,0x07,0xC0,0x0F,0xFF,0xF9,0xFB,
  0xF0,0x00,0x03,0xFF,0x1E,0x7F,0xF8,0x1F,0xFC,0xF1,0xE7,0xCF,
  0x9E,0x7F,0xF0,0x07,0xC1,0xE0,0x03,0xB8,0x07,0x07,0x80,0xF0,
  0x38,0x78,0x03,0xC0,0x07,0xFF,0xF9,0xFB,0xE0,0x00,0x07,0xCF,
  0x3E,0x78,0xF0,0x1E,0x7C,0xF3,0xE7,0x8F,0x9E,0x78,0xF0,0x0F,
  0x03,0xC0,0x07,0x78,0x0E,0x1F,0x01,0xE0,0x20,0x70,0x01,0xE0,
  0x07,0xFF,0xF3,0xF3,0xE0,0x00,0x07,0x9F,0x3C,0x78,0xF0,0x1E,
  0x78,0xF3,0xC7,0x9F,0xBC,0x79,0xE0,0x1E,0x07,0x80,0x0E,0x70,
  0x0E,0x7C,0x03,0xC0,0x00,0xF0,0x01,0xE0,0x03,0xFF,0xF3,0xF3,
  0xE0,0x00,0x07,0x9E,0x3C,0x79,0xF0,0x3C,0x79,0xE3,0xCF,0x9F,
  0xBC,0xF1,0xE0,0x1C,0x1F,0x00,0x1C,0x70,0x1F,0xE0,0x03,0x80,
  0x08,0xE0,0x01,0xE0,0x03,0xFF,0xE7,0xF3,0xE0,0x00,0x0F,0x1E,
  0x7C,0xF1,0xE0,0x3C,0x71,0xFF,0xCF,0x1F,0xFC,0xF3,0xE0,0x3C,
  0x1C,0x00,0x38,0x70,0x3F,0x00,0x07,0x80,0x7C,0xE0,0x01,0xE0,
  0x01,0xFF,0xC7,0xF3,0xE0,0x00,0x0F,0xFE,0x78,0xFF,0xE0,0x3C,
  0x01,0xFF,0x8F,0x3F,0xF8,0xFF,0xC0,0x78,0x00,0x00,0x78,0x7C,
  0x3F,0x00,0x0F,0x01,0xFD,0xE0,0x01,0xE0,0x00,0x7F,0x0F,0xE7,
  0xC0,0x00,0x0F,0xFC,0x78,0xFF,0xC0,0x78,0x03,0xFF,0x9F,0x3F,
  0xF9,0xFF,0xC0,0x78,0x00,0x00,0xFF,0xFC,0x3F,0xC0,0x0E,0x07,
  0xFD,0xE0,0x01,0xE0,0x02,0x00,0x3F,0xE7,0xC0,0x00,0x1F,0xFC,
  0xF9,0xFF,0xC0,0x78,0x03,0xCF,0x9E,0x3F,0xF9,0xFF,0xC0,0x70,
  0x00,0x07,0xFF,0xF0,0x73,0xF0,0x1E,0x0F,0x39,0xE0,0x01,0xC0,
  0x03,0x80,0xFF,0xCF,0x80,0x00,0x1E,0x7C,0xF1,0xEF,0x00,0x79,
  0xE3,0xCF,0x1E,0x7B,0xF1,0xE7,0x80,0x70,0x00,0x07,0xE0,0x70,
  0x70,0xF8,0x1E,0x1C,0x79,0xE0,0x03,0xC0,0x01,0xFF,0xFF,0x8F,
  0x80,0x00,0x1E,0x78,0xF1,0xEF,0x00,0xF1,0xE7,0x8F,0x3E,0x7B,
  0xF3,0xC7,0x80,0x78,0x00,0xC1,0xC0,0xE0,0xE0,0x3E,0x1E,0x10,
  0xF8,0xE0,0x03,0x80,0x00,0xFF,0xFF,0x1F,0x00,0x00,0x3C,0x79,
  0xF3,0xCF,0x00,0xF1,0xE7,0x8F,0x3C,0x7B,0xF3,0xCF,0x80,0x78,
  0x03,0x83,0x80,0xE0,0xE0,0x1F,0x1E,0x03,0xF8,0xF0,0x07,0x00,
  0x00,0x3F,0xFE,0x3E,0x00,0x00,0x3C,0xF9,0xE3,0xCF,0x80,0xFF,
  0xC7,0x9E,0x3C,0xF3,0xE3,0xCF,0x00,0x7E,0x1F,0x03,0x00,0xE1,
  0xC0,0x0F,0x9F,0x0F,0x38,0x78,0x0E,0x00,0x00,0x1F,0xF8,0x7C,
  0x00,0x00,0x3C,0xF1,0xE3,0xC7,0x80,0xFF,0xCF,0x1E,0x7C,0xF3,
  0xE7,0x8F,0x00,0x3F,0xFC,0x06,0x00,0xE1,0xC0,0x03,0xCF,0xFE,
  0x70,0x3F,0x7C,0x00,0x00,0x00,0x01,0xF8,0x00,0x00,0x78,0xF1,
  0xE7,0x87,0x80,0xFF,0x8F,0x1E,0x78,0xF1,0xE7,0x8F,0x00,0x0F,
  0xF0,0x0E,0x00,0xE1,0x80,0x01,0x87,0xF0,0x30,0x1F,0xF0,0x00,
  0x00,0x00,0x07,0xE0,0x00,0x00,0x00,0x00,0x00,0x00,0x00,0x00,
  0x00,0x00,0x00,0x00,0x00,0x00,0x00,0x00,0x00,0x0C,0x00,0x00,
  0x00,0x00,0x00,0x00,0x00,0x00,0x00,0x00,0x00,0x01,0xFF,0x80,
  0x00,0x00,0x00,0x00,0x00,0x00,0x00,0x00,0x00,0x00,0x00,0x00,
  0x00,0x00,0x00,0x00,0x00,0x18,0x00,0x00,0x00,0x00,0x00,0x00,
  0x00,0x00,0x00,0x00,0x00,0x00,0x00,0x00,0x00,0x00,0x00,0x00,
  0x00,0x00,0x00,0x00,0x00,0x00,0x00,0x00,0x00,0x00,0x00,0x00,
  0x00,0x18,0x00,0x00,0x00,0x00,0x00,0x00,0x00,0x00,0x00,0x00,
};
static const uint8_t logo_cfg[] PROGMEM = {
  0x00,0x00,0x00,0x00,0x00,0x00,0x00,0x00,0x00,0x00,0x00,0x00,
  0x00,0x00,0x00,0x00,0x00,0x00,0x00,0x0F,0xFF,0x00,0x00,0x00,
  0x00,0x00,0x00,0x00,0x00,0x00,0x00,0x00,0x00,0x00,0x00,0x00,
  0xFF,0xC0,0x00,0x00,0x00,0x00,0x00,0x00,0x00,0x00,0x00,0x00,
  0x00,0x00,0x00,0x00,0x00,0x00,0x00,0x00,0x00,0x00,0x00,0x0F,
  0xFF,0x00,0x00,0x00,0x00,0x00,0x00,0x00,0x00,0x00,0x00,0x00,
  0x00,0x00,0x00,0x0F,0xFF,0xF8,0x00,0x00,0x00,0x00,0x00,0x00,
  0x00,0x00,0x00,0x00,0x00,0x00,0x00,0x00,0x00,0x00,0x00,0x00,
  0x00,0x00,0x00,0x0F,0xFF,0x00,0x00,0x00,0x00,0x00,0x00,0x00,
  0x00,0x00,0x00,0x00,0x00,0x00,0x00,0x7F,0xFF,0xFF,0x00,0x00,
  0x00,0x00,0x00,0x00,0x00,0x00,0x00,0x00,0x00,0x00,0x00,0x00,
  0x00,0x00,0x00,0x00,0x00,0x00,0x00,0x0F,0xFF,0x00,0x00,0x00,
  0x00,0x00,0x00,0x00,0x00,0x00,0x00,0x00,0x00,0x00,0x01,0xF8,
  0x00,0x0F,0xC0,0x00,0x00,0x00,0x00,0x00,0x00,0x00,0x00,0x00,
  0x00,0x00,0x00,0x00,0x00,0x00,0x00,0x00,0x00,0x00,0x00,0x0F,
  0xFF,0x00,0x00,0x00,0x00,0x00,0x00,0x00,0x00,0x00,0x00,0x00,
  0x00,0x00,0x03,0xE0,0x00,0x01,0xF0,0x00,0x00,0x00,0x00,0x00,
  0x00,0x00,0x00,0x00,0x00,0x00,0x00,0x00,0x00,0x00,0x00,0x00,
  0x00,0x00,0x00,0x0F,0xFF,0x00,0x00,0x00,0x00,0x00,0x00,0x00,
  0x00,0x00,0x00,0x00,0x00,0x00,0x0F,0x80,0x00,0x00,0x78,0x00,
  0x00,0x00,0x00,0x00,0x00,0x00,0x00,0x00,0x00,0x00,0x00,0x00,
  0x00,0x00,0x00,0x00,0x00,0x00,0x00,0x0F,0xFF,0x00,0x00,0x00,
  0x00,0x00,0x00,0x00,0x00,0x00,0x00,0x00,0x00,0x00,0x1E,0x00,
  0x00,0x00,0x1C,0x00,0x00,0x00,0x00,0x00,0x00,0x00,0x00,0x00,
  0x00,0x00,0x00,0x00,0x00,0x00,0x00,0x00,0x00,0x00,0x00,0x0F,
  0xFF,0x00,0x00,0x00,0x00,0x00,0x00,0x00,0x00,0x00,0x00,0x00,
  0x00,0x00,0x3C,0x00,0x00,0x00,0x0E,0x00,0x00,0x00,0x00,0x00,
  0x00,0x00,0x00,0x00,0x00,0x00,0x00,0x00,0x00,0x00,0x00,0x00,
  0x00,0x00,0x00,0x0F,0xFF,0x00,0x00,0x00,0x00,0x00,0x00,0x00,
  0x00,0x00,0x00,0x00,0x00,0x00,0x70,0x00,0x00,0x00,0x07,0x00,
  0x00,0x00,0x00,0x00,0x00,0x00,0x00,0x00,0x00,0x00,0x00,0x00,
  0x00,0x00,0x00,0x00,0x00,0x00,0x00,0x0F,0xFF,0x00,0x00,0x00,
  0x00,0x00,0x00,0x00,0x00,0x00,0x00,0x00,0x00,0x00,0xE0,0x00,
  0x00,0x00,0x03,0x80,0x00,0x00,0x00,0x00,0x00,0x00,0x00,0x00,
  0x00,0x00,0x00,0x00,0x00,0x00,0x00,0x00,0x00,0x00,0x00,0x0F,
  0xFF,0x00,0x00,0x00,0x00,0x00,0x00,0x00,0x00,0x00,0x00,0x00,
  0x00,0x01,0xC0,0x00,0x00,0x00,0x01,0xC0,0x00,0x00,0x00,0x00,
  0x00,0x00,0x00,0x00,0x00,0x00,0x00,0x00,0x00,0x00,0x00,0x00,
  0x00,0x00,0x00,0x0F,0xFF,0x00,0x00,0x00,0x00,0x00,0x00,0x00,
  0x00,0x00,0x00,0x00,0x00,0x03,0x80,0x00,0x00,0x00,0x00,0xE0,
  0x00,0x03,0xFF,0xE0,0x00,0x00,0x00,0x00,0x00,0x00,0x00,0x00,
  0x00,0x00,0x00,0x00,0x00,0x00,0x00,0x0F,0xFF,0x00,0x00,0x00,
  0x00,0x00,0x00,0x00,0x00,0x00,0x00,0x00,0x00,0x03,0x80,0x00,
  0x00,0x00,0x00,0x70,0x00,0x0F,0xFF,0xFC,0x00,0x00,0x00,0x07,
  0x80,0x00,0x00,0x00,0x00,0x03,0x80,0x00,0x00,0x00,0xF0,0x0F,
  0xFF,0x00,0x00,0x03,0xC0,0x00,0x00,0x00,0x00,0x00,0x00,0x00,
  0x00,0x07,0x00,0x00,0x00,0x00,0x00,0x30,0x00,0x3F,0xFF,0xFF,
  0x00,0x00,0x00,0xFF,0xF8,0x00,0x00,0x00,0x00,0x3F,0xFC,0x00,
  0x00,0x0F,0xFE,0x0F,0xFF,0x00,0x00,0x3F,0xFE,0x00,0x00,0x00,
  0x00,0x0F,0xF0,0x00,0x00,0x06,0x00,0x00,0x00,0x00,0x00,0x38,
  0x00,0xFF,0xFF,0xFF,0x80,0x00,0x03,0xFF,0xFF,0x00,0x01,0xFF,
  0xE0,0xFF,0xFF,0x00,0x00,0x3F,0xFF,0x8F,0xFF,0x00,0x00,0xFF,
  0xFF,0xC0,0x00,0x3F,0xFC,0x3F,0xF0,0x00,0x00,0x0E,0x00,0x00,
  0x00,0x00,0x00,0x18,0x01,0xFF,0xFF,0xFF,0xC0,0x00,0x0F,0xFF,
  0xFF,0xC0,0x01,0xFF,0xE3,0xFF,0xFF,0x80,0x00,0xFF,0xFF,0xCF,
  0xFF,0x00,0x03,0xFF,0xFF,0xF0,0x00,0x3F,0xFC,0x7F,0xF0,0x00,
  0x00,0x0C,0x00,0x00,0x00,0x00,0x00,0x1C,0x03,0xFF,0xFF,0xFF,
  0xF0,0x00,0x1F,0xFF,0xFF,0xE0,0x01,0xFF,0xE7,0xFF,0xFF,0xC0,
  0x01,0xFF,0xFF,0xEF,0xFF,0x00,0x07,0xFF,0xFF,0xF8,0x00,0x3F,
  0xFC,0xFF,0xF0,0x00,0x00,0x1C,0x00,0x00,0x00,0x00,0x00,0x0C,
  0x07,0xFF,0xFF,0xFF,0xF0,0x00,0x7F,0xFF,0xFF,0xF0,0x01,0xFF,
  0xEF,0xFF,0xFF,0xE0,0x03,0xFF,0xFF,0xFF,0xFF,0x00,0x1F,0xFF,
  0xFF,0xFC,0x00,0x3F,0xFD,0xFF,0xF0,0x00,0x00,0x18,0x00,0x00,
  0x00,0x00,0x00,0x0E,0x0F,0xFF,0xFF,0xFF,0xF8,0x00,0xFF,0xFF,
  0xFF,0xF8,0x01,0xFF,0xFF,0xFF,0xFF,0xE0,0x07,0xFF,0xFF,0xFF,
  0xFF,0x00,0x3F,0xFF,0xFF,0xFE,0x00,0x3F,0xFB,0xFF,0xF0,0x00,
  0x00,0x18,0xFF,0xF0,0x00,0x00,0x00,0x06,0x1F,0xFF,0xFF,0xFF,
  0xFC,0x00,0xFF,0xFF,0xFF,0xFC,0x01,0xFF,0xFF,0xFF,0xFF,0xF0,
  0x07,0xFF,0xFF,0xFF,0xFF,0x00,0x7F,0xFF,0xFF,0xFF,0x00,0x3F,
  0xFF,0xFF,0xF0,0x00,0x00,0x38,0x7F,0xF1,0xFF,0xFF,0xFF,0x86,
  0x1F,0xFF,0xFF,0xFF,0xFC,0x01,0xFF,0xFF,0xFF,0xFE,0x01,0xFF,
  0xFF,0xFF,0xFF,0xF0,0x0F,0xFF,0xFF,0xFF,0xFF,0x00,0x7F,0xFF,
  0xFF,0xFF,0x80,0x3F,0xFF,0xFF,0xF0,0x00,0x00,0x38,0x1F,0xF1,
  0xFF,0xFF,0xFF,0x06,0x3F,0xFF,0xC0,0xFF,0xFE,0x03,0xFF,0xFF,
  0xFF,0xFF,0x01,0xFF,0xFF,0xFF,0xFF,0xF0,0x0F,0xFF,0xFF,0xFF,
  0xFF,0x00,0xFF,0xFF,0xFF,0xFF,0xC0,0x3F,0xFF,0xFF,0xF0,0x00,
  0x00,0x30,0x0F,0xC1,0xFF,0xFF,0xFE,0x07,0x3F,0xFF,0x00,0x3F,
  0xFE,0x03,0xFF,0xF0,0x7F,0xFF,0x01,0xFF,0xFF,0xFF,0xFF,0xF0,
  0x1F,0xFF,0xE0,0xFF,0xFF,0x01,0xFF,0xFC,0x1F,0xFF,0xC0,0x3F,
  0xFF,0xFF,0xF0,0x00,0x00,0x30,0x03,0xE1,0xE0,0x00,0xFC,0x07,
  0x7F,0xFE,0x00,0x1F,0xFE,0x07,0xFF,0xE0,0x1F,0xFF,0x81,0xFF,
  0xFE,0x03,0xFF,0xF8,0x1F,0xFF,0x80,0x7F,0xFF,0x01,0xFF,0xF8,
  0x07,0xFF,0xE0,0x3F,0xFF,0xFF,0xF0,0x00,0x00,0x30,0x01,0xF9,
  0xE0,0x01,0xF0,0x03,0x7F,0xFE,0x00,0x1F,0xFE,0x07,0xFF,0xC0,
  0x0F,0xFF,0x81,0xFF,0xFC,0x01,0xFF,0xF8,0x1F,0xFF,0x00,0x3F,
  0xFF,0x01,0xFF,0xF0,0x03,0xFF,0xE0,0x3F,0xFF,0xE0,0x00,0x00,
  0x00,0x30,0x00,0x7E,0xF0,0x03,0xE0,0x03,0x7F,0xFC,0x00,0x1F,
  0xFF,0x0F,0xFF,0x80,0x07,0xFF,0xC1,0xFF,0xF8,0x00,0xFF,0xF8,
  0x3F,0xFE,0x00,0x1F,0xFF,0x03,0xFF,0xE0,0x01,0xFF,0xF0,0x3F,
  0xFF,0x80,0x00,0x00,0x00,0x30,0x00,0x3F,0x78,0x07,0xC0,0x03,
  0x7F,0xFC,0x00,0x0F,0xFE,0x0F,0xFF,0x80,0x07,0xFF,0xC1,0xFF,
  0xF8,0x00,0xFF,0xF8,0x3F,0xFE,0x00,0x1F,0xFF,0x03,0xFF,0xE0,
  0x01,0xFF,0xF0,0x3F,0xFF,0x00,0x00,0x00,0x00,0x30,0x00,0x0F,
  0xF8,0x0F,0x00,0x03,0xFF,0xFC,0x00,0x00,0x00,0x0F,0xFF,0x00,
  0x03,0xFF,0xC1,0xFF,0xF0,0x00,0xFF,0xF8,0x3F,0xFE,0x00,0x0F,
  0xFF,0x03,0xFF,0xC0,0x00,0xFF,0xF0,0x3F,0xFF,0x00,0x00,0x00,
  0x00,0x30,0x00,0x07,0xFC,0x1E,0x00,0x03,0xFF,0xF8,0x00,0x00,
  0x00,0x1F,0xFF,0x00,0x03,0xFF,0xC1,0xFF,0xF0,0x00,0xFF,0xF8,
  0x3F,0xFC,0x00,0x0F,0xFF,0x07,0xFF,0xC0,0x00,0xFF,0xF0,0x3F,
  0xFE,0x00,0x00,0x00,0x00,0x30,0x00,0x01,0xFE,0x3C,0x00,0x03,
  0xFF,0xF8,0x00,0x00,0x00,0x1F,0xFF,0x00,0x03,0xFF,0xC1,0xFF,
  0xF0,0x00,0x7F,0xF8,0x3F,0xFC,0x00,0x0F,0xFF,0x07,0xFF,0xC0,
  0x00,0xFF,0xF0,0x3F,0xFC,0x00,0x00,0x00,0x00,0x30,0x00,0x00,
  0xFF,0x18,0x00,0x07,0xFF,0xF8,0x00,0x00,0x00,0x1F,0xFF,0x00,
  0x03,0xFF,0xE1,0xFF,0xF0,0x00,0x7F,0xF8,0x3F,0xFC,0x00,0x0F,
  0xFF,0x07,0xFF,0x80,0x00,0xFF,0xF8,0x3F,0xFC,0x00,0x00,0x00,
  0x00,0x30,0x00,0x00,0x3F,0x80,0x00,0x07,0xFF,0xF8,0x00,0x00,
  0x00,0x1F,0xFE,0x00,0x03,0xFF,0xE1,0xFF,0xF0,0x00,0x7F,0xF8,
  0x3F,0xFC,0x00,0x0F,0xFF,0x07,0xFF,0x80,0x00,0xFF,0xF8,0x3F,
  0xFC,0x00,0x00,0x00,0x00,0x38,0x00,0x00,0x1F,0xC0,0x00,0x07,
  0xFF,0xF8,0x00,0x00,0x00,0x1F,0xFE,0x00,0x03,0xFF,0xE1,0xFF,
  0xF0,0x00,0x7F,0xF8,0x3F,0xFC,0x00,0x0F,0xFF,0x07,0xFF,0x80,
  0x00,0xFF,0xF8,0x3F,0xFC,0x00,0x00,0x00,0x00,0x38,0x00,0x00,
  0x07,0xF0,0x00,0x07,0xFF,0xF8,0x00,0x00,0x00,0x1F,0xFE,0x00,
  0x03,0xFF,0xE1,0xFF,0xF0,0x00,0x7F,0xF8,0x3F,0xFC,0x00,0x0F,
  0xFF,0x07,0xFF,0x80,0x00,0xFF,0xF8,0x3F,0xFC,0x00,0x00,0x00,
  0x00,0x38,0x00,0x00,0x03,0xF8,0x00,0x06,0xFF,0xF8,0x00,0x00,
  0x00,0x1F,0xFF,0x00,0x03,0xFF,0xE1,0xFF,0xF0,0x00,0x7F,0xF8,
  0x3F,0xFC,0x00,0x0F,0xFF,0x07,0xFF,0x80,0x00,0xFF,0xF8,0x3F,
  0xFC,0x00,0x00,0x00,0x00,0x18,0x00,0x00,0x00,0xFC,0x00,0x0E,
  0xFF,0xFC,0x00,0x00,0x00,0x1F,0xFF,0x00,0x03,0xFF,0xC1,0xFF,
  0xF0,0x00,0x7F,0xF8,0x3F,0xFC,0x00,0x0F,0xFF,0x07,0xFF,0xC0,
  0x00,0xFF,0xF0,0x3F,0xFC,0x00,0x00,0x00,0x00,0x1C,0x00,0x00,
  0x00,0x7E,0x00,0x0E,0xFF,0xFC,0x00,0x07,0xFF,0x0F,0xFF,0x00,
  0x03,0xFF,0xC1,0xFF,0xF0,0x00,0x7F,0xF8,0x3F,0xFC,0x00,0x0F,
  0xFF,0x03,0xFF,0xC0,0x00,0xFF,0xF0,0x3F,0xFC,0x00,0x00,0x00,
  0x00,0x1C,0x00,0x00,0x00,0x1F,0x80,0x0C,0xFF,0xFC,0x00,0x0F,
  0xFF,0x0F,0xFF,0x00,0x03,0xFF,0xC1,0xFF,0xF0,0x00,0x7F,0xF8,
  0x3F,0xFE,0x00,0x0F,0xFF,0x03,0xFF,0xC0,0x00,0xFF,0xF0,0x3F,
  0xFC,0x00,0x00,0x00,0x00,0x0E,0x00,0x00,0x00,0x07,0xC0,0x1C,
  0x7F,0xFC,0x00,0x0F,0xFF,0x0F,0xFF,0x00,0x07,0xFF,0xC1,0xFF,
  0xF0,0x00,0x7F,0xF8,0x3F,0xFE,0x00,0x0F,0xFF,0x03,0xFF,0xC0,
  0x01,0xFF,0xF0,0x3F,0xFC,0x00,0x00,0x00,0x00,0x0E,0x00,0x00,
  0x00,0x03,0xF0,0x1C,0x7F,0xFE,0x00,0x1F,0xFF,0x0F,0xFF,0x80,
  0x07,0xFF,0x81,0xFF,0xF0,0x00,0x7F,0xF8,0x3F,0xFE,0x00,0x1F,
  0xFF,0x03,0xFF,0xE0,0x01,0xFF,0xE0,0x3F,0xFC,0x00,0x00,0x00,
  0x00,0x07,0x00,0x00,0x00,0x00,0xF8,0x38,0x7F,0xFF,0x00,0x3F,
  0xFE,0x07,0xFF,0x80,0x0F,0xFF,0x81,0xFF,0xF0,0x00,0x7F,0xF8,
  0x1F,0xFF,0x00,0x1F,0xFF,0x01,0xFF,0xE0,0x03,0xFF,0xE0,0x3F,
  0xFC,0x00,0x00,0x00,0x00,0x07,0x00,0x00,0x00,0x00,0x78,0x78,
  0x3F,0xFF,0x80,0x7F,0xFE,0x07,0xFF,0xC0,0x1F,0xFF,0x01,0xFF,
  0xF0,0x00,0x7F,0xF8,0x1F,0xFF,0x80,0x3F,0xFF,0x01,0xFF,0xF0,
  0x07,0xFF,0xC0,0x3F,0xFC,0x00,0x00,0x00,0x00,0x03,0x80,0x00,
  0x00,0x00,0x18,0x70,0x3F,0xFF,0xE1,0xFF,0xFC,0x03,0xFF,0xF0,
  0x3F,0xFF,0x01,0xFF,0xF0,0x00,0x7F,0xF8,0x1F,0xFF,0xC0,0xFF,
  0xFF,0x00,0xFF,0xFC,0x0F,0xFF,0xC0,0x3F,0xFC,0x00,0x00,0x00,
  0x00,0x01,0xC0,0x00,0x00,0x00,0x08,0xE0,0x1F,0xFF,0xFF,0xFF,
  0xFC,0x01,0xFF,0xFF,0xFF,0xFE,0x01,0xFF,0xF0,0x00,0x7F,0xF8,
  0x0F,0xFF,0xFF,0xFF,0xFF,0x00,0x7F,0xFF,0xFF,0xFF,0x80,0x3F,
  0xFC,0x00,0x00,0x00,0x00,0x01,0xE0,0x00,0x00,0x00,0x01,0xE0,
  0x1F,0xFF,0xFF,0xFF,0xF8,0x01,0xFF,0xFF,0xFF,0xFE,0x01,0xFF,
  0xF0,0x00,0x7F,0xF8,0x0F,0xFF,0xFF,0xFF,0xFF,0x00,0x7F,0xFF,
  0xFF,0xFF,0x00,0x3F,0xFC,0x00,0x00,0x00,0x00,0x00,0xF0,0x00,
  0x00,0x00,0x03,0xC0,0x0F,0xFF,0xFF,0xFF,0xF8,0x00,0xFF,0xFF,
  0xFF,0xFC,0x01,0xFF,0xF0,0x00,0x7F,0xF8,0x07,0xFF,0xFF,0xFF,
  0xFF,0x00,0x3F,0xFF,0xFF,0xFF,0x00,0x3F,0xFC,0x00,0x00,0x00,
  0x00,0x00,0x78,0x00,0x00,0x00,0x07,0x80,0x07,0xFF,0xFF,0xFF,
  0xF0,0x00,0x7F,0xFF,0xFF,0xF8,0x01,0xFF,0xF0,0x00,0x7F,0xF8,
  0x07,0xFF,0xFF,0xFF,0xFF,0x00,0x1F,0xFF,0xFF,0xFE,0x00,0x3F,
  0xFC,0x00,0x00,0x00,0x00,0x00,0x3C,0x00,0x00,0x00,0x0F,0x00,
  0x03,0xFF,0xFF,0xFF,0xE0,0x00,0x3F,0xFF,0xFF,0xF0,0x01,0xFF,
  0xF0,0x00,0x7F,0xF8,0x03,0xFF,0xFF,0xFF,0xFF,0x00,0x0F,0xFF,
  0xFF,0xFC,0x00,0x3F,0xFC,0x00,0x00,0x00,0x00,0x00,0x1E,0x00,
  0x00,0x00,0x3E,0x00,0x01,0xFF,0xFF,0xFF,0xC0,0x00,0x1F,0xFF,
  0xFF,0xC0,0x01,0xFF,0xF0,0x00,0x7F,0xF8,0x01,0xFF,0xFF,0xFF,
  0xFF,0x00,0x07,0xFF,0xFF,0xF0,0x00,0x3F,0xFC,0x00,0x00,0x00,
  0x00,0x00,0x0F,0x80,0x00,0x00,0x7C,0x00,0x00,0xFF,0xFF,0xFF,
  0x80,0x00,0x07,0xFF,0xFF,0x80,0x01,0xFF,0xF0,0x00,0x7F,0xF8,
  0x00,0xFF,0xFF,0xEF,0xFF,0x00,0x01,0xFF,0xFF,0xE0,0x00,0x3F,
  0xFC,0x00,0x00,0x00,0x00,0x00,0x03,0xE0,0x00,0x03,0xF0,0x00,
  0x00,0x3F,0xFF,0xFE,0x00,0x00,0x01,0xFF,0xFE,0x00,0x01,0xFF,
  0xF0,0x00,0x7F,0xF8,0x00,0x7F,0xFF,0xCF,0xFF,0x00,0x00,0x7F,
  0xFF,0x80,0x00,0x3F,0xFC,0x00,0x00,0x00,0x00,0x00,0x01,0xFC,
  0x00,0x0F,0xE0,0x00,0x00,0x1F,0xFF,0xF8,0x00,0x00,0x00,0x7F,
  0xF0,0x00,0x01,0xFF,0xE0,0x00,0x7F,0xF8,0x00,0x1F,0xFF,0x8F,
  0xFF,0x00,0x00,0x1F,0xFC,0x00,0x00,0x3F,0xFC,0x00,0x00,0x00,
  0x00,0x00,0x00,0x7F,0xFF,0xFF,0x80,0x00,0x00,0x03,0xFF,0xC0,
  0x00,0x00,0x00,0x00,0x00,0x00,0x00,0x00,0x00,0x00,0x00,0x00,
  0x00,0x07,0xFC,0x00,0x00,0x00,0x00,0x00,0x00,0x00,0x00,0x00,
  0x00,0x00,0x00,0x00,0x00,0x00,0x00,0x0F,0xFF,0xFC,0x00,0x00,
  0x00,0x00,0x00,0x00,0x00,0x00,0x00,0x00,0x00,0x00,0x00,0x00,
  0x00,0x00,0x00,0x00,0x00,0x00,0x00,0x00,0x00,0x00,0x00,0x00,
  0x00,0x00,0x00,0x00,0x00,0x00,0x00,0x00,0x00,0x00,0x00,0x01,
  0xFF,0xC0,0x00,0x00,
};
static const uint8_t logo_cpa[] PROGMEM = {
  0x00,0x00,0x00,0x00,0x00,0x00,0x00,0x00,0x00,0x00,0x00,0x00,
  0x00,0x00,0x00,0x00,0x00,0x00,0x00,0x00,0x00,0x00,0x00,0x00,
  0x00,0x00,0x00,0x00,0x00,0x00,0x00,0x00,0x00,0x00,0x80,0x00,
  0x00,0x00,0x00,0x00,0x00,0x00,0x00,0x00,0x00,0x00,0x00,0x00,
  0x00,0x00,0x00,0x00,0x00,0x00,0x00,0x00,0x00,0x00,0x00,0x00,
  0x00,0x00,0x00,0x00,0x00,0x00,0x00,0x00,0x80,0x00,0x00,0x00,
  0x00,0x00,0x00,0x00,0x00,0x00,0x00,0x00,0x00,0x00,0x00,0x00,
  0x00,0x00,0x00,0x00,0x00,0x00,0x00,0x00,0x00,0x00,0x00,0x00,
  0x00,0x00,0x00,0x00,0x00,0x00,0xC0,0x00,0x00,0x00,0x00,0x00,
  0x00,0x00,0x00,0x00,0x00,0x00,0x00,0x00,0x00,0x00,0x00,0x00,
  0x00,0x00,0x00,0x00,0x00,0x00,0x00,0x00,0x00,0x00,0x00,0x00,
  0x00,0x00,0x00,0x00,0xC0,0x00,0x00,0x00,0x00,0x00,0x00,0x00,
  0x00,0x00,0x00,0x00,0x00,0x00,0x00,0x00,0x00,0x00,0x00,0x00,
  0x00,0x00,0x00,0x00,0x00,0x00,0x00,0x00,0x00,0x00,0x00,0x00,
  0x00,0x00,0xE0,0x00,0x00,0x00,0x00,0x00,0x00,0x00,0x00,0x00,
  0x00,0x00,0x00,0x00,0x00,0x00,0x00,0x00,0x00,0x00,0x00,0x00,
  0x00,0x00,0x00,0x00,0x00,0x00,0x00,0x00,0x00,0x00,0x00,0x00,
  0xE0,0x00,0x00,0x00,0x00,0x00,0x00,0x00,0x00,0x00,0x00,0x00,
  0x00,0x00,0x00,0x00,0x00,0x00,0x00,0x00,0x00,0x00,0x00,0x00,
  0x00,0x00,0x00,0x00,0x00,0x00,0x00,0x00,0x00,0x00,0xF0,0x00,
  0x00,0x00,0x00,0x00,0x00,0x00,0x00,0x00,0x00,0x00,0x00,0x00,
  0x00,0x00,0x00,0x00,0x00,0x00,0x00,0x00,0x00,0x00,0x00,0x00,
  0x00,0x00,0x00,0x00,0x00,0x00,0x00,0x00,0x78,0x00,0x00,0x00,
  0x00,0x00,0x00,0x00,0x00,0x00,0x00,0x00,0x00,0x00,0x00,0x00,
  0x00,0x00,0x00,0x00,0x00,0x00,0x00,0x00,0x00,0x00,0x00,0x00,
  0x00,0x00,0x00,0x00,0x00,0x00,0x78,0x00,0x00,0x00,0x00,0x00,
  0x00,0x00,0x00,0x00,0x00,0x00,0x00,0x00,0x00,0x00,0x00,0x00,
  0x00,0x00,0x00,0x00,0x00,0x00,0x00,0x00,0x00,0x00,0x00,0x00,
  0x00,0x00,0x00,0x00,0x7C,0x00,0x00,0x00,0x00,0x00,0x00,0x00,
  0x00,0x00,0x00,0x00,0x00,0x00,0x00,0x00,0x00,0x00,0x00,0x00,
  0x00,0x00,0x00,0x00,0x00,0x00,0x00,0x00,0x00,0x00,0x00,0x00,
  0x00,0x00,0x7C,0x00,0x00,0x00,0x00,0x00,0x00,0x00,0x00,0x00,
  0x00,0x00,0x00,0x00,0x00,0x00,0x00,0x00,0x00,0x00,0x00,0x00,
  0x00,0x00,0x00,0x00,0x00,0x00,0x00,0x00,0x00,0x00,0x00,0x00,
  0x7E,0x00,0x00,0x00,0x00,0x00,0x00,0x00,0x00,0x00,0x00,0x00,
  0x00,0x00,0x00,0x00,0x00,0x00,0x00,0x00,0x00,0x00,0x00,0x00,
  0x00,0x00,0x00,0x00,0x00,0x00,0x00,0x00,0x00,0x00,0x3F,0x00,
  0x00,0x00,0x00,0x00,0x00,0x00,0x00,0x00,0x00,0x00,0x00,0x00,
  0x00,0x00,0x00,0x00,0x00,0x00,0x00,0x00,0x00,0x00,0x00,0x00,
  0x00,0x00,0x00,0x00,0x00,0x00,0x00,0x00,0x3F,0x80,0x00,0x00,
  0x00,0x00,0x00,0x00,0x00,0x00,0x00,0x00,0x00,0x00,0x00,0x00,
  0x00,0x00,0x00,0x00,0x00,0x00,0x00,0x00,0x00,0x00,0x00,0x00,
  0x00,0x00,0x00,0x00,0x00,0x00,0x3F,0x80,0x00,0x00,0x00,0x00,
  0x00,0x00,0x00,0x00,0x00,0x00,0x00,0x00,0x00,0x00,0x00,0x00,
  0x00,0x00,0x00,0x00,0x00,0x00,0x00,0x00,0x00,0x00,0x00,0x00,
  0x00,0x00,0x00,0x00,0x3F,0xC0,0x00,0x00,0x00,0x00,0x00,0x00,
  0x00,0x00,0x00,0x00,0x00,0x00,0x00,0x00,0x00,0x00,0x00,0x00,
  0x00,0x00,0x00,0x00,0x00,0x00,0x00,0x00,0x00,0x00,0x00,0x00,
  0x00,0x00,0x1F,0xE0,0x00,0x00,0x00,0x00,0x00,0x00,0x00,0x00,
  0x00,0x00,0x00,0x00,0x00,0x00,0x00,0x00,0x00,0x00,0x00,0x00,
  0x00,0x00,0x00,0x00,0x00,0x00,0x00,0x00,0x00,0x00,0x00,0x00,
  0x1F,0xF0,0x00,0x00,0x00,0x00,0x00,0x00,0x00,0x00,0x00,0x00,
  0x00,0x00,0x00,0x00,0x00,0x00,0x00,0x00,0x00,0x00,0x00,0x00,
  0x00,0x00,0x00,0x00,0x00,0x00,0x00,0x00,0x00,0x00,0x1F,0xF8,
  0x00,0x00,0x00,0x00,0x00,0x00,0x00,0x00,0x00,0x00,0x00,0x00,
  0x00,0x00,0x00,0x00,0x00,0x00,0x00,0x00,0x00,0x00,0x00,0x00,
  0x00,0x00,0x00,0x00,0x00,0x00,0x00,0x00,0x0F,0xFC,0x00,0x00,
  0x00,0x00,0x00,0x00,0x00,0x00,0x00,0x00,0x00,0x00,0x00,0x00,
  0x00,0x00,0x00,0x00,0x00,0x00,0x00,0x00,0x00,0x00,0x00,0x00,
  0x00,0x00,0x00,0x00,0x00,0x00,0x0F,0xFE,0x00,0x00,0x00,0x00,
  0x00,0x00,0x00,0x00,0x00,0x00,0x00,0x00,0x00,0x00,0x00,0x00,
  0x00,0x00,0x00,0x00,0x00,0x00,0x00,0x00,0x00,0x00,0x00,0x00,
  0x00,0x00,0x00,0x00,0x0F,0xFF,0x00,0x00,0x00,0x00,0x00,0x00,
  0x00,0x00,0x00,0x00,0x00,0x00,0x00,0x00,0x00,0x00,0x00,0x00,
  0x00,0x00,0x00,0x00,0x00,0x00,0x00,0x00,0x00,0x00,0x00,0x00,
  0x00,0x00,0x07,0xFF,0x80,0x00,0x00,0x00,0x00,0x00,0x00,0x00,
  0x00,0x00,0x00,0x00,0x00,0x00,0x00,0x00,0x00,0x00,0x00,0x00,
  0x00,0x00,0x00,0x00,0x00,0x00,0x00,0x00,0x00,0x00,0x00,0x00,
  0x07,0xFF,0xC0,0x00,0x00,0x00,0x00,0x00,0x00,0x00,0x00,0x00,
  0x00,0x00,0x00,0x00,0x00,0x00,0x00,0x00,0x00,0x00,0x00,0x00,
  0x00,0x00,0x00,0x00,0x00,0x00,0x00,0x00,0x00,0x00,0x03,0xFF,
  0xE0,0x00,0x00,0x00,0x00,0x00,0x00,0x00,0x00,0x00,0x00,0x00,
  0x00,0x00,0x00,0x00,0x00,0x00,0x00,0x00,0x00,0x00,0x00,0x00,
  0x00,0x00,0x00,0x00,0x00,0x00,0x00,0x00,0x03,0xFF,0xF8,0x00,
  0x00,0x00,0x00,0x00,0x00,0x01,0xFF,0xF8,0x00,0x00,0x18,0x00,
  0x1F,0xFF,0xFF,0xFF,0xC7,0xFF,0x80,0x0F,0xFF,0x00,0x00,0x10,
  0x01,0xFF,0xF0,0x00,0x7F,0xC0,0x01,0xFF,0xFC,0x00,0x00,0x00,
  0x00,0x00,0x00,0x0F,0xFF,0xFF,0x00,0x00,0x18,0x00,0x1F,0xFF,
  0xFF,0xFF,0xC3,0xFE,0x00,0x07,0xFE,0x00,0x00,0x38,0x00,0xFF,
  0xE0,0x00,0x3F,0x80,0x01,0xFF,0xFF,0x00,0x00,0x00,0x00,0x00,
  0x00,0x3F,0xFF,0xFF,0x00,0x00,0x3C,0x00,0x1F,0xFF,0xFF,0xFF,
  0xC1,0xFC,0x00,0x03,0xFC,0x00,0x00,0x38,0x00,0x3F,0xE0,0x00,
  0x1F,0x00,0x00,0xFF,0xFF,0x80,0x00,0x00,0x00,0x00,0x00,0xFF,
  0xE0,0x7F,0x00,0x00,0x3C,0x00,0x1F,0x81,0xFC,0x0F,0xC1,0xFC,
  0x00,0x03,0xFC,0x00,0x00,0x7C,0x00,0x1F,0xE0,0x00,0x3E,0x00,
  0x00,0xFF,0xFF,0xE0,0x00,0x00,0x00,0x00,0x01,0xFF,0x00,0x1F,
  0x00,0x00,0x3E,0x00,0x1C,0x01,0xFC,0x03,0xC1,0xFC,0x00,0x03,
  0xFC,0x00,0x00,0x7C,0x00,0x1F,0xE0,0x00,0x3C,0x00,0x00,0x7F,
  0xFF,0xF8,0x00,0x00,0x00,0x00,0x03,0xFC,0x00,0x07,0x00,0x00,
  0x7E,0x00,0x18,0x01,0xFC,0x00,0xC1,0xFC,0x00,0x03,0xFC,0x00,
  0x00,0xFE,0x00,0x0F,0xF0,0x00,0x78,0x00,0x00,0x3F,0xFF,0xFE,
  0x00,0x00,0x00,0x00,0x07,0xF8,0x00,0x03,0x00,0x00,0x7F,0x00,
  0x00,0x01,0xFC,0x00,0x01,0xFC,0x00,0x03,0xFC,0x00,0x00,0xFE,
  0x00,0x07,0xF8,0x00,0xF8,0x00,0x00,0x3F,0xFF,0xFF,0xC0,0x00,
  0x00,0x00,0x0F,0xF0,0x00,0x01,0x00,0x00,0xFF,0x00,0x00,0x01,
  0xFC,0x00,0x01,0xFC,0x00,0x03,0xFC,0x00,0x01,0xFF,0x00,0x07,
  0xFC,0x01,0xF0,0x00,0x00,0x1F,0xFF,0xFF,0xF0,0x00,0x00,0x00,
  0x1F,0xE0,0x00,0x01,0x00,0x00,0xFF,0x80,0x00,0x01,0xFC,0x00,
  0x01,0xFC,0x00,0x03,0xFC,0x00,0x01,0xFF,0x00,0x03,0xFC,0x01,
  0xE0,0x00,0x00,0x0F,0xFF,0xFF,0xFF,0x00,0x00,0x00,0x1F,0xE0,
  0x00,0x00,0x00,0x01,0xFF,0x80,0x00,0x01,0xFC,0x00,0x01,0xFC,
  0x00,0x03,0xFC,0x00,0x03,0xFF,0x80,0x01,0xFE,0x03,0xC0,0x00,
  0x00,0x07,0xFF,0xFF,0xFF,0xF8,0x00,0x00,0x3F,0xC0,0x00,0x00,
  0x00,0x01,0xFF,0xC0,0x00,0x01,0xFC,0x00,0x01,0xFC,0x00,0x03,
  0xFC,0x00,0x03,0xFF,0x80,0x00,0xFF,0x07,0xC0,0x00,0x00,0x07,
  0xFF,0xFF,0xFF,0xFF,0xF0,0x00,0x3F,0x80,0x00,0x00,0x00,0x03,
  0xDF,0xC0,0x00,0x01,0xFC,0x00,0x01,0xFC,0x00,0x03,0xFC,0x00,
  0x07,0xFF,0xC0,0x00,0xFF,0x07,0x80,0x00,0x00,0x03,0xFF,0xFF,
  0xFF,0xFF,0xE0,0x00,0x7F,0x80,0x00,0x00,0x00,0x03,0xCF,0xE0,
  0x00,0x01,0xFC,0x00,0x01,0xFC,0x00,0x03,0xFC,0x00,0x07,0x9F,
  0xC0,0x00,0x7F,0x8F,0x00,0x00,0x00,0x01,0xFF,0xFF,0xFF,0xFF,
  0xC0,0x00,0x7F,0x80,0x00,0x00,0x00,0x07,0x8F,0xE0,0x00,0x01,
  0xFC,0x00,0x01,0xFC,0x00,0x03,0xFC,0x00,0x0F,0x9F,0xE0,0x00,
  0x3F,0xDF,0x00,0x00,0x00,0x00,0xFF,0xFF,0xFF,0xFF,0x00,0x00,
  0x7F,0x80,0x00,0x00,0x00,0x07,0x8F,0xF0,0x00,0x01,0xFC,0x00,
  0x01,0xFF,0xFF,0xFF,0xFC,0x00,0x0F,0x0F,0xE0,0x00,0x3F,0xFE,
  0x00,0x00,0x00,0x00,0x7F,0xFF,0xFF,0xFE,0x00,0x00,0x7F,0x00,
  0x00,0x00,0x00,0x0F,0x87,0xF0,0x00,0x01,0xFC,0x00,0x01,0xFF,
  0xFF,0xFF,0xFC,0x00,0x1F,0x0F,0xF0,0x00,0x1F,0xFC,0x00,0x00,
  0x00,0x00,0x1F,0xFF,0xFF,0xF8,0x00,0x00,0x7F,0x00,0x00,0x00,
  0x00,0x0F,0x07,0xF8,0x00,0x01,0xFC,0x00,0x01,0xFF,0xFF,0xFF,
  0xFC,0x00,0x1E,0x07,0xF0,0x00,0x0F,0xF8,0x00,0x00,0x00,0x00,
  0x0F,0xFF,0xFF,0xE0,0x00,0x00,0x7F,0x00,0x00,0x00,0x00,0x1F,
  0x03,0xF8,0x00,0x01,0xFC,0x00,0x01,0xFF,0xFF,0xFF,0xFC,0x00,
  0x3E,0x07,0xF8,0x00,0x0F,0xF8,0x00,0x00,0x00,0x00,0x03,0xFF,
  0xFF,0xC0,0x00,0x00,0x7F,0x00,0x00,0x00,0x00,0x1E,0x03,0xFC,
  0x00,0x01,0xFC,0x00,0x01,0xFC,0x00,0x03,0xFC,0x00,0x3C,0x03,
  0xF8,0x00,0x07,0xF0,0x00,0x00,0x00,0x00,0x01,0xFF,0xFF,0x00,
  0x00,0x00,0x7F,0x80,0x00,0x00,0x00,0x3E,0x01,0xFE,0x00,0x01,
  0xFC,0x00,0x01,0xFC,0x00,0x03,0xFC,0x00,0x7C,0x03,0xFC,0x00,
  0x07,0xF0,0x00,0x00,0x00,0x00,0x03,0xFF,0xF8,0x00,0x00,0x00,
  0x7F,0x80,0x00,0x00,0x00,0x3C,0x01,0xFE,0x00,0x01,0xFC,0x00,
  0x01,0xFC,0x00,0x03,0xFC,0x00,0x78,0x01,0xFC,0x00,0x07,0xF0,
  0x00,0x00,0x00,0x00,0x07,0xFF,0xE0,0x00,0x00,0x00,0x7F,0x80,
  0x00,0x00,0x00,0x7F,0xFF,0xFF,0x00,0x01,0xFC,0x00,0x01,0xFC,
  0x00,0x03,0xFC,0x00,0xFF,0xFF,0xFE,0x00,0x07,0xF0,0x00,0x00,
  0x00,0x00,0x1F,0xFF,0x80,0x00,0x00,0x00,0x7F,0x80,0x00,0x00,
  0x00,0x7F,0xFF,0xFF,0x00,0x01,0xFC,0x00,0x01,0xFC,0x00,0x03,
  0xFC,0x00,0xFF,0xFF,0xFE,0x00,0x07,0xF0,0x00,0x00,0x00,0x00,
  0x3F,0xFE,0x00,0x00,0x00,0x00,0x3F,0xC0,0x00,0x00,0x80,0xFF,
  0xFF,0xFF,0x80,0x01,0xFC,0x00,0x01,0xFC,0x00,0x03,0xFC,0x01,
  0xFF,0xFF,0xFF,0x00,0x07,0xF0,0x00,0x00,0x00,0x00,0xFF,0xF0,
  0x00,0x00,0x00,0x00,0x3F,0xE0,0x00,0x01,0x80,0xF0,0x00,0x7F,
  0x80,0x01,0xFC,0x00,0x01,0xFC,0x00,0x03,0xFC,0x01,0xE0,0x00,
  0xFF,0x00,0x07,0xF0,0x00,0x00,0x00,0x01,0xFF,0xC0,0x00,0x00,
  0x00,0x00,0x1F,0xE0,0x00,0x01,0x81,0xF0,0x00,0x3F,0xC0,0x01,
  0xFC,0x00,0x01,0xFC,0x00,0x03,0xFC,0x03,0xE0,0x00,0x7F,0x80,
  0x07,0xF0,0x00,0x00,0x00,0x07,0xFE,0x00,0x00,0x00,0x00,0x00,
  0x1F,0xF0,0x00,0x03,0x01,0xE0,0x00,0x3F,0xC0,0x01,0xFC,0x00,
  0x01,0xFC,0x00,0x03,0xFC,0x03,0xC0,0x00,0x7F,0x80,0x07,0xF0,
  0x00,0x00,0x00,0x0F,0xF8,0x00,0x00,0x00,0x00,0x00,0x0F,0xF8,
  0x00,0x0F,0x03,0xE0,0x00,0x1F,0xE0,0x01,0xFC,0x00,0x01,0xFC,
  0x00,0x03,0xFC,0x07,0xC0,0x00,0x3F,0xC0,0x07,0xF0,0x00,0x00,
  0x00,0x3F,0xC0,0x00,0x00,0x00,0x00,0x00,0x07,0xFE,0x00,0x1F,
  0x03,0xC0,0x00,0x1F,0xE0,0x01,0xFC,0x00,0x01,0xFC,0x00,0x03,
  0xFC,0x07,0x80,0x00,0x3F,0xC0,0x07,0xF0,0x00,0x00,0x00,0x7E,
  0x00,0x00,0x00,0x00,0x00,0x00,0x03,0xFF,0x80,0x7F,0x07,0xC0,
  0x00,0x1F,0xF0,0x01,0xFC,0x00,0x01,0xFC,0x00,0x03,0xFC,0x0F,
  0x80,0x00,0x1F,0xE0,0x07,0xF0,0x00,0x00,0x01,0xF8,0x00,0x00,
  0x00,0x00,0x00,0x00,0x00,0xFF,0xFF,0xFE,0x07,0x80,0x00,0x0F,
  0xF0,0x03,0xFC,0x00,0x01,0xFC,0x00,0x03,0xFC,0x0F,0x80,0x00,
  0x1F,0xF0,0x07,0xF8,0x00,0x00,0x07,0xC0,0x00,0x00,0x00,0x00,
  0x00,0x00,0x00,0x7F,0xFF,0xFE,0x0F,0x80,0x00,0x0F,0xF8,0x03,
  0xFE,0x00,0x03,0xFE,0x00,0x03,0xFC,0x1F,0x80,0x00,0x1F,0xF8,
  0x0F,0xF8,0x00,0x00,0x0E,0x00,0x00,0x00,0x00,0x00,0x00,0x00,
  0x00,0x1F,0xFF,0xF8,0x3F,0xC0,0x00,0x1F,0xFE,0x07,0xFF,0x00,
  0x07,0xFF,0x00,0x0F,0xFF,0x3F,0xC0,0x00,0x3F,0xFC,0x1F,0xFC,
  0x00,0x00,0x10,0x00,0x00,0x00,0x00,0x00,0x00,0x00,0x00,0x01,
  0xFF,0x80,0x3F,0xE0,0x00,0x3F,0xFE,0x0F,0xFF,0x00,0x0F,0xFF,
  0x80,0x0F,0xFF,0x7F,0xC0,0x00,0x3F,0xFE,0x3F,0xFE,0x00,0x00,
};
static const uint8_t logo_dal[] PROGMEM = {
  0x00,0x00,0x00,0x01,0x00,0x00,0x00,0x00,0x00,0x00,0x00,0x00,
  0x00,0x00,0x00,0x00,0x00,0x00,0x00,0x00,0x00,0x00,0x00,0x00,
  0x00,0x00,0x00,0x00,0x00,0x00,0x00,0x00,0x00,0x00,0x00,0x00,
  0x00,0x00,0x00,0x00,0x00,0x00,0x00,0x01,0x80,0x00,0x00,0x00,
  0x00,0x00,0x00,0x00,0x00,0x00,0x00,0x00,0x00,0x00,0x00,0x00,
  0x00,0x00,0x00,0x00,0x00,0x00,0x00,0x00,0x00,0x00,0x00,0x00,
  0x00,0x00,0x00,0x00,0x00,0x00,0x00,0x00,0x00,0x00,0x00,0x03,
  0xC0,0x00,0x00,0x00,0x00,0x00,0x00,0x00,0x00,0x00,0x00,0x00,
  0x00,0x00,0x00,0x00,0x00,0x00,0x00,0x00,0x00,0x00,0x00,0x00,
  0x00,0x00,0x00,0x00,0x00,0x00,0x00,0x00,0x00,0x00,0x00,0x00,
  0x00,0x00,0x00,0x07,0xC0,0x00,0x00,0x00,0x00,0x00,0x00,0x00,
  0x00,0x00,0x00,0x00,0x00,0x00,0x00,0x00,0x00,0x00,0x00,0x00,
  0x00,0x00,0x00,0x00,0x00,0x00,0x00,0x00,0x00,0x00,0x00,0x00,
  0x00,0x00,0x00,0x00,0x00,0x00,0x00,0x07,0xE0,0x00,0x00,0x00,
  0x00,0x00,0x00,0x00,0x00,0x00,0x00,0x00,0x00,0x00,0x00,0x00,
  0x00,0x00,0x00,0x00,0x00,0x00,0x00,0x00,0x00,0x00,0x00,0x00,
  0x00,0x00,0x00,0x00,0x00,0x00,0x00,0x00,0x00,0x00,0x00,0x0F,
  0xF0,0x00,0x00,0x00,0x00,0x00,0x00,0x00,0x00,0x00,0x00,0x00,
  0x00,0x00,0x00,0x00,0x00,0x00,0x00,0x00,0x00,0x00,0x00,0x00,
  0x00,0x00,0x00,0x00,0x00,0x00,0x00,0x00,0x00,0x00,0x00,0x00,
  0x00,0x00,0x00,0x1F,0xF0,0x00,0x00,0x00,0x00,0x00,0xFF,0xFF,
  0xFC,0x00,0x00,0x00,0x00,0x0F,0xFF,0xFF,0xFF,0xC0,0x00,0x01,
  0xFF,0x80,0x00,0x00,0x03,0xFF,0xFF,0xFF,0xFF,0xC0,0x00,0x00,
  0x0F,0xFE,0x00,0x00,0x00,0x00,0x00,0x1F,0xF8,0x00,0x00,0x00,
  0x00,0x00,0xFF,0xFF,0xFF,0xC0,0x00,0x00,0x00,0x1F,0xFF,0xFF,
  0xFF,0xC0,0x00,0x01,0xFF,0x80,0x00,0x00,0x03,0xFF,0xFF,0xFF,
  0xFF,0xC0,0x00,0x00,0x0F,0xFE,0x00,0x00,0x00,0x00,0x00,0x3F,
  0xFC,0x00,0x00,0x00,0x00,0x00,0xFF,0xFF,0xFF,0xF0,0x00,0x00,
  0x00,0x1F,0xFF,0xFF,0xFF,0xC0,0x00,0x01,0xFF,0x80,0x00,0x00,
  0x03,0xFF,0xFF,0xFF,0xFF,0xC0,0x00,0x00,0x1F,0xFF,0x00,0x00,
  0x00,0x00,0x00,0x7F,0xFC,0x00,0x00,0x00,0x00,0x00,0xFF,0xFF,
  0xFF,0xFC,0x00,0x00,0x00,0x1F,0xFF,0xFF,0xFF,0xC0,0x00,0x01,
  0xFF,0x80,0x00,0x00,0x03,0xFF,0xFF,0xFF,0xFF,0xC0,0x00,0x00,
  0x1F,0xFF,0x00,0x00,0x00,0x00,0x00,0x7F,0xFE,0x00,0x00,0x00,
  0x00,0x00,0xFF,0xFF,0xFF,0xFF,0x00,0x00,0x00,0x1F,0xFF,0xFF,
  0xFF,0xC0,0x00,0x01,0xFF,0x80,0x00,0x00,0x03,0xFF,0xFF,0xFF,
  0xFF,0xC0,0x00,0x00,0x3F,0xFF,0x80,0x00,0x00,0x00,0x00,0xFF,
  0xFF,0x00,0x00,0x00,0x00,0x00,0xFF,0xFF,0xFF,0xFF,0x80,0x00,
  0x00,0x1F,0xFF,0xFF,0xFF,0xC0,0x00,0x01,0xFF,0x80,0x00,0x00,
  0x03,0xFF,0xFF,0xFF,0xFF,0xC0,0x00,0x00,0x3F,0xFF,0x80,0x00,
  0x00,0x00,0x01,0xFF,0xFF,0x00,0x00,0x00,0x00,0x00,0xFF,0xFF,
  0xFF,0xFF,0xC0,0x00,0x00,0x1F,0xFF,0xFF,0xFF,0xC0,0x00,0x01,
  0xFF,0x80,0x00,0x00,0x03,0xFF,0xFF,0xFF,0xFF,0xC0,0x00,0x00,
  0x3F,0xFF,0x80,0x00,0x00,0x00,0x01,0xFF,0xFF,0x80,0x00,0x00,
  0x00,0x00,0xFF,0xFF,0xFF,0xFF,0xE0,0x00,0x00,0x1F,0xFF,0xFF,
  0xFF,0xC0,0x00,0x01,0xFF,0x80,0x00,0x00,0x03,0xFF,0xFF,0xFF,
  0xFF,0xC0,0x00,0x00,0x7F,0xFF,0xC0,0x00,0x00,0x00,0x03,0xFF,
  0xFF,0xC0,0x00,0x00,0x00,0x00,0xFF,0xFF,0xFF,0xFF,0xE0,0x00,
  0x00,0x1F,0xFF,0xFF,0xFF,0xC0,0x00,0x01,0xFF,0x80,0x00,0x00,
  0x03,0xFF,0xFF,0xFF,0xFF,0xC0,0x00,0x00,0x7F,0xFF,0xC0,0x00,
  0x00,0x00,0x07,0xFF,0xFF,0xC0,0x00,0x00,0x00,0x00,0xFF,0xC0,
  0x07,0xFF,0xF0,0x00,0x00,0x1F,0xFC,0x00,0x00,0x00,0x00,0x01,
  0xFF,0x80,0x00,0x00,0x00,0x00,0x1F,0xF8,0x00,0x00,0x00,0x00,
  0xFF,0xFF,0xE0,0x00,0x00,0x00,0x07,0xFF,0xFF,0xE0,0x00,0x00,
  0x00,0x00,0xFF,0xC0,0x01,0xFF,0xF8,0x00,0x00,0x1F,0xFC,0x00,
  0x00,0x00,0x00,0x01,0xFF,0x80,0x00,0x00,0x00,0x00,0x1F,0xF8,
  0x00,0x00,0x00,0x00,0xFF,0xFF,0xE0,0x00,0x00,0x00,0x0F,0xFF,
  0xFF,0xF0,0x00,0x00,0x00,0x00,0xFF,0xC0,0x00,0x7F,0xF8,0x00,
  0x00,0x1F,0xFC,0x00,0x00,0x00,0x00,0x01,0xFF,0x80,0x00,0x00,
  0x00,0x00,0x1F,0xF8,0x00,0x00,0x00,0x00,0xFF,0xFF,0xE0,0x00,
  0x00,0x00,0x1F,0xFF,0xFF,0xF0,0x00,0x00,0x00,0x00,0xFF,0xC0,
  0x00,0x3F,0xFC,0x00,0x00,0x1F,0xFC,0x00,0x00,0x00,0x00,0x01,
  0xFF,0x80,0x00,0x00,0x00,0x00,0x1F,0xF8,0x00,0x00,0x00,0x01,
  0xFF,0x3F,0xF0,0x00,0x00,0x00,0x1F,0xFF,0xFF,0xF8,0x00,0x00,
  0x00,0x00,0xFF,0xC0,0x00,0x3F,0xFC,0x00,0x00,0x1F,0xFC,0x00,
  0x00,0x00,0x00,0x01,0xFF,0x80,0x00,0x00,0x00,0x00,0x1F,0xF8,
  0x00,0x00,0x00,0x01,0xFF,0x3F,0xF0,0x00,0x00,0x00,0x3F,0xFF,
  0xFF,0xFC,0x00,0x00,0x00,0x00,0xFF,0xC0,0x00,0x1F,0xFC,0x00,
  0x00,0x1F,0xFC,0x00,0x00,0x00,0x00,0x01,0xFF,0x80,0x00,0x00,
  0x00,0x00,0x1F,0xF8,0x00,0x00,0x00,0x03,0xFF,0x1F,0xF8,0x00,
  0x00,0x00,0x7F,0xFF,0xFF,0xFC,0x00,0x00,0x00,0x00,0xFF,0xC0,
  0x00,0x1F,0xFC,0x00,0x00,0x1F,0xFC,0x00,0x00,0x00,0x00,0x01,
  0xFF,0x80,0x00,0x00,0x00,0x00,0x1F,0xF8,0x00,0x00,0x00,0x03,
  0xFE,0x1F,0xF8,0x00,0x00,0x00,0x7F,0xFF,0xFF,0xFE,0x00,0x00,
  0x00,0x00,0xFF,0xC0,0x00,0x0F,0xFE,0x00,0x00,0x1F,0xFC,0x00,
  0x00,0x00,0x00,0x01,0xFF,0x80,0x00,0x00,0x00,0x00,0x1F,0xF8,
  0x00,0x00,0x00,0x07,0xFE,0x1F,0xFC,0x00,0x00,0x00,0xFF,0xFF,
  0xFF,0xFF,0x00,0x00,0x00,0x00,0xFF,0xC0,0x00,0x0F,0xFE,0x00,
  0x00,0x1F,0xFF,0xFF,0xFE,0x00,0x00,0x01,0xFF,0x80,0x00,0x00,
  0x00,0x00,0x1F,0xF8,0x00,0x00,0x00,0x07,0xFE,0x0F,0xFC,0x00,
  0x00,0x01,0xFF,0xFF,0xFF,0xFF,0x00,0x00,0x00,0x00,0xFF,0xC0,
  0x00,0x0F,0xFE,0x00,0x00,0x1F,0xFF,0xFF,0xFC,0x00,0x00,0x01,
  0xFF,0x80,0x00,0x00,0x00,0x00,0x1F,0xF8,0x00,0x00,0x00,0x07,
  0xFC,0x0F,0xFC,0x00,0x00,0x01,0xFF,0xFF,0xFF,0xFF,0x80,0x00,
  0x00,0x00,0xFF,0xC0,0x00,0x0F,0xFE,0x00,0x00,0x1F,0xFF,0xFF,
  0xFC,0x00,0x00,0x01,0xFF,0x80,0x00,0x00,0x00,0x00,0x1F,0xF8,
  0x00,0x00,0x00,0x0F,0xFC,0x0F,0xFE,0x00,0x00,0x03,0xFF,0xFF,
  0xFF,0xFF,0xC0,0x00,0x00,0x00,0xFF,0xC0,0x00,0x0F,0xFE,0x00,
  0x00,0x1F,0xFF,0xFF,0xFC,0x00,0x00,0x01,0xFF,0x80,0x00,0x00,
  0x00,0x00,0x1F,0xF8,0x00,0x00,0x00,0x0F,0xF8,0x07,0xFE,0x00,
  0x00,0x07,0xFF,0xFF,0xFF,0xFF,0xC0,0x00,0x00,0x00,0xFF,0xC0,
  0x00,0x0F,0xFE,0x00,0x00,0x1F,0xFF,0xFF,0xFC,0x00,0x00,0x01,
  0xFF,0x80,0x00,0x00,0x00,0x00,0x1F,0xF8,0x00,0x00,0x00,0x1F,
  0xF8,0x07,0xFF,0x00,0x00,0x07,0xFF,0xFF,0xFF,0xFF,0xE0,0x00,
  0x00,0x00,0xFF,0xC0,0x00,0x0F,0xFE,0x00,0x00,0x1F,0xFF,0xFF,
  0xFC,0x00,0x00,0x01,0xFF,0x80,0x00,0x00,0x00,0x00,0x1F,0xF8,
  0x00,0x00,0x00,0x1F,0xF8,0x03,0xFF,0x00,0x00,0x0F,0xFF,0xFF,
  0xFF,0xFF,0xF0,0x00,0x00,0x00,0xFF,0xC0,0x00,0x0F,0xFE,0x00,
  0x00,0x1F,0xFF,0xFF,0xFE,0x00,0x00,0x01,0xFF,0x80,0x00,0x00,
  0x00,0x00,0x1F,0xF8,0x00,0x00,0x00,0x1F,0xF0,0x03,0xFF,0x00,
  0x00,0x0F,0xFF,0xFF,0xFF,0xFF,0xF0,0x00,0x00,0x00,0xFF,0xC0,
  0x00,0x0F,0xFE,0x00,0x00,0x1F,0xFF,0xFF,0xFC,0x00,0x00,0x01,
  0xFF,0x80,0x00,0x00,0x00,0x00,0x1F,0xF8,0x00,0x00,0x00,0x3F,
  0xF0,0x03,0xFF,0x80,0x00,0x1F,0xFF,0xFC,0x3F,0xFF,0xF8,0x00,
  0x00,0x00,0xFF,0xC0,0x00,0x0F,0xFE,0x00,0x00,0x1F,0xFC,0x00,
  0x00,0x00,0x00,0x01,0xFF,0x80,0x00,0x00,0x00,0x00,0x1F,0xF8,
  0x00,0x00,0x00,0x3F,0xFF,0xFF,0xFF,0x80,0x00,0x3F,0xFF,0xF0,
  0x0F,0xFF,0xF8,0x00,0x00,0x00,0xFF,0xC0,0x00,0x1F,0xFC,0x00,
  0x00,0x1F,0xFC,0x00,0x00,0x00,0x00,0x01,0xFF,0x80,0x00,0x00,
  0x00,0x00,0x1F,0xF8,0x00,0x00,0x00,0x7F,0xFF,0xFF,0xFF,0xC0,
  0x00,0x3F,0xFF,0xC0,0x03,0xFF,0xFC,0x00,0x00,0x00,0xFF,0xC0,
  0x00,0x1F,0xFC,0x00,0x00,0x1F,0xFC,0x00,0x00,0x00,0x00,0x01,
  0xFF,0x80,0x00,0x00,0x00,0x00,0x1F,0xF8,0x00,0x00,0x00,0x7F,
  0xFF,0xFF,0xFF,0xC0,0x00,0x7F,0xFF,0x00,0x00,0xFF,0xFE,0x00,
  0x00,0x00,0xFF,0xC0,0x00,0x3F,0xFC,0x00,0x00,0x1F,0xFC,0x00,
  0x00,0x00,0x00,0x01,0xFF,0x80,0x00,0x00,0x00,0x00,0x1F,0xF8,
  0x00,0x00,0x00,0x7F,0xFF,0xFF,0xFF,0xE0,0x00,0xFF,0xFC,0x00,
  0x00,0x3F,0xFE,0x00,0x00,0x00,0xFF,0xC0,0x00,0x7F,0xF8,0x00,
  0x00,0x1F,0xFC,0x00,0x00,0x00,0x00,0x01,0xFF,0x80,0x00,0x00,
  0x00,0x00,0x1F,0xF8,0x00,0x00,0x00,0xFF,0xFF,0xFF,0xFF,0xE0,
  0x00,0xFF,0xF0,0x03,0x80,0x0F,0xFF,0x00,0x00,0x00,0xFF,0xC0,
  0x00,0xFF,0xF8,0x00,0x00,0x0F,0xFC,0x00,0x00,0x00,0x00,0x01,
  0xFF,0x80,0x00,0x00,0x00,0x00,0x1F,0xF8,0x00,0x00,0x00,0xFF,
  0xFF,0xFF,0xFF,0xE0,0x01,0xFF,0xC0,0x0F,0xF0,0x03,0xFF,0x80,
  0x00,0x00,0xFF,0xC0,0x01,0xFF,0xF0,0x00,0x00,0x1F,0xFC,0x00,
  0x00,0x00,0x00,0x01,0xFF,0x80,0x00,0x00,0x00,0x00,0x1F,0xF8,
  0x00,0x00,0x01,0xFF,0xFF,0xFF,0xFF,0xF0,0x03,0xFF,0x00,0x3F,
  0xFC,0x00,0xFF,0x80,0x00,0x00,0xFF,0xC0,0x0F,0xFF,0xF0,0x00,
  0x00,0x1F,0xFC,0x00,0x00,0x00,0x00,0x01,0xFF,0x80,0x00,0x00,
  0x00,0x00,0x1F,0xF8,0x00,0x00,0x01,0xFF,0xFF,0xFF,0xFF,0xF0,
  0x03,0xFC,0x00,0xFF,0xFF,0x00,0x3F,0xC0,0x00,0x00,0xFF,0xFF,
  0xFF,0xFF,0xE0,0x00,0x00,0x1F,0xFF,0xFF,0xFF,0xC0,0x00,0x01,
  0xFF,0xFF,0xFF,0xF8,0x00,0x00,0x1F,0xF8,0x00,0x00,0x03,0xFF,
  0x80,0x00,0x3F,0xF8,0x07,0xF0,0x03,0xFF,0xFF,0xC0,0x0F,0xE0,
  0x00,0x00,0xFF,0xFF,0xFF,0xFF,0xC0,0x00,0x00,0x1F,0xFF,0xFF,
  0xFF,0xE0,0x00,0x01,0xFF,0xFF,0xFF,0xFC,0x00,0x00,0x1F,0xF8,
  0x00,0x00,0x03,0xFF,0x00,0x00,0x3F,0xF8,0x0F,0xC0,0x0F,0xFF,
  0xFF,0xF0,0x03,0xE0,0x00,0x00,0xFF,0xFF,0xFF,0xFF,0x80,0x00,
  0x00,0x1F,0xFF,0xFF,0xFF,0xE0,0x00,0x01,0xFF,0xFF,0xFF,0xFC,
  0x00,0x00,0x1F,0xF8,0x00,0x00,0x03,0xFF,0x00,0x00,0x1F,0xF8,
  0x0F,0x00,0x7F,0xFF,0xFF,0xFC,0x00,0xF0,0x00,0x00,0xFF,0xFF,
  0xFF,0xFF,0x00,0x00,0x00,0x1F,0xFF,0xFF,0xFF,0xE0,0x00,0x01,
  0xFF,0xFF,0xFF,0xFC,0x00,0x00,0x1F,0xF8,0x00,0x00,0x07,0xFE,
  0x00,0x00,0x1F,0xFC,0x1C,0x01,0xFF,0xFF,0xFF,0xFF,0x00,0x38,
  0x00,0x00,0xFF,0xFF,0xFF,0xFE,0x00,0x00,0x00,0x1F,0xFF,0xFF,
  0xFF,0xE0,0x00,0x01,0xFF,0xFF,0xFF,0xFC,0x00,0x00,0x1F,0xF8,
  0x00,0x00,0x07,0xFE,0x00,0x00,0x1F,0xFC,0x30,0x07,0xFF,0xFF,
  0xFF,0xFF,0xC0,0x08,0x00,0x00,0xFF,0xFF,0xFF,0xF8,0x00,0x00,
  0x00,0x1F,0xFF,0xFF,0xFF,0xE0,0x00,0x01,0xFF,0xFF,0xFF,0xFC,
  0x00,0x00,0x1F,0xF8,0x00,0x00,0x0F,0xFE,0x00,0x00,0x0F,0xFE,
  0x00,0x1F,0xFF,0xFF,0xFF,0xFF,0xF8,0x00,0x00,0x00,0xFF,0xFF,
  0xFF,0xE0,0x00,0x00,0x00,0x1F,0xFF,0xFF,0xFF,0xE0,0x00,0x01,
  0xFF,0xFF,0xFF,0xFC,0x00,0x00,0x1F,0xF8,0x00,0x00,0x0F,0xFC,
  0x00,0x00,0x0F,0xFE,0x00,0x7F,0xFF,0xFF,0xFF,0xFF,0xFE,0x00,
  0x00,0x00,0xFF,0xFF,0xFF,0x00,0x00,0x00,0x00,0x1F,0xFF,0xFF,
  0xFF,0xE0,0x00,0x01,0xFF,0xFF,0xFF,0xFC,0x00,0x00,0x1F,0xF8,
  0x00,0x00,0x0F,0xFC,0x00,0x00,0x07,0xFF,0x01,0xFF,0xFF,0xFF,
  0xFF,0xFF,0xFF,0x80,0x00,0x00,0xFF,0xFF,0xE0,0x00,0x00,0x00,
  0x00,0x0F,0xFF,0xFF,0xFF,0xE0,0x00,0x01,0xFF,0xFF,0xFF,0xFC,
  0x00,0x00,0x1F,0xF8,0x00,0x00,0x1F,0xF8,0x00,0x00,0x07,0xFF,
  0x07,0xFF,0xFF,0xFF,0xFF,0xFF,0xFF,0xE0,0x00,0x00,0x00,0x00,
  0x00,0x00,0x00,0x00,0x00,0x00,0x00,0x00,0x00,0x00,0x00,0x00,
  0x00,0x00,0x00,0x00,0x00,0x00,0x00,0x00,0x00,0x00,0x00,0x00,
  0x00,0x00,0x00,0x00,0x1F,0xFF,0xFF,0xFF,0xFF,0xFF,0xFF,0xF8,
  0x00,0x00,0x00,0x00,0x00,0x00,0x00,0x00,0x00,0x00,0x00,0x00,
  0x00,0x00,0x00,0x00,0x00,0x00,0x00,0x00,0x00,0x00,0x00,0x00,
  0x00,0x00,0x00,0x00,0x00,0x00,0x00,0x00,0x7F,0xFF,0xFF,0xFF,
  0xFF,0xFF,0xFF,0xFE,0x00,0x00,0x00,0x00,0x00,0x00,0x00,0x00,
  0x00,0x00,0x00,0x00,0x00,0x00,0x00,0x00,0x00,0x00,0x00,0x00,
  0x00,0x00,0x00,0x00,0x00,0x00,0x00,0x00,0x00,0x00,0x00,0x00,
};
static const uint8_t logo_dlh[] PROGMEM = {
  0x00,0x00,0x3F,0xF0,0x00,0x00,0x00,0x00,0x00,0x00,0x00,0x00,
  0x00,0x00,0x00,0x00,0x00,0x00,0x00,0x00,0x00,0x00,0x00,0x00,
  0x00,0x00,0x00,0x00,0x00,0x00,0x00,0x00,0x00,0x00,0x00,0x00,
  0x00,0x00,0x00,0x00,0x00,0x03,0xFF,0xFE,0x00,0x00,0x00,0x00,
  0x00,0x00,0x00,0x00,0x00,0x00,0x00,0x00,0x00,0x00,0x00,0x00,
  0x00,0x00,0x00,0x00,0x00,0x00,0x00,0x00,0x00,0x00,0x00,0x00,
  0x00,0x00,0x00,0x00,0x00,0x00,0x00,0x00,0x00,0x0F,0xC0,0x1F,
  0x80,0x00,0x00,0x00,0x00,0x00,0x00,0x00,0x00,0x00,0x00,0x00,
  0x00,0x00,0x00,0x00,0x00,0x00,0x00,0x00,0x00,0x00,0x00,0x00,
  0x00,0x00,0x00,0x00,0x00,0x00,0x00,0x00,0x00,0x00,0x00,0x00,
  0x00,0x3E,0x00,0x03,0xC0,0x00,0x00,0x00,0x00,0x00,0x00,0x00,
  0x00,0x00,0x00,0x00,0x00,0x00,0x00,0x00,0x00,0x00,0x00,0x00,
  0x00,0x00,0x00,0x00,0x00,0x00,0x00,0x00,0x00,0x00,0x00,0x00,
  0x00,0x00,0x00,0x00,0x00,0x78,0x00,0x00,0xF0,0x00,0x00,0x00,
  0x00,0x00,0x00,0x00,0x00,0x00,0x00,0x00,0x00,0x00,0x00,0x00,
  0x00,0x00,0x00,0x00,0x00,0x00,0x00,0x00,0x00,0x00,0x00,0x00,
  0x00,0x00,0x00,0x00,0x00,0x00,0x00,0x00,0x00,0xE0,0x00,0x00,
  0x38,0x00,0x00,0x00,0x00,0x00,0x00,0x00,0x00,0x00,0x00,0x00,
  0x00,0x00,0x00,0x00,0x00,0x00,0x00,0x00,0x00,0x00,0x00,0x00,
  0x00,0x00,0x00,0x00,0x00,0x00,0x00,0x00,0x00,0x00,0x00,0x00,
  0x03,0xC0,0x00,0x00,0x1C,0x00,0x00,0x00,0x00,0x00,0x00,0x00,
  0x00,0x00,0x00,0x00,0x00,0x00,0x00,0x00,0x00,0x00,0x00,0x00,
  0x00,0x00,0x00,0x00,0x00,0x00,0x00,0x00,0x00,0x00,0x00,0x00,
  0x00,0x00,0x00,0x00,0x07,0x00,0x00,0x00,0x0E,0x00,0x00,0x00,
  0x00,0x00,0x00,0x00,0x00,0x00,0x00,0x00,0x00,0x00,0x00,0x00,
  0x00,0x00,0x00,0x00,0x00,0x00,0x00,0x00,0x00,0x00,0x00,0x00,
  0x00,0x00,0x00,0x00,0x00,0x00,0x00,0x00,0x06,0x00,0x00,0x00,
  0x07,0x00,0x00,0x00,0x00,0x00,0x00,0x00,0x00,0x0F,0x00,0x00,
  0x00,0x00,0x00,0x00,0x00,0x00,0x00,0x00,0x00,0x00,0x00,0x00,
  0x00,0x3F,0xE0,0x00,0x00,0x00,0x00,0x00,0x00,0x00,0x00,0x00,
  0x0E,0x00,0x00,0x00,0x03,0x00,0x00,0x07,0xF0,0x00,0x00,0x00,
  0x00,0x7F,0x1F,0x83,0xF0,0x00,0x00,0x00,0x00,0x00,0x00,0x00,
  0x00,0x00,0x00,0x00,0x00,0xFF,0xF8,0x00,0x00,0x00,0x00,0x00,
  0x00,0x00,0x00,0x00,0x1C,0x00,0x00,0x00,0x01,0x80,0x00,0x07,
  0xF0,0x00,0x00,0x00,0x00,0xFF,0x1F,0x83,0xF0,0x00,0x00,0x00,
  0x00,0x00,0x00,0x00,0x00,0x00,0x00,0x00,0x03,0xFF,0xFE,0x00,
  0x00,0x00,0x00,0x00,0x00,0x00,0x00,0x00,0x18,0x00,0x00,0x00,
  0x01,0xC0,0x00,0x07,0xF0,0x00,0x00,0x00,0x01,0xFF,0x1F,0x83,
  0xF0,0x00,0x00,0x00,0x00,0x00,0x00,0x00,0x00,0x00,0x00,0x00,
  0x07,0xFF,0xFF,0x00,0x00,0x00,0x00,0x00,0x00,0x00,0x00,0x00,
  0x30,0x00,0x00,0x00,0x00,0xC0,0x00,0x07,0xF0,0x00,0x00,0x00,
  0x03,0xFF,0x1F,0x83,0xF0,0x00,0x00,0x00,0x00,0x00,0x00,0x00,
  0x00,0x00,0x00,0x00,0x0F,0xFF,0xFF,0x00,0x00,0x00,0x00,0x00,
  0x00,0x00,0x00,0x00,0x30,0x00,0x00,0x00,0x00,0xC0,0x00,0x07,
  0xF0,0x00,0x00,0x00,0x03,0xF8,0x1F,0x83,0xF0,0x00,0x00,0x00,
  0x00,0x00,0x00,0x00,0x00,0x00,0x00,0x00,0x0F,0xFF,0xFF,0x80,
  0x00,0x00,0x00,0x00,0x00,0x00,0x00,0x00,0x60,0x00,0x00,0x00,
  0x00,0x60,0x00,0x07,0xF0,0x00,0x00,0x00,0x03,0xF0,0x1F,0x83,
  0xF0,0x00,0x00,0x00,0x00,0x00,0x00,0x00,0x00,0x00,0x00,0x00,
  0x1F,0xF0,0x7F,0x80,0x00,0x00,0x00,0x00,0x00,0x00,0x00,0x00,
  0x60,0x00,0x00,0x00,0x00,0x60,0x00,0x07,0xF0,0x00,0xFC,0x0F,
  0xCF,0xFE,0x7F,0xF3,0xF1,0xF0,0x01,0xFC,0x07,0x87,0xC0,0x0F,
  0xE0,0x01,0xFC,0x00,0x1F,0xC0,0x3F,0xC0,0xFF,0x03,0xE3,0x83,
  0xF1,0xE0,0x1F,0xC0,0x60,0x00,0x00,0x3F,0xF8,0x60,0x00,0x07,
  0xF0,0x00,0xFC,0x1F,0xDF,0xFE,0x7F,0xFB,0xF7,0xFC,0x07,0xFF,
  0x8F,0xDF,0xF0,0x3F,0xF8,0x0F,0xFF,0x80,0x3F,0xC0,0x3F,0xC3,
  0xFF,0xC3,0xE7,0x87,0xFB,0xF0,0x7F,0xF0,0xEF,0x80,0x00,0x7E,
  0x3F,0x70,0x00,0x07,0xF0,0x00,0xFC,0x1F,0xDF,0xFE,0x7F,0xFB,
  0xFF,0xFE,0x1F,0xFF,0xCF,0xFF,0xF8,0x7F,0xFC,0x1F,0xFF,0xC0,
  0x3F,0x80,0x1F,0xC7,0xFF,0xE3,0xFF,0x9F,0xFF,0xF1,0xFF,0xF8,
  0xC7,0xF0,0x00,0xFF,0xFC,0x30,0x00,0x07,0xF0,0x00,0xFC,0x0F,
  0xDF,0xFE,0x7F,0xFB,0xFF,0xFE,0x1F,0xFF,0xCF,0xFF,0xF8,0xFF,
  0xFE,0x3F,0xFF,0xC0,0x3F,0x80,0x00,0x0F,0xFF,0xF3,0xFF,0x9F,
  0xFF,0xF1,0xFF,0xFC,0xC0,0xFC,0x01,0xF8,0x0C,0x30,0x00,0x07,
  0xF0,0x00,0xFC,0x0F,0xDF,0xFE,0x7F,0xFB,0xFF,0xFF,0x3F,0x9F,
  0xEF,0xFF,0xFC,0xFE,0xFE,0x3F,0x9F,0xE0,0x3F,0x80,0x00,0x0F,
  0xE7,0xF3,0xFF,0xBF,0xFF,0xF3,0xFF,0xFE,0xC0,0x79,0x01,0xFF,
  0xF8,0x30,0x00,0x07,0xF0,0x00,0xFC,0x0F,0xC7,0xF0,0x3F,0x83,
  0xFE,0xFF,0x3F,0x07,0xEF,0xFF,0xFD,0xF8,0x3F,0x3F,0x07,0xE0,
  0x3F,0x80,0x00,0x1F,0x83,0xF3,0xFF,0xBF,0x8F,0xF3,0xF8,0xFE,
  0xC0,0x1C,0x07,0xF7,0x80,0x30,0x00,0x07,0xF0,0x00,0xFC,0x0F,
  0xC3,0xF0,0x1F,0x83,0xF8,0x7F,0x18,0x07,0xEF,0xE1,0xFD,0xFC,
  0x00,0x08,0x07,0xE0,0x3F,0x80,0x00,0x06,0x03,0xF3,0xFC,0x7F,
  0x07,0xF7,0xF0,0x7F,0xC0,0x07,0xFF,0xFF,0xE0,0x30,0x00,0x07,
  0xF0,0x00,0xFC,0x0F,0xC3,0xF0,0x1F,0x83,0xF0,0x3F,0x00,0x7F,
  0xEF,0xE0,0xFD,0xFF,0xE0,0x00,0x7F,0xE0,0x3F,0x80,0x00,0x00,
  0x3F,0xF3,0xF8,0x7F,0x03,0xF7,0xE0,0x7F,0xC0,0x03,0xFF,0xC0,
  0x00,0x30,0x00,0x07,0xF0,0x00,0xFC,0x0F,0xC3,0xF0,0x1F,0x83,
  0xF0,0x3F,0x0F,0xFF,0xEF,0xC0,0xFC,0xFF,0xFC,0x0F,0xFF,0xE0,
  0x3F,0x80,0x00,0x03,0xFF,0xF3,0xF0,0x7E,0x03,0xF7,0xE0,0x3F,
  0xC0,0x00,0xFF,0x00,0x00,0x70,0x00,0x07,0xF0,0x00,0xFC,0x0F,
  0xC3,0xF0,0x1F,0x83,0xF0,0x3F,0x1F,0xFF,0xEF,0xC0,0xFC,0x7F,
  0xFE,0x1F,0xFF,0xE0,0x3F,0x80,0x1F,0xCF,0xFF,0xF3,0xF0,0x7E,
  0x03,0xF7,0xE0,0x3F,0xC0,0x00,0x7E,0x00,0x00,0x60,0x00,0x07,
  0xF0,0x00,0xFC,0x0F,0xC3,0xF0,0x1F,0x83,0xF0,0x3F,0x3F,0xFF,
  0xEF,0xC0,0xFC,0x3F,0xFF,0x3F,0xFF,0xE0,0x3F,0xC0,0x3F,0xDF,
  0xFF,0xF3,0xF0,0x7E,0x03,0xF7,0xE0,0x3F,0xE0,0x00,0x1F,0x00,
  0x00,0x60,0x00,0x07,0xF0,0x00,0xFC,0x0F,0xC3,0xF0,0x1F,0x83,
  0xF0,0x3F,0x7F,0x87,0xEF,0xC0,0xFC,0x07,0xFF,0x7F,0x07,0xE0,
  0x3F,0xC0,0x3F,0xDF,0xC3,0xF3,0xF0,0x7F,0x07,0xF7,0xE0,0x7F,
  0x60,0x00,0x07,0xC0,0x00,0x60,0x00,0x07,0xF0,0x00,0xFE,0x1F,
  0xC3,0xF0,0x1F,0x83,0xF0,0x3F,0x7E,0x07,0xEF,0xC0,0xFC,0x00,
  0x7F,0x7E,0x07,0xE0,0x1F,0xE0,0x7F,0x9F,0x83,0xF3,0xF0,0x7F,
  0x07,0xF7,0xF0,0x7F,0x60,0x00,0x00,0xF8,0x00,0xC0,0x00,0x07,
  0xFF,0xFE,0xFF,0x3F,0xC3,0xF0,0x1F,0x83,0xF0,0x3F,0x7E,0x0F,
  0xEF,0xC0,0xFD,0xF8,0x3F,0xFE,0x0F,0xE0,0x1F,0xF9,0xFF,0xBF,
  0x83,0xF3,0xF0,0x3F,0xFF,0xF7,0xF0,0x7F,0x70,0x00,0x00,0x1F,
  0x80,0xC0,0x00,0x07,0xFF,0xFE,0xFF,0xFF,0xC3,0xF0,0x1F,0xFB,
  0xF0,0x3F,0x7F,0x1F,0xEF,0xC0,0xFD,0xFC,0x7F,0x7F,0x1F,0xE0,
  0x0F,0xFF,0xFF,0x1F,0x87,0xF3,0xF0,0x3F,0xFF,0xF3,0xFF,0xFE,
  0x30,0x00,0x00,0x01,0x01,0xC0,0x00,0x07,0xFF,0xFE,0x7F,0xFF,
  0xC3,0xF0,0x1F,0xFB,0xF0,0x3F,0x7F,0xFF,0xEF,0xC0,0xFD,0xFF,
  0xFF,0x7F,0xFF,0xE0,0x0F,0xFF,0xFF,0x1F,0xFF,0xF3,0xF0,0x1F,
  0xFF,0xF3,0xFF,0xFC,0x38,0x00,0x00,0x00,0x01,0x80,0x00,0x07,
  0xFF,0xFE,0x7F,0xFF,0xC3,0xF0,0x1F,0xFB,0xF0,0x3F,0x3F,0xFF,
  0xEF,0xC0,0xFC,0xFF,0xFE,0x7F,0xFF,0xE0,0x07,0xFF,0xFE,0x1F,
  0xFF,0xF3,0xF0,0x0F,0xFF,0xF1,0xFF,0xFC,0x18,0x00,0x00,0x00,
  0x03,0x80,0x00,0x07,0xFF,0xFE,0x3F,0xEF,0xC3,0xF0,0x0F,0xFB,
  0xF0,0x3F,0x3F,0xFF,0xEF,0xC0,0xFC,0x7F,0xFC,0x3F,0xF7,0xE0,
  0x01,0xFF,0xFC,0x0F,0xFD,0xFB,0xF0,0x07,0xF3,0xF0,0xFF,0xF8,
  0x0C,0x00,0x00,0x00,0x07,0x00,0x00,0x07,0xFF,0xFE,0x1F,0xCF,
  0xC3,0xF0,0x03,0xFB,0xF0,0x3F,0x0F,0xE3,0xEF,0xC0,0xFC,0x3F,
  0xF8,0x1F,0xE3,0xE0,0x00,0xFF,0xF0,0x07,0xF9,0xFB,0xF0,0x00,
  0x03,0xF0,0x3F,0xE0,0x0E,0x00,0x00,0x00,0x0E,0x00,0x00,0x00,
  0x00,0x00,0x00,0x00,0x00,0x00,0x00,0x00,0x00,0x00,0x00,0x00,
  0x00,0x00,0x00,0x01,0x00,0x00,0x00,0x00,0x00,0x06,0x00,0x00,
  0x00,0x00,0x00,0x3E,0x03,0xF0,0x00,0x00,0x07,0x00,0x00,0x00,
  0x0C,0x00,0x00,0x00,0x00,0x00,0x00,0x00,0x00,0x00,0x00,0x00,
  0x00,0x00,0x00,0x00,0x00,0x00,0x00,0x00,0x00,0x00,0x00,0x00,
  0x00,0x00,0x00,0x00,0x00,0x00,0x00,0x3F,0x07,0xF0,0x00,0x00,
  0x03,0x80,0x00,0x00,0x38,0x00,0x00,0x00,0x00,0x00,0x00,0x00,
  0x00,0x00,0x00,0x00,0x00,0x00,0x00,0x00,0x00,0x00,0x00,0x00,
  0x00,0x00,0x00,0x00,0x00,0x00,0x00,0x00,0x00,0x00,0x00,0x3F,
  0xFF,0xE0,0x00,0x00,0x01,0xC0,0x00,0x00,0x70,0x00,0x00,0x00,
  0x00,0x00,0x00,0x00,0x00,0x00,0x00,0x00,0x00,0x00,0x00,0x00,
  0x00,0x00,0x00,0x00,0x00,0x00,0x00,0x00,0x00,0x00,0x00,0x00,
  0x00,0x00,0x00,0x1F,0xFF,0xE0,0x00,0x00,0x00,0xF0,0x00,0x01,
  0xE0,0x00,0x00,0x00,0x00,0x00,0x00,0x00,0x00,0x00,0x00,0x00,
  0x00,0x00,0x00,0x00,0x00,0x00,0x00,0x00,0x00,0x00,0x00,0x00,
  0x00,0x00,0x00,0x00,0x00,0x00,0x00,0x1F,0xFF,0xC0,0x00,0x00,
  0x00,0x3C,0x00,0x07,0xC0,0x00,0x00,0x00,0x00,0x00,0x00,0x00,
  0x00,0x00,0x00,0x00,0x00,0x00,0x00,0x00,0x00,0x00,0x00,0x00,
  0x00,0x00,0x00,0x00,0x00,0x00,0x00,0x00,0x00,0x00,0x00,0x07,
  0xFF,0x80,0x00,0x00,0x00,0x1F,0x80,0x3F,0x00,0x00,0x00,0x00,
  0x00,0x00,0x00,0x00,0x00,0x00,0x00,0x00,0x00,0x00,0x00,0x00,
  0x00,0x00,0x00,0x00,0x00,0x00,0x00,0x00,0x00,0x00,0x00,0x00,
  0x00,0x00,0x00,0x01,0xFE,0x00,0x00,0x00,0x00,0x07,0xFF,0xFC,
  0x00,0x00,0x00,0x00,0x00,0x00,0x00,0x00,0x00,0x00,0x00,0x00,
  0x00,0x00,0x00,0x00,0x00,0x00,0x00,0x00,0x00,0x00,0x00,0x00,
  0x00,0x00,0x00,0x00,0x00,0x00,0x00,0x00,0x00,0x00,0x00,0x00,
  0x00,0x00,0xFF,0xE0,0x00,0x00,0x00,0x00,0x00,0x00,0x00,0x00,
  0x00,0x00,0x00,0x00,0x00,0x00,0x00,0x00,0x00,0x00,0x00,0x00,
  0x00,0x00,0x00,0x00,0x00,0x00,0x00,0x00,0x00,0x00,0x00,0x00,
  0x00,0x00,0x00,0x00,
};
static const uint8_t logo_edv[] PROGMEM = {
  0x00,0x00,0x00,0x00,0x00,0x00,0x00,0x00,0x00,0x00,0x00,0x00,
  0x00,0x00,0x00,0x00,0x00,0x0F,0x80,0x00,0x00,0x00,0x00,0x00,
  0x00,0x00,0x00,0x00,0x00,0x00,0x00,0x00,0x00,0x00,0x00,0x00,
  0x00,0x00,0x00,0x00,0x1F,0xFF,0xC0,0x00,0x00,0x00,0x00,0x00,
  0x00,0x00,0x00,0x00,0x00,0x00,0x00,0x00,0x00,0x00,0x00,0x00,
  0x00,0x00,0x00,0x3F,0xFF,0xC0,0x0F,0xFF,0xF0,0x00,0x00,0x00,
  0x00,0x00,0x00,0x00,0x00,0x00,0x00,0x00,0x00,0x00,0x00,0x00,
  0x00,0x00,0x7F,0xFF,0x80,0x1F,0xFF,0xF0,0x00,0x00,0x00,0x00,
  0x00,0x00,0x00,0x00,0x00,0x00,0x00,0x00,0x00,0x00,0x00,0x00,
  0x00,0xFF,0xFF,0x00,0x7F,0xFF,0xC0,0x00,0x00,0x00,0x00,0x00,
  0x00,0x00,0x00,0x00,0x00,0x00,0x00,0x00,0x00,0x00,0x00,0x01,
  0xFF,0xFE,0x00,0xFF,0xFF,0x80,0x00,0x00,0x00,0x00,0x00,0x00,
  0x00,0x00,0x00,0x00,0x00,0x00,0x00,0x00,0x00,0x00,0x03,0xFF,
  0xF8,0x03,0xFF,0xFE,0x00,0x00,0x00,0x00,0x00,0x00,0x00,0x00,
  0x00,0x00,0x00,0x00,0x00,0x00,0x00,0x00,0x00,0x07,0xFF,0xF0,
  0x07,0xFF,0xFC,0x00,0x00,0x00,0x00,0x00,0x00,0x00,0x00,0x00,
  0x00,0x00,0x00,0x00,0x00,0x00,0x00,0x00,0x0F,0xFF,0xE0,0x0F,
  0xFF,0xF0,0x00,0x00,0x00,0x00,0x00,0x00,0x00,0x00,0x00,0x00,
  0x00,0x00,0x00,0x00,0x00,0x00,0x00,0x3F,0xFF,0x80,0x3F,0xFF,
  0xE0,0x00,0x00,0x00,0x00,0x00,0x00,0x00,0x00,0x00,0x00,0x00,
  0x00,0x00,0x00,0x00,0x00,0x00,0x7F,0xFF,0x00,0x7F,0xFF,0x80,
  0x00,0x00,0x00,0x00,0x00,0x00,0x00,0x00,0x00,0x00,0x00,0x00,
  0x00,0x00,0x00,0x00,0x00,0xFF,0xFE,0x01,0xFF,0xFE,0x00,0x00,
  0x00,0x00,0x00,0x00,0x00,0x00,0x00,0x00,0x00,0x00,0x00,0x00,
  0x00,0x00,0x00,0x01,0xFF,0xF8,0x07,0xFF,0xFC,0x00,0x00,0x00,
  0x00,0x00,0x00,0x00,0x00,0x00,0x00,0x00,0x00,0x00,0x00,0x00,
  0x00,0x00,0x03,0xFF,0xF0,0x0F,0xFF,0xF0,0x00,0x00,0x00,0x00,
  0x00,0x00,0x00,0x00,0x00,0x00,0x00,0x00,0x00,0x00,0x00,0x00,
  0x00,0x0F,0xFF,0xC0,0x3F,0xFF,0xC0,0x00,0x00,0x00,0x00,0x00,
  0x00,0x00,0x00,0x00,0x00,0x00,0x00,0x00,0x00,0x00,0x00,0x00,
  0x1F,0xFF,0x80,0x7F,0xFF,0x00,0x00,0x00,0x00,0x00,0x00,0x00,
  0x00,0x00,0x00,0x00,0x00,0x00,0x00,0x00,0x00,0x00,0x00,0x3F,
  0xFE,0x01,0xFF,0xFC,0x00,0x00,0x00,0x00,0x00,0x00,0x00,0x00,
  0x00,0x00,0x00,0x00,0x00,0x00,0x00,0x00,0x00,0x00,0xFF,0xFC,
  0x07,0xFF,0xF0,0x00,0x00,0x00,0x00,0x00,0x00,0x00,0x00,0x00,
  0x00,0x00,0x00,0x00,0x00,0x00,0x00,0x00,0x01,0xFF,0xF0,0x1F,
  0xFF,0xC0,0x00,0x00,0x00,0x00,0x00,0x00,0x00,0x00,0x00,0x00,
  0x00,0x00,0x00,0x00,0x00,0x00,0x00,0x03,0xFF,0xC0,0x7F,0xFF,
  0x00,0x00,0x00,0x00,0x00,0x00,0x00,0x00,0x00,0x00,0x00,0x00,
  0x00,0x00,0x00,0x00,0x00,0x00,0x0F,0xFF,0x81,0xFF,0xFC,0x00,
  0x00,0x00,0x00,0x00,0x00,0x00,0x00,0x00,0x00,0x00,0x00,0x00,
  0x00,0x00,0x00,0x00,0x00,0x1F,0xFE,0x03,0xFF,0xF0,0x00,0x00,
  0x00,0x00,0x00,0x00,0x00,0x00,0x00,0x00,0x00,0x00,0x00,0x00,
  0x00,0x00,0x00,0x00,0x7F,0xF8,0x0F,0xFF,0x80,0x00,0x00,0x00,
  0x00,0x00,0x00,0x00,0x00,0x00,0x00,0x00,0x00,0x00,0x00,0x00,
  0x00,0x00,0x01,0xFF,0xE0,0x7F,0xFE,0x00,0x00,0x00,0x00,0x00,
  0x00,0x00,0x00,0x00,0x00,0x00,0x00,0x00,0x00,0x00,0x00,0x00,
  0x00,0x03,0xFF,0x81,0xFF,0xF0,0x00,0x00,0x00,0x00,0x00,0x00,
  0x00,0x00,0x00,0x00,0x00,0x00,0x00,0x00,0x00,0x00,0x00,0x00,
  0x0F,0xFC,0x07,0xFF,0xC0,0x00,0x00,0x00,0x00,0x00,0x00,0x00,
  0x00,0x00,0x00,0x00,0x00,0x00,0x00,0x00,0x00,0x00,0x00,0x3F,
  0xF0,0x3F,0xFE,0x00,0x00,0x00,0x00,0x00,0x00,0x00,0x00,0x00,
  0x00,0x00,0x00,0x00,0x00,0x00,0x00,0x00,0x00,0x00,0xFF,0xC0,
  0xFF,0xF0,0x00,0x00,0x00,0x00,0x00,0x00,0x00,0x00,0x00,0x00,
  0x00,0x00,0x00,0x00,0x00,0x00,0x00,0x00,0x03,0xFE,0x07,0xFF,
  0x80,0x00,0x00,0x00,0x00,0x00,0x00,0x00,0x00,0x00,0x00,0x00,
  0x00,0x00,0x00,0x00,0x00,0x00,0x00,0x0F,0xF0,0x3F,0xFC,0x00,
  0x00,0x00,0x00,0x00,0x00,0x00,0x00,0x00,0x00,0x00,0x00,0x00,
  0x00,0x00,0x00,0x00,0x00,0x00,0x3F,0x81,0xFF,0xE0,0x00,0x00,
  0x00,0x00,0x00,0x00,0x00,0x00,0x00,0x00,0x00,0x00,0x00,0x00,
  0x00,0x00,0x00,0x00,0x01,0xFC,0x0F,0xFE,0x00,0x00,0x00,0x00,
  0x00,0x00,0x00,0x00,0x00,0x00,0x00,0x00,0x00,0x00,0x00,0x00,
  0x00,0x00,0x00,0x07,0xE0,0xFF,0xE0,0x00,0x00,0x00,0x00,0x00,
  0x00,0x00,0x00,0x00,0x00,0x00,0x00,0x00,0x00,0x00,0x00,0x00,
  0x00,0x00,0x3E,0x07,0xFE,0x00,0x00,0x00,0x00,0x00,0x00,0x00,
  0x00,0x00,0xF8,0x00,0x00,0x00,0x00,0x00,0x00,0x00,0x00,0x00,
  0x01,0xE0,0xFF,0xE0,0x00,0x00,0x00,0x00,0x00,0x00,0x00,0x00,
  0x00,0xFF,0xE0,0x00,0x00,0x00,0x00,0x00,0x00,0x00,0x00,0x0F,
  0x0F,0xFE,0x00,0x00,0x00,0x00,0x00,0x00,0x00,0x00,0x00,0x00,
  0xFF,0xFF,0xC0,0x00,0x00,0x00,0x00,0x00,0x00,0x00,0x7F,0xFF,
  0x80,0x00,0x00,0x00,0x00,0x00,0x00,0x00,0x00,0x00,0x00,0xFF,
  0xFF,0xFF,0xF0,0x00,0x00,0x00,0x00,0x00,0x0F,0xFF,0xC0,0x00,
  0x00,0x00,0x00,0x00,0x00,0x00,0x00,0x00,0x00,0x00,0xFF,0xFF,
  0xFF,0xFF,0xFF,0xE0,0x00,0x00,0x7F,0xFF,0x00,0x00,0x00,0x00,
  0x00,0x00,0x00,0x00,0x00,0x00,0x00,0x00,0x00,0xFF,0xFF,0xFF,
  0xFF,0xFF,0xFF,0xFF,0xFF,0xFE,0x00,0x00,0x00,0x00,0x00,0x00,
  0x00,0x00,0x00,0x00,0x00,0x00,0x00,0x00,0xFF,0xFF,0xFF,0xFF,
  0xFF,0xFF,0xFF,0xFE,0x00,0x00,0x00,0x00,0x00,0x00,0x00,0x00,
  0x00,0x00,0x00,0x00,0x00,0x00,0x00,0x00,0x00,0x3F,0xFF,0xFF,
  0xFE,0x00,0x00,0x00,0x00,0x00,0x00,0x00,0x00,0x00,0x00,0x00,
  0x00,0x00,0x00,0x00,0x00,0x00,0x00,0x00,0x00,0x00,0x00,0x00,
  0x00,0x00,0x00,0x00,0x00,0x00,0x00,0x00,0x00,0x00,0x00,0x00,
  0x00,0x00,0x00,0x00,0x00,0x00,0x00,0x00,0x00,0x00,0x00,0x00,
  0x00,0x00,0x00,0x00,0x00,0x00,0x00,0x00,0x00,0x00,0x00,0x00,
  0x00,0x00,0x00,0x00,0x00,0x00,0x00,0x00,0x00,0x00,0x00,0x00,
  0x00,0x00,0x00,0x00,0x00,0xE0,0x00,0x00,0x00,0x00,0x00,0x00,
  0x00,0x00,0x00,0xFF,0xF1,0xC0,0x18,0x7F,0xC0,0x3F,0xFC,0x01,
  0xC0,0x60,0x07,0x07,0xFC,0x03,0xFF,0x80,0x01,0x80,0x18,0x7F,
  0xF0,0x00,0xFF,0xE1,0xE0,0x18,0x7F,0xF0,0x3F,0xF8,0x03,0xC0,
  0x70,0x06,0x0F,0x1F,0x03,0xFF,0xC0,0x03,0xC0,0x18,0x60,0x38,
  0x00,0xC0,0x01,0xE0,0x18,0x60,0x38,0x30,0x00,0x03,0xE0,0x30,
  0x0E,0x1C,0x03,0x83,0x00,0xE0,0x03,0xC0,0x18,0x60,0x0C,0x00,
  0xC0,0x01,0xF0,0x18,0x60,0x1C,0x30,0x00,0x07,0x60,0x30,0x0C,
  0x38,0x01,0x83,0x00,0x60,0x06,0x60,0x18,0x60,0x0C,0x00,0xC0,
  0x01,0x98,0x18,0x60,0x0C,0x30,0x00,0x06,0x60,0x18,0x1C,0x30,
  0x01,0xC3,0x00,0x60,0x06,0x60,0x18,0x60,0x0C,0x00,0xC0,0x01,
  0x9C,0x18,0x60,0x0E,0x30,0x00,0x0E,0x30,0x18,0x18,0x70,0x00,
  0xC3,0x00,0x60,0x0C,0x30,0x18,0x60,0x0C,0x00,0xFF,0xE1,0x8E,
  0x18,0x60,0x06,0x3F,0xF8,0x0C,0x30,0x0C,0x38,0x60,0x00,0xC3,
  0x00,0xC0,0x0C,0x30,0x18,0x60,0x18,0x00,0xFF,0xE1,0x87,0x18,
  0x60,0x06,0x3F,0xF8,0x1C,0x18,0x0C,0x30,0x60,0x00,0xC3,0xFF,
  0xC0,0x18,0x18,0x18,0x7F,0xF8,0x00,0xC0,0x01,0x83,0x18,0x60,
  0x0E,0x30,0x00,0x18,0x18,0x0E,0x30,0x60,0x00,0xC3,0xFF,0x00,
  0x18,0x18,0x18,0x7F,0xE0,0x00,0xC0,0x01,0x81,0x98,0x60,0x0C,
  0x30,0x00,0x3F,0xFC,0x06,0x60,0x30,0x00,0xC3,0x06,0x00,0x3F,
  0xFC,0x18,0x60,0xC0,0x00,0xC0,0x01,0x80,0xD8,0x60,0x0C,0x30,
  0x00,0x3F,0xFC,0x07,0x60,0x30,0x01,0xC3,0x07,0x00,0x3F,0xFC,
  0x18,0x60,0x60,0x00,0xC0,0x01,0x80,0xF8,0x60,0x18,0x30,0x00,
  0x70,0x06,0x03,0xC0,0x38,0x03,0x83,0x03,0x80,0x60,0x06,0x18,
  0x60,0x30,0x00,0xC0,0x01,0x80,0x78,0x60,0x78,0x30,0x00,0x60,
  0x06,0x03,0xC0,0x1E,0x07,0x03,0x01,0x80,0x60,0x06,0x18,0x60,
  0x18,0x00,0xFF,0xF1,0x80,0x38,0x7F,0xE0,0x3F,0xFC,0xE0,0x03,
  0x01,0xC0,0x0F,0xFE,0x03,0x00,0xC0,0xC0,0x03,0x18,0x60,0x1C,
  0x00,0xFF,0xF1,0x80,0x18,0x7F,0x80,0x3F,0xFC,0xC0,0x03,0x01,
  0x80,0x03,0xF8,0x03,0x00,0x60,0xC0,0x03,0x18,0x60,0x0C,0x00,
};
static const uint8_t logo_eny[] PROGMEM = {
  0x00,0x00,0x0F,0xF0,0x00,0x00,0x00,0x07,0x80,0x1F,0x80,0x00,
  0x00,0x00,0x00,0x00,0x00,0x00,0x00,0x00,0x0F,0xFF,0x00,0x00,
  0x1F,0xFF,0x00,0x00,0x00,0x1F,0xFE,0x00,0x01,0xFF,0xFF,0x00,
  0x00,0x0F,0xFF,0x80,0xFF,0xF8,0x00,0x7F,0xFC,0x00,0x00,0x03,
  0xFF,0xE0,0x00,0xFF,0xFF,0xF0,0x00,0x1F,0xFF,0x80,0x00,0x00,
  0x3F,0xFE,0x00,0x07,0xFF,0xFF,0xE0,0x00,0x0F,0xFF,0x83,0xFF,
  0xFE,0x00,0x7F,0xFC,0x00,0x00,0x03,0xFF,0xE0,0x03,0xFF,0xFF,
  0xFC,0x00,0x1F,0xFF,0x80,0x00,0x00,0x7F,0xFC,0x00,0x1F,0xFF,
  0xFF,0xF8,0x00,0x0F,0xFF,0x8F,0xFF,0xFF,0x80,0x7F,0xFC,0x00,
  0x00,0x07,0xFF,0xC0,0x0F,0xFF,0xFF,0xFF,0x80,0x0F,0xFF,0xC0,
  0x00,0x00,0x7F,0xFC,0x00,0x7F,0xFF,0xFF,0xFC,0x00,0x0F,0xFF,
  0x9F,0xFF,0xFF,0xC0,0x3F,0xFE,0x00,0x00,0x07,0xFF,0xC0,0x1F,
  0xFF,0xFF,0xFF,0xC0,0x0F,0xFF,0xC0,0x00,0x00,0xFF,0xF8,0x00,
  0xFF,0xFF,0xFF,0xFF,0x00,0x0F,0xFF,0xBF,0xFF,0xFF,0xE0,0x3F,
  0xFE,0x00,0x00,0x0F,0xFF,0x80,0x7F,0xFF,0xFF,0xFF,0xE0,0x07,
  0xFF,0xE0,0x00,0x00,0xFF,0xF0,0x01,0xFF,0xFF,0xFF,0xFF,0x80,
  0x0F,0xFF,0xFF,0xFF,0xFF,0xF0,0x1F,0xFE,0x00,0x00,0x0F,0xFF,
  0x80,0xFF,0xFF,0xFF,0xFF,0xF8,0x07,0xFF,0xE0,0x00,0x01,0xFF,
  0xF0,0x03,0xFF,0xFE,0x3F,0xFF,0xC0,0x0F,0xFF,0xFF,0xFF,0xFF,
  0xF8,0x1F,0xFF,0x00,0x00,0x0F,0xFF,0x01,0xFF,0xFF,0xFF,0xFF,
  0xFC,0x03,0xFF,0xF0,0x00,0x01,0xFF,0xE0,0x07,0xFF,0xF0,0x03,
  0xFF,0xE0,0x0F,0xFF,0xFF,0xFF,0xFF,0xF8,0x0F,0xFF,0x00,0x00,
  0x1F,0xFF,0x03,0xFF,0xFE,0x07,0xFF,0xFE,0x03,0xFF,0xF8,0x00,
  0x03,0xFF,0xE0,0x0F,0xFF,0xC0,0x01,0xFF,0xE0,0x0F,0xFF,0xFE,
  0x03,0xFF,0xFC,0x0F,0xFF,0x80,0x00,0x1F,0xFE,0x07,0xFF,0xF0,
  0x00,0xFF,0xFE,0x01,0xFF,0xF8,0x00,0x03,0xFF,0xC0,0x1F,0xFF,
  0x80,0x00,0xFF,0xF0,0x0F,0xFF,0xF8,0x00,0xFF,0xFC,0x0F,0xFF,
  0x80,0x00,0x3F,0xFE,0x07,0xFF,0xE0,0x00,0x7F,0xFF,0x01,0xFF,
  0xFC,0x00,0x07,0xFF,0xC0,0x1F,0xFF,0x00,0x00,0x7F,0xF8,0x0F,
  0xFF,0xF0,0x00,0x7F,0xFE,0x07,0xFF,0x80,0x00,0x3F,0xFC,0x0F,
  0xFF,0xC0,0x00,0x3F,0xFF,0x80,0xFF,0xFC,0x00,0x07,0xFF,0x80,
  0x3F,0xFE,0x00,0x00,0x3F,0xF8,0x0F,0xFF,0xE0,0x00,0x3F,0xFE,
  0x07,0xFF,0xC0,0x00,0x7F,0xFC,0x0F,0xFF,0x80,0x00,0x1F,0xFF,
  0x80,0xFF,0xFE,0x00,0x0F,0xFF,0x80,0x3F,0xFC,0x00,0x00,0x3F,
  0xFC,0x0F,0xFF,0xC0,0x00,0x3F,0xFE,0x03,0xFF,0xC0,0x00,0x7F,
  0xF8,0x1F,0xFF,0x00,0x00,0x0F,0xFF,0xC0,0x7F,0xFE,0x00,0x0F,
  0xFF,0x00,0x7F,0xFC,0x00,0x00,0x1F,0xFC,0x0F,0xFF,0xC0,0x00,
  0x3F,0xFF,0x03,0xFF,0xE0,0x00,0xFF,0xF8,0x1F,0xFF,0x00,0x00,
  0x0F,0xFF,0xC0,0x3F,0xFF,0x00,0x1F,0xFF,0x00,0x7F,0xFC,0x00,
  0x00,0x1F,0xFC,0x0F,0xFF,0x80,0x00,0x1F,0xFF,0x01,0xFF,0xE0,
  0x00,0xFF,0xF0,0x3F,0xFE,0x00,0x00,0x07,0xFF,0xC0,0x3F,0xFF,
  0x00,0x1F,0xFE,0x00,0x7F,0xF8,0x00,0x00,0x1F,0xFE,0x0F,0xFF,
  0x80,0x00,0x1F,0xFF,0x01,0xFF,0xE0,0x01,0xFF,0xF0,0x3F,0xFE,
  0x00,0x00,0x07,0xFF,0xC0,0x1F,0xFF,0x80,0x3F,0xFE,0x00,0xFF,
  0xFF,0xFF,0xFF,0xFF,0xFE,0x0F,0xFF,0x80,0x00,0x1F,0xFF,0x01,
  0xFF,0xF0,0x01,0xFF,0xE0,0x3F,0xFE,0x00,0x00,0x07,0xFF,0xE0,
  0x1F,0xFF,0x80,0x3F,0xFC,0x00,0xFF,0xFF,0xFF,0xFF,0xFF,0xFE,
  0x0F,0xFF,0x80,0x00,0x1F,0xFF,0x00,0xFF,0xF0,0x01,0xFF,0xE0,
  0x7F,0xFE,0x00,0x00,0x03,0xFF,0xE0,0x0F,0xFF,0xC0,0x7F,0xFC,
  0x00,0xFF,0xFF,0xFF,0xFF,0xFF,0xFE,0x0F,0xFF,0x80,0x00,0x1F,
  0xFF,0x00,0xFF,0xF8,0x03,0xFF,0xC0,0x7F,0xFC,0x00,0x00,0x03,
  0xFF,0xE0,0x0F,0xFF,0xC0,0x7F,0xF8,0x00,0xFF,0xFF,0xFF,0xFF,
  0xFF,0xFE,0x0F,0xFF,0x80,0x00,0x1F,0xFF,0x00,0x7F,0xF8,0x03,
  0xFF,0xC0,0x7F,0xFC,0x00,0x00,0x03,0xFF,0xE0,0x07,0xFF,0xE0,
  0xFF,0xF8,0x00,0xFF,0xFF,0xFF,0xFF,0xFF,0xFE,0x0F,0xFF,0x80,
  0x00,0x1F,0xFF,0x00,0x7F,0xF8,0x07,0xFF,0x80,0x7F,0xFC,0x00,
  0x00,0x03,0xFF,0xE0,0x07,0xFF,0xE0,0xFF,0xF0,0x00,0xFF,0xFF,
  0xFF,0xFF,0xFF,0xFE,0x0F,0xFF,0x80,0x00,0x1F,0xFF,0x00,0x3F,
  0xFC,0x07,0xFF,0x80,0x7F,0xFC,0x00,0x00,0x03,0xFF,0xE0,0x03,
  0xFF,0xF1,0xFF,0xF0,0x00,0xFF,0xF8,0x00,0x00,0x00,0x00,0x0F,
  0xFF,0x80,0x00,0x1F,0xFF,0x00,0x3F,0xFC,0x0F,0xFF,0x00,0x7F,
  0xFC,0x00,0x00,0x03,0xFF,0xE0,0x03,0xFF,0xF1,0xFF,0xE0,0x00,
  0xFF,0xF8,0x00,0x00,0x00,0x00,0x0F,0xFF,0x80,0x00,0x1F,0xFF,
  0x00,0x3F,0xFC,0x0F,0xFF,0x00,0x7F,0xFC,0x00,0x00,0x03,0xFF,
  0xE0,0x01,0xFF,0xFB,0xFF,0xE0,0x00,0xFF,0xF8,0x00,0x00,0x00,
  0x00,0x0F,0xFF,0x80,0x00,0x1F,0xFF,0x00,0x1F,0xFE,0x1F,0xFE,
  0x00,0x7F,0xFC,0x00,0x00,0x03,0xFF,0xE0,0x01,0xFF,0xFF,0xFF,
  0xC0,0x00,0xFF,0xF8,0x00,0x00,0x00,0x00,0x0F,0xFF,0x80,0x00,
  0x1F,0xFF,0x00,0x1F,0xFE,0x1F,0xFE,0x00,0x7F,0xFC,0x00,0x00,
  0x03,0xFF,0xE0,0x00,0xFF,0xFF,0xFF,0x80,0x00,0xFF,0xFC,0x00,
  0x00,0x00,0x00,0x0F,0xFF,0x80,0x00,0x1F,0xFF,0x00,0x0F,0xFF,
  0x1F,0xFC,0x00,0x7F,0xFE,0x00,0x00,0x07,0xFF,0xE0,0x00,0xFF,
  0xFF,0xFF,0x80,0x00,0x7F,0xFC,0x00,0x00,0x00,0x00,0x0F,0xFF,
  0x80,0x00,0x1F,0xFF,0x00,0x0F,0xFF,0x3F,0xFC,0x00,0x3F,0xFE,
  0x00,0x00,0x07,0xFF,0xC0,0x00,0x7F,0xFF,0xFF,0x00,0x00,0x7F,
  0xFC,0x00,0x00,0x00,0x00,0x0F,0xFF,0x80,0x00,0x1F,0xFF,0x00,
  0x07,0xFF,0x3F,0xF8,0x00,0x3F,0xFE,0x00,0x00,0x07,0xFF,0xC0,
  0x00,0x7F,0xFF,0xFF,0x00,0x00,0x7F,0xFE,0x00,0x00,0x00,0x00,
  0x0F,0xFF,0x80,0x00,0x1F,0xFF,0x00,0x07,0xFF,0xFF,0xF8,0x00,
  0x3F,0xFF,0x00,0x00,0x0F,0xFF,0xC0,0x00,0x3F,0xFF,0xFE,0x00,
  0x00,0x3F,0xFF,0x00,0x00,0x00,0x00,0x0F,0xFF,0x80,0x00,0x1F,
  0xFF,0x00,0x07,0xFF,0xFF,0xF0,0x00,0x1F,0xFF,0x00,0x00,0x0F,
  0xFF,0x80,0x00,0x3F,0xFF,0xFE,0x00,0x00,0x3F,0xFF,0x80,0x00,
  0x00,0x00,0x0F,0xFF,0x80,0x00,0x1F,0xFF,0x00,0x03,0xFF,0xFF,
  0xF0,0x00,0x1F,0xFF,0x80,0x00,0x1F,0xFF,0x80,0x00,0x1F,0xFF,
  0xFC,0x00,0x00,0x1F,0xFF,0xC0,0x00,0x00,0xC0,0x0F,0xFF,0x80,
  0x00,0x1F,0xFF,0x00,0x03,0xFF,0xFF,0xE0,0x00,0x1F,0xFF,0x80,
  0x00,0x3F,0xFF,0x00,0x00,0x1F,0xFF,0xFC,0x00,0x00,0x1F,0xFF,
  0xE0,0x00,0x03,0xC0,0x0F,0xFF,0x80,0x00,0x1F,0xFF,0x00,0x01,
  0xFF,0xFF,0xE0,0x00,0x0F,0xFF,0xC0,0x00,0x7F,0xFF,0x00,0x00,
  0x0F,0xFF,0xF8,0x00,0x00,0x0F,0xFF,0xF8,0x00,0x1F,0xE0,0x0F,
  0xFF,0x80,0x00,0x1F,0xFF,0x00,0x01,0xFF,0xFF,0xC0,0x00,0x07,
  0xFF,0xF0,0x01,0xFF,0xFE,0x00,0x00,0x0F,0xFF,0xF8,0x00,0x00,
  0x07,0xFF,0xFF,0xC7,0xFF,0xE0,0x0F,0xFF,0x80,0x00,0x1F,0xFF,
  0x00,0x00,0xFF,0xFF,0xC0,0x00,0x07,0xFF,0xFC,0x07,0xFF,0xFC,
  0x00,0x00,0x07,0xFF,0xF0,0x00,0x00,0x03,0xFF,0xFF,0xFF,0xFF,
  0xF0,0x0F,0xFF,0x80,0x00,0x1F,0xFF,0x00,0x00,0xFF,0xFF,0x80,
  0x00,0x03,0xFF,0xFF,0xFF,0xFF,0xF8,0x00,0x00,0x07,0xFF,0xF0,
  0x00,0x00,0x01,0xFF,0xFF,0xFF,0xFF,0xE0,0x0F,0xFF,0x80,0x00,
  0x1F,0xFF,0x00,0x00,0xFF,0xFF,0x80,0x00,0x01,0xFF,0xFF,0xFF,
  0xFF,0xF0,0x00,0x00,0x03,0xFF,0xE0,0x00,0x00,0x00,0xFF,0xFF,
  0xFF,0xFF,0xC0,0x0F,0xFF,0x80,0x00,0x1F,0xFF,0x00,0x00,0x7F,
  0xFF,0x00,0x00,0x00,0xFF,0xFF,0xFF,0xFF,0xE0,0x00,0x00,0x03,
  0xFF,0xE0,0x00,0x00,0x00,0x3F,0xFF,0xFF,0xFF,0x00,0x0F,0xFF,
  0x80,0x00,0x1F,0xFF,0x00,0x00,0x7F,0xFF,0x00,0x00,0x00,0x3F,
  0xFF,0xFF,0xFF,0x80,0x00,0x00,0x03,0xFF,0xC0,0x00,0x00,0x00,
  0x1F,0xFF,0xFF,0xFC,0x00,0x0F,0xFF,0x80,0x00,0x1F,0xFF,0x00,
  0x00,0x3F,0xFE,0x00,0x00,0x00,0x1F,0xFF,0xFF,0xFF,0x00,0x00,
  0x00,0x03,0xFF,0xC0,0x00,0x00,0x00,0x03,0xFF,0xFF,0xF0,0x00,
  0x0F,0xFF,0x80,0x00,0x1F,0xFF,0x00,0x00,0x3F,0xFE,0x00,0x00,
  0x00,0x07,0xFF,0xFF,0xFC,0x00,0x00,0x00,0x07,0xFF,0x80,0x00,
  0x00,0x00,0x00,0x7F,0xFF,0x80,0x00,0x00,0x00,0x00,0x00,0x00,
  0x00,0x00,0x00,0x00,0x00,0x00,0x00,0x00,0x00,0xFF,0xFF,0xE0,
  0x00,0x00,0x00,0x07,0xFF,0x00,0x00,0x00,0x00,0x00,0x00,0x00,
  0x00,0x00,0x00,0x00,0x00,0x00,0x00,0x00,0x00,0x00,0x00,0x00,
  0x00,0x00,0x00,0x00,0x07,0xFC,0x00,0x00,0x00,0x00,0x0F,0xFF,
  0x00,0x00,0x00,0x00,0x00,0x00,0x00,0x00,0x00,0x00,0x00,0x00,
  0x00,0x00,0x00,0x00,0x00,0x00,0x00,0x00,0x00,0x00,0x00,0x00,
  0x00,0x00,0x00,0x00,0x00,0x0F,0xFE,0x00,0x00,0x00,0x00,0x00,
  0x00,0x00,0x00,0x00,0x00,0x00,0x00,0x00,0x00,0x00,0x00,0x00,
  0x00,0x00,0x00,0x00,0x00,0x00,0x00,0x00,0x00,0x00,0x00,0x00,
  0x1F,0xFE,0x00,0x00,0x00,0x00,0x00,0x00,0x00,0x00,0x00,0x00,
  0x00,0x00,0x00,0x00,0x00,0x00,0x00,0x00,0x00,0x00,0x00,0x00,
  0x00,0x00,0x00,0x00,0x00,0x00,0x00,0x1F,0xFC,0x00,0x00,0x00,
  0x00,0x00,0x00,0x00,0x00,0x00,0x00,0x00,0x00,0x00,0x00,0x00,
  0x00,0x00,0x00,0x00,0x00,0x00,0x00,0x00,0x00,0x00,0x00,0x00,
  0x00,0x00,0x3F,0xFC,0x00,0x00,0x00,0x00,0x00,0x00,0x00,0x00,
  0x00,0x00,0x00,0x00,0x00,0x00,0x00,0x00,0x00,0x00,0x00,0x00,
  0x00,0x00,0x00,0x00,0x00,0x00,0x00,0x00,0x00,0x7F,0xF8,0x00,
  0x00,0x00,0x00,0x00,0x00,0x00,0x00,0x00,0x00,0x00,0x00,0x00,
  0x00,0x00,0x00,0x00,0x00,0x00,0x00,0x00,0x00,0x00,0x00,0x00,
  0x00,0x00,0x00,0x00,0xFF,0xF8,0x00,0x00,0x00,0x00,0x00,0x00,
  0x00,0x00,0x00,0x00,0x00,0x00,0x00,0x00,0x00,0x00,0x00,0x00,
  0x00,0x00,0x00,0x00,0x00,0x00,0x00,0x00,0x00,0x00,0x01,0xFF,
  0xF0,0x00,0x00,0x00,0x00,0x00,0x00,0x00,0x00,0x00,0x00,0x00,
  0x00,0x00,0x00,0x00,0x00,0x00,0x00,0x00,0x00,0x00,0x00,0x00,
  0x00,0x00,0x00,0x00,0x00,0x03,0xFF,0xF0,0x00,0x00,0x00,0x00,
  0x00,0x00,0x00,0x00,0x00,0x00,0x00,0x00,0x00,0x00,0x00,0x00,
  0x00,0x00,0x00,0x00,0x00,0x00,0x00,0x00,0x00,0x00,0x00,0x00,
  0xFF,0xFF,0xE0,0x00,0x00,0x00,0x00,0x00,0x00,0x00,0x00,0x00,
  0x00,0x00,0x00,0x00,0x00,0x00,0x00,0x00,0x00,0x00,0x00,0x00,
  0x00,0x00,0x00,0x00,0x00,0x00,0x0F,0xFF,0xFF,0xC0,0x00,0x00,
  0x00,0x00,0x00,0x00,0x00,0x00,0x00,0x00,0x00,0x00,0x00,0x00,
  0x00,0x00,0x00,0x00,0x00,0x00,0x00,0x00,0x00,0x00,0x00,0x00,
  0x00,0x0F,0xFF,0xFF,0x80,0x00,0x00,0x00,0x00,0x00,0x00,0x00,
  0x00,0x00,0x00,0x00,0x00,0x00,0x00,0x00,0x00,0x00,0x00,0x00,
  0x00,0x00,0x00,0x00,0x00,0x00,0x00,0x00,0x0F,0xFF,0xFF,0x00,
  0x00,0x00,0x00,0x00,0x00,0x00,0x00,0x00,0x00,0x00,0x00,0x00,
  0x00,0x00,0x00,0x00,0x00,0x00,0x00,0x00,0x00,0x00,0x00,0x00,
  0x00,0x00,0x00,0x0F,0xFF,0xFE,0x00,0x00,0x00,0x00,0x00,0x00,
  0x00,0x00,0x00,0x00,0x00,0x00,0x00,0x00,0x00,0x00,0x00,0x00,
  0x00,0x00,0x00,0x00,0x00,0x00,0x00,0x00,0x00,0x00,0x0F,0xFF,
  0xF8,0x00,0x00,0x00,0x00,0x00,0x00,0x00,0x00,0x00,0x00,0x00,
  0x00,0x00,0x00,0x00,0x00,0x00,0x00,0x00,0x00,0x00,0x00,0x00,
  0x00,0x00,0x00,0x00,0x00,0x0F,0xFF,0xC0,0x00,0x00,0x00,0x00,
};
static const uint8_t logo_eva[] PROGMEM = {
  0x00,0x00,0x00,0x00,0x00,0x00,0x00,0x00,0x00,0x00,0x00,0x00,
  0x00,0x00,0x00,0x00,0x00,0x00,0x00,0x00,0x00,0x00,0x00,0x00,
  0x00,0x00,0x00,0x00,0x00,0x00,0x00,0x00,0x00,0x00,0x00,0x07,
  0xFF,0xFF,0xFF,0xFF,0x00,0x00,0x00,0x00,0x00,0x00,0x00,0x00,
  0x00,0x00,0x00,0x00,0x00,0x00,0x00,0x00,0x00,0x00,0x00,0x00,
  0x00,0x00,0x00,0x00,0x00,0x00,0x00,0x00,0x00,0x00,0x00,0x00,
  0x00,0x00,0x00,0x0F,0xFF,0xFF,0xFF,0xFF,0x00,0x00,0x00,0x00,
  0x00,0x00,0x00,0x00,0x00,0x00,0x00,0x00,0x00,0x00,0x00,0x00,
  0x00,0x00,0x00,0x00,0x00,0x00,0x00,0x00,0x00,0x00,0x00,0x00,
  0x00,0x00,0x00,0x00,0x00,0x00,0x00,0x1F,0xFF,0xFF,0xFF,0xFE,
  0x00,0x00,0x00,0x00,0x00,0x00,0x00,0x00,0x00,0x00,0x00,0x00,
  0x00,0x00,0x00,0x00,0x00,0x00,0x00,0x00,0x00,0x00,0x00,0x00,
  0x00,0x00,0x00,0x00,0x00,0x00,0x00,0x00,0x00,0x00,0x00,0x3F,
  0xFF,0xFF,0xFF,0xFE,0x00,0x00,0x00,0x00,0x00,0x00,0x00,0x00,
  0x00,0x00,0x00,0x00,0x00,0x00,0x00,0x00,0x00,0x00,0x00,0x00,
  0x00,0x00,0x00,0x00,0x00,0x00,0x00,0x00,0x00,0x00,0x00,0x00,
  0x00,0x00,0x00,0x7F,0xFF,0xFF,0xFF,0xFE,0x00,0x00,0x00,0x00,
  0x00,0x00,0x00,0x00,0x00,0x00,0x00,0x00,0x00,0x00,0x00,0x00,
  0x00,0x00,0x00,0x00,0x00,0x00,0x00,0x00,0x00,0x00,0x00,0x00,
  0x00,0x00,0x00,0x00,0x00,0x00,0x00,0xFF,0xFF,0xFF,0xFF,0xFC,
  0x00,0x00,0x00,0x00,0x00,0x00,0x00,0x00,0x00,0x00,0x00,0x00,
  0x00,0x00,0x00,0x00,0x00,0x00,0x00,0x00,0x00,0x00,0x00,0x00,
  0x00,0x00,0x00,0x00,0x00,0x00,0x00,0x00,0x00,0x00,0x01,0xFF,
  0xFF,0xFF,0xFF,0xFC,0x00,0x00,0x00,0x00,0x00,0x00,0x00,0x00,
  0x00,0x00,0x00,0x00,0x00,0x00,0x00,0x00,0x00,0x00,0x00,0x00,
  0x00,0x00,0x00,0x00,0x00,0x00,0x00,0x00,0x00,0x00,0x00,0x00,
  0x00,0x00,0x03,0xFF,0xFF,0xFF,0xFF,0xFC,0x00,0x00,0x00,0x00,
  0x00,0x00,0x00,0x00,0x00,0x00,0x00,0x00,0x00,0x00,0x00,0x00,
  0x00,0x00,0x00,0x00,0x00,0x00,0x00,0x00,0x00,0x00,0x00,0x00,
  0x00,0x00,0x00,0x00,0x00,0x00,0x07,0xFF,0xFF,0xFF,0xFF,0xF8,
  0x00,0x00,0x00,0x00,0x00,0x00,0x00,0x00,0x00,0x00,0x00,0x00,
  0x00,0x00,0x00,0x00,0x00,0x00,0x00,0x00,0x00,0x00,0x00,0x00,
  0x00,0x00,0x00,0x00,0x00,0x00,0x00,0x00,0x00,0x00,0x0F,0xFF,
  0xFF,0xFF,0xFF,0xF8,0x00,0x00,0x00,0x00,0x00,0x00,0x00,0x00,
  0x00,0x00,0x00,0x00,0x00,0x00,0x00,0x00,0x00,0x00,0x00,0x00,
  0x00,0x00,0x00,0x00,0x00,0x00,0x00,0x00,0x00,0x00,0x00,0x00,
  0x00,0x00,0x1F,0xFF,0xFF,0xFF,0xFF,0xF8,0x00,0x00,0x00,0x00,
  0x00,0x00,0x00,0x00,0x00,0x00,0x00,0x00,0x00,0x00,0x00,0x00,
  0x00,0x00,0x00,0x00,0x00,0x00,0x00,0x00,0x00,0x00,0x00,0x00,
  0x00,0x00,0x00,0x00,0x00,0x00,0x3F,0xFF,0xFF,0xFF,0xFF,0xF0,
  0x00,0x00,0x00,0x00,0x00,0x00,0x00,0x00,0x00,0x00,0x00,0x00,
  0x00,0x00,0x00,0x00,0x00,0x00,0x00,0x00,0x00,0x00,0x00,0x00,
  0x00,0x00,0x00,0x00,0x00,0x00,0x00,0x00,0x00,0x00,0x7F,0xFF,
  0xFF,0xFF,0xFF,0xF0,0x00,0x00,0x00,0x00,0x00,0x00,0x00,0x00,
  0x00,0x00,0x00,0x00,0x00,0x00,0x00,0x00,0x00,0x00,0x00,0x00,
  0x00,0x00,0x00,0x00,0x00,0x00,0x00,0x00,0x00,0x00,0x00,0x00,
  0x00,0x00,0xFF,0xFF,0xFF,0xFF,0xFF,0xF0,0x00,0x00,0x00,0x00,
  0x00,0x00,0x00,0x00,0x00,0x00,0x00,0x00,0x00,0x00,0x00,0x00,
  0x00,0x00,0x00,0x00,0x00,0x00,0x00,0x00,0x00,0x00,0x00,0x00,
  0x00,0x00,0x00,0x00,0x00,0x01,0xFF,0xFF,0xFF,0xFF,0xFF,0xE0,
  0x00,0x00,0x00,0x00,0x00,0x00,0x00,0x00,0x00,0x00,0x00,0x00,
  0x00,0x00,0x00,0x00,0x00,0x00,0x00,0x00,0x00,0x00,0x00,0x00,
  0x00,0x00,0x00,0x00,0x00,0x00,0x00,0x00,0x00,0x01,0xFF,0xFF,
  0xFF,0xFF,0xFF,0xE0,0x00,0x00,0x00,0x00,0x00,0x00,0x00,0x00,
  0x00,0x00,0x00,0x00,0x00,0x00,0x00,0x00,0x00,0x00,0x00,0x00,
  0x00,0x00,0x00,0x00,0x00,0x00,0x00,0x00,0x00,0x00,0x00,0x00,
  0x00,0x03,0xFF,0xFF,0xFF,0xFF,0xFF,0xE0,0x00,0x00,0x00,0x00,
  0x00,0x00,0x00,0x00,0x00,0x00,0x00,0x00,0x00,0x00,0x00,0x00,
  0x00,0x00,0x00,0x00,0x00,0x00,0x00,0x00,0x00,0x00,0x00,0x00,
  0x00,0x00,0x00,0x00,0x00,0x07,0xFF,0xFF,0xFF,0xFF,0xFF,0xC0,
  0x00,0x00,0x00,0x00,0x00,0x00,0x00,0x00,0x00,0x00,0x00,0x00,
  0x00,0x00,0x00,0x00,0x00,0x00,0x00,0x00,0x00,0x00,0x00,0x00,
  0x00,0x00,0x00,0x00,0x00,0x00,0x00,0x00,0x00,0x0F,0xFF,0xFF,
  0xFF,0xFF,0xFF,0xC0,0x00,0x00,0x00,0x00,0x00,0x00,0x00,0x00,
  0x00,0x00,0x00,0x00,0x00,0x00,0x00,0x00,0x00,0x00,0x00,0x00,
  0x00,0x00,0x00,0x00,0x00,0x00,0x00,0x00,0x00,0x00,0x00,0x00,
  0x00,0x1F,0xFF,0xFF,0xFF,0xFF,0xFF,0xC0,0x00,0x00,0x00,0x00,
  0x00,0x00,0x00,0x00,0x00,0x00,0x00,0x00,0x00,0x00,0x00,0x00,
  0x00,0x00,0x00,0x00,0x00,0x00,0x00,0x00,0x00,0x00,0x00,0x00,
  0x00,0x00,0x00,0x00,0x00,0x3F,0xFF,0xFF,0xFF,0xFF,0xFF,0x80,
  0x00,0x00,0x00,0x00,0x00,0x00,0x00,0x00,0x00,0x00,0x00,0x00,
  0x00,0x00,0x00,0x00,0x00,0x00,0x00,0x00,0x00,0x00,0x00,0x00,
  0x00,0x00,0x00,0x00,0x00,0x00,0x00,0x00,0x00,0x7F,0xFF,0xFF,
  0xFF,0xFF,0xFF,0x80,0x00,0x00,0x00,0x00,0x00,0x00,0x00,0x00,
  0x00,0x00,0x00,0x00,0x00,0x00,0x00,0x00,0x00,0x00,0x00,0x00,
  0x00,0x00,0x00,0x00,0x00,0x00,0x00,0x00,0x00,0x00,0x00,0x00,
  0x00,0x7F,0xFF,0xFF,0xFF,0xFF,0xFF,0x80,0x00,0x00,0x00,0x00,
  0x00,0x00,0x00,0x00,0x00,0x00,0x00,0x00,0x00,0x00,0x00,0x00,
  0x00,0x00,0x00,0x00,0x00,0x00,0x00,0x00,0x00,0x00,0x00,0x00,
  0x00,0x00,0x00,0x00,0x00,0xFF,0xFF,0xFF,0xFF,0xFF,0xFF,0x00,
  0x00,0x00,0x00,0x00,0x00,0x00,0x00,0x00,0x00,0x00,0x00,0x00,
  0x00,0x00,0x00,0x00,0x00,0x00,0x00,0x00,0x00,0x00,0x00,0x00,
  0x00,0x00,0x00,0x00,0x00,0x00,0x00,0x00,0x01,0xFF,0xFF,0xFF,
  0xFF,0xFF,0xFF,0x00,0x00,0x00,0x00,0x00,0x00,0x00,0x00,0x00,
  0x00,0x00,0x00,0x00,0x00,0x00,0x00,0x00,0x00,0x00,0x00,0x00,
  0x00,0x00,0x00,0x00,0x00,0x00,0x00,0x00,0x00,0x00,0x00,0x00,
  0x03,0xFF,0xFF,0xFF,0xFF,0xFF,0xFF,0x00,0x00,0x00,0x00,0x00,
  0x00,0x00,0x00,0x00,0x00,0x00,0x00,0x00,0x00,0x00,0x00,0x00,
  0x00,0x00,0x00,0x00,0x00,0x00,0x00,0x00,0x00,0x00,0x00,0x00,
  0x00,0x00,0x00,0x00,0x07,0xFF,0xFF,0xFF,0xFF,0xFF,0xFE,0x00,
  0xFF,0xFF,0xFF,0xFF,0xF0,0xFF,0xFC,0x00,0x0F,0xFF,0xE0,0x1F,
  0xFF,0xF0,0x00,0x00,0x00,0x03,0xFF,0xFE,0x00,0x00,0x3F,0xFF,
  0x03,0xFF,0xFF,0xFF,0xFF,0x00,0x00,0x00,0x07,0xFF,0xFF,0xFF,
  0xFF,0xFF,0xFE,0x00,0xFF,0xFF,0xFF,0xFF,0xF0,0x7F,0xFE,0x00,
  0x0F,0xFF,0xC0,0x3F,0xFF,0xF0,0x00,0x00,0x00,0x03,0xFF,0xFF,
  0x00,0x00,0x3F,0xFF,0x03,0xFF,0xFF,0xFF,0xFF,0x80,0x00,0x00,
  0x0F,0xFF,0xFF,0xFF,0xFF,0xFF,0xFE,0x00,0xFF,0xFF,0xFF,0xFF,
  0xF0,0x7F,0xFE,0x00,0x0F,0xFF,0xC0,0x3F,0xFF,0xF8,0x00,0x00,
  0x00,0x07,0xFF,0xFF,0x00,0x00,0x3F,0xFF,0x03,0xFF,0xFF,0xFF,
  0xFF,0xC0,0x00,0x00,0x1F,0xFF,0xFF,0xFF,0xFF,0xFF,0xFC,0x00,
  0xFF,0xFF,0xFF,0xFF,0xF0,0x7F,0xFF,0x00,0x1F,0xFF,0x80,0x7F,
  0xFF,0xF8,0x00,0x00,0x00,0x07,0xFF,0xFF,0x80,0x00,0x3F,0xFF,
  0x03,0xFF,0xFF,0xFF,0xFF,0xE0,0x00,0x00,0x3F,0xFF,0xFF,0xFF,
  0xFF,0xFF,0xFC,0x00,0xFF,0xFF,0xFF,0xFF,0xF0,0x3F,0xFF,0x00,
  0x1F,0xFF,0x80,0x7F,0xFF,0xFC,0x00,0x00,0x00,0x0F,0xFF,0xFF,
  0x80,0x00,0x3F,0xFF,0x03,0xFF,0xFF,0xFF,0xFF,0xE0,0x00,0x00,
  0x3F,0xFF,0xFF,0xFF,0xFF,0xFF,0xFC,0x00,0xFF,0xFF,0xFF,0xFF,
  0xF0,0x3F,0xFF,0x80,0x3F,0xFF,0x00,0xFF,0xFF,0xFE,0x00,0x00,
  0x00,0x0F,0xFF,0xFF,0xC0,0x00,0x3F,0xFF,0x03,0xFF,0xFF,0xFF,
  0xFF,0xE0,0x00,0x00,0x7F,0xFF,0xFF,0xFF,0xFF,0xFF,0xF8,0x00,
  0xFF,0xFF,0xFF,0xFF,0xF8,0x1F,0xFF,0x80,0x3F,0xFF,0x00,0xFF,
  0xFF,0xFE,0x00,0x00,0x00,0x1F,0xFF,0xFF,0xE0,0x00,0x3F,0xFF,
  0x03,0xFF,0xFF,0xFF,0xFF,0xE0,0x00,0x00,0xFF,0xFF,0xFF,0xFF,
  0xFF,0xFF,0xF8,0x00,0xFF,0xFF,0xFF,0xFF,0xF0,0x1F,0xFF,0x80,
  0x7F,0xFE,0x01,0xFF,0xFF,0xFF,0x00,0x00,0x00,0x1F,0xFF,0xFF,
  0xE0,0x00,0x3F,0xFF,0x03,0xFF,0xE0,0x07,0xFF,0xE0,0x00,0x01,
  0xFF,0xFF,0xFF,0xFF,0xFF,0xFF,0xF8,0x00,0xFF,0xF8,0x00,0x00,
  0x00,0x0F,0xFF,0xC0,0x7F,0xFE,0x01,0xFF,0xFF,0xFF,0x00,0x00,
  0x00,0x3F,0xFF,0xFF,0xF0,0x00,0x3F,0xFF,0x03,0xFF,0xE0,0x03,
  0xFF,0xE0,0x00,0x01,0xFF,0xFF,0xFF,0xFF,0xFF,0xFF,0xF0,0x00,
  0xFF,0xFC,0x00,0x00,0x00,0x0F,0xFF,0xC0,0x7F,0xFC,0x03,0xFF,
  0xFF,0xFF,0x80,0x00,0x00,0x3F,0xFF,0xFF,0xF0,0x00,0x3F,0xFF,
  0x03,0xFF,0xE0,0x03,0xFF,0xE0,0x00,0x03,0xFF,0xFF,0xFF,0xFF,
  0xFF,0xFF,0xF0,0x00,0xFF,0xFC,0x00,0x00,0x00,0x07,0xFF,0xE0,
  0xFF,0xFC,0x03,0xFF,0xFF,0xFF,0x80,0x00,0x00,0x7F,0xFF,0xFF,
  0xF8,0x00,0x3F,0xFF,0x03,0xFF,0xE0,0x03,0xFF,0xE0,0x00,0x07,
  0xFF,0xFF,0xFF,0xFF,0xFF,0xFF,0xF0,0x00,0xFF,0xFF,0xFF,0xFF,
  0xF0,0x07,0xFF,0xE0,0xFF,0xFC,0x07,0xFF,0xEF,0xFF,0xC0,0x00,
  0x00,0x7F,0xFD,0xFF,0xF8,0x00,0x3F,0xFF,0x03,0xFF,0xFF,0xFF,
  0xFF,0xE0,0x00,0x0F,0xFF,0xFF,0xFF,0xFF,0xFF,0xFF,0xE0,0x00,
  0xFF,0xFF,0xFF,0xFF,0xF0,0x07,0xFF,0xE1,0xFF,0xF8,0x07,0xFF,
  0xEF,0xFF,0xC0,0x00,0x00,0xFF,0xFC,0xFF,0xFC,0x00,0x3F,0xFF,
  0x03,0xFF,0xFF,0xFF,0xFF,0xE0,0x00,0x0F,0xFF,0xFF,0xFF,0xFF,
  0xFF,0xFF,0xE0,0x00,0xFF,0xFF,0xFF,0xFF,0xF0,0x03,0xFF,0xF1,
  0xFF,0xF8,0x0F,0xFF,0xC7,0xFF,0xE0,0x00,0x00,0xFF,0xFC,0xFF,
  0xFC,0x00,0x3F,0xFF,0x03,0xFF,0xFF,0xFF,0xFF,0xE0,0x00,0x1F,
  0xFF,0xFF,0xFF,0xFF,0xFF,0xFF,0xE0,0x00,0xFF,0xFF,0xFF,0xFF,
  0xF0,0x03,0xFF,0xF1,0xFF,0xF0,0x0F,0xFF,0xC7,0xFF,0xE0,0x00,
  0x01,0xFF,0xF8,0x7F,0xFE,0x00,0x3F,0xFF,0x03,0xFF,0xFF,0xFF,
  0xFF,0xC0,0x00,0x3F,0xFF,0xFF,0xFF,0xFF,0xFF,0xFF,0xC0,0x00,
  0xFF,0xFF,0xFF,0xFF,0xF0,0x01,0xFF,0xFB,0xFF,0xF0,0x1F,0xFF,
  0x83,0xFF,0xF0,0x00,0x01,0xFF,0xF8,0x7F,0xFE,0x00,0x3F,0xFF,
  0x03,0xFF,0xFF,0xFF,0xFF,0x80,0x00,0x7F,0xFF,0xFF,0xFF,0xFF,
  0xFF,0xFF,0xC0,0x00,0xFF,0xFF,0xFF,0xFF,0xF0,0x01,0xFF,0xFB,
  0xFF,0xE0,0x1F,0xFF,0x83,0xFF,0xF0,0x00,0x03,0xFF,0xF0,0x3F,
  0xFF,0x00,0x3F,0xFF,0x03,0xFF,0xFF,0xFF,0xFF,0x80,0x00,0x7F,
  0xFF,0xFF,0xFF,0xFF,0xFF,0xFF,0xC0,0x00,0xFF,0xFF,0xFF,0xFF,
  0xF0,0x00,0xFF,0xFF,0xFF,0xE0,0x3F,0xFF,0xFF,0xFF,0xF8,0x00,
  0x03,0xFF,0xFF,0xFF,0xFF,0x00,0x3F,0xFF,0x03,0xFF,0xFF,0xFF,
  0xFF,0xC0,0x00,0xFF,0xFF,0xFF,0xFF,0xFF,0xFF,0xFF,0x80,0x00,
  0xFF,0xFC,0x00,0x00,0x00,0x00,0xFF,0xFF,0xFF,0xC0,0x3F,0xFF,
  0xFF,0xFF,0xF8,0x00,0x07,0xFF,0xFF,0xFF,0xFF,0x80,0x3F,0xFF,
  0x03,0xFF,0xFF,0xFF,0xFF,0xE0,0x01,0xFF,0xFF,0xFF,0xFF,0xFF,
  0xFF,0xFF,0x80,0x00,0xFF,0xFC,0x00,0x00,0x00,0x00,0x7F,0xFF,
  0xFF,0xC0,0x7F,0xFF,0xFF,0xFF,0xFC,0x00,0x0F,0xFF,0xFF,0xFF,
  0xFF,0x80,0x3F,0xFF,0x03,0xFF,0xE0,0x07,0xFF,0xE0,0x03,0xFF,
  0xFF,0xFF,0xFF,0xFF,0xFF,0xFF,0x00,0x00,0xFF,0xFC,0x00,0x00,
  0x00,0x00,0x7F,0xFF,0xFF,0x80,0x7F,0xFF,0xFF,0xFF,0xFC,0x00,
  0x0F,0xFF,0xFF,0xFF,0xFF,0xC0,0x3F,0xFF,0x03,0xFF,0xE0,0x03,
  0xFF,0xE0,0x03,0xFF,0xFF,0xFF,0xFF,0xFF,0xFF,0xFF,0x00,0x00,
  0xFF,0xFF,0xFF,0xFF,0xF0,0x00,0x3F,0xFF,0xFF,0x80,0xFF,0xFF,
  0xFF,0xFF,0xFE,0x00,0x1F,0xFF,0xFF,0xFF,0xFF,0xC0,0x3F,0xFF,
  0x03,0xFF,0xE0,0x03,0xFF,0xE0,0x07,0xFF,0xFF,0xFF,0xFF,0xFF,
  0xFF,0xFF,0x00,0x00,0xFF,0xFF,0xFF,0xFF,0xF8,0x00,0x3F,0xFF,
  0xFF,0x01,0xFF,0xFF,0xFF,0xFF,0xFF,0x00,0x1F,0xFF,0xFF,0xFF,
  0xFF,0xE0,0x3F,0xFF,0x03,0xFF,0xE0,0x03,0xFF,0xE0,0x0F,0xFF,
  0xFF,0xFF,0xFF,0xFF,0xFF,0xFE,0x00,0x00,0xFF,0xFF,0xFF,0xFF,
  0xF0,0x00,0x1F,0xFF,0xFF,0x01,0xFF,0xFF,0xFF,0xFF,0xFF,0x00,
  0x3F,0xFF,0xFF,0xFF,0xFF,0xE0,0x3F,0xFF,0x03,0xFF,0xE0,0x03,
  0xFF,0xE0,0x1F,0xFF,0xFF,0xFF,0xFF,0xFF,0xFF,0xFE,0x00,0x00,
  0xFF,0xFF,0xFF,0xFF,0xF0,0x00,0x1F,0xFF,0xFE,0x03,0xFF,0xFF,
  0xFF,0xFF,0xFF,0x80,0x3F,0xFF,0xFF,0xFF,0xFF,0xF0,0x3F,0xFF,
  0x03,0xFF,0xE0,0x03,0xFF,0xE0,0x3F,0xFF,0xFF,0xFF,0xFF,0xFF,
  0xFF,0xFE,0x00,0x00,0xFF,0xFF,0xFF,0xFF,0xF0,0x00,0x1F,0xFF,
  0xFE,0x03,0xFF,0xF0,0x00,0x1F,0xFF,0x80,0x7F,0xFE,0x00,0x03,
  0xFF,0xF0,0x3F,0xFF,0x03,0xFF,0xE0,0x03,0xFF,0xE0,0x3F,0xFF,
  0xFF,0xFF,0xFF,0xFF,0xFF,0xFC,0x00,0x00,0xFF,0xFF,0xFF,0xFF,
  0xF0,0x00,0x0F,0xFF,0xFE,0x07,0xFF,0xE0,0x00,0x0F,0xFF,0xC0,
  0x7F,0xFE,0x00,0x01,0xFF,0xF8,0x3F,0xFF,0x03,0xFF,0xE0,0x03,
  0xFF,0xE0,0x7F,0xFF,0xFF,0xFF,0xFF,0xFF,0xFF,0xFC,0x00,0x00,
  0xFF,0xFF,0xFF,0xFF,0xF0,0x00,0x0F,0xFF,0xFC,0x07,0xFF,0xE0,
  0x00,0x0F,0xFF,0xC0,0xFF,0xFC,0x00,0x01,0xFF,0xF8,0x3F,0xFF,
  0x03,0xFF,0xE0,0x03,0xFF,0xE0,0xFF,0xFF,0xFF,0xFF,0xFF,0xFF,
  0xFF,0xFC,0x00,0x00,0xFF,0xFF,0xFF,0xFF,0xF0,0x00,0x07,0xFF,
  0xFC,0x0F,0xFF,0xC0,0x00,0x07,0xFF,0xC0,0xFF,0xFC,0x00,0x00,
  0xFF,0xFC,0x3F,0xFF,0x03,0xFF,0xE0,0x03,0xFF,0xE0,0xFF,0xFF,
  0xFF,0xFF,0xFF,0xFF,0xFF,0xF8,0x00,0x00,0x00,0x00,0x00,0x00,
  0x00,0x00,0x00,0x00,0x00,0x00,0x00,0x00,0x00,0x00,0x00,0x00,
  0x00,0x00,0x00,0x00,0x00,0x00,0x00,0x00,0x00,0x00,0x00,0x00,
  0x00,0x00,0x00,0x00,0x07,0xFF,0xFF,0xFF,0xFF,0xF8,0x00,0x00,
};
static const uint8_t logo_fdx[] PROGMEM = {
  0xFF,0xFF,0xFF,0xFF,0xFC,0x00,0x00,0x00,0x00,0x00,0x00,0x00,
  0x00,0x1F,0xFF,0xFF,0xFF,0xFF,0xFF,0xE0,0x00,0x00,0x00,0x00,
  0x00,0xFF,0xFF,0xFF,0xFF,0xFC,0x00,0x00,0x00,0x00,0x00,0x00,
  0x00,0x00,0x1F,0xFF,0xFF,0xFF,0xFF,0xFF,0xE0,0x00,0x00,0x00,
  0x00,0x00,0xFF,0xFF,0xFF,0xFF,0xFC,0x00,0x00,0x00,0x00,0x00,
  0x00,0x00,0x00,0x1F,0xFF,0xFF,0xFF,0xFF,0xFF,0xE0,0x00,0x00,
  0x00,0x00,0x00,0xFF,0xFF,0xFF,0xFF,0xFC,0x00,0x00,0x00,0x00,
  0x00,0x00,0x00,0x00,0x1F,0xFF,0xFF,0xFF,0xFF,0xFF,0xE0,0x00,
  0x00,0x00,0x00,0x00,0xFF,0xFF,0xFF,0xFF,0xFC,0x00,0x00,0x00,
  0x00,0x00,0x00,0x00,0x00,0x1F,0xFF,0xFF,0xFF,0xFF,0xFF,0xE0,
  0x00,0x00,0x00,0x00,0x00,0xFF,0xFF,0xFF,0xFF,0xFC,0x00,0x00,
  0x00,0x00,0x00,0x00,0x00,0x00,0x1F,0xFF,0xFF,0xFF,0xFF,0xFF,
  0xE0,0x00,0x00,0x00,0x00,0x00,0xFF,0xFF,0xFF,0xFF,0xFC,0x00,
  0x00,0x00,0x00,0x00,0x00,0x00,0x00,0x1F,0xFF,0xFF,0xFF,0xFF,
  0xFF,0xE0,0x00,0x00,0x00,0x00,0x00,0xFF,0xFF,0xFF,0xFF,0xFC,
  0x00,0x00,0x00,0x00,0x00,0x00,0x00,0x00,0x1F,0xFF,0xFF,0xFF,
  0xFF,0xFF,0xE0,0x00,0x00,0x00,0x00,0x00,0xFF,0xFF,0xFF,0xFF,
  0xFC,0x00,0x00,0x00,0x00,0x00,0x00,0x00,0x00,0x1F,0xFF,0xFF,
  0xFF,0xFF,0xFF,0xE0,0x00,0x00,0x00,0x00,0x00,0xFF,0xFF,0xFF,
  0xFF,0xFC,0x00,0x00,0x00,0x00,0x00,0x00,0x00,0x00,0x1F,0xFF,
  0xFF,0xFF,0xFF,0xFF,0xE0,0x00,0x00,0x00,0x00,0x00,0xFF,0xFF,
  0xFF,0xFF,0xFC,0x00,0x00,0x00,0x00,0x00,0x00,0x00,0x00,0x1F,
  0xFF,0xFF,0xFF,0xFF,0xFF,0xE0,0x00,0x00,0x00,0x00,0x00,0xFF,
  0xFF,0xFF,0xFF,0xFC,0x00,0x00,0x00,0x00,0x00,0x00,0x00,0x00,
  0x1F,0xFF,0xFF,0xFF,0xFF,0xFF,0xE0,0x00,0x00,0x00,0x00,0x00,
  0xFF,0xFF,0xFF,0xFF,0xFC,0x00,0x00,0x00,0x00,0x00,0x00,0x00,
  0x00,0x1F,0xFF,0xFF,0xFF,0xFF,0xFF,0xE0,0x00,0x00,0x00,0x00,
  0x00,0xFF,0xFE,0x00,0x00,0x00,0x00,0x00,0x00,0x00,0x00,0x00,
  0x00,0x00,0x1F,0xFF,0xFF,0xFF,0x00,0x00,0x00,0x00,0x00,0x00,
  0x00,0x00,0xFF,0xFE,0x00,0x00,0x00,0x00,0x00,0x00,0x00,0x00,
  0x00,0x00,0x00,0x1F,0xFF,0xFF,0xFF,0x00,0x00,0x00,0x00,0x00,
  0x00,0x00,0x00,0xFF,0xFE,0x00,0x00,0x00,0x00,0x00,0x00,0x00,
  0x00,0x00,0x00,0x00,0x1F,0xFF,0xFF,0xFF,0x00,0x00,0x00,0x00,
  0x00,0x00,0x00,0x00,0xFF,0xFE,0x00,0x00,0x00,0x00,0x00,0x00,
  0x00,0x00,0x00,0x00,0x00,0x1F,0xFF,0xFF,0xFF,0x00,0x00,0x00,
  0x00,0x00,0x00,0x00,0x00,0xFF,0xFE,0x00,0x00,0x00,0x00,0x00,
  0x00,0x00,0x00,0x00,0x00,0x00,0x1F,0xFF,0xFF,0xFF,0x00,0x00,
  0x00,0x00,0x00,0x00,0x00,0x00,0xFF,0xFE,0x00,0x00,0x00,0x00,
  0x00,0x00,0x00,0x00,0x00,0x03,0x00,0x1F,0xFF,0xFF,0xFF,0x00,
  0x00,0x00,0x00,0x00,0x00,0x00,0x00,0xFF,0xFE,0x00,0x00,0x00,
  0x00,0xFF,0xFC,0x00,0x00,0x00,0x7F,0xF8,0x1F,0xFF,0xFF,0xFF,
  0x00,0x00,0x00,0x00,0x00,0x00,0x00,0x00,0xFF,0xFF,0x00,0x00,
  0x00,0x07,0xFF,0xFF,0x80,0x00,0x03,0xFF,0xFF,0x1F,0xFF,0xFF,
  0xFF,0xFF,0xFF,0xFF,0xFF,0xC0,0x01,0xFF,0xFF,0xFF,0xFF,0xFF,
  0xFF,0xE0,0x1F,0xFF,0xFF,0xE0,0x00,0x0F,0xFF,0xFF,0x9F,0xFF,
  0xFF,0xFF,0xFF,0xFF,0xFF,0xFF,0xE0,0x03,0xFF,0xFE,0xFF,0xFF,
  0xFF,0xFF,0xE0,0x3F,0xFF,0xFF,0xF0,0x00,0x1F,0xFF,0xFF,0xFF,
  0xFF,0xFF,0xFF,0xFF,0xFF,0xDF,0xFF,0xF0,0x07,0xFF,0xFC,0xFF,
  0xFF,0xFF,0xFF,0xE0,0xFF,0xFF,0xFF,0xF8,0x00,0x3F,0xFF,0xFF,
  0xFF,0xFF,0xFF,0xFF,0xFF,0xFF,0xCF,0xFF,0xF8,0x0F,0xFF,0xFC,
  0xFF,0xFF,0xFF,0xFF,0xE1,0xFF,0xFF,0xFF,0xFE,0x00,0x7F,0xFF,
  0xFF,0xFF,0xFF,0xFF,0xFF,0xFF,0xFF,0xCF,0xFF,0xFC,0x1F,0xFF,
  0xF8,0xFF,0xFF,0xFF,0xFF,0xE3,0xFF,0xFF,0xFF,0xFF,0x00,0xFF,
  0xFF,0xFF,0xFF,0xFF,0xFF,0xFF,0xFF,0xFF,0xC7,0xFF,0xFC,0x1F,
  0xFF,0xF0,0xFF,0xFF,0xFF,0xFF,0xE7,0xFF,0xFF,0xFF,0xFF,0x01,
  0xFF,0xFF,0xFF,0xFF,0xFF,0xFF,0xFF,0xFF,0xFF,0xC3,0xFF,0xFE,
  0x3F,0xFF,0xE0,0xFF,0xFF,0xFF,0xFF,0xEF,0xFF,0xFF,0xFF,0xFF,
  0x83,0xFF,0xFF,0xFF,0xFF,0xFF,0xFF,0xFF,0xFF,0xFF,0xC1,0xFF,
  0xFF,0x7F,0xFF,0xC0,0xFF,0xFF,0xFF,0xFF,0xFF,0xFF,0xF0,0x3F,
  0xFF,0xC3,0xFF,0xFF,0xFF,0xFF,0xFF,0xFF,0xFF,0xFF,0xFF,0xC0,
  0xFF,0xFF,0xFF,0xFF,0xC0,0xFF,0xFF,0xFF,0xFF,0xFF,0xFF,0xC0,
  0x0F,0xFF,0xC7,0xFF,0xFF,0xFF,0xFF,0xFF,0xFF,0xFF,0xFF,0xFF,
  0xC0,0xFF,0xFF,0xFF,0xFF,0x80,0xFF,0xFF,0xFF,0xFF,0xFF,0xFF,
  0x80,0x07,0xFF,0xE7,0xFF,0xFC,0x07,0xFF,0xFF,0xFF,0xFF,0xFF,
  0xFF,0xC0,0x7F,0xFF,0xFF,0xFF,0x00,0xFF,0xFF,0xFF,0xFF,0xFF,
  0xFF,0x00,0x07,0xFF,0xEF,0xFF,0xF0,0x01,0xFF,0xFF,0xFF,0xFF,
  0xFF,0xFF,0xC0,0x3F,0xFF,0xFF,0xFE,0x00,0xFF,0xFF,0xFF,0xFF,
  0xFF,0xFE,0x00,0x03,0xFF,0xFF,0xFF,0xE0,0x00,0xFF,0xFF,0xFF,
  0xFF,0xFF,0xFF,0xC0,0x1F,0xFF,0xFF,0xFC,0x00,0xFF,0xFF,0x40,
  0x00,0x7F,0xFE,0x00,0x03,0xFF,0xFF,0xFF,0xC0,0x00,0x7F,0xFF,
  0xFF,0xFF,0xBB,0xDF,0xC0,0x0F,0xFF,0xFF,0xF8,0x00,0xFF,0xFE,
  0x00,0x00,0x7F,0xFF,0xFF,0xFF,0xFF,0xFF,0xFF,0xC0,0x00,0x7F,
  0xFF,0xFF,0xFF,0x00,0x00,0x00,0x0F,0xFF,0xFF,0xF8,0x00,0xFF,
  0xFE,0x00,0x00,0x7F,0xFF,0xFF,0xFF,0xFF,0xFF,0xFF,0x80,0x00,
  0x7F,0xFF,0xFF,0xFF,0x00,0x00,0x00,0x07,0xFF,0xFF,0xF0,0x00,
  0xFF,0xFE,0x00,0x00,0x7F,0xFF,0xFF,0xFF,0xFF,0xFF,0xFF,0x80,
  0x00,0x3F,0xFF,0xFF,0xFF,0x00,0x00,0x00,0x03,0xFF,0xFF,0xE0,
  0x00,0xFF,0xFE,0x00,0x00,0xFF,0xFF,0xFF,0xFF,0xFF,0xFF,0xFF,
  0x80,0x00,0x3F,0xFF,0xFF,0xFF,0x00,0x00,0x00,0x01,0xFF,0xFF,
  0xC0,0x00,0xFF,0xFE,0x00,0x00,0xFF,0xFF,0xFF,0xFF,0xFF,0xFF,
  0xFF,0x80,0x00,0x3F,0xFF,0xFF,0xFF,0x00,0x00,0x00,0x00,0xFF,
  0xFF,0x80,0x00,0xFF,0xFE,0x00,0x00,0xFF,0xFF,0xFF,0xFF,0xFF,
  0xFF,0xFF,0x80,0x00,0x3F,0xFF,0xFF,0xFF,0x00,0x00,0x00,0x00,
  0xFF,0xFF,0x80,0x00,0xFF,0xFE,0x00,0x00,0xFF,0xFF,0xFF,0xFF,
  0xFF,0xFF,0xFF,0x80,0x00,0x3F,0xFF,0xFF,0xFF,0x00,0x00,0x00,
  0x01,0xFF,0xFF,0xC0,0x00,0xFF,0xFE,0x00,0x00,0xFF,0xFF,0xFF,
  0xFF,0xFF,0xFF,0xFF,0x80,0x00,0x3F,0xFF,0xFF,0xFF,0x00,0x00,
  0x00,0x03,0xFF,0xFF,0xE0,0x00,0xFF,0xFE,0x00,0x00,0xFF,0xFF,
  0xFF,0xFF,0xFF,0xFF,0xFF,0x80,0x00,0x7F,0xFF,0xFF,0xFF,0x00,
  0x00,0x00,0x07,0xFF,0xFF,0xE0,0x00,0xFF,0xFE,0x00,0x00,0xFF,
  0xFE,0x00,0x00,0x00,0x1F,0xFF,0xC0,0x00,0x7F,0xFF,0xFF,0xFF,
  0x00,0x00,0x00,0x07,0xFF,0xFF,0xF0,0x00,0xFF,0xFE,0x00,0x00,
  0x7F,0xFE,0x00,0x00,0x00,0x1F,0xFF,0xC0,0x00,0x7F,0xFF,0xFF,
  0xFF,0x00,0x00,0x00,0x0F,0xFF,0xFF,0xF8,0x00,0xFF,0xFE,0x00,
  0x00,0x7F,0xFE,0x00,0x00,0x00,0x0F,0xFF,0xE0,0x00,0xFF,0xFF,
  0xFF,0xFF,0xFF,0xFF,0xC0,0x1F,0xFF,0xFF,0xFC,0x00,0xFF,0xFE,
  0x00,0x00,0x7F,0xFF,0x00,0x07,0xFF,0xFF,0xFF,0xF0,0x01,0xFF,
  0xFF,0xFF,0xFF,0xFF,0xFF,0xE0,0x3F,0xFF,0xFF,0xFE,0x00,0xFF,
  0xFE,0x00,0x00,0x3F,0xFF,0x80,0x0F,0xFF,0xEF,0xFF,0xF8,0x03,
  0xFF,0xFF,0xFF,0xFF,0xFF,0xFF,0xE0,0x7F,0xFF,0xFF,0xFE,0x00,
  0xFF,0xFE,0x00,0x00,0x3F,0xFF,0xC0,0x1F,0xFF,0xE7,0xFF,0xFF,
  0x1F,0xFF,0xFF,0xFF,0xFF,0xFF,0xFF,0xE0,0x7F,0xFF,0xFF,0xFF,
  0x00,0xFF,0xFE,0x00,0x00,0x3F,0xFF,0xF0,0x7F,0xFF,0xC7,0xFF,
  0xFF,0xFF,0xFF,0xFF,0xFF,0xFF,0xFF,0xFF,0xE0,0xFF,0xFF,0xFF,
  0xFF,0x80,0xFF,0xFE,0x00,0x00,0x1F,0xFF,0xFF,0xFF,0xFF,0xC3,
  0xFF,0xFF,0xFF,0xFF,0xFF,0xFF,0xFF,0xFF,0xFF,0xE1,0xFF,0xFF,
  0xFF,0xFF,0xC0,0xFF,0xFE,0x00,0x00,0x0F,0xFF,0xFF,0xFF,0xFF,
  0x83,0xFF,0xFF,0xFF,0xFF,0xFF,0xFF,0xFF,0xFF,0xFF,0xE3,0xFF,
  0xFE,0x7F,0xFF,0xE0,0xFF,0xFE,0x00,0x00,0x0F,0xFF,0xFF,0xFF,
  0xFF,0x01,0xFF,0xFF,0xFF,0xFF,0xFF,0xFF,0xFF,0xFF,0xFF,0xE7,
  0xFF,0xFC,0x3F,0xFF,0xF0,0xFF,0xFE,0x00,0x00,0x07,0xFF,0xFF,
  0xFF,0xFE,0x00,0xFF,0xFF,0xFF,0xFF,0xFF,0xFF,0xFF,0xFF,0xFF,
  0xE7,0xFF,0xF8,0x1F,0xFF,0xF0,0xFF,0xFE,0x00,0x00,0x03,0xFF,
  0xFF,0xFF,0xFC,0x00,0x7F,0xFF,0xFF,0xDF,0xFF,0xFF,0xFF,0xFF,
  0xFF,0xEF,0xFF,0xF0,0x0F,0xFF,0xF8,0xFF,0xFE,0x00,0x00,0x01,
  0xFF,0xFF,0xFF,0xF8,0x00,0x3F,0xFF,0xFF,0x9F,0xFF,0xFF,0xFF,
  0xFF,0xFF,0xFF,0xFF,0xF0,0x0F,0xFF,0xFC,0xFF,0xFE,0x00,0x00,
  0x00,0x7F,0xFF,0xFF,0xF0,0x00,0x1F,0xFF,0xFF,0x1F,0xFF,0xFF,
  0xFF,0xFF,0xFF,0xFF,0xFF,0xE0,0x07,0xFF,0xFE,0xFF,0xFE,0x00,
  0x00,0x00,0x1F,0xFF,0xFF,0xC0,0x00,0x07,0xFF,0xFE,0x1F,0xFF,
  0xFF,0xFF,0xFF,0xFF,0xFF,0xFF,0xC0,0x03,0xFF,0xFF,0x00,0x00,
  0x00,0x00,0x00,0x07,0xFF,0xFF,0x00,0x00,0x01,0xFF,0xF8,0x00,
  0x00,0x00,0x00,0x00,0x00,0x00,0x00,0x00,0x00,0x00,0x00,0x00,
  0x00,0x00,0x00,0x00,0x00,0xFF,0xF0,0x00,0x00,0x00,0x3F,0xE0,
  0x00,0x00,0x00,0x00,0x00,0x00,0x00,0x00,0x00,0x00,0x00,0x00,
};
static const uint8_t logo_fft[] PROGMEM = {
  0x00,0x00,0x7F,0xFF,0xFF,0xFF,0x01,0xFF,0xFE,0x00,0x00,0x00,
  0x00,0x0F,0xFE,0x00,0x00,0x01,0x7F,0x80,0x00,0x17,0xFC,0x0F,
  0xFF,0xFF,0xFF,0xFE,0x07,0xFF,0x81,0xFF,0xFF,0xFF,0xFF,0x03,
  0xFF,0xFF,0xC0,0x00,0x00,0x0F,0xFF,0xFF,0xFF,0xFF,0x87,0xFF,
  0xFF,0xFC,0x00,0x00,0x00,0xFF,0xFF,0xC0,0x00,0x03,0xFF,0xC0,
  0x00,0x3F,0xFE,0x1F,0xFF,0xFF,0xFF,0xFF,0x0F,0xFF,0x83,0xFF,
  0xFF,0xFF,0xFF,0x83,0xFF,0xFF,0xFE,0x00,0x00,0x1F,0xFF,0xFF,
  0xFF,0xFF,0x87,0xFF,0xFF,0xFF,0x00,0x00,0x03,0xFF,0xFF,0xF0,
  0x00,0x03,0xFF,0xC0,0x00,0x3F,0xFE,0x3F,0xFF,0xFF,0xFF,0xFF,
  0x0F,0xFF,0x83,0xFF,0xFF,0xFF,0xFF,0x07,0xFF,0xFF,0xFF,0x80,
  0x00,0x3F,0xFF,0xFF,0xFF,0xFF,0x87,0xFF,0xFF,0xFF,0xC0,0x00,
  0x0F,0xFF,0xFF,0xFC,0x00,0x07,0xFF,0xE0,0x00,0x7F,0xFC,0x3F,
  0xFF,0xFF,0xFF,0xFE,0x1F,0xFF,0x83,0xFF,0xFF,0xFF,0xFF,0x07,
  0xFF,0xFF,0xFF,0xE0,0x00,0x7F,0xFF,0xFF,0xFF,0xFF,0x0F,0xFF,
  0xFF,0xFF,0xF0,0x00,0x1F,0xFF,0xFF,0xFE,0x00,0x07,0xFF,0xE0,
  0x00,0x7F,0xFC,0x3F,0xFF,0xFF,0xFF,0xFE,0x1F,0xFF,0x07,0xFF,
  0xFF,0xFF,0xFF,0x07,0xFF,0xFF,0xFF,0xF0,0x00,0x7F,0xFF,0xFF,
  0xFF,0xFF,0x0F,0xFF,0xFF,0xFF,0xF8,0x00,0x7F,0xFF,0xFF,0xFF,
  0x00,0x07,0xFF,0xF0,0x00,0x7F,0xFC,0x7F,0xFF,0xFF,0xFF,0xFE,
  0x1F,0xFF,0x07,0xFF,0xFF,0xFF,0xFE,0x0F,0xFF,0xFF,0xFF,0xF8,
  0x00,0x7F,0xFF,0xFF,0xFF,0xFF,0x0F,0xFF,0xFF,0xFF,0xF8,0x00,
  0xFF,0xFF,0xFF,0xFF,0x80,0x0F,0xFF,0xF0,0x00,0x7F,0xFC,0x7F,
  0xFF,0xFF,0xFF,0xFC,0x1F,0xFF,0x07,0xFF,0xFF,0xFF,0xFE,0x0F,
  0xFF,0xFF,0xFF,0xFC,0x00,0xFF,0xFF,0xFF,0xFF,0xFE,0x0F,0xFF,
  0xFF,0xFF,0xFC,0x01,0xFF,0xFF,0xFF,0xFF,0xC0,0x0F,0xFF,0xF8,
  0x00,0xFF,0xF8,0x7F,0xFF,0xFF,0xFF,0xFC,0x3F,0xFE,0x0F,0xFF,
  0xFF,0xFF,0xFE,0x0F,0xFF,0xFF,0xFF,0xFE,0x00,0xFF,0xFF,0xFF,
  0xFF,0xFE,0x1F,0xFF,0xFF,0xFF,0xFC,0x03,0xFF,0xFF,0xFF,0xFF,
  0xE0,0x0F,0xFF,0xF8,0x00,0xFF,0xF8,0x7F,0xFF,0xFF,0xFF,0xFC,
  0x3F,0xFE,0x0F,0xFF,0xFF,0xFF,0xFE,0x1F,0xFF,0xFF,0xFF,0xFE,
  0x00,0xFF,0xFF,0xFF,0xFF,0xFC,0x1F,0xFF,0xFF,0xFF,0xFE,0x07,
  0xFF,0xFF,0xFF,0xFF,0xE0,0x0F,0xFF,0xFC,0x00,0xFF,0xF8,0xFF,
  0xFF,0xFF,0xFF,0xFC,0x3F,0xFE,0x0F,0xFF,0xFF,0xFF,0xFC,0x1F,
  0xFF,0xFF,0xFF,0xFF,0x00,0xFF,0xFF,0xFF,0xFF,0xF8,0x1F,0xFF,
  0xFF,0xFF,0xFE,0x07,0xFF,0xFF,0xFF,0xFF,0xF0,0x1F,0xFF,0xFC,
  0x01,0xFF,0xF8,0xFF,0xFF,0xFF,0xFF,0xF8,0x3F,0xFE,0x0F,0xFF,
  0xFF,0xFF,0xFC,0x1F,0xFF,0xFF,0xFF,0xFF,0x01,0xFF,0xFF,0xFF,
  0xFF,0xE0,0x3F,0xFE,0x00,0xFF,0xFE,0x0F,0xFF,0xF8,0x1F,0xFF,
  0xF0,0x1F,0xFF,0xFE,0x01,0xFF,0xF0,0x00,0x1F,0xFF,0x80,0x00,
  0x7F,0xFC,0x1F,0xFF,0x00,0x00,0x00,0x1F,0xFE,0x00,0x7F,0xFF,
  0x01,0xE0,0x00,0x00,0x00,0x00,0x3F,0xFE,0x00,0x3F,0xFE,0x1F,
  0xFF,0xE0,0x07,0xFF,0xF8,0x1F,0xFF,0xFE,0x01,0xFF,0xF0,0x00,
  0x1F,0xFF,0x00,0x00,0x7F,0xFC,0x1F,0xFE,0x00,0x00,0x00,0x3F,
  0xFE,0x00,0x3F,0xFF,0x01,0x00,0x00,0x00,0x00,0x00,0x3F,0xFC,
  0x00,0x3F,0xFE,0x1F,0xFF,0xC0,0x03,0xFF,0xF8,0x3F,0xFF,0xFF,
  0x01,0xFF,0xF0,0x00,0x1F,0xFF,0x00,0x00,0x7F,0xFC,0x1F,0xFE,
  0x00,0x00,0x00,0x3F,0xFE,0x00,0x1F,0xFF,0x00,0x00,0x00,0x00,
  0x00,0x00,0x3F,0xFC,0x00,0x3F,0xFE,0x3F,0xFF,0x80,0x01,0xFF,
  0xF8,0x3F,0xFF,0xFF,0x03,0xFF,0xE0,0x00,0x1F,0xFF,0x00,0x00,
  0xFF,0xFC,0x3F,0xFE,0x00,0x00,0x00,0x3F,0xFC,0x00,0x1F,0xFF,
  0x00,0x7F,0xFF,0xFF,0xFF,0xF0,0x7F,0xFC,0x00,0x3F,0xFE,0x3F,
  0xFF,0x00,0x01,0xFF,0xF8,0x3F,0xFF,0xFF,0x03,0xFF,0xE0,0x00,
  0x3F,0xFE,0x00,0x00,0xFF,0xF8,0x3F,0xFC,0x00,0x00,0x00,0x7F,
  0xFC,0x00,0x1F,0xFF,0x01,0xFF,0xFF,0xFF,0xFF,0xF0,0x7F,0xF8,
  0x00,0x3F,0xFE,0x7F,0xFE,0x00,0x01,0xFF,0xF8,0x3F,0xFF,0xFF,
  0x83,0xFF,0xE0,0x00,0x3F,0xFE,0x00,0x00,0xFF,0xF8,0x3F,0xFF,
  0xFF,0xFF,0xC0,0x7F,0xFC,0x00,0x3F,0xFF,0x03,0xFF,0xFF,0xFF,
  0xFF,0xE0,0x7F,0xF8,0x00,0x7F,0xFE,0x7F,0xFC,0x00,0x00,0xFF,
  0xF8,0x7F,0xFF,0xFF,0x87,0xFF,0xE0,0x00,0x3F,0xFE,0x00,0x01,
  0xFF,0xF8,0x3F,0xFF,0xFF,0xFF,0xC0,0x7F,0xFC,0x00,0x3F,0xFE,
  0x03,0xFF,0xFF,0xFF,0xFF,0xE0,0xFF,0xF8,0x00,0xFF,0xFC,0x7F,
  0xFC,0x00,0x00,0xFF,0xF8,0x7F,0xFF,0xFF,0xC7,0xFF,0xC0,0x00,
  0x7F,0xFE,0x00,0x01,0xFF,0xF0,0x7F,0xFF,0xFF,0xFF,0xC0,0x7F,
  0xF8,0x00,0x7F,0xFE,0x07,0xFF,0xFF,0xFF,0xFF,0xE0,0xFF,0xF8,
  0x03,0xFF,0xFC,0xFF,0xFC,0x00,0x00,0xFF,0xF8,0x7F,0xFF,0xFF,
  0xC7,0xFF,0xC0,0x00,0x7F,0xFC,0x00,0x01,0xFF,0xF0,0x7F,0xFF,
  0xFF,0xFF,0xC0,0xFF,0xF8,0x03,0xFF,0xFE,0x07,0xFF,0xFF,0xFF,
  0xFF,0xC0,0xFF,0xFF,0xFF,0xFF,0xFC,0xFF,0xF8,0x00,0x00,0xFF,
  0xF8,0xFF,0xFF,0xFF,0xE7,0xFF,0xC0,0x00,0x7F,0xFC,0x00,0x01,
  0xFF,0xF0,0x7F,0xFF,0xFF,0xFF,0xC0,0xFF,0xFF,0xFF,0xFF,0xFC,
  0x07,0xFF,0xFF,0xFF,0xFF,0xC0,0xFF,0xFF,0xFF,0xFF,0xF8,0xFF,
  0xF8,0x00,0x00,0xFF,0xF8,0xFF,0xFB,0xFF,0xEF,0xFF,0x80,0x00,
  0x7F,0xFC,0x00,0x03,0xFF,0xF0,0x7F,0xFF,0xFF,0xFF,0x80,0xFF,
  0xFF,0xFF,0xFF,0xFC,0x0F,0xFF,0xFF,0xFF,0xFF,0x81,0xFF,0xFF,
  0xFF,0xFF,0xF0,0xFF,0xF8,0x00,0x01,0xFF,0xF8,0xFF,0xF3,0xFF,
  0xFF,0xFF,0x80,0x00,0xFF,0xF8,0x00,0x03,0xFF,0xE0,0xFF,0xFF,
  0xFF,0xFF,0x80,0xFF,0xFF,0xFF,0xFF,0xF8,0x0F,0xFF,0xFF,0xFF,
  0xFF,0x81,0xFF,0xFF,0xFF,0xFF,0xE0,0xFF,0xF8,0x00,0x01,0xFF,
  0xF8,0xFF,0xF1,0xFF,0xFF,0xFF,0x80,0x00,0xFF,0xF8,0x00,0x03,
  0xFF,0xE0,0xFF,0xFF,0xFF,0xFF,0x81,0xFF,0xFF,0xFF,0xFF,0xF0,
  0x0F,0xFF,0xFF,0xFF,0xFF,0x01,0xFF,0xFF,0xFF,0xFF,0xC0,0xFF,
  0xF8,0x00,0x01,0xFF,0xF1,0xFF,0xF1,0xFF,0xFF,0xFF,0x00,0x00,
  0xFF,0xF8,0x00,0x03,0xFF,0xE0,0xFF,0xFF,0xFF,0xFF,0x01,0xFF,
  0xFF,0xFF,0xFF,0xE0,0x0F,0xFF,0xFF,0xFF,0xFC,0x03,0xFF,0xFF,
  0xFF,0xFF,0x80,0xFF,0xF8,0x00,0x03,0xFF,0xF1,0xFF,0xF0,0xFF,
  0xFF,0xFF,0x00,0x01,0xFF,0xF8,0x00,0x07,0xFF,0xC1,0xFF,0xFF,
  0xFF,0xFF,0x01,0xFF,0xFF,0xFF,0xFF,0xC0,0x1F,0x00,0x00,0x00,
  0x00,0x03,0xFF,0xFF,0xFF,0xFE,0x00,0xFF,0xF8,0x00,0x07,0xFF,
  0xF1,0xFF,0xE0,0xFF,0xFF,0xFF,0x00,0x01,0xFF,0xF0,0x00,0x07,
  0xFF,0xC1,0xFF,0xFF,0xFF,0xFE,0x03,0xFF,0xFF,0xFF,0xFF,0x00,
  0x18,0x00,0x00,0x00,0x00,0x03,0xFF,0xFF,0xFF,0xF8,0x00,0xFF,
  0xF8,0x00,0x07,0xFF,0xE1,0xFF,0xE0,0xFF,0xFF,0xFF,0x00,0x01,
  0xFF,0xF0,0x00,0x07,0xFF,0xC1,0xFF,0xE0,0x00,0x00,0x03,0xFF,
  0xFF,0xFF,0xFC,0x00,0x00,0x00,0x00,0x00,0x00,0x03,0xFF,0xFF,
  0xFF,0xE0,0x00,0xFF,0xFC,0x00,0x0F,0xFF,0xE3,0xFF,0xE0,0x7F,
  0xFF,0xFE,0x00,0x01,0xFF,0xF0,0x00,0x0F,0xFF,0xC1,0xFF,0xE0,
  0x00,0x00,0x03,0xFF,0xFF,0xFF,0xE0,0x00,0x03,0xFF,0xFE,0x00,
  0x00,0x07,0xFF,0xFF,0xFF,0xE0,0x00,0xFF,0xFE,0x00,0x1F,0xFF,
  0xC3,0xFF,0xE0,0x7F,0xFF,0xFE,0x00,0x03,0xFF,0xE0,0x00,0x0F,
  0xFF,0x83,0xFF,0xE0,0x00,0x00,0x03,0xFF,0xFF,0xFF,0xE0,0x00,
  0x0F,0xFF,0xFC,0x00,0x00,0x07,0xFF,0xC7,0xFF,0xE0,0x00,0xFF,
  0xFF,0x00,0x7F,0xFF,0xC3,0xFF,0xC0,0x3F,0xFF,0xFE,0x00,0x03,
  0xFF,0xE0,0x00,0x0F,0xFF,0x83,0xFF,0xC0,0x00,0x00,0x07,0xFF,
  0xC3,0xFF,0xF0,0x00,0x1F,0xFF,0xFC,0x00,0x00,0x07,0xFF,0x83,
  0xFF,0xF0,0x00,0x7F,0xFF,0xC3,0xFF,0xFF,0x87,0xFF,0xC0,0x3F,
  0xFF,0xFE,0x00,0x03,0xFF,0xE0,0x00,0x0F,0xFF,0x83,0xFF,0xC0,
  0x00,0x00,0x07,0xFF,0xC3,0xFF,0xF0,0x00,0x3F,0xFF,0xFC,0x00,
  0x00,0x0F,0xFF,0x83,0xFF,0xF0,0x00,0x7F,0xFF,0xFF,0xFF,0xFF,
  0x07,0xFF,0xC0,0x1F,0xFF,0xFC,0x00,0x07,0xFF,0xE0,0x00,0x1F,
  0xFF,0x07,0xFF,0xFF,0xFF,0xFF,0x07,0xFF,0x83,0xFF,0xF8,0x00,
  0x3F,0xFF,0xFC,0x00,0x00,0x0F,0xFF,0x81,0xFF,0xF8,0x00,0x3F,
  0xFF,0xFF,0xFF,0xFF,0x07,0xFF,0x80,0x1F,0xFF,0xFC,0x00,0x07,
  0xFF,0xC0,0x00,0x1F,0xFF,0x07,0xFF,0xFF,0xFF,0xFF,0x8F,0xFF,
  0x81,0xFF,0xF8,0x00,0x3F,0xFF,0xF8,0x00,0x00,0x0F,0xFF,0x01,
  0xFF,0xF8,0x00,0x3F,0xFF,0xFF,0xFF,0xFE,0x07,0xFF,0x80,0x0F,
  0xFF,0xFC,0x00,0x07,0xFF,0xC0,0x00,0x1F,0xFF,0x07,0xFF,0xFF,
  0xFF,0xFF,0x0F,0xFF,0x81,0xFF,0xFC,0x00,0x7F,0xFF,0xF8,0x00,
  0x00,0x0F,0xFF,0x01,0xFF,0xFC,0x00,0x1F,0xFF,0xFF,0xFF,0xFC,
  0x0F,0xFF,0x80,0x0F,0xFF,0xF8,0x00,0x07,0xFF,0xC0,0x00,0x1F,
  0xFF,0x07,0xFF,0xFF,0xFF,0xFF,0x0F,0xFF,0x80,0xFF,0xFC,0x00,
  0x7F,0xFF,0xF0,0x00,0x00,0x1F,0xFF,0x00,0xFF,0xFC,0x00,0x0F,
  0xFF,0xFF,0xFF,0xF8,0x0F,0xFF,0x80,0x07,0xFF,0xF8,0x00,0x0F,
  0xFF,0x80,0x00,0x3F,0xFE,0x0F,0xFF,0xFF,0xFF,0xFF,0x0F,0xFF,
  0x00,0xFF,0xFE,0x00,0x7F,0xFF,0xE0,0x00,0x00,0x1F,0xFF,0x00,
  0xFF,0xFE,0x00,0x0F,0xFF,0xFF,0xFF,0xF0,0x0F,0xFF,0x00,0x07,
  0xFF,0xF8,0x00,0x0F,0xFF,0x80,0x00,0x3F,0xFE,0x0F,0xFF,0xFF,
  0xFF,0xFF,0x1F,0xFF,0x00,0x7F,0xFE,0x00,0x7F,0xFF,0xE0,0x00,
  0x00,0x1F,0xFE,0x00,0x7F,0xFE,0x00,0x03,0xFF,0xFF,0xFF,0xC0,
  0x1F,0xFF,0x00,0x07,0xFF,0xF8,0x00,0x0F,0xFF,0x80,0x00,0x3F,
  0xFE,0x0F,0xFF,0xFF,0xFF,0xFE,0x1F,0xFF,0x00,0x7F,0xFF,0x00,
  0xFF,0xFF,0xC0,0x00,0x00,0x3F,0xFE,0x00,0x7F,0xFF,0x00,0x01,
  0xFF,0xFF,0xFF,0x80,0x1F,0xFF,0x00,0x03,0xFF,0xF0,0x00,0x1F,
  0xFF,0x80,0x00,0x7F,0xFE,0x0F,0xFF,0xFF,0xFF,0xFE,0x1F,0xFE,
  0x00,0x3F,0xFF,0x00,0xFF,0xFF,0x00,0x00,0x00,0x3F,0xFE,0x00,
  0x3F,0xFF,0x00,0x00,0x7F,0xFF,0xFE,0x00,0x1F,0xFE,0x00,0x03,
  0xFF,0xF0,0x00,0x1F,0xFF,0x00,0x00,0x7F,0xFC,0x1F,0xFF,0xFF,
  0xFF,0xFE,0x3F,0xFE,0x00,0x3F,0xFF,0x80,0xFF,0xFC,0x00,0x00,
  0x00,0x3F,0xFC,0x00,0x3F,0xFF,0x00,0x00,0x1F,0xFF,0xF8,0x00,
  0x1F,0xFE,0x00,0x01,0xFF,0xF0,0x00,0x1F,0xFF,0x00,0x00,0x7F,
  0xFC,0x1F,0xFF,0xFF,0xFF,0xFC,0x3F,0xFE,0x00,0x1F,0xFF,0x80,
  0x00,0x00,0x00,0x00,0x00,0x00,0x00,0x00,0x00,0x00,0x00,0x00,
  0x03,0xFF,0x80,0x00,0x00,0x00,0x00,0x00,0x00,0x00,0x00,0x00,
  0x00,0x00,0x00,0x00,0x00,0x00,0x00,0x00,0x00,0x00,0x00,0x00,
  0x00,0x00,0x00,0x00,
};
static const uint8_t logo_gjs[] PROGMEM = {
  0x00,0x00,0x00,0x00,0x00,0x00,0x00,0x00,0x00,0x00,0x00,0x00,
  0x00,0x00,0x00,0x00,0x00,0x00,0x00,0x00,0x00,0x00,0x07,0xC0,
  0x00,0x00,0x00,0x00,0x00,0x00,0x00,0x00,0x00,0x00,0x00,0x00,
  0x00,0x00,0x00,0x00,0x00,0x00,0x00,0x00,0x00,0x00,0xFF,0xC0,
  0x00,0x00,0x00,0x00,0x00,0x00,0x00,0x00,0x00,0x00,0x00,0x00,
  0x00,0x00,0x00,0x00,0x00,0x00,0x00,0x00,0x00,0x01,0xFF,0x80,
  0x00,0x00,0x00,0x00,0x00,0x00,0x00,0x00,0x00,0x00,0x00,0x00,
  0x00,0x00,0x00,0x00,0x00,0x00,0x00,0x00,0x00,0x01,0xFF,0x80,
  0x00,0x00,0x00,0x00,0x00,0x00,0x00,0x00,0x00,0x00,0x00,0x00,
  0x00,0x00,0x00,0x7F,0x80,0x00,0x00,0x00,0x00,0x03,0xFF,0x00,
  0x00,0x00,0x00,0x00,0x00,0x00,0x00,0x00,0x00,0x00,0x00,0x00,
  0x00,0x00,0x03,0xFF,0x80,0x00,0x00,0x00,0x00,0x03,0xFF,0x3E,
  0x00,0x00,0x00,0x00,0x00,0x00,0x00,0x00,0x00,0x00,0x00,0x00,
  0x00,0x00,0x03,0xFF,0x00,0x00,0x00,0x00,0x00,0x07,0xFF,0xFE,
  0x00,0x00,0x00,0x00,0x00,0x00,0x00,0x00,0x00,0x00,0x00,0x00,
  0x00,0x00,0x07,0xFF,0x00,0x00,0x00,0x00,0x01,0xFF,0xFF,0xFC,
  0x00,0x00,0x00,0x00,0x00,0x00,0x00,0x00,0x00,0x00,0x00,0x00,
  0x00,0x00,0x07,0xFE,0x00,0x00,0x00,0x00,0x03,0xFF,0xFF,0xFC,
  0x00,0x00,0x00,0x00,0x00,0x00,0x00,0x00,0x00,0x00,0x00,0x00,
  0x00,0x00,0x0F,0xFE,0x00,0x00,0xFF,0xFE,0x03,0xFF,0xFF,0xE0,
  0x00,0x00,0x00,0x00,0x00,0x00,0x00,0x00,0x00,0x00,0x00,0x00,
  0x00,0x00,0x0F,0xFE,0x00,0x0F,0xFF,0xFF,0x83,0xFF,0xFC,0x00,
  0x00,0x00,0x00,0x00,0x00,0x00,0x00,0x00,0x00,0x00,0x00,0x00,
  0x00,0x00,0x1F,0xFC,0x00,0x7F,0xFF,0xFF,0xC2,0x0F,0xFC,0x00,
  0x00,0x00,0x00,0x00,0x00,0x00,0x00,0x00,0x00,0x00,0x00,0x00,
  0x00,0x00,0x1F,0xFC,0x01,0xFF,0xFF,0xFF,0xE0,0x1F,0xF8,0x00,
  0x00,0x00,0x00,0x00,0x00,0x00,0x00,0x00,0x00,0x00,0x00,0x00,
  0x00,0x00,0x1F,0xF8,0x07,0xFF,0xC7,0xFF,0xE0,0x1F,0xF8,0x00,
  0x00,0x00,0x00,0x3F,0xFF,0xF8,0x00,0x00,0x00,0x00,0x00,0x00,
  0x00,0x00,0x3F,0xF8,0x1F,0xFC,0x00,0xFF,0xE0,0x3F,0xF8,0x00,
  0x00,0x00,0x03,0xFF,0xFF,0xFE,0x00,0x00,0x00,0x00,0x00,0x00,
  0x00,0x00,0x3F,0xF0,0x3F,0xF0,0x00,0xFF,0xE0,0x3F,0xF0,0x00,
  0x00,0x00,0x1F,0xFF,0xFF,0xFF,0x00,0x00,0x00,0xFF,0xF0,0x00,
  0x00,0x00,0x7F,0xF0,0x7F,0xE0,0x00,0xFF,0xE0,0x3F,0xF0,0x00,
  0x00,0x00,0xFF,0xC0,0x00,0xFF,0x80,0x00,0x1F,0xFF,0xFE,0x00,
  0x00,0x00,0x7F,0xE0,0xFF,0xC0,0x0F,0xFF,0xE0,0x7F,0xE0,0x00,
  0x00,0x03,0xFC,0x00,0x00,0x7F,0xC0,0x00,0xFF,0xFF,0xFF,0x00,
  0x00,0x00,0xFF,0xE1,0xFF,0x8F,0xFF,0xFF,0xE0,0x7F,0xE0,0x00,
  0x00,0x0F,0xF0,0x00,0x00,0x3F,0xC0,0x03,0xFE,0x01,0xFF,0x80,
  0x00,0x00,0xFF,0xC3,0xFF,0xFF,0xFF,0xFF,0xC0,0x7F,0xE0,0x00,
  0x00,0x3F,0x80,0x00,0x00,0x3F,0x80,0x0F,0xE0,0x00,0x7F,0x80,
  0x00,0x01,0xFF,0xC3,0xFF,0xFF,0xFF,0xF0,0x00,0xFF,0xC0,0x00,
  0x00,0xFF,0x00,0x00,0x00,0x00,0x00,0x3F,0x80,0x00,0x3F,0x80,
  0x00,0x01,0xFF,0x87,0xFF,0xFF,0xF0,0x00,0x00,0xFF,0xC0,0x00,
  0x01,0xFC,0x00,0x00,0x00,0x00,0x00,0x7E,0x00,0x00,0x3F,0x80,
  0x00,0x03,0xFF,0x87,0xFF,0xE0,0x00,0x07,0x81,0xFF,0xC0,0x00,
  0x03,0xF8,0x00,0x00,0x00,0x00,0x01,0xFC,0x00,0x00,0x3F,0x80,
  0x00,0x03,0xFF,0x87,0xFE,0x00,0x03,0xFF,0x01,0xFF,0xFF,0x00,
  0x0F,0xF0,0x00,0x00,0x00,0x00,0x03,0xF8,0x00,0x00,0x7F,0x00,
  0x00,0x07,0xFF,0x07,0xFE,0x00,0x07,0xFE,0x01,0xFF,0xFF,0x00,
  0x0F,0xE0,0x00,0x00,0x00,0x7F,0x87,0xF0,0x00,0x00,0x7F,0x00,
  0x00,0x07,0xFF,0x07,0xFF,0x00,0x1F,0xFC,0x01,0xFF,0xFE,0x00,
  0x1F,0xC0,0x00,0x00,0x7F,0xFF,0x8F,0xE0,0x00,0x00,0xFE,0x00,
  0xE0,0x0F,0xFE,0x07,0xFF,0xC1,0xFF,0xF0,0x01,0xFF,0xFE,0x00,
  0x3F,0x80,0x00,0x1F,0xFF,0xFF,0x0F,0xE0,0x00,0x00,0xFE,0x7F,
  0xE0,0x0F,0xFC,0x07,0xFF,0xFF,0xFF,0xC0,0x00,0xFF,0xFC,0x00,
  0x7F,0x00,0x00,0x3F,0xFF,0xFF,0x1F,0xC0,0x00,0x01,0xFC,0xFF,
  0xC0,0x1F,0xFC,0x03,0xFF,0xFF,0xFF,0x00,0x00,0x00,0x00,0x00,
  0x7F,0x00,0x00,0x3F,0xFD,0xFE,0x1F,0xC0,0x00,0x03,0xF8,0xFF,
  0xE0,0x7F,0xF8,0x01,0xFF,0xFF,0xFC,0x00,0x00,0x00,0x00,0x00,
  0xFE,0x00,0x00,0x38,0x01,0xFE,0x1F,0xC0,0x00,0x0F,0xE0,0xFF,
  0xFF,0xFF,0xE0,0x00,0x7F,0xFF,0xC0,0x00,0x00,0x00,0x00,0x00,
  0xFE,0x00,0x00,0x00,0x03,0xFC,0x3F,0xC0,0x00,0x1F,0xC0,0xFF,
  0xFF,0xFF,0xC0,0x00,0x03,0xE0,0x00,0x00,0x00,0x00,0x00,0x00,
  0xFE,0x00,0x00,0x00,0x07,0xFC,0x1F,0xC0,0x00,0x7F,0x00,0xFF,
  0xFF,0xFF,0x00,0x00,0x00,0x00,0x00,0x00,0x00,0x00,0x00,0x00,
  0xFE,0x00,0x00,0x00,0x1F,0xF8,0x1F,0xF0,0x03,0xFC,0x00,0x7F,
  0xFF,0xFC,0x00,0x00,0x00,0x00,0x00,0x00,0x00,0x00,0x00,0x00,
  0xFE,0x00,0x00,0x00,0x7F,0xF8,0x0F,0xFF,0xFF,0xF0,0x00,0x3F,
  0xFF,0xE0,0x00,0x00,0x00,0x00,0x00,0x00,0x00,0x00,0x00,0x00,
  0xFF,0x00,0x00,0x01,0xFF,0xF0,0x07,0xFF,0xFF,0x80,0x00,0x07,
  0xF8,0x00,0x00,0x00,0x00,0x00,0x00,0x00,0x00,0x00,0x00,0x00,
  0x7F,0x80,0x00,0x1F,0xFF,0xF0,0x01,0xFF,0xF8,0x00,0x00,0x00,
  0x00,0x00,0x00,0x00,0x00,0x00,0x00,0x00,0x00,0x00,0x00,0x00,
  0x3F,0xF0,0x01,0xFF,0xE7,0xE0,0x00,0x00,0x00,0x00,0x00,0x00,
  0x00,0x00,0x00,0x00,0x00,0x00,0x00,0x00,0x00,0x00,0x00,0x00,
  0x1F,0xFF,0xFF,0xFF,0x07,0x80,0x00,0x00,0x00,0x00,0x00,0x00,
  0x00,0x00,0x00,0x00,0x00,0x00,0x00,0x00,0x00,0x00,0x00,0x00,
  0x0F,0xFF,0xFF,0xF8,0x00,0x00,0x00,0x00,0x00,0x00,0x00,0x00,
  0x00,0x00,0x00,0x00,0x00,0x00,0x00,0x00,0x00,0x00,0x00,0x00,
  0x01,0xFF,0xFF,0x00,0x00,0x00,0x00,0x00,0x00,0x00,0x00,0x00,
  0x00,0x00,0x00,0x00,0x00,0x00,0x00,0x00,0x00,0x00,0x00,0x00,
  0x00,0x00,0x00,0x00,0x00,0x00,0x00,0x00,0x00,0x00,0x00,0x00,
  0x00,0x00,0x00,0x00,0x00,0x00,0x00,0x00,0x00,0x00,0x00,0x00,
  0x00,0x00,0x00,0x00,0x00,0x00,0x00,0x00,0x00,0x00,0x00,0x00,
  0x00,0x00,0x00,0x00,0x00,0x00,0x00,0x00,0x00,0x00,0x00,0x00,
  0x1F,0xFF,0xFF,0xFF,0xFF,0xFF,0xFF,0xFF,0xFF,0xFF,0xFF,0xFF,
  0xFF,0xFF,0xFF,0xFF,0xFF,0xFF,0xFF,0xFF,0xFF,0xFF,0xF8,0x00,
  0x00,0x00,0x00,0x00,0x00,0x00,0x00,0x00,0x00,0x00,0x00,0x00,
  0x00,0x00,0x00,0x00,0x00,0x00,0x00,0x00,0x00,0x00,0x00,0x00,
  0x00,0x00,0x00,0x00,0x00,0x00,0x00,0x00,0x00,0x00,0x00,0x00,
  0x00,0x00,0x00,0x00,0x00,0x00,0x00,0x00,0x00,0x00,0x00,0x00,
  0x00,0x00,0x00,0x00,0x00,0x00,0x00,0x00,0x00,0x00,0x00,0x00,
  0x00,0x00,0x00,0x00,0x00,0x00,0x00,0x00,0x00,0x00,0x00,0x00,
  0x00,0x03,0x80,0x00,0x06,0x00,0x03,0xFE,0x00,0x00,0x60,0x00,
  0x01,0x80,0x00,0xE0,0x30,0x00,0x1F,0xF0,0x00,0x3F,0x80,0x00,
  0x00,0x03,0xC0,0x00,0x06,0x00,0x03,0xFF,0x00,0x00,0x60,0x00,
  0x01,0x80,0x00,0xE0,0x30,0x00,0x1F,0xE0,0x00,0x79,0xC0,0x00,
  0x00,0x07,0xC0,0x00,0x06,0x00,0x01,0x03,0x00,0x00,0x60,0x00,
  0x01,0x80,0x00,0xF0,0x30,0x00,0x18,0x00,0x00,0x60,0x00,0x00,
  0x00,0x06,0xC0,0x00,0x06,0x00,0x01,0x81,0x80,0x00,0x60,0x00,
  0x01,0x80,0x00,0xF8,0x30,0x00,0x18,0x00,0x00,0x60,0x00,0x00,
  0x00,0x0E,0x60,0x00,0x06,0x00,0x01,0x83,0x80,0x00,0x60,0x00,
  0x01,0x80,0x00,0xDC,0x30,0x00,0x18,0x00,0x00,0x70,0x00,0x00,
  0x00,0x0C,0x60,0x00,0x06,0x00,0x03,0x87,0x00,0x00,0x60,0x00,
  0x01,0x80,0x00,0xCC,0x30,0x00,0x1F,0xC0,0x00,0x3E,0x00,0x00,
  0x00,0x0C,0x30,0x00,0x06,0x00,0x03,0xFE,0x00,0x00,0x60,0x00,
  0x01,0x80,0x00,0xC6,0x30,0x00,0x3F,0xE0,0x00,0x1F,0x80,0x00,
  0x00,0x1F,0xF0,0x00,0x06,0x00,0x03,0xF8,0x00,0x00,0x60,0x00,
  0x01,0x80,0x00,0xC3,0x30,0x00,0x38,0x00,0x00,0x03,0xC0,0x00,
  0x00,0x1F,0xF8,0x00,0x06,0x00,0x01,0x98,0x00,0x00,0x60,0x00,
  0x01,0x80,0x00,0xC3,0xB0,0x00,0x18,0x00,0x00,0x00,0xC0,0x00,
  0x00,0x30,0x18,0x00,0x06,0x00,0x01,0x8C,0x00,0x00,0x60,0x00,
  0x01,0x80,0x00,0xC1,0xF0,0x00,0x18,0x00,0x00,0x00,0xC0,0x00,
  0x00,0x30,0x1C,0x00,0x06,0x00,0x01,0x86,0x00,0x00,0x60,0x00,
  0x01,0x80,0x00,0xC0,0xF0,0x00,0x38,0x00,0x00,0x60,0xC0,0x00,
  0x00,0x60,0x0C,0x00,0x06,0x00,0x03,0x87,0x00,0x00,0x7F,0x80,
  0x01,0x80,0x00,0xC0,0x70,0x00,0x1F,0xF0,0x00,0x7F,0x80,0x00,
  0x00,0x60,0x0C,0x00,0x06,0x00,0x01,0x03,0x00,0x00,0x7F,0xC0,
  0x01,0x80,0x00,0xC0,0x70,0x00,0x1F,0xF0,0x00,0x1F,0x00,0x00,
};
static const uint8_t logo_gti[] PROGMEM = {
  0x00,0x00,0x00,0x00,0x00,0x00,0x00,0x00,0x00,0x00,0x00,0x00,
  0x00,0x00,0x00,0x00,0x00,0x00,0x00,0x00,0x00,0x00,0x00,0x00,
  0x00,0x00,0x00,0x00,0x00,0x00,0x00,0x00,0x00,0x00,0x00,0x00,
  0x00,0xFF,0xFF,0xFF,0x00,0x00,0x00,0x00,0x00,0x00,0x00,0x00,
  0x00,0x00,0x00,0x00,0x00,0x00,0x00,0x00,0x00,0x00,0x00,0x00,
  0x00,0x00,0x00,0x00,0x00,0x00,0x00,0x00,0x00,0x00,0x00,0x00,
  0x00,0x00,0x00,0x00,0x01,0xFF,0xFF,0xFF,0x00,0x00,0x00,0x00,
  0x00,0x00,0x00,0x00,0x00,0x00,0x00,0x00,0x00,0x00,0x00,0x00,
  0x00,0x00,0x00,0x00,0x00,0x00,0x00,0x00,0x00,0x00,0x00,0x00,
  0x00,0x00,0x00,0x00,0x00,0x00,0x00,0x00,0x03,0xFF,0xFF,0xFF,
  0x00,0x00,0x00,0x00,0x00,0x00,0x00,0x00,0x00,0x00,0x00,0x00,
  0x00,0x00,0x00,0x00,0x00,0x00,0x00,0x00,0x00,0x00,0x00,0x00,
  0x00,0x00,0x00,0x00,0x00,0x00,0x00,0x00,0x00,0x00,0x00,0x00,
  0x07,0xFF,0xFF,0xFF,0x00,0x00,0x00,0x00,0x00,0x00,0x00,0x00,
  0x00,0x00,0x00,0x00,0x00,0x00,0x00,0x00,0x00,0x00,0x00,0x00,
  0x00,0x00,0x00,0x00,0x00,0x00,0x00,0x00,0x00,0x00,0x00,0x00,
  0x00,0x00,0x00,0x00,0x0F,0xFF,0xFF,0xFE,0x00,0x00,0x00,0x00,
  0x00,0x00,0x00,0x00,0x00,0x00,0x00,0x00,0x00,0x00,0x00,0x00,
  0x00,0x00,0x00,0x00,0x00,0x00,0x00,0x00,0x00,0x00,0x00,0x00,
  0x00,0x00,0x00,0x00,0x00,0x00,0x00,0x00,0x3F,0xFF,0xFF,0xFE,
  0x00,0x00,0x00,0x00,0x00,0x00,0x00,0x00,0x00,0x00,0x00,0x00,
  0x00,0x00,0x00,0x00,0x00,0x00,0x00,0x00,0x00,0x00,0x00,0x00,
  0x00,0x00,0x00,0x00,0x00,0x00,0x00,0x00,0x00,0x00,0x00,0x00,
  0x7F,0xFF,0xFF,0xFC,0x00,0x00,0x00,0x00,0x00,0x00,0x00,0x00,
  0x00,0x00,0x00,0x00,0x00,0x00,0x00,0x00,0x00,0x00,0x00,0x00,
  0x00,0x00,0x00,0x00,0x00,0x00,0x00,0x00,0x00,0x00,0x00,0x00,
  0x00,0x00,0x00,0x00,0xFF,0xFF,0xFF,0xFC,0x00,0x00,0x00,0x00,
  0x00,0x00,0x00,0x00,0x00,0x00,0x00,0x00,0x00,0x00,0x00,0x00,
  0x00,0x00,0x00,0x00,0x00,0x00,0x00,0x00,0x00,0x00,0x00,0x00,
  0x00,0x00,0x00,0x00,0x00,0x00,0x00,0x01,0xFF,0xFF,0xFF,0xFC,
  0x00,0x00,0x00,0x00,0x00,0x00,0x00,0x00,0x00,0x00,0x00,0x00,
  0x00,0x00,0x00,0x00,0x00,0x00,0x00,0x00,0x00,0x00,0x00,0x00,
  0x00,0x00,0x00,0x00,0x00,0x00,0x00,0x00,0x00,0x00,0x00,0x03,
  0xFF,0xFF,0xFF,0xF8,0x00,0x00,0x00,0x00,0x00,0x00,0x00,0x00,
  0x00,0x00,0x00,0x00,0x00,0x00,0x00,0x00,0x00,0x00,0x00,0x00,
  0x00,0x00,0x00,0x00,0x00,0x00,0x00,0x00,0x00,0x00,0x00,0x00,
  0x00,0x00,0x00,0x0F,0xFF,0xFF,0xFF,0xF8,0x00,0x00,0x00,0x00,
  0x00,0x00,0x00,0x00,0x00,0x00,0x00,0x00,0x00,0x00,0x00,0x00,
  0x00,0x00,0x00,0x00,0x00,0x00,0x00,0x00,0x00,0x00,0x00,0x00,
  0x00,0x00,0x00,0x00,0x00,0x00,0x00,0x1F,0xFF,0xFF,0xFF,0xF0,
  0x00,0x00,0x00,0x00,0x00,0x00,0x00,0x00,0x00,0x00,0x00,0x00,
  0x00,0x00,0x00,0x00,0x00,0x00,0x00,0x00,0x00,0x00,0x00,0x00,
  0x00,0x00,0x00,0x00,0x00,0x00,0x00,0x00,0x00,0x00,0x00,0x3F,
  0xFF,0xFF,0xFF,0xF0,0x00,0x00,0x00,0x00,0x00,0x00,0x00,0x00,
  0x00,0x00,0x00,0x00,0x00,0x00,0x00,0x00,0x00,0x00,0x00,0x00,
  0x00,0x00,0x00,0x00,0x00,0x00,0x00,0x00,0x00,0x00,0x00,0x00,
  0x00,0x00,0x00,0x7F,0xFF,0xFF,0xFF,0xE0,0x00,0x00,0x00,0x00,
  0x00,0x00,0x00,0x00,0x00,0x00,0x00,0x00,0x00,0x00,0x00,0x00,
  0x00,0x00,0x00,0x00,0x00,0x00,0x00,0x00,0x00,0x00,0x00,0x00,
  0x00,0x00,0x00,0x00,0x00,0x00,0x00,0xFF,0xFF,0xFF,0xFF,0xE0,
  0x00,0x00,0x00,0x00,0x00,0x00,0x00,0x00,0x00,0x00,0x00,0x00,
  0x00,0x00,0x00,0x00,0x00,0x00,0x00,0x00,0x00,0x00,0x00,0x00,
  0x00,0x00,0x00,0x00,0x00,0x00,0x00,0x00,0x00,0x00,0x01,0xFF,
  0xFF,0xFF,0xFF,0xC0,0x00,0x00,0x00,0x00,0x00,0x00,0x00,0x00,
  0x00,0x00,0x00,0x00,0x00,0x00,0x00,0x00,0x00,0x00,0x00,0x00,
  0x00,0x00,0x00,0x00,0x00,0x00,0x00,0x00,0x00,0x00,0x00,0x00,
  0x00,0x00,0x07,0xFF,0xFF,0xFF,0xFF,0xC0,0x00,0x00,0x00,0x00,
  0x00,0x00,0x00,0x00,0x00,0x00,0x00,0x00,0x00,0x00,0x00,0x00,
  0x00,0x00,0x00,0x00,0x00,0x00,0x00,0x00,0x00,0x00,0x00,0x00,
  0x00,0x00,0x00,0x00,0x00,0x00,0x0F,0xFF,0xFF,0xFF,0xFF,0x80,
  0x00,0x00,0x00,0x00,0x00,0x00,0x00,0x00,0x00,0x00,0x00,0x00,
  0x00,0x00,0x00,0x00,0x00,0x00,0x00,0x00,0x00,0x00,0x00,0x00,
  0x00,0x00,0x00,0x00,0x00,0x00,0x00,0x00,0x00,0x00,0x1F,0xFF,
  0xFF,0xFF,0xFF,0x80,0x00,0x00,0x00,0x00,0x00,0x00,0x00,0x00,
  0x00,0x00,0x00,0x00,0x00,0x00,0x00,0x00,0x00,0x00,0x00,0x00,
  0x00,0x00,0x00,0x00,0x00,0x00,0x00,0x00,0x00,0x00,0x00,0x00,
  0x00,0x00,0x3F,0xFF,0xFF,0xFF,0xFF,0x80,0x00,0x00,0x00,0x00,
  0x00,0x00,0x00,0x00,0x00,0x00,0x00,0x00,0x00,0x00,0x00,0x00,
  0x00,0x00,0x00,0x00,0x00,0x00,0x00,0x00,0x00,0x00,0x00,0x00,
  0x00,0x00,0x00,0x00,0x00,0x00,0xFF,0xFF,0xFF,0xFF,0xFF,0x00,
  0x00,0x00,0x00,0x00,0x00,0x00,0x00,0x00,0x00,0x00,0x00,0x00,
  0x00,0x00,0x00,0x00,0x00,0x00,0x00,0x00,0x00,0x00,0x00,0x00,
  0x00,0x00,0x00,0x00,0x00,0x00,0x00,0x00,0x00,0x01,0xFF,0xFF,
  0xFF,0xFF,0xFF,0x00,0x00,0x00,0x00,0x00,0x00,0x00,0x00,0x00,
  0x00,0x00,0x00,0x00,0x00,0x00,0x00,0x00,0x00,0x00,0x00,0x00,
  0x00,0x00,0x00,0x00,0x00,0x00,0x00,0x00,0x00,0x00,0x00,0x00,
  0x00,0x03,0xFF,0xFF,0xFF,0xFF,0xFE,0x00,0x00,0x00,0x00,0x00,
  0x00,0x00,0x00,0x00,0x00,0x00,0x00,0x00,0x00,0x00,0x00,0x00,
  0x00,0x00,0x00,0x00,0x00,0x00,0x00,0x00,0x00,0x00,0x00,0x00,
  0x00,0x00,0x00,0x00,0x00,0x07,0xFF,0xFF,0xFF,0xFF,0xFE,0x00,
  0x00,0x00,0x00,0x00,0x00,0x00,0x00,0x00,0x00,0x00,0x00,0x00,
  0x00,0x00,0x00,0x00,0x00,0x00,0x00,0x00,0x00,0x00,0x00,0x00,
  0x00,0x00,0x00,0x00,0x00,0x00,0x00,0x00,0x00,0x0F,0xFF,0xFF,
  0xFF,0xFF,0xFC,0x00,0x00,0x00,0x00,0x00,0x00,0x00,0x00,0x00,
  0x00,0x00,0x00,0x00,0x00,0x00,0x00,0x00,0x00,0x00,0x00,0x00,
  0x00,0x00,0x00,0x00,0x00,0x00,0x00,0x00,0x00,0x00,0x00,0x00,
  0x00,0x1F,0xFF,0xFF,0xFF,0xFF,0xFC,0x00,0x00,0x00,0x00,0x00,
  0x00,0x00,0x00,0x00,0x00,0x00,0x00,0x00,0x00,0x00,0x00,0x00,
  0x00,0x00,0x00,0x00,0x00,0x00,0x00,0x00,0x00,0x00,0x00,0x00,
  0x00,0x00,0x00,0x00,0x00,0x7F,0xFF,0xFF,0xFF,0xFF,0xF8,0x00,
  0x00,0x00,0x00,0x00,0x00,0x00,0x00,0x00,0x00,0x00,0x00,0x00,
  0x00,0x00,0x00,0x00,0x00,0x00,0x00,0x00,0x00,0x00,0x00,0x00,
  0x00,0x00,0x00,0x00,0x00,0x00,0x00,0x00,0x00,0xFF,0xFF,0xFF,
  0xFF,0xFF,0xF8,0x00,0x00,0x00,0x00,0x00,0x00,0x00,0x00,0x00,
  0x00,0x00,0x00,0x00,0x00,0x00,0x00,0x00,0x00,0x00,0x00,0x00,
  0x00,0x00,0x00,0x00,0x00,0x00,0x00,0x00,0x00,0x00,0x00,0x00,
  0x01,0xFF,0xFF,0xFF,0xFF,0xFF,0xF0,0x00,0x00,0x00,0x00,0x00,
  0x00,0x00,0x00,0x00,0x00,0x00,0x00,0x00,0x00,0x00,0x00,0x00,
  0x00,0x00,0x00,0x00,0x00,0x00,0x00,0x00,0x00,0x00,0x00,0x00,
  0x00,0x00,0x00,0x00,0x03,0xFF,0xFF,0xFF,0xFF,0xFF,0xF0,0x00,
  0x00,0x00,0x00,0x00,0x00,0x00,0x00,0x00,0x00,0x00,0x00,0x00,
  0x00,0x00,0x00,0x00,0x00,0x00,0x00,0x00,0x00,0x00,0x00,0x00,
  0x00,0x00,0x00,0x00,0x00,0x00,0x00,0x00,0x07,0xFF,0xFF,0xFF,
  0xFF,0xFF,0xE0,0x00,0x00,0x00,0x03,0xFF,0xFF,0x80,0x00,0x00,
  0x00,0x00,0x00,0x00,0x00,0x00,0x00,0x00,0x00,0x00,0x00,0x00,
  0x00,0x00,0x00,0x00,0x00,0x00,0x00,0x00,0x00,0x00,0x00,0x00,
  0x0F,0xFF,0xFF,0xFF,0xFF,0xFF,0xE0,0x00,0x00,0x00,0x07,0xFF,
  0xFF,0x80,0x00,0x00,0x00,0x00,0x00,0x00,0x00,0x00,0x00,0x00,
  0x00,0x00,0x00,0x00,0x00,0x00,0x00,0x00,0x00,0x00,0x00,0x00,
  0x00,0x00,0x00,0x00,0x3F,0xFF,0xFF,0xFF,0xFF,0xFF,0xE0,0x00,
  0x00,0x00,0x0F,0xFF,0xFF,0x8F,0xFF,0xFF,0xFF,0xFF,0xC0,0x00,
  0x7F,0xFF,0xC0,0x00,0x7F,0xFF,0xE0,0x00,0x01,0xFF,0xFF,0x00,
  0x7F,0xF1,0xFF,0xFF,0xF0,0x00,0x00,0x00,0x7F,0xFF,0xFF,0xFF,
  0xFF,0xFF,0xC0,0x00,0x00,0x00,0x1F,0xFF,0xFF,0x8F,0xFF,0xFF,
  0xFF,0xFF,0xC0,0x00,0xFF,0xFF,0xC0,0x07,0xFF,0xFF,0xF8,0x00,
  0x03,0xFF,0xFF,0x00,0xFF,0xF3,0xFF,0xFF,0xFC,0x00,0x00,0x00,
  0xFF,0xFF,0xFF,0xFF,0xFF,0xFF,0xC0,0x00,0x00,0x00,0x3F,0xFF,
  0xFF,0x1F,0xFF,0xFF,0xFF,0xFF,0x80,0x00,0xFF,0xFF,0xC0,0x3F,
  0xFF,0xFF,0xFC,0x00,0x07,0xFF,0xFF,0x00,0xFF,0xE3,0xFF,0xFF,
  0xFE,0x00,0x00,0x01,0xFF,0xFF,0xFF,0xFF,0xFF,0xFF,0x80,0x00,
  0x00,0x00,0x7F,0xFF,0xFF,0x3F,0xFF,0xFF,0xFF,0xFF,0x80,0x01,
  0xFF,0xFF,0xC0,0x7F,0xFF,0xFF,0xFC,0x00,0x0F,0xFF,0xFE,0x01,
  0xFF,0xC7,0xFF,0xFF,0xFE,0x00,0x00,0x03,0xFF,0xFF,0xFF,0xFF,
  0xFF,0xFF,0x80,0x00,0x00,0x00,0xFF,0xFF,0xFF,0x3F,0xFF,0xFF,
  0xFF,0xFF,0x00,0x03,0xFF,0xFF,0xC0,0xFF,0xFF,0xFF,0xFC,0x00,
  0x1F,0xFF,0xFE,0x01,0xFF,0xC7,0xFF,0xFF,0xFE,0x00,0x00,0x07,
  0xFF,0xFF,0xFF,0xFF,0xFF,0xFF,0x00,0x00,0x00,0x01,0xFF,0xFF,
  0xFF,0x7F,0xFF,0xFF,0xFF,0xFF,0x00,0x07,0xFF,0xFF,0xC1,0xFF,
  0xF0,0x7F,0xFC,0x00,0x3F,0xFF,0xFE,0x03,0xFF,0x8F,0xFE,0x3F,
  0xFE,0x00,0x00,0x0F,0xFF,0xFF,0xFF,0xFF,0xFF,0xFF,0x00,0x00,
  0x00,0x03,0xFF,0xEF,0xFF,0x00,0x7F,0xF0,0x0F,0xFE,0x00,0x0F,
  0xFF,0xFF,0xC3,0xFF,0xF0,0x7F,0xF8,0x00,0x7F,0xFF,0xFE,0x03,
  0xFF,0x8F,0xFE,0x1F,0xFE,0x00,0x00,0x3F,0xFF,0xFF,0xFF,0xFF,
  0xFF,0xFE,0x00,0x00,0x00,0x03,0xFF,0xCF,0xFF,0x00,0xFF,0xF0,
  0x1F,0xFE,0x00,0x1F,0xFD,0xFF,0x83,0xFF,0xF0,0x00,0x00,0x00,
  0xFF,0xFF,0xFE,0x07,0xFF,0x1F,0xFC,0x1F,0xFC,0x00,0x00,0x7F,
  0xFF,0xFF,0xFF,0xFF,0xFF,0xFE,0x00,0x00,0x00,0x07,0xFF,0xDF,
  0xFF,0x00,0xFF,0xE0,0x1F,0xFC,0x00,0x3F,0xF9,0xFF,0x83,0xFF,
  0xFF,0xF8,0x00,0x00,0xFF,0xEF,0xFE,0x07,0xFF,0x1F,0xFC,0x3F,
  0xFC,0x00,0x00,0xFF,0xFF,0xFF,0xFF,0xFF,0xFF,0xFE,0x00,0x00,
  0x00,0x0F,0xFF,0x9F,0xFE,0x01,0xFF,0xE0,0x3F,0xFC,0x00,0x7F,
  0xFB,0xFF,0x83,0xFF,0xFF,0xFF,0x00,0x01,0xFF,0xCF,0xFE,0x0F,
  0xFE,0x3F,0xFF,0xFF,0xF8,0x00,0x01,0xFF,0xFF,0xFF,0xFF,0xFF,
  0xFF,0xFC,0x00,0x00,0x00,0x1F,0xFF,0x1F,0xFE,0x01,0xFF,0xC0,
  0x3F,0xF8,0x00,0xFF,0xF3,0xFF,0x83,0xFF,0xFF,0xFF,0x80,0x03,
  0xFF,0x9F,0xFC,0x0F,0xFE,0x7F,0xFF,0xFF,0xF0,0x00,0x03,0xFF,
  0xFF,0xFF,0xFF,0xFF,0xFF,0xFC,0x00,0x00,0x00,0x3F,0xFE,0x1F,
  0xFE,0x03,0xFF,0xC0,0x7F,0xF8,0x01,0xFF,0xE3,0xFF,0x83,0xFF,
  0xFF,0xFF,0xC0,0x07,0xFF,0x1F,0xFC,0x1F,0xFC,0x7F,0xFF,0xFF,
  0xC0,0x00,0x07,0xFF,0xFF,0xFF,0xFF,0xFF,0xFF,0xF8,0x00,0x00,
  0x00,0x7F,0xFC,0x3F,0xFE,0x03,0xFF,0x80,0x7F,0xF0,0x01,0xFF,
  0xC3,0xFF,0x80,0xFF,0xFF,0xFF,0xC0,0x0F,0xFE,0x1F,0xFC,0x1F,
  0xFC,0xFF,0xFF,0xFF,0x00,0x00,0x1F,0xFF,0xFF,0xFF,0xFF,0xFF,
  0xFF,0xF8,0x00,0x00,0x00,0xFF,0xFF,0xFF,0xFE,0x07,0xFF,0x80,
  0xFF,0xF0,0x03,0xFF,0xD7,0xFF,0x80,0x1F,0xFF,0xFF,0xC0,0x1F,
  0xFE,0xBF,0xFC,0x3F,0xF8,0xFF,0xFF,0xFE,0x00,0x00,0x3F,0xFF,
  0xFF,0xFF,0xFF,0xFF,0xFF,0xF0,0x00,0x00,0x01,0xFF,0xFF,0xFF,
  0xFE,0x0F,0xFF,0x00,0xFF,0xE0,0x07,0xFF,0xFF,0xFF,0x80,0x00,
  0x1F,0xFF,0x80,0x3F,0xFF,0xFF,0xFC,0x3F,0xF9,0xFF,0xEF,0xFE,
  0x00,0x00,0x7F,0xFF,0xFF,0xFF,0xFF,0xFF,0xFF,0xF0,0x00,0x00,
  0x03,0xFF,0xFF,0xFF,0xFC,0x0F,0xFF,0x01,0xFF,0xE0,0x0F,0xFF,
  0xFF,0xFF,0x3F,0xFC,0x1F,0xFF,0x80,0x7F,0xFF,0xFF,0xFC,0x7F,
  0xF1,0xFF,0xCF,0xFF,0x00,0x00,0xFF,0xFF,0xFF,0xFF,0xFF,0xFF,
  0xFF,0xE0,0x00,0x00,0x07,0xFF,0xFF,0xFF,0xFC,0x1F,0xFE,0x01,
  0xFF,0xFF,0xFF,0xFF,0xFF,0xFF,0x3F,0xFC,0x1F,0xFF,0x00,0x7F,
  0xFF,0xFF,0xFC,0xFF,0xF3,0xFF,0xCF,0xFF,0x00,0x01,0xFF,0xFF,
  0xFF,0xFF,0xFF,0xFF,0xFF,0xE0,0x00,0x00,0x0F,0xFF,0xFF,0xFF,
  0xFC,0x1F,0xFC,0x03,0xFF,0xFF,0xFF,0xFF,0xFF,0xFF,0x3F,0xFF,
  0xFF,0xFE,0x00,0xFF,0xFF,0xFF,0xFC,0xFF,0xE3,0xFF,0x87,0xFF,
  0x80,0x03,0xFF,0xFF,0xFF,0xFF,0xFF,0xFF,0xFF,0xC0,0x00,0x00,
  0x1F,0xFF,0xC0,0xFF,0xFC,0x3F,0xFC,0x07,0xFF,0xFF,0xFF,0xFF,
  0xFF,0xFF,0x3F,0xFF,0xFF,0xFC,0x01,0xFF,0xFF,0xFF,0xF9,0xFF,
  0xE7,0xFF,0x87,0xFF,0x80,0x07,0xFF,0xFF,0xFF,0xFF,0xFF,0xFF,
  0xFF,0xC0,0x00,0x00,0x3F,0xFF,0x00,0xFF,0xFC,0x3F,0xF8,0x07,
  0xFF,0xFF,0xFF,0xF0,0x0F,0xFF,0x1F,0xFF,0xFF,0xF8,0x03,0xFF,
  0xC0,0x7F,0xF9,0xFF,0xC7,0xFF,0x07,0xFF,0xC0,0x1F,0xFF,0xFF,
  0xFF,0xFF,0xFF,0xFF,0xFF,0xC0,0x00,0x00,0x7F,0xFE,0x00,0xFF,
  0xFC,0x7F,0xF8,0x0F,0xFF,0xFF,0xFF,0xF0,0x1F,0xFF,0x0F,0xFF,
  0xFF,0xE0,0x07,0xFF,0x80,0x7F,0xFB,0xFF,0xCF,0xFF,0x03,0xFF,
  0xC0,0x3F,0xFF,0xFF,0xFF,0xFF,0xFF,0xFF,0xFF,0x80,0x00,0x00,
  0xFF,0xFC,0x00,0xFF,0xF8,0x7F,0xF0,0x0F,0xFF,0xFF,0xFF,0xE0,
  0x1F,0xFE,0x03,0xFF,0xFE,0x00,0x07,0xFF,0x00,0x7F,0xFB,0xFF,
  0x8F,0xFE,0x03,0xFF,0xC0,0x7F,0xFF,0xFF,0xFF,0xFF,0xFF,0xFF,
  0xFF,0x80,0x00,0x00,
};
static const uint8_t logo_hal[] PROGMEM = {
  0x00,0x00,0x00,0x00,0x00,0x00,0x00,0x00,0x00,0x00,0x00,0x00,
  0x00,0x00,0x00,0x00,0x00,0x00,0x00,0x00,0x00,0x00,0x00,0x7F,
  0xE0,0x00,0x00,0x00,0x00,0x00,0x00,0x00,0x00,0x00,0x00,0x00,
  0x00,0x00,0x00,0x00,0x00,0x00,0x00,0x00,0x00,0x00,0x00,0x00,
  0x00,0x00,0x03,0xFF,0xFE,0x00,0x00,0x00,0x00,0x00,0x00,0x00,
  0x00,0x00,0x00,0x00,0x00,0x00,0x00,0x00,0x00,0x00,0x00,0x00,
  0x00,0x00,0x00,0x00,0x00,0x00,0x1F,0xFF,0xFF,0x9E,0x00,0x00,
  0x00,0x00,0x00,0x00,0x00,0x00,0x00,0x00,0x00,0x00,0x00,0x00,
  0x00,0x00,0x00,0x00,0x00,0x00,0x00,0x00,0x00,0x00,0x3F,0xFF,
  0xFF,0xFF,0x80,0x00,0x00,0x00,0x00,0x00,0x00,0x00,0x00,0x00,
  0x00,0x00,0x00,0x00,0x00,0x00,0x00,0x00,0x00,0x00,0x00,0x00,
  0x00,0x00,0xFF,0xFF,0xFF,0xFF,0xC0,0x00,0x00,0x00,0x00,0x00,
  0x00,0x00,0x00,0x00,0x00,0x00,0x00,0x00,0x00,0x00,0x00,0x00,
  0x00,0x00,0x00,0x00,0x00,0x01,0xFF,0xFF,0xFF,0xFF,0xC0,0x00,
  0x00,0x00,0x00,0x00,0x00,0x00,0x00,0x00,0x00,0x00,0x00,0x00,
  0x00,0x00,0x00,0x00,0x00,0x00,0x00,0x00,0x00,0x03,0xFF,0xFF,
  0xFF,0xFF,0xBC,0x00,0x00,0x00,0x00,0x00,0x00,0x00,0x00,0x00,
  0x00,0x00,0x00,0x00,0x00,0x00,0x00,0x00,0x00,0x00,0x00,0x00,
  0x00,0x0F,0xFF,0xFF,0xFF,0xFF,0xFF,0x80,0x00,0x00,0x00,0x00,
  0x00,0x00,0x00,0x00,0x00,0x00,0x00,0x00,0x00,0x00,0x00,0x00,
  0x00,0x00,0x00,0x00,0x00,0x0F,0xFF,0xFF,0xFF,0xFF,0xFF,0x80,
  0x00,0x00,0x00,0x00,0x00,0x00,0x00,0x00,0x00,0x00,0x00,0x00,
  0x00,0x00,0x00,0x00,0x00,0x00,0x00,0x00,0x00,0x1F,0xFF,0xFF,
  0xFF,0xFF,0xFF,0x80,0x00,0x00,0x00,0x00,0x00,0x00,0x00,0x00,
  0x00,0x00,0x00,0x00,0x00,0x00,0x00,0x00,0x00,0x00,0x00,0x00,
  0x00,0x3F,0xFF,0xFF,0xFF,0xFF,0xFF,0x80,0x00,0x00,0x00,0x00,
  0x00,0x00,0x00,0x00,0x00,0x00,0x00,0x00,0x00,0x00,0x00,0x00,
  0x00,0x00,0x00,0x00,0x00,0x7F,0xFF,0xFF,0xFF,0xFF,0xFF,0x80,
  0x00,0x00,0x00,0x00,0x00,0x00,0x00,0x00,0x00,0x00,0x00,0x00,
  0x00,0x00,0x00,0x00,0x00,0x00,0x00,0x00,0x00,0x7F,0xFF,0xFF,
  0xFF,0xFF,0xFF,0x80,0x00,0x00,0x00,0x00,0x00,0x00,0x00,0x00,
  0x00,0x00,0x00,0x00,0x00,0x00,0x00,0x00,0x00,0x00,0x00,0x00,
  0x00,0xFF,0xFF,0xFF,0xFF,0xFF,0xFF,0x80,0x00,0x00,0x00,0x00,
  0x00,0x00,0x00,0x00,0x00,0x00,0x00,0x00,0x00,0x00,0x00,0x00,
  0x00,0x00,0x00,0x00,0x00,0xFF,0xFF,0xFF,0xFF,0xFF,0xFF,0x00,
  0x00,0x00,0x00,0x00,0x00,0x00,0x00,0x00,0x00,0x00,0x00,0x00,
  0x00,0x00,0x00,0x00,0x00,0x00,0x00,0x00,0x01,0xFF,0xFF,0xFF,
  0xFF,0xFF,0xFC,0x00,0xF8,0x01,0xE0,0x03,0xF8,0x1F,0x01,0xF8,
  0x01,0xF0,0x1F,0x80,0x0F,0x07,0xC0,0x0F,0xE0,0x07,0x80,0x0F,
  0x81,0xFF,0xFF,0xFF,0xFF,0xFF,0xFC,0x00,0xF8,0x03,0xF0,0x03,
  0xF8,0x1F,0x80,0xF8,0x01,0xF0,0x3F,0xC0,0x1F,0x07,0xC0,0x0F,
  0xE0,0x07,0xC0,0x0F,0x81,0xFF,0xFF,0xFF,0xFF,0xFF,0xFE,0x00,
  0xF8,0x03,0xF0,0x07,0xFC,0x0F,0x80,0xFC,0x03,0xE0,0x3F,0xC0,
  0x1F,0x07,0xC0,0x1F,0xE0,0x07,0xE0,0x0F,0x83,0xFF,0xFF,0xFF,
  0xFF,0xFF,0xFE,0x00,0xF8,0x03,0xF0,0x07,0xFC,0x0F,0x80,0xFC,
  0x03,0xE0,0x7F,0xC0,0x1F,0x07,0xC0,0x1F,0xF0,0x07,0xE0,0x0F,
  0x83,0xFF,0xFF,0xFF,0xFF,0xFF,0xFE,0x00,0xF8,0x03,0xF0,0x07,
  0xFC,0x0F,0xC0,0x7C,0x03,0xE0,0x7F,0xE0,0x1F,0x07,0xC0,0x1F,
  0xF0,0x07,0xF0,0x0F,0x83,0xFF,0xFF,0xFF,0xFF,0xFF,0xFE,0x00,
  0xF8,0x03,0xF0,0x0F,0xFE,0x07,0xC0,0x7E,0x07,0xC0,0x7F,0xE0,
  0x1F,0x07,0xC0,0x3F,0xF8,0x07,0xF8,0x0F,0x83,0xFF,0xFF,0xFF,
  0xFF,0xFF,0xFC,0x00,0xF8,0x03,0xF0,0x0F,0xBE,0x07,0xC0,0x7E,
  0x07,0xC0,0xFB,0xE0,0x1F,0x07,0xC0,0x3E,0xF8,0x07,0xFC,0x0F,
  0x83,0xFF,0xFF,0xFF,0xFF,0xFF,0xFC,0x00,0xF8,0x03,0xF0,0x1F,
  0x3E,0x07,0xE0,0x7E,0x07,0xC0,0xFB,0xF0,0x1F,0x07,0xC0,0x7C,
  0xF8,0x07,0xFC,0x0F,0x87,0xFF,0xFF,0xFF,0xFF,0xFF,0xF8,0x00,
  0xF8,0x03,0xF0,0x1F,0x3F,0x07,0xE0,0xFF,0x0F,0x81,0xF9,0xF0,
  0x1F,0x07,0xC0,0x7C,0xFC,0x07,0xFE,0x0F,0x87,0xFF,0xFF,0xFF,
  0xFF,0xFF,0xF8,0x00,0xF8,0x03,0xF0,0x1F,0x1F,0x03,0xE0,0xFF,
  0x0F,0x81,0xF1,0xF0,0x1F,0x07,0xC0,0x7C,0x7C,0x07,0xFF,0x0F,
  0x87,0xFF,0xFF,0xFF,0xFF,0xFF,0xF8,0x00,0xFF,0xFF,0xF0,0x3E,
  0x1F,0x03,0xE1,0xFF,0x0F,0x81,0xF1,0xF8,0x1F,0x07,0xC0,0xF8,
  0x7C,0x07,0xDF,0x0F,0x87,0xFF,0xFF,0xFF,0xFF,0xFF,0xF8,0x00,
  0xFF,0xFF,0xF0,0x3E,0x1F,0x83,0xF1,0xFF,0x1F,0x03,0xE0,0xF8,
  0x1F,0x07,0xC0,0xF8,0x7E,0x07,0xDF,0x8F,0x83,0xFF,0xFF,0xFF,
  0xFF,0xFF,0xF8,0x00,0xFF,0xFF,0xF0,0x3E,0x0F,0x81,0xF1,0xFF,
  0x9F,0x03,0xE0,0xF8,0x1F,0x07,0xC0,0xF8,0x3E,0x07,0xCF,0xCF,
  0x83,0xFF,0xFF,0xFF,0xFF,0xFF,0xF8,0x00,0xFF,0xFF,0xF0,0x7E,
  0x0F,0x81,0xF3,0xEF,0x9F,0x03,0xE0,0xFC,0x1F,0x07,0xC1,0xF8,
  0x3E,0x07,0xC7,0xCF,0x83,0xFF,0xFF,0xFF,0xFF,0xFF,0xF8,0x00,
  0xF8,0x03,0xF0,0x7F,0xFF,0xC1,0xFB,0xCF,0xBE,0x07,0xFF,0xFC,
  0x1F,0x07,0xC1,0xFF,0xFF,0x07,0xC7,0xEF,0x83,0xFF,0xFF,0xFF,
  0xFF,0xFF,0xF8,0x00,0xF8,0x03,0xF0,0x7F,0xFF,0xC0,0xFF,0xCF,
  0xFE,0x07,0xFF,0xFE,0x1F,0x07,0xC1,0xFF,0xFF,0x07,0xC3,0xFF,
  0x83,0xFF,0xFF,0xFF,0xFF,0xFF,0xF8,0x00,0xF8,0x03,0xF0,0xFF,
  0xFF,0xC0,0xFF,0xC7,0xFE,0x07,0xFF,0xFE,0x1F,0x07,0xC3,0xFF,
  0xFF,0x07,0xC1,0xFF,0x83,0xFF,0xFF,0xFF,0xFF,0xFF,0xF8,0x00,
  0xF8,0x03,0xF0,0xFF,0xFF,0xE0,0xFF,0x87,0xFC,0x0F,0xFF,0xFE,
  0x1F,0x07,0xC3,0xFF,0xFF,0x87,0xC0,0xFF,0x81,0xFF,0xFF,0xFF,
  0xFF,0xFF,0xF0,0x00,0xF8,0x03,0xF1,0xF8,0x03,0xE0,0x7F,0x87,
  0xFC,0x0F,0x80,0x3F,0x1F,0x07,0xC7,0xE0,0x0F,0x87,0xC0,0xFF,
  0x81,0xFF,0xFF,0xFF,0xFF,0xFF,0xF0,0x00,0xF8,0x03,0xF1,0xF0,
  0x03,0xF0,0x7F,0x03,0xF8,0x1F,0x80,0x1F,0x1F,0x07,0xC7,0xC0,
  0x0F,0x87,0xC0,0x7F,0x81,0xFF,0xFF,0xFF,0xFF,0xFF,0xF0,0x00,
  0xF8,0x03,0xF1,0xF0,0x01,0xF0,0x7F,0x03,0xF8,0x1F,0x00,0x1F,
  0x1F,0x07,0xC7,0xC0,0x0F,0xC7,0xC0,0x3F,0x80,0xFF,0xFF,0xFF,
  0xFF,0xFF,0xF0,0x00,0xF8,0x03,0xF3,0xF0,0x01,0xF0,0x3F,0x01,
  0xF8,0x1F,0x00,0x1F,0x9F,0x07,0xCF,0xC0,0x07,0xC7,0xC0,0x3F,
  0x80,0xFF,0xFF,0xFF,0xFF,0xFF,0xE0,0x00,0xF8,0x03,0xF3,0xE0,
  0x01,0xF8,0x3E,0x01,0xF0,0x3F,0x00,0x0F,0x9F,0x07,0xCF,0x80,
  0x07,0xE7,0xC0,0x1F,0x80,0x7F,0xFF,0xFF,0xFF,0xFF,0xE0,0x00,
  0xF0,0x01,0xE3,0xC0,0x00,0xF8,0x1E,0x00,0xF0,0x3E,0x00,0x0F,
  0x9F,0x07,0x8F,0x00,0x03,0xE7,0x80,0x0F,0x00,0x3F,0xFF,0xFF,
  0xFF,0xFF,0xC0,0x00,0x00,0x00,0x00,0x00,0x00,0x00,0x00,0x00,
  0x00,0x00,0x00,0x00,0x00,0x00,0x00,0x00,0x00,0x00,0x00,0x00,
  0x00,0x3F,0xFF,0xFF,0xFF,0xFF,0xC0,0x00,0x00,0x00,0x00,0x00,
  0x00,0x00,0x00,0x00,0x00,0x00,0x00,0x00,0x00,0x00,0x00,0x00,
  0x00,0x00,0x00,0x00,0x00,0x1F,0xFF,0xFF,0xFF,0xFF,0x80,0x00,
  0x00,0x00,0x00,0x00,0x00,0x00,0x00,0x00,0x00,0x00,0x00,0x00,
  0x00,0x00,0x00,0x00,0x00,0x00,0x00,0x00,0x00,0x0F,0xFF,0xFF,
  0xFF,0xFF,0x80,0x00,0x00,0x00,0x00,0x00,0x00,0x00,0x00,0x00,
  0x00,0x00,0x00,0x00,0x00,0x00,0x00,0x00,0x00,0x00,0x00,0x00,
  0x00,0x07,0xFF,0xFF,0xFF,0xFF,0x00,0x00,0x00,0x00,0x00,0x00,
  0x00,0x00,0x00,0x00,0x00,0x00,0x00,0x00,0x00,0x00,0x00,0x00,
  0x00,0x00,0x00,0x00,0x00,0x03,0xFF,0xFF,0xFF,0xEE,0x00,0x00,
  0x00,0x00,0x00,0x00,0x00,0x00,0x00,0x00,0x00,0x00,0x00,0x00,
  0x00,0x00,0x00,0x00,0x00,0x00,0x00,0x00,0x00,0x01,0xFF,0xFF,
  0xFF,0xEE,0x00,0x00,0x00,0x00,0x00,0x00,0x00,0x00,0x00,0x00,
  0x00,0x00,0x70,0x18,0x7F,0x83,0x00,0xC3,0x83,0x0F,0xF0,0x7E,
  0x00,0x00,0x7F,0xFF,0xFF,0xEC,0x00,0x00,0x00,0x00,0x00,0x00,
  0x00,0x00,0x00,0x00,0x00,0x00,0xF0,0x18,0x7F,0xC3,0x00,0xC3,
  0xC3,0x0F,0xF0,0xFF,0x00,0x00,0x3F,0xFF,0xFF,0xC8,0x00,0x00,
  0x00,0x00,0x00,0x00,0x00,0x00,0x00,0x00,0x00,0x00,0xF8,0x18,
  0x70,0xC3,0x00,0xC3,0xC3,0x0C,0x00,0xC0,0x00,0x00,0x0F,0xFF,
  0xFF,0xC0,0x00,0x00,0x00,0x00,0x00,0x00,0x00,0x00,0x00,0x00,
  0x00,0x00,0xD8,0x18,0x70,0xC3,0x00,0xC3,0xE3,0x0C,0x00,0xC0,
  0x00,0x00,0x01,0xFF,0xFF,0x80,0x00,0x00,0x00,0x00,0x00,0x00,
  0x00,0x00,0x00,0x00,0x00,0x01,0x9C,0x18,0x70,0xC3,0x00,0xC3,
  0x73,0x0F,0xE0,0xFC,0x00,0x00,0x00,0x7F,0xFF,0x00,0x00,0x00,
  0x00,0x00,0x00,0x00,0x00,0x00,0x00,0x00,0x00,0x01,0x8C,0x18,
  0x7F,0xC3,0x00,0xC3,0x3B,0x0F,0xE0,0x7E,0x00,0x00,0x00,0xFF,
  0xFF,0x00,0x00,0x00,0x00,0x00,0x00,0x00,0x00,0x00,0x00,0x00,
  0x00,0x03,0xFC,0x18,0x7F,0x03,0x00,0xC3,0x1F,0x0C,0x00,0x07,
  0x00,0x00,0x00,0xFF,0xFE,0x00,0x00,0x00,0x00,0x00,0x00,0x00,
  0x00,0x00,0x00,0x00,0x00,0x03,0xFE,0x18,0x73,0x03,0x00,0xC3,
  0x1F,0x0C,0x00,0x03,0x10,0x00,0x00,0xFF,0xFC,0x00,0x00,0x00,
  0x00,0x00,0x00,0x00,0x00,0x00,0x00,0x00,0x00,0x03,0x8E,0x18,
  0x71,0x83,0x00,0xC3,0x0F,0x0C,0x01,0xC3,0x08,0x00,0x01,0xFF,
  0xF0,0x00,0x00,0x00,0x00,0x00,0x00,0x00,0x00,0x00,0x00,0x00,
  0x00,0x06,0x07,0x18,0x71,0xC3,0xF8,0xC3,0x07,0x0F,0xF1,0xFF,
  0x00,0x00,0x01,0xFF,0xE0,0x00,0x00,0x00,0x00,0x00,0x00,0x00,
  0x00,0x00,0x00,0x00,0x00,0x06,0x03,0x18,0x30,0xC3,0xF8,0xC3,
  0x03,0x0F,0xF0,0x7E,0x04,0x00,0x03,0xFF,0x00,0x00,0x00,0x00,
  0x00,0x00,0x00,0x00,0x00,0x00,0x00,0x00,0x00,0x00,0x00,0x00,
  0x00,0x00,0x00,0x00,0x00,0x00,0x00,0x00,0x00,0x00,0x07,0xF8,
  0x00,0x00,0x00,0x00,0x00,0x00,0x00,0x00,0x00,0x00,0x00,0x00,
  0x00,0x00,0x00,0x00,0x00,0x00,0x00,0x00,0x00,0x00,0x00,0x00,
  0x00,0x00,0x0F,0xC0,0x00,0x00,0x00,0x00,0x00,0x00,0x00,0x00,
  0x00,0x00,0x00,0x00,0x00,0x00,0x00,0x00,0x00,0x00,0x00,0x00,
  0x00,0x00,0x00,0x00,0x00,0x00,0x0E,0x00,0x00,0x00,0x00,0x00,
};
static const uint8_t logo_jal[] PROGMEM = {
  0x00,0x00,0x3F,0xFC,0x00,0x00,0x00,0x00,0x00,0x00,0x00,0x00,
  0x00,0x00,0x00,0x00,0x00,0x00,0x00,0x00,0x00,0x00,0x00,0x00,
  0x00,0x00,0x00,0x00,0x00,0x00,0x00,0x00,0x00,0x00,0x00,0x00,
  0x00,0x00,0x00,0x00,0x00,0x01,0xE0,0x0F,0x80,0x00,0x00,0x00,
  0x00,0x00,0x00,0x00,0x00,0x00,0x00,0x00,0x00,0x00,0x00,0x00,
  0x00,0x00,0x00,0x00,0x00,0x00,0x00,0x00,0x00,0x00,0x00,0x00,
  0x00,0x00,0x00,0x00,0x00,0x00,0x00,0x00,0x00,0x07,0x80,0x01,
  0xE0,0x00,0x00,0x00,0x00,0x00,0x00,0x00,0x00,0x00,0x00,0x00,
  0x00,0x00,0x00,0x00,0x00,0x00,0x00,0x00,0x00,0x00,0x00,0x00,
  0x00,0x00,0x00,0x00,0x00,0x00,0x00,0x00,0x00,0x00,0x00,0x00,
  0x00,0x1E,0x00,0x00,0xF8,0x00,0x00,0x00,0x00,0x00,0x00,0x00,
  0x00,0x00,0x00,0x00,0x00,0x00,0x00,0x00,0x00,0x00,0x00,0x00,
  0x00,0x00,0x00,0x00,0x00,0x00,0x00,0x00,0x00,0x00,0x00,0x00,
  0x00,0x00,0x00,0x00,0x00,0x7C,0x00,0x00,0x3C,0x00,0x00,0x00,
  0x00,0x00,0x00,0x00,0x00,0x00,0x00,0x00,0x00,0x00,0x00,0x00,
  0x00,0x00,0x00,0x00,0x00,0x00,0x00,0x00,0x00,0x00,0x00,0x00,
  0x00,0x00,0x00,0x00,0x00,0x00,0x00,0x00,0x00,0xF8,0x00,0x00,
  0x1E,0x00,0x00,0x00,0x00,0x00,0x00,0x00,0x00,0x00,0x00,0x00,
  0x00,0x00,0x00,0x00,0x00,0x00,0x00,0x00,0x00,0x00,0x00,0x00,
  0x00,0x00,0x00,0x00,0x00,0x00,0x00,0x00,0x00,0x00,0x00,0x00,
  0x01,0xF0,0x00,0xF8,0x0F,0x00,0x00,0x00,0x00,0x00,0x00,0x00,
  0x00,0x00,0x00,0x00,0x00,0x00,0x00,0x00,0x00,0x00,0x00,0x00,
  0x00,0x00,0x00,0x00,0x00,0x00,0x00,0x00,0x00,0x00,0x00,0x00,
  0x00,0x00,0x00,0x00,0x03,0xE0,0x01,0xFE,0x0F,0x80,0x00,0x00,
  0x00,0x00,0x00,0x00,0x00,0x00,0x00,0x00,0x00,0x00,0x00,0x00,
  0x00,0x00,0x00,0x00,0x00,0x00,0x00,0x00,0x00,0x00,0x00,0x00,
  0x00,0x00,0x00,0x00,0x00,0x00,0x00,0x00,0x07,0xC0,0xFF,0xFE,
  0x07,0xC0,0x00,0x00,0x00,0x00,0x00,0x00,0x00,0x00,0x00,0x00,
  0x00,0x00,0x00,0x00,0x00,0x00,0x00,0x00,0x00,0x00,0x00,0x00,
  0x00,0x00,0x00,0x00,0x00,0x00,0x00,0x00,0x00,0x00,0x00,0x00,
  0x07,0xC0,0xFF,0xFF,0x07,0xC0,0x00,0x00,0x00,0x00,0x00,0x00,
  0x00,0x00,0x00,0x00,0x00,0x00,0x00,0x00,0x00,0x00,0x00,0x00,
  0x00,0x00,0x00,0x00,0x00,0x00,0x00,0x00,0x00,0x00,0x00,0x00,
  0x00,0x00,0x00,0x00,0x0F,0x80,0x00,0x7E,0x03,0xE0,0x00,0x00,
  0x00,0x00,0x00,0x00,0x00,0x00,0x00,0x00,0x00,0x00,0x00,0x00,
  0x00,0x00,0x00,0x00,0x00,0x00,0x00,0x00,0x00,0x00,0x00,0x00,
  0x00,0x00,0x00,0x00,0x00,0x00,0x00,0x00,0x0F,0x80,0x00,0x3E,
  0x03,0xE0,0x00,0x00,0x00,0x00,0x00,0x00,0x00,0x00,0x00,0x00,
  0x00,0x00,0x00,0x00,0x00,0x00,0x00,0x00,0x00,0x00,0x00,0x00,
  0x00,0x00,0x00,0x00,0x00,0x00,0x00,0x00,0x00,0x00,0x00,0x00,
  0x0F,0x80,0x00,0x7C,0x03,0xE0,0x00,0x00,0x00,0x00,0x00,0x00,
  0x00,0x00,0x00,0x00,0x00,0x00,0x00,0x00,0x00,0x00,0x00,0x00,
  0x00,0x00,0x00,0x00,0x00,0x00,0x00,0x00,0x00,0x00,0x00,0x00,
  0x00,0x00,0x00,0x00,0x2F,0x80,0x00,0x78,0x01,0xE8,0x00,0x00,
  0x00,0x00,0x00,0x00,0x00,0x00,0x00,0x00,0x00,0x00,0x00,0x00,
  0x00,0x00,0x00,0x00,0x00,0x00,0x00,0x00,0x00,0x00,0x00,0x00,
  0x00,0x00,0x00,0x00,0x00,0x00,0x00,0x00,0x2F,0x80,0x00,0xF0,
  0x01,0xE8,0x00,0x00,0x1F,0xE0,0x1F,0xE0,0x0F,0xFF,0xC0,0x03,
  0xF8,0x03,0xF8,0x0F,0xE0,0x00,0x3F,0xC0,0x0F,0xF1,0xFF,0xFC,
  0x01,0xFE,0x00,0x7F,0x9F,0xE0,0x3F,0x8F,0xFF,0xFC,0x0F,0xF0,
  0x6F,0x00,0x03,0xE0,0x01,0xEC,0x00,0x00,0x1F,0xE0,0x3F,0xE0,
  0x1F,0xFF,0xF8,0x07,0xFC,0x07,0xFC,0x0F,0xE0,0x00,0x7F,0xC0,
  0x1F,0xF3,0xFF,0xFF,0x83,0xFE,0x00,0xFF,0x9F,0xF0,0x7F,0x9F,
  0xFF,0xF8,0x7F,0xFE,0x77,0x00,0x07,0xC0,0x01,0xFC,0x00,0x00,
  0x3F,0xC0,0x7F,0xE0,0x1F,0xFF,0xFC,0x0F,0xFC,0x07,0xFC,0x1F,
  0xE0,0x00,0x7F,0xC0,0x1F,0xE3,0xFF,0xFF,0xC3,0xFC,0x00,0xFF,
  0x1F,0xF0,0x7F,0x1F,0xFF,0xF9,0xFF,0xFF,0x77,0x80,0x0F,0x80,
  0x01,0xDC,0x00,0x00,0x3F,0xC0,0xFF,0xE0,0x1F,0xFF,0xFE,0x1F,
  0xFC,0x07,0xFE,0x1F,0xC0,0x00,0xFF,0xC0,0x1F,0xE7,0xFF,0xFF,
  0xE3,0xFC,0x00,0xFF,0x3F,0xF8,0x7F,0x1F,0xFF,0xFB,0xFF,0xFE,
  0x7F,0x80,0x0F,0x80,0x03,0xFC,0x00,0x00,0x7F,0xC0,0xFF,0xE0,
  0x3F,0xC3,0xFE,0x3F,0xFC,0x0F,0xFE,0x1F,0xC0,0x01,0xFF,0xE0,
  0x3F,0xC7,0xF8,0x7F,0xE7,0xF8,0x01,0xFE,0x3F,0xF8,0xFF,0x3F,
  0xE0,0x03,0xFE,0x0C,0x3F,0x80,0x1F,0x00,0x03,0xF8,0x00,0x00,
  0x7F,0x81,0xFF,0xF0,0x3F,0xC1,0xFE,0x3F,0xFC,0x0F,0xFF,0x3F,
  0x80,0x03,0xFF,0xE0,0x3F,0xC7,0xF8,0x3F,0xE7,0xF8,0x01,0xFE,
  0x7F,0xFC,0xFE,0x3F,0xC0,0x07,0xFC,0x00,0xBF,0x80,0x3E,0x00,
  0x03,0xFA,0x00,0x00,0x7F,0x83,0xFF,0xF0,0x7F,0xC1,0xFC,0x7F,
  0xFC,0x0F,0xFF,0x3F,0x80,0x07,0xFF,0xE0,0x3F,0xCF,0xF8,0x3F,
  0xC7,0xF8,0x01,0xFE,0x7F,0xFC,0xFE,0x3F,0xC0,0x07,0xFF,0x00,
  0x9F,0xC0,0x3E,0x00,0x07,0xF2,0x00,0x00,0xFF,0x87,0xE7,0xF0,
  0x7F,0x87,0xFC,0xFD,0xFE,0x1F,0xFF,0xFF,0x80,0x0F,0xEF,0xE0,
  0x7F,0x8F,0xF0,0xFF,0xCF,0xF0,0x03,0xFC,0x7F,0xFF,0xFC,0x7F,
  0xFF,0xC3,0xFF,0xF0,0xDF,0xC0,0x7E,0x00,0x07,0xF6,0x00,0x00,
  0xFF,0x0F,0xE7,0xF0,0x7F,0xFF,0xF9,0xF9,0xFE,0x1F,0xFF,0xFF,
  0x00,0x1F,0xCF,0xE0,0x7F,0x8F,0xFF,0xFF,0x8F,0xF0,0x03,0xFC,
  0xFF,0xFF,0xFC,0x7F,0xFF,0x83,0xFF,0xF8,0xEF,0xE0,0x7E,0x00,
  0x0F,0xEE,0x00,0x00,0xFF,0x1F,0xC7,0xF0,0xFF,0xFF,0xF3,0xF0,
  0xFE,0x1F,0xDF,0xFF,0x00,0x1F,0x8F,0xE0,0xFF,0x9F,0xFF,0xFE,
  0x0F,0xF0,0x03,0xFC,0xFE,0xFF,0xFC,0xFF,0xFF,0x80,0xFF,0xFC,
  0xF7,0xF0,0x7E,0x00,0x1F,0xFE,0x00,0x01,0xFE,0x3F,0xFF,0xF0,
  0xFF,0xFF,0xC7,0xFF,0xFE,0x3F,0x9F,0xFE,0x00,0x3F,0xFF,0xF0,
  0xFF,0x1F,0xFF,0xF0,0x1F,0xE0,0x07,0xF8,0xFE,0x7F,0xF8,0xFF,
  0x00,0x00,0x1F,0xFC,0x7F,0xF8,0xFE,0x00,0x3F,0xFC,0x00,0x03,
  0xFE,0x3F,0xFF,0xF0,0xFF,0xFC,0x0F,0xFF,0xFE,0x3F,0x8F,0xFE,
  0x00,0x7F,0xFF,0xF0,0xFF,0x3F,0xEF,0xF0,0x1F,0xE0,0x07,0xF9,
  0xFE,0x7F,0xF8,0xFF,0x00,0x00,0x07,0xFC,0x7F,0xFC,0xFE,0x00,
  0x7F,0xFC,0x00,0x07,0xFE,0x7F,0xFF,0xF9,0xFE,0x00,0x0F,0xFF,
  0xFE,0x3F,0x8F,0xFE,0x00,0xFF,0xFF,0xF1,0xFE,0x3F,0xC7,0xF8,
  0x3F,0xE0,0x0F,0xF1,0xFC,0x3F,0xF1,0xFF,0x00,0x0E,0x07,0xFC,
  0xBF,0xFE,0xFF,0x00,0xFF,0xFA,0x01,0xFF,0xFC,0xFF,0xFF,0xF9,
  0xFE,0x00,0x1F,0xFF,0xFF,0x7F,0x07,0xFC,0x01,0xFF,0xFF,0xF1,
  0xFE,0x3F,0xC7,0xFC,0x3F,0xFF,0xCF,0xF1,0xFC,0x3F,0xF1,0xFF,
  0xFF,0x9F,0xFF,0xF8,0xDF,0xFF,0xFF,0xE7,0xFF,0xF6,0x01,0xFF,
  0xF9,0xFC,0x07,0xF9,0xFE,0x00,0x3F,0x00,0xFF,0x7F,0x07,0xFC,
  0x03,0xF8,0x0F,0xF1,0xFE,0x7F,0x83,0xFC,0x3F,0xFF,0xCF,0xF3,
  0xFC,0x1F,0xF1,0xFF,0xFF,0x1F,0xFF,0xF0,0x6F,0xFF,0xFF,0xFF,
  0xFF,0xEC,0x03,0xFF,0xF3,0xF8,0x07,0xFB,0xFC,0x00,0x7E,0x00,
  0xFF,0xFF,0x03,0xFC,0x07,0xF0,0x0F,0xF3,0xFC,0x7F,0x81,0xFE,
  0x7F,0xFF,0x9F,0xE3,0xF8,0x1F,0xE3,0xFF,0xFF,0x0F,0xFF,0xE0,
  0x77,0xFF,0xFF,0xFF,0xFF,0xDC,0x01,0xFF,0xC3,0xF0,0x07,0xFB,
  0xFC,0x00,0x7C,0x00,0xFF,0xFE,0x01,0xF8,0x07,0xE0,0x07,0xF3,
  0xFC,0x7F,0x01,0xFE,0x7F,0xFF,0x9F,0xE3,0xF8,0x0F,0xE3,0xFF,
  0xFE,0x03,0xFF,0x00,0x7F,0xFF,0xFF,0xFF,0xFF,0xFC,0x00,0x00,
  0x00,0x00,0x00,0x00,0x00,0x00,0x00,0x00,0x00,0x00,0x00,0x00,
  0x00,0x00,0x00,0x00,0x00,0x00,0x00,0x00,0x00,0x00,0x00,0x00,
  0x00,0x00,0x00,0x00,0x00,0x00,0x00,0x00,0x3F,0xFF,0xFF,0xFF,
  0xFF,0xF8,0x00,0x00,0x00,0x00,0x00,0x00,0x00,0x00,0x00,0x00,
  0x00,0x00,0x00,0x00,0x00,0x00,0x00,0x00,0x00,0x00,0x00,0x00,
  0x00,0x00,0x00,0x00,0x00,0x00,0x00,0x00,0x00,0x00,0x00,0x00,
  0x1F,0xFF,0xFF,0xFF,0xFF,0xF0,0x00,0x00,0x00,0x00,0x00,0x00,
  0x00,0x00,0x00,0x00,0x00,0x00,0x00,0x00,0x00,0x00,0x00,0x00,
  0x00,0x00,0x00,0x00,0x00,0x00,0x00,0x00,0x00,0x00,0x00,0x00,
  0x00,0x00,0x00,0x00,0x0F,0xFF,0xFF,0xFF,0xFF,0xC0,0x00,0x00,
  0x00,0x00,0x00,0x00,0x00,0x00,0x00,0x00,0x00,0x00,0x00,0x00,
  0x00,0x00,0x00,0x00,0x00,0x00,0x00,0x00,0x00,0x00,0x00,0x00,
  0x00,0x00,0x00,0x00,0x00,0x00,0x00,0x00,0x1B,0xFF,0xFF,0xFF,
  0xFF,0xB0,0x00,0x00,0x00,0x00,0x00,0x00,0x00,0x00,0x00,0x00,
  0x00,0x00,0x00,0x00,0x00,0x00,0x00,0x00,0x00,0x00,0x00,0x00,
  0x00,0x00,0x00,0x00,0x00,0x00,0x00,0x00,0x00,0x00,0x00,0x00,
  0x0F,0xFF,0xFF,0xFF,0xFF,0xE0,0x00,0x00,0x00,0x00,0x00,0x00,
  0x00,0x00,0x00,0x00,0x00,0x00,0x00,0x00,0x00,0x00,0x00,0x00,
  0x00,0x00,0x00,0x00,0x00,0x00,0x00,0x00,0x00,0x00,0x00,0x00,
  0x00,0x00,0x00,0x00,0x07,0xFF,0xFF,0xFF,0xFF,0xC0,0x00,0x00,
  0x00,0x00,0x00,0x00,0x00,0x00,0x00,0x00,0x00,0x00,0x00,0x00,
  0x00,0x00,0x00,0x00,0x00,0x00,0x00,0x00,0x00,0x00,0x00,0x00,
  0x00,0x00,0x00,0x00,0x00,0x00,0x00,0x00,0x07,0xFF,0xFF,0xFF,
  0xFF,0x80,0x00,0x00,0x00,0x00,0x00,0x00,0x00,0x00,0x00,0x00,
  0x00,0x00,0x00,0x00,0x00,0x00,0x00,0x00,0x00,0x00,0x00,0x00,
  0x00,0x00,0x00,0x00,0x00,0x00,0x00,0x00,0x00,0x00,0x00,0x00,
  0x03,0xFF,0xFF,0xFF,0xFF,0x00,0x00,0x00,0x00,0x00,0x00,0x00,
  0x00,0x00,0x00,0x00,0x00,0x00,0x00,0x00,0x00,0x00,0x00,0x00,
  0x00,0x00,0x00,0x00,0x00,0x00,0x00,0x00,0x00,0x00,0x00,0x00,
  0x00,0x00,0x00,0x00,0x01,0xFF,0xFF,0xFF,0xFE,0x00,0x00,0x00,
  0x00,0x00,0x00,0x00,0x00,0x00,0x00,0x00,0x00,0x00,0x00,0x00,
  0x00,0x00,0x00,0x00,0x00,0x00,0x00,0x00,0x00,0x00,0x00,0x00,
  0x00,0x00,0x00,0x00,0x00,0x00,0x00,0x00,0x00,0x7F,0xFF,0xFF,
  0xFC,0x00,0x00,0x00,0x00,0x00,0x00,0x00,0x00,0x00,0x00,0x00,
  0x00,0x00,0x00,0x00,0x00,0x00,0x00,0x00,0x00,0x00,0x00,0x00,
  0x00,0x00,0x00,0x00,0x00,0x00,0x00,0x00,0x00,0x00,0x00,0x00,
  0x00,0x3F,0xFF,0xFF,0xF0,0x00,0x00,0x00,0x00,0x00,0x00,0x00,
  0x00,0x00,0x00,0x00,0x00,0x00,0x00,0x00,0x00,0x00,0x00,0x00,
  0x00,0x00,0x00,0x00,0x00,0x00,0x00,0x00,0x00,0x00,0x00,0x00,
  0x00,0x00,0x00,0x00,0x00,0x0F,0xFF,0xFF,0xC0,0x00,0x00,0x00,
  0x00,0x00,0x00,0x00,0x00,0x00,0x00,0x00,0x00,0x00,0x00,0x00,
  0x00,0x00,0x00,0x00,0x00,0x00,0x00,0x00,0x00,0x00,0x00,0x00,
  0x00,0x00,0x00,0x00,0x00,0x00,0x00,0x00,0x00,0x03,0xFF,0xFF,
  0x00,0x00,0x00,0x00,0x00,0x00,0x00,0x00,0x00,0x00,0x00,0x00,
  0x00,0x00,0x00,0x00,0x00,0x00,0x00,0x00,0x00,0x00,0x00,0x00,
  0x00,0x00,0x00,0x00,0x00,0x00,0x00,0x00,0x00,0x00,0x00,0x00,
  0x00,0x00,0x7F,0xF8,0x00,0x00,0x00,0x00,0x00,0x00,0x00,0x00,
  0x00,0x00,0x00,0x00,0x00,0x00,0x00,0x00,0x00,0x00,0x00,0x00,
  0x00,0x00,0x00,0x00,0x00,0x00,0x00,0x00,0x00,0x00,0x00,0x00,
  0x00,0x00,0x00,0x00,
};
static const uint8_t logo_jbu[] PROGMEM = {
  0x00,0x00,0x00,0x00,0x00,0x00,0x00,0x00,0x00,0x3F,0xFF,0xFF,
  0xF8,0x00,0x1F,0xE0,0x00,0x00,0x00,0x00,0x00,0x00,0x00,0x00,
  0x00,0x00,0xFF,0x80,0x00,0x00,0x00,0x00,0x00,0x00,0x3F,0xFF,
  0xFF,0xFE,0x00,0x1F,0xE0,0x00,0x00,0x00,0x00,0x00,0x00,0x00,
  0x00,0x00,0x00,0xFF,0x80,0x00,0x00,0x00,0x00,0x00,0x00,0x3F,
  0xFF,0xFF,0xFF,0x80,0x1F,0xE0,0x00,0x00,0x00,0x00,0x00,0x00,
  0x00,0x00,0x00,0x00,0xFF,0x80,0x00,0x00,0x00,0x00,0x00,0x00,
  0x3F,0xFF,0xFF,0xFF,0xC0,0x1F,0xE0,0x00,0x00,0x00,0x00,0x00,
  0x00,0x00,0x00,0x00,0x00,0xFF,0x80,0x00,0x00,0x00,0x00,0x00,
  0x00,0x3F,0xFF,0xFF,0xFF,0xE0,0x1F,0xE0,0x00,0x00,0x00,0x00,
  0x00,0x00,0x00,0x00,0x00,0x00,0xFF,0x80,0x00,0x00,0x00,0x00,
  0x7F,0x00,0x3F,0xFF,0xFF,0xFF,0xF0,0x1F,0xE0,0x00,0x00,0x00,
  0x00,0x00,0x00,0x00,0x00,0x00,0x00,0xFF,0x80,0x00,0x00,0x00,
  0x00,0xFF,0x00,0x3F,0xFF,0xFF,0xFF,0xF8,0x1F,0xE0,0x00,0x00,
  0x00,0x00,0x00,0x00,0x00,0x00,0x00,0x00,0xFF,0x80,0x00,0x00,
  0x00,0x00,0xFF,0x00,0x3F,0xC0,0x00,0x7F,0xF8,0x1F,0xE0,0x00,
  0x00,0x00,0x00,0x00,0x00,0x00,0x00,0x00,0x00,0x00,0x00,0x00,
  0x00,0x00,0x00,0xFF,0x00,0x3F,0xC0,0x00,0x1F,0xF8,0x1F,0xE0,
  0x00,0x00,0x00,0x00,0x00,0x00,0x00,0x00,0x00,0x00,0x00,0x00,
  0x00,0x00,0x00,0x00,0xFF,0x00,0x3F,0xC0,0x00,0x0F,0xFC,0x1F,
  0xE0,0x00,0x00,0x00,0x00,0x00,0x00,0x00,0x00,0x00,0x00,0x00,
  0x00,0x00,0x00,0x00,0x00,0xFF,0x00,0x3F,0xC0,0x00,0x07,0xFC,
  0x1F,0xE0,0x00,0x00,0x00,0x00,0x00,0x00,0x00,0x00,0x00,0x00,
  0x00,0x00,0x00,0x00,0x00,0x00,0xFF,0x00,0x3F,0xC0,0x00,0x07,
  0xFC,0x1F,0xE0,0x00,0x00,0x00,0x00,0x00,0x00,0x00,0x00,0x00,
  0x00,0x00,0x00,0x00,0x00,0x00,0x00,0xFF,0x00,0x3F,0xC0,0x00,
  0x07,0xFC,0x1F,0xE0,0x00,0x00,0x00,0x00,0x00,0x00,0x00,0x00,
  0x00,0x00,0x00,0x00,0x00,0x00,0x00,0x00,0xFF,0x00,0x3F,0xC0,
  0x00,0x07,0xFC,0x1F,0xE0,0x00,0x00,0x00,0x00,0x00,0x00,0x1C,
  0x00,0x00,0x00,0xFF,0x80,0x03,0xFF,0x80,0x0F,0xFF,0xFC,0x3F,
  0xC0,0x00,0x07,0xFC,0x1F,0xE0,0x1F,0xE0,0x00,0x3F,0xE0,0x03,
  0xFF,0xE0,0x00,0x00,0xFF,0x80,0x0F,0xFF,0xF0,0x0F,0xFF,0xFC,
  0x3F,0xC0,0x00,0x07,0xFC,0x1F,0xE0,0x1F,0xE0,0x00,0x3F,0xE0,
  0x0F,0xFF,0xF8,0x00,0x00,0xFF,0x80,0x3F,0xFF,0xF8,0x0F,0xFF,
  0xFC,0x3F,0xC0,0x00,0x07,0xFC,0x1F,0xE0,0x1F,0xE0,0x00,0x3F,
  0xE0,0x1F,0xFF,0xFE,0x00,0x00,0xFF,0x80,0x7F,0xFF,0xFE,0x0F,
  0xFF,0xFC,0x3F,0xC0,0x00,0x0F,0xF8,0x1F,0xE0,0x1F,0xE0,0x00,
  0x3F,0xE0,0x3F,0xFF,0xFF,0x00,0x00,0xFF,0x80,0xFF,0xFF,0xFF,
  0x0F,0xFF,0xFC,0x3F,0xC0,0x00,0x1F,0xF8,0x1F,0xE0,0x1F,0xE0,
  0x00,0x3F,0xE0,0x7F,0xFF,0xFF,0x80,0x00,0xFF,0x81,0xFF,0xFF,
  0xFF,0x8F,0xFF,0xFC,0x3F,0xC0,0x00,0x3F,0xF0,0x1F,0xE0,0x1F,
  0xE0,0x00,0x3F,0xE0,0xFF,0xFF,0xFF,0xC0,0x00,0xFF,0x83,0xFF,
  0xFF,0xFF,0x80,0xFF,0x80,0x3F,0xFF,0xFF,0xFF,0xE0,0x1F,0xE0,
  0x1F,0xE0,0x00,0x3F,0xE1,0xFF,0xFF,0xFF,0xE0,0x00,0xFF,0x83,
  0xFF,0x83,0xFF,0xC0,0xFF,0x00,0x3F,0xFF,0xFF,0xFF,0xC0,0x1F,
  0xE0,0x1F,0xE0,0x00,0x3F,0xE1,0xFF,0xC0,0x7F,0xE0,0x00,0xFF,
  0x87,0xFE,0x00,0xFF,0xC0,0xFF,0x00,0x3F,0xFF,0xFF,0xFF,0x80,
  0x1F,0xE0,0x1F,0xE0,0x00,0x3F,0xE3,0xFF,0x00,0x3F,0xF0,0x00,
  0xFF,0x87,0xFC,0x00,0x7F,0xE0,0xFF,0x00,0x3F,0xFF,0xFF,0xFE,
  0x00,0x1F,0xE0,0x1F,0xE0,0x00,0x3F,0xE3,0xFE,0x00,0x1F,0xF0,
  0x00,0xFF,0x8F,0xF8,0x00,0x3F,0xE0,0xFF,0x00,0x3F,0xFF,0xFF,
  0xFF,0x80,0x1F,0xE0,0x1F,0xE0,0x00,0x3F,0xE3,0xFE,0x00,0x1F,
  0xF0,0x00,0xFF,0x8F,0xF8,0x00,0x3F,0xE0,0xFF,0x00,0x3F,0xFF,
  0xFF,0xFF,0xE0,0x1F,0xE0,0x1F,0xE0,0x00,0x3F,0xE7,0xFC,0x00,
  0x0F,0xF8,0x00,0xFF,0x8F,0xF0,0x00,0x1F,0xE0,0xFF,0x00,0x3F,
  0xFF,0xFF,0xFF,0xF0,0x1F,0xE0,0x1F,0xE0,0x00,0x3F,0xE7,0xFC,
  0x00,0x0F,0xF8,0x00,0xFF,0x8F,0xF0,0x00,0x1F,0xF0,0xFF,0x00,
  0x3F,0xC0,0x00,0xFF,0xF8,0x1F,0xE0,0x1F,0xE0,0x00,0x3F,0xE7,
  0xF8,0x00,0x0F,0xF8,0x00,0xFF,0x9F,0xF0,0x00,0x1F,0xF0,0xFF,
  0x00,0x3F,0xC0,0x00,0x1F,0xFC,0x1F,0xE0,0x1F,0xE0,0x00,0x3F,
  0xE7,0xFF,0xFF,0xFF,0xF8,0x00,0xFF,0x9F,0xFF,0xFF,0xFF,0xF0,
  0xFF,0x00,0x3F,0xC0,0x00,0x0F,0xFC,0x1F,0xE0,0x1F,0xE0,0x00,
  0x3F,0xE7,0xFF,0xFF,0xFF,0xF8,0x00,0xFF,0x9F,0xFF,0xFF,0xFF,
  0xF0,0xFF,0x00,0x3F,0xC0,0x00,0x07,0xFE,0x1F,0xE0,0x1F,0xE0,
  0x00,0x3F,0xE7,0xFF,0xFF,0xFF,0xF8,0x00,0xFF,0x9F,0xFF,0xFF,
  0xFF,0xF0,0xFF,0x00,0x3F,0xC0,0x00,0x03,0xFE,0x1F,0xE0,0x1F,
  0xE0,0x00,0x3F,0xE7,0xFF,0xFF,0xFF,0xF8,0x00,0xFF,0x9F,0xFF,
  0xFF,0xFF,0xF0,0xFF,0x00,0x3F,0xC0,0x00,0x03,0xFE,0x1F,0xE0,
  0x1F,0xE0,0x00,0x3F,0xE7,0xFF,0xFF,0xFF,0xF8,0x00,0xFF,0x9F,
  0xFF,0xFF,0xFF,0xF0,0xFF,0x00,0x3F,0xC0,0x00,0x03,0xFF,0x1F,
  0xE0,0x1F,0xE0,0x00,0x3F,0xE7,0xFF,0xFF,0xFF,0xF8,0x00,0xFF,
  0x9F,0xFF,0xFF,0xFF,0xF0,0xFF,0x00,0x3F,0xC0,0x00,0x03,0xFF,
  0x1F,0xE0,0x1F,0xE0,0x00,0x3F,0xE7,0xFF,0xFF,0xFF,0xF8,0x00,
  0xFF,0x9F,0xF0,0x00,0x00,0x00,0xFF,0x00,0x3F,0xC0,0x00,0x03,
  0xFF,0x1F,0xE0,0x1F,0xE0,0x00,0x3F,0xE7,0xF8,0x00,0x00,0x00,
  0x00,0xFF,0x9F,0xF0,0x00,0x00,0x00,0xFF,0x00,0x3F,0xC0,0x00,
  0x03,0xFF,0x1F,0xE0,0x1F,0xE0,0x00,0x3F,0xE7,0xFC,0x00,0x00,
  0x00,0x00,0xFF,0x8F,0xF0,0x00,0x00,0x00,0xFF,0x00,0x3F,0xC0,
  0x00,0x03,0xFE,0x1F,0xE0,0x1F,0xE0,0x00,0x3F,0xE7,0xFC,0x00,
  0x00,0x00,0x00,0xFF,0x8F,0xF8,0x00,0x00,0x00,0xFF,0x00,0x3F,
  0xC0,0x00,0x07,0xFE,0x1F,0xE0,0x1F,0xE0,0x00,0x3F,0xE7,0xFC,
  0x00,0x00,0x00,0x00,0xFF,0x8F,0xFC,0x00,0x03,0x00,0xFF,0x00,
  0x3F,0xC0,0x00,0x07,0xFE,0x1F,0xE0,0x1F,0xF0,0x00,0x7F,0xE3,
  0xFE,0x00,0x01,0x80,0x00,0xFF,0x8F,0xFC,0x00,0x0F,0x80,0xFF,
  0x00,0x3F,0xC0,0x00,0x1F,0xFE,0x1F,0xE0,0x1F,0xF8,0x00,0xFF,
  0xE3,0xFF,0x00,0x07,0xC0,0x00,0xFF,0x87,0xFF,0x00,0x3F,0xC0,
  0xFF,0x80,0x3F,0xC0,0x00,0x3F,0xFC,0x1F,0xE0,0x1F,0xFC,0x01,
  0xFF,0xE1,0xFF,0x80,0x0F,0xF0,0x00,0xFF,0x87,0xFF,0xC1,0xFF,
  0xE0,0xFF,0xFC,0x3F,0xFF,0xFF,0xFF,0xFC,0x1F,0xF0,0x1F,0xFF,
  0x0F,0xFF,0xE1,0xFF,0xE0,0x7F,0xF8,0x00,0xFF,0x83,0xFF,0xFF,
  0xFF,0xF0,0xFF,0xFC,0x3F,0xFF,0xFF,0xFF,0xF8,0x1F,0xFF,0x8F,
  0xFF,0xFF,0xFF,0xE0,0xFF,0xFF,0xFF,0xF8,0x00,0xFF,0x81,0xFF,
  0xFF,0xFF,0xE0,0x7F,0xFC,0x3F,0xFF,0xFF,0xFF,0xF0,0x1F,0xFF,
  0x8F,0xFF,0xFF,0xFF,0xE0,0xFF,0xFF,0xFF,0xF0,0x00,0xFF,0x80,
  0xFF,0xFF,0xFF,0xC0,0x7F,0xFC,0x3F,0xFF,0xFF,0xFF,0xE0,0x0F,
  0xFF,0x87,0xFF,0xFF,0xFF,0xE0,0x7F,0xFF,0xFF,0xC0,0x00,0xFF,
  0x80,0x7F,0xFF,0xFF,0x00,0x3F,0xFC,0x3F,0xFF,0xFF,0xFF,0xC0,
  0x0F,0xFF,0x83,0xFF,0xFF,0xBF,0xE0,0x3F,0xFF,0xFF,0x80,0x00,
  0xFF,0x80,0x3F,0xFF,0xFE,0x00,0x1F,0xFC,0x3F,0xFF,0xFF,0xFF,
  0x00,0x07,0xFF,0x81,0xFF,0xFE,0x3F,0xE0,0x0F,0xFF,0xFE,0x00,
  0x00,0xFF,0x80,0x0F,0xFF,0xF0,0x00,0x0F,0xFC,0x3F,0xFF,0xFF,
  0xF8,0x00,0x01,0xFF,0x00,0x7F,0xF8,0x3F,0xE0,0x03,0xFF,0xF8,
  0x00,0x00,0xFF,0x80,0x01,0xFF,0x80,0x00,0x01,0xFC,0x00,0x00,
  0x00,0x00,0x00,0x00,0x00,0x00,0x07,0xC0,0x00,0x00,0x00,0x7F,
  0x80,0x00,0x00,0xFF,0x00,0x00,0x00,0x00,0x00,0x00,0x00,0x00,
  0x00,0x00,0x00,0x00,0x00,0x00,0x00,0x00,0x00,0x00,0x00,0x00,
  0x00,0x00,0x00,0x01,0xFF,0x00,0x00,0x00,0x00,0x00,0x00,0x00,
  0x00,0x00,0x00,0x00,0x00,0x00,0x00,0x00,0x00,0x00,0x00,0x00,
  0x00,0x00,0x00,0x00,0x07,0xFF,0x00,0x00,0x00,0x00,0x00,0x00,
  0x00,0x00,0x00,0x00,0x00,0x00,0x00,0x00,0x00,0x00,0x00,0x00,
  0x00,0x00,0x00,0x00,0x00,0xFF,0xFE,0x00,0x00,0x00,0x00,0x00,
  0x00,0x00,0x00,0x00,0x00,0x00,0x00,0x00,0x00,0x00,0x00,0x00,
  0x00,0x00,0x00,0x00,0x00,0x00,0xFF,0xFE,0x00,0x00,0x00,0x00,
  0x00,0x00,0x00,0x00,0x00,0x00,0x00,0x00,0x00,0x00,0x00,0x00,
  0x00,0x00,0x00,0x00,0x00,0x00,0x00,0xFF,0xFC,0x00,0x00,0x00,
  0x00,0x00,0x00,0x00,0x00,0x00,0x00,0x00,0x00,0x00,0x00,0x00,
  0x00,0x00,0x00,0x00,0x00,0x00,0x00,0x00,0xFF,0xF8,0x00,0x00,
  0x00,0x00,0x00,0x00,0x00,0x00,0x00,0x00,0x00,0x00,0x00,0x00,
  0x00,0x00,0x00,0x00,0x00,0x00,0x00,0x00,0x00,0xFF,0xF0,0x00,
  0x00,0x00,0x00,0x00,0x00,0x00,0x00,0x00,0x00,0x00,0x00,0x00,
  0x00,0x00,0x00,0x00,0x00,0x00,0x00,0x00,0x00,0x00,0xFF,0xE0,
  0x00,0x00,0x00,0x00,0x00,0x00,0x00,0x00,0x00,0x00,0x00,0x00,
  0x00,0x00,0x00,0x00,0x00,0x00,0x00,0x00,0x00,0x00,0x00,0xFF,
  0x80,0x00,0x00,0x00,0x00,0x00,0x00,0x00,0x00,0x00,0x00,0x00,
  0x00,0x00,0x00,0x00,0x00,0x00,0x00,0x00,0x00,0x00,0x00,0x00,
};
static const uint8_t logo_kal[] PROGMEM = {
  0x00,0x00,0x1F,0xFC,0x00,0x00,0x00,0x00,0x00,0x00,0x00,0x00,
  0x00,0x00,0x00,0x00,0x00,0x00,0x00,0x00,0x00,0x00,0x00,0x00,
  0x00,0x00,0x00,0x00,0x00,0x00,0x00,0x00,0x00,0x00,0x00,0x00,
  0x00,0x00,0x00,0x00,0x00,0x00,0xFF,0xFF,0x80,0x00,0x00,0x00,
  0x00,0x00,0x00,0x00,0x00,0x00,0x00,0x00,0x00,0x00,0x00,0x00,
  0x00,0x00,0x00,0x00,0x00,0x00,0x00,0x00,0x00,0x00,0x00,0x00,
  0x00,0x00,0x00,0x00,0x00,0x00,0x00,0x00,0x00,0x07,0xFF,0xFF,
  0xE0,0x00,0x00,0x00,0x00,0x00,0x00,0x00,0x00,0x00,0x00,0x00,
  0x00,0x00,0x00,0x00,0x00,0x00,0x00,0x00,0x00,0x00,0x00,0x00,
  0x00,0x00,0x00,0x00,0x00,0x00,0x00,0x00,0x00,0x00,0x00,0x00,
  0x00,0x0F,0xFF,0xFF,0xF8,0x00,0x00,0x00,0x00,0x00,0x00,0x00,
  0x00,0x00,0x00,0x00,0x00,0x00,0x00,0x00,0x00,0x00,0x00,0x00,
  0x00,0x00,0x00,0x00,0x00,0x00,0x00,0x00,0x00,0x00,0x00,0x00,
  0x00,0x00,0x00,0x00,0x00,0x3F,0xFF,0xFF,0xFC,0x00,0x00,0x00,
  0x00,0x00,0x00,0x00,0x00,0x00,0x00,0x00,0x00,0x00,0x00,0x00,
  0x00,0x00,0x00,0x00,0x00,0x00,0x00,0x00,0x00,0x00,0x00,0x00,
  0x00,0x00,0x00,0x00,0x00,0x00,0x00,0x00,0x00,0x7F,0xFF,0xFF,
  0xFF,0x00,0x00,0x00,0x00,0x00,0x00,0x00,0x00,0x00,0x00,0x00,
  0x00,0x00,0x00,0x00,0x00,0x00,0x00,0x00,0x00,0x00,0x00,0x00,
  0x00,0x00,0x00,0x00,0x00,0x00,0x00,0x00,0x00,0x00,0x00,0x00,
  0x00,0xFF,0xC0,0x00,0x3F,0x80,0x00,0x00,0x00,0x00,0x00,0x00,
  0x00,0x00,0x00,0x00,0x00,0x00,0x00,0x00,0x00,0x00,0x00,0x00,
  0x00,0x00,0x00,0x00,0x00,0x00,0x00,0x00,0x00,0x00,0x00,0x00,
  0x00,0x00,0x00,0x00,0x01,0xFE,0x00,0x00,0x07,0xC0,0x00,0x00,
  0x00,0x00,0x00,0x00,0x00,0x00,0x00,0x00,0x00,0x00,0x00,0x00,
  0x00,0x00,0x00,0x00,0x00,0x00,0x00,0x00,0x00,0x00,0x00,0x00,
  0x00,0x00,0x00,0x00,0x00,0x00,0x00,0x00,0x03,0xF0,0x00,0x00,
  0x01,0xE0,0x00,0x00,0x00,0x00,0x00,0x00,0x00,0x00,0x00,0x00,
  0x00,0x00,0x00,0x00,0x00,0x00,0x00,0x00,0x00,0x00,0x00,0x00,
  0x00,0x00,0x00,0x00,0x00,0x00,0x00,0x00,0x00,0x00,0x00,0x00,
  0x07,0xE0,0x00,0x00,0x00,0x60,0x00,0x00,0x00,0x00,0x00,0x00,
  0x00,0x00,0x00,0x00,0x00,0x00,0x00,0x00,0x00,0x00,0x00,0x00,
  0x00,0x00,0x00,0x00,0x00,0x00,0x00,0x00,0x00,0x00,0x00,0x00,
  0x00,0x00,0x00,0x00,0x0F,0x80,0x00,0x00,0xF8,0x30,0x00,0x00,
  0x00,0x00,0x00,0x00,0x00,0x00,0x00,0x00,0x00,0x00,0x00,0x00,
  0x00,0x00,0x00,0x00,0x00,0x00,0x00,0x00,0x00,0x00,0x00,0x00,
  0x00,0x00,0x00,0x00,0x00,0x00,0x00,0x00,0x0F,0x00,0x00,0x07,
  0xFF,0x08,0x00,0x00,0x00,0x00,0x00,0x00,0x00,0x00,0x00,0x00,
  0x00,0x00,0x00,0x00,0x00,0x00,0x00,0x00,0x00,0x00,0x00,0x00,
  0x00,0x00,0x00,0x00,0x00,0x00,0x00,0x00,0x00,0x00,0x00,0x00,
  0x1E,0x00,0x00,0x1F,0xFF,0x80,0x00,0x01,0xF8,0x00,0x3F,0x80,
  0x1F,0xFC,0x00,0x07,0xFF,0xF0,0x00,0x3F,0xFF,0xF8,0x00,0x07,
  0x80,0x00,0x78,0x00,0x0F,0xE0,0x00,0x00,0x07,0xC0,0x00,0x3F,
  0x03,0xFF,0xF8,0x00,0x1C,0x00,0x00,0x3F,0xFF,0xE0,0x00,0x01,
  0xF8,0x00,0xFF,0x80,0x7F,0xFF,0x80,0x07,0xFF,0xFE,0x00,0x7F,
  0xFF,0xF8,0x00,0x0F,0xC0,0x00,0x7C,0x00,0x0F,0xE0,0x00,0x00,
  0x0F,0xC0,0x00,0x7F,0x03,0xFF,0xFF,0x00,0x38,0x00,0x00,0x7F,
  0xFF,0xF0,0x00,0x01,0xF8,0x00,0xFF,0x01,0xFF,0xFF,0xC0,0x07,
  0xFF,0xFF,0x80,0x7F,0xFF,0xF8,0x00,0x0F,0xC0,0x00,0x7E,0x00,
  0x0F,0xE0,0x00,0x00,0x0F,0xE0,0x00,0x3F,0x03,0xFF,0xFF,0xC0,
  0x38,0x00,0x00,0xFF,0xFF,0xF8,0x00,0x01,0xF8,0x01,0xFE,0x03,
  0xFF,0xFF,0xE0,0x07,0xFF,0xFF,0xC0,0x7F,0xFF,0xF8,0x00,0x1F,
  0xE0,0x00,0x7F,0x00,0x0F,0xE0,0x00,0x00,0x1F,0xE0,0x00,0x3F,
  0x03,0xFF,0xFF,0xE0,0x70,0x00,0x00,0xFF,0xFF,0xF8,0x00,0x01,
  0xF8,0x03,0xFC,0x07,0xFF,0xFF,0xF0,0x07,0xFF,0xFF,0xC0,0x7F,
  0xFF,0xF8,0x00,0x3F,0xE0,0x00,0x7F,0x80,0x0F,0xE0,0x00,0x00,
  0x1F,0xF0,0x00,0x3F,0x03,0xFF,0xFF,0xE0,0x70,0x00,0x01,0xFF,
  0xFF,0xFC,0x00,0x01,0xF8,0x07,0xF8,0x0F,0xFE,0x3F,0xF8,0x07,
  0xFF,0xFF,0xE0,0x7F,0x80,0xC0,0x00,0x3F,0xF0,0x00,0x7F,0xC0,
  0x0F,0xE0,0x00,0x00,0x3F,0xF0,0x00,0x3F,0x03,0xFF,0xFF,0xF0,
  0x60,0x00,0x01,0xFF,0xFF,0xFC,0x00,0x01,0xF8,0x0F,0xF0,0x0F,
  0xF0,0x07,0xFC,0x07,0xE0,0x1F,0xE0,0x7F,0x00,0x00,0x00,0x7F,
  0xF0,0x00,0x7F,0xE0,0x0F,0xE0,0x00,0x00,0x3F,0xF8,0x00,0x3F,
  0x03,0xF8,0x0F,0xF0,0xE0,0x00,0x01,0xFC,0x01,0xFE,0x00,0x01,
  0xF8,0x1F,0xE0,0x1F,0xE0,0x03,0xFE,0x07,0xE0,0x0F,0xE0,0x7F,
  0x00,0x00,0x00,0x7F,0xF8,0x00,0x7F,0xF0,0x0F,0xE0,0x00,0x00,
  0x7F,0xF8,0x00,0x3F,0x03,0xF8,0x07,0xF0,0xE0,0x00,0x03,0xF0,
  0x00,0x7E,0x00,0x01,0xF8,0x3F,0xC0,0x1F,0xC0,0x01,0xFE,0x07,
  0xE0,0x07,0xE0,0x7F,0x00,0x00,0x00,0xFF,0xFC,0x00,0x7F,0xF8,
  0x0F,0xE0,0x00,0x00,0x7F,0xFC,0x00,0x3F,0x03,0xF8,0x03,0xF0,
  0xE0,0x00,0x03,0xE0,0x00,0x3E,0x00,0x01,0xF8,0x7F,0x80,0x3F,
  0xC0,0x00,0xFE,0x07,0xE0,0x07,0xE0,0x7F,0x00,0x00,0x00,0xFF,
  0xFC,0x00,0x7F,0xFC,0x0F,0xE0,0x00,0x00,0xFF,0xFC,0x00,0x3F,
  0x03,0xF8,0x03,0xF0,0xE0,0x00,0x03,0xC0,0x00,0x1E,0x00,0x01,
  0xF8,0xFF,0x00,0x3F,0x80,0x00,0xFF,0x07,0xE0,0x0F,0xE0,0x7F,
  0x80,0x00,0x01,0xF9,0xFE,0x00,0x7F,0xFE,0x0F,0xE0,0x00,0x00,
  0xFD,0xFE,0x00,0x3F,0x03,0xF8,0x07,0xF0,0xE0,0x00,0x03,0x80,
  0x00,0x1F,0x00,0x01,0xF9,0xFE,0x00,0x3F,0x80,0x00,0x7F,0x07,
  0xE0,0x0F,0xE0,0x7F,0xFF,0xF0,0x01,0xF9,0xFE,0x00,0x7F,0xFF,
  0x0F,0xE0,0x00,0x01,0xF8,0xFE,0x00,0x3F,0x03,0xF8,0x07,0xF0,
  0xE0,0x00,0x03,0x80,0x00,0x0F,0x00,0x01,0xFB,0xFC,0x00,0x3F,
  0x80,0x00,0x7F,0x07,0xE0,0x3F,0xC0,0x7F,0xFF,0xF0,0x03,0xF8,
  0xFF,0x00,0x7E,0x7F,0x8F,0xE0,0x00,0x01,0xF8,0xFF,0x00,0x3F,
  0x03,0xF8,0x1F,0xE0,0xE0,0x00,0x03,0x00,0x00,0x0F,0x00,0x01,
  0xFB,0xFC,0x00,0x3F,0x80,0x00,0x7F,0x07,0xE7,0xFF,0x80,0x7F,
  0xFF,0xF0,0x03,0xF0,0xFF,0x00,0x7F,0x7F,0xCF,0xE0,0x00,0x03,
  0xF0,0x7F,0x00,0x3F,0x03,0xF9,0xFF,0xC0,0xF0,0x00,0x07,0x00,
  0x00,0x07,0x00,0x01,0xF9,0xFE,0x00,0x3F,0x80,0x00,0x7F,0x07,
  0xE7,0xFF,0x00,0x7F,0xFF,0xF0,0x07,0xF0,0x7F,0x80,0x7F,0x3F,
  0xCF,0xE0,0x00,0x03,0xF0,0x7F,0x80,0x3F,0x03,0xFB,0xFF,0x80,
  0xF0,0x00,0x07,0x00,0x00,0x07,0x00,0x01,0xF9,0xFF,0x00,0x3F,
  0x80,0x00,0x7F,0x07,0xE7,0xFE,0x00,0x7F,0x80,0x00,0x07,0xE0,
  0x7F,0x80,0x7F,0x1F,0xEF,0xE0,0x00,0x07,0xF0,0x3F,0x80,0x3F,
  0x03,0xF9,0xFF,0x00,0xF8,0x00,0x0F,0x00,0x00,0x07,0x00,0x01,
  0xF8,0xFF,0x80,0x3F,0x80,0x00,0xFF,0x07,0xE3,0xFC,0x00,0x7F,
  0x00,0x00,0x0F,0xE0,0x7F,0xC0,0x7F,0x0F,0xFF,0xE0,0x00,0x07,
  0xE0,0x3F,0xC0,0x3F,0x03,0xF8,0xFF,0x00,0x7C,0x00,0x1F,0x00,
  0x00,0x06,0x00,0x01,0xF8,0x7F,0xC0,0x3F,0xC0,0x00,0xFE,0x07,
  0xE1,0xFE,0x00,0x7F,0x00,0x00,0x0F,0xFF,0xFF,0xC0,0x7F,0x07,
  0xFF,0xE0,0x00,0x0F,0xFF,0xFF,0xC0,0x3F,0x03,0xF8,0x7F,0x80,
  0x7E,0x00,0x3F,0x00,0x00,0x06,0x00,0x01,0xF8,0x3F,0xE0,0x1F,
  0xC0,0x01,0xFE,0x07,0xE0,0xFF,0x00,0x7F,0x00,0x00,0x1F,0xFF,
  0xFF,0xE0,0x7F,0x03,0xFF,0xE0,0x00,0x0F,0xFF,0xFF,0xE0,0x3F,
  0x03,0xF8,0x7F,0x80,0x7F,0xC1,0xFE,0x00,0x00,0x0E,0x00,0x01,
  0xF8,0x1F,0xF0,0x1F,0xE0,0x01,0xFC,0x07,0xE0,0x7F,0x80,0x7F,
  0x00,0x00,0x1F,0xFF,0xFF,0xE0,0x7F,0x01,0xFF,0xE0,0x00,0x1F,
  0xFF,0xFF,0xE0,0x3F,0x03,0xF8,0x3F,0xC0,0x3F,0xFF,0xFE,0x00,
  0x00,0x0E,0x00,0x01,0xF8,0x0F,0xF0,0x0F,0xF0,0x07,0xFC,0x07,
  0xE0,0x3F,0xC0,0x7F,0x00,0x00,0x3F,0xFF,0xFF,0xF0,0x7F,0x00,
  0xFF,0xE0,0x00,0x1F,0xFF,0xFF,0xF0,0x3F,0x03,0xF8,0x1F,0xE0,
  0x3F,0xFF,0xFE,0x00,0x00,0x0C,0x00,0x01,0xF8,0x07,0xF8,0x0F,
  0xFF,0x3F,0xF8,0x07,0xE0,0x3F,0xC0,0x7F,0x80,0x00,0x3F,0x04,
  0x0F,0xF0,0x7F,0x00,0x7F,0xE0,0x00,0x3F,0xC0,0x0F,0xF0,0x3F,
  0x03,0xF8,0x0F,0xF0,0x1F,0xFF,0xFC,0x00,0x00,0x1C,0x00,0x01,
  0xF8,0x03,0xFC,0x07,0xFF,0xFF,0xF0,0x07,0xE0,0x1F,0xE0,0x7F,
  0xFF,0xF8,0x7F,0x00,0x07,0xF8,0x7F,0x00,0x3F,0xE0,0x00,0x3F,
  0x00,0x03,0xF8,0x3F,0x03,0xF8,0x07,0xF8,0x1F,0xFF,0xFC,0x00,
  0x00,0x1C,0x00,0x01,0xF8,0x01,0xFE,0x03,0xFF,0xFF,0xE0,0x07,
  0xE0,0x0F,0xF0,0x7F,0xFF,0xF8,0x7E,0x00,0x03,0xF8,0x7F,0x00,
  0x1F,0xE0,0x00,0x7F,0x00,0x03,0xF8,0x3F,0x03,0xF8,0x03,0xFC,
  0x0F,0xFF,0xF8,0x00,0x00,0x38,0x00,0x01,0xF8,0x00,0xFF,0x01,
  0xFF,0xFF,0xC0,0x07,0xE0,0x07,0xF8,0x7F,0xFF,0xF8,0xFE,0x00,
  0x03,0xFC,0x7F,0x00,0x0F,0xE0,0x00,0x7E,0x00,0x03,0xFC,0x3F,
  0x03,0xF8,0x03,0xFC,0x07,0xFF,0xF0,0x00,0x00,0x78,0x00,0x01,
  0xF8,0x00,0xFF,0x80,0x7F,0xFF,0x80,0x07,0xE0,0x03,0xFC,0x7F,
  0xFF,0xF8,0xFC,0x00,0x01,0xFC,0x7F,0x00,0x07,0xE0,0x00,0xFE,
  0x00,0x01,0xFC,0x7F,0x03,0xF8,0x01,0xFE,0x01,0xFF,0xE0,0x00,
  0x00,0xF0,0x00,0x01,0xF8,0x00,0x3F,0x80,0x1F,0xFC,0x00,0x07,
  0xE0,0x03,0xFC,0x3F,0xFF,0xF8,0xFC,0x00,0x01,0xFC,0x7E,0x00,
  0x03,0xE0,0x00,0xFC,0x00,0x00,0xFE,0x3F,0x03,0xF8,0x00,0xFF,
  0x08,0x7F,0x80,0x00,0x01,0xE0,0x00,0x00,0x00,0x00,0x00,0x00,
  0x00,0x00,0x00,0x00,0x00,0x00,0x00,0x00,0x00,0x00,0x00,0x00,
  0x00,0x00,0x00,0x00,0x00,0x00,0x00,0x00,0x00,0x00,0x00,0x00,
  0x00,0x00,0x00,0x00,0x04,0x00,0x00,0x00,0x03,0xE0,0x00,0x00,
  0x00,0x00,0x00,0x00,0x00,0x00,0x00,0x00,0x00,0x00,0x00,0x00,
  0x00,0x00,0x00,0x00,0x00,0x00,0x00,0x00,0x00,0x00,0x00,0x00,
  0x00,0x00,0x00,0x00,0x00,0x00,0x00,0x00,0x07,0x00,0x00,0x00,
  0x07,0xC0,0x00,0x00,0x00,0x00,0x00,0x00,0x00,0x00,0x00,0x00,
  0x00,0x00,0x00,0x00,0x00,0x00,0x00,0x00,0x00,0x00,0x00,0x00,
  0x00,0x00,0x00,0x00,0x00,0x00,0x00,0x00,0x00,0x00,0x00,0x00,
  0x03,0xC0,0x00,0x00,0x1F,0x80,0x00,0x00,0x00,0x00,0x00,0x00,
  0x00,0x00,0x00,0x00,0x00,0x00,0x00,0x00,0x00,0x00,0x00,0x00,
  0x00,0x00,0x00,0x00,0x00,0x00,0x00,0x00,0x00,0x00,0x00,0x00,
  0x00,0x00,0x00,0x00,0x01,0xF0,0x00,0x00,0x7F,0x00,0x00,0x00,
  0x00,0x00,0x00,0x00,0x00,0x00,0x00,0x00,0x00,0x00,0x00,0x00,
  0x00,0x00,0x00,0x00,0x00,0x00,0x00,0x00,0x00,0x00,0x00,0x00,
  0x00,0x00,0x00,0x00,0x00,0x00,0x00,0x00,0x00,0xFE,0x00,0x03,
  0xFE,0x00,0x00,0x00,0x00,0x00,0x00,0x00,0x00,0x00,0x00,0x00,
  0x00,0x00,0x00,0x00,0x00,0x00,0x00,0x00,0x00,0x00,0x00,0x00,
  0x00,0x00,0x00,0x00,0x00,0x00,0x00,0x00,0x00,0x00,0x00,0x00,
  0x00,0x3F,0xFF,0xFF,0xFC,0x00,0x00,0x00,0x00,0x00,0x00,0x00,
  0x00,0x00,0x00,0x00,0x00,0x00,0x00,0x00,0x00,0x00,0x00,0x00,
  0x00,0x00,0x00,0x00,0x00,0x00,0x00,0x00,0x00,0x00,0x00,0x00,
  0x00,0x00,0x00,0x00,0x00,0x1F,0xFF,0xFF,0xF0,0x00,0x00,0x00,
  0x00,0x00,0x00,0x00,0x00,0x00,0x00,0x00,0x00,0x00,0x00,0x00,
  0x00,0x00,0x00,0x00,0x00,0x00,0x00,0x00,0x00,0x00,0x00,0x00,
  0x00,0x00,0x00,0x00,0x00,0x00,0x00,0x00,0x00,0x07,0xFF,0xFF,
  0xC0,0x00,0x00,0x00,0x00,0x00,0x00,0x00,0x00,0x00,0x00,0x00,
  0x00,0x00,0x00,0x00,0x00,0x00,0x00,0x00,0x00,0x00,0x00,0x00,
  0x00,0x00,0x00,0x00,0x00,0x00,0x00,0x00,0x00,0x00,0x00,0x00,
  0x00,0x01,0xFF,0xFF,0x00,0x00,0x00,0x00,0x00,0x00,0x00,0x00,
  0x00,0x00,0x00,0x00,0x00,0x00,0x00,0x00,0x00,0x00,0x00,0x00,
  0x00,0x00,0x00,0x00,0x00,0x00,0x00,0x00,0x00,0x00,0x00,0x00,
  0x00,0x00,0x00,0x00,0x00,0x00,0x3F,0xF8,0x00,0x00,0x00,0x00,
  0x00,0x00,0x00,0x00,0x00,0x00,0x00,0x00,0x00,0x00,0x00,0x00,
  0x00,0x00,0x00,0x00,0x00,0x00,0x00,0x00,0x00,0x00,0x00,0x00,
  0x00,0x00,0x00,0x00,0x00,0x00,0x00,0x00,
};
static const uint8_t logo_klm[] PROGMEM = {
  0x00,0x00,0x00,0x00,0x00,0xE0,0x00,0x00,0x00,0x00,0x00,0x00,
  0x00,0x00,0x00,0x00,0x00,0x00,0x00,0x00,0x00,0x00,0x00,0x00,
  0x00,0x00,0x00,0x00,0x00,0x00,0x00,0x00,0x00,0x00,0x00,0x00,
  0x00,0x00,0x00,0x00,0x00,0x00,0x00,0x00,0x01,0xE0,0x00,0x00,
  0x00,0x00,0x00,0x00,0x00,0x00,0x00,0x00,0x00,0x00,0x00,0x00,
  0x00,0x00,0x00,0x00,0x00,0x00,0x00,0x00,0x00,0x00,0x00,0x00,
  0x00,0x00,0x00,0x00,0x00,0x00,0x00,0x00,0x00,0x00,0x00,0x00,
  0x01,0xE0,0x00,0x00,0x00,0x00,0x00,0x00,0x00,0x00,0x00,0x00,
  0x00,0x00,0x00,0x00,0x00,0x00,0x00,0x00,0x00,0x00,0x00,0x00,
  0x00,0x00,0x00,0x00,0x00,0x00,0x00,0x00,0x00,0x00,0x00,0x00,
  0x00,0x00,0x00,0x00,0x07,0xF8,0x00,0x00,0x00,0x00,0x00,0x00,
  0x00,0x00,0x00,0x00,0x00,0x00,0x00,0x00,0x00,0x00,0x00,0x00,
  0x00,0x00,0x00,0x00,0x00,0x00,0x00,0x00,0x00,0x00,0x00,0x00,
  0x00,0x00,0x00,0x00,0x00,0x00,0x00,0x00,0x07,0xF8,0x00,0x00,
  0x00,0x00,0x00,0x00,0x00,0x00,0x00,0x00,0x00,0x00,0x00,0x00,
  0x00,0x00,0x00,0x00,0x00,0x00,0x00,0x00,0x00,0x00,0x00,0x00,
  0x00,0x00,0x00,0x00,0x00,0x00,0x00,0x00,0x00,0x00,0x00,0x00,
  0x07,0xF8,0x00,0x00,0x00,0x00,0x00,0x00,0x00,0x00,0x00,0x00,
  0x00,0x00,0x00,0x00,0x00,0x00,0x00,0x00,0x00,0x00,0x00,0x00,
  0x00,0x00,0x00,0x00,0x00,0x00,0x00,0x00,0x00,0x00,0x00,0x00,
  0x00,0x00,0x00,0x00,0x01,0xE0,0x00,0x00,0x00,0x00,0x00,0x00,
  0x00,0x00,0x00,0x00,0x00,0x00,0x00,0x00,0x00,0x00,0x00,0x00,
  0x00,0x00,0x00,0x00,0x00,0x00,0x00,0x00,0x00,0x00,0x00,0x00,
  0x00,0x00,0x00,0x00,0x00,0x00,0x00,0x00,0x01,0xE0,0x00,0x00,
  0x00,0x00,0x00,0x00,0x00,0x00,0x00,0x00,0x00,0x00,0x00,0x00,
  0x00,0x00,0x00,0x00,0x00,0x00,0x00,0x00,0x00,0x00,0x00,0x00,
  0x00,0x00,0x00,0x00,0x00,0x00,0x00,0x00,0x00,0x00,0x00,0x60,
  0x18,0xC6,0x00,0xC0,0x00,0x00,0x00,0x00,0x00,0x00,0x00,0x00,
  0x00,0x00,0x00,0x00,0x00,0x00,0x00,0x00,0x00,0x00,0x00,0x00,
  0x00,0x00,0x00,0x00,0x00,0x00,0x00,0x00,0x00,0x00,0x00,0x00,
  0x00,0x00,0x01,0xF8,0x7E,0x1F,0x83,0xF0,0x00,0x00,0x00,0x00,
  0x00,0x00,0x00,0x00,0x00,0x00,0x00,0x00,0x00,0x00,0x00,0x00,
  0x00,0x00,0x00,0x00,0x00,0x00,0x00,0x00,0x00,0x00,0x00,0x00,
  0x00,0x00,0x00,0x00,0x00,0x00,0x03,0xF8,0xFF,0x1F,0xC7,0xF0,
  0x00,0x00,0x00,0x00,0x00,0x00,0x00,0x00,0x00,0x00,0x00,0x00,
  0x00,0x00,0x00,0x00,0x00,0x00,0x00,0x00,0x00,0x00,0x00,0x00,
  0x00,0x00,0x00,0x00,0x00,0x00,0x00,0x00,0x00,0x00,0x07,0xFC,
  0xFF,0x3F,0xE7,0xF8,0x00,0x00,0x00,0x00,0x00,0x00,0x00,0x00,
  0x00,0x00,0x00,0x00,0x00,0x00,0x00,0x00,0x00,0x00,0x00,0x00,
  0x00,0x00,0x00,0x00,0x00,0x00,0x00,0x00,0x00,0x00,0x00,0x00,
  0x00,0x00,0x07,0xFC,0xFF,0x3F,0xEF,0xF8,0x00,0x00,0x00,0x00,
  0x00,0x00,0x00,0x00,0x00,0x00,0x00,0x00,0x00,0x00,0x00,0x00,
  0x00,0x00,0x00,0x00,0x00,0x00,0x00,0x00,0x00,0x00,0x00,0x00,
  0x00,0x00,0x00,0x00,0x00,0x00,0x07,0xFC,0xFF,0x3F,0xEF,0xF8,
  0x00,0x00,0x00,0x00,0x00,0x00,0x00,0x00,0x00,0x00,0x00,0x00,
  0x00,0x00,0x00,0x00,0x00,0x00,0x00,0x00,0x00,0x00,0x00,0x00,
  0x00,0x00,0x00,0x00,0x00,0x00,0x00,0x00,0x00,0x00,0x07,0xFC,
  0xFF,0x3F,0xC7,0xF8,0x00,0x00,0x00,0x00,0x00,0x00,0x00,0x00,
  0x00,0x00,0x00,0x00,0x00,0x00,0x00,0x00,0x00,0x00,0x00,0x00,
  0x00,0x00,0x00,0x00,0x00,0x00,0x00,0x00,0x00,0x00,0x00,0x00,
  0x00,0x00,0x03,0xF8,0xFE,0x1F,0xC7,0xF0,0x00,0x00,0x00,0x00,
  0x00,0x00,0x00,0x00,0x00,0x00,0x00,0x00,0x00,0x00,0x00,0x00,
  0x00,0x00,0x00,0x00,0x00,0x00,0x00,0x00,0x00,0x00,0x00,0x00,
  0x00,0x00,0x00,0x00,0x00,0x00,0x01,0xF0,0x3C,0x0F,0x83,0xE0,
  0x00,0x00,0x00,0x00,0x00,0x00,0x00,0x00,0x00,0x00,0x00,0x00,
  0x00,0x00,0x00,0x00,0x00,0x00,0x00,0x00,0x00,0x00,0x00,0x00,
  0x00,0x00,0x00,0x00,0x00,0x00,0x00,0x00,0x00,0x00,0x00,0x00,
  0x00,0x00,0x00,0x00,0x00,0x00,0x00,0x00,0x00,0x00,0x00,0x00,
  0x00,0x00,0x00,0x00,0x00,0x00,0x00,0x00,0x00,0x00,0x00,0x00,
  0x00,0x00,0x00,0x00,0x00,0x00,0x00,0x00,0x00,0x00,0x00,0x00,
  0x00,0x00,0x00,0x3F,0xFF,0xFF,0xFF,0x00,0x00,0x00,0x00,0x00,
  0x00,0x00,0x00,0x00,0x00,0x00,0x00,0x00,0x00,0x00,0x00,0x00,
  0x00,0x00,0x00,0x00,0x00,0x00,0x00,0x00,0x00,0x00,0x00,0x00,
  0x00,0x00,0x00,0x00,0x00,0x00,0x00,0x3F,0xFF,0xFF,0xFF,0x80,
  0x00,0x00,0x00,0x00,0x00,0x00,0x00,0x00,0x00,0x00,0x00,0x00,
  0x00,0x00,0x00,0x00,0x00,0x00,0x00,0x00,0x00,0x00,0x00,0x00,
  0x00,0x00,0x00,0x00,0x00,0x00,0x00,0x00,0x00,0x00,0x00,0x3F,
  0xFF,0xFF,0xFF,0x80,0x00,0x00,0x00,0x00,0x00,0x00,0x00,0x00,
  0x00,0x00,0x00,0x00,0x00,0x00,0x00,0x00,0x00,0x00,0x00,0x00,
  0x00,0x00,0x00,0x00,0x00,0x00,0x00,0x00,0x00,0x00,0x00,0x00,
  0x00,0x00,0x00,0x3F,0xFF,0xFF,0xFF,0x80,0x00,0x00,0x00,0x00,
  0x00,0x00,0x00,0x00,0x00,0x00,0x00,0x00,0x00,0x00,0x00,0x00,
  0x00,0x00,0x00,0x00,0x00,0x00,0x00,0x00,0x00,0x00,0x00,0x00,
  0x00,0x00,0x00,0x00,0x00,0x00,0x00,0x3F,0xFF,0xFF,0xFF,0x80,
  0x00,0x00,0x00,0x00,0x00,0x00,0x00,0x00,0x00,0x00,0x00,0x00,
  0x00,0x00,0x00,0x00,0x00,0x00,0x00,0x00,0x00,0x00,0x00,0x00,
  0x00,0x00,0x00,0x00,0x00,0x00,0x00,0x00,0x00,0x00,0x00,0x3F,
  0xFF,0xFF,0xFF,0x80,0x00,0x00,0x00,0x00,0x00,0x00,0x00,0x00,
  0x00,0x00,0x00,0x00,0x00,0x00,0x00,0x00,0x00,0x00,0x00,0x00,
  0x00,0x00,0x00,0x00,0x00,0x00,0x00,0x00,0x00,0x00,0x00,0x00,
  0x00,0x00,0x00,0x00,0x00,0x00,0x00,0x00,0x00,0x00,0x00,0x00,
  0x00,0x00,0x00,0x00,0x00,0x00,0x00,0x00,0x00,0x00,0x00,0x00,
  0x00,0x00,0x00,0x00,0x00,0x00,0x00,0x00,0x00,0x00,0x00,0x00,
  0x00,0x00,0x00,0x00,0x00,0x00,0x00,0x00,0x00,0x00,0x00,0x00,
  0x00,0x00,0x00,0x00,0x00,0x00,0x00,0x00,0x00,0x00,0x00,0x00,
  0x00,0x00,0x00,0x00,0x00,0x00,0x00,0x00,0x00,0x00,0x00,0x00,
  0x00,0x00,0x00,0x00,0x00,0x00,0x00,0x00,0x00,0x00,0x00,0x00,
  0x00,0x00,0x00,0x00,0x00,0x00,0x00,0x00,0x00,0x00,0x00,0x00,
  0x00,0x00,0x00,0x00,0x00,0x00,0x00,0x00,0x00,0x00,0x00,0x00,
  0x00,0x00,0x00,0x00,0x00,0x00,0x00,0x00,0x00,0x00,0x00,0x00,
  0x00,0x00,0x00,0x00,0x00,0x00,0x00,0x00,0x00,0x00,0x00,0x00,
  0x00,0x00,0x00,0x00,0x00,0x00,0x00,0x00,0x00,0x00,0x00,0x00,
  0x00,0x00,0x00,0x00,0x00,0x00,0x00,0x00,0x00,0x00,0x00,0x00,
  0x00,0x00,0x00,0x00,0xFF,0x81,0xFF,0x1F,0xE0,0x00,0xFF,0xF8,
  0x0F,0xFF,0x80,0x01,0xFE,0x00,0x00,0x00,0x00,0x00,0x00,0x70,
  0x03,0xFC,0x00,0x00,0x00,0x00,0x00,0x1C,0x00,0x00,0x07,0x00,
  0x70,0x01,0xE7,0x00,0x00,0x00,0x00,0x00,0xFF,0x83,0xFE,0x1F,
  0xE0,0x00,0xFF,0xF8,0x0F,0xFF,0x80,0x03,0xFF,0xC0,0x00,0x00,
  0x00,0x00,0x00,0x70,0x03,0xFF,0x80,0x00,0x00,0x00,0x00,0x1C,
  0x00,0x00,0x07,0x80,0x70,0x00,0xE7,0x80,0x00,0x00,0x00,0x00,
  0xFF,0x87,0xFC,0x1F,0xE0,0x00,0xFF,0xFC,0x0F,0xFF,0x80,0x01,
  0xFF,0xE0,0x00,0x00,0x00,0x00,0x00,0x70,0x03,0xFF,0xC0,0x00,
  0x01,0xC0,0x00,0x1C,0x00,0x00,0x0F,0x80,0x70,0x01,0xE7,0x80,
  0x00,0x00,0x00,0x00,0xFF,0x8F,0xF8,0x1F,0xE0,0x00,0xFF,0xFC,
  0x1F,0xFF,0x80,0x03,0xC3,0xF0,0x00,0x00,0x00,0x00,0x00,0x70,
  0x03,0xC7,0xE0,0x00,0x03,0xC0,0x00,0x1C,0x00,0x00,0x0F,0xC0,
  0x70,0x01,0xE3,0x00,0x00,0x00,0x00,0x00,0xFF,0x9F,0xF0,0x1F,
  0xE0,0x00,0xFF,0xFE,0x1F,0xFF,0x80,0x03,0xC0,0xF8,0x00,0x00,
  0x00,0x00,0x00,0x70,0x03,0x81,0xF0,0x00,0x03,0xC0,0x00,0x1C,
  0x00,0x00,0x1F,0xC0,0x00,0x01,0xE0,0x00,0x00,0x00,0x00,0x00,
  0xFF,0xBF,0xE0,0x1F,0xE0,0x00,0xFF,0xFE,0x1F,0xFF,0x80,0x03,
  0xC0,0x78,0x0C,0x00,0x00,0x00,0xC0,0x70,0x03,0x80,0xF0,0x00,
  0x03,0xC0,0x18,0x1C,0x60,0x00,0x1D,0xC0,0x00,0x01,0xE0,0x00,
  0x40,0x02,0x00,0x20,0xFF,0xFF,0xC0,0x1F,0xE0,0x00,0xFF,0xFE,
  0x3F,0xFF,0x80,0x03,0xC0,0x78,0x7F,0x0F,0x01,0xC7,0xF0,0x70,
  0x03,0x80,0x79,0xC1,0xEF,0xF0,0xFF,0x1D,0xF8,0x00,0x1D,0xE0,
  0x73,0x9D,0xE7,0x1D,0xF8,0x1F,0xC1,0xFC,0xFF,0xFF,0x80,0x1F,
  0xE0,0x00,0xFF,0xFF,0x3F,0xFF,0x80,0x03,0xC0,0x78,0xFF,0xCF,
  0x03,0xDF,0xF8,0x70,0x03,0x80,0x79,0xC1,0xEF,0xF9,0xFF,0x9F,
  0xFC,0x00,0x3C,0xE0,0x73,0xFD,0xE7,0x1F,0xFC,0x3F,0xE3,0xFF,
  0xFF,0xFF,0x00,0x1F,0xE0,0x00,0xFF,0xFF,0x3F,0xFF,0x80,0x03,
  0xC0,0xF1,0xF3,0xC7,0x03,0x9E,0x3C,0x70,0x03,0x80,0x39,0xC1,
  0xE3,0xC3,0xE7,0x9F,0x3C,0x00,0x38,0xF0,0x73,0xFD,0xE7,0x1F,
  0x7C,0x79,0xF3,0xCE,0xFF,0xFF,0x00,0x1F,0xE0,0x00,0xFF,0x7F,
  0x7F,0xFF,0x80,0x03,0xC3,0xF3,0xC1,0xE7,0x87,0x88,0x1C,0x70,
  0x03,0x80,0x39,0xC1,0xE3,0xC3,0xC3,0x1E,0x1E,0x00,0x38,0xF0,
  0x73,0xE1,0xE7,0x1E,0x1C,0x70,0x73,0x80,0xFF,0xFF,0x80,0x1F,
  0xE0,0x00,0xFF,0x7F,0xFF,0x7F,0x80,0x03,0xFF,0xE3,0xC0,0xE3,
  0x87,0x80,0x1C,0x70,0x03,0x80,0x39,0xC1,0xE3,0xC3,0x80,0x1C,
  0x1E,0x00,0x78,0x70,0x73,0xC0,0xE7,0x1C,0x1E,0xE0,0x73,0x80,
  0xFF,0xFF,0xC0,0x1F,0xE0,0x00,0xFF,0x3F,0xFF,0x7F,0x80,0x03,
  0xFF,0xC3,0x80,0xF3,0x87,0x00,0x7C,0x70,0x03,0x80,0x39,0xC1,
  0xE3,0xC7,0x80,0x1C,0x1E,0x00,0x70,0x78,0x73,0xC0,0xE7,0x1C,
  0x1C,0xE0,0x73,0xE0,0xFF,0xFF,0xC0,0x1F,0xE0,0x00,0xFF,0x3F,
  0xFF,0x7F,0x80,0x03,0xFF,0x03,0x80,0xF3,0xCF,0x07,0xFC,0x70,
  0x03,0x80,0x39,0xC1,0xE3,0xC7,0x80,0x1C,0x1E,0x00,0x70,0x78,
  0x73,0xC1,0xE7,0x1C,0x1C,0xFF,0xF9,0xFC,0xFF,0xFF,0xE0,0x1F,
  0xE0,0x00,0xFF,0x3F,0xFE,0x7F,0x80,0x03,0xC7,0x83,0x80,0xF1,
  0xCE,0x1F,0xFC,0x70,0x03,0x80,0x79,0xC1,0xE3,0xC7,0x80,0x1C,
  0x1E,0x00,0xFF,0xF8,0x73,0xC1,0xE7,0x1C,0x1C,0xFF,0xF8,0xFE,
  0xFF,0xBF,0xF0,0x1F,0xE0,0x00,0xFF,0x1F,0xFE,0x7F,0x80,0x03,
  0xC3,0xC3,0x80,0xF1,0xCE,0x1E,0x1C,0x70,0x03,0x80,0x79,0xC1,
  0xE3,0xC7,0x80,0x1C,0x1E,0x00,0xFF,0xFC,0x73,0xC0,0xE7,0x1C,
  0x1C,0xE0,0x00,0x1F,0xFF,0x9F,0xF8,0x1F,0xFF,0xFC,0xFF,0x1F,
  0xFC,0x7F,0x80,0x03,0xC3,0xC3,0xC0,0xE0,0xFE,0x3C,0x1C,0x70,
  0x03,0x80,0xF1,0xC1,0xE3,0xC7,0x80,0x1C,0x1E,0x00,0xFF,0xFC,
  0x73,0xC0,0xE7,0x1C,0x1C,0xE0,0x00,0x07,0xFF,0x8F,0xFC,0x1F,
  0xFF,0xFC,0xFF,0x0F,0xFC,0x7F,0x80,0x03,0xC1,0xE3,0xC1,0xE0,
  0xFC,0x3C,0x1C,0x70,0x03,0x81,0xF1,0xC1,0xE3,0xC3,0x81,0x1C,
  0x1E,0x01,0xE0,0x1C,0x73,0xC0,0xE7,0x1C,0x1E,0xF0,0x20,0x07,
  0xFF,0x87,0xFE,0x1F,0xFF,0xFC,0xFF,0x0F,0xFC,0x7F,0x80,0x03,
  0xC1,0xF1,0xE3,0xE0,0xFC,0x1C,0x3C,0x70,0x03,0xFF,0xE1,0xE3,
  0xE3,0xC3,0xE7,0x9C,0x1E,0x01,0xC0,0x1E,0x73,0xC1,0xE7,0x1C,
  0x1E,0x78,0x73,0x8F,0xFF,0x83,0xFF,0x1F,0xFF,0xFC,0xFF,0x0F,
  0xF8,0x7F,0x80,0x01,0xC0,0xF0,0xFF,0xC0,0x78,0x1F,0xFC,0x70,
  0x03,0xFF,0xC1,0xFF,0xE1,0xF9,0xFF,0x9C,0x1E,0x03,0xC0,0x1E,
  0x73,0xC1,0xE7,0x1C,0x1C,0x3F,0xF7,0xFE,0xFF,0x81,0xFF,0x9F,
  0xFF,0xFC,0xFF,0x07,0xF8,0x7F,0x80,0x03,0xC0,0x78,0x7F,0x80,
  0x78,0x0F,0xDC,0x70,0x03,0xFF,0x80,0xFF,0xE1,0xF0,0xFF,0x1C,
  0x1E,0x03,0xC0,0x0E,0x73,0xC1,0xE7,0x1C,0x1E,0x1F,0xE3,0xFC,
  0x00,0x00,0x00,0x00,0x00,0x00,0x00,0x00,0x00,0x00,0x00,0x00,
  0x00,0x00,0x1C,0x00,0x78,0x03,0x80,0x00,0x00,0x00,0x00,0x38,
  0x00,0x70,0x3C,0x00,0x00,0x00,0x00,0x00,0x00,0x00,0x00,0x00,
  0x00,0x07,0x00,0x70,0x00,0x00,0x00,0x00,0x00,0x00,0x00,0x00,
  0x00,0x00,0x00,0x00,0x00,0x00,0x00,0x00,0x70,0x00,0x00,0x00,
  0x00,0x00,0x00,0x00,0x00,0x00,0x00,0x00,0x00,0x00,0x00,0x00,
  0x00,0x00,0x00,0x00,0x00,0x00,0x00,0x00,0x00,0x00,0x00,0x00,
  0x00,0x00,0x00,0x00,0x00,0x00,0x00,0x00,0x00,0x00,0x00,0x00,
  0xF0,0x00,0x00,0x00,0x00,0x00,0x00,0x00,0x00,0x00,0x00,0x00,
  0x00,0x00,0x00,0x00,0x00,0x00,0x00,0x00,0x00,0x00,0x00,0x00,
  0x00,0x00,0x00,0x00,0x00,0x00,0x00,0x00,0x00,0x00,0x00,0x00,
  0x00,0x00,0x00,0x07,0xE0,0x00,0x00,0x00,0x00,0x00,0x00,0x00,
  0x00,0x00,0x00,0x00,0x00,0x00,0x00,0x00,0x00,0x00,0x00,0x00,
  0x00,0x00,0x00,0x00,0x00,0x00,0x00,0x00,0x00,0x00,0x00,0x00,
  0x00,0x00,0x00,0x00,0x00,0x00,0x00,0x07,0xC0,0x00,0x00,0x00,
  0x00,0x00,0x00,0x00,0x00,0x00,0x00,0x00,0x00,0x00,0x00,0x00,
  0x00,0x00,0x00,0x00,0x00,0x00,0x00,0x00,0x00,0x00,0x00,0x00,
  0x00,0x00,0x00,0x00,0x00,0x00,0x00,0x00,0x00,0x00,0x00,0x07,
  0x80,0x00,0x00,0x00,0x00,0x00,0x00,0x00,0x00,0x00,0x00,0x00,
  0x00,0x00,0x00,0x00,0x00,0x00,0x00,0x00,0x00,0x00,0x00,0x00,
};
static const uint8_t logo_lot[] PROGMEM = {
  0x3C,0x7C,0x42,0x3C,0xC4,0x06,0x11,0xE2,0x19,0x99,0xF7,0xC0,
  0x00,0x00,0x00,0x00,0x00,0x00,0x66,0xC4,0xC2,0x60,0xC4,0x06,
  0x13,0x26,0x13,0x91,0x04,0x00,0x00,0x00,0x00,0x00,0x00,0x00,
  0x64,0x84,0xC6,0x70,0x8C,0x0B,0x33,0x26,0x32,0x93,0xC7,0x00,
  0x00,0x00,0x00,0x00,0x00,0x00,0x7C,0x8C,0x86,0x79,0xF8,0x1B,
  0x33,0xC4,0x32,0xD3,0xC7,0x80,0x00,0x00,0x00,0x00,0x00,0x00,
  0xC1,0x8D,0x84,0x09,0x88,0x1F,0x26,0x64,0x22,0x72,0x00,0x80,
  0x00,0x00,0x00,0x00,0x00,0x00,0xC0,0xF9,0xEC,0xF9,0x18,0x23,
  0x66,0x6F,0x26,0x67,0xCF,0x80,0x00,0x00,0x00,0x00,0x00,0x00,
  0x00,0x00,0x00,0x00,0x00,0x00,0x00,0x00,0x00,0x00,0x00,0x00,
  0x00,0x00,0x00,0x00,0x00,0x00,0x00,0x00,0x00,0x00,0x00,0x00,
  0x00,0x00,0x00,0x00,0x00,0x00,0x00,0x00,0x00,0x00,0x00,0x00,
  0x00,0x00,0x00,0x00,0x00,0x00,0x00,0x00,0x00,0x00,0x00,0x00,
  0x00,0x00,0x00,0x00,0x00,0x00,0x00,0x00,0x00,0x00,0x00,0x00,
  0x00,0x00,0x00,0x00,0x00,0x00,0x00,0x00,0x00,0x00,0x00,0x00,
  0x00,0x00,0x00,0x00,0x00,0x00,0x00,0x00,0x00,0x00,0x00,0x00,
  0x00,0x00,0x00,0x00,0x00,0x00,0x00,0x00,0x00,0x00,0x00,0x00,
  0x00,0x00,0x00,0x00,0x00,0x00,0x00,0x00,0x00,0x00,0x00,0x00,
  0x00,0x00,0x00,0x00,0x00,0x00,0x00,0xFF,0xFF,0xFF,0xFF,0xFF,
  0xFF,0xFF,0xF8,0x00,0x00,0x00,0x00,0x07,0xFF,0xFE,0x00,0x00,
  0x0F,0xFF,0xFF,0xFF,0xFF,0xFF,0xFF,0xFF,0xFF,0xFF,0xFF,0xF8,
  0x00,0x07,0xFF,0xFC,0x00,0x00,0x7F,0xFF,0xFF,0xFF,0xFF,0xFF,
  0xFF,0xFF,0xFF,0xFF,0xFF,0xF8,0x00,0x07,0xFF,0xFC,0x00,0x01,
  0xFF,0xFF,0xFF,0xFF,0xFF,0xFF,0xFF,0xFF,0xFF,0xFF,0xFF,0xF0,
  0x00,0x0F,0xFF,0xFC,0x00,0x03,0xFF,0xFF,0xFF,0xFF,0xFF,0xFF,
  0xFF,0xFF,0xFF,0xFF,0xFF,0xF0,0x00,0x0F,0xFF,0xFC,0x00,0x0F,
  0xFF,0xFF,0xFF,0xFF,0xFF,0xFF,0xFF,0xFF,0xFF,0xFF,0xFF,0xF0,
  0x00,0x0F,0xFF,0xF8,0x00,0x1F,0xFF,0xFF,0xFF,0xFF,0xFF,0xFF,
  0xFF,0xFF,0xFF,0xFF,0xFF,0xE0,0x00,0x1F,0xFF,0xF8,0x00,0x3F,
  0xFF,0xFF,0xFF,0xFF,0xFF,0xFF,0xFF,0xFF,0xFF,0xFF,0xFF,0xE0,
  0x00,0x1F,0xFF,0xF8,0x00,0x7F,0xFF,0xFF,0xFF,0xFF,0xFF,0xFF,
  0xFF,0xFF,0xFF,0xFF,0xFF,0xE0,0x00,0x1F,0xFF,0xF0,0x00,0xFF,
  0xFF,0xFF,0xFF,0xFF,0xFF,0xFF,0xFF,0xFF,0xFF,0xFF,0xFF,0xE0,
  0x00,0x1F,0xFF,0xF0,0x00,0xFF,0xFF,0xFF,0xFF,0xFF,0xFF,0xFF,
  0xFF,0xFF,0xFF,0xFF,0xFF,0xC0,0x00,0x3F,0xFF,0xF0,0x01,0xFF,
  0xFF,0xFF,0xFF,0xFF,0xFF,0xFF,0xFF,0xFF,0xFF,0xFF,0xFF,0xC0,
  0x00,0x3F,0xFF,0xF0,0x03,0xFF,0xFF,0xFF,0xFF,0xFF,0xFF,0xFF,
  0xFF,0xFF,0xFF,0xFF,0xFF,0xC0,0x00,0x3F,0xFF,0xE0,0x03,0xFF,
  0xFF,0xFF,0xFF,0xFF,0xFF,0xFF,0xFF,0xFF,0xFF,0xFF,0xFF,0x80,
  0x00,0x7F,0xFF,0xE0,0x07,0xFF,0xFF,0xF8,0xFF,0xFF,0xFF,0xFF,
  0xFF,0xFF,0xFF,0xFF,0xFF,0x80,0x00,0x7F,0xFF,0xE0,0x07,0xFF,
  0xFF,0xC0,0x7F,0xFF,0xFF,0x00,0x01,0xFF,0xFF,0x80,0x00,0x00,
  0x00,0x7F,0xFF,0xC0,0x07,0xFF,0xFF,0x00,0x67,0xFF,0xFF,0x00,
  0x01,0xFF,0xFF,0x00,0x00,0x00,0x00,0x7F,0xFF,0xC0,0x0F,0xFF,
  0xFE,0x00,0xE3,0xFF,0xFF,0x00,0x01,0xFF,0xFF,0x00,0x00,0x00,
  0x00,0xFF,0xFF,0xC0,0x0F,0xFF,0xFC,0x00,0xC3,0xFF,0xFF,0x80,
  0x03,0xFF,0xFF,0x00,0x00,0x00,0x00,0xFF,0xFF,0xC0,0x0F,0xFF,
  0xFC,0x01,0x81,0xFF,0xFF,0x80,0x03,0xFF,0xFF,0x00,0x00,0x00,
  0x00,0xFF,0xFF,0x80,0x0F,0xFF,0xF8,0x01,0x80,0xFF,0xFF,0x80,
  0x03,0xFF,0xFE,0x00,0x00,0x00,0x01,0xFF,0xFF,0x80,0x1F,0xFF,
  0xF8,0x03,0x00,0xFF,0xFF,0x80,0x07,0xFF,0xFE,0x00,0x00,0x00,
  0x01,0xFF,0xFF,0x80,0x1F,0xFF,0xF8,0x03,0x00,0xFF,0xFF,0x80,
  0x07,0xFF,0xFE,0x00,0x00,0x00,0x01,0xFF,0xFF,0x00,0x1F,0xFF,
  0xF8,0x06,0x00,0xFF,0xFF,0x80,0x07,0xFF,0xFC,0x00,0x00,0x00,
  0x01,0xFF,0xFF,0x00,0x1F,0xFF,0xF8,0x04,0x00,0xFF,0xFF,0xC0,
  0x07,0xFF,0xFC,0x00,0x00,0x00,0x03,0xFF,0xFF,0x00,0x1F,0xFF,
  0xF8,0x0F,0x00,0xFF,0xFF,0x80,0x0F,0xFF,0xFC,0x00,0x00,0x00,
  0x03,0xFF,0xFE,0x00,0x1F,0xFF,0xF9,0xFF,0x86,0xFF,0xFF,0x80,
  0x0F,0xFF,0xFC,0x00,0x00,0x00,0x03,0xFF,0xFE,0x00,0x0F,0xFF,
  0xF8,0x0E,0x01,0xFF,0xFF,0x80,0x0F,0xFF,0xF8,0x00,0x00,0x00,
  0x07,0xFF,0xFE,0x00,0x0F,0xFF,0xFC,0x06,0x01,0xFF,0xFF,0x80,
  0x1F,0xFF,0xF8,0x00,0x00,0x00,0x07,0xFF,0xFE,0x00,0x0F,0xFF,
  0xFC,0x03,0x81,0xFF,0xFF,0x80,0x1F,0xFF,0xF8,0x00,0x00,0x00,
  0x07,0xFF,0xFC,0x00,0x07,0xFF,0xFE,0x01,0xC3,0xFF,0xFF,0x80,
  0x1F,0xFF,0xF0,0x00,0x00,0x00,0x07,0xFF,0xFC,0x00,0x07,0xFF,
  0xFF,0x00,0xE7,0xFF,0xFF,0x00,0x1F,0xFF,0xF0,0x00,0x00,0x00,
  0x0F,0xFF,0xFC,0x00,0x07,0xFF,0xFF,0x80,0x6F,0xFF,0xFF,0x00,
  0x3F,0xFF,0xF0,0x00,0x00,0x00,0x0F,0xFF,0xFF,0xFF,0xFF,0xFF,
  0xFF,0xE0,0x7F,0xFF,0xFF,0x00,0x3F,0xFF,0xF0,0x00,0x00,0x00,
  0x0F,0xFF,0xFF,0xFF,0xFF,0xFF,0xFF,0xFF,0xFF,0xFF,0xFE,0x00,
  0x3F,0xFF,0xE0,0x00,0x00,0x00,0x1F,0xFF,0xFF,0xFF,0xFF,0xFF,
  0xFF,0xFF,0xFF,0xFF,0xFE,0x00,0x7F,0xFF,0xE0,0x00,0x00,0x00,
  0x1F,0xFF,0xFF,0xFF,0xFF,0xFF,0xFF,0xFF,0xFF,0xFF,0xFC,0x00,
  0x7F,0xFF,0xE0,0x00,0x00,0x00,0x1F,0xFF,0xFF,0xFF,0xFF,0xFF,
  0xFF,0xFF,0xFF,0xFF,0xF8,0x00,0x7F,0xFF,0xC0,0x00,0x00,0x00,
  0x1F,0xFF,0xFF,0xFF,0xFF,0xFF,0xFF,0xFF,0xFF,0xFF,0xF8,0x00,
  0x7F,0xFF,0xC0,0x00,0x00,0x00,0x3F,0xFF,0xFF,0xFF,0xFF,0xFF,
  0xFF,0xFF,0xFF,0xFF,0xF0,0x00,0xFF,0xFF,0xC0,0x00,0x00,0x00,
  0x3F,0xFF,0xFF,0xFF,0xFF,0xFF,0xFF,0xFF,0xFF,0xFF,0xE0,0x00,
  0xFF,0xFF,0xC0,0x00,0x00,0x00,0x3F,0xFF,0xFF,0xFF,0xFF,0xFF,
  0xFF,0xFF,0xFF,0xFF,0xC0,0x00,0xFF,0xFF,0x80,0x00,0x00,0x00,
  0x7F,0xFF,0xFF,0xFF,0xFF,0xFF,0xFF,0xFF,0xFF,0xFF,0x80,0x01,
  0xFF,0xFF,0x80,0x00,0x00,0x00,0x7F,0xFF,0xFF,0xFF,0xFF,0xFF,
  0xFF,0xFF,0xFF,0xFF,0x00,0x01,0xFF,0xFF,0x80,0x00,0x00,0x00,
  0x7F,0xFF,0xFF,0xFF,0xFF,0xFF,0xFF,0xFF,0xFF,0xFC,0x00,0x01,
  0xFF,0xFF,0x00,0x00,0x00,0x00,0x7F,0xFF,0xFF,0xFF,0xFF,0xFF,
  0xFF,0xFF,0xFF,0xF0,0x00,0x01,0xFF,0xFF,0x00,0x00,0x00,0x00,
  0xFF,0xFF,0xFF,0xFF,0xFF,0xFF,0xFF,0xFF,0xFF,0xC0,0x00,0x03,
  0xFF,0xFF,0x00,0x00,0x00,0x00,0xFF,0xFF,0xFF,0xFF,0xFF,0xFF,
  0xFF,0xFF,0xFE,0x00,0x00,0x03,0xFF,0xFE,0x00,0x00,0x00,0x00,
};
static const uint8_t logo_mxy[] PROGMEM = {
  0x00,0x00,0x00,0x00,0x00,0x00,0x00,0x00,0x00,0x00,0x00,0x00,
  0x00,0x00,0x00,0x00,0x00,0x00,0x00,0x00,0x00,0x00,0x00,0x01,
  0xFC,0x00,0x00,0x00,0x00,0x00,0x00,0x00,0x00,0x00,0x00,0x00,
  0x00,0x00,0x00,0x00,0x00,0x00,0x00,0x00,0x00,0x00,0x00,0x00,
  0x00,0x00,0x00,0x0F,0xF8,0x00,0x00,0x00,0x00,0x00,0x00,0x00,
  0x00,0x00,0x00,0x00,0x00,0x00,0x00,0x00,0x00,0x00,0x00,0x00,
  0x00,0x00,0x00,0x00,0x00,0x00,0x00,0x7F,0xF0,0x00,0x00,0x00,
  0x00,0x00,0x00,0x00,0x00,0x00,0x00,0x00,0x00,0x00,0x00,0x00,
  0x00,0x00,0x00,0x00,0x00,0x00,0x00,0x00,0x00,0x00,0x01,0xFF,
  0xE0,0x00,0x00,0x00,0x00,0x00,0x00,0x00,0x00,0x00,0x00,0x00,
  0x00,0x00,0x00,0x00,0x00,0x00,0x00,0x00,0x00,0x00,0x00,0x00,
  0x00,0x00,0x03,0xFF,0xC0,0x00,0x00,0x00,0x00,0x00,0x00,0x00,
  0x00,0x00,0x00,0x00,0x00,0x00,0x00,0x00,0x00,0x00,0x00,0x00,
  0x00,0x00,0x00,0x00,0x00,0x00,0x0F,0xFF,0x80,0x00,0x00,0x00,
  0x00,0x00,0x00,0x00,0x00,0x00,0x00,0x00,0x00,0x00,0x00,0x00,
  0x00,0x00,0x00,0x00,0x00,0x00,0x00,0x00,0x00,0x00,0x1F,0xFF,
  0x00,0x00,0x00,0x00,0x00,0x00,0x00,0x00,0x00,0x00,0x00,0x00,
  0x00,0x00,0x00,0x00,0x00,0x00,0x00,0x00,0x00,0x00,0x00,0x00,
  0x00,0x00,0x7F,0xFC,0x00,0x00,0x00,0x00,0x00,0x00,0x00,0x00,
  0x00,0x00,0x00,0x00,0x00,0x00,0x00,0x00,0x00,0x00,0x00,0x00,
  0x00,0x00,0x00,0x00,0x00,0x00,0xFF,0xF8,0x00,0x00,0x00,0x00,
  0x00,0x00,0x00,0x00,0x00,0x00,0x00,0x00,0x00,0x00,0x00,0x00,
  0x00,0x00,0x00,0x00,0x00,0x00,0x00,0x00,0x00,0x01,0xFF,0xF0,
  0x00,0x00,0x00,0x00,0x00,0x00,0x00,0x00,0x00,0x00,0x00,0x00,
  0x00,0x00,0x00,0x00,0x00,0x00,0x00,0x00,0x00,0x00,0x00,0x00,
  0x00,0x03,0xFF,0xE0,0x00,0x00,0x00,0x00,0x00,0x00,0x00,0x00,
  0x00,0x00,0x00,0x00,0x00,0x00,0x00,0x00,0x00,0x00,0x00,0x00,
  0x00,0x00,0x00,0x00,0x00,0x0F,0xFF,0xC0,0x00,0x00,0x00,0x00,
  0x00,0x00,0x00,0x00,0x00,0x00,0x00,0x00,0x00,0x00,0x00,0x00,
  0x00,0x00,0x00,0x00,0x00,0x00,0x00,0x00,0x00,0x1F,0xFF,0x80,
  0x00,0x00,0x00,0x00,0x00,0x00,0x00,0x00,0x00,0x00,0x00,0x00,
  0x00,0x00,0x00,0x00,0x00,0x00,0x00,0x00,0x00,0x00,0x00,0x00,
  0x00,0x3F,0xFF,0x00,0x00,0x00,0x00,0x00,0x00,0x00,0x00,0x00,
  0x00,0x00,0x00,0x00,0x00,0x00,0x00,0x00,0x00,0x00,0x00,0x00,
  0x00,0x00,0x00,0x00,0x00,0x7F,0xFE,0x00,0x00,0x00,0x00,0x00,
  0x00,0x00,0x00,0x00,0x00,0x00,0x00,0x00,0x00,0x00,0x00,0x00,
  0x00,0x00,0x00,0x00,0x00,0x00,0x00,0x00,0x00,0xFF,0xFC,0x00,
  0x00,0x00,0x00,0x00,0x00,0x00,0x00,0x00,0x00,0x00,0x00,0x00,
  0x00,0x00,0x00,0x00,0x00,0x00,0x00,0x00,0x00,0x00,0x00,0x00,
  0x01,0xFF,0xF8,0x00,0x00,0x00,0x00,0x00,0x00,0x00,0x00,0x00,
  0x00,0x00,0x00,0x00,0x00,0x00,0x00,0x00,0x00,0x00,0x00,0x00,
  0x00,0x00,0x00,0x00,0x03,0xFF,0xF0,0x00,0x00,0x00,0x00,0x00,
  0x00,0x00,0x00,0x00,0x00,0x00,0x00,0x00,0x00,0x00,0x00,0x00,
  0x00,0x00,0x00,0x00,0x01,0xFF,0x80,0x00,0x07,0xFF,0xE0,0x00,
  0x00,0x00,0x00,0x00,0x00,0x00,0x00,0x00,0x00,0x00,0x00,0x00,
  0x00,0x00,0x00,0x00,0x00,0x00,0x00,0x00,0x03,0xFF,0xF0,0x00,
  0x0F,0xFF,0xC0,0x00,0x00,0x00,0x00,0x00,0x00,0x00,0x00,0x00,
  0x00,0x00,0x00,0x00,0x00,0x00,0x00,0x00,0x00,0x00,0x00,0x00,
  0x00,0xFF,0xFC,0x00,0x1F,0xFF,0x80,0x00,0x00,0x00,0x00,0x00,
  0x00,0x00,0x00,0x00,0x00,0x00,0x00,0x00,0x00,0x00,0x00,0x00,
  0x00,0x00,0x00,0x00,0x00,0x3F,0xFE,0x00,0x3F,0xFF,0x00,0x00,
  0x00,0x00,0x00,0x00,0x00,0x00,0x00,0x00,0x00,0x00,0x00,0x00,
  0x00,0x00,0x00,0x00,0x00,0x00,0x00,0x00,0x00,0x1F,0xFF,0x00,
  0x7F,0xFE,0x00,0x00,0x00,0x00,0x00,0x00,0x00,0x00,0x00,0x00,
  0x00,0x00,0x00,0x00,0x00,0x00,0x00,0x00,0x00,0x00,0x00,0x00,
  0x00,0x07,0xFF,0x80,0xFF,0xFC,0x00,0x00,0x00,0x00,0x00,0x00,
  0x00,0x00,0x00,0x00,0x00,0x00,0x00,0x00,0x00,0x00,0x00,0x00,
  0x00,0x00,0x00,0x00,0x00,0x03,0xFF,0xC1,0xFF,0xF8,0x00,0x00,
  0x00,0x00,0x00,0x00,0x00,0x00,0x00,0x00,0x00,0x00,0x00,0x00,
  0x00,0x00,0x00,0x00,0x00,0x00,0x00,0x00,0x00,0x01,0xFF,0xE3,
  0xFF,0xF0,0x00,0x00,0x00,0x00,0x00,0x00,0x00,0x00,0x00,0x00,
  0x00,0x00,0x00,0x00,0x00,0x00,0x00,0x00,0x00,0x00,0x00,0x00,
  0x00,0x00,0xFF,0xF7,0xFF,0xE0,0x00,0x00,0x00,0x00,0x00,0x00,
  0x00,0x00,0x00,0x00,0x00,0x00,0x00,0x00,0x00,0x00,0x00,0x00,
  0x00,0x00,0x00,0x00,0x00,0x00,0x7F,0xFF,0xFF,0x80,0x00,0x00,
  0x00,0x00,0x00,0x00,0x00,0x00,0x00,0x00,0x00,0x00,0x00,0x00,
  0x00,0x00,0x00,0x00,0x00,0x00,0x00,0x00,0x00,0x00,0x3F,0xFF,
  0xFF,0x00,0x00,0x00,0x00,0x00,0x00,0x00,0x00,0x00,0x00,0x00,
  0x00,0x00,0x00,0x00,0x00,0x00,0x00,0x00,0x00,0x00,0x00,0x00,
  0x00,0x00,0x1F,0xFF,0xFE,0x00,0x00,0x00,0x00,0x00,0x00,0x00,
  0x00,0x00,0x00,0x00,0x00,0x00,0x00,0x00,0x00,0x00,0x00,0x00,
  0x00,0x00,0x00,0x00,0x00,0x00,0x0F,0xFF,0xFC,0x00,0x00,0x00,
  0x00,0x00,0x00,0x00,0xFF,0xFF,0xFF,0xFF,0x00,0x00,0x00,0x00,
  0x00,0x00,0x00,0x00,0x00,0x00,0x00,0x00,0x00,0x00,0x07,0xFF,
  0xF0,0x00,0x00,0x00,0x00,0x00,0x00,0x00,0xFF,0xFF,0xFF,0xFF,
  0xE0,0x00,0x00,0x00,0x00,0x00,0x00,0x00,0x00,0x00,0x00,0x00,
  0x00,0x00,0x07,0xFF,0xE0,0x00,0x00,0x00,0x00,0x00,0x00,0x00,
  0xFF,0xFF,0xFF,0xFF,0xF0,0x00,0x00,0x00,0x00,0x00,0x00,0x00,
  0x00,0x00,0x00,0x00,0x00,0x00,0x03,0xFF,0x80,0x00,0x00,0x00,
  0x00,0x00,0x00,0x00,0xFF,0xFF,0xFF,0xFF,0xF8,0x00,0x00,0x00,
  0x00,0x00,0x00,0x00,0x00,0x00,0x00,0x00,0x00,0x00,0x01,0xFF,
  0x00,0x00,0x00,0x00,0x00,0x00,0x00,0x00,0xFF,0xFF,0xFF,0xFF,
  0xFC,0x00,0x00,0x00,0x00,0x00,0x00,0x00,0x00,0x00,0x00,0x00,
  0x00,0x00,0x00,0xFC,0x00,0x00,0x00,0x00,0x00,0x00,0x00,0x00,
  0xFF,0xFF,0xFF,0xFF,0xFC,0x00,0x00,0x00,0x00,0x00,0x7F,0xFC,
  0x00,0x00,0x01,0xFF,0xFC,0x00,0x00,0x60,0x00,0x00,0x00,0x00,
  0xFF,0xFF,0x00,0x00,0xFF,0xFF,0xFF,0xFF,0xFC,0x03,0xFF,0x07,
  0xF8,0x07,0xFF,0xFF,0xE0,0x00,0x1F,0xFF,0xFF,0xC0,0x0F,0xFF,
  0xFF,0xFF,0xF8,0x07,0xFF,0xFF,0xF0,0x00,0xFF,0xC0,0x00,0x0F,
  0xFC,0x07,0xFF,0x3F,0xF8,0x1F,0xFF,0xFF,0xF8,0x00,0x7F,0xFF,
  0xFF,0xF8,0x0F,0xFF,0xFF,0xFF,0xF8,0x1F,0xFF,0xFF,0xFC,0x00,
  0xFF,0xC0,0x00,0x0F,0xFC,0x07,0xFF,0xFF,0xF8,0x7F,0xFF,0xFF,
  0xFE,0x00,0xFF,0xFF,0xFF,0xFC,0x0F,0xFF,0xFF,0xFF,0xF8,0x3F,
  0xFF,0xFF,0xFF,0x00,0xFF,0xC0,0x00,0x0F,0xFC,0x07,0xFF,0xFF,
  0xF8,0xFF,0xFF,0xFF,0xFF,0x01,0xFF,0xFF,0xFF,0xFE,0x0F,0xFF,
  0xFF,0xFF,0xF8,0x7F,0xFF,0xFF,0xFF,0x80,0xFF,0xC0,0x00,0x1F,
  0xF8,0x07,0xFF,0xFF,0xF9,0xFF,0xFF,0xFF,0xFF,0x83,0xFF,0xFF,
  0xFF,0xFF,0x0F,0xFF,0xFF,0xFF,0xF8,0xFF,0xFF,0xFF,0xFF,0x80,
  0xFF,0xFF,0xFF,0xFF,0xF8,0x07,0xFF,0xFF,0xF9,0xFF,0xC0,0x07,
  0xFF,0x87,0xFF,0x80,0x07,0xFF,0x8F,0xFF,0xFF,0xFF,0xF1,0xFF,
  0xC0,0x03,0xFF,0xC0,0xFF,0xFF,0xFF,0xFF,0xF0,0x07,0xFF,0xFF,
  0xFB,0xFF,0x80,0x01,0xFF,0xC7,0xFE,0x00,0x03,0xFF,0x80,0x00,
  0x07,0xFF,0xE1,0xFF,0x80,0x00,0xFF,0xC0,0xFF,0xFF,0xFF,0xFF,
  0xFE,0x07,0xFF,0xFF,0xFB,0xFF,0x00,0x00,0xFF,0xC7,0xFE,0x00,
  0x01,0xFF,0x80,0x00,0x1F,0xFF,0x83,0xFF,0x00,0x00,0xFF,0xE0,
  0xFF,0xFF,0xFF,0xFF,0xFF,0x87,0xFF,0xE0,0x07,0xFF,0xFF,0xFF,
  0xFF,0xCF,0xFF,0xFF,0xFF,0xFF,0x80,0x00,0x7F,0xFE,0x03,0xFF,
  0xFF,0xFF,0xFF,0xE0,0xFF,0xFF,0xFF,0xFF,0xFF,0xC7,0xFF,0x80,
  0x07,0xFF,0xFF,0xFF,0xFF,0xCF,0xFF,0xFF,0xFF,0xFF,0xC0,0x01,
  0xFF,0xF8,0x03,0xFF,0xFF,0xFF,0xFF,0xE0,0xFF,0xFF,0xFF,0xFF,
  0xFF,0xE7,0xFF,0x00,0x07,0xFF,0xFF,0xFF,0xFF,0xCF,0xFF,0xFF,
  0xFF,0xFF,0xC0,0x07,0xFF,0xE0,0x03,0xFF,0xFF,0xFF,0xFF,0xE0,
  0xFF,0xC0,0x00,0x03,0xFF,0xE7,0xFF,0x00,0x07,0xFF,0xFF,0xFF,
  0xFF,0xCF,0xFF,0xFF,0xFF,0xFF,0xC0,0x0F,0xFF,0x80,0x03,0xFF,
  0xFF,0xFF,0xFF,0xE0,0xFF,0xC0,0x00,0x01,0xFF,0xE7,0xFF,0x00,
  0x07,0xFF,0xFF,0xFF,0xFF,0xCF,0xFF,0xFF,0xFF,0xFF,0x80,0x3F,
  0xFE,0x00,0x03,0xFF,0xFF,0xFF,0xFF,0xE0,0xFF,0xC0,0x00,0x00,
  0xFF,0xE7,0xFF,0x00,0x07,0xFE,0x00,0x00,0x00,0x0F,0xFC,0x00,
  0x00,0x00,0x00,0xFF,0xF8,0x00,0x03,0xFE,0x00,0x00,0x00,0x00,
  0xFF,0xC0,0x00,0x01,0xFF,0xE7,0xFF,0x00,0x07,0xFE,0x00,0x00,
  0x00,0x0F,0xFC,0x00,0x00,0x00,0x03,0xFF,0xF0,0x00,0x03,0xFF,
  0x00,0x00,0x00,0x00,0xFF,0xFF,0xFF,0xFF,0xFF,0xE7,0xFF,0x00,
  0x03,0xFF,0x00,0x01,0xFF,0x87,0xFE,0x00,0x07,0xFF,0x0F,0xFF,
  0xC0,0x00,0x03,0xFF,0x80,0x01,0xFF,0xC0,0xFF,0xFF,0xFF,0xFF,
  0xFF,0xE7,0xFF,0x00,0x03,0xFF,0xC0,0x07,0xFF,0x87,0xFF,0x80,
  0x0F,0xFF,0x1F,0xFF,0xFF,0xFF,0xF9,0xFF,0xE0,0x07,0xFF,0x80,
  0xFF,0xFF,0xFF,0xFF,0xFF,0xC7,0xFF,0x00,0x01,0xFF,0xFF,0xFF,
  0xFF,0x03,0xFF,0xFF,0xFF,0xFE,0x1F,0xFF,0xFF,0xFF,0xF9,0xFF,
  0xFF,0xFF,0xFF,0x80,0xFF,0xFF,0xFF,0xFF,0xFF,0xC7,0xFF,0x00,
  0x01,0xFF,0xFF,0xFF,0xFE,0x03,0xFF,0xFF,0xFF,0xFC,0x1F,0xFF,
  0xFF,0xFF,0xF8,0xFF,0xFF,0xFF,0xFF,0x00,0xFF,0xFF,0xFF,0xFF,
  0xFF,0x07,0xFF,0x00,0x00,0xFF,0xFF,0xFF,0xFC,0x01,0xFF,0xFF,
  0xFF,0xF8,0x1F,0xFF,0xFF,0xFF,0xF8,0x7F,0xFF,0xFF,0xFE,0x00,
  0xFF,0xFF,0xFF,0xFF,0xFE,0x07,0xFF,0x00,0x00,0x3F,0xFF,0xFF,
  0xF8,0x00,0x7F,0xFF,0xFF,0xF0,0x1F,0xFF,0xFF,0xFF,0xF8,0x1F,
  0xFF,0xFF,0xF8,0x00,0xFF,0xFF,0xFF,0xFF,0xE0,0x03,0xFF,0x00,
  0x00,0x0F,0xFF,0xFF,0xE0,0x00,0x1F,0xFF,0xFF,0xC0,0x1F,0xFF,
  0xFF,0xFF,0xF8,0x07,0xFF,0xFF,0xE0,0x00,0x00,0x00,0x00,0x00,
  0x00,0x00,0x00,0x00,0x00,0x00,0xFF,0xFE,0x00,0x00,0x01,0xFF,
  0xFC,0x00,0x00,0x00,0x00,0x00,0x00,0x00,0x7F,0xFE,0x00,0x00,
};
static const uint8_t logo_pal[] PROGMEM = {
  0x00,0x00,0x00,0x00,0x00,0x00,0x00,0x00,0x00,0x00,0x00,0x00,
  0x20,0x00,0x00,0x00,0x00,0x00,0x00,0x00,0x00,0x00,0x00,0x00,
  0x00,0x00,0x00,0x00,0x00,0x00,0x00,0x00,0x00,0x00,0x00,0x00,
  0x00,0x00,0x00,0x00,0x00,0x00,0x00,0x00,0x00,0x00,0x00,0x00,
  0x00,0x00,0x00,0x00,0x60,0x00,0x00,0x00,0x00,0x00,0x00,0x00,
  0x00,0x00,0x00,0x00,0x00,0x00,0x00,0x00,0x00,0x00,0x00,0x00,
  0x00,0x00,0x00,0x00,0x00,0x00,0x00,0x00,0x00,0x00,0x00,0x00,
  0x00,0x00,0x00,0x00,0x80,0x00,0x00,0x00,0xC0,0x00,0x00,0x00,
  0x00,0x00,0x00,0x00,0x00,0x00,0x00,0x00,0x00,0x00,0x00,0x00,
  0x00,0x00,0x00,0x00,0x00,0x00,0x00,0x00,0x00,0x00,0x00,0x00,
  0x00,0x00,0x00,0x00,0x00,0x00,0x00,0x01,0x80,0x00,0x00,0x03,
  0xC0,0x00,0x00,0x00,0x00,0x00,0x00,0x00,0x00,0x00,0x00,0x00,
  0x00,0x00,0x00,0x00,0x00,0x00,0x00,0x00,0x00,0x00,0x00,0x00,
  0x00,0x00,0x00,0x00,0x00,0x00,0x00,0x00,0x00,0x00,0x00,0x03,
  0x80,0x00,0x00,0x07,0xC0,0x00,0x00,0x00,0x00,0x00,0x00,0x00,
  0x00,0x00,0x00,0x00,0x00,0x00,0x00,0x00,0x00,0x00,0x00,0x00,
  0x00,0x00,0x00,0x00,0x00,0x00,0x00,0x00,0x00,0x00,0x00,0x00,
  0x00,0x00,0x00,0x07,0x80,0x00,0x00,0x0F,0x80,0x00,0x00,0x00,
  0x00,0x00,0x00,0x00,0x00,0x00,0x00,0x00,0x00,0x00,0x00,0x00,
  0x00,0x00,0x00,0x00,0x00,0x00,0x00,0x00,0x00,0x00,0x00,0x00,
  0x00,0x00,0x00,0x00,0x00,0x00,0x00,0x0F,0x80,0x00,0x00,0x1F,
  0x80,0x00,0x00,0x00,0x00,0x00,0x00,0x00,0x00,0x00,0x00,0x00,
  0x00,0x00,0x00,0x00,0x00,0x00,0x00,0x00,0x00,0x00,0x00,0x00,
  0x00,0x00,0x00,0x00,0x00,0x00,0x00,0x00,0x00,0x00,0x00,0x3F,
  0x00,0x00,0x00,0x3F,0x80,0x00,0x00,0x00,0x00,0x00,0x00,0x00,
  0x00,0x00,0x00,0x00,0x00,0x00,0x00,0x00,0x00,0x00,0x00,0x00,
  0x00,0x00,0x00,0x00,0x00,0x00,0x00,0x00,0x00,0x00,0x00,0x00,
  0x00,0x00,0x00,0x7F,0x00,0x00,0x00,0xFF,0x80,0x00,0x00,0x00,
  0x00,0x00,0x00,0x00,0x00,0x00,0x00,0x00,0x00,0x00,0x00,0x00,
  0x00,0x00,0x00,0x00,0x00,0x00,0x00,0x00,0x00,0x00,0x00,0x00,
  0x00,0x00,0x00,0x00,0x00,0x00,0x00,0xFF,0x00,0x00,0x01,0xFF,
  0x00,0x00,0x00,0x00,0x00,0x00,0x00,0x00,0x00,0x00,0x00,0x00,
  0x00,0x00,0x00,0x00,0x00,0x00,0x00,0x00,0x00,0x00,0x00,0x00,
  0x00,0x00,0x00,0x00,0x00,0x00,0x00,0x00,0x00,0x00,0x01,0xFF,
  0x00,0x00,0x03,0xFF,0x00,0x00,0x00,0x00,0x00,0x00,0x00,0x00,
  0x00,0x00,0x00,0x00,0x00,0x00,0x00,0x00,0x00,0x00,0x00,0x00,
  0x00,0x00,0x00,0x00,0x00,0x00,0x00,0x00,0x00,0x00,0x00,0x00,
  0x00,0x00,0x03,0xFE,0x00,0x00,0x07,0xFF,0x00,0x00,0x00,0x00,
  0x00,0x00,0x00,0x00,0x00,0x00,0x00,0x00,0x00,0x00,0x00,0x00,
  0x00,0x00,0x00,0x00,0x00,0x00,0x00,0x00,0x00,0x00,0x00,0x00,
  0x00,0x00,0x00,0x00,0x00,0x00,0x0F,0xFE,0x00,0x00,0x0F,0xFE,
  0x00,0x00,0x00,0x00,0x00,0x00,0x00,0x00,0x00,0x00,0x00,0x00,
  0x00,0x00,0x00,0x00,0x00,0x00,0x00,0x00,0x00,0x00,0x00,0x00,
  0x00,0x00,0x00,0x00,0x00,0x00,0x00,0x00,0x00,0x00,0x1F,0xFE,
  0x00,0x00,0x3F,0xFE,0x00,0x00,0x00,0x00,0x00,0x00,0x00,0x00,
  0x00,0x00,0x00,0x00,0x00,0x00,0x00,0x00,0x00,0x00,0x00,0x00,
  0x00,0x00,0x00,0x00,0x00,0x00,0x00,0x00,0x00,0x00,0x00,0x00,
  0x00,0x00,0x3F,0xFE,0x00,0x00,0x7F,0xFE,0x00,0x00,0x00,0x00,
  0x00,0x00,0x00,0x00,0x00,0x00,0x00,0x00,0x00,0x00,0x00,0x00,
  0x00,0x00,0x00,0x00,0x00,0x00,0x00,0x00,0x00,0x00,0x00,0x00,
  0x00,0x00,0x00,0x00,0x00,0x00,0x7F,0xFE,0x00,0x00,0xFF,0xFE,
  0x00,0x00,0x00,0x00,0x00,0x00,0x00,0x00,0x00,0x00,0x00,0x00,
  0x00,0x00,0x00,0x00,0x00,0x00,0x00,0x00,0x00,0x00,0x00,0x00,
  0x00,0x00,0x00,0x00,0x00,0x00,0x00,0x00,0x00,0x01,0xFF,0xFC,
  0x00,0x01,0xFF,0xFC,0x00,0x00,0x00,0x00,0x00,0x00,0x00,0x00,
  0x00,0x00,0x00,0x00,0x00,0x00,0x00,0x00,0x00,0x00,0x00,0x00,
  0x00,0x00,0x00,0x00,0x00,0x00,0x00,0x00,0x00,0x00,0x00,0x00,
  0x00,0x03,0xFF,0xFC,0x00,0x03,0xFF,0xFC,0x00,0x00,0x00,0x00,
  0x00,0x00,0x00,0x00,0x00,0x00,0x00,0x00,0x00,0x00,0x00,0x00,
  0x00,0x00,0x00,0x00,0x00,0x00,0x00,0x00,0x00,0x00,0x00,0x00,
  0x00,0x00,0x00,0x00,0x00,0x07,0xFF,0xFC,0x00,0x0F,0xFF,0xFC,
  0x00,0x00,0x00,0x00,0x00,0x00,0x00,0x00,0x00,0x00,0x00,0x00,
  0x00,0x00,0x00,0x00,0x00,0x00,0x00,0x00,0x00,0x00,0x00,0x00,
  0x00,0x00,0x00,0x00,0x00,0x00,0x00,0x00,0x00,0x0F,0xFF,0xFC,
  0x00,0x1F,0xFF,0xF8,0x00,0x00,0x00,0x00,0x00,0x00,0x00,0x00,
  0x00,0x00,0x00,0x00,0x00,0x00,0x00,0x00,0x00,0x00,0x00,0x00,
  0x00,0x00,0x00,0x00,0x00,0x00,0x00,0x00,0x00,0x00,0x00,0x00,
  0x00,0x1F,0xFF,0xFC,0x00,0x3F,0xFF,0xF8,0x00,0x00,0x00,0x00,
  0x00,0x00,0x00,0x00,0x00,0x00,0x00,0x00,0x00,0x00,0x00,0x00,
  0x00,0x00,0x00,0x00,0x00,0x00,0x00,0x00,0x00,0x00,0x00,0x00,
  0x00,0x00,0x00,0x00,0x00,0x3F,0xFF,0xF8,0x00,0x7F,0xFF,0xF8,
  0x00,0x00,0x00,0x00,0x00,0x00,0x00,0x00,0x00,0x00,0x00,0x00,
  0x00,0x00,0x00,0x00,0x00,0x00,0x00,0x00,0x00,0x00,0x00,0x00,
  0x00,0x00,0x00,0x00,0x00,0x00,0x00,0x00,0x00,0xFF,0xFF,0xF8,
  0x00,0xFF,0xFF,0xF8,0x00,0x00,0x00,0x00,0x00,0x00,0x00,0x00,
  0x00,0x00,0x00,0x00,0x00,0x00,0x00,0x00,0x00,0x00,0x00,0x00,
  0x00,0x00,0x00,0x00,0x00,0x00,0x00,0x00,0x00,0x00,0x00,0x00,
  0x01,0xFF,0xFF,0xF8,0x03,0xFF,0xFF,0xF0,0x00,0x00,0x00,0x00,
  0x00,0x00,0x00,0x00,0x00,0x00,0x00,0x00,0x00,0x00,0x00,0x00,
  0x00,0x00,0x00,0x00,0x00,0x00,0x00,0x00,0x00,0x00,0x00,0x00,
  0x00,0x00,0x00,0x00,0x03,0xFF,0xFF,0xF8,0x07,0xFF,0xFF,0xF0,
  0x00,0x00,0x00,0x00,0x00,0x00,0x00,0x00,0x00,0x00,0x00,0x00,
  0x00,0x00,0x00,0x00,0x00,0x00,0x00,0x00,0x00,0x00,0x00,0x00,
  0x00,0x00,0x00,0x00,0x00,0x00,0x00,0x00,0x07,0xFF,0xFF,0xF8,
  0x0F,0xFF,0xFF,0xF0,0x00,0x00,0x00,0x00,0x00,0x00,0x00,0x00,
  0x00,0x00,0x00,0x00,0x00,0x00,0x00,0x00,0x00,0x00,0x00,0x00,
  0x00,0x00,0x00,0x00,0x00,0x00,0x00,0x00,0x00,0x00,0x00,0x00,
  0x1F,0xFF,0xFF,0xF0,0x1F,0xFF,0xFF,0xE0,0x00,0x00,0x00,0x00,
  0x00,0x00,0x00,0x00,0x00,0x00,0x00,0x00,0x00,0x00,0x00,0x00,
  0x00,0x00,0x00,0x00,0x00,0x00,0x00,0x00,0x00,0x00,0x00,0x00,
  0x00,0x00,0x00,0x00,0x3F,0xFF,0xFF,0xF0,0x3F,0xFF,0xFF,0xE0,
  0x00,0x00,0x00,0x00,0x00,0x00,0x00,0x00,0x00,0x00,0x00,0x00,
  0x00,0x00,0x00,0x00,0x00,0x00,0x00,0x00,0x00,0x00,0x00,0x00,
  0x00,0x00,0x00,0x00,0x00,0x00,0x00,0x00,0x7F,0xFF,0xFF,0xF0,
  0xFF,0xFF,0xFF,0xE0,0x00,0x00,0x00,0x00,0x00,0x00,0x00,0x00,
  0x00,0x00,0x00,0x00,0x00,0x00,0x00,0x00,0x00,0x00,0x00,0x00,
  0x00,0x00,0x00,0x00,0x00,0x00,0x00,0x00,0x00,0x00,0x00,0x00,
  0xFF,0xFF,0xFF,0xF1,0xFF,0xFF,0xFF,0xE0,0x00,0x00,0x00,0x00,
  0x00,0x00,0x00,0x00,0x00,0x00,0x00,0x00,0x00,0x00,0x00,0x00,
  0x00,0x00,0x00,0x00,0x00,0x00,0x00,0x00,0x00,0x00,0x00,0x00,
  0x00,0x00,0x00,0x01,0xFF,0xFF,0xFF,0xF3,0xFF,0xFF,0xFF,0xC0,
  0x00,0x00,0x00,0x00,0x00,0x00,0x00,0x00,0x00,0x00,0x00,0x00,
  0x00,0x00,0x00,0x00,0x00,0x00,0x00,0x00,0x00,0x00,0x00,0x00,
  0x00,0x00,0x00,0x00,0x00,0x00,0x00,0x07,0xFF,0xFF,0xFF,0xE7,
  0xFF,0xFF,0xFF,0xC0,0x00,0x00,0x00,0x00,0x00,0x00,0x00,0x00,
  0x00,0x00,0x00,0x00,0x00,0x00,0x00,0x00,0x00,0x00,0x00,0x00,
  0x00,0x00,0x00,0x00,0x00,0x00,0x00,0x00,0x00,0x00,0x00,0x0F,
  0xFF,0xFF,0xFF,0xFF,0xFF,0xFF,0xFF,0xC0,0x00,0x00,0x00,0x00,
  0x00,0x00,0x00,0x00,0x00,0x00,0x00,0x00,0x00,0x00,0x00,0x00,
  0x00,0x00,0x00,0x00,0x00,0x00,0x00,0x00,0x00,0x00,0x00,0x00,
  0x00,0x00,0x00,0x1F,0xFF,0xFF,0xFF,0xFF,0xFF,0xFF,0xFF,0x80,
  0x3F,0xFC,0x1F,0x00,0x1F,0x7C,0xF0,0x00,0x00,0x00,0x03,0xE0,
  0x00,0x00,0x00,0x00,0x00,0x7E,0x01,0xF0,0x00,0xF3,0xC0,0x00,
  0x00,0x00,0x00,0x00,0x00,0x00,0x00,0x3F,0xFF,0xFF,0xFF,0xFF,
  0xFF,0xFF,0xFF,0x80,0x7F,0xFF,0x1F,0x00,0x1E,0x7D,0xF0,0x00,
  0x00,0x00,0x03,0xC0,0x00,0x00,0x00,0x00,0x00,0x7E,0x01,0xF0,
  0x01,0xF7,0xC0,0x00,0x00,0x00,0x00,0x00,0x00,0x00,0x00,0xFF,
  0xFF,0xFF,0xFF,0xFF,0xFF,0xFF,0xFF,0x80,0x7F,0xFF,0x1F,0x00,
  0x1E,0x7D,0xF0,0x00,0x00,0x00,0x07,0xC0,0x00,0x00,0x00,0x00,
  0x00,0xFE,0x01,0xE0,0x01,0xF7,0xC0,0x00,0x00,0x00,0x00,0x00,
  0x00,0x00,0x01,0xFF,0xFF,0xFF,0xFF,0xFF,0xFF,0xFF,0xFF,0x80,
  0x7F,0xFF,0x9E,0x00,0x3E,0x79,0xF0,0x00,0x00,0x00,0x07,0xC0,
  0x00,0x00,0x00,0x00,0x01,0xFE,0x01,0xE0,0x01,0xF7,0xC0,0x00,
  0x00,0x00,0x00,0x00,0x00,0x00,0x03,0xFF,0xFF,0xFF,0xFF,0xFF,
  0xFF,0xFF,0xFF,0x00,0x7C,0x0F,0xBE,0x00,0x00,0xF8,0x00,0x00,
  0x00,0x00,0x00,0x00,0x00,0x00,0x00,0x00,0x01,0xFE,0x00,0x00,
  0x01,0xE0,0x00,0x00,0x00,0x00,0x00,0x00,0x00,0x00,0x07,0xFF,
  0xFF,0xFF,0xFF,0xFF,0xFF,0xFF,0xFF,0x00,0xF8,0x0F,0xBE,0x70,
  0x00,0xF8,0x00,0x1E,0x00,0x1E,0x00,0x00,0x3C,0x01,0xE0,0x00,
  0x03,0xFE,0x00,0x00,0x1B,0xE0,0x00,0x38,0x03,0xE0,0x0F,0x80,
  0x00,0x00,0x0F,0xFF,0xFF,0xFF,0xFF,0xFF,0xFF,0xFF,0xFF,0x00,
  0xF8,0x0F,0xBF,0xFC,0x3C,0xFB,0xE7,0xFF,0x0F,0xFF,0x07,0x9E,
  0xFE,0x07,0xF8,0x00,0x03,0xDF,0x03,0xEF,0x7F,0xEF,0x9E,0xFE,
  0x0F,0xF8,0x3F,0xE0,0x00,0x00,0x3F,0xFF,0xFF,0xFF,0xFF,0xFF,
  0xFF,0xFF,0xFE,0x00,0xF8,0x0F,0xBF,0xFE,0x7C,0xF3,0xEF,0xFF,
  0x8F,0xFF,0x8F,0x9F,0xFF,0x0F,0xFC,0x00,0x07,0xDF,0x03,0xCF,
  0xFB,0xEF,0x9F,0xFF,0x1F,0xFC,0x7F,0xF0,0x00,0x00,0x7F,0xFF,
  0xFF,0xFF,0xFF,0xFF,0xFF,0xFF,0xFE,0x00,0xF8,0x3F,0x3F,0xFE,
  0x7C,0xF3,0xEF,0xFF,0xCF,0xFF,0xCF,0x9F,0xFF,0x1F,0xFE,0x00,
  0x0F,0x9F,0x07,0xCF,0xFB,0xCF,0xBF,0xFF,0x3F,0xFC,0xFF,0xF8,
  0x00,0x00,0xFF,0xFF,0xFF,0xFF,0xFF,0xFF,0xFF,0xFF,0xFE,0x00,
  0xFF,0xFF,0x7E,0x3E,0x7D,0xF3,0xCF,0xC7,0xCF,0xC7,0xCF,0xBF,
  0x1F,0x3E,0x3E,0x00,0x0F,0x9F,0x07,0xDF,0xF3,0xCF,0x3F,0x1F,
  0x7C,0x3E,0xF0,0xF8,0x00,0x01,0xFF,0xFF,0xFF,0xFF,0xFF,0xFF,
  0xFF,0xFF,0xFE,0x01,0xFF,0xFE,0x7C,0x3E,0x79,0xF3,0xCF,0x83,
  0xCF,0x87,0xCF,0x3E,0x0F,0x7C,0x1F,0x00,0x1F,0x0F,0x07,0xDF,
  0x87,0xCF,0x3E,0x1F,0x7C,0x1E,0xF8,0x00,0x00,0x03,0xFF,0xFF,
  0xFF,0xFF,0xFF,0xFF,0xFF,0xFF,0xFC,0x01,0xFF,0xFC,0x7C,0x3E,
  0x79,0xF7,0xCF,0x03,0xFF,0x03,0xCF,0x3E,0x1F,0x7C,0x1F,0x00,
  0x1F,0x0F,0x07,0xDF,0x07,0xDF,0x3C,0x1F,0x78,0x1E,0xFF,0x00,
  0x00,0x0F,0xFF,0xFF,0xFF,0xFF,0xFF,0xFF,0xFF,0xFF,0xFC,0x01,
  0xFF,0xF0,0x78,0x3E,0xF9,0xE7,0xDF,0x03,0xFF,0x03,0xDF,0x3C,
  0x1F,0x7F,0xFF,0x00,0x3E,0x0F,0x07,0x9F,0x07,0xDF,0x7C,0x1F,
  0xFF,0xFE,0x7F,0xC0,0x00,0x1F,0xFF,0xFF,0xFF,0xFF,0xFF,0xFF,
  0xFF,0xFF,0xFC,0x01,0xF0,0x00,0x78,0x3C,0xFB,0xE7,0x9F,0x03,
  0xFF,0x03,0xDF,0x7C,0x1F,0x7F,0xFF,0x00,0x3F,0xFF,0x8F,0x9E,
  0x07,0x9F,0x7C,0x1E,0xFF,0xFE,0x7F,0xE0,0x00,0x3F,0xFF,0xFF,
  0xFF,0xFF,0xFF,0xFF,0xFF,0xFF,0xFC,0x03,0xE0,0x00,0xF8,0x3C,
  0xFB,0xE7,0x9F,0x03,0xDE,0x07,0xDF,0x7C,0x1E,0x7F,0xFE,0x00,
  0x7F,0xFF,0x8F,0xBE,0x07,0x9E,0x7C,0x1E,0xFF,0xFE,0x1F,0xF0,
  0x00,0x7F,0xFF,0xFF,0xFF,0xFF,0xFF,0xFF,0xFF,0xFF,0xF8,0x03,
  0xE0,0x00,0xF8,0x7C,0xF3,0xEF,0x9F,0x07,0xDE,0x07,0xDE,0x7C,
  0x1E,0x78,0x00,0x00,0x7F,0xFF,0x8F,0xBE,0x0F,0x9E,0x78,0x3E,
  0xF0,0x00,0x03,0xF0,0x00,0xFF,0xFF,0xFF,0xFF,0xFF,0xFF,0xFF,
  0xFF,0xFF,0xF8,0x03,0xE0,0x00,0xF0,0x7C,0xF3,0xCF,0xBF,0x07,
  0xBF,0x07,0x9E,0x78,0x3E,0x78,0x38,0x00,0xFF,0xFF,0x8F,0x3C,
  0x0F,0xBE,0x78,0x3E,0xF8,0x31,0xC0,0xF0,0x03,0xFF,0xFF,0xFF,
  0xFF,0xFF,0xFF,0xFF,0xFF,0xFF,0xF8,0x03,0xE0,0x00,0xF0,0x7D,
  0xF3,0xCF,0xBF,0x8F,0xBF,0x0F,0xBE,0x78,0x3E,0x7C,0x3E,0x00,
  0xF8,0x0F,0x8F,0x3C,0x0F,0xBE,0xF8,0x3C,0xF8,0x7F,0xE1,0xF0,
  0x07,0xFF,0xFF,0xFF,0xFF,0xFF,0xFF,0xFF,0xFF,0xFF,0xF0,0x03,
  0xC0,0x01,0xF0,0x79,0xF7,0xCF,0x3F,0xFF,0x3F,0xFF,0x3E,0xF8,
  0x3C,0x7F,0xFC,0x01,0xF0,0x07,0x9F,0x7C,0x0F,0x3E,0xF8,0x3C,
  0x7F,0xFB,0xFF,0xF0,0x0F,0xFF,0xFF,0xFF,0xFF,0xFF,0xFF,0xFF,
  0xFF,0xFF,0xF0,0x07,0xC0,0x01,0xF0,0x79,0xF7,0xCF,0x3F,0xFF,
  0x3F,0xFE,0x3C,0xF8,0x3C,0x3F,0xF8,0x01,0xF0,0x07,0x9F,0x7C,
  0x0F,0x3C,0xF8,0x7C,0x7F,0xF9,0xFF,0xE0,0x1F,0xFF,0xFF,0xFF,
  0xFF,0xFF,0xFF,0xFF,0xFF,0xFF,0xF0,0x07,0xC0,0x01,0xF0,0xF9,
  0xE7,0xDF,0x3D,0xFC,0x7D,0xFC,0x3C,0xF8,0x7C,0x1F,0xF0,0x03,
  0xE0,0x07,0xDF,0x7C,0x1F,0x7C,0xF0,0x7C,0x3F,0xE0,0xFF,0xC0,
  0x3F,0xFF,0xFF,0xFF,0xFF,0xFF,0xFF,0xFF,0xFF,0xFF,0xF0,0x00,
  0x00,0x00,0x00,0x00,0x00,0x00,0x7C,0x78,0x7C,0x70,0x00,0x00,
  0x00,0x07,0xC0,0x02,0x00,0x00,0x00,0x00,0x00,0x00,0x00,0x00,
  0x0F,0x80,0x3F,0x00,0xFF,0xFF,0xFF,0xFF,0xFF,0xFF,0xFF,0xFF,
  0xFF,0xFF,0xE0,0x00,0x00,0x00,0x00,0x00,0x00,0x00,0x7C,0x00,
  0x7C,0x00,0x00,0x00,0x00,0x00,0x00,0x00,0x00,0x00,0x00,0x00,
  0x00,0x00,0x00,0x00,0x00,0x00,0x00,0x00,0x00,0x00,0x00,0x00,
  0x00,0x00,0x00,0x00,0x00,0x00,0x00,0x00,0x00,0x00,0x00,0x00,
  0x00,0x00,0x7C,0x00,0x78,0x00,0x00,0x00,0x00,0x00,0x00,0x00,
  0x00,0x00,0x00,0x00,0x00,0x00,0x00,0x00,0x00,0x00,0x00,0x00,
  0x00,0x00,0x00,0x00,0x00,0x00,0x00,0x00,0x00,0x00,0x00,0x00,
  0x00,0x00,0x00,0x00,0x00,0x00,0x78,0x00,0x78,0x00,0x00,0x00,
  0x00,0x00,0x00,0x00,0x00,0x00,0x00,0x00,0x00,0x00,0x00,0x00,
  0x00,0x00,0x00,0x00,0x00,0x00,0x00,0x00,0x00,0x00,0x00,0x00,
  0x00,0x00,0x00,0x00,0x00,0x00,0x00,0x00,0x00,0x00,0x78,0x00,
  0xF8,0x00,0x00,0x00,0x00,0x00,0x00,0x00,0x00,0x00,0x00,0x00,
  0x00,0x00,0x00,0x00,0x00,0x00,0x00,0x00,0x00,0x00,0x00,0x00,
  0x00,0x00,0x00,0x00,0x00,0x00,0x00,0x00,0x00,0x00,0x00,0x00,
  0x00,0x00,0xF8,0x00,0xF8,0x00,0x00,0x00,0x00,0x00,0x00,0x00,
  0x00,0x00,0x00,0x00,0x00,0x00,0x00,0x00,0x00,0x00,0x00,0x00,
};
static const uint8_t logo_qxe[] PROGMEM = {
  0x00,0x00,0x00,0x00,0x00,0x00,0x1F,0xF0,0x00,0x03,0xB8,0x80,
  0x00,0x00,0x7C,0x00,0x39,0xFF,0xFF,0x80,0x00,0x7F,0xC0,0x00,
  0x0F,0x80,0x00,0x78,0x00,0x00,0x00,0x1F,0xE0,0x00,0x06,0x60,
  0x03,0x10,0xE0,0x00,0x01,0xFF,0x00,0x3F,0xE0,0x00,0xFF,0xFC,
  0x00,0x07,0xFF,0xFF,0xC0,0x00,0xFF,0x80,0x7F,0xFF,0xFF,0xC0,
  0x03,0xFF,0xF0,0x00,0x1F,0xF0,0x01,0xFE,0x00,0x00,0x00,0x3F,
  0xF0,0x00,0x07,0xF8,0x03,0xFF,0xFF,0xE0,0x00,0xFF,0x00,0x1F,
  0xE0,0x03,0xFF,0xFF,0x00,0x07,0xFF,0xFF,0xF0,0x00,0xFF,0x80,
  0x7F,0xFF,0xFF,0xC0,0x0F,0xFF,0xFC,0x00,0x1F,0xF0,0x01,0xFF,
  0x00,0x00,0x00,0x3F,0xF8,0x00,0x07,0xFC,0x03,0xFF,0xFF,0xF8,
  0x01,0xFF,0x00,0x3F,0xE0,0x07,0xFF,0xFF,0x80,0x07,0xFF,0xFF,
  0xF8,0x00,0xFF,0x80,0xFF,0xFF,0xFF,0xC0,0x1F,0xFF,0xFE,0x00,
  0x3F,0xF8,0x01,0xFF,0x00,0x00,0x00,0x7F,0xF8,0x00,0x07,0xFC,
  0x03,0xFF,0xFF,0xFC,0x01,0xFF,0x00,0x3F,0xE0,0x0F,0xFF,0xFF,
  0xC0,0x07,0xFF,0xFF,0xFC,0x00,0xFF,0x80,0xFF,0xFF,0xFF,0xC0,
  0x7F,0xFF,0xFF,0x00,0x3F,0xFC,0x01,0xFE,0x00,0x00,0x00,0xFF,
  0xF8,0x00,0x07,0xF8,0x03,0xFF,0xFF,0xFE,0x01,0xFF,0x00,0x3F,
  0xE0,0x1F,0xFF,0xFF,0xE0,0x07,0xFF,0xFF,0xFE,0x01,0xFF,0x00,
  0xFF,0xFF,0xFF,0xC0,0xFF,0xFF,0xFF,0x80,0x3F,0xFC,0x03,0xFE,
  0x00,0x00,0x00,0xFF,0xF8,0x00,0x07,0xF8,0x07,0xFF,0xFF,0xFE,
  0x01,0xFF,0x00,0x3F,0xE0,0x3F,0xFF,0xFF,0xF0,0x0F,0xFF,0xFF,
  0xFE,0x01,0xFF,0x00,0xFF,0xFF,0xFF,0x80,0xFF,0xFF,0xFF,0xC0,
  0x3F,0xFE,0x03,0xFE,0x00,0x00,0x01,0xFF,0xFC,0x00,0x07,0xF8,
  0x07,0xFF,0xFF,0xFF,0x01,0xFE,0x00,0x3F,0xC0,0x7F,0xFF,0xFF,
  0xF0,0x0F,0xF8,0x1F,0xFE,0x01,0xFF,0x00,0x00,0x0F,0xFF,0x01,
  0xFF,0xFF,0xFF,0xC0,0x3F,0xFE,0x03,0xFE,0x00,0x00,0x03,0xFF,
  0xFC,0x00,0x0F,0xF8,0x07,0xFC,0x0F,0xFF,0x01,0xFE,0x00,0x3F,
  0xC0,0xFF,0xE0,0x3F,0xF8,0x0F,0xF8,0x07,0xFE,0x01,0xFF,0x00,
  0x00,0x0F,0xFE,0x03,0xFF,0x80,0xFF,0xE0,0x7F,0xFF,0x03,0xFE,
  0x00,0x00,0x03,0xFF,0xFC,0x00,0x0F,0xF8,0x07,0xFC,0x03,0xFF,
  0x03,0xFE,0x00,0x7F,0xC0,0xFF,0x80,0x1F,0xF8,0x0F,0xF8,0x03,
  0xFE,0x01,0xFF,0x00,0x00,0x3F,0xFC,0x03,0xFE,0x00,0x7F,0xE0,
  0x7F,0xFF,0x03,0xFC,0x00,0x00,0x07,0xFF,0xFE,0x00,0x0F,0xF8,
  0x07,0xFC,0x01,0xFF,0x03,0xFE,0x00,0x7F,0xC1,0xFF,0x00,0x0F,
  0xF8,0x0F,0xF8,0x03,0xFE,0x01,0xFE,0x00,0x00,0x7F,0xF8,0x07,
  0xFC,0x00,0x3F,0xE0,0x7F,0xFF,0x83,0xFC,0x00,0x00,0x0F,0xFF,
  0xFE,0x00,0x0F,0xF0,0x0F,0xF8,0x01,0xFF,0xFF,0xFF,0xFF,0xFF,
  0xC1,0xFE,0x00,0x0F,0xF8,0x1F,0xF0,0x03,0xFE,0x03,0xFE,0x00,
  0x00,0xFF,0xF0,0x07,0xF8,0x00,0x1F,0xE0,0x7F,0xFF,0x87,0xFC,
  0x00,0x00,0x0F,0xFB,0xFE,0x00,0x0F,0xF0,0x0F,0xF8,0x03,0xFF,
  0x7F,0xFF,0xFF,0xFF,0xC3,0xFE,0x00,0x07,0xF8,0x1F,0xF0,0x07,
  0xFC,0x03,0xFE,0x00,0x01,0xFF,0xE0,0x07,0xF8,0x00,0x1F,0xF0,
  0x7F,0xFF,0xC7,0xFC,0x00,0x00,0x1F,0xF3,0xFE,0x00,0x1F,0xF0,
  0x0F,0xF8,0x03,0xFE,0x3F,0xFF,0xFF,0xFF,0x83,0xFC,0x00,0x07,
  0xF8,0x1F,0xF0,0x1F,0xFC,0x03,0xFE,0x00,0x03,0xFF,0xC0,0x0F,
  0xF0,0x00,0x1F,0xE0,0xFF,0xFF,0xE7,0xFC,0x00,0x00,0x3F,0xF3,
  0xFF,0x00,0x1F,0xF0,0x0F,0xF8,0x0F,0xFE,0x3F,0xFF,0xFF,0xFF,
  0x83,0xFC,0x00,0x0F,0xF8,0x1F,0xFF,0xFF,0xF8,0x03,0xFE,0x00,
  0x07,0xFF,0x00,0x0F,0xF0,0x00,0x1F,0xE0,0xFF,0xBF,0xE7,0xF8,
  0x00,0x00,0x3F,0xE1,0xFF,0x00,0x1F,0xF0,0x0F,0xFF,0xFF,0xFC,
  0x1F,0xFF,0xFF,0xFF,0x83,0xFC,0x00,0x0F,0xF8,0x1F,0xFF,0xFF,
  0xF0,0x03,0xFE,0x00,0x0F,0xFE,0x00,0x0F,0xF0,0x00,0x3F,0xE0,
  0xFF,0x9F,0xF7,0xF8,0x00,0x00,0x7F,0xC1,0xFF,0x00,0x1F,0xF0,
  0x1F,0xFF,0xFF,0xF8,0x0F,0xFF,0xFF,0xFF,0x83,0xFC,0x00,0x0F,
  0xF8,0x3F,0xFF,0xFF,0xE0,0x07,0xFC,0x00,0x1F,0xFC,0x00,0x0F,
  0xF0,0x00,0x3F,0xE0,0xFF,0x9F,0xFF,0xF8,0x00,0x00,0x7F,0xC1,
  0xFF,0x00,0x1F,0xE0,0x1F,0xFF,0xFF,0xF0,0x07,0xFF,0xFF,0xFF,
  0x83,0xFC,0x00,0x1F,0xF0,0x3F,0xFF,0xFF,0xC0,0x07,0xFC,0x00,
  0x3F,0xF8,0x00,0x0F,0xF0,0x00,0x7F,0xE0,0xFF,0x0F,0xFF,0xF8,
  0x00,0x00,0xFF,0x81,0xFF,0x80,0x3F,0xE0,0x1F,0xFF,0xFF,0xE0,
  0x07,0xF8,0x01,0xFF,0x03,0xFE,0x00,0x3F,0xF0,0x3F,0xFF,0xFF,
  0x00,0x07,0xFC,0x00,0x7F,0xF0,0x00,0x0F,0xF8,0x00,0x7F,0xC0,
  0xFF,0x0F,0xFF,0xF8,0x00,0x01,0xFF,0xFF,0xFF,0x80,0x3F,0xE0,
  0x1F,0xFF,0xFF,0x80,0x0F,0xF8,0x01,0xFF,0x03,0xFF,0x00,0x7F,
  0xF0,0x3F,0xFF,0xFE,0x00,0x07,0xFC,0x00,0xFF,0xE0,0x00,0x07,
  0xFC,0x00,0xFF,0xC1,0xFF,0x07,0xFF,0xF0,0x00,0x01,0xFF,0xFF,
  0xFF,0x80,0x3F,0xE0,0x1F,0xFF,0xFF,0x00,0x0F,0xF8,0x01,0xFF,
  0x01,0xFF,0x80,0xFF,0xE0,0x3F,0xE7,0xFF,0x00,0x07,0xFC,0x03,
  0xFF,0xC0,0x00,0x07,0xFE,0x03,0xFF,0x81,0xFF,0x07,0xFF,0xF0,
  0x00,0x03,0xFF,0xFF,0xFF,0x80,0x3F,0xE0,0x1F,0xF3,0xFF,0x80,
  0x0F,0xF8,0x01,0xFF,0x01,0xFF,0xFF,0xFF,0xC0,0x3F,0xC3,0xFF,
  0x00,0x0F,0xF8,0x07,0xFF,0x80,0x00,0x07,0xFF,0xFF,0xFF,0x81,
  0xFF,0x03,0xFF,0xF0,0x00,0x07,0xFF,0xFF,0xFF,0xC0,0x3F,0xC0,
  0x3F,0xE1,0xFF,0x80,0x0F,0xF8,0x01,0xFF,0x01,0xFF,0xFF,0xFF,
  0xC0,0x7F,0xC1,0xFF,0x80,0x0F,0xF8,0x0F,0xFF,0xFF,0xFE,0x03,
  0xFF,0xFF,0xFF,0x01,0xFF,0x01,0xFF,0xF0,0x00,0x07,0xFF,0xFF,
  0xFF,0xC0,0x3F,0xC0,0x3F,0xE0,0xFF,0xC0,0x0F,0xF0,0x01,0xFE,
  0x00,0xFF,0xFF,0xFF,0x80,0x7F,0xC1,0xFF,0xC0,0x0F,0xF8,0x0F,
  0xFF,0xFF,0xFE,0x03,0xFF,0xFF,0xFE,0x01,0xFE,0x01,0xFF,0xF0,
  0x00,0x0F,0xFF,0xFF,0xFF,0xC0,0x7F,0xC0,0x3F,0xE0,0xFF,0xC0,
  0x1F,0xF0,0x03,0xFE,0x00,0x7F,0xFF,0xFF,0x00,0x7F,0xC0,0xFF,
  0xC0,0x0F,0xF8,0x0F,0xFF,0xFF,0xFC,0x01,0xFF,0xFF,0xFC,0x03,
  0xFE,0x00,0xFF,0xE0,0x00,0x1F,0xF8,0x00,0x7F,0xC0,0x7F,0xC0,
  0x3F,0xE0,0x7F,0xE0,0x1F,0xF0,0x03,0xFE,0x00,0x3F,0xFF,0xFC,
  0x00,0x7F,0xC0,0x7F,0xE0,0x0F,0xF8,0x1F,0xFF,0xFF,0xFC,0x00,
  0xFF,0xFF,0xF8,0x03,0xFE,0x00,0xFF,0xE0,0x00,0x1F,0xF0,0x00,
  0x7F,0xE0,0x7F,0xC0,0x3F,0xC0,0x7F,0xF0,0x1F,0xF0,0x03,0xFE,
  0x00,0x1F,0xFF,0xF8,0x00,0x7F,0x80,0x7F,0xE0,0x0F,0xF0,0x1F,
  0xFF,0xFF,0xFC,0x00,0x7F,0xFF,0xF0,0x03,0xFE,0x00,0x7F,0xE0,
  0x00,0x3F,0xF0,0x00,0x7F,0xE0,0x7F,0x80,0x7F,0xC0,0x3F,0xF0,
  0x1F,0xF0,0x03,0xFE,0x00,0x07,0xFF,0xE0,0x00,0xFF,0x80,0x3F,
  0xF0,0x1F,0xF0,0x1F,0xFF,0xFF,0xFC,0x00,0x1F,0xFF,0xC0,0x03,
  0xFE,0x00,0x7F,0xE0,0x00,0x7F,0xE0,0x00,0x7F,0xE0,0x7F,0x80,
  0x7F,0xC0,0x1F,0xF8,0x1F,0xE0,0x03,0xFC,0x00,0x01,0xFF,0x00,
  0x00,0x7F,0x80,0x1F,0xF0,0x1F,0xF0,0x1F,0xFF,0xFF,0xF8,0x00,
  0x07,0xFE,0x00,0x03,0xFC,0x00,0x3F,0xC0,0x00,0x7F,0xC0,0x00,
  0x3F,0xE0,0x7F,0x80,0x7F,0xC0,0x1F,0xF8,
};
static const uint8_t logo_rpa[] PROGMEM = {
  0x00,0x00,0x00,0x02,0x00,0x00,0x00,0x00,0x00,0x00,0x00,0x00,
  0x00,0x00,0x00,0x00,0x00,0x00,0x00,0x00,0x00,0x00,0x00,0x00,
  0x00,0x00,0x00,0x00,0x00,0x00,0x06,0x00,0x00,0x00,0x00,0x00,
  0x00,0x00,0x00,0x00,0x00,0x00,0x00,0x00,0x00,0x00,0x00,0x00,
  0x00,0x00,0x00,0x00,0x00,0x00,0x00,0x00,0x00,0x06,0x00,0x00,
  0x00,0x00,0x00,0x00,0x00,0x00,0x00,0x00,0x00,0x00,0x00,0x00,
  0x00,0x00,0x00,0x00,0x00,0x00,0x00,0x00,0x00,0x00,0x00,0x00,
  0x07,0x00,0x00,0x00,0x00,0x00,0x00,0x00,0x00,0x00,0x00,0x00,
  0x00,0x00,0x00,0x00,0x00,0x00,0x00,0x00,0x00,0x00,0x00,0x00,
  0x00,0x00,0x00,0x7F,0xE0,0x00,0x00,0x00,0x00,0x00,0x00,0x00,
  0x00,0x00,0x00,0x00,0x00,0x00,0x00,0x00,0x00,0x00,0x00,0x00,
  0x00,0x00,0x00,0x00,0x00,0x00,0x1F,0xC0,0x00,0x00,0x00,0x00,
  0x00,0x00,0x00,0x00,0x00,0x00,0x00,0x00,0x00,0x00,0x00,0x00,
  0x00,0x00,0x00,0x00,0x00,0x00,0x00,0x00,0x00,0x0F,0x80,0x00,
  0x00,0x00,0x00,0x00,0x00,0x00,0x00,0x00,0x00,0x00,0x00,0x00,
  0x00,0x00,0x00,0x00,0x00,0x00,0x00,0x00,0x00,0x00,0x10,0x00,
  0x0F,0x80,0x00,0x80,0x00,0x00,0x00,0x00,0x00,0x00,0x00,0x00,
  0x00,0x00,0x00,0x00,0x00,0x00,0x00,0x00,0x00,0x00,0x00,0x00,
  0x00,0x18,0x00,0x19,0x80,0x01,0x80,0x00,0x00,0x00,0x00,0x00,
  0x00,0x00,0x00,0x00,0x00,0x00,0x00,0x00,0x00,0x00,0x00,0x00,
  0x00,0x00,0x00,0x00,0x18,0x00,0x10,0x80,0x01,0x80,0x00,0x00,
  0x00,0x00,0x00,0x00,0x00,0x00,0x00,0x00,0x00,0x00,0x00,0x00,
  0x00,0x00,0x00,0x00,0x00,0x00,0x01,0xFF,0x80,0x00,0x00,0x1F,
  0xF8,0x00,0x00,0x00,0x00,0x00,0x00,0x00,0x00,0x00,0x00,0x00,
  0x00,0x00,0x00,0x00,0x00,0x00,0x00,0x00,0x00,0x00,0xFF,0x00,
  0x00,0x00,0x0F,0xF0,0x00,0x00,0x00,0x00,0x00,0x00,0x00,0x00,
  0x00,0x00,0x00,0x00,0x00,0x00,0x00,0x00,0x00,0x00,0x00,0x00,
  0x00,0x7C,0x00,0x00,0x00,0x03,0xE0,0x00,0x00,0x00,0x00,0x00,
  0x00,0x00,0x00,0x00,0x00,0x00,0x00,0x00,0x00,0x00,0x00,0x00,
  0x00,0x00,0x00,0x00,0x7C,0x00,0x00,0x00,0x03,0xE0,0x00,0x00,
  0x00,0x00,0x00,0x00,0x00,0x00,0x00,0x00,0x00,0x00,0x00,0x00,
  0x00,0x00,0x00,0x00,0x00,0x00,0x00,0x7E,0x00,0x00,0x00,0x07,
  0xE0,0x00,0x00,0x00,0x00,0x00,0x00,0x00,0x00,0x00,0x00,0x00,
  0x00,0x00,0x00,0x00,0x00,0x00,0x00,0x00,0x00,0x00,0x42,0x00,
  0x00,0x00,0x06,0x20,0x00,0x00,0x00,0x00,0x00,0x00,0x00,0x00,
  0x00,0x00,0x00,0x00,0x00,0x00,0x00,0x00,0x00,0x00,0x00,0x00,
  0x00,0x00,0x00,0x00,0x00,0x00,0x00,0x00,0x00,0x00,0x00,0x00,
  0x00,0x00,0x00,0x00,0x00,0x00,0x00,0x00,0x00,0x00,0x00,0x00,
  0x00,0x00,0x00,0x00,0x00,0x00,0x00,0x00,0x00,0x00,0x00,0x00,
  0x00,0x00,0x00,0x00,0x00,0x00,0x00,0x00,0x00,0x00,0x00,0x00,
  0x00,0x00,0x00,0x00,0x00,0x00,0x00,0x00,0x00,0x05,0xE0,0x00,
  0x00,0x00,0x00,0x00,0x0E,0x00,0x38,0x60,0x00,0x00,0x05,0x00,
  0xE0,0x00,0x00,0x00,0x00,0x00,0x00,0x00,0x00,0x00,0x00,0x00,
  0x0F,0xFC,0x00,0x00,0x00,0x00,0x00,0x1E,0x00,0x38,0xF0,0x00,
  0x00,0x0F,0x80,0xE0,0x00,0x00,0x00,0x00,0x00,0x00,0x00,0x00,
  0x00,0x00,0x00,0x0F,0xFE,0x00,0x00,0x00,0x00,0x00,0x1C,0x00,
  0x38,0xF0,0x00,0x00,0x0F,0x80,0xE0,0x00,0x00,0x00,0x00,0x00,
  0x00,0x00,0x00,0x00,0x00,0x00,0x0E,0x0F,0x00,0x00,0x00,0x00,
  0x00,0x1C,0x00,0x70,0x00,0x00,0x00,0x1F,0x80,0x00,0x00,0x00,
  0x00,0x00,0x00,0x00,0x00,0x00,0x00,0x00,0x00,0x0E,0x07,0x00,
  0x00,0x00,0x00,0x00,0x1C,0x00,0x70,0x00,0x00,0x00,0x1F,0x80,
  0x00,0x00,0x00,0x00,0x00,0x00,0x00,0x00,0x00,0x00,0x00,0x00,
  0x1E,0x07,0x07,0xC1,0x9E,0x06,0x06,0x1D,0xE0,0x70,0xC0,0xF8,
  0x00,0x3B,0x80,0xC3,0x13,0x02,0x04,0x3C,0x66,0x03,0x1F,0x00,
  0x00,0x00,0x00,0x1C,0x07,0x1F,0xE1,0xFF,0x07,0x0E,0x3F,0xF0,
  0x71,0xE1,0xFC,0x00,0x7B,0x81,0xC7,0x73,0x87,0x0E,0x7F,0xE7,
  0x07,0x3F,0x80,0x04,0x00,0x00,0x1C,0x0F,0x3F,0xF3,0xFF,0x8E,
  0x0E,0x3F,0xF8,0x71,0xC3,0xFE,0x00,0x73,0x81,0xC7,0xF3,0x8F,
  0x1C,0xFF,0xE7,0x07,0x7F,0xC0,0x04,0x00,0x00,0x1C,0x1E,0x78,
  0x73,0xC3,0x8E,0x0E,0x3C,0x38,0xF1,0xC7,0x0E,0x00,0xF1,0xC1,
  0xC7,0xC3,0x8F,0x1D,0xE1,0xE7,0x0E,0x70,0x80,0x0C,0x00,0x00,
  0x1F,0xFC,0x70,0x73,0x83,0xCE,0x0E,0x38,0x3C,0xE1,0xCF,0x04,
  0x00,0xE1,0xC3,0x87,0x03,0x9F,0x19,0xC1,0xE7,0x0E,0xE0,0x00,
  0xFF,0xC0,0x00,0x3F,0xF8,0xF0,0xF3,0x83,0xCE,0x0E,0x38,0x3C,
  0xE1,0xCE,0x00,0x01,0xE1,0xC3,0x87,0x03,0x9F,0x39,0xC1,0xC3,
  0x1C,0x78,0x00,0x7F,0xC0,0x00,0x3F,0xF0,0xFF,0xE3,0x83,0xCE,
  0x1C,0x38,0x38,0xE3,0xCE,0x00,0x01,0xFF,0xC3,0x8E,0x03,0xBB,
  0x3B,0x81,0xC3,0xB8,0x7E,0x00,0x1F,0x00,0x00,0x38,0x70,0xFF,
  0x83,0x83,0x9E,0x1C,0x70,0x38,0xE3,0x8E,0x00,0x03,0xFF,0xC3,
  0x8E,0x03,0xB3,0x73,0x81,0xC3,0xB8,0x3F,0x00,0x1F,0x00,0x00,
  0x38,0x78,0xE0,0x07,0x03,0x9C,0x1C,0x70,0x39,0xE3,0x8E,0x00,
  0x03,0xFF,0xC3,0x8E,0x03,0xF3,0x73,0x81,0xC3,0xB0,0x07,0x80,
  0x1F,0x00,0x00,0x38,0x78,0xE0,0x47,0x07,0x9C,0x3C,0x70,0x79,
  0xC3,0x8E,0x0C,0x07,0x81,0xC7,0x0E,0x03,0xF3,0xE3,0x83,0xC3,
  0xF0,0x03,0x80,0x31,0x80,0x00,0x78,0x38,0xF0,0xE7,0x87,0x1C,
  0x3C,0x78,0xF1,0xC3,0x8E,0x1C,0x07,0x01,0xE7,0x0E,0x03,0xE3,
  0xE3,0xC7,0x83,0xE1,0xC3,0x80,0x00,0x00,0x00,0x78,0x3C,0x7F,
  0xE7,0xFF,0x1F,0xFE,0x7F,0xF1,0xF3,0xC7,0xFC,0x0F,0x01,0xE7,
  0xDE,0x01,0xE3,0xC1,0xFF,0xE3,0xE1,0xFF,0x00,0x00,0x00,0x00,
  0x70,0x1C,0x3F,0xC7,0xFE,0x0F,0xDE,0xEF,0xE1,0xF3,0xC7,0xF8,
  0x0E,0x00,0xE7,0xDC,0x01,0xC3,0xC1,0xFD,0xE1,0xC0,0xFF,0x00,
  0x00,0x00,0x00,0x30,0x0C,0x1F,0x0E,0x78,0x07,0x0C,0x67,0x80,
  0x60,0x81,0xE0,0x0C,0x00,0xC1,0x88,0x01,0x81,0x80,0x70,0xC1,
  0xC0,0x3C,0x00,0x00,0x00,0x00,0x00,0x00,0x00,0x0E,0x00,0x00,
  0x00,0x00,0x00,0x00,0x00,0x00,0x00,0x00,0x00,0x00,0x00,0x00,
  0x00,0x00,0x03,0x80,0x00,0x00,0x00,0x00,0x00,0x00,0x00,0x00,
  0x0E,0x00,0x00,0x00,0x00,0x00,0x00,0x00,0x00,0x00,0x00,0x00,
  0x00,0x00,0x00,0x00,0x00,0x03,0x80,0x00,0x00,0x00,0x00,0x00,
  0x00,0x00,0x00,0x0E,0x00,0x00,0x00,0x00,0x00,0x00,0x00,0x00,
  0x00,0x00,0x00,0x00,0x00,0x00,0x00,0x00,0x1F,0x00,0x00,0x00,
  0x00,0x00,0x00,0x00,0x00,0x00,0x0E,0x00,0x00,0x00,0x00,0x00,
  0x00,0x00,0x00,0x00,0x00,0x00,0x00,0x00,0x00,0x00,0x00,0x1E,
  0x00,0x00,0x00,0x00,0x00,0x00,0x00,0x00,0x00,0x0C,0x00,0x00,
  0x00,0x00,0x00,0x00,0x00,0x00,0x00,0x00,0x00,0x00,0x00,0x00,
  0x00,0x00,0x18,0x00,0x00,0x00,0x00,0x00,0x00,0x00,0x00,0x00,
  0x00,0x00,0x00,0x00,0x00,0x00,0x00,0x00,0x00,0x00,0x00,0x00,
  0x00,0x00,0x00,0x00,0x00,0x00,0x00,0x00,0x00,0x00,0x08,0x00,
  0x00,0x00,0x00,0x80,0x00,0x00,0x00,0x00,0x00,0x00,0x00,0x00,
  0x00,0x00,0x00,0x00,0x00,0x00,0x00,0x00,0x00,0x00,0x00,0x00,
  0x00,0x18,0x00,0x00,0x00,0x01,0x80,0x00,0x00,0x00,0x00,0x00,
  0x00,0x00,0x00,0x00,0x00,0x00,0x00,0x00,0x00,0x00,0x00,0x00,
  0x00,0x00,0x00,0x00,0x18,0x00,0x00,0x00,0x01,0x80,0x00,0x00,
  0x00,0x00,0x00,0x00,0x00,0x00,0x00,0x00,0x00,0x00,0x00,0x00,
  0x00,0x00,0x00,0x00,0x00,0x00,0x01,0xFF,0x80,0x00,0x00,0x1F,
  0xF8,0x00,0x00,0x00,0x00,0x00,0x00,0x00,0x00,0x00,0x00,0x00,
  0x00,0x00,0x00,0x00,0x00,0x00,0x00,0x00,0x00,0x00,0xFF,0x80,
  0x00,0x00,0x0F,0xF8,0x00,0x00,0x00,0x00,0x00,0x00,0x00,0x00,
  0x00,0x00,0x00,0x00,0x00,0x00,0x00,0x00,0x00,0x00,0x00,0x00,
  0x00,0x7E,0x00,0x00,0x00,0x07,0xE0,0x00,0x00,0x00,0x00,0x00,
  0x00,0x00,0x00,0x00,0x00,0x00,0x00,0x00,0x00,0x00,0x00,0x00,
  0x00,0x00,0x00,0x00,0x3E,0x00,0x00,0x00,0x03,0xE0,0x00,0x00,
  0x00,0x00,0x00,0x00,0x00,0x00,0x00,0x00,0x00,0x00,0x00,0x00,
  0x00,0x00,0x00,0x00,0x00,0x00,0x00,0x7E,0x00,0x02,0x00,0x07,
  0xE0,0x00,0x00,0x00,0x00,0x00,0x00,0x00,0x00,0x00,0x00,0x00,
  0x00,0x00,0x00,0x00,0x00,0x00,0x00,0x00,0x00,0x00,0x62,0x00,
  0x06,0x00,0x06,0x60,0x00,0x00,0x00,0x00,0x00,0x00,0x00,0x00,
  0x00,0x00,0x00,0x00,0x00,0x00,0x00,0x00,0x00,0x00,0x00,0x00,
  0x00,0x00,0x00,0x06,0x00,0x00,0x00,0x00,0x00,0x00,0x00,0x00,
  0x00,0x00,0x00,0x00,0x00,0x00,0x00,0x00,0x00,0x00,0x00,0x00,
  0x00,0x00,0x00,0x00,0x00,0x00,0x07,0x00,0x00,0x00,0x00,0x00,
  0x00,0x00,0x00,0x00,0x00,0x00,0x00,0x00,0x00,0x00,0x00,0x00,
  0x00,0x00,0x00,0x00,0x00,0x00,0x00,0x00,0x00,0x3F,0xE0,0x00,
  0x00,0x00,0x00,0x00,0x00,0x00,0x00,0x00,0x00,0x00,0x00,0x00,
  0x00,0x00,0x00,0x00,0x00,0x00,0x00,0x00,0x00,0x00,0x00,0x00,
  0x1F,0x80,0x00,0x00,0x00,0x00,0x00,0x00,0x00,0x00,0x00,0x00,
  0x00,0x00,0x00,0x00,0x00,0x00,0x00,0x00,0x00,0x00,0x00,0x00,
  0x00,0x00,0x00,0x0F,0x80,0x00,0x00,0x00,0x00,0x00,0x00,0x00,
  0x00,0x00,0x00,0x00,0x00,0x00,0x00,0x00,0x00,0x00,0x00,0x00,
  0x00,0x00,0x00,0x00,0x00,0x00,0x0F,0x80,0x00,0x00,0x00,0x00,
  0x00,0x00,0x00,0x00,0x00,0x00,0x00,0x00,0x00,0x00,0x00,0x00,
  0x00,0x00,0x00,0x00,0x00,0x00,0x00,0x00,0x00,0x19,0x80,0x00,
  0x00,0x00,0x00,0x00,0x00,0x00,0x00,0x00,0x00,0x00,0x00,0x00,
  0x00,0x00,0x00,0x00,0x00,0x00,0x00,0x00,0x00,0x00,0x00,0x00,
  0x10,0x80,0x00,0x00,0x00,0x00,0x00,0x00,0x00,0x00,0x00,0x00,
  0x00,0x00,0x00,0x00,0x00,0x00,0x00,0x00,0x00,0x00,0x00,0x00,
};
static const uint8_t logo_scx[] PROGMEM = {
  0x00,0x00,0x00,0x00,0x00,0x00,0x00,0x00,0x00,0x00,0x00,0x00,
  0x00,0x00,0x00,0x00,0x00,0x00,0x00,0x00,0x00,0x00,0x00,0x00,
  0x00,0x00,0x00,0x10,0x00,0x00,0x00,0x00,0x00,0x00,0x00,0x00,
  0x00,0x00,0x00,0x00,0x00,0x00,0x00,0x00,0x00,0x00,0x00,0x00,
  0x00,0x00,0x00,0x00,0x10,0x00,0x00,0x00,0x00,0x00,0x00,0x00,
  0x00,0x00,0x00,0x00,0x00,0x00,0x00,0x00,0x00,0x00,0x00,0x00,
  0x00,0x00,0x00,0x00,0x00,0x3A,0x00,0x00,0x00,0x00,0x00,0x00,
  0x00,0x00,0x00,0x00,0x00,0x00,0x00,0x00,0x00,0x00,0x00,0x00,
  0x00,0x00,0x00,0x00,0x00,0x03,0xFB,0xE0,0x00,0x00,0x00,0x00,
  0x00,0x00,0x00,0x00,0x00,0x00,0x00,0x00,0x00,0x00,0x00,0x00,
  0x00,0x00,0x00,0x00,0x00,0x00,0x0F,0xFB,0xF8,0x00,0x00,0x00,
  0x00,0x00,0x00,0x00,0x00,0x00,0x00,0x00,0x00,0x00,0x00,0x00,
  0x00,0x00,0x00,0x00,0x00,0x00,0x00,0x3F,0xFB,0xFC,0xC0,0x00,
  0x00,0x00,0x00,0x00,0x00,0x00,0x00,0x00,0x00,0x00,0x00,0x00,
  0x00,0x00,0x00,0x00,0x00,0x00,0x00,0x03,0xFF,0xFB,0xFF,0x80,
  0x00,0x00,0x00,0x00,0x00,0x00,0x00,0x00,0x00,0x00,0x00,0x00,
  0x00,0x00,0x00,0x38,0x00,0x00,0x00,0x00,0x03,0xFF,0xFB,0xFF,
  0x00,0x00,0x00,0x00,0x00,0x00,0x00,0x00,0x00,0x00,0x00,0x00,
  0x00,0x00,0x00,0x00,0x38,0x00,0x00,0x00,0x00,0x01,0xFE,0xFF,
  0x7E,0xC0,0x00,0x00,0x00,0x00,0x00,0x00,0x00,0x00,0x00,0x00,
  0x00,0x00,0x00,0x00,0x00,0x38,0x00,0x00,0x00,0x00,0x01,0xFF,
  0xFF,0x7D,0xC0,0x00,0x00,0x00,0x00,0x00,0x00,0x00,0x00,0x00,
  0x00,0x00,0x00,0x00,0x00,0x00,0x38,0x00,0x00,0x00,0x00,0x03,
  0xFF,0xFF,0xFD,0xE0,0x00,0x00,0x00,0x00,0x00,0x00,0x00,0x00,
  0x00,0x00,0x00,0x00,0x00,0x00,0x00,0x38,0x00,0x00,0x00,0x00,
  0x07,0xFF,0xFF,0xFB,0xE0,0x03,0xF8,0x1C,0x03,0xCE,0x3F,0x00,
  0x0F,0xC0,0x0F,0xC0,0xE0,0x0E,0xE3,0xF0,0xFF,0x9C,0x3B,0x80,
  0x3C,0x07,0xFF,0xFF,0xF7,0xF0,0x07,0xFE,0x3C,0x03,0xCF,0x7F,
  0x80,0x3F,0xF0,0x3F,0xF0,0xF0,0x0E,0xF7,0xF9,0xFF,0xDC,0xFB,
  0xC0,0x3C,0x0F,0xFF,0xFF,0xFF,0xF0,0x0F,0xFF,0x3C,0x03,0xCF,
  0xFF,0xC0,0x7F,0xF8,0x7F,0xF8,0xF0,0x0E,0xFF,0xFD,0xFF,0xDD,
  0xFB,0xC0,0x38,0x0F,0xBF,0xFF,0xF9,0xF0,0x1F,0x1F,0xBC,0x03,
  0xCF,0xF7,0xE0,0xF8,0x78,0xF8,0x7C,0xF0,0x0E,0xFC,0x1E,0x38,
  0x1F,0xF3,0xC0,0x78,0x0F,0xDF,0xFF,0xFF,0xF8,0x1E,0x07,0x3C,
  0x03,0xCF,0x81,0xE0,0xE0,0x3C,0xF0,0x3C,0xF0,0x0E,0xF8,0x1E,
  0x38,0x1F,0x81,0xE0,0x78,0x0F,0xFF,0xFF,0xFF,0xF8,0x1E,0x02,
  0x3C,0x03,0xCF,0x01,0xE1,0xE0,0x1D,0xE0,0x1E,0xF0,0x0E,0xF0,
  0x0E,0x38,0x1F,0x01,0xE0,0x70,0x1F,0xFF,0xFF,0xFF,0xFC,0x1E,
  0x00,0x3C,0x03,0xCF,0x01,0xE1,0xC0,0x01,0xE0,0x1E,0xF0,0x0E,
  0xF0,0x0E,0x38,0x1F,0x01,0xE0,0xF0,0x03,0xFF,0xFF,0xFF,0xFF,
  0x1F,0x80,0x3C,0x03,0xCF,0x01,0xE1,0xC0,0x01,0xC0,0x0E,0xF0,
  0x0E,0xF0,0x0E,0x38,0x1E,0x00,0xF0,0xF0,0x7F,0xFF,0xFF,0xFF,
  0xF0,0x0F,0xF0,0x3C,0x03,0xCF,0x01,0xE3,0xC0,0x01,0xC0,0x0E,
  0xF0,0x0E,0xF0,0x0E,0x38,0x1E,0x00,0xF0,0xE0,0x3F,0xFF,0xFF,
  0xFF,0xF8,0x07,0xFE,0x3C,0x03,0xCF,0x01,0xE3,0xC0,0x01,0xC0,
  0x0E,0xF0,0x0E,0xF0,0x0E,0x38,0x1C,0x00,0xF1,0xE0,0x0F,0xFF,
  0xFF,0xFF,0xF8,0x03,0xFF,0x3C,0x03,0xCF,0x01,0xE3,0xC0,0x01,
  0xC0,0x0E,0xF0,0x0E,0xF0,0x0E,0x38,0x1C,0x00,0x79,0xE0,0x0F,
  0xFF,0xFF,0xFD,0xF8,0x00,0x7F,0xBC,0x03,0xCF,0x01,0xE3,0xC0,
  0x01,0xC0,0x0E,0xF0,0x0E,0xF0,0x0E,0x38,0x1C,0x00,0x79,0xC0,
  0x0F,0x9F,0xFF,0xFC,0xF0,0x00,0x0F,0xBC,0x03,0xCF,0x01,0xE3,
  0xC0,0x01,0xC0,0x0E,0xF0,0x0E,0xF0,0x0E,0x38,0x1C,0x00,0x7B,
  0xC0,0x0F,0xFF,0xFF,0xFF,0xF0,0x00,0x07,0xBC,0x03,0xCF,0x01,
  0xE1,0xC0,0x01,0xC0,0x1E,0xF0,0x0E,0xF0,0x0E,0x38,0x1C,0x00,
  0x3F,0xC0,0x07,0xFF,0xFF,0xFF,0xF0,0x08,0x03,0xBC,0x03,0xCF,
  0x01,0xE1,0xC0,0x19,0xE0,0x1E,0xF0,0x1E,0xF0,0x0E,0x38,0x1C,
  0x00,0x3F,0x80,0x07,0xFF,0xFF,0xFF,0xE0,0x1C,0x07,0x9E,0x07,
  0xCF,0x01,0xE1,0xE0,0x1C,0xE0,0x1C,0xF0,0x3E,0xF0,0x0E,0x38,
  0x1C,0x00,0x3F,0x80,0x03,0xFF,0xFF,0xFF,0xE0,0x3F,0x0F,0x9E,
  0x1F,0xCF,0x01,0xE0,0xF0,0x3C,0xF0,0x3C,0x70,0x7E,0xF0,0x0E,
  0x38,0x1C,0x00,0x1F,0x80,0x03,0xBF,0xFF,0xFF,0xC0,0x1F,0xFF,
  0x9F,0xFF,0xCF,0x01,0xE0,0xFF,0xF8,0x7D,0xF8,0x7F,0xFE,0xF0,
  0x0E,0x3F,0x9C,0x00,0x1F,0x00,0x01,0x7E,0xFF,0x7D,0xC0,0x0F,
  0xFF,0x0F,0xFF,0xCF,0x01,0xE0,0x7F,0xF0,0x3F,0xF0,0x3F,0xEE,
  0xF0,0x0E,0x3F,0x9C,0x00,0x0F,0x00,0x00,0xFE,0xFF,0xFF,0xC0,
  0x03,0xFC,0x07,0xF3,0xCE,0x01,0xE0,0x1F,0xE0,0x1F,0xE0,0x1F,
  0x8E,0xE0,0x0E,0x1F,0x9C,0x00,0x0F,0x00,0x01,0xFF,0xFF,0xFF,
  0xC0,0x00,0x00,0x00,0x00,0x00,0x00,0x00,0x03,0x00,0x03,0x00,
  0x00,0x00,0x00,0x00,0x00,0x00,0x00,0x1E,0x00,0x01,0xFF,0xFF,
  0xFE,0x40,0x00,0x00,0x00,0x00,0x00,0x00,0x00,0x00,0x00,0x00,
  0x00,0x00,0x00,0x00,0x00,0x00,0x00,0x00,0x1E,0x00,0x00,0x1F,
  0xFF,0xF8,0x00,0x00,0x00,0x00,0x00,0x00,0x00,0x00,0x00,0x00,
  0x00,0x00,0x00,0x00,0x00,0x00,0x00,0x00,0x00,0x7C,0x00,0x00,
  0x07,0xEF,0xF0,0x00,0x00,0x00,0x00,0x00,0x00,0x00,0x00,0x00,
  0x00,0x00,0x70,0x00,0x38,0xE0,0x00,0x00,0x00,0x03,0xF8,0x00,
  0x00,0x01,0xED,0x80,0x00,0x00,0x00,0x00,0x00,0x00,0x00,0x00,
  0x00,0x00,0x00,0x70,0x00,0x38,0xE0,0x00,0x00,0x00,0x03,0xF8,
  0x00,0x00,0x00,0x0C,0x00,0x00,0x00,0x00,0x00,0x00,0x00,0x00,
  0x00,0x00,0x00,0x00,0x30,0x00,0x38,0x40,0x00,0x00,0x00,0x03,
  0xE0,0x00,0x00,0x00,0x0C,0x00,0x00,0x00,0x00,0x00,0x00,0x00,
  0x00,0x00,0x00,0x00,0x00,0x00,0x00,0x38,0x00,0x00,0x00,0x00,
  0x00,0x00,0x00,0x00,0x00,0x08,0x00,0x00,0x00,0x00,0x00,0x00,
  0x00,0x00,0x00,0x00,0x00,0x00,0x00,0x00,0x38,0x00,0x00,0x00,
  0x00,0x00,0x00,0x00,0x00,0x00,0x00,0x00,0x00,0x00,0x00,0x00,
  0x00,0x00,0x00,0x00,0x00,0x00,0x00,0x00,0x00,0x38,0x00,0x00,
  0x00,0x00,0x00,0x00,0x00,0x00,0x00,0x00,0x00,0x00,0x00,0x00,
  0x00,0x00,0x00,0x00,0x00,0x00,0x1F,0xE0,0x30,0xC7,0x38,0xE3,
  0x8F,0xC0,0x1F,0x80,0x3F,0x00,0x00,0x00,0x00,0x00,0x00,0x00,
  0x00,0x00,0x00,0x00,0x00,0x00,0x00,0x7F,0xF0,0x71,0xDF,0x38,
  0xE3,0xBF,0xE0,0x3F,0xE0,0xFF,0xC0,0x00,0x00,0x00,0x00,0x00,
  0x00,0x00,0x00,0x00,0x00,0x00,0x00,0x00,0xF0,0x38,0x70,0xFC,
  0x38,0xE3,0xF0,0x70,0x70,0xF0,0xE1,0xE0,0x00,0x00,0x00,0x00,
  0x00,0x00,0x00,0x00,0x00,0x00,0x00,0x00,0x01,0xC0,0x18,0x71,
  0xF0,0x38,0xE3,0xE0,0x38,0xE0,0x31,0xC0,0x60,0x00,0x00,0x00,
  0x00,0x00,0x00,0x00,0x00,0x00,0x00,0x00,0x00,0x01,0xC0,0x1C,
  0x71,0xE0,0x38,0xE3,0xC0,0x38,0xC0,0x39,0x80,0x00,0x00,0x00,
  0x00,0x00,0x00,0x00,0x00,0x00,0x00,0x00,0x00,0x00,0x00,0x00,
  0x1C,0x70,0xE0,0x38,0xE3,0x80,0x39,0xC0,0x19,0xC0,0x00,0x00,
  0x00,0x00,0x00,0x00,0x00,0x00,0x00,0x00,0x00,0x00,0x00,0x00,
  0x00,0x1C,0x71,0xC0,0x38,0xE3,0x80,0x39,0x80,0x1D,0xC0,0x00,
  0x00,0x00,0x00,0x00,0x00,0x00,0x00,0x00,0x00,0x00,0x00,0x00,
  0x00,0x03,0xFC,0x71,0xC0,0x38,0xE3,0x80,0x39,0xC0,0x1C,0xF8,
  0x00,0x00,0x00,0x00,0x00,0x00,0x00,0x00,0x00,0x00,0x00,0x00,
  0x00,0x00,0x3F,0xFC,0x71,0xC0,0x38,0xE3,0x80,0x39,0xFF,0xFC,
  0x7F,0x00,0x00,0x00,0x00,0x00,0x00,0x00,0x00,0x00,0x00,0x00,
  0x00,0x00,0x00,0xFC,0x1C,0x71,0xC0,0x38,0xE3,0x80,0x39,0xFF,
  0xFC,0x1F,0xC0,0x00,0x00,0x00,0x00,0x00,0x00,0x00,0x00,0x00,
  0x00,0x00,0x00,0x01,0xE0,0x1C,0x71,0xC0,0x38,0xE3,0x80,0x39,
  0x80,0x00,0x03,0xE0,0x00,0x00,0x00,0x00,0x00,0x00,0x00,0x00,
  0x00,0x00,0x00,0x00,0x01,0xC0,0x1C,0x71,0xC0,0x38,0xE3,0x80,
  0x39,0x80,0x00,0x00,0xF0,0x00,0x00,0x00,0x00,0x00,0x00,0x00,
  0x00,0x00,0x00,0x00,0x00,0x03,0x80,0x1C,0x71,0xC0,0x38,0xE3,
  0x80,0x39,0xC0,0x00,0x00,0x70,0x00,0x00,0x00,0x00,0x00,0x00,
  0x00,0x00,0x00,0x00,0x00,0x00,0x03,0x80,0x1C,0x71,0xC0,0x38,
  0xE3,0x80,0x39,0xC0,0x00,0x00,0x30,0x00,0x00,0x00,0x00,0x00,
  0x00,0x00,0x00,0x00,0x00,0x00,0x00,0x03,0x80,0x3C,0x71,0xC0,
  0x38,0xE3,0x80,0x39,0xC0,0x1D,0x80,0x30,0x00,0x00,0x00,0x00,
  0x00,0x00,0x00,0x00,0x00,0x00,0x00,0x00,0x03,0x80,0x7C,0x71,
  0xC0,0x38,0xE3,0x80,0x38,0xE0,0x39,0xC0,0x70,0x00,0x00,0x00,
  0x00,0x00,0x00,0x00,0x00,0x00,0x00,0x00,0x00,0x01,0xC1,0xFC,
  0x71,0xC0,0x38,0xE3,0x80,0x38,0x78,0x79,0xF0,0xE0,0x00,0x00,
  0x00,0x00,0x00,0x00,0x00,0x00,0x00,0x00,0x00,0x00,0x01,0xFF,
  0x9C,0x71,0xC0,0x38,0xE3,0x80,0x38,0x3F,0xF0,0xFF,0xE0,0x00,
  0x00,0x00,0x00,0x00,0x00,0x00,0x00,0x00,0x00,0x00,0x00,0x00,
  0x7E,0x0C,0x30,0xC0,0x30,0xE1,0x80,0x18,0x1F,0xC0,0x3F,0x80,
};
static const uint8_t logo_sia[] PROGMEM = {
  0x00,0x00,0x00,0x00,0x00,0x00,0x00,0x00,0x00,0x00,0x00,0x00,
  0x00,0x00,0x00,0x00,0x00,0x00,0x40,0x00,0x00,0x00,0x00,0x00,
  0x00,0x00,0x00,0x00,0x00,0x00,0x00,0x00,0x00,0x00,0x00,0x00,
  0x00,0x00,0x00,0x00,0xC0,0x00,0x00,0x00,0x00,0x00,0x00,0x00,
  0x00,0x00,0x00,0x00,0x00,0x00,0x00,0x00,0x00,0x00,0x00,0x00,
  0x00,0x00,0xE0,0x00,0x00,0x00,0x00,0x00,0x00,0x00,0x00,0x00,
  0x00,0x00,0x00,0x00,0x00,0x00,0x00,0x00,0x00,0x00,0x00,0x01,
  0xF0,0x00,0x00,0x00,0x00,0x00,0x00,0x00,0x00,0x00,0x00,0x00,
  0x00,0x00,0x00,0x00,0x00,0x00,0x00,0x00,0x00,0x03,0xF0,0x00,
  0x00,0x00,0x00,0x00,0x00,0x00,0x00,0x00,0x00,0x00,0x00,0x00,
  0x00,0x00,0x00,0x00,0x00,0x00,0x00,0x03,0xF8,0x00,0x00,0x00,
  0x00,0x00,0x00,0x00,0x00,0x00,0x00,0x00,0x00,0x00,0x00,0x00,
  0x00,0x00,0x00,0x00,0x00,0x03,0xFC,0x00,0x00,0x00,0x00,0x00,
  0x00,0x00,0x00,0x00,0x00,0x00,0x00,0x00,0x00,0x00,0x00,0x00,
  0x00,0x00,0x00,0x03,0xFC,0x00,0x00,0x00,0x00,0x00,0x00,0x00,
  0x00,0x00,0x00,0x00,0x00,0x00,0x00,0x00,0x00,0x00,0x00,0x00,
  0x00,0x03,0xFE,0x00,0x00,0x00,0x00,0x00,0x00,0x00,0x00,0x00,
  0x00,0x00,0x00,0x00,0x00,0x00,0x00,0x00,0x00,0x00,0x00,0x1B,
  0xFE,0x00,0x00,0x00,0x00,0x00,0x00,0x00,0x00,0x00,0x00,0x00,
  0x00,0x00,0x00,0x00,0x00,0x00,0x00,0x00,0x00,0x39,0xFF,0x00,
  0x00,0x00,0x00,0x00,0x00,0x00,0x00,0x00,0x00,0x00,0x00,0x00,
  0x00,0x00,0x00,0x00,0x00,0x00,0x00,0x3C,0xFF,0x80,0x00,0x00,
  0x00,0x00,0x00,0x00,0x00,0x00,0x00,0x00,0x00,0x00,0x00,0x00,
  0x00,0x00,0x00,0x00,0x00,0x7E,0xFF,0x80,0x00,0x00,0x00,0x00,
  0x00,0x00,0x00,0x00,0x00,0x00,0x00,0x00,0x00,0x00,0x00,0x00,
  0x00,0x00,0x00,0xFE,0x7F,0xC0,0x00,0x00,0x00,0x00,0x00,0x00,
  0x00,0x00,0x00,0x00,0x00,0x00,0x00,0x00,0x00,0x00,0x00,0x00,
  0x00,0xFF,0x7F,0xE0,0x00,0x00,0x00,0x00,0x00,0x00,0x00,0x00,
  0x00,0x00,0x00,0x00,0x00,0x00,0x00,0x00,0x00,0x00,0x00,0xFF,
  0xBF,0xE0,0x00,0x00,0x00,0x00,0x00,0x00,0x00,0x00,0x00,0x00,
  0x00,0x00,0x00,0x00,0x00,0x00,0x00,0x00,0x02,0x7F,0x9F,0xF0,
  0x00,0x00,0x00,0x00,0x00,0x00,0x00,0x00,0x00,0x00,0x00,0x00,
  0x00,0x00,0x00,0x00,0x00,0x00,0x03,0x7F,0xDF,0xF8,0x00,0x00,
  0x00,0x00,0x00,0x00,0x00,0x00,0x00,0x00,0x00,0x00,0x00,0x00,
  0x00,0x00,0x00,0x00,0x07,0x3F,0xEF,0xF8,0x00,0x00,0x00,0x00,
  0x00,0x00,0x00,0x00,0x00,0x00,0x00,0x00,0x00,0x00,0x00,0x00,
  0x00,0x00,0x0F,0xBF,0xE7,0xFC,0x00,0x00,0x00,0x00,0x00,0x00,
  0x00,0x00,0x00,0x00,0x00,0x00,0x00,0x00,0x00,0x00,0x00,0x00,
  0x0F,0xDF,0xF7,0xFC,0x00,0x00,0x00,0x00,0x00,0x00,0x00,0x00,
  0x00,0x00,0x00,0x00,0x00,0x00,0x00,0x00,0x00,0x00,0x1F,0xCF,
  0xFB,0xFE,0x00,0x00,0x00,0x00,0x00,0x00,0x00,0x00,0x00,0x00,
  0x00,0x00,0x00,0x00,0x00,0x00,0x00,0x00,0x1F,0xEF,0xF9,0xFF,
  0x00,0x00,0x00,0x00,0x00,0x00,0x00,0x00,0x00,0x00,0x00,0x00,
  0x00,0x00,0x00,0x00,0x00,0x00,0x1F,0xE7,0xFD,0xFF,0x00,0x00,
  0x1F,0xF8,0xE3,0x9F,0x00,0x3F,0xE0,0x1C,0x03,0xFF,0x00,0xFC,
  0x07,0xFC,0x0F,0xFE,0x1F,0xF3,0xFC,0xFF,0x80,0x00,0x7F,0xF8,
  0xE3,0xBF,0xC0,0xFF,0xE0,0x3E,0x03,0xFF,0x83,0xFF,0x0F,0xFF,
  0x1F,0xFE,0x0F,0xFB,0xFE,0x7F,0xC0,0x00,0xFF,0xF8,0xE3,0xFF,
  0xE1,0xFF,0xE0,0x3E,0x03,0xFF,0xC7,0xFF,0x8F,0xFF,0x9F,0xFE,
  0x0F,0xF9,0xFF,0x7F,0xC0,0x00,0xF0,0x00,0xE3,0xC1,0xE3,0xC0,
  0x00,0x7F,0x03,0x81,0xC7,0x87,0xCF,0x07,0x9E,0x00,0x07,0xFD,
  0xFF,0x3F,0xE0,0x00,0xE0,0x00,0xE3,0x80,0xE7,0x80,0x00,0x77,
  0x03,0x81,0xEF,0x03,0xCF,0x03,0x9E,0x00,0x03,0xFE,0xFF,0xBF,
  0xE0,0x00,0xFF,0xC0,0xE3,0x80,0xE7,0x80,0xE0,0xF7,0x83,0x81,
  0xEE,0x01,0xCF,0x03,0x9F,0xFC,0x03,0xFE,0x7F,0xDF,0xE0,0x00,
  0x7F,0xF0,0xE3,0x80,0xE7,0x00,0xE0,0xE3,0x83,0xC3,0xCE,0x01,
  0xEF,0x7F,0x9F,0xFC,0x01,0xFF,0x7F,0xCF,0xE0,0x00,0x3F,0xF8,
  0xE3,0x80,0xE7,0x00,0xE1,0xE3,0xC3,0xFF,0xCE,0x01,0xEF,0x7F,
  0x1F,0xFC,0x00,0xFF,0xBF,0xEF,0xE0,0x00,0x00,0x78,0xE3,0x80,
  0xE7,0x80,0xE1,0xC1,0xC3,0xBF,0x8E,0x01,0xCF,0x3E,0x1E,0x00,
  0x00,0xFF,0x9F,0xE7,0xE0,0x00,0x00,0x38,0xE3,0x80,0xE7,0x80,
  0xE3,0xC1,0xE3,0x9E,0x0F,0x03,0xCF,0x1E,0x1E,0x00,0x00,0x7F,
  0xDF,0xF7,0xE0,0x00,0x00,0x78,0xE3,0x80,0xE3,0xE1,0xE3,0x80,
  0xE3,0x80,0x0F,0x87,0xCF,0x0F,0x1E,0x00,0x00,0x3F,0xEF,0xF7,
  0xE0,0x00,0xFF,0xF8,0xE3,0x80,0xE1,0xFF,0xE7,0x80,0xF3,0x80,
  0x07,0xFF,0x8F,0x0F,0x9F,0xFF,0x00,0x3F,0xE7,0xF7,0xE0,0x00,
  0xFF,0xF0,0xE3,0x80,0xE0,0xFF,0xE7,0x00,0x73,0x80,0x03,0xFF,
  0x0F,0x07,0xDF,0xFF,0x00,0x1F,0xF7,0xF7,0xC0,0x00,0xFF,0xC0,
  0xE3,0x80,0xE0,0x1F,0xE7,0x00,0x73,0x80,0x00,0xFC,0x06,0x03,
  0xCF,0xFE,0x00,0x1F,0xF7,0xE7,0xC0,0x00,0x00,0x00,0x00,0x00,
  0x00,0x00,0x00,0x00,0x00,0x00,0x00,0x00,0x00,0x00,0x00,0x00,
  0x00,0x0F,0xF3,0xEF,0x80,0x00,0x00,0x00,0x00,0x00,0x00,0x00,
  0x00,0x00,0x00,0x00,0x00,0x00,0x00,0x00,0x00,0x00,0x00,0x07,
  0xF3,0xEF,0x80,0x00,0x00,0x00,0x00,0x00,0x00,0x00,0x00,0x00,
  0x00,0x00,0x00,0x00,0x00,0x00,0x00,0x00,0x00,0x07,0xF7,0xDF,
  0x00,0x00,0x00,0x00,0x00,0x00,0x78,0x07,0x0F,0xFE,0x1C,0x01,
  0xCF,0x7F,0x0F,0xFF,0x1F,0xFE,0x00,0x03,0xF7,0x9E,0x3F,0xF8,
  0x00,0x00,0x00,0x00,0xF8,0x07,0x0F,0xFF,0x1C,0x01,0xCF,0xFF,
  0x8F,0xFF,0x3F,0xFE,0x00,0x03,0xE7,0xBE,0xFF,0xF8,0x00,0x00,
  0x00,0x00,0xFC,0x07,0x0F,0xFF,0x1C,0x01,0xCF,0xFF,0xCF,0xFE,
  0x3F,0xFE,0x00,0x03,0xEF,0x3C,0xFF,0xFC,0x00,0x00,0x00,0x01,
  0xFE,0x07,0x0E,0x07,0x1C,0x01,0xCF,0x03,0xCF,0x00,0x38,0x00,
  0x00,0x03,0xDF,0x7D,0xF8,0x7E,0x00,0x00,0x00,0x01,0xCE,0x07,
  0x0E,0x07,0x1C,0x01,0xCF,0x03,0xCF,0x00,0x3C,0x00,0x00,0x07,
  0x9E,0xFB,0xE0,0xFE,0x00,0x00,0x00,0x03,0xCF,0x07,0x0E,0x0F,
  0x1C,0x01,0xCF,0x03,0xCF,0xFE,0x3F,0xF8,0x00,0x07,0xBC,0xF3,
  0xE1,0xFF,0x00,0x00,0x00,0x03,0x87,0x07,0x0E,0xFF,0x1C,0x01,
  0xCF,0x03,0xCF,0xFE,0x1F,0xFC,0x00,0x0F,0x3D,0xF7,0xC1,0xF0,
  0x00,0x00,0x00,0x07,0x87,0x87,0x0E,0x7E,0x1C,0x01,0xCF,0x03,
  0xCF,0x00,0x07,0xFE,0x00,0x1E,0x7B,0xEF,0x83,0xE0,0x00,0x00,
  0x00,0x0F,0x03,0x87,0x0E,0x3C,0x1C,0x01,0xCF,0x03,0xCF,0x00,
  0x00,0x1E,0x00,0x1E,0xF3,0xCF,0x87,0xC0,0x00,0x00,0x00,0x0F,
  0x03,0xC7,0x0E,0x3E,0x1C,0x01,0xCF,0x03,0xCF,0x00,0x00,0x1E,
  0x00,0x3C,0xF7,0xDF,0x07,0xC0,0x00,0x00,0x00,0x1E,0x01,0xC7,
  0x0E,0x1E,0x1F,0xF9,0xCF,0x03,0xCF,0xFF,0x3F,0xFE,0x00,0x79,
  0xE7,0xBE,0x0F,0x80,0x00,0x00,0x00,0x1E,0x01,0xE7,0x1E,0x0F,
  0x1F,0xF9,0xCF,0x03,0xCF,0xFF,0x3F,0xFC,0x00,0x7B,0xCF,0xFE,
  0x1F,0x00,0x00,0x00,0x00,0x3C,0x00,0xE7,0x0E,0x07,0x9F,0xF9,
  0xCF,0x01,0xCF,0xFF,0x3F,0xF8,0x00,0xF3,0xDF,0xFC,0x1F,0x00,
  0x00,0x00,0x00,0x00,0x00,0x00,0x00,0x00,0x00,0x00,0x00,0x00,
  0x00,0x00,0x00,0x00,0x01,0xF7,0xBF,0xF8,0x3E,0x00,0x00,0x00,
  0x00,0x00,0x00,0x00,0x00,0x00,0x00,0x00,0x00,0x00,0x00,0x00,
  0x00,0x00,0x01,0xE7,0x3F,0xE0,0x7C,0x00,0x00,0x00,0x00,0x00,
  0x00,0x00,0x00,0x00,0x00,0x00,0x00,0x00,0x00,0x00,0x00,0x00,
  0x03,0xC0,0x00,0x00,0xF8,0x00,0xFF,0xFF,0xFF,0xFF,0xFF,0xFF,
  0xFF,0xFF,0xFF,0xFF,0xFF,0xFF,0xFF,0xFF,0xFF,0xFF,0x87,0xFF,
  0xFF,0xFF,0xF8,0x00,0xFF,0xFF,0xFF,0xFF,0xFF,0xFF,0xFF,0xFF,
  0xFF,0xFF,0xFF,0xFF,0xFF,0xFF,0xFF,0xFF,0x07,0xFF,0xFF,0xFF,
  0xF0,0x00,0xFF,0xFF,0xFF,0xFF,0xFF,0xFF,0xFF,0xFF,0xFF,0xFF,
  0xFF,0xFF,0xFF,0xFF,0xFF,0xFF,0x0F,0xFF,0xFF,0xFF,0xC0,0x00,
};
static const uint8_t logo_skw[] PROGMEM = {
  0x00,0x00,0x00,0x00,0x00,0x00,0x00,0x01,0x00,0x00,0x00,0x00,
  0x00,0x00,0x00,0x00,0x00,0x01,0xF0,0x00,0x00,0x00,0x00,0x00,
  0x00,0x00,0x00,0x00,0x00,0x00,0x00,0x00,0x00,0x00,0x00,0x00,
  0x00,0x00,0x01,0xFF,0x00,0x00,0x00,0x00,0x00,0x00,0x03,0xFC,
  0x01,0xFF,0xE0,0x00,0x3F,0xE0,0x00,0x00,0x00,0x00,0x00,0x00,
  0x00,0x00,0x00,0x00,0x00,0x00,0x3F,0xFF,0xF0,0x00,0x7F,0xFF,
  0x00,0x00,0x00,0x00,0x00,0x01,0xFF,0xF8,0x03,0xFF,0xE0,0x1F,
  0xFF,0xE0,0x00,0x00,0x00,0x00,0x00,0x00,0x00,0x00,0x00,0x00,
  0x00,0x01,0xFF,0xFF,0xFE,0x00,0x7F,0xFF,0x00,0x00,0x00,0x00,
  0x00,0x03,0xFF,0xF8,0x07,0xFF,0xE0,0x1F,0xFF,0xC0,0x00,0x00,
  0x00,0x00,0x00,0x00,0x00,0x00,0x00,0x00,0x00,0x07,0xFF,0xFF,
  0xFF,0x80,0x7F,0xFE,0x00,0x00,0x00,0x00,0x00,0x03,0xFF,0xF8,
  0x07,0xFF,0xE0,0x3F,0xFF,0xC0,0x00,0x00,0x00,0x00,0x00,0x00,
  0x00,0x00,0x00,0x00,0x00,0x1F,0xFF,0xFF,0xFF,0xC0,0xFF,0xFE,
  0x00,0x00,0x00,0x00,0x00,0x03,0xFF,0xF8,0x07,0xFF,0xE0,0x3F,
  0xFF,0xC0,0x00,0x00,0x00,0x00,0x00,0x00,0x00,0x00,0x00,0x00,
  0x00,0x3F,0xFF,0xFF,0xFF,0xE0,0xFF,0xFE,0x00,0x00,0x00,0x00,
  0x00,0x07,0xFF,0xF8,0x0F,0xFF,0xE0,0x3F,0xFF,0x80,0x00,0x00,
  0x00,0x00,0x00,0x00,0x00,0x00,0x00,0x00,0x00,0x7F,0xFF,0xFF,
  0xFF,0xF0,0xFF,0xFC,0x00,0x00,0x00,0x00,0x00,0x07,0xFF,0xF8,
  0x0F,0xFF,0xE0,0x7F,0xFF,0x80,0x00,0x00,0x00,0x00,0x00,0x00,
  0x00,0x00,0x03,0xE0,0x00,0xFF,0xFF,0xFF,0xFF,0xF0,0xFF,0xFC,
  0x00,0x00,0x00,0x00,0x00,0x07,0xFF,0xF0,0x1F,0xFF,0xE0,0x7F,
  0xFF,0x00,0x00,0x00,0x00,0x00,0x00,0x00,0x00,0x01,0xFF,0xE0,
  0x01,0xFF,0xFF,0x07,0xFF,0xF1,0xFF,0xFC,0x00,0x00,0x00,0x00,
  0x00,0x07,0xFF,0xF0,0x1F,0xFF,0xE0,0x7F,0xFF,0x00,0x00,0x00,
  0x00,0x00,0x00,0x00,0x00,0x1F,0xFF,0xC0,0x01,0xFF,0xFC,0x03,
  0xFF,0xF1,0xFF,0xFC,0x00,0x00,0x00,0x00,0x00,0x07,0xFF,0xF0,
  0x3F,0xFF,0xC0,0xFF,0xFE,0x00,0x00,0x00,0x00,0x00,0x00,0x00,
  0x00,0x1F,0xFF,0xC0,0x03,0xFF,0xF8,0x03,0xFF,0xF1,0xFF,0xF8,
  0x00,0x00,0x00,0x00,0x00,0x07,0xFF,0xF0,0x3F,0xFF,0xC0,0xFF,
  0xFE,0x00,0x00,0x00,0x00,0x00,0x00,0x00,0x00,0x1F,0xFF,0xC0,
  0x03,0xFF,0xF8,0x03,0xFF,0xF3,0xFF,0xF8,0x00,0x00,0x00,0x00,
  0x00,0x07,0xFF,0xF0,0x7F,0xFF,0xC1,0xFF,0xFE,0x00,0x00,0x00,
  0x00,0x00,0x00,0x00,0x00,0x1F,0xFF,0xC0,0x07,0xFF,0xF8,0x03,
  0xFF,0xE3,0xFF,0xF8,0x00,0x00,0x00,0x00,0x00,0x0F,0xFF,0xF0,
  0x7F,0xFF,0xC1,0xFF,0xFC,0x00,0x00,0x00,0x00,0x00,0x00,0x00,
  0x00,0x1F,0xFF,0x80,0x07,0xFF,0xF8,0x03,0xF8,0x03,0xFF,0xF0,
  0x00,0x00,0x00,0x00,0x00,0x04,0x3F,0xF0,0xFF,0xFF,0xC1,0xFF,
  0xFC,0x00,0x7F,0x00,0x00,0x00,0x1F,0xC0,0x00,0x3F,0xFF,0x80,
  0x07,0xFF,0xFC,0x02,0x00,0x03,0xFF,0xF0,0x00,0x03,0xFF,0x80,
  0x00,0x03,0xBF,0xE0,0xFF,0xFF,0xC3,0xFF,0xF8,0x0F,0xFF,0xF8,
  0x00,0x07,0xFF,0xFF,0x01,0xFF,0xFF,0xF8,0x0F,0xFF,0xFF,0x00,
  0x00,0x07,0xFF,0xF0,0x3F,0xFF,0xFF,0x80,0x03,0xFF,0x7F,0xE0,
  0xFF,0xFF,0xC3,0xFF,0xF8,0x7F,0xFF,0xFE,0x00,0x1F,0xFF,0xFF,
  0xC1,0xFF,0xFF,0xF8,0x0F,0xFF,0xFF,0xC0,0x00,0x07,0xFF,0xF0,
  0x7F,0xFF,0xFF,0x80,0x3F,0xFF,0x7F,0xE1,0xFF,0xFF,0xC3,0xFF,
  0xF0,0xFF,0xFF,0xFF,0x80,0x3F,0xFF,0xFF,0xF1,0xFF,0xFF,0xF8,
  0x0F,0xFF,0xFF,0xF8,0x00,0x07,0xFF,0xE0,0xFF,0xFF,0xFF,0x80,
  0x7F,0xFE,0xFF,0xE1,0xFF,0xFF,0x87,0xFF,0xF3,0xFF,0xFF,0xFF,
  0xC0,0xFF,0xFF,0xFF,0xF1,0xFF,0xFF,0xF0,0x0F,0xFF,0xFF,0xFF,
  0x00,0x07,0xFF,0xE1,0xFF,0xFF,0xFF,0x80,0x7F,0xFE,0xFF,0xE3,
  0xFF,0xFF,0x87,0xFF,0xE7,0xFF,0xFF,0xFF,0xC1,0xFF,0xFF,0xFF,
  0xFB,0xFF,0xFF,0xF0,0x07,0xFF,0xFF,0xFF,0xC0,0x0F,0xFF,0xE3,
  0xFF,0xFF,0xFF,0x80,0xFF,0xFD,0xFF,0xE3,0xFF,0xFF,0x8F,0xFF,
  0xEF,0xFF,0xFF,0xFF,0xE1,0xFF,0xF9,0xFF,0xFB,0xDF,0xFF,0xF0,
  0x07,0xFF,0xFF,0xFF,0xF0,0x0F,0xFF,0xE7,0xFF,0xEF,0xFF,0x80,
  0xFF,0xF9,0xFF,0xE7,0xFF,0xFF,0x8F,0xFF,0xEF,0xFF,0xE3,0xFF,
  0xE3,0xFF,0xE0,0xFF,0xF8,0x3F,0xFF,0x00,0x07,0xFF,0xFF,0xFF,
  0xF8,0x0F,0xFF,0xCF,0xFF,0xCF,0xFF,0x80,0xFF,0xFB,0xFF,0xC7,
  0xFF,0xFF,0x8F,0xFF,0xDF,0xFF,0x83,0xFF,0xF3,0xFF,0xE0,0x7F,
  0xF8,0x7F,0xFE,0x00,0x03,0xFF,0xFF,0xFF,0xFC,0x0F,0xFF,0xDF,
  0xFF,0x87,0xFF,0x81,0xFF,0xF7,0xFF,0xCF,0xFF,0xFF,0x9F,0xFF,
  0xDF,0xFF,0x81,0xFF,0xF7,0xFF,0xE0,0x7E,0x00,0xFF,0xFE,0x00,
  0x01,0xFF,0xFF,0xFF,0xFE,0x1F,0xFF,0xBF,0xFE,0x07,0xFF,0x81,
  0xFF,0xF7,0xFF,0xCF,0xFF,0xFF,0x9F,0xFF,0xBF,0xFF,0x03,0xFF,
  0xF7,0xFF,0xF8,0x00,0x00,0xFF,0xFE,0x00,0x00,0xFF,0xFF,0xFF,
  0xFF,0x1F,0xFF,0xFF,0xFE,0x07,0xFF,0x83,0xFF,0xEF,0xFF,0xCF,
  0xFF,0xFF,0x9F,0xFF,0xBF,0xFF,0x03,0xFF,0xF7,0xFF,0xFE,0x00,
  0x00,0xFF,0xFC,0x00,0x00,0x7F,0xFF,0xFF,0xFF,0x1F,0xFF,0xFF,
  0xFE,0x07,0xFF,0x83,0xFF,0xEF,0xFF,0xDF,0xFF,0xFF,0xBF,0xFF,
  0x7F,0xFE,0x03,0xFF,0xF7,0xFF,0xFF,0xC0,0x00,0xFF,0xFC,0x00,
  0x00,0x1F,0xFF,0xFF,0xFF,0x3F,0xFF,0xFF,0xFE,0x07,0xFF,0xC7,
  0xFF,0xCF,0xFF,0x9F,0xFF,0xFF,0x3F,0xFF,0x7F,0xFE,0x03,0xFF,
  0xF7,0xFF,0xFF,0xF8,0x01,0xFF,0xFC,0x00,0x00,0x07,0xFF,0xFF,
  0xFF,0x3F,0xFF,0xFF,0xFE,0x07,0xFF,0xC7,0xFF,0xCF,0xFF,0xBF,
  0xFB,0xFF,0x7F,0xFE,0x7F,0xFC,0x07,0xFF,0xF7,0xFF,0xFF,0xFE,
  0x01,0xFF,0xFC,0x00,0x00,0x00,0xFF,0xFF,0xFF,0x3F,0xFF,0xFF,
  0xFE,0x07,0xFF,0xC7,0xFF,0x8F,0xFF,0xBF,0xFB,0xFF,0x7F,0xFE,
  0xFF,0xFF,0xFF,0xFF,0xE3,0xFF,0xFF,0xFF,0x81,0xFF,0xF8,0x00,
  0x00,0x00,0x1F,0xFF,0xFF,0x3F,0xFF,0xFF,0xFE,0x07,0xFF,0xCF,
  0xFF,0x9F,0xFF,0xFF,0xF3,0xFF,0x7F,0xFE,0xFF,0xFF,0xFF,0xFF,
  0xE3,0xFF,0xFF,0xFF,0xC1,0xFF,0xF8,0x00,0x00,0x00,0x07,0xFF,
  0xFF,0x3F,0xFF,0xFF,0xFF,0x03,0xFF,0xCF,0xFF,0x1F,0xFF,0xFF,
  0xF3,0xFF,0xFF,0xFC,0xFF,0xFF,0xFF,0xFF,0xE1,0xFF,0xFF,0xFF,
  0xC3,0xFF,0xF8,0x00,0x00,0x00,0x01,0xFF,0xFF,0x7F,0xFF,0xFF,
  0xFF,0x03,0xFF,0xDF,0xFE,0x1F,0xFF,0xFF,0xE7,0xFF,0xFF,0xFC,
  0xFF,0xFF,0xFF,0xFF,0x80,0xFF,0xFF,0xFF,0xE3,0xFF,0xF8,0x00,
  0x00,0x0C,0x01,0xFF,0xFF,0x7F,0xFF,0xFF,0xFF,0x03,0xFF,0xDF,
  0xFE,0x1F,0xFF,0xFF,0xE7,0xFF,0xFF,0xF9,0xFF,0xFF,0xFF,0x80,
  0x00,0x3F,0xFF,0xFF,0xE3,0xFF,0xF0,0x00,0x07,0xFC,0x00,0xFF,
  0xFF,0x7F,0xFF,0xFF,0xFF,0x03,0xFF,0xBF,0xFC,0x1F,0xFF,0xFF,
  0xC7,0xFF,0xFF,0xF9,0xFF,0xFF,0x80,0x00,0x00,0x0F,0xFF,0xFF,
  0xE3,0xFF,0xF0,0x00,0xFF,0xFC,0x00,0xFF,0xFE,0xFF,0xFF,0xFF,
  0xFF,0x03,0xFF,0xBF,0xFC,0x1F,0xFF,0xFF,0x87,0xFF,0xFF,0xF9,
  0xFF,0xF8,0x00,0x00,0x00,0x01,0xFF,0xFF,0xE7,0xFF,0xF0,0x00,
  0xFF,0xFC,0x01,0xFF,0xFE,0xFF,0xFF,0x9F,0xFF,0x83,0xFF,0xFF,
  0xF8,0x1F,0xFF,0xFF,0x87,0xFF,0xFF,0xF1,0xFF,0xF8,0x01,0xFF,
  0xC0,0x00,0x3F,0xFF,0xE7,0xFF,0xF0,0x00,0xFF,0xFC,0x01,0xFF,
  0xFC,0xFF,0xFF,0x1F,0xFF,0x83,0xFF,0xFF,0xF8,0x3F,0xFF,0xFF,
  0x07,0xFF,0xFF,0xF1,0xFF,0xF0,0x0F,0xFF,0xC0,0x1C,0x1F,0xFF,
  0xE7,0xFF,0xF0,0x00,0xFF,0xFE,0x03,0xFF,0xFC,0xFF,0xFE,0x1F,
  0xFF,0x83,0xFF,0xFF,0xF0,0x3F,0xFF,0xFF,0x07,0xFF,0xFF,0xE1,
  0xFF,0xF0,0x1F,0xFF,0xBF,0xFC,0x0F,0xFF,0xC7,0xFF,0xF8,0x00,
  0xFF,0xFF,0xFF,0xFF,0xF9,0xFF,0xFC,0x1F,0xFF,0x81,0xFF,0xFF,
  0xE0,0x3F,0xFF,0xFE,0x07,0xFF,0xFF,0xE1,0xFF,0xF0,0x3F,0xFF,
  0xBF,0xFE,0x0F,0xFF,0xC7,0xFF,0xFF,0x80,0x7F,0xFF,0xFF,0xFF,
  0xF1,0xFF,0xF8,0x1F,0xFF,0x81,0xFF,0xFF,0xE0,0x3F,0xFF,0xFE,
  0x07,0xFF,0xFF,0xC1,0xFF,0xF8,0x7F,0xFF,0x3F,0xFE,0x1F,0xFF,
  0x8F,0xFF,0xFF,0x00,0x7F,0xFF,0xFF,0xFF,0xE1,0xFF,0xF8,0x1F,
  0xFF,0x81,0xFF,0xFF,0xC0,0x3F,0xFF,0xFC,0x07,0xFF,0xFF,0xC0,
  0xFF,0xFF,0xFF,0xFE,0x3F,0xFF,0xFF,0xFF,0x87,0xFF,0xFF,0x00,
  0x3F,0xFF,0xFF,0xFF,0xC1,0xFF,0xF8,0x1F,0xFF,0xC1,0xFF,0xFF,
  0xC0,0x3F,0xFF,0xFC,0x07,0xFF,0xFF,0xC0,0xFF,0xFF,0xFF,0xFC,
  0x3F,0xFF,0xFF,0xFF,0x07,0xFF,0xFF,0x00,0x3F,0xFF,0xFF,0xFF,
  0x83,0xFF,0xF8,0x1F,0xFF,0xC1,0xFF,0xFF,0x80,0x7F,0xFF,0xF8,
  0x0F,0xFF,0xFF,0x80,0x7F,0xFF,0xFF,0xF8,0x1F,0xFF,0xFF,0xFE,
  0x07,0xFF,0xFF,0x00,0x0F,0xFF,0xFF,0xFE,0x03,0xFF,0xF0,0x1F,
  0xFF,0xC1,0xFF,0xFF,0x80,0x7F,0xFF,0xF8,0x0F,0xFF,0xFF,0x80,
  0x3F,0xFF,0xFF,0xF0,0x0F,0xFF,0xFF,0xF8,0x03,0xFF,0xFE,0x00,
  0x07,0xFF,0xFF,0xF8,0x03,0xFF,0xF0,0x1F,0xFF,0xC1,0xFF,0xFF,
  0x00,0x7F,0xFF,0xF0,0x0F,0xFF,0xFF,0x00,0x0F,0xFF,0xFF,0xC0,
  0x07,0xFF,0xFF,0xE0,0x01,0xFF,0xFE,0x00,0x00,0xFF,0xFF,0xC0,
  0x03,0xFF,0xE0,0x0F,0xFF,0xC1,0xFF,0xFF,0x00,0x00,0x00,0x00,
  0x00,0x00,0x00,0x00,0x03,0xFF,0xFC,0x00,0x01,0xFF,0xFF,0x00,
  0x00,0x3F,0xE0,0x00,0x00,0x00,0x00,0x00,0x00,0x00,0x00,0x00,
  0x00,0x01,0xFF,0xFE,0x00,0x00,0x00,0x00,0x00,0x00,0x00,0x00,
  0x00,0x00,0x00,0x00,0x00,0x00,0x00,0x00,0x00,0x00,0x00,0x00,
  0x00,0x00,0x00,0x00,0x00,0x00,0x00,0x00,0x00,0x01,0xFF,0xFE,
  0x00,0x00,0x00,0x00,0x00,0x00,0x00,0x00,0x00,0x00,0x00,0x00,
  0x00,0x00,0x00,0x00,0x00,0x00,0x00,0x00,0x00,0x00,0x00,0x00,
  0x00,0x00,0x00,0x00,0x00,0x03,0xFF,0xFC,0x00,0x00,0x00,0x00,
  0x00,0x00,0x00,0x00,0x00,0x00,0x00,0x00,0x00,0x00,0x00,0x00,
  0x00,0x00,0x00,0x00,0x00,0x00,0x00,0x00,0x00,0x00,0x00,0x00,
  0x01,0xFF,0xFF,0xF8,0x00,0x00,0x00,0x00,0x00,0x00,0x00,0x00,
  0x00,0x00,0x00,0x00,0x00,0x00,0x00,0x00,0x00,0x00,0x00,0x00,
  0x00,0x00,0x00,0x00,0x00,0x00,0x00,0x00,0x03,0xFF,0xFF,0xF8,
  0x00,0x0C,0x00,0x07,0x00,0x07,0xE0,0x00,0x70,0x00,0x0E,0x00,
  0x0C,0x38,0x00,0x3F,0x80,0x01,0xF0,0x00,0x00,0x00,0x00,0x00,
  0x00,0x00,0x00,0x00,0x03,0xFF,0xFF,0xF0,0x00,0x0E,0x00,0x06,
  0x00,0x06,0x30,0x00,0x60,0x00,0x0C,0x00,0x0E,0x10,0x00,0x30,
  0x80,0x03,0x10,0x00,0x00,0x00,0x00,0x00,0x00,0x00,0x00,0x00,
  0x03,0xFF,0xFF,0xF0,0x00,0x16,0x00,0x06,0x00,0x06,0x30,0x00,
  0x60,0x00,0x0C,0x00,0x0E,0x10,0x00,0x30,0x00,0x06,0x00,0x00,
  0x00,0x00,0x00,0x00,0x00,0x00,0x00,0x00,0x07,0xFF,0xFF,0xE0,
  0x00,0x36,0x00,0x06,0x00,0x04,0x60,0x00,0x60,0x00,0x08,0x00,
  0x1B,0x30,0x00,0x32,0x00,0x03,0x80,0x00,0x00,0x00,0x00,0x00,
  0x00,0x00,0x00,0x00,0x07,0xFF,0xFF,0xC0,0x00,0x36,0x00,0x06,
  0x00,0x0F,0xC0,0x00,0x60,0x00,0x18,0x00,0x19,0xA0,0x00,0x3E,
  0x00,0x01,0xC0,0x00,0x00,0x00,0x00,0x00,0x00,0x00,0x00,0x00,
  0x0F,0xFF,0xFF,0x80,0x00,0x7F,0x00,0x04,0x00,0x0D,0x80,0x00,
  0x40,0x00,0x18,0x00,0x11,0xA0,0x00,0x20,0x00,0x00,0x60,0x00,
  0x00,0x00,0x00,0x00,0x00,0x00,0x00,0x00,0x0F,0xFF,0xFF,0x00,
  0x00,0x43,0x00,0x0C,0x00,0x0C,0xC0,0x00,0xC0,0x00,0x18,0x00,
  0x10,0xE0,0x00,0x60,0x00,0x00,0x30,0x00,0x00,0x00,0x00,0x00,
  0x00,0x00,0x00,0x00,0x1F,0xFF,0xFC,0x00,0x00,0xC3,0x00,0x0C,
  0x00,0x0C,0xE0,0x00,0xC6,0x00,0x18,0x00,0x10,0x60,0x00,0x63,
  0x00,0x0C,0x60,0x00,0x00,0x00,0x00,0x00,0x00,0x00,0x00,0x00,
  0x1F,0xFF,0xE0,0x00,0x01,0xC3,0x80,0x0C,0x00,0x1C,0x60,0x00,
  0xFE,0x00,0x38,0x00,0x30,0x60,0x00,0x7F,0x00,0x0F,0xC0,0x00,
};
static const uint8_t logo_swa[] PROGMEM = {
  0x00,0x00,0x00,0x00,0x00,0x00,0x00,0x00,0x00,0x00,0x00,0x00,
  0x00,0x00,0x00,0x3F,0xF0,0x00,0x00,0x00,0x00,0x00,0x00,0x00,
  0x00,0x00,0x00,0x00,0x00,0x00,0x00,0x00,0x00,0x00,0x00,0x00,
  0x00,0x00,0x00,0x00,0x00,0x00,0x00,0x00,0x00,0x00,0x00,0x00,
  0x00,0x00,0x00,0x00,0x00,0x00,0x00,0x3F,0xF0,0x00,0x00,0x00,
  0x00,0x00,0x00,0x00,0x00,0x00,0x00,0x00,0x00,0x00,0x00,0x00,
  0x00,0x00,0x0F,0x80,0x00,0x00,0x00,0x00,0x00,0x07,0xFC,0x00,
  0x00,0x00,0x00,0x00,0x00,0x00,0x00,0x00,0x00,0x00,0x00,0x3F,
  0xF0,0x00,0x00,0x00,0x00,0x00,0x00,0x00,0x00,0x00,0x00,0x00,
  0x00,0x00,0x00,0x00,0x00,0x00,0x18,0x40,0x00,0x00,0x00,0x00,
  0x00,0x7F,0xFF,0xE0,0x00,0x00,0x00,0x00,0x00,0x00,0x00,0x00,
  0x00,0x00,0x00,0x3F,0xF0,0x00,0x00,0x00,0x00,0x00,0x00,0x00,
  0x00,0x00,0x00,0x00,0x00,0x00,0x00,0x00,0x00,0x00,0x17,0x20,
  0x00,0x00,0x00,0x00,0x01,0xFF,0xFF,0xFC,0x00,0x00,0x00,0x00,
  0x00,0x00,0x00,0x00,0x00,0x00,0x00,0x3F,0xF0,0x00,0x00,0x00,
  0x00,0x00,0x00,0x00,0x00,0x00,0x00,0x00,0x00,0x00,0x00,0x00,
  0x00,0x00,0x24,0xA0,0x00,0x00,0x00,0x00,0x03,0xFF,0xFF,0xFE,
  0x00,0x00,0x00,0x00,0x00,0x00,0x00,0x00,0x00,0x00,0x00,0x3F,
  0xF0,0x00,0x00,0x00,0x00,0x00,0x00,0x00,0x00,0x00,0x00,0x00,
  0x00,0x00,0x00,0x00,0x00,0x00,0x27,0x20,0x00,0x00,0x00,0x00,
  0x0F,0xFF,0xFF,0xFE,0x00,0x00,0x00,0x00,0x00,0x00,0x00,0x00,
  0x00,0x00,0x00,0x3F,0xF0,0x00,0x00,0x00,0x00,0x00,0x00,0x00,
  0x00,0x00,0x00,0x00,0x00,0x00,0x00,0x00,0x00,0x00,0x25,0x20,
  0x00,0x00,0x00,0x00,0x1F,0xFF,0xFF,0xFC,0x00,0x00,0x00,0x00,
  0x00,0x00,0x00,0x00,0x01,0xFF,0x80,0x3F,0xF0,0x00,0x00,0x00,
  0x00,0x00,0x00,0x00,0x00,0x00,0x00,0x00,0x00,0x00,0x00,0x00,
  0x07,0xFC,0x10,0x20,0x00,0x00,0x00,0x00,0x3F,0xFF,0xFF,0xFC,
  0x00,0x00,0x00,0x00,0x00,0x00,0x00,0x00,0x01,0xFF,0x80,0x3F,
  0xF0,0x00,0x00,0x00,0x00,0x00,0x00,0x00,0x00,0x00,0x00,0x00,
  0x00,0x00,0x00,0x00,0x07,0xFC,0x08,0xC0,0x00,0x00,0x00,0x00,
  0x3F,0xFF,0xFF,0xFC,0x00,0x00,0x00,0x00,0x00,0x00,0x00,0x00,
  0x01,0xFF,0x80,0x3F,0xF0,0x00,0x00,0x00,0x00,0x00,0x00,0x00,
  0x00,0x00,0x00,0x00,0x00,0x00,0x00,0x00,0x07,0xFC,0x07,0x80,
  0x00,0x00,0x00,0x00,0x7F,0xFF,0xFF,0xFC,0x00,0x00,0x00,0x00,
  0x00,0x00,0x00,0x00,0x01,0xFF,0x80,0x3F,0xF0,0x00,0x00,0x00,
  0x00,0x00,0x00,0x00,0x00,0x00,0x00,0x00,0x00,0x00,0x00,0x00,
  0x07,0xFC,0x00,0x00,0x00,0x00,0x00,0x00,0x7F,0xFF,0xFF,0xF8,
  0x00,0x00,0x00,0x00,0x00,0x00,0x00,0x00,0x01,0xFF,0x80,0x3F,
  0xF0,0x00,0x00,0x00,0x00,0x00,0x00,0x00,0x00,0x00,0x00,0x00,
  0x00,0x00,0x00,0x00,0x07,0xFC,0x00,0x00,0x00,0x00,0x00,0x00,
  0x7F,0xF8,0x00,0xF8,0x00,0x00,0x00,0x00,0x00,0x00,0x00,0x00,
  0x01,0xFF,0x80,0x3F,0xF0,0x00,0x00,0x00,0x00,0x00,0x00,0x00,
  0x00,0x00,0x00,0x00,0x00,0x00,0x00,0x00,0x07,0xFC,0x00,0x00,
  0x00,0x00,0x00,0x00,0xFF,0xF0,0x00,0x18,0x00,0x00,0x00,0x00,
  0x00,0x00,0x00,0x00,0x01,0xFF,0x80,0x3F,0xF0,0x00,0x00,0x00,
  0x00,0x00,0x00,0x00,0x00,0x00,0x00,0x00,0x00,0x00,0x00,0x00,
  0x07,0xFC,0x00,0x00,0xFF,0x00,0x7F,0x80,0xFF,0xE0,0x00,0x00,
  0x00,0x07,0xFC,0x00,0x00,0x00,0x00,0x00,0x01,0xFF,0x80,0x3F,
  0xF0,0xFF,0x00,0x00,0x00,0x00,0x00,0x00,0x00,0x00,0x07,0xF8,
  0x00,0x00,0x3F,0xF0,0x07,0xFC,0x00,0x03,0xFF,0xE3,0xFF,0xE0,
  0xFF,0xE0,0x00,0x00,0x00,0x3F,0xFF,0x80,0x0F,0xF8,0x00,0xFF,
  0x9F,0xFF,0xFF,0x3F,0xF7,0xFF,0xC1,0xFF,0x80,0x07,0xF8,0x00,
  0xFF,0xE0,0x3F,0xFF,0x00,0x01,0xFF,0xFF,0x3F,0xFF,0xFC,0x07,
  0xFF,0xFF,0xFF,0xF0,0xFF,0xE0,0x00,0x00,0x00,0xFF,0xFF,0xE0,
  0x0F,0xF8,0x01,0xFF,0x9F,0xFF,0xFF,0x3F,0xFF,0xFF,0xF1,0xFF,
  0xC0,0x0F,0xF8,0x00,0xFF,0xC0,0xFF,0xFF,0xC0,0x07,0xFF,0xFF,
  0x3F,0xFF,0xFC,0x1F,0xFF,0xFF,0xFF,0xFC,0xFF,0xF0,0x00,0x00,
  0x03,0xFF,0xFF,0xF0,0x0F,0xF8,0x01,0xFF,0x9F,0xFF,0xFF,0x3F,
  0xFF,0xFF,0xF8,0xFF,0xC0,0x0F,0xF8,0x00,0xFF,0xC3,0xFF,0xFF,
  0xE0,0x0F,0xFF,0xFF,0x3F,0xFF,0xFC,0x1F,0xFF,0xFF,0xFF,0xFC,
  0xFF,0xFC,0x00,0x00,0x07,0xFF,0xFF,0xF8,0x0F,0xF8,0x01,0xFF,
  0x9F,0xFF,0xFF,0x3F,0xFF,0xFF,0xFC,0xFF,0xC0,0x0F,0xFC,0x01,
  0xFF,0xC7,0xFF,0xFF,0xF0,0x1F,0xFF,0xFF,0x3F,0xFF,0xFC,0x3F,
  0xFF,0xFF,0xFF,0xFE,0x7F,0xFF,0x80,0x00,0x0F,0xFF,0xFF,0xFC,
  0x0F,0xF8,0x01,0xFF,0x9F,0xFF,0xFF,0x3F,0xFF,0xFF,0xFC,0xFF,
  0xE0,0x1F,0xFC,0x01,0xFF,0x8F,0xFF,0xFF,0xF8,0x3F,0xFF,0xFF,
  0x3F,0xFF,0xFC,0x3F,0xFF,0xFF,0xFF,0xFE,0x7F,0xFF,0xF0,0x00,
  0x1F,0xFF,0xFF,0xFE,0x0F,0xF8,0x01,0xFF,0x9F,0xFF,0xFF,0x3F,
  0xFF,0xFF,0xFE,0x7F,0xE0,0x1F,0xFC,0x01,0xFF,0x8F,0xFF,0xFF,
  0xFC,0x3F,0xFF,0xFF,0x3F,0xFF,0xFC,0x7F,0xFF,0xFF,0xFF,0xFF,
  0x3F,0xFF,0xFE,0x00,0x1F,0xFF,0xFF,0xFF,0x0F,0xF8,0x01,0xFF,
  0x9F,0xFF,0xFF,0x3F,0xFF,0xFF,0xFE,0x7F,0xE0,0x3F,0xFE,0x03,
  0xFF,0x1F,0xFF,0xFF,0xFC,0x7F,0xFF,0xFE,0x3F,0xFF,0xFC,0x7F,
  0xFF,0xFF,0xFF,0xFF,0x3F,0xFF,0xFF,0xC0,0x3F,0xFF,0xFF,0xFF,
  0x0F,0xF8,0x01,0xFF,0x9F,0xFF,0xFF,0x3F,0xFF,0xFF,0xFE,0x7F,
  0xF0,0x3F,0xFE,0x03,0xFF,0x3F,0xFC,0x0F,0xFE,0x7F,0xF0,0x1E,
  0x3F,0xFF,0xFC,0x7F,0xFF,0xFF,0xFF,0xFF,0x1F,0xFF,0xFF,0xE0,
  0x3F,0xFC,0x0F,0xFF,0x8F,0xF8,0x01,0xFF,0x81,0xFF,0x80,0x3F,
  0xFE,0x0F,0xFE,0x3F,0xF0,0x3F,0xFE,0x03,0xFF,0x3F,0xF0,0x07,
  0xFE,0x7F,0xE0,0x02,0x0F,0xFE,0x00,0x7F,0xFF,0xFF,0xFF,0xFF,
  0x0F,0xFF,0xFF,0xF8,0x7F,0xF8,0x03,0xFF,0x8F,0xF8,0x01,0xFF,
  0x81,0xFF,0x80,0x3F,0xF8,0x07,0xFF,0x3F,0xF0,0x7F,0xFF,0x07,
  0xFE,0x3F,0xF0,0x03,0xFE,0x7F,0xE0,0x00,0x07,0xFC,0x00,0x7F,
  0xFF,0xFF,0xFF,0xFF,0x03,0xFF,0xFF,0xF8,0x7F,0xF0,0x01,0xFF,
  0xCF,0xF8,0x01,0xFF,0x81,0xFF,0x80,0x3F,0xF0,0x03,0xFF,0x3F,
  0xF0,0x7F,0xFF,0x07,0xFE,0x7F,0xE0,0x03,0xFE,0x7F,0xF0,0x00,
  0x07,0xFC,0x00,0x7F,0xFF,0xFF,0xFF,0xFF,0x01,0xFF,0xFF,0xFC,
  0x7F,0xE0,0x01,0xFF,0xCF,0xF8,0x01,0xFF,0x81,0xFF,0x80,0x3F,
  0xF0,0x03,0xFF,0x1F,0xF8,0x7F,0xFF,0x07,0xFE,0x7F,0xE0,0x03,
  0xFF,0x7F,0xFC,0x00,0x07,0xFC,0x00,0x7F,0xFF,0xFF,0xFF,0xFF,
  0x00,0x3F,0xFF,0xFE,0x7F,0xE0,0x00,0xFF,0xCF,0xF8,0x01,0xFF,
  0x81,0xFF,0x80,0x3F,0xF0,0x03,0xFF,0x1F,0xF8,0xFF,0xFF,0x8F,
  0xFC,0x7F,0xFF,0xFF,0xFF,0x7F,0xFF,0x80,0x07,0xFC,0x00,0x7F,
  0xFF,0xFF,0xFF,0xFF,0x00,0x07,0xFF,0xFE,0xFF,0xC0,0x00,0xFF,
  0xCF,0xF8,0x01,0xFF,0x81,0xFF,0x80,0x3F,0xF0,0x03,0xFF,0x0F,
  0xF8,0xFF,0xFF,0x8F,0xFC,0x7F,0xFF,0xFF,0xFF,0x3F,0xFF,0xF0,
  0x07,0xFC,0x00,0x7F,0xFF,0xFF,0xFF,0xFF,0x00,0x00,0xFF,0xFE,
  0xFF,0xC0,0x00,0xFF,0xCF,0xF8,0x01,0xFF,0x81,0xFF,0x80,0x3F,
  0xF0,0x03,0xFF,0x0F,0xFC,0xFF,0xFF,0x8F,0xF8,0x7F,0xFF,0xFF,
  0xFF,0x3F,0xFF,0xFC,0x07,0xFC,0x00,0x7F,0xFF,0xFF,0xFF,0xFE,
  0x00,0x00,0x1F,0xFF,0xFF,0xC0,0x00,0xFF,0xCF,0xF8,0x01,0xFF,
  0x81,0xFF,0x80,0x3F,0xF0,0x03,0xFF,0x0F,0xFD,0xFF,0xFF,0xDF,
  0xF8,0x7F,0xFF,0xFF,0xFF,0x1F,0xFF,0xFE,0x07,0xFC,0x00,0x7F,
  0xFF,0xFF,0xFF,0xFE,0x00,0x00,0x0F,0xFF,0xFF,0xC0,0x00,0xFF,
  0xCF,0xF8,0x01,0xFF,0x81,0xFF,0x80,0x3F,0xF0,0x03,0xFF,0x07,
  0xFD,0xFF,0x7F,0xDF,0xF8,0x7F,0xFF,0xFF,0xFF,0x0F,0xFF,0xFF,
  0x07,0xFC,0x00,0x3F,0xFF,0xFF,0xFF,0xFC,0x00,0x00,0x07,0xFF,
  0xFF,0xC0,0x00,0xFF,0xCF,0xF8,0x01,0xFF,0x81,0xFF,0x80,0x3F,
  0xF0,0x03,0xFF,0x07,0xFF,0xFF,0x7F,0xFF,0xF0,0x7F,0xFF,0xFF,
  0xFF,0x07,0xFF,0xFF,0x87,0xFC,0x00,0x3F,0xFF,0xFF,0xFF,0xFC,
  0x00,0x00,0x07,0xFF,0x7F,0xE0,0x00,0xFF,0xCF,0xF8,0x01,0xFF,
  0x81,0xFF,0x80,0x3F,0xF0,0x03,0xFF,0x07,0xFF,0xFE,0x7F,0xFF,
  0xF0,0x7F,0xFF,0xFF,0xFF,0x01,0xFF,0xFF,0x87,0xFC,0x00,0x1F,
  0xFF,0xFF,0xFF,0xF8,0x30,0x00,0x07,0xFF,0x7F,0xE0,0x01,0xFF,
  0xCF,0xF8,0x01,0xFF,0x81,0xFF,0x80,0x3F,0xF0,0x03,0xFF,0x03,
  0xFF,0xFE,0x3F,0xFF,0xE0,0x7F,0xF0,0x00,0x00,0x00,0x3F,0xFF,
  0x87,0xFC,0x00,0x1F,0xFF,0xFF,0xFF,0xF8,0x3C,0x00,0x0F,0xFE,
  0x7F,0xF0,0x01,0xFF,0x8F,0xFC,0x01,0xFF,0x81,0xFF,0x80,0x3F,
  0xF0,0x03,0xFF,0x03,0xFF,0xFE,0x3F,0xFF,0xE0,0x7F,0xF0,0x00,
  0x00,0x00,0x07,0xFF,0x87,0xFC,0x00,0x0F,0xFF,0xFF,0xFF,0xF0,
  0x3F,0x80,0x1F,0xFE,0x7F,0xF8,0x03,0xFF,0x8F,0xFC,0x01,0xFF,
  0x81,0xFF,0x80,0x3F,0xF0,0x03,0xFF,0x03,0xFF,0xFC,0x3F,0xFF,
  0xE0,0x7F,0xF0,0x00,0x00,0x00,0x01,0xFF,0x87,0xFE,0x00,0x07,
  0xFF,0xFF,0xFF,0xE0,0x7F,0xFF,0xFF,0xFE,0x3F,0xFE,0x0F,0xFF,
  0x8F,0xFE,0x01,0xFF,0x81,0xFF,0x80,0x3F,0xF0,0x03,0xFF,0x01,
  0xFF,0xFC,0x1F,0xFF,0xC0,0x3F,0xFC,0x00,0x30,0x00,0x01,0xFF,
  0x87,0xFE,0x00,0x07,0xFF,0xFF,0xFF,0xE0,0x7F,0xFF,0xFF,0xFC,
  0x3F,0xFF,0xFF,0xFF,0x0F,0xFF,0xFF,0xFF,0x81,0xFF,0xE3,0x3F,
  0xF0,0x03,0xFF,0x01,0xFF,0xFC,0x1F,0xFF,0xC0,0x3F,0xFF,0x87,
  0xF0,0x3E,0x01,0xFF,0x87,0xFF,0x9C,0x03,0xFF,0xFF,0xFF,0xC0,
  0x7F,0xFF,0xFF,0xFC,0x1F,0xFF,0xFF,0xFF,0x0F,0xFF,0xFF,0xFF,
  0x81,0xFF,0xFF,0x3F,0xF0,0x03,0xFF,0x01,0xFF,0xF8,0x1F,0xFF,
  0xC0,0x1F,0xFF,0xFF,0xF8,0x3F,0xFF,0xFF,0x87,0xFF,0xFC,0x01,
  0xFF,0xFF,0xFF,0x80,0xFF,0xFF,0xFF,0xF8,0x0F,0xFF,0xFF,0xFE,
  0x07,0xFF,0xFF,0xFF,0x81,0xFF,0xFF,0x3F,0xF0,0x03,0xFF,0x00,
  0xFF,0xF8,0x0F,0xFF,0x80,0x1F,0xFF,0xFF,0xF8,0x3F,0xFF,0xFF,
  0x87,0xFF,0xFC,0x00,0xFF,0xFF,0xFF,0x00,0xFF,0xFF,0xFF,0xF0,
  0x0F,0xFF,0xFF,0xFC,0x07,0xFF,0xFF,0xFF,0x80,0xFF,0xFF,0x3F,
  0xF0,0x03,0xFF,0x00,0xFF,0xF8,0x0F,0xFF,0x80,0x0F,0xFF,0xFF,
  0xF8,0x7F,0xFF,0xFF,0x03,0xFF,0xFC,0x00,0x7F,0xFF,0xFE,0x00,
  0xFF,0xFF,0xFF,0xE0,0x07,0xFF,0xFF,0xF8,0x03,0xFF,0xFF,0xFF,
  0x80,0xFF,0xFF,0xBF,0xF0,0x03,0xFF,0x00,0xFF,0xF0,0x0F,0xFF,
  0x00,0x07,0xFF,0xFF,0xF8,0x7F,0xFF,0xFF,0x03,0xFF,0xFC,0x00,
  0x3F,0xFF,0xFC,0x00,0xFF,0xFF,0xFF,0xC0,0x01,0xFF,0xFF,0xF0,
  0x03,0xFF,0xFF,0xFF,0x80,0x7F,0xFF,0xBF,0xF0,0x03,0xFF,0x00,
  0x7F,0xF0,0x07,0xFF,0x00,0x03,0xFF,0xFF,0xFC,0x7F,0xFF,0xFE,
  0x01,0xFF,0xFE,0x00,0x1F,0xFF,0xF8,0x00,0x1F,0xFF,0xFF,0x00,
  0x00,0xFF,0xFF,0xC0,0x00,0xFF,0xFF,0xFF,0x80,0x3F,0xFF,0x9F,
  0xF0,0x03,0xFF,0x00,0x7F,0xE0,0x07,0xFF,0x00,0x01,0xFF,0xFF,
  0xF8,0x7F,0xFF,0xFC,0x00,0xFF,0xFE,0x00,0x0F,0xFF,0xE0,0x00,
  0x03,0xFF,0xFC,0x00,0x00,0x3F,0xFF,0x00,0x00,0x7F,0xFF,0xFC,
  0x00,0x1F,0xFF,0x9F,0xF0,0x03,0xFF,0x00,0x7F,0xE0,0x07,0xFE,
  0x00,0x00,0x7F,0xFF,0xC0,0x3F,0xFF,0xF0,0x00,0x7F,0xFE,0x00,
  0x07,0xFF,0xC0,0x00,0x00,0x07,0x00,0x00,0x00,0x07,0xF8,0x00,
  0x00,0x0F,0xFF,0x80,0x00,0x03,0xFC,0x00,0x00,0x00,0x00,0x00,
  0x00,0x00,0x00,0x00,0x00,0x00,0x07,0xFC,0x00,0x07,0xFF,0x80,
  0x00,0x1F,0xF0,0x00,0x03,0xFF,0x80,0x00,0x00,0x00,0x00,0x00,
  0x00,0x00,0x00,0x00,0x00,0x00,0x00,0x00,0x00,0x00,0x00,0x00,
  0x00,0x00,0x00,0x00,0x00,0x00,0x00,0x00,0x00,0x00,0x00,0x00,
  0x00,0x00,0x00,0x00,0x00,0x00,0x00,0x00,0x00,0xFF,0x00,0x00,
  0x00,0x00,0x00,0x00,0x00,0x00,0x00,0x00,0x00,0x00,0x00,0x00,
  0x00,0x00,0x00,0x00,0x00,0x00,0x00,0x00,0x00,0x00,0x00,0x00,
  0x00,0x00,0x00,0x00,0x00,0x00,0x00,0x00,0x00,0x00,0x00,0x00,
  0x00,0x7C,0x00,0x00,0x00,0x00,0x00,0x00,0x00,0x00,0x00,0x00,
  0x00,0x00,0x00,0x00,0x00,0x00,0x00,0x00,0x00,0x00,0x00,0x00,
  0x00,0x00,0x00,0x00,0x00,0x00,0x00,0x00,0x00,0x00,0x00,0x00,
  0x00,0x00,0x00,0x00,0x00,0x38,0x00,0x00,
};
static const uint8_t logo_tht[] PROGMEM = {
  0x00,0x00,0x00,0x00,0x00,0x00,0x00,0x00,0x00,0x00,0x00,0x00,
  0x00,0x00,0x00,0x00,0x00,0x00,0x00,0x00,0x00,0x00,0x00,0x00,
  0x00,0x00,0x00,0x00,0x00,0x00,0x00,0x00,0x00,0x00,0x00,0x00,
  0x00,0x00,0x00,0x00,0x00,0x00,0x00,0x00,0x00,0x00,0x00,0x80,
  0x00,0x00,0x00,0x00,0x00,0x00,0x00,0x00,0x00,0x00,0x00,0x00,
  0x00,0x00,0x00,0x00,0x00,0x00,0x00,0x00,0x00,0x00,0x00,0x01,
  0x04,0x00,0x00,0x00,0x00,0x00,0x00,0x00,0x00,0x00,0x00,0x00,
  0x00,0x00,0x00,0x00,0x00,0x00,0x00,0x00,0x00,0x00,0x00,0x00,
  0x03,0x04,0x00,0x00,0x00,0x00,0x00,0x00,0x00,0x00,0x00,0x00,
  0x00,0x00,0x00,0x00,0x00,0x00,0x00,0x00,0x00,0x00,0x00,0x00,
  0x00,0x02,0x06,0x00,0x00,0x00,0x00,0x00,0x00,0x00,0x00,0x00,
  0x00,0x00,0x00,0x00,0x00,0x00,0x00,0x00,0x00,0x00,0x00,0x00,
  0x00,0x00,0x02,0x06,0x00,0x00,0x00,0x00,0x00,0x00,0x00,0x00,
  0x00,0x00,0x00,0x00,0x00,0x00,0x00,0x00,0x00,0x00,0x00,0x00,
  0x00,0x00,0x00,0x06,0x06,0x00,0x00,0x00,0x00,0x00,0x00,0x00,
  0x00,0x00,0x00,0x00,0x00,0x00,0x00,0x00,0x00,0x00,0x00,0x00,
  0x00,0x00,0x00,0x00,0x06,0x06,0x00,0x00,0x00,0x00,0x00,0x00,
  0x00,0x00,0x00,0x00,0x00,0x00,0x00,0x00,0x00,0x00,0x00,0x00,
  0x00,0x00,0x00,0x04,0x00,0x06,0x06,0x00,0x00,0x00,0x00,0x00,
  0x00,0x00,0x00,0x00,0x00,0x00,0x00,0x00,0x00,0x00,0x00,0x00,
  0x00,0x00,0x00,0x00,0x04,0x00,0x06,0x06,0x00,0x00,0x00,0x00,
  0x00,0x00,0x00,0x00,0x00,0x00,0x00,0x00,0x00,0x00,0x00,0x00,
  0x00,0x00,0x00,0x00,0x00,0x04,0x01,0x06,0x04,0x00,0x00,0x00,
  0x00,0x00,0x00,0x00,0x00,0x00,0x00,0x00,0x00,0x00,0x00,0x00,
  0x00,0x00,0x00,0x00,0x00,0x00,0x06,0x00,0x86,0x04,0x00,0x00,
  0x00,0x00,0x00,0x00,0x00,0x00,0x00,0x00,0x00,0x00,0x00,0x00,
  0x00,0x00,0x00,0x00,0x00,0x00,0x00,0x02,0x00,0x86,0x04,0x00,
  0x00,0x00,0x00,0x00,0x00,0x00,0x00,0x00,0x00,0x00,0x00,0x00,
  0x00,0x00,0x00,0x00,0x00,0x00,0x00,0x00,0x03,0x00,0x46,0x04,
  0x07,0xFC,0x00,0x00,0x00,0x00,0x00,0x00,0x00,0x00,0x00,0x00,
  0x00,0x00,0x00,0x00,0x00,0x00,0x00,0x00,0x00,0x01,0x80,0x26,
  0x00,0x1F,0xC0,0x00,0x00,0x00,0x00,0x00,0x00,0x00,0x00,0x00,
  0x00,0x00,0x00,0x00,0x00,0x00,0x00,0x00,0x00,0x00,0x00,0xC0,
  0x24,0x08,0x70,0x00,0x00,0x00,0x00,0x00,0x00,0x00,0x00,0x00,
  0x00,0x00,0x00,0x00,0x00,0x00,0x00,0x00,0x00,0x00,0x00,0x00,
  0x60,0x04,0x00,0xC0,0x00,0x00,0x00,0x00,0x00,0x00,0x00,0x00,
  0x00,0x00,0x00,0x00,0x00,0x00,0x00,0x00,0x00,0x00,0x00,0x00,
  0x00,0x38,0x04,0x03,0x80,0x00,0x00,0x00,0x00,0x00,0x00,0x00,
  0x00,0x00,0x00,0x00,0x00,0x00,0x00,0x00,0x00,0x00,0x00,0x00,
  0x00,0x00,0x1C,0x04,0x06,0x00,0x00,0x00,0x00,0x00,0x00,0x00,
  0x00,0x00,0x00,0x00,0x00,0x00,0x00,0x00,0x00,0x00,0x00,0x00,
  0x00,0x00,0x00,0x0E,0x04,0x0C,0x00,0x10,0x00,0x00,0x00,0x00,
  0x00,0x00,0x00,0x00,0x00,0x00,0x00,0x00,0x00,0x00,0x00,0x00,
  0x00,0x00,0x00,0x00,0x03,0x00,0x10,0x00,0x60,0x00,0x00,0x00,
  0x00,0x00,0x00,0x00,0x00,0x00,0x00,0x00,0x00,0x00,0x00,0x00,
  0x00,0x00,0x00,0x00,0x00,0x01,0x80,0x20,0x01,0x80,0x00,0x00,
  0x00,0x00,0x00,0x00,0x00,0x00,0x00,0x00,0x00,0x00,0x00,0x00,
  0x00,0x00,0x00,0x00,0x00,0x3F,0xF0,0xC0,0x40,0x06,0x00,0x00,
  0x00,0x00,0x00,0x00,0x00,0x00,0x00,0x00,0x00,0x00,0x00,0x00,
  0x00,0x00,0x00,0x00,0x00,0x00,0xF0,0x0E,0x20,0x00,0x18,0x00,
  0x00,0x00,0x00,0x00,0x00,0x00,0x00,0x00,0x00,0x00,0x00,0x00,
  0x00,0x00,0x00,0x00,0x00,0x00,0x01,0x80,0x00,0x12,0x00,0x00,
  0x00,0x00,0x00,0x00,0x00,0x00,0x00,0x00,0x00,0x00,0x00,0x00,
  0x00,0x00,0x00,0x00,0x00,0x00,0x00,0x00,0x00,0x00,0x01,0x00,
  0x00,0x00,0x00,0x00,0x00,0x00,0x00,0x00,0x00,0x00,0x00,0x00,
  0x00,0x00,0x00,0x00,0x00,0x00,0x00,0x00,0x00,0x00,0x00,0x00,
  0x1E,0x00,0x00,0x00,0x00,0x00,0x00,0x00,0x00,0x00,0x00,0x00,
  0x00,0x00,0x00,0x00,0x00,0x00,0x00,0x00,0x00,0x00,0x00,0x00,
  0x00,0x03,0xE0,0x00,0x00,0x00,0x00,0x00,0x00,0x00,0x00,0x00,
  0x00,0x03,0xE0,0x00,0xFC,0x00,0x01,0xF0,0x00,0x00,0x00,0x00,
  0x00,0x7C,0x00,0x7C,0x00,0x00,0x3E,0x00,0xF0,0x00,0x7F,0xFF,
  0xF8,0x00,0x07,0xC0,0x00,0xF8,0x3E,0x01,0xF1,0xFC,0x07,0xC0,
  0x00,0x00,0x7C,0x00,0x1F,0x00,0x00,0x3E,0x00,0xE0,0x00,0x7F,
  0xFF,0xF8,0x00,0x07,0xC0,0x00,0xF8,0x3E,0x01,0xF1,0xFC,0x07,
  0xC0,0x00,0x00,0xFC,0x00,0x07,0x80,0x00,0x7E,0x00,0xE0,0x00,
  0x7F,0xFF,0xF0,0x00,0x07,0xC0,0x00,0xF8,0x3E,0x01,0xF1,0xFE,
  0x07,0xC0,0x00,0x00,0xF8,0x40,0x01,0xE0,0x00,0x7E,0x00,0x00,
  0x00,0x7F,0xFF,0xF0,0x00,0x07,0xC0,0x00,0x00,0x3E,0x00,0x01,
  0xFE,0x07,0xC0,0x00,0x00,0x00,0x40,0x00,0x70,0x00,0xEF,0x00,
  0x00,0x07,0x00,0xF8,0x00,0xE0,0x07,0xC3,0x00,0x00,0x7E,0x00,
  0x01,0xFF,0x0F,0xC0,0x00,0x00,0x00,0x20,0x00,0x30,0x00,0xE7,
  0x00,0xE1,0xDF,0x80,0xF8,0x1F,0xFE,0x07,0xDF,0xC0,0xF9,0xFF,
  0xF3,0xE1,0xFF,0x0F,0xC7,0xC1,0xF8,0xF8,0x31,0x00,0x18,0x01,
  0xC7,0x00,0xE1,0xFF,0x01,0xF8,0x1F,0xFF,0x07,0xFF,0xE0,0xF9,
  0xFF,0xF3,0xE1,0xFF,0x0F,0x87,0xC1,0xF0,0xF8,0x30,0xC0,0x08,
  0x01,0xC7,0x01,0xE1,0xF0,0x01,0xF8,0x1F,0xFF,0x0F,0xFF,0xF1,
  0xF9,0xFF,0xE3,0xE3,0xFF,0x8F,0x8F,0xC1,0xF0,0xF8,0x18,0x3C,
  0x04,0x03,0x87,0x81,0xC1,0xE0,0x01,0xF8,0x10,0x1F,0x8F,0xF7,
  0xF1,0xF0,0xFE,0x03,0xE3,0xE7,0x8F,0x8F,0x81,0xF1,0xF8,0x18,
  0x0F,0x80,0x03,0x87,0x81,0xC3,0xC0,0x01,0xF8,0x00,0x0F,0x8F,
  0xC3,0xF1,0xF0,0x7C,0x03,0xE3,0xE7,0xCF,0x8F,0x81,0xF1,0xF0,
  0x0C,0x01,0xE0,0x07,0x03,0x81,0xC3,0xC0,0x01,0xF0,0x00,0xFF,
  0x8F,0x81,0xF1,0xF0,0x7C,0x03,0xE3,0xE7,0xCF,0x8F,0x81,0xF1,
  0xF0,0x0C,0x00,0x00,0x07,0x03,0x81,0xC3,0x80,0x01,0xF0,0x1F,
  0xFF,0x8F,0x81,0xF1,0xF0,0x7C,0x07,0xE3,0xE3,0xCF,0x8F,0x81,
  0xF1,0xF0,0x04,0x00,0x00,0x0F,0xFF,0x81,0xC3,0x80,0x01,0xF0,
  0x3F,0xFF,0x8F,0x83,0xF1,0xF0,0xFC,0x07,0xC3,0xE3,0xFF,0x8F,
  0x83,0xF1,0xF0,0x06,0x00,0x00,0x0F,0xFF,0xC1,0xC3,0x80,0x03,
  0xF0,0x7F,0xFF,0x0F,0x83,0xE1,0xF0,0xF8,0x07,0xC3,0xE1,0xFF,
  0x0F,0x83,0xE1,0xF0,0x02,0x00,0x00,0x1F,0xFF,0xC1,0xC3,0x80,
  0x03,0xF0,0xFC,0x1F,0x1F,0x83,0xE3,0xF0,0xF8,0x07,0xC7,0xE1,
  0xFF,0x1F,0x83,0xE1,0xF0,0x02,0x00,0x00,0x1C,0x01,0xC3,0x83,
  0x80,0x03,0xF0,0xF8,0x1F,0x1F,0x03,0xE3,0xE0,0xF8,0x07,0xC7,
  0xE1,0xFF,0x1F,0x87,0xE3,0xF0,0x02,0x00,0x00,0x38,0x01,0xC3,
  0x83,0x80,0x03,0xF0,0xF8,0x3F,0x1F,0x03,0xE3,0xE0,0xF8,0x07,
  0xC7,0xC0,0xFF,0x1F,0x8F,0xE3,0xE0,0x02,0x00,0x00,0x38,0x01,
  0xE3,0x87,0x00,0x03,0xE0,0xFE,0xFF,0x1F,0x03,0xE3,0xE0,0xFF,
  0xC7,0xC7,0xC0,0xFF,0x1F,0xFF,0xE3,0xE0,0x02,0x00,0x00,0x70,
  0x00,0xE3,0x87,0x00,0x03,0xE0,0xFF,0xFF,0x1F,0x03,0xE3,0xE0,
  0xFF,0x8F,0xC7,0xC0,0x7F,0x0F,0xFF,0xE3,0xE0,0x02,0x00,0x00,
  0xF0,0x00,0xE3,0x87,0x00,0x03,0xE0,0x7F,0xBF,0x1F,0x07,0xE3,
  0xE0,0x7F,0x8F,0x87,0xC0,0x7F,0x0F,0xF3,0xE3,0xE0,0x00,0x00,
  0x00,0xE0,0x00,0xE3,0x07,0x00,0x03,0xE0,0x3F,0x1E,0x1E,0x03,
  0xC3,0xC0,0x1F,0x87,0x87,0x80,0x3E,0x03,0xE3,0xC3,0xC0,0x04,
  0x00,0x00,0x00,0x00,0x00,0x00,0x00,0x00,0x00,0x00,0x00,0x00,
  0x00,0x00,0x00,0x00,0x00,0x00,0x00,0x00,0x00,0x00,0x00,0x00,
  0x00,0x00,0x00,0x00,0x00,0x00,0x00,0x00,0x00,0x00,0x00,0x00,
  0x00,0x00,0x00,0x00,0x00,0x00,0x00,0x00,0x00,0x00,0x00,0x00,
  0x00,0x00,0x00,0x00,0x00,0x00,0x00,0x00,0x00,0x00,0x00,0x00,
  0x00,0x00,0x00,0x00,0x00,0x00,0x00,0x00,0x00,0x00,0x00,0x00,
  0x00,0x00,0x00,0x00,0x00,0x00,0x00,0x00,0x00,0x00,0x00,0x00,
  0x00,0x00,0x00,0x00,0x00,0x00,0x00,0x00,0x00,0x00,0x00,0x00,
  0x00,0x00,0x00,0x00,0x00,0x00,0x00,0x00,0x00,0x00,0x00,0x00,
  0x00,0x00,0x00,0x00,0x00,0x00,0x00,0x00,0x00,0x00,0x00,0x00,
  0x00,0x00,0x00,0x00,0x00,0x00,0x00,0x00,0x00,0x00,0x00,0x00,
  0x00,0x00,0x00,0x00,0x00,0x00,0x00,0x00,0x00,0x00,0x00,0x00,
  0x00,0x00,0x00,0x00,0x00,0x00,0x00,0x00,0x00,0x00,0x00,0x00,
  0x00,0x00,0x00,0x00,0x00,0x00,0x00,0x00,0x00,0x00,0x00,0x00,
  0x00,0x00,0x00,0x00,0x00,0x00,0x00,0x00,0x00,0x00,0x00,0x00,
  0x00,0x00,0x00,0x00,0x00,0x00,0x00,0x00,0x00,0x00,0x1F,0xFF,
  0xFF,0xFF,0xFF,0xFF,0xFF,0xFF,0x80,0x00,0x00,0x00,0x00,0x00,
  0x00,0x00,0x00,0x00,0x00,0x00,0x00,0x7F,0xFF,0xFF,0xFF,0xFF,
  0xFF,0xFF,0xFF,0xFF,0xFF,0xFF,0xFF,0xF0,0x00,0x00,0x00,0x00,
  0x00,0x00,0x00,0x00,0x00,0x07,0xFF,0xFF,0xFF,0xFC,0x00,0x00,
  0x00,0x00,0x00,0x00,0x00,0x00,0x00,0x00,0x00,0x00,0x00,0x00,
};
static const uint8_t logo_thy[] PROGMEM = {
  0x00,0x00,0x00,0x7F,0xF8,0x00,0x00,0x00,0x00,0x00,0x00,0x00,
  0x00,0x00,0x00,0x00,0x00,0x00,0x00,0x00,0x00,0x00,0x00,0x00,
  0x00,0x00,0x00,0x00,0x00,0x07,0xFF,0xFF,0x80,0x00,0x00,0x00,
  0x00,0x00,0x00,0x00,0x00,0x00,0x00,0x00,0x00,0x00,0x00,0x00,
  0x00,0x00,0x00,0x00,0x00,0x00,0x00,0x00,0x1F,0xFF,0xFF,0xE0,
  0x00,0x00,0x00,0x00,0x00,0x00,0x00,0x00,0x00,0x00,0x00,0x00,
  0x00,0x00,0x00,0x00,0x00,0x00,0x00,0x00,0x00,0x00,0x00,0x7F,
  0xFF,0xFF,0xF8,0x00,0x00,0x00,0x00,0x00,0x00,0x00,0x00,0x00,
  0x00,0x00,0x00,0x00,0x00,0x00,0x00,0x00,0x00,0x00,0x00,0x00,
  0x00,0x01,0xFF,0xFF,0xFF,0xFE,0x00,0x00,0x00,0x00,0x00,0x00,
  0x00,0x00,0x00,0x00,0x00,0x00,0x00,0x00,0x00,0x00,0x00,0x00,
  0x00,0x00,0x00,0x00,0x07,0xFF,0xFF,0xFF,0xFF,0x80,0x00,0x00,
  0x00,0x00,0x00,0x00,0x00,0x00,0x00,0x00,0x00,0x00,0x00,0x00,
  0x01,0xC0,0x00,0x00,0x00,0x00,0x00,0x0F,0xFF,0xFF,0xFF,0xFF,
  0xC0,0x00,0x3F,0xFF,0xF8,0xFC,0x01,0xF8,0xFF,0xFC,0x01,0xF8,
  0x0F,0xE1,0xF8,0x0F,0xFE,0x0F,0xC0,0x1F,0x80,0x00,0x1F,0xFF,
  0xFF,0xFF,0xFF,0xE0,0x00,0x3F,0xFF,0xF8,0xFC,0x01,0xF8,0xFF,
  0xFF,0x01,0xF8,0x1F,0xE1,0xF8,0x1F,0xFF,0x0F,0xC0,0x1F,0x80,
  0x00,0x7F,0xFF,0xFF,0xFF,0xFF,0xF0,0x00,0x3F,0xFF,0xF8,0xFC,
  0x01,0xF8,0xFF,0xFF,0x81,0xF8,0x1F,0xC1,0xF8,0x3F,0xFF,0x0F,
  0xC0,0x1F,0x80,0x00,0xFF,0xFF,0xFF,0xFF,0xFF,0xF8,0x00,0x3F,
  0xFF,0xF8,0xFC,0x01,0xF8,0xFF,0xFF,0xC1,0xF8,0x3F,0x81,0xF8,
  0x7F,0xFF,0x0F,0xC0,0x1F,0x80,0x00,0xFF,0xFF,0xFF,0xFF,0xFF,
  0xFC,0x00,0x00,0xFE,0x00,0xFC,0x01,0xF8,0xFE,0x1F,0xC1,0xF8,
  0x7F,0x01,0xF8,0x7F,0x0F,0x0F,0xC0,0x1F,0x80,0x01,0xFF,0xFF,
  0xFF,0xFF,0xFF,0xFE,0x00,0x00,0xFC,0x00,0xFC,0x01,0xF8,0xFC,
  0x0F,0xC1,0xF8,0xFE,0x01,0xF8,0xFE,0x00,0x0F,0xC0,0x1F,0x80,
  0x03,0xFF,0xFF,0xFF,0xFF,0xFF,0xFF,0x00,0x00,0xFE,0x00,0xFC,
  0x01,0xF8,0xFC,0x0F,0xE1,0xF9,0xFC,0x01,0xF8,0xFE,0x00,0x0F,
  0xC0,0x1F,0x80,0x07,0xFF,0xFF,0xFF,0xFF,0xFF,0xFF,0x80,0x00,
  0xFE,0x00,0xFC,0x01,0xF8,0xFC,0x0F,0xE1,0xFB,0xF8,0x01,0xF8,
  0xFE,0x00,0x0F,0xC0,0x1F,0x80,0x07,0xFF,0xFF,0xFF,0xFF,0xFF,
  0xFF,0x80,0x00,0xFE,0x00,0xFC,0x01,0xF8,0xFC,0x0F,0xC1,0xFF,
  0xF0,0x01,0xF8,0x7F,0x80,0x0F,0xE0,0x3F,0x80,0x0F,0xFF,0xFF,
  0xFF,0xFF,0xFF,0xFF,0xC0,0x00,0xFE,0x00,0xFC,0x01,0xF8,0xFC,
  0x1F,0xC1,0xFF,0xE0,0x01,0xF8,0x7F,0xF0,0x0F,0xFF,0xFF,0x80,
  0x1F,0xFF,0xFF,0xFF,0xFF,0xFF,0xFF,0xC0,0x00,0xFE,0x00,0xFC,
  0x01,0xF8,0xFF,0xFF,0x81,0xFF,0xC0,0x01,0xF8,0x3F,0xFC,0x0F,
  0xFF,0xFF,0x80,0x1F,0xFF,0xFF,0xFF,0xFF,0xFF,0xFF,0xE0,0x00,
  0xFE,0x00,0xFC,0x01,0xF8,0xFF,0xFF,0x81,0xFF,0xE0,0x01,0xF8,
  0x1F,0xFE,0x0F,0xFF,0xFF,0x80,0x3F,0xFF,0xFF,0xFF,0xFF,0xFF,
  0xFF,0xE0,0x00,0xFE,0x00,0xFC,0x01,0xF8,0xFF,0xFE,0x01,0xFF,
  0xF0,0x01,0xF8,0x07,0xFF,0x0F,0xFF,0xFF,0x80,0x3F,0xFF,0xFF,
  0xFF,0xFF,0xFF,0xFF,0xF0,0x00,0xFE,0x00,0xFC,0x01,0xF8,0xFF,
  0xFC,0x01,0xFF,0xF8,0x01,0xF8,0x01,0xFF,0x0F,0xC0,0x1F,0x80,
  0x3F,0xFF,0xFF,0xFF,0xFF,0xFF,0xFF,0xF0,0x00,0xFE,0x00,0xFC,
  0x01,0xF8,0xFE,0xFE,0x01,0xF9,0xFC,0x01,0xF8,0x00,0x7F,0x8F,
  0xC0,0x1F,0x80,0x7F,0xFF,0xFF,0xFF,0xFF,0xFF,0xFF,0xF0,0x00,
  0xFE,0x00,0xFE,0x03,0xF8,0xFC,0x7F,0x01,0xF9,0xFE,0x01,0xF8,
  0x00,0x3F,0x8F,0xC0,0x1F,0x80,0x7F,0xFF,0xFF,0xFF,0xFF,0xFF,
  0xFF,0xF8,0x00,0xFE,0x00,0xFE,0x07,0xF0,0xFC,0x3F,0x01,0xF8,
  0xFE,0x01,0xF8,0x00,0x3F,0x8F,0xC0,0x1F,0x80,0x7F,0xFF,0xFF,
  0xFF,0xFF,0xFF,0xFF,0xF8,0x00,0xFE,0x00,0x7F,0xDF,0xF0,0xFC,
  0x3F,0x81,0xF8,0x7F,0x01,0xF8,0x60,0x3F,0x8F,0xC0,0x1F,0x80,
  0x7F,0xFF,0xFF,0xFF,0xFF,0xFF,0xFF,0xF8,0x00,0xFE,0x00,0x7F,
  0xFF,0xE0,0xFC,0x1F,0xC1,0xF8,0x3F,0x81,0xF8,0x7F,0xFF,0x0F,
  0xC0,0x1F,0x80,0xFF,0xFF,0xFF,0xFF,0xFF,0xFF,0xFF,0xF8,0x00,
  0xFE,0x00,0x3F,0xFF,0xE0,0xFC,0x0F,0xE1,0xF8,0x1F,0xC1,0xF8,
  0x7F,0xFF,0x0F,0xC0,0x1F,0x80,0xFF,0xFF,0xFF,0xFF,0xFF,0xFF,
  0xFF,0xF8,0x00,0xFC,0x00,0x1F,0xFF,0xC0,0xFC,0x07,0xE1,0xF8,
  0x0F,0xE1,0xF8,0x7F,0xFE,0x0F,0xC0,0x1F,0x80,0xFF,0xFF,0xFF,
  0xFF,0xFF,0xFF,0xFF,0xF8,0x00,0xFE,0x00,0x0F,0xFF,0x00,0xFE,
  0x07,0xF1,0xF8,0x07,0xF1,0xF8,0x7F,0xFC,0x0F,0xC0,0x1F,0x80,
  0xFF,0xFF,0xFF,0xFF,0xFF,0xFF,0xFF,0xF8,0x00,0x00,0x00,0x01,
  0xFC,0x00,0x00,0x00,0x00,0x00,0x00,0x10,0x00,0x1F,0xE0,0x00,
  0x00,0x00,0x00,0xFF,0xFF,0xFF,0xFF,0xFF,0xFF,0xFF,0xF8,0x00,
  0x00,0x00,0x00,0x00,0x00,0x00,0x00,0x00,0x00,0x00,0x00,0x00,
  0x00,0x00,0x00,0x00,0x00,0x00,0xFF,0xFF,0xFF,0xFF,0xFF,0xFF,
  0xFF,0xF8,0x00,0x00,0x00,0x00,0x00,0x00,0x00,0x00,0x00,0x00,
  0x00,0x00,0x00,0x00,0x00,0x00,0x00,0x00,0x00,0xFF,0xFF,0xFF,
  0xFF,0xFF,0xFF,0xFF,0xF8,0x00,0x00,0x00,0x00,0x00,0x00,0x00,
  0x00,0x00,0x00,0x00,0x00,0x00,0x00,0x00,0x00,0x00,0x00,0x00,
  0xFF,0xFF,0xFF,0xFF,0xFF,0xFF,0xFF,0xF8,0x00,0x00,0x00,0x00,
  0x00,0x00,0x00,0x00,0x00,0x00,0x00,0x00,0x00,0x00,0x00,0x00,
  0x00,0x00,0x00,0xFF,0xFF,0xFF,0xFF,0xFF,0xFF,0xFF,0xF8,0x00,
  0x3F,0x00,0x0F,0xC7,0xFF,0xC0,0x0F,0xC0,0x07,0xE1,0xF0,0x01,
  0xF0,0xFF,0xFE,0x03,0xFE,0x00,0xFF,0xFF,0xFF,0xFF,0xFF,0xFF,
  0xFF,0xF8,0x00,0x7F,0x80,0x0F,0xC7,0xFF,0xF8,0x0F,0xC0,0x07,
  0xE1,0xF8,0x01,0xF1,0xFF,0xFE,0x0F,0xFF,0x80,0xFF,0xFF,0xFF,
  0xFF,0xFF,0xFF,0xFF,0xF8,0x00,0x7F,0x80,0x0F,0xC7,0xFF,0xFC,
  0x0F,0xC0,0x07,0xE1,0xFC,0x01,0xF1,0xFF,0xFE,0x1F,0xFF,0x80,
  0x7F,0xFF,0xFF,0xFF,0xFF,0xFF,0xFF,0xF8,0x00,0xFF,0xC0,0x0F,
  0xC7,0xFF,0xFE,0x0F,0xC0,0x07,0xE1,0xFE,0x01,0xF1,0xFF,0xFE,
  0x3F,0xFF,0x80,0x7F,0xFF,0xFF,0xFF,0xFF,0xFF,0xFF,0xF0,0x00,
  0xFF,0xC0,0x0F,0xC7,0xFF,0xFE,0x0F,0xC0,0x07,0xE1,0xFE,0x01,
  0xF1,0xFF,0xFC,0x3F,0xDF,0x80,0x7F,0xFF,0xFF,0xFF,0xFF,0xFF,
  0xFF,0xF0,0x00,0xFF,0xE0,0x0F,0xC7,0xE0,0x7E,0x0F,0xC0,0x07,
  0xE1,0xFF,0x01,0xF1,0xF8,0x00,0x3F,0x01,0x80,0x7F,0xFF,0xFF,
  0xFF,0xFF,0xFF,0xFF,0xF0,0x01,0xFF,0xE0,0x0F,0xC7,0xE0,0x7F,
  0x0F,0xC0,0x07,0xE1,0xFF,0x81,0xF1,0xF8,0x00,0x3F,0x00,0x00,
  0x3F,0xFF,0xFF,0xFF,0xFF,0xFF,0xFF,0xE0,0x01,0xF3,0xF0,0x0F,
  0xC7,0xE0,0x7F,0x0F,0xC0,0x07,0xE1,0xFF,0xC1,0xF1,0xF8,0x00,
  0x3F,0x00,0x00,0x3F,0xFF,0xFF,0xFF,0xFF,0xFF,0xFF,0xE0,0x03,
  0xF3,0xF0,0x0F,0xC7,0xE0,0x7E,0x0F,0xC0,0x07,0xE1,0xFF,0xE1,
  0xF1,0xFC,0x00,0x3F,0xC0,0x00,0x1F,0xFF,0xFF,0xFF,0xFF,0xFF,
  0xFF,0xC0,0x03,0xF1,0xF0,0x0F,0xC7,0xE0,0xFE,0x0F,0xC0,0x07,
  0xE1,0xFF,0xE1,0xF1,0xFF,0xF8,0x3F,0xF0,0x00,0x1F,0xFF,0xFF,
  0xFF,0xFF,0xFF,0xFF,0xC0,0x07,0xE1,0xF8,0x0F,0xC7,0xFF,0xFE,
  0x0F,0xC0,0x07,0xE1,0xF3,0xF1,0xF1,0xFF,0xFC,0x1F,0xFC,0x00,
  0x0F,0xFF,0xFF,0xFF,0xFF,0xFF,0xFF,0x80,0x07,0xE1,0xF8,0x0F,
  0xC7,0xFF,0xFC,0x0F,0xC0,0x07,0xE1,0xFB,0xF9,0xF1,0xFF,0xF8,
  0x0F,0xFF,0x00,0x0F,0xFF,0xFF,0xFF,0xFF,0xFF,0xFF,0x80,0x07,
  0xC0,0xFC,0x0F,0xC7,0xFF,0xF0,0x0F,0xC0,0x07,0xE1,0xF9,0xFD,
  0xF1,0xFF,0xFC,0x03,0xFF,0x80,0x07,0xFF,0xFF,0xFF,0xFF,0xFF,
  0xFF,0x00,0x0F,0xFF,0xFC,0x0F,0xC7,0xFF,0xE0,0x0F,0xC0,0x07,
  0xE1,0xF0,0xFF,0xF1,0xFC,0x00,0x00,0xFF,0xC0,0x07,0xFF,0xFF,
  0xFF,0xFF,0xFF,0xFE,0x00,0x0F,0xFF,0xFE,0x0F,0xC7,0xF7,0xF0,
  0x0F,0xC0,0x07,0xE1,0xF0,0x7F,0xF1,0xF8,0x00,0x00,0x3F,0xC0,
  0x03,0xFF,0xFF,0xFF,0xFF,0xFF,0xFE,0x00,0x1F,0xFF,0xFE,0x0F,
  0xC7,0xE3,0xF0,0x0F,0xC0,0x07,0xE1,0xF0,0x7F,0xF1,0xF8,0x00,
  0x00,0x1F,0xC0,0x01,0xFF,0xFF,0xFF,0xFF,0xFF,0xFC,0x00,0x1F,
  0xFF,0xFE,0x0F,0xC7,0xE3,0xF8,0x0F,0xC0,0x07,0xE1,0xF0,0x3F,
  0xF1,0xF8,0x00,0x00,0x0F,0xC0,0x00,0xFF,0xFF,0xFF,0xFF,0xFF,
  0xF8,0x00,0x3F,0xFF,0xFF,0x0F,0xC7,0xE1,0xFC,0x0F,0xC0,0x07,
  0xE1,0xF0,0x1F,0xF1,0xF8,0x00,0x30,0x1F,0xC0,0x00,0x7F,0xFF,
  0xFF,0xFF,0xFF,0xF0,0x00,0x3F,0x00,0x3F,0x0F,0xC7,0xE0,0xFE,
  0x0F,0xFF,0xE7,0xE1,0xF0,0x0F,0xF1,0xFF,0xFE,0x3E,0x7F,0xC0,
  0x00,0x3F,0xFF,0xFF,0xFF,0xFF,0xE0,0x00,0x7F,0x00,0x3F,0x8F,
  0xC7,0xE0,0x7E,0x0F,0xFF,0xE7,0xE1,0xF0,0x0F,0xF1,0xFF,0xFE,
  0x3F,0xFF,0x80,0x00,0x1F,0xFF,0xFF,0xFF,0xFF,0x80,0x00,0x7E,
  0x00,0x1F,0x8F,0xC7,0xE0,0x7F,0x0F,0xFF,0xE7,0xE1,0xF0,0x07,
  0xF1,0xFF,0xFE,0x3F,0xFF,0x00,0x00,0x0F,0xFF,0xFF,0xFF,0xFF,
  0x00,0x00,0x7E,0x00,0x1F,0xCF,0xC7,0xE0,0x3F,0x8F,0xFF,0xE7,
  0xE1,0xF8,0x03,0xF1,0xFF,0xFE,0x3F,0xFE,0x00,0x00,0x03,0xFF,
  0xFF,0xFF,0xFE,0x00,0x00,0x7C,0x00,0x0F,0x8F,0x83,0xE0,0x1F,
  0x8F,0xFF,0xC3,0xE1,0xF0,0x01,0xF0,0xFF,0xFC,0x0F,0xF8,0x00,
  0x00,0x00,0xFF,0xFF,0xFF,0xF8,0x00,0x00,0x00,0x00,0x00,0x00,
  0x00,0x00,0x00,0x00,0x00,0x00,0x00,0x00,0x00,0x00,0x00,0x00,
  0x00,0x00,0x00,0x00,0x00,0x3F,0xFF,0xFF,0xE0,0x00,0x00,0x00,
  0x00,0x00,0x00,0x00,0x00,0x00,0x00,0x00,0x00,0x00,0x00,0x00,
  0x00,0x00,0x00,0x00,0x00,0x00,0x00,0x00,0x0F,0xFF,0xFF,0x00,
  0x00,0x00,0x00,0x00,0x00,0x00,0x00,0x00,0x00,0x00,0x00,0x00,
  0x00,0x00,0x00,0x00,0x00,0x00,0x00,0x00,0x00,0x00,0x00,0x00,
  0xFF,0xF8,0x00,0x00,0x00,0x00,0x00,0x00,0x00,0x00,0x00,0x00,
  0x00,0x00,0x00,0x00,0x00,0x00,0x00,0x00,0x00,0x00,0x00,0x00,
};
static const uint8_t logo_uae[] PROGMEM = {
  0x00,0x00,0x01,0x00,0x08,0x00,0x00,0x00,0x00,0x00,0x00,0x00,
  0x00,0x00,0x00,0x00,0x00,0x00,0x00,0x00,0x00,0x00,0x00,0x00,
  0x00,0x03,0x00,0x18,0x00,0x00,0x00,0x00,0x00,0x00,0x00,0x00,
  0x00,0x00,0x00,0x00,0x00,0x00,0x00,0x00,0x00,0x00,0x00,0x00,
  0x07,0x80,0x30,0x00,0x00,0x00,0x00,0x00,0x00,0x00,0x00,0x00,
  0x00,0x00,0x00,0x00,0x00,0x00,0x00,0x00,0x00,0x00,0x00,0x07,
  0xC0,0xE0,0x00,0x00,0x00,0x00,0x00,0x00,0x00,0x00,0x00,0x00,
  0x00,0x00,0x00,0x00,0x00,0x00,0x00,0x00,0x00,0x00,0x07,0xC1,
  0xE0,0x00,0x00,0x00,0x00,0x00,0x00,0x00,0x00,0x00,0x00,0x00,
  0x00,0x00,0x00,0x00,0x00,0x00,0x00,0x00,0x00,0x03,0xE1,0xC0,
  0x00,0x00,0x00,0x00,0x00,0x00,0x00,0x00,0x00,0x00,0x00,0x00,
  0x00,0x00,0x00,0x00,0x00,0x00,0x00,0x00,0x03,0xE3,0xC0,0x00,
  0x00,0x00,0x00,0x00,0x00,0x00,0x00,0x00,0x00,0x00,0x00,0x00,
  0x00,0x00,0x00,0x00,0x00,0x00,0x00,0x01,0xE3,0xC0,0x00,0x00,
  0x00,0x00,0x00,0x00,0x00,0x00,0x00,0x00,0x00,0x00,0x00,0x00,
  0x00,0x00,0x00,0x00,0x00,0x00,0x03,0xC3,0xC0,0x00,0x00,0x00,
  0x00,0x00,0x00,0x00,0x00,0x00,0x00,0x00,0x00,0x00,0x00,0x00,
  0x00,0x00,0x00,0x00,0x04,0x03,0x03,0xC0,0x00,0x00,0x00,0x00,
  0x00,0x00,0x00,0x00,0x00,0x00,0x00,0x00,0x00,0x00,0x00,0x00,
  0x00,0x00,0x00,0x3F,0xF1,0x03,0xC0,0x00,0x00,0x00,0x00,0x00,
  0x00,0x00,0x00,0x00,0x00,0x00,0x00,0x00,0x00,0x00,0x00,0x00,
  0x00,0x00,0x73,0xFF,0x03,0xC0,0x00,0x00,0x00,0x00,0x00,0x00,
  0x00,0x00,0x00,0x00,0x00,0x00,0x00,0x00,0x00,0x00,0x00,0x00,
  0x00,0xE0,0xFE,0x03,0xC0,0x00,0x00,0x00,0x00,0x00,0x00,0x00,
  0x00,0x00,0x00,0x00,0x00,0x00,0x00,0x00,0x00,0x00,0x00,0x00,
  0xE0,0x7F,0x03,0xC0,0x00,0x00,0x00,0x00,0x00,0x00,0x00,0x00,
  0x00,0x00,0x00,0x00,0x00,0x00,0x00,0x00,0x00,0x00,0x01,0xE0,
  0x3F,0x83,0xC0,0x00,0x00,0x00,0x00,0x00,0x00,0x00,0x00,0x00,
  0x00,0x00,0x00,0x00,0x00,0x00,0x00,0x00,0x00,0x00,0xE0,0x3F,
  0x83,0xC0,0x00,0x00,0x00,0x00,0x00,0x00,0x00,0x00,0x00,0x00,
  0x00,0x00,0x00,0x00,0x00,0x00,0x00,0x00,0x00,0xE0,0x6F,0xC3,
  0xC0,0x00,0x00,0x00,0x00,0x00,0x00,0x00,0x00,0x00,0x00,0x00,
  0x00,0x00,0x00,0x00,0x00,0x00,0x00,0x18,0x60,0xC7,0xC3,0xC0,
  0x00,0x00,0x00,0x00,0x00,0x00,0x00,0x00,0x00,0x00,0x00,0x00,
  0x00,0x00,0x00,0x00,0x00,0x00,0x18,0x01,0x83,0xC3,0xC0,0x00,
  0x00,0x00,0x00,0x00,0x00,0x00,0x00,0x00,0x00,0x00,0x00,0x00,
  0x00,0x00,0x00,0x00,0x00,0x08,0x03,0x01,0xC3,0xC0,0x00,0x00,
  0x00,0x00,0x00,0x00,0x00,0x00,0x00,0x00,0x00,0x00,0x00,0x00,
  0x00,0x00,0x00,0x00,0x08,0x06,0x00,0xC3,0xC0,0x00,0x00,0x00,
  0x00,0x00,0x00,0x00,0x00,0x02,0x00,0x00,0x00,0x00,0x00,0x00,
  0x00,0x00,0x00,0x08,0x0E,0x00,0xC3,0x80,0x00,0x00,0xFF,0xFF,
  0x00,0x00,0x00,0x00,0x0F,0x80,0x00,0x00,0x00,0x00,0x00,0x00,
  0x00,0x00,0x08,0x1C,0x00,0xC7,0x08,0x00,0x00,0xFF,0xFF,0xE0,
  0x00,0x00,0x00,0x0F,0x80,0x00,0x00,0x00,0x02,0x00,0x00,0x00,
  0x00,0x09,0xB8,0x01,0x86,0x18,0x00,0x00,0x7F,0xFF,0xF0,0x00,
  0x00,0x00,0x0F,0x80,0x00,0x00,0x00,0x06,0x00,0x00,0x00,0x00,
  0x09,0xFF,0xFF,0x8C,0x30,0x01,0x00,0x7F,0x00,0x30,0x00,0x00,
  0x00,0x07,0x80,0x00,0x00,0x00,0x0E,0x00,0x00,0x00,0x00,0x09,
  0xFF,0xFF,0x18,0x60,0x0F,0x80,0x3F,0x00,0x00,0x00,0x00,0x00,
  0x00,0x00,0x00,0x00,0x00,0x1E,0x00,0x00,0x00,0x00,0x08,0xFF,
  0xFE,0x30,0xE0,0x1F,0xC0,0x3F,0x00,0x03,0x81,0xC0,0x78,0x1C,
  0x0F,0x06,0x07,0xC0,0x3F,0xE0,0xF8,0x07,0xC0,0x08,0xFF,0xFC,
  0x21,0xC0,0xBF,0xC0,0x3F,0x00,0x03,0xE7,0xF1,0xFE,0x1F,0x8F,
  0xCF,0x9F,0xF0,0xFF,0xE3,0xFE,0x0F,0xF0,0x0C,0x3F,0xF0,0x03,
  0xC0,0xEF,0xC0,0x3F,0x00,0x03,0xE7,0xF9,0xFF,0x0F,0x87,0xDF,
  0x9F,0xF9,0xFF,0xE7,0xCF,0x1F,0xF8,0x0C,0x00,0x00,0x03,0xC1,
  0xC3,0x80,0x3F,0xF8,0x01,0xFF,0xFF,0xFF,0x0F,0x87,0xFF,0xB0,
  0xF8,0x3E,0x0F,0x8F,0xBE,0x18,0x0F,0x00,0x00,0x07,0xC3,0xE3,
  0x80,0x3F,0xFE,0x01,0xF8,0xFE,0x3F,0x8F,0xC7,0xF0,0xB0,0x7C,
  0x3E,0x0F,0x0F,0xBC,0x08,0x07,0xFF,0xFF,0xFF,0xFE,0xFB,0x00,
  0x3F,0xFF,0x01,0xF0,0x7E,0x1F,0x8F,0xC7,0xE0,0x00,0x7C,0x3E,
  0x1F,0x0F,0xBC,0x00,0xC7,0xFF,0xFF,0xFF,0xFC,0xFC,0x00,0x3F,
  0x00,0x01,0xF0,0x7C,0x0F,0x8F,0xC7,0xE0,0x00,0x7C,0x3E,0x1F,
  0x0F,0xBE,0x00,0x63,0xFF,0xFF,0xFF,0xF8,0xFC,0x00,0x3F,0x00,
  0x01,0xF0,0x7C,0x0F,0x8F,0xC7,0xE0,0x00,0xFC,0x3E,0x3F,0x0F,
  0x3F,0x80,0x61,0xFF,0xFF,0xFF,0xF0,0x70,0x00,0x3F,0x00,0x01,
  0xF0,0x7C,0x0F,0x8F,0xC7,0xE0,0x03,0xFC,0x3E,0x3F,0x1F,0x3F,
  0xC0,0x20,0x7F,0xFF,0xFF,0xE0,0x00,0x00,0x3F,0x00,0x01,0xF0,
  0x7C,0x0F,0x8F,0xC7,0xE0,0x1F,0xFC,0x3E,0x3F,0x3E,0x1F,0xF0,
  0x20,0x00,0x00,0x07,0xC2,0x00,0x00,0x3F,0x00,0x01,0xF0,0x7C,
  0x0F,0x8F,0xC7,0xE0,0x3E,0x7C,0x3E,0x3F,0x78,0x0F,0xF8,0x60,
  0x00,0x00,0x03,0xC7,0x00,0x00,0x3F,0x00,0x01,0xF0,0x7C,0x0F,
  0x8F,0xC7,0xE0,0x78,0xFC,0x3E,0x3F,0xF0,0x07,0xF8,0x20,0x40,
  0x82,0x03,0xC7,0x80,0x00,0x3F,0x00,0x01,0xF0,0x7C,0x0F,0x8F,
  0xC7,0xE0,0xF8,0xFC,0x3E,0x3F,0xC0,0x01,0xFC,0x60,0xE1,0xC3,
  0x03,0xC7,0x80,0x00,0x3F,0x00,0x01,0xF0,0x7C,0x0F,0x8F,0xC7,
  0xE1,0xF0,0xFC,0x3E,0x3F,0x00,0x00,0xFC,0x61,0xF3,0xE3,0x83,
  0xC3,0x80,0x00,0x3F,0x00,0x01,0xF0,0x7C,0x0F,0x8F,0xC7,0xE1,
  0xF0,0xFC,0x3E,0x3F,0x00,0x00,0x7C,0x63,0xF7,0xF3,0xC3,0xC3,
  0x80,0x00,0x3F,0x00,0x01,0xF0,0x7C,0x0F,0x8F,0xC7,0xE1,0xF0,
  0xFC,0x3E,0x1F,0x80,0x00,0x7C,0x61,0xF3,0xF3,0xC3,0xC1,0x80,
  0x00,0x3F,0x00,0x09,0xF0,0x7C,0x0F,0x8F,0xC7,0xE1,0xF0,0x7C,
  0x3E,0x1F,0x80,0x20,0x7C,0x20,0xF1,0xE3,0xC3,0xC0,0x80,0x00,
  0x3F,0xFF,0xF9,0xF0,0x7E,0x0F,0x8F,0xC7,0xE1,0xF0,0xFC,0x3E,
  0x0F,0xC1,0xA0,0xF8,0x30,0x60,0xC1,0xC3,0xC0,0x80,0x00,0x3F,
  0xFF,0xF9,0xF0,0x7E,0x0F,0x8F,0xC7,0xE0,0xFF,0xFC,0x3E,0x07,
  0xFF,0xBF,0xF0,0x30,0x40,0x80,0xC3,0xC0,0x80,0x00,0x3F,0xFF,
  0xF1,0xF8,0x7F,0x0F,0xC7,0xE3,0xF0,0x7F,0x7E,0x3F,0x03,0xFF,
  0x3F,0xE0,0x38,0x00,0x00,0xC3,0xC1,0x80,0x00,0x1F,0xFF,0xC0,
  0xFC,0x3F,0x07,0xC7,0xE1,0xF0,0x3C,0x3E,0x1F,0x00,0xFC,0x0F,
  0x80,0x3C,0x00,0x00,0xC7,0x81,0x80,0x00,0x00,0x00,0x00,0x00,
  0x00,0x00,0x00,0x00,0x00,0x00,0x00,0x00,0x00,0x00,0x00,0x00,
  0x1E,0x00,0x00,0x87,0x03,0x80,0x00,0x00,0x00,0x00,0x00,0x00,
  0x00,0x00,0x00,0x00,0x00,0x00,0x00,0x00,0x00,0x00,0x00,0x1F,
  0xC0,0x07,0x86,0x03,0x80,0x00,0x00,0x00,0x00,0x00,0x00,0x00,
  0x00,0x00,0x00,0x00,0x00,0x00,0x00,0x00,0x00,0x00,0x0F,0xFF,
  0xFF,0x0C,0x07,0x80,0x00,0x00,0x00,0x00,0x00,0x00,0x00,0x00,
  0x00,0x00,0x00,0x00,0x00,0x00,0x00,0x00,0x00,0x07,0xFF,0xFE,
  0x18,0x0F,0x80,0x00,0x00,0x00,0x00,0x00,0x00,0x00,0x00,0x00,
  0x00,0x00,0x00,0x00,0x00,0x00,0x00,0x00,0x03,0xFF,0xFC,0x30,
  0x1F,0x00,0x00,0x00,0x00,0x00,0x00,0x00,0x00,0x00,0x00,0x00,
  0x00,0x00,0x00,0x00,0x00,0x00,0x00,0x01,0xFF,0xF8,0x00,0x3F,
  0x00,0x00,0x00,0x00,0x00,0x00,0x00,0x00,0x00,0x00,0x00,0x00,
  0x00,0x00,0x00,0x00,0x00,0x00,0x00,0x3F,0xE0,0x00,0xFE,0x00,
  0x00,0x00,0x00,0x00,0x00,0x00,0x00,0x00,0x00,0x00,0x00,0x00,
  0x00,0x00,0x00,0x00,0x00,0x00,0x00,0x07,0xFF,0xFE,0x00,0x00,
  0x00,0x00,0x00,0x00,0x00,0x00,0x00,0x00,0x00,0x00,0x00,0x00,
  0x00,0x00,0x00,0x00,0x00,0x00,0x03,0xFF,0xFC,0x00,0x00,0x00,
  0x00,0x00,0x00,0x00,0x00,0x00,0x00,0x00,0x00,0x00,0x00,0x00,
  0x00,0x00,0x00,0x00,0x00,0x01,0xFF,0xF0,0x00,0x00,0x00,0x00,
  0x00,0x00,0x00,0x00,0x00,0x00,0x00,0x00,0x00,0x00,0x00,0x00,
  0x00,0x00,0x00,0x00,0x00,0xFF,0xE0,0x00,0x00,0x00,0x00,0x00,
  0x00,0x00,0x00,0x00,0x00,0x00,0x00,0x00,0x00,0x00,0x00,0x00,
  0x00,0x00,0x00,0x00,0x7F,0x80,0x00,0x00,0x00,0x00,0x00,0x00,
  0x00,0x00,0x00,0x00,0x00,0x00,0x00,0x00,0x00,0x00,0x00,0x00,
};
static const uint8_t logo_ual[] PROGMEM = {
  0x00,0x00,0x00,0x00,0x00,0x00,0x00,0x00,0x00,0x00,0x00,0x00,
  0x00,0x00,0x00,0x00,0x00,0x00,0x00,0x00,0x00,0x00,0x00,0x00,
  0x00,0x00,0x00,0x00,0x00,0x00,0x00,0x00,0xFF,0xFF,0xFF,0xFF,
  0xFF,0xFF,0xFF,0xF0,0x00,0x00,0x00,0x00,0x00,0x00,0x00,0x00,
  0x00,0x00,0x00,0x00,0x00,0x00,0x00,0x00,0x00,0x00,0x00,0x00,
  0x00,0x00,0x00,0x00,0x00,0x00,0x00,0x00,0x00,0x00,0x00,0x00,
  0xFF,0xFF,0xFF,0xFF,0xFF,0xFF,0xFF,0xF0,0x00,0x00,0x00,0x00,
  0x00,0x00,0x00,0x00,0x00,0x00,0x00,0x00,0x00,0x00,0x00,0x00,
  0x00,0x00,0x00,0x00,0x00,0x00,0x00,0x00,0x00,0x00,0x00,0x00,
  0x00,0x00,0x00,0x00,0xFF,0xFF,0xFF,0xFF,0xFF,0xFF,0xFF,0xF0,
  0x00,0x00,0x00,0x00,0x00,0x00,0x00,0x00,0x00,0x00,0x00,0x00,
  0x00,0x00,0x00,0x00,0x00,0x00,0x00,0x00,0x00,0x00,0x00,0x00,
  0x00,0x00,0x00,0x00,0x00,0x00,0x00,0x00,0xFF,0xFF,0xFF,0xFF,
  0xFF,0xFF,0xFF,0xF0,0x00,0x00,0x00,0x00,0x00,0x00,0x00,0x00,
  0x00,0x00,0x00,0x00,0x00,0x00,0x00,0x00,0x00,0x00,0x00,0x00,
  0x00,0x00,0x00,0x00,0x00,0x00,0x00,0x00,0x00,0x00,0x00,0x00,
  0xFF,0xFF,0xFF,0xFF,0xFF,0xFF,0xFF,0xF0,0x00,0x00,0x00,0x00,
  0x00,0x00,0x00,0x00,0x00,0x00,0x00,0x00,0x00,0x00,0x00,0x00,
  0x00,0x00,0x00,0x00,0x00,0x00,0x00,0x00,0x00,0x00,0x00,0x00,
  0x00,0x00,0x00,0x00,0xFF,0xFF,0xFF,0xFF,0xFF,0xFF,0xFF,0xF0,
  0x00,0x00,0x00,0x00,0x00,0x00,0x00,0x00,0x00,0x00,0x00,0x00,
  0x00,0x00,0x00,0x00,0x00,0x00,0x00,0x00,0x00,0x00,0x00,0x00,
  0x00,0x00,0x00,0x00,0x00,0x00,0x00,0x00,0xFF,0xFF,0xFF,0xFF,
  0xFF,0xFF,0xFF,0xF0,0x00,0x00,0x00,0x00,0x00,0x00,0x00,0x00,
  0x00,0x00,0x00,0x00,0x00,0x00,0x00,0x00,0x00,0x00,0x00,0x00,
  0x00,0x00,0x00,0x00,0x00,0x00,0x00,0x00,0x00,0x00,0x00,0x00,
  0xFF,0xFF,0xFF,0xFF,0xFF,0xFF,0xFF,0xF0,0x00,0x00,0x00,0x00,
  0x00,0x00,0x00,0x00,0x00,0x00,0x00,0x00,0x00,0x00,0x00,0x00,
  0x00,0x00,0x00,0x00,0x00,0x00,0x00,0x00,0x00,0x00,0x00,0x00,
  0x00,0x00,0x00,0x00,0xFC,0x00,0x01,0xFF,0xFF,0xFF,0xFF,0xF0,
  0x00,0x00,0x00,0x00,0x00,0x00,0x00,0x00,0x00,0x00,0x00,0x00,
  0x00,0x00,0x00,0x00,0x00,0x00,0x00,0x00,0x00,0x00,0x00,0x00,
  0x00,0x00,0x00,0x00,0x00,0x00,0x00,0x00,0xE0,0xFF,0x80,0x3F,
  0xFF,0xFF,0xFF,0xF0,0x00,0x00,0x00,0x00,0x00,0x00,0x00,0x00,
  0x00,0x00,0x00,0x00,0x00,0x00,0x00,0x00,0x00,0x00,0x00,0x00,
  0x00,0x00,0x00,0x00,0x00,0x00,0x00,0x00,0x00,0x00,0x00,0x00,
  0x00,0x7F,0x63,0x07,0xFF,0xFF,0xFF,0xF0,0x00,0x00,0x00,0x00,
  0x00,0x00,0x00,0x00,0x00,0x00,0x00,0x00,0x00,0x00,0x00,0x00,
  0x00,0x00,0x00,0x00,0x00,0x00,0x00,0x00,0x00,0x00,0x00,0x00,
  0x00,0x00,0x00,0x00,0x7F,0x80,0x39,0xE1,0xFF,0xFF,0xFF,0xF0,
  0x00,0x00,0x00,0x00,0x00,0x00,0x00,0x00,0x00,0x00,0x00,0x00,
  0x00,0x00,0x00,0x00,0x00,0x00,0x00,0x00,0x00,0x00,0x00,0x00,
  0x00,0x00,0x00,0x00,0x00,0x00,0x00,0x00,0xCE,0x67,0xFE,0xF8,
  0x7F,0xFF,0xFF,0xF0,0x00,0x00,0x00,0x00,0x00,0x00,0x00,0x00,
  0x00,0x00,0x00,0x00,0x00,0x00,0x00,0x00,0x00,0x00,0x00,0x00,
  0x00,0x00,0x00,0x00,0x00,0x00,0x00,0x00,0x00,0x00,0x00,0x00,
  0x38,0x73,0xFF,0x7E,0x3F,0xFF,0xFF,0xF0,0x00,0x00,0x00,0x00,
  0x00,0x00,0x00,0x00,0x00,0x00,0x00,0x00,0x00,0x00,0x00,0x00,
  0x00,0x00,0x00,0x00,0x00,0x00,0x00,0x00,0x00,0x00,0x00,0x00,
  0x00,0x00,0x00,0x00,0x63,0xF8,0x01,0x03,0x0F,0xFF,0xFF,0xF0,
  0x00,0x00,0x00,0x00,0x00,0x00,0x00,0x00,0x00,0x00,0x00,0x00,
  0x00,0x00,0x00,0x00,0x00,0x00,0x00,0x00,0x00,0x00,0x00,0x00,
  0x00,0x00,0x00,0x00,0x00,0x00,0x00,0x00,0x1F,0x0C,0x01,0x81,
  0x87,0xFF,0xFF,0xF0,0xFF,0xC0,0x00,0x3F,0xE0,0x00,0xFF,0xC0,
  0x00,0x3F,0xE0,0x00,0xFF,0xC0,0x03,0xFF,0xFF,0xFF,0xFC,0x00,
  0x3F,0xFF,0xFF,0xFE,0x00,0x07,0xFF,0xFF,0xE0,0x00,0x00,0x00,
  0x98,0x0C,0xFF,0xC0,0x93,0xFF,0xFF,0xF0,0xFF,0xC0,0x00,0x3F,
  0xF0,0x01,0xFF,0xE0,0x00,0x7F,0xE0,0x00,0xFF,0xE0,0x03,0xFF,
  0xFF,0xFF,0xFC,0x00,0x3F,0xFF,0xFF,0xFF,0x00,0x07,0xFF,0xFF,
  0xFE,0x00,0x00,0x00,0xC1,0xFE,0xFF,0xDF,0xC9,0xFF,0xFF,0xF0,
  0xFF,0xC0,0x00,0x3F,0xF0,0x01,0xFF,0xF0,0x00,0x3F,0xE0,0x00,
  0xFF,0xE0,0x03,0xFF,0xFF,0xFF,0xFC,0x00,0x3F,0xFF,0xFF,0xFF,
  0x00,0x07,0xFF,0xFF,0xFF,0xC0,0x00,0x00,0x6F,0xFE,0x7F,0xCF,
  0xE4,0xFF,0xFF,0xF0,0xFF,0xC0,0x00,0x3F,0xF0,0x01,0xFF,0xF8,
  0x00,0x3F,0xE0,0x00,0xFF,0xE0,0x03,0xFF,0xFF,0xFF,0xFC,0x00,
  0x3F,0xFF,0xFF,0xFF,0x00,0x07,0xFF,0xFF,0xFF,0xE0,0x00,0x00,
  0xE4,0x06,0x00,0xEF,0xE2,0x7F,0xFF,0xF0,0xFF,0xC0,0x00,0x3F,
  0xF0,0x01,0xFF,0xFC,0x00,0x3F,0xE0,0x00,0xFF,0xE0,0x03,0xFF,
  0xFF,0xFF,0xFC,0x00,0x3F,0xFF,0xFF,0xFF,0x00,0x07,0xFF,0xFF,
  0xFF,0xF0,0x00,0x00,0x60,0x06,0x00,0x63,0xF7,0x3F,0xFF,0xF0,
  0xFF,0xC0,0x00,0x3F,0xF0,0x01,0xFF,0xFE,0x00,0x3F,0xE0,0x00,
  0xFF,0xE0,0x03,0xFF,0xFF,0xFF,0xFC,0x00,0x3F,0xFF,0xFF,0xFF,
  0x00,0x07,0xFF,0xFF,0xFF,0xF8,0x00,0x00,0x67,0xFE,0x00,0x60,
  0x77,0x9F,0xFF,0xF0,0xFF,0xC0,0x00,0x3F,0xF0,0x01,0xFF,0xFF,
  0x00,0x3F,0xE0,0x00,0xFF,0xE0,0x03,0xFF,0xFF,0xFF,0xFC,0x00,
  0x3F,0xFF,0xFF,0xFF,0x00,0x07,0xFF,0xFF,0xFF,0xFC,0x00,0x00,
  0xEF,0xFE,0x7F,0x60,0x13,0xCF,0xFF,0xF0,0xFF,0xC0,0x00,0x3F,
  0xF0,0x01,0xFF,0xFF,0x80,0x3F,0xE0,0x00,0xFF,0xE0,0x03,0xFF,
  0xFF,0xFF,0xFC,0x00,0x3F,0xFF,0xFF,0xFF,0x00,0x07,0xFF,0xFF,
  0xFF,0xFE,0x00,0x00,0x40,0xFE,0xFF,0xE0,0x1B,0xC7,0xFF,0xF0,
  0xFF,0xC0,0x00,0x3F,0xF0,0x01,0xFF,0xFF,0xC0,0x3F,0xE0,0x00,
  0xFF,0xE0,0x03,0xFF,0xFF,0xFF,0xFC,0x00,0x3F,0xFF,0xFF,0xFF,
  0x00,0x07,0xFF,0xFF,0xFF,0xFE,0x00,0x00,0xC0,0x0C,0xFF,0xE6,
  0x18,0xE7,0xFF,0xF0,0xFF,0xC0,0x00,0x3F,0xF0,0x01,0xFF,0xFF,
  0xE0,0x3F,0xE0,0x00,0xFF,0xE0,0x00,0x00,0xFF,0xC0,0x00,0x00,
  0x3F,0xF0,0x00,0x00,0x00,0x07,0xFE,0x00,0x3F,0xFF,0x00,0x00,
  0x9C,0x0C,0x3F,0xEF,0x98,0x63,0xFF,0xF0,0xFF,0xC0,0x00,0x3F,
  0xF0,0x01,0xFF,0xFF,0xF0,0x3F,0xE0,0x00,0xFF,0xE0,0x00,0x00,
  0xFF,0xC0,0x00,0x00,0x3F,0xF0,0x00,0x00,0x00,0x07,0xFE,0x00,
  0x0F,0xFF,0x00,0x00,0x3F,0xDC,0x03,0xEF,0xF8,0x31,0xFF,0xF0,
  0xFF,0xC0,0x00,0x3F,0xF0,0x01,0xFF,0xFF,0xF8,0x3F,0xE0,0x00,
  0xFF,0xE0,0x00,0x00,0xFF,0xC0,0x00,0x00,0x3F,0xF0,0x00,0x00,
  0x00,0x07,0xFE,0x00,0x07,0xFF,0x00,0x00,0x1F,0xF8,0x00,0xCF,
  0xF8,0x15,0xFF,0xF0,0xFF,0xC0,0x00,0x3F,0xF0,0x01,0xFF,0xFF,
  0xFC,0x3F,0xE0,0x00,0xFF,0xE0,0x00,0x00,0xFF,0xC0,0x00,0x00,
  0x3F,0xFF,0xFF,0xF8,0x00,0x07,0xFE,0x00,0x03,0xFF,0x00,0x00,
  0x07,0xF9,0x00,0xCF,0xFA,0x14,0xFF,0xF0,0xFF,0xC0,0x00,0x3F,
  0xF0,0x01,0xFF,0xFF,0xFE,0x3F,0xE0,0x00,0xFF,0xE0,0x00,0x00,
  0xFF,0xC0,0x00,0x00,0x3F,0xFF,0xFF,0xF8,0x00,0x07,0xFE,0x00,
  0x03,0xFF,0x00,0x00,0x01,0xF3,0xC1,0xC7,0xFB,0x92,0xFF,0xF0,
  0xFF,0xC0,0x00,0x3F,0xF0,0x01,0xFF,0xBF,0xFE,0x3F,0xE0,0x00,
  0xFF,0xE0,0x00,0x00,0xFF,0xC0,0x00,0x00,0x3F,0xFF,0xFF,0xF8,
  0x00,0x07,0xFE,0x00,0x03,0xFF,0x80,0x00,0xC0,0xF3,0xF1,0xC1,
  0xFB,0xDA,0x7F,0xF0,0xFF,0xC0,0x00,0x3F,0xF0,0x01,0xFF,0x9F,
  0xFF,0x3F,0xE0,0x00,0xFF,0xE0,0x00,0x00,0xFF,0xC0,0x00,0x00,
  0x3F,0xFF,0xFF,0xF8,0x00,0x07,0xFE,0x00,0x03,0xFF,0x80,0x00,
  0xF0,0xE7,0xFF,0x80,0x73,0xF9,0x7F,0xF0,0xFF,0xC0,0x00,0x3F,
  0xF0,0x01,0xFF,0x8F,0xFF,0xFF,0xE0,0x00,0xFF,0xE0,0x00,0x00,
  0xFF,0xC0,0x00,0x00,0x3F,0xFF,0xFF,0xF8,0x00,0x07,0xFE,0x00,
  0x03,0xFF,0x80,0x00,0xF9,0xC7,0xFF,0x80,0x33,0xF9,0x3F,0xF0,
  0xFF,0xC0,0x00,0x3F,0xF0,0x01,0xFF,0x87,0xFF,0xFF,0xE0,0x00,
  0xFF,0xE0,0x00,0x00,0xFF,0xC0,0x00,0x00,0x3F,0xFF,0xFF,0xF8,
  0x00,0x07,0xFE,0x00,0x03,0xFF,0x00,0x00,0xFF,0x83,0xFF,0x00,
  0x33,0xF9,0x3F,0xF0,0xFF,0xC0,0x00,0x7F,0xF0,0x01,0xFF,0x83,
  0xFF,0xFF,0xE0,0x00,0xFF,0xE0,0x00,0x00,0xFF,0xC0,0x00,0x00,
  0x3F,0xFF,0xFF,0xF8,0x00,0x07,0xFE,0x00,0x07,0xFF,0x00,0x00,
  0xFF,0x80,0xFF,0x30,0x33,0xFA,0xBF,0xF0,0xFF,0xE0,0x00,0x7F,
  0xF0,0x01,0xFF,0x81,0xFF,0xFF,0xE0,0x00,0xFF,0xE0,0x00,0x00,
  0xFF,0xC0,0x00,0x00,0x3F,0xF0,0x00,0x00,0x00,0x07,0xFE,0x00,
  0x07,0xFF,0x00,0x00,0x7F,0x00,0x3E,0x7C,0x70,0xFB,0x9F,0xF0,
  0xFF,0xF0,0x00,0xFF,0xE0,0x01,0xFF,0x80,0xFF,0xFF,0xE0,0x00,
  0xFF,0xE0,0x00,0x00,0xFF,0xC0,0x00,0x00,0x3F,0xF0,0x00,0x00,
  0x00,0x07,0xFE,0x00,0x1F,0xFF,0x00,0x00,0x3E,0x40,0x1E,0x7F,
  0x60,0x73,0x9F,0xF0,0x7F,0xF8,0x03,0xFF,0xE0,0x01,0xFF,0x80,
  0x7F,0xFF,0xE0,0x00,0xFF,0xE0,0x00,0x00,0xFF,0xC0,0x00,0x00,
  0x3F,0xF0,0x00,0x00,0x00,0x07,0xFE,0x00,0xFF,0xFE,0x00,0x00,
  0x3C,0xE0,0x1C,0xFF,0xE0,0x33,0x9F,0xF0,0x7F,0xFF,0xFF,0xFF,
  0xE0,0x01,0xFF,0x80,0x3F,0xFF,0xE0,0x00,0xFF,0xE0,0x00,0x00,
  0xFF,0xC0,0x00,0x00,0x3F,0xFF,0xFF,0xFF,0x00,0x07,0xFF,0xFF,
  0xFF,0xFE,0x00,0x00,0xF9,0xF8,0x39,0xFF,0xE0,0x33,0x8F,0xF0,
  0x3F,0xFF,0xFF,0xFF,0xC0,0x01,0xFF,0x80,0x1F,0xFF,0xE0,0x00,
  0xFF,0xE0,0x00,0x00,0xFF,0xC0,0x00,0x00,0x3F,0xFF,0xFF,0xFF,
  0x00,0x07,0xFF,0xFF,0xFF,0xFC,0x00,0x00,0xE3,0xFC,0x71,0xFF,
  0xC0,0x37,0x8F,0xF0,0x3F,0xFF,0xFF,0xFF,0x80,0x01,0xFF,0x80,
  0x0F,0xFF,0xE0,0x00,0xFF,0xE0,0x00,0x00,0xFF,0xC0,0x00,0x00,
  0x3F,0xFF,0xFF,0xFF,0x00,0x07,0xFF,0xFF,0xFF,0xFC,0x00,0x00,
  0xC3,0xFE,0xF0,0x7F,0xD8,0x33,0x8F,0xF0,0x1F,0xFF,0xFF,0xFF,
  0x80,0x01,0xFF,0x80,0x07,0xFF,0xE0,0x00,0xFF,0xE0,0x00,0x00,
  0xFF,0xC0,0x00,0x00,0x3F,0xFF,0xFF,0xFF,0x00,0x07,0xFF,0xFF,
  0xFF,0xF8,0x00,0x00,0x83,0xFF,0xE0,0x3F,0x9C,0x63,0x8F,0xF0,
  0x0F,0xFF,0xFF,0xFF,0x00,0x01,0xFF,0x80,0x03,0xFF,0xE0,0x00,
  0xFF,0xE0,0x00,0x00,0xFF,0xC0,0x00,0x00,0x3F,0xFF,0xFF,0xFF,
  0x00,0x07,0xFF,0xFF,0xFF,0xF0,0x00,0x00,0x01,0xFF,0xC0,0x1F,
  0xBF,0x61,0x8F,0xF0,0x07,0xFF,0xFF,0xFE,0x00,0x01,0xFF,0x80,
  0x01,0xFF,0xE0,0x00,0xFF,0xE0,0x00,0x00,0xFF,0xE0,0x00,0x00,
  0x3F,0xFF,0xFF,0xFF,0x00,0x07,0xFF,0xFF,0xFF,0xC0,0x00,0x00,
  0x00,0xFF,0x80,0x07,0x3F,0xE0,0xAF,0xF0,0x01,0xFF,0xFF,0xF8,
  0x00,0x01,0xFF,0x80,0x00,0xFF,0xE0,0x00,0xFF,0xE0,0x00,0x00,
  0xFF,0xE0,0x00,0x00,0x3F,0xFF,0xFF,0xFF,0x00,0x07,0xFF,0xFF,
  0xFF,0x00,0x00,0x00,0xC0,0x7F,0x10,0x0E,0x7F,0xC0,0xA7,0xF0,
  0x00,0x7F,0xFF,0xE0,0x00,0x00,0xFF,0x80,0x00,0x7F,0xE0,0x00,
  0xFF,0xE0,0x00,0x00,0xFF,0xC0,0x00,0x00,0x3F,0xFF,0xFF,0xFF,
  0x00,0x07,0xFF,0xFF,0xF8,0x00,0x00,0x00,0xE0,0x3E,0x38,0x1E,
  0x7F,0xC1,0xA7,0xF0,0x00,0x07,0xFE,0x00,0x00,0x00,0x00,0x00,
  0x00,0x00,0x00,0x00,0x00,0x00,0x00,0x00,0x00,0x00,0x00,0x00,
  0x00,0x00,0x00,0x00,0x00,0x00,0x00,0x00,0x00,0x00,0x00,0x00,
  0xE0,0x3C,0x7C,0x1C,0xFF,0xC1,0xA7,0xF0,0x00,0x00,0x00,0x00,
  0x00,0x00,0x00,0x00,0x00,0x00,0x00,0x00,0x00,0x00,0x00,0x00,
  0x00,0x00,0x00,0x00,0x00,0x00,0x00,0x00,0x00,0x00,0x00,0x00,
  0x00,0x00,0x00,0x00,0xF0,0xF8,0xFE,0x38,0x7F,0x99,0x27,0xF0,
  0x00,0x00,0x00,0x00,0x00,0x00,0x00,0x00,0x00,0x00,0x00,0x00,
  0x00,0x00,0x00,0x00,0x00,0x00,0x00,0x00,0x00,0x00,0x00,0x00,
  0x00,0x00,0x00,0x00,0x00,0x00,0x00,0x00,0xF9,0xF1,0xFF,0x70,
  0x1F,0xB9,0x27,0xF0,0x00,0x00,0x00,0x00,0x00,0x00,0x00,0x00,
  0x00,0x00,0x00,0x00,0x00,0x00,0x00,0x00,0x00,0x00,0x00,0x00,
  0x00,0x00,0x00,0x00,0x00,0x00,0x00,0x00,0x00,0x00,0x00,0x00,
  0xFF,0xC3,0xFF,0xF0,0x0F,0x3F,0x27,0xF0,0x00,0x00,0x00,0x00,
  0x00,0x00,0x00,0x00,0x00,0x00,0x00,0x00,0x00,0x00,0x00,0x00,
  0x00,0x00,0x00,0x00,0x00,0x00,0x00,0x00,0x00,0x00,0x00,0x00,
  0x00,0x00,0x00,0x00,0xFF,0x83,0xFF,0xE0,0x07,0x7E,0x2F,0xF0,
  0x00,0x00,0x00,0x00,0x00,0x00,0x00,0x00,0x00,0x00,0x00,0x00,
  0x00,0x00,0x00,0x00,0x00,0x00,0x00,0x00,0x00,0x00,0x00,0x00,
  0x00,0x00,0x00,0x00,0x00,0x00,0x00,0x00,0xFF,0x01,0xFF,0xC0,
  0x0E,0x7E,0x2F,0xF0,0x00,0x00,0x00,0x00,0x00,0x00,0x00,0x00,
  0x00,0x00,0x00,0x00,0x00,0x00,0x00,0x00,0x00,0x00,0x00,0x00,
  0x00,0x00,0x00,0x00,0x00,0x00,0x00,0x00,0x00,0x00,0x00,0x00,
  0xFC,0x00,0xFF,0x80,0x0E,0xFE,0x6F,0xF0,0x00,0x00,0x00,0x00,
  0x00,0x00,0x00,0x00,0x00,0x00,0x00,0x00,0x00,0x00,0x00,0x00,
  0x00,0x00,0x00,0x00,0x00,0x00,0x00,0x00,0x00,0x00,0x00,0x00,
  0x00,0x00,0x00,0x00,0xF8,0x00,0x7F,0x18,0x1C,0xFC,0xCF,0xF0,
  0x00,0x00,0x00,0x00,0x00,0x00,0x00,0x00,0x00,0x00,0x00,0x00,
  0x00,0x00,0x00,0x00,0x00,0x00,0x00,0x00,0x00,0x00,0x00,0x00,
  0x00,0x00,0x00,0x00,0x00,0x00,0x00,0x00,0xE1,0x80,0x3E,0x3C,
  0x38,0x7D,0xCF,0xF0,0x00,0x00,0x00,0x00,0x00,0x00,0x00,0x00,
  0x00,0x00,0x00,0x00,0x00,0x00,0x00,0x00,0x00,0x00,0x00,0x00,
  0x00,0x00,0x00,0x00,0x00,0x00,0x00,0x00,0x00,0x00,0x00,0x00,
  0x87,0x80,0x3C,0x7E,0x70,0x39,0xCF,0xF0,0x00,0x00,0x00,0x00,
  0x00,0x00,0x00,0x00,0x00,0x00,0x00,0x00,0x00,0x00,0x00,0x00,
  0x00,0x00,0x00,0x00,0x00,0x00,0x00,0x00,0x00,0x00,0x00,0x00,
  0x00,0x00,0x00,0x00,0x0F,0xC0,0xF8,0xFF,0xF0,0x3B,0xDF,0xF0,
  0x00,0x00,0x00,0x00,0x00,0x00,0x00,0x00,0x00,0x00,0x00,0x00,
  0x00,0x00,0x00,0x00,0x00,0x00,0x00,0x00,0x00,0x00,0x00,0x00,
  0x00,0x00,0x00,0x00,0x00,0x00,0x00,0x00,0x3F,0xE1,0xF1,0xFF,
  0xE0,0x33,0x9F,0xF0,0x00,0x00,0x00,0x00,0x00,0x00,0x00,0x00,
  0x00,0x00,0x00,0x00,0x00,0x00,0x00,0x00,0x00,0x00,0x00,0x00,
  0x00,0x00,0x00,0x00,0x00,0x00,0x00,0x00,0x00,0x00,0x00,0x00,
  0xFF,0xF3,0xC3,0xFF,0xC0,0x77,0x9F,0xF0,0x00,0x00,0x00,0x00,
  0x00,0x00,0x00,0x00,0x00,0x00,0x00,0x00,0x00,0x00,0x00,0x00,
  0x00,0x00,0x00,0x00,0x00,0x00,0x00,0x00,0x00,0x00,0x00,0x00,
  0x00,0x00,0x00,0x00,0xFF,0xFF,0x83,0xFF,0x80,0x67,0xBF,0xF0,
};
static const uint8_t logo_ups[] PROGMEM = {
  0x00,0x00,0x3F,0xFF,0x80,0x00,0x00,0x00,0x00,0x00,0x00,0x00,
  0x00,0x00,0x00,0x00,0x00,0x00,0x00,0x00,0x00,0x00,0x00,0x0F,
  0xFF,0xFF,0xFC,0x00,0x00,0x00,0x00,0x00,0x00,0x00,0x00,0x00,
  0x00,0x00,0x00,0x00,0x00,0x00,0x00,0x00,0x00,0x7F,0xFF,0xFF,
  0xFF,0xC0,0x00,0x00,0x00,0x00,0x00,0x00,0x00,0x00,0x00,0x00,
  0x00,0x00,0x00,0x00,0x00,0x00,0x03,0xFF,0xFF,0xFF,0xFF,0xF8,
  0x00,0x00,0x00,0x00,0x00,0x00,0x00,0x00,0x00,0x00,0x00,0x00,
  0x00,0x00,0x00,0x00,0x1F,0xFF,0xFF,0xFF,0xFF,0xFE,0x00,0x00,
  0x00,0x00,0x00,0x00,0x00,0x00,0x00,0x00,0x00,0x00,0x00,0x00,
  0x00,0x00,0x7F,0xFF,0xFF,0xFF,0xFF,0xFF,0xC0,0x00,0x00,0x00,
  0x00,0x00,0x00,0x00,0x00,0x00,0x00,0x00,0x00,0x00,0x00,0x00,
  0xFF,0xFF,0xFF,0xFF,0xFF,0xFF,0xE0,0x00,0x00,0x00,0x00,0x00,
  0x00,0x00,0x00,0x00,0x00,0x00,0x00,0x00,0x00,0x00,0xFF,0xFF,
  0xFF,0xFF,0xFF,0xFF,0xE0,0x00,0x00,0x00,0x00,0x00,0x00,0x00,
  0x00,0x00,0x00,0x00,0x00,0x00,0x00,0x00,0xFF,0xFF,0xFF,0xFF,
  0xFF,0xFF,0xE0,0x00,0x00,0x00,0x00,0x00,0x00,0x00,0x00,0x00,
  0x00,0x00,0x00,0x00,0x00,0x00,0xFF,0xFF,0xFF,0xFF,0xFF,0xFF,
  0xE0,0x00,0x00,0x00,0x00,0x00,0x00,0x00,0x00,0x00,0x00,0x00,
  0x00,0x00,0x00,0x00,0xFF,0xFF,0xFF,0xFF,0xFF,0xFF,0xE0,0x00,
  0x00,0x00,0x00,0x00,0x00,0x00,0x00,0x00,0x00,0x00,0x00,0x00,
  0x00,0x00,0xFF,0xFF,0xFF,0xFF,0xFF,0xFF,0xE0,0x00,0x00,0x00,
  0x00,0x00,0x00,0x00,0x00,0x00,0x00,0x00,0x00,0x00,0x00,0x00,
  0xFF,0xFF,0xFF,0xFF,0xFF,0xFF,0xE0,0x00,0x00,0x00,0x00,0x00,
  0x00,0x00,0x00,0x00,0x00,0x00,0x00,0x00,0x00,0x00,0xFF,0xFF,
  0xFF,0xFF,0xFF,0xFF,0xE0,0x00,0x00,0x00,0x00,0x00,0x00,0x00,
  0x00,0x00,0x00,0x00,0x00,0x00,0x00,0x00,0xFF,0xFF,0xFF,0xFF,
  0xFF,0xFF,0xE0,0x00,0x00,0x00,0x00,0x00,0x00,0x00,0x00,0x00,
  0x00,0x00,0x00,0x00,0x00,0x00,0xFF,0xFF,0xFF,0xFF,0xFF,0xFF,
  0xE0,0x00,0x00,0x00,0x00,0x00,0x00,0x00,0x00,0x00,0x00,0x00,
  0x00,0x00,0x00,0x00,0xFF,0xFF,0xFF,0xFF,0xFF,0xFF,0xE0,0x00,
  0x00,0x00,0x00,0x00,0x00,0x00,0x00,0x00,0x00,0x00,0x00,0x00,
  0x00,0x00,0xFF,0xFF,0xFF,0xFF,0xFF,0xFF,0xE0,0x00,0x00,0x00,
  0x00,0x00,0x00,0x00,0x00,0x00,0x00,0x00,0x00,0x00,0x00,0x00,
  0xFF,0xFF,0xFF,0xFF,0xFF,0xFF,0xE0,0x00,0x06,0x00,0x00,0x00,
  0x00,0x03,0xF8,0x00,0x00,0x00,0x00,0x00,0x00,0x00,0xFF,0xFF,
  0xFF,0xFF,0xFF,0xFF,0xE0,0x00,0x0F,0x00,0x30,0x00,0x00,0x0F,
  0xFE,0x00,0x00,0x00,0x00,0x00,0x00,0x00,0xFF,0xFF,0xFF,0xFF,
  0xFF,0xFF,0xE0,0x00,0x0F,0x00,0x78,0x00,0x00,0x3F,0xFE,0x00,
  0x00,0x00,0x00,0x00,0x00,0x00,0xFF,0xFF,0xFF,0xFF,0xFF,0xFF,
  0xE0,0x00,0x1F,0x80,0x78,0x00,0x00,0x7E,0x0E,0x00,0x00,0x00,
  0x00,0x00,0x00,0x00,0xFF,0xFF,0xFF,0xFF,0xFF,0xFF,0xE0,0x00,
  0x1F,0x80,0x30,0x00,0x00,0xF8,0x00,0x00,0x00,0x00,0x00,0x00,
  0x00,0x00,0xFF,0xFF,0xFF,0xFF,0xFF,0xFF,0xE0,0x00,0x3F,0xC0,
  0x00,0x00,0x00,0xF0,0x00,0x00,0x00,0x00,0x00,0x00,0x00,0x00,
  0xFF,0xFF,0xFF,0xFF,0xFF,0xFF,0xE0,0x00,0x39,0xC0,0x30,0xE7,
  0x01,0xF0,0x00,0x1F,0x81,0x8C,0x1F,0x30,0x1F,0x80,0xFF,0xFF,
  0xFF,0xFF,0xFF,0xFF,0xE0,0x00,0x79,0xC0,0x78,0xEF,0x01,0xE0,
  0x00,0x7F,0xE1,0xDE,0x3F,0xF0,0x7F,0xE0,0xFF,0xFF,0xFF,0xFF,
  0xFF,0xFF,0xE0,0x00,0x71,0xE0,0x78,0xFF,0x01,0xE0,0x00,0x7F,
  0xE1,0xFC,0x7F,0xF0,0xFF,0xE0,0xFF,0xFF,0xFF,0xFF,0xFF,0xFF,
  0xE0,0x00,0x70,0xE0,0x78,0xF8,0x01,0xE0,0x00,0x20,0xF1,0xF0,
  0xF0,0xF0,0xF0,0xF0,0xFF,0xFF,0xFF,0xFF,0xFF,0xFF,0xE0,0x00,
  0xF0,0xF0,0x78,0xF0,0x01,0xE0,0x00,0x00,0xF1,0xE0,0xE0,0x71,
  0xE0,0x78,0xFF,0xFF,0xFF,0xFF,0xFF,0xFF,0xE0,0x00,0xE0,0x70,
  0x78,0xF0,0x01,0xE0,0x00,0x00,0xF1,0xC1,0xE0,0x71,0xE0,0x78,
  0xFF,0xFF,0xFF,0xFF,0xFF,0xFF,0xE0,0x01,0xFF,0xF8,0x78,0xF0,
  0x01,0xE0,0x00,0x0F,0xF1,0xC1,0xE0,0x71,0xC0,0x78,0xFF,0xFF,
  0xFF,0xFF,0xFF,0xFF,0xE0,0x01,0xFF,0xF8,0x78,0xF0,0x01,0xE0,
  0x00,0x3F,0xF1,0xC1,0xE0,0x71,0xC0,0x78,0xFF,0xFF,0xFF,0xFF,
  0xFF,0xFF,0xE0,0x03,0xFF,0xF8,0x78,0xF0,0x01,0xF0,0x00,0x7F,
  0xF1,0xC1,0xE0,0x71,0xC0,0x78,0xFF,0xFF,0xFF,0xFF,0xFF,0xFF,
  0xE0,0x03,0xC0,0x3C,0x78,0xF0,0x00,0xF0,0x00,0xF0,0xF1,0xC1,
  0xE0,0x71,0xC0,0x78,0xFF,0xFF,0xFF,0xFF,0xFF,0xFF,0xE0,0x03,
  0x80,0x3C,0x78,0xF0,0x00,0xF8,0x00,0xF0,0xF1,0xC1,0xE0,0x71,
  0xE0,0x78,0xFF,0xFF,0xFF,0xFF,0xFF,0xFF,0xE0,0x07,0x80,0x1E,
  0x78,0xF0,0x00,0x7C,0x04,0xF0,0xF1,0xC0,0xF0,0xF1,0xE0,0xF0,
  0xFF,0xFF,0xFF,0xFF,0xFF,0xFF,0xE0,0x07,0x00,0x1E,0x78,0xF0,
  0x00,0x3F,0xFE,0x79,0xF1,0xC0,0xFF,0xF0,0xF9,0xF0,0xFF,0xFF,
  0xFF,0xFF,0xFF,0xFF,0xE0,0x0F,0x00,0x0F,0x78,0xF0,0x00,0x1F,
  0xFE,0x7F,0xF9,0xC0,0x7F,0xF0,0x7F,0xE0,0xFF,0xFF,0xFF,0xFF,
  0xFF,0xFF,0xE0,0x0F,0x00,0x0F,0x78,0xF0,0x00,0x07,0xFC,0x3F,
  0x79,0xC0,0x1F,0x70,0x3F,0x80,0xFF,0xFF,0xFF,0xFF,0xFF,0xFF,
  0xC0,0x00,0x00,0x00,0x00,0x00,0x00,0x00,0x00,0x00,0x00,0x00,
  0x00,0x70,0x00,0x00,0x7F,0xFF,0xFF,0xFF,0xFF,0xFF,0xC0,0x00,
  0x00,0x00,0x00,0x00,0x00,0x00,0x00,0x00,0x00,0x00,0x00,0x70,
  0x00,0x00,0x7F,0xFF,0xFF,0xFF,0xFF,0xFF,0xC0,0x00,0x00,0x00,
  0x00,0x00,0x00,0x00,0x00,0x00,0x00,0x00,0x40,0xF0,0x00,0x00,
  0x7F,0xFF,0xFF,0xFF,0xFF,0xFF,0x80,0x00,0x00,0x00,0x00,0x00,
  0x00,0x00,0x00,0x00,0x00,0x00,0x7F,0xE0,0x00,0x00,0x3F,0xFF,
  0xFF,0xFF,0xFF,0xFF,0x80,0x00,0x00,0x00,0x00,0x00,0x00,0x00,
  0x00,0x00,0x00,0x00,0xFF,0xC0,0x00,0x00,0x3F,0xFF,0xFF,0xFF,
  0xFF,0xFF,0x80,0x00,0x00,0x00,0x00,0x00,0x00,0x00,0x00,0x00,
  0x00,0x00,0x7F,0x80,0x00,0x00,0x1F,0xFF,0xFF,0xFF,0xFF,0xFF,
  0x00,0x00,0x00,0x00,0x00,0x00,0x00,0x00,0x00,0x00,0x00,0x00,
  0x00,0x00,0x00,0x00,0x1F,0xFF,0xFF,0xFF,0xFF,0xFE,0x00,0x00,
  0x00,0x00,0x00,0x00,0x00,0x00,0x00,0x00,0x00,0x00,0x00,0x00,
  0x00,0x00,0x0F,0xFF,0xFF,0xFF,0xFF,0xFE,0x00,0x00,0x00,0x00,
  0x00,0x00,0x00,0x00,0x00,0x00,0x00,0x00,0x00,0x00,0x00,0x00,
  0x07,0xFF,0xFF,0xFF,0xFF,0xFC,0x00,0x00,0x00,0x00,0x00,0x00,
  0x00,0x00,0x00,0x00,0x00,0x00,0x00,0x00,0x00,0x00,0x03,0xFF,
  0xFF,0xFF,0xFF,0xF8,0x00,0x00,0x00,0x00,0x00,0x00,0x00,0x00,
  0x00,0x00,0x00,0x00,0x00,0x00,0x00,0x00,0x01,0xFF,0xFF,0xFF,
  0xFF,0xE0,0x00,0x00,0x00,0x00,0x00,0x00,0x00,0x00,0x00,0x00,
  0x00,0x00,0x00,0x00,0x00,0x00,0x00,0x7F,0xFF,0xFF,0xFF,0xC0,
  0x00,0x00,0x00,0x00,0x00,0x00,0x00,0x00,0x00,0x00,0x00,0x00,
  0x00,0x00,0x00,0x00,0x00,0x3F,0xFF,0xFF,0xFF,0x00,0x00,0x00,
  0x00,0x00,0x00,0x00,0x00,0x00,0x00,0x00,0x00,0x00,0x00,0x00,
  0x00,0x00,0x00,0x0F,0xFF,0xFF,0xFE,0x00,0x00,0x00,0x00,0x00,
  0x00,0x00,0x00,0x00,0x00,0x00,0x00,0x00,0x00,0x00,0x00,0x00,
  0x00,0x03,0xFF,0xFF,0xF8,0x00,0x00,0x00,0x00,0x00,0x00,0x00,
  0x00,0x00,0x00,0x00,0x00,0x00,0x00,0x00,0x00,0x00,0x00,0x00,
  0xFF,0xFF,0xE0,0x00,0x00,0x00,0x00,0x00,0x00,0x00,0x00,0x00,
  0x00,0x00,0x00,0x00,0x00,0x00,0x00,0x00,0x00,0x00,0x3F,0xFF,
  0x80,0x00,0x00,0x00,0x00,0x00,0x00,0x00,0x00,0x00,0x00,0x00,
  0x00,0x00,0x00,0x00,0x00,0x00,0x00,0x00,0x0F,0xFE,0x00,0x00,
  0x00,0x00,0x00,0x00,0x00,0x00,0x00,0x00,0x00,0x00,0x00,0x00,
  0x00,0x00,0x00,0x00,0x00,0x00,0x03,0xF8,0x00,0x00,0x00,0x00,
  0x00,0x00,0x00,0x00,0x00,0x00,0x00,0x00,0x00,0x00,0x00,0x00,
  0x00,0x00,0x00,0x00,0x00,0xE0,0x00,0x00,0x00,0x00,0x00,0x00,
  0x00,0x00,0x00,0x00,0x00,0x00,0x00,0x00,0x00,0x00,0x00,0x00,
};
static const uint8_t logo_voi[] PROGMEM = {
  0x00,0x00,0x00,0x00,0x00,0x00,0x00,0x00,0x00,0x00,0x00,0x00,
  0x00,0x00,0x00,0x00,0x00,0x00,0x00,0x00,0x00,0x00,0x00,0x07,
  0xF8,0x00,0x00,0x00,0x00,0x00,0x00,0x00,0x00,0x00,0x00,0x00,
  0x00,0x00,0x00,0x00,0x00,0x00,0x00,0x00,0x00,0x00,0x00,0x00,
  0x00,0x00,0x00,0x07,0xF8,0x00,0x00,0x00,0x00,0x00,0x00,0x00,
  0x00,0x00,0x00,0x00,0x00,0x00,0x00,0x00,0x00,0x00,0x00,0x00,
  0x00,0x00,0x00,0x00,0x00,0x00,0x00,0x07,0xF8,0x00,0x00,0x00,
  0x00,0x00,0x00,0x00,0x00,0x00,0x00,0x00,0x00,0x00,0x00,0x00,
  0x00,0x00,0x00,0x00,0x00,0x00,0x00,0x00,0x00,0x00,0x00,0x07,
  0xF8,0x00,0x00,0x00,0x00,0x00,0x00,0x00,0x00,0x00,0x00,0x00,
  0x00,0x00,0x00,0x00,0x00,0x00,0x00,0x00,0x00,0x00,0x00,0x00,
  0x00,0x00,0x00,0x07,0xF8,0x00,0x00,0x00,0x00,0x00,0x00,0x00,
  0x00,0x00,0x00,0x00,0x00,0x00,0x00,0x00,0x00,0x00,0x00,0x00,
  0x00,0x00,0x00,0x00,0x00,0x00,0x00,0x07,0xF8,0x00,0x00,0x00,
  0x00,0x00,0x00,0x00,0x00,0x00,0x00,0x00,0x00,0x00,0x00,0x00,
  0x00,0x00,0x00,0x00,0x00,0x00,0x00,0x00,0x00,0x00,0x00,0x07,
  0xF8,0x00,0x00,0x00,0x00,0x00,0x00,0x00,0x00,0x00,0x00,0x00,
  0x00,0x00,0x00,0x00,0x00,0x00,0x00,0x00,0x00,0x00,0x00,0x00,
  0x00,0x00,0x00,0x07,0xF8,0x00,0x00,0x00,0x00,0x00,0x00,0x00,
  0x00,0x00,0x00,0x00,0x00,0x00,0x00,0x00,0x00,0x00,0x00,0x00,
  0x00,0x00,0x00,0x00,0x00,0x00,0x00,0x07,0xF8,0x00,0x00,0x00,
  0x00,0x00,0x00,0x00,0x00,0x00,0x00,0x00,0x00,0x00,0x00,0x00,
  0x00,0x00,0x00,0x00,0x00,0x00,0x00,0x00,0x00,0x00,0x00,0x07,
  0xF8,0x00,0x00,0x00,0x00,0x00,0x00,0x00,0x00,0x00,0x00,0x00,
  0x00,0x00,0x00,0x00,0x00,0x00,0x00,0x00,0x00,0x00,0x00,0x00,
  0x00,0x00,0x00,0x07,0xF8,0x00,0x00,0x00,0x00,0x00,0x00,0x00,
  0x00,0x00,0x00,0x00,0x00,0x00,0x00,0x00,0x00,0x00,0x00,0x00,
  0x00,0x00,0x00,0x00,0x00,0x00,0x00,0x07,0xF8,0x00,0x00,0x00,
  0x00,0x00,0x00,0x00,0x00,0x00,0x00,0x07,0xFC,0x00,0x00,0x00,
  0x00,0x00,0x00,0x03,0xFC,0x00,0x00,0x00,0x00,0x00,0x00,0x07,
  0xF8,0x00,0x00,0x00,0x00,0x00,0x00,0x00,0x00,0x00,0x00,0x07,
  0xFC,0x00,0x00,0x00,0x00,0x00,0x00,0x03,0xFC,0x00,0x00,0x00,
  0x00,0x00,0x00,0x07,0xF8,0x00,0x00,0x00,0x00,0x00,0x00,0x00,
  0x00,0x00,0x00,0x07,0xFC,0x00,0x00,0x00,0x00,0x00,0x00,0x03,
  0xFC,0x00,0x00,0x00,0x00,0x00,0x00,0x07,0xF8,0x00,0x00,0x00,
  0x00,0x00,0x00,0x00,0x00,0x00,0x00,0x07,0xFC,0x00,0x00,0x00,
  0x00,0x00,0x00,0x03,0xFC,0x00,0x00,0x00,0x00,0x00,0x00,0x07,
  0xF8,0x00,0x00,0x00,0x00,0x00,0x00,0x00,0x00,0x00,0x00,0x07,
  0xFC,0x00,0x00,0x00,0x00,0x00,0x00,0x03,0xFC,0x00,0x00,0x00,
  0x00,0x00,0x00,0x0F,0xFC,0x00,0x00,0x00,0x00,0x00,0x00,0x00,
  0x00,0x00,0x00,0x07,0xFC,0x00,0x00,0x00,0x00,0x00,0x00,0x03,
  0xFC,0x00,0x00,0x00,0x00,0x00,0x0F,0xFF,0xFF,0xFC,0x00,0x00,
  0x00,0x00,0x00,0x00,0x00,0x00,0x00,0x07,0xFC,0x00,0x00,0x00,
  0x00,0x00,0x00,0x03,0xFC,0x00,0x00,0x00,0x00,0x00,0x0F,0xFF,
  0xFF,0xFC,0x00,0x00,0x00,0x00,0x00,0x00,0x00,0x00,0x00,0x07,
  0xFC,0x00,0x00,0x00,0x00,0x00,0x00,0x00,0x00,0x00,0x00,0x00,
  0x00,0x00,0x0F,0xFF,0xFF,0xFC,0x00,0x00,0x00,0x00,0x00,0x00,
  0x00,0x00,0x00,0x07,0xFC,0x00,0x00,0x00,0x00,0x00,0x00,0x00,
  0x00,0x00,0x00,0x00,0x00,0x00,0x0F,0xFF,0xFF,0xFC,0x00,0x00,
  0x00,0x00,0x00,0x00,0x00,0x00,0x00,0x07,0xFC,0x00,0x00,0x00,
  0x00,0x00,0x00,0x00,0x00,0x00,0x00,0x00,0x00,0x00,0x0F,0xFF,
  0xFF,0xFC,0x00,0x00,0x00,0x00,0x00,0x00,0x00,0x00,0x00,0x07,
  0xFC,0x00,0x00,0x00,0x00,0x00,0x00,0x00,0x00,0x00,0x00,0x00,
  0x00,0x00,0x0F,0xFF,0xFF,0xFC,0x00,0x00,0x00,0x00,0x00,0x00,
  0x00,0xFF,0x00,0x07,0xFC,0x00,0x3E,0x00,0x00,0x00,0x00,0x80,
  0x00,0x00,0xFF,0x80,0x00,0x00,0x0F,0xFF,0xFF,0xFC,0x00,0x00,
  0xFF,0xC0,0x07,0xFE,0x07,0xFF,0xE0,0x07,0xFC,0x01,0xFF,0xC7,
  0xF8,0x7F,0x8F,0xC3,0xFC,0x07,0xFF,0xF0,0x00,0x00,0x0F,0xFF,
  0xFF,0xFC,0x00,0x00,0xFF,0xC0,0x07,0xFE,0x1F,0xFF,0xF8,0x07,
  0xFC,0x03,0xFF,0xE7,0xF8,0x7F,0x9F,0xC3,0xFC,0x0F,0xFF,0xF8,
  0x1F,0xFF,0xFF,0xFF,0xFF,0xFF,0xFF,0xFE,0x7F,0xE0,0x07,0xFC,
  0x3F,0xFF,0xFC,0x07,0xFC,0x0F,0xFF,0xFF,0xF8,0x7F,0xBF,0xC3,
  0xFC,0x1F,0xFF,0xF0,0x1F,0xFF,0xFF,0xFF,0xFF,0xFF,0xFF,0xFE,
  0x3F,0xE0,0x0F,0xF8,0x7F,0xFF,0xFE,0x07,0xFC,0x1F,0xFF,0xFF,
  0xF8,0x7F,0xFF,0xC3,0xFC,0x1F,0xFF,0xF0,0x1F,0xFF,0xFF,0xFF,
  0xFF,0xFF,0xFF,0xFE,0x3F,0xE0,0x0F,0xF8,0xFF,0xFF,0xFF,0x07,
  0xFC,0x1F,0xFF,0xFF,0xF8,0x7F,0xFF,0xC3,0xFC,0x3F,0xFF,0xE0,
  0x1F,0xFF,0xFF,0xFF,0xFF,0xFF,0xFF,0xFE,0x3F,0xF0,0x1F,0xF1,
  0xFF,0xFF,0xFF,0x87,0xFC,0x3F,0xFF,0xFF,0xF8,0x7F,0xFF,0xC3,
  0xFC,0x3F,0xE1,0xC0,0x1F,0xFF,0xFF,0xFF,0xFF,0xFF,0xFF,0xFE,
  0x1F,0xF0,0x1F,0xF1,0xFF,0xE7,0xFF,0x87,0xFC,0x3F,0xFC,0xFF,
  0xF8,0x7F,0xFF,0xC3,0xFC,0x3F,0xC0,0x00,0x1F,0xFF,0xFF,0xFF,
  0xFF,0xFF,0xFF,0xFE,0x1F,0xF8,0x3F,0xE3,0xFF,0x01,0xFF,0xC7,
  0xFC,0x7F,0xF0,0x3F,0xF8,0x7F,0xF0,0x03,0xFC,0x3F,0xE0,0x00,
  0x1F,0xFF,0xFF,0xFF,0xFF,0xFF,0xFF,0xFE,0x0F,0xF8,0x3F,0xE3,
  0xFE,0x00,0xFF,0xC7,0xFC,0x7F,0xC0,0x0F,0xF8,0x7F,0xE0,0x03,
  0xFC,0x3F,0xF8,0x00,0x1F,0xFF,0xFF,0xFF,0xFF,0xFF,0xFF,0xFE,
  0x0F,0xFC,0x3F,0xC3,0xFE,0x00,0x7F,0xC7,0xFC,0x7F,0xC0,0x0F,
  0xF8,0x7F,0xC0,0x03,0xFC,0x3F,0xFF,0x80,0x1F,0xFF,0xFF,0xFF,
  0xFF,0xFF,0xFF,0xFE,0x07,0xFC,0x7F,0xC7,0xFC,0x00,0x7F,0xC7,
  0xFC,0x7F,0x80,0x07,0xF8,0x7F,0xC0,0x03,0xFC,0x3F,0xFF,0xE0,
  0x00,0x00,0x0F,0xFF,0xFF,0xFC,0x00,0x00,0x07,0xFC,0x7F,0x87,
  0xFC,0x00,0x3F,0xC7,0xFC,0x7F,0x80,0x07,0xF8,0x7F,0x80,0x03,
  0xFC,0x1F,0xFF,0xF0,0x00,0x00,0x0F,0xFF,0xFF,0xFC,0x00,0x00,
  0x03,0xFE,0xFF,0x87,0xFC,0x00,0x3F,0xC7,0xFC,0x7F,0x80,0x07,
  0xF8,0x7F,0x80,0x03,0xFC,0x0F,0xFF,0xF8,0x00,0x00,0x0F,0xFF,
  0xFF,0xFC,0x00,0x00,0x03,0xFE,0xFF,0x07,0xFC,0x00,0x7F,0xC7,
  0xFC,0x7F,0x80,0x07,0xF8,0x7F,0x80,0x03,0xFC,0x03,0xFF,0xFC,
  0x00,0x00,0x0F,0xFF,0xFF,0xFC,0x00,0x00,0x01,0xFF,0xFF,0x03,
  0xFE,0x00,0x7F,0xC7,0xFC,0x7F,0xC0,0x0F,0xF8,0x7F,0x80,0x03,
  0xFC,0x00,0x3F,0xFC,0x00,0x00,0x0F,0xFF,0xFF,0xFC,0x00,0x00,
  0x01,0xFF,0xFE,0x03,0xFE,0x00,0xFF,0xC7,0xFC,0x7F,0xE0,0x1F,
  0xF8,0x7F,0x80,0x03,0xFC,0x00,0x07,0xFC,0x00,0x00,0x0F,0xFF,
  0xFF,0xFC,0x00,0x00,0x00,0xFF,0xFE,0x03,0xFF,0x81,0xFF,0xC7,
  0xFC,0x7F,0xF0,0x3F,0xF8,0x7F,0x80,0x03,0xFC,0x00,0x07,0xFC,
  0x00,0x00,0x0F,0xFF,0xFF,0xFC,0x00,0x00,0x00,0xFF,0xFC,0x01,
  0xFF,0xFF,0xFF,0x87,0xFC,0x3F,0xFF,0xFF,0xF8,0x7F,0x80,0x03,
  0xFC,0x0E,0x07,0xFC,0x00,0x00,0x0F,0xFF,0xFF,0xFC,0x00,0x00,
  0x00,0x7F,0xFC,0x01,0xFF,0xFF,0xFF,0x83,0xFC,0x3F,0xFF,0xFF,
  0xF8,0x7F,0x80,0x03,0xFC,0x1F,0xDF,0xFC,0x00,0x00,0x0F,0xFF,
  0xFF,0xFC,0x00,0x00,0x00,0x7F,0xF8,0x00,0xFF,0xFF,0xFF,0x07,
  0xFC,0x1F,0xFF,0xFF,0xF8,0x7F,0x80,0x03,0xFC,0x3F,0xFF,0xFC,
  0x00,0x00,0x00,0x07,0xF8,0x00,0x00,0x00,0x00,0x3F,0xF8,0x00,
  0x7F,0xFF,0xFE,0x07,0xFC,0x0F,0xFF,0xFF,0xF8,0x7F,0x80,0x03,
  0xFC,0x7F,0xFF,0xF8,0x00,0x00,0x00,0x07,0xF8,0x00,0x00,0x00,
  0x00,0x3F,0xF0,0x00,0x3F,0xFF,0xFC,0x07,0xFC,0x0F,0xFF,0xFF,
  0xF8,0x7F,0x80,0x03,0xFC,0x7F,0xFF,0xF0,0x00,0x00,0x00,0x07,
  0xF8,0x00,0x00,0x00,0x00,0x1F,0xF0,0x00,0x1F,0xFF,0xF8,0x07,
  0xFC,0x03,0xFF,0xE7,0xF8,0x7F,0x80,0x03,0xFC,0x3F,0xFF,0xE0,
  0x00,0x00,0x00,0x07,0xF8,0x00,0x00,0x00,0x00,0x1F,0xE0,0x00,
  0x07,0xFF,0xE0,0x03,0xFC,0x01,0xFF,0xC7,0xF8,0x7F,0x80,0x03,
  0xFC,0x0F,0xFF,0x80,0x00,0x00,0x00,0x07,0xF8,0x00,0x00,0x00,
  0x00,0x00,0x00,0x00,0x00,0xFE,0x00,0x00,0x00,0x00,0x3E,0x00,
  0x00,0x00,0x00,0x00,0x00,0x01,0xFC,0x00,0x00,0x00,0x00,0x07,
  0xF8,0x00,0x00,0x00,0x00,0x00,0x00,0x00,0x00,0x00,0x00,0x00,
  0x00,0x00,0x00,0x00,0x00,0x00,0x00,0x00,0x00,0x00,0x00,0x00,
  0x00,0x00,0x00,0x07,0xF8,0x00,0x00,0x00,0x00,0x00,0x00,0x00,
  0x00,0x00,0x00,0x00,0x00,0x00,0x00,0x00,0x00,0x00,0x00,0x00,
  0x00,0x00,0x00,0x00,0x00,0x00,0x00,0x07,0xF8,0x00,0x00,0x00,
  0x00,0x00,0x00,0x00,0x00,0x00,0x00,0x00,0x00,0x00,0x00,0x00,
  0x00,0x00,0x00,0x00,0x00,0x00,0x00,0x00,0x00,0x00,0x00,0x07,
  0xF8,0x00,0x00,0x00,0x00,0x00,0x00,0x00,0x00,0x00,0x00,0x00,
  0x00,0x00,0x00,0x00,0x00,0x00,0x00,0x00,0x00,0x00,0x00,0x00,
  0x00,0x00,0x00,0x07,0xF8,0x00,0x00,0x00,0x00,0x00,0x00,0x00,
  0x00,0x00,0x00,0x00,0x00,0x00,0x00,0x00,0x00,0x00,0x00,0x00,
  0x00,0x00,0x00,0x00,0x00,0x00,0x00,0x07,0xF8,0x00,0x00,0x00,
  0x00,0x00,0x00,0x00,0x00,0x00,0x00,0x00,0x00,0x00,0x00,0x00,
  0x00,0x00,0x00,0x00,0x00,0x00,0x00,0x00,0x00,0x00,0x00,0x07,
  0xF8,0x00,0x00,0x00,0x00,0x00,0x00,0x00,0x00,0x00,0x00,0x00,
  0x00,0x00,0x00,0x00,0x00,0x00,0x00,0x00,0x00,0x00,0x00,0x00,
  0x00,0x00,0x00,0x07,0xF8,0x00,0x00,0x00,0x00,0x00,0x00,0x00,
  0x00,0x00,0x00,0x00,0x00,0x00,0x00,0x00,0x00,0x00,0x00,0x00,
  0x00,0x00,0x00,0x00,0x00,0x00,0x00,0x07,0xF8,0x00,0x00,0x00,
  0x00,0x00,0x00,0x00,0x00,0x00,0x00,0x00,0x00,0x00,0x00,0x00,
  0x00,0x00,0x00,0x00,0x00,0x00,0x00,0x00,0x00,0x00,0x00,0x07,
  0xF8,0x00,0x00,0x00,0x00,0x00,0x00,0x00,0x00,0x00,0x00,0x00,
  0x00,0x00,0x00,0x00,0x00,0x00,0x00,0x00,0x00,0x00,0x00,0x00,
  0x00,0x00,0x00,0x07,0xF8,0x00,0x00,0x00,0x00,0x00,0x00,0x00,
  0x00,0x00,0x00,0x00,0x00,0x00,0x00,0x00,0x00,0x00,0x00,0x00,
  0x00,0x00,0x00,0x00,0x00,0x00,0x00,0x07,0xF8,0x00,0x00,0x00,
};
static const uint8_t logo_wja[] PROGMEM = {
  0x00,0x00,0x00,0x00,0x00,0x00,0x00,0x00,0x00,0x00,0x00,0x00,
  0x00,0x00,0x00,0x00,0x00,0x00,0x00,0x00,0x00,0x00,0x00,0x00,
  0x00,0x00,0x00,0x00,0x00,0x00,0x00,0x00,0x00,0x00,0x00,0x00,
  0x80,0x00,0x00,0x00,0x00,0x00,0x00,0x00,0x00,0x00,0x00,0x00,
  0x00,0x00,0x00,0x00,0x00,0x00,0x00,0x00,0x00,0x00,0x00,0x00,
  0x00,0x00,0x00,0x00,0x00,0x00,0x00,0x00,0x00,0x00,0x00,0x00,
  0x00,0x00,0x01,0x80,0x00,0x00,0x00,0x00,0x00,0x00,0x00,0x00,
  0x00,0x00,0x00,0x00,0x00,0x00,0x00,0x00,0x00,0x00,0x00,0x00,
  0x00,0x00,0x00,0x00,0x00,0x00,0x00,0x00,0x00,0x00,0x00,0x00,
  0x00,0x00,0x00,0x00,0x00,0x03,0xC0,0x00,0x00,0x00,0x00,0x00,
  0x00,0x00,0x00,0x00,0x00,0x00,0x00,0x00,0x00,0x00,0x00,0x00,
  0x00,0x00,0x00,0x00,0x00,0x00,0x00,0x00,0x00,0x00,0x00,0x00,
  0x00,0x00,0x00,0x00,0x00,0x00,0x00,0x00,0x07,0xC0,0x00,0x00,
  0x00,0x00,0x00,0x00,0x00,0x00,0x00,0x00,0x00,0x00,0x00,0x00,
  0x00,0x00,0x00,0x00,0x00,0x00,0x00,0x00,0x00,0x00,0x00,0x00,
  0x00,0x00,0x00,0x00,0x00,0x00,0x00,0x00,0x00,0x00,0x00,0x0F,
  0xC0,0x00,0x00,0x00,0x00,0x00,0x00,0x00,0x00,0x00,0x00,0x00,
  0x00,0x00,0x00,0x00,0x00,0x00,0x00,0x00,0x00,0x00,0x00,0x00,
  0x00,0x00,0x00,0x00,0x00,0x00,0x00,0x00,0x00,0x00,0x00,0x00,
  0x00,0x00,0x1F,0xC0,0x00,0x00,0x00,0x00,0x00,0x00,0x00,0x00,
  0x00,0x00,0x00,0x00,0x00,0x00,0x00,0x3F,0xFC,0x00,0x00,0x00,
  0x00,0x00,0x00,0x00,0x00,0x00,0x00,0x00,0x00,0x00,0x00,0x00,
  0x00,0x00,0x00,0x00,0x00,0x3F,0xC0,0x00,0x00,0xFF,0xF8,0x00,
  0xFF,0xE0,0x00,0x1F,0xFE,0x3F,0xFF,0xFF,0xF8,0x03,0xFF,0xFF,
  0xC3,0xFF,0xFF,0xFF,0xFE,0x3F,0xFC,0x1F,0xFF,0xFF,0xFC,0xFF,
  0xFF,0xFF,0xFF,0x80,0x00,0x00,0x00,0x00,0x7F,0xC0,0x00,0x00,
  0xFF,0xF8,0x00,0xFF,0xE0,0x00,0x1F,0xFE,0x3F,0xFF,0xFF,0xF8,
  0x0F,0xFF,0xFF,0xF3,0xFF,0xFF,0xFF,0xFE,0x3F,0xFC,0x1F,0xFF,
  0xFF,0xF8,0xFF,0xFF,0xFF,0xFF,0x80,0x00,0x00,0x00,0xC0,0xFF,
  0xC0,0xE0,0x00,0x7F,0xF8,0x00,0xFF,0xF0,0x00,0x3F,0xFC,0x7F,
  0xFF,0xFF,0xF8,0x1F,0xFF,0xFF,0xE3,0xFF,0xFF,0xFF,0xFC,0x3F,
  0xFC,0x1F,0xFF,0xFF,0xF8,0xFF,0xFF,0xFF,0xFF,0x80,0x00,0x00,
  0x00,0xF1,0xFF,0xCF,0xC0,0x00,0x7F,0xF8,0x00,0x7F,0xF0,0x00,
  0x3F,0xFC,0x7F,0xFF,0xFF,0xF0,0x7F,0xFF,0xFF,0xE3,0xFF,0xFF,
  0xFF,0xFC,0x3F,0xFC,0x3F,0xFF,0xFF,0xF9,0xFF,0xFF,0xFF,0xFF,
  0x80,0x00,0x00,0x01,0xFF,0xFF,0xFF,0x80,0x00,0x7F,0xFC,0x00,
  0x7F,0xF0,0x00,0x3F,0xF8,0x7F,0xFF,0xFF,0xF0,0xFF,0xFF,0xFF,
  0xE3,0xFF,0xFF,0xFF,0xFC,0x7F,0xFC,0x3F,0xFF,0xFF,0xF9,0xFF,
  0xFF,0xFF,0xFF,0x00,0x00,0x00,0x01,0xFF,0xFF,0xFF,0x80,0x00,
  0x3F,0xFC,0x00,0x7F,0xF0,0x00,0x7F,0xF8,0x7F,0xFF,0xFF,0xF0,
  0xFF,0xFF,0xFF,0xC7,0xFF,0xFF,0xFF,0xFC,0x7F,0xF8,0x3F,0xFF,
  0xFF,0xF1,0xFF,0xFF,0xFF,0xFF,0x00,0x00,0x00,0x01,0xFF,0xFF,
  0xFF,0x00,0x00,0x3F,0xFC,0x00,0x3F,0xF8,0x00,0x7F,0xF0,0xFF,
  0xFF,0xFF,0xE1,0xFF,0xFF,0xFF,0xC7,0xFF,0xFF,0xFF,0xF8,0x7F,
  0xF8,0x3F,0xFF,0xFF,0xF1,0xFF,0xFF,0xFF,0xFE,0x00,0x00,0x00,
  0x03,0xFF,0xFF,0xFE,0x00,0x00,0x3F,0xFC,0x00,0x7F,0xF8,0x00,
  0xFF,0xF0,0xFF,0xFF,0xFF,0x81,0xFF,0xE0,0x03,0xC3,0xFF,0xFF,
  0xFF,0xE0,0x7F,0xF8,0x7F,0xFF,0xFF,0xC1,0xFF,0xFF,0xFF,0xF8,
  0x00,0x00,0x00,0x03,0xFF,0xFF,0xFE,0x00,0x00,0x1F,0xFE,0x00,
  0x7F,0xF8,0x00,0xFF,0xE0,0xFF,0xF0,0x00,0x03,0xFF,0xC0,0x00,
  0x80,0x01,0xFF,0xC0,0x00,0x7F,0xF8,0x7F,0xF8,0x00,0x00,0x00,
  0x7F,0xF0,0x00,0x00,0x00,0x00,0x03,0xFF,0xFF,0xFC,0x00,0x00,
  0x1F,0xFE,0x00,0xFF,0xFC,0x01,0xFF,0xE0,0xFF,0xF0,0x00,0x03,
  0xFF,0xC0,0x00,0x00,0x03,0xFF,0xC0,0x00,0xFF,0xF8,0x7F,0xF8,
  0x00,0x00,0x00,0xFF,0xF0,0x00,0x00,0x00,0x08,0x03,0xFF,0xFF,
  0xFC,0x08,0x00,0x1F,0xFE,0x00,0xFF,0xFC,0x01,0xFF,0xC0,0xFF,
  0xE0,0x00,0x03,0xFF,0xC0,0x00,0x00,0x03,0xFF,0xC0,0x00,0xFF,
  0xF0,0x7F,0xF8,0x00,0x00,0x00,0xFF,0xF0,0x00,0x00,0x00,0x1C,
  0x07,0xFF,0xFF,0xF8,0x3C,0x00,0x0F,0xFF,0x00,0xFF,0xFC,0x03,
  0xFF,0xC1,0xFF,0xE0,0x00,0x03,0xFF,0xC0,0x00,0x00,0x03,0xFF,
  0xC0,0x00,0xFF,0xF0,0x7F,0xF0,0x00,0x00,0x00,0xFF,0xF0,0x00,
  0x00,0x00,0x3E,0x07,0xFF,0xFF,0xF0,0xF8,0x00,0x0F,0xFF,0x01,
  0xFF,0xFE,0x03,0xFF,0x81,0xFF,0xE0,0x00,0x03,0xFF,0xF0,0x00,
  0x00,0x03,0xFF,0x80,0x00,0xFF,0xF0,0xFF,0xF0,0x00,0x00,0x00,
  0xFF,0xE0,0x00,0x01,0xF0,0x7E,0x07,0xFF,0xFF,0xF3,0xF8,0x00,
  0x0F,0xFF,0x01,0xFF,0xFE,0x03,0xFF,0x81,0xFF,0xE0,0x00,0x03,
  0xFF,0xFC,0x00,0x00,0x03,0xFF,0x80,0x01,0xFF,0xF0,0xFF,0xF0,
  0x00,0x00,0x00,0xFF,0xE0,0x00,0x01,0xFF,0xFF,0x0F,0xFF,0xFF,
  0xCF,0xF8,0x06,0x07,0xFF,0x03,0xFF,0xFE,0x07,0xFF,0x01,0xFF,
  0xFF,0xFF,0x03,0xFF,0xFF,0x00,0x00,0x07,0xFF,0x80,0x01,0xFF,
  0xF0,0xFF,0xFF,0xFF,0xC0,0x01,0xFF,0xE0,0x00,0x01,0xFF,0xFF,
  0x8F,0xFF,0xFC,0x1F,0xFF,0xFC,0x07,0xFF,0x83,0xFF,0xFE,0x07,
  0xFF,0x03,0xFF,0xFF,0xFF,0x01,0xFF,0xFF,0xC0,0x00,0x07,0xFF,
  0x80,0x01,0xFF,0xE0,0xFF,0xFF,0xFF,0xC0,0x01,0xFF,0xE0,0x00,
  0x01,0xFF,0xFF,0x8F,0xFF,0xC0,0x3F,0xFF,0xF8,0x07,0xFF,0x87,
  0xFF,0xFF,0x0F,0xFE,0x03,0xFF,0xFF,0xFF,0x01,0xFF,0xFF,0xF0,
  0x00,0x07,0xFF,0x80,0x01,0xFF,0xE0,0xFF,0xFF,0xFF,0xC0,0x01,
  0xFF,0xE0,0x00,0x01,0xFF,0xFF,0xCF,0xF8,0x00,0x7F,0xFF,0xF0,
  0x03,0xFF,0x87,0xFF,0xFF,0x0F,0xFE,0x03,0xFF,0xFF,0xFF,0x00,
  0xFF,0xFF,0xFC,0x00,0x07,0xFF,0x00,0x01,0xFF,0xE1,0xFF,0xFF,
  0xFF,0x80,0x01,0xFF,0xC0,0x00,0x01,0xFF,0xFF,0xDF,0x00,0x00,
  0xFF,0xFF,0xF0,0x03,0xFF,0xCF,0xFF,0xFF,0x1F,0xFC,0x03,0xFF,
  0xFF,0xFF,0x00,0x7F,0xFF,0xFE,0x00,0x07,0xFF,0x00,0x03,0xFF,
  0xE1,0xFF,0xFF,0xFF,0x80,0x01,0xFF,0xC0,0x00,0x01,0xFF,0xFF,
  0xE0,0x00,0x01,0xFF,0xFF,0xE0,0x03,0xFF,0xCF,0xFF,0xFF,0x9F,
  0xFC,0x03,0xFF,0xFF,0xFE,0x00,0x3F,0xFF,0xFF,0x00,0x0F,0xFF,
  0x00,0x03,0xFF,0xE1,0xFF,0xFF,0xFF,0x80,0x03,0xFF,0xC0,0x00,
  0x01,0xFF,0xFE,0x00,0x00,0x03,0xFF,0xFF,0xC0,0x01,0xFF,0xDF,
  0xFF,0xFF,0xBF,0xF8,0x07,0xFF,0xFF,0xFE,0x00,0x0F,0xFF,0xFF,
  0x00,0x0F,0xFF,0x00,0x03,0xFF,0xC1,0xFF,0xFF,0xFF,0x80,0x03,
  0xFF,0xC0,0x00,0x01,0xFF,0xE0,0x00,0x7F,0x07,0xFF,0xFF,0x80,
  0x01,0xFF,0xDF,0xFB,0xFF,0xBF,0xF8,0x07,0xFF,0xFF,0xFC,0x00,
  0x03,0xFF,0xFF,0x80,0x0F,0xFF,0x00,0x03,0xFF,0xC1,0xFF,0xFF,
  0xFE,0x00,0x03,0xFF,0xC0,0x00,0x03,0xFC,0x03,0xFF,0xFE,0x0F,
  0xFF,0xFF,0x00,0x01,0xFF,0xFF,0xF1,0xFF,0xFF,0xF0,0x07,0xFF,
  0x80,0x00,0x00,0x00,0xFF,0xFF,0x80,0x0F,0xFE,0x00,0x03,0xFF,
  0xC3,0xFF,0xC0,0x00,0x00,0x03,0xFF,0x80,0x00,0x0F,0xE7,0xFF,
  0xFF,0xFE,0x1F,0xFF,0xFF,0x00,0x00,0xFF,0xFF,0xF1,0xFF,0xFF,
  0xF0,0x07,0xFF,0x80,0x00,0x00,0x00,0x3F,0xFF,0x80,0x0F,0xFE,
  0x00,0x07,0xFF,0xC3,0xFF,0xC0,0x00,0x00,0x07,0xFF,0x80,0x00,
  0x3F,0xFF,0xFF,0xFF,0xFC,0x3F,0xFF,0xFF,0xC0,0x00,0xFF,0xFF,
  0xE1,0xFF,0xFF,0xE0,0x0F,0xFF,0x00,0x00,0x00,0x00,0x1F,0xFF,
  0x80,0x1F,0xFE,0x00,0x07,0xFF,0x83,0xFF,0xC0,0x00,0x00,0x07,
  0xFF,0x80,0x00,0x1F,0xFF,0xFF,0xFF,0xF8,0x3F,0xFF,0xFF,0xC0,
  0x00,0xFF,0xFF,0xE0,0xFF,0xFF,0xE0,0x0F,0xFF,0x00,0x00,0x00,
  0x00,0x0F,0xFF,0x80,0x1F,0xFE,0x00,0x07,0xFF,0x83,0xFF,0x80,
  0x00,0x00,0x07,0xFF,0x80,0x00,0x0F,0xFF,0xFF,0xFF,0xF8,0x7F,
  0xFF,0xFF,0x00,0x00,0x7F,0xFF,0xC0,0xFF,0xFF,0xE0,0x0F,0xFF,
  0x00,0x00,0x00,0x00,0x0F,0xFF,0x80,0x1F,0xFE,0x00,0x07,0xFF,
  0x83,0xFF,0x80,0x00,0x00,0x07,0xFF,0x80,0x00,0x0F,0xFF,0xFF,
  0xFF,0xF0,0xFF,0xFF,0xFC,0x00,0x00,0x7F,0xFF,0xC0,0xFF,0xFF,
  0xC0,0x0F,0xFF,0x00,0x00,0x1C,0x00,0x0F,0xFF,0x80,0x1F,0xFC,
  0x00,0x07,0xFF,0x87,0xFF,0x80,0x00,0x00,0x07,0xFF,0x00,0x00,
  0x07,0xFF,0xFF,0xFF,0xE1,0xFF,0xFF,0xF0,0x00,0x00,0x7F,0xFF,
  0x80,0x7F,0xFF,0xC0,0x0F,0xFE,0x00,0x00,0x1F,0x00,0x1F,0xFF,
  0x80,0x3F,0xFC,0x00,0x0F,0xFF,0x87,0xFF,0x80,0x00,0x00,0x0F,
  0xFF,0x00,0x00,0x03,0xFF,0xFF,0xFF,0xE3,0xFF,0xFF,0xC0,0x00,
  0x00,0x3F,0xFF,0x80,0x7F,0xFF,0x80,0x1F,0xFF,0xFF,0xFE,0x1F,
  0xE0,0x7F,0xFF,0x00,0x3F,0xFC,0x00,0x0F,0xFF,0x07,0xFF,0xFF,
  0xFF,0x00,0x0F,0xFF,0x00,0x00,0x01,0xFF,0xFF,0xFF,0xC7,0xFF,
  0xFF,0x80,0x00,0x00,0x3F,0xFF,0x00,0x7F,0xFF,0x80,0x1F,0xFF,
  0xFF,0xFE,0x1F,0xFF,0xFF,0xFF,0x00,0x3F,0xFC,0x00,0x0F,0xFF,
  0x07,0xFF,0xFF,0xFF,0x00,0x0F,0xFF,0x00,0x00,0x01,0xFF,0xFF,
  0xFF,0x8F,0xFF,0xFE,0x00,0x00,0x00,0x3F,0xFF,0x00,0x3F,0xFF,
  0x00,0x1F,0xFF,0xFF,0xFE,0x3F,0xFF,0xFF,0xFE,0x00,0x3F,0xF8,
  0x00,0x0F,0xFF,0x07,0xFF,0xFF,0xFF,0x00,0x0F,0xFE,0x00,0x00,
  0x00,0xFF,0xFF,0xFF,0x9F,0xFF,0xF8,0x00,0x00,0x00,0x1F,0xFE,
  0x00,0x3F,0xFF,0x00,0x1F,0xFF,0xFF,0xFC,0x3F,0xFF,0xFF,0xFC,
  0x00,0x3F,0xF8,0x00,0x1F,0xFF,0x0F,0xFF,0xFF,0xFE,0x00,0x0F,
  0xFE,0x00,0x00,0x00,0x7F,0xFF,0xFF,0x3F,0xFF,0xE0,0x00,0x00,
  0x00,0x1F,0xFE,0x00,0x3F,0xFE,0x00,0x1F,0xFF,0xFF,0xFC,0x3F,
  0xFF,0xFF,0xF8,0x00,0x7F,0xF8,0x00,0x1F,0xFF,0x0F,0xFF,0xFF,
  0xFE,0x00,0x1F,0xFE,0x00,0x00,0x00,0x3F,0xFF,0xFF,0x7F,0xFF,
  0xC0,0x00,0x00,0x00,0x1F,0xFC,0x00,0x1F,0xFE,0x00,0x3F,0xFF,
  0xFF,0xFC,0x3F,0xFF,0xFF,0xF0,0x00,0x7F,0xF8,0x00,0x1F,0xFE,
  0x0F,0xFF,0xFF,0xFE,0x00,0x1F,0xFE,0x00,0x00,0x00,0x3F,0xFF,
  0xFE,0xFF,0xFF,0x00,0x00,0x00,0x00,0x0F,0xFC,0x00,0x1F,0xFC,
  0x00,0x3F,0xFF,0xFF,0xFC,0x1F,0xFF,0xFF,0xC0,0x00,0x7F,0xF8,
  0x00,0x1F,0xFE,0x0F,0xFF,0xFF,0xFE,0x00,0x1F,0xFE,0x00,0x00,
  0x00,0x1F,0xFF,0xFD,0xFF,0xFC,0x00,0x00,0x00,0x00,0x0F,0xF8,
  0x00,0x1F,0xFC,0x00,0x3F,0xFF,0xFF,0xF8,0x07,0xFF,0xFE,0x00,
  0x00,0x7F,0xF0,0x00,0x3F,0xFE,0x0F,0xFF,0xFF,0xFC,0x00,0x1F,
  0xFC,0x00,0x00,0x00,0x1F,0xFF,0xFD,0xFF,0xF0,0x00,0x00,0x00,
  0x00,0x00,0x00,0x00,0x00,0x00,0x00,0x00,0x00,0x00,0x00,0x00,
  0x3F,0xE0,0x00,0x00,0x00,0x00,0x00,0x3F,0xFE,0x00,0x00,0x00,
  0x00,0x00,0x00,0x00,0x00,0x00,0x00,0x3F,0xFF,0xFB,0xFF,0xF0,
  0x00,0x00,0x00,0x00,0x00,0x00,0x00,0x00,0x00,0x00,0x00,0x00,
  0x00,0x00,0x00,0x00,0x00,0x00,0x00,0x00,0x00,0x00,0x3F,0xFC,
  0x00,0x00,0x00,0x00,0x00,0x00,0x00,0x00,0x00,0x00,0x7F,0xFF,
  0xFF,0xFF,0xF0,0x00,0x00,0x00,0x00,0x00,0x00,0x00,0x00,0x00,
  0x00,0x00,0x00,0x00,0x00,0x00,0x00,0x00,0x00,0x00,0x00,0x00,
  0x00,0x7F,0xFC,0x00,0x00,0x00,0x00,0x00,0x00,0x00,0x00,0x00,
  0x00,0x7F,0xFF,0xFF,0xFF,0xF0,0x00,0x00,0x00,0x00,0x00,0x00,
  0x00,0x00,0x00,0x00,0x00,0x00,0x00,0x00,0x00,0x00,0x00,0x00,
  0x00,0x00,0x00,0x00,0xFF,0xFC,0x00,0x00,0x00,0x00,0x00,0x00,
  0x00,0x00,0x00,0x00,0xFF,0x07,0xE0,0xFF,0xF0,0x00,0x00,0x00,
  0x00,0x00,0x00,0x00,0x00,0x00,0x00,0x00,0x00,0x00,0x00,0x00,
  0x00,0x00,0x00,0x00,0x00,0x00,0x01,0xFF,0xF8,0x00,0x00,0x00,
  0x00,0x00,0x00,0x00,0x00,0x00,0x00,0x80,0x07,0xE0,0x07,0xF0,
  0x00,0x00,0x00,0x00,0x00,0x00,0x00,0x00,0x00,0x00,0x00,0x00,
  0x00,0x00,0x00,0x00,0x00,0x00,0x00,0x00,0x00,0x03,0xFF,0xF0,
  0x00,0x00,0x00,0x00,0x00,0x00,0x00,0x00,0x00,0x00,0x00,0x07,
  0xC0,0x00,0x20,0x00,0x00,0x00,0x00,0x00,0x00,0x00,0x00,0x00,
  0x00,0x00,0x00,0x00,0x00,0x00,0x00,0x00,0x00,0x00,0x00,0x00,
  0x07,0xFF,0xF0,0x00,0x00,0x00,0x00,0x00,0x00,0x00,0x00,0x00,
  0x00,0x00,0x07,0x80,0x00,0x00,0x00,0x00,0x00,0x00,0x00,0x00,
  0x00,0x00,0x00,0x00,0x00,0x00,0x00,0x00,0x00,0x00,0x00,0x00,
  0x00,0x00,0x00,0x3F,0xFF,0xE0,0x00,0x00,0x00,0x00,0x00,0x00,
  0x00,0x00,0x00,0x00,0x00,0x07,0x80,0x00,0x00,0x00,0x00,0x00,
  0x00,0x00,0x00,0x00,0x00,0x00,0x00,0x00,0x00,0x00,0x00,0x00,
  0x00,0x00,0x00,0x00,0x00,0x01,0xFF,0xFF,0xC0,0x00,0x00,0x00,
  0x00,0x00,0x00,0x00,0x00,0x00,0x00,0x00,0x07,0x00,0x00,0x00,
  0x00,0x00,0x00,0x00,0x00,0x00,0x00,0x00,0x00,0x00,0x00,0x00,
  0x00,0x00,0x00,0x00,0x00,0x00,0x00,0x00,0x01,0xFF,0xFF,0x80,
  0x00,0x00,0x00,0x00,0x00,0x00,0x00,0x00,0x00,0x00,0x00,0x0E,
  0x00,0x00,0x00,0x00,0x00,0x00,0x00,0x00,0x00,0x00,0x00,0x00,
  0x00,0x00,0x00,0x00,0x00,0x00,0x00,0x00,0x00,0x00,0x00,0x00,
  0xFF,0xFF,0x00,0x00,0x00,0x00,0x00,0x00,0x00,0x00,0x00,0x00,
  0x00,0x00,0x0C,0x00,0x00,0x00,0x00,0x00,0x00,0x00,0x00,0x00,
  0x00,0x00,0x00,0x00,0x00,0x00,0x00,0x00,0x00,0x00,0x00,0x00,
  0x00,0x00,0x00,0x7F,0xFE,0x00,0x00,0x00,0x00,0x00,0x00,0x00,
  0x00,0x00,0x00,0x00,0x00,0x0C,0x00,0x00,0x00,0x00,0x00,0x00,
  0x00,0x00,0x00,0x00,0x00,0x00,0x00,0x00,0x00,0x00,0x00,0x00,
  0x00,0x00,0x00,0x00,0x00,0x00,0x7F,0xFC,0x00,0x00,0x00,0x00,
  0x00,0x00,0x00,0x00,0x00,0x00,0x00,0x00,0x08,0x00,0x00,0x00,
  0x00,0x00,0x00,0x00,0x00,0x00,0x00,0x00,0x00,0x00,0x00,0x00,
  0x00,0x00,0x00,0x00,0x00,0x00,0x00,0x00,0x00,0x3F,0xF0,0x00,
  0x00,0x00,0x00,0x00,0x00,0x00,0x00,0x00,0x00,0x00,0x00,0x00,
  0x00,0x00,0x00,0x00,0x00,0x00,0x00,0x00,0x00,0x00,0x00,0x00,
  0x00,0x00,0x00,0x00,0x00,0x00,0x00,0x00,0x00,0x00,0x00,0x00,
  0x1F,0xC0,0x00,0x00,0x00,0x00,0x00,0x00,0x00,0x00,0x00,0x00,
  0x00,0x00,0x00,0x00,0x00,0x00,0x00,0x00,0x00,0x00,0x00,0x00,
  0x00,0x00,0x00,0x00,0x00,0x00,0x00,0x00,0x00,0x00,0x00,0x00,
  0x00,0x00,0x00,0x0E,0x00,0x00,0x00,0x00,0x00,0x00,0x00,0x00,
  0x00,0x00,0x00,0x00,0x00,0x00,0x00,0x00,0x00,0x00,0x00,0x00,
};

static const AirlineLogo AIRLINE_LOGOS[43] = {
  { "AAL", 255, 60, logo_aal },
  { "AAR", 320, 30, logo_aar },
  { "AAY", 161, 60, logo_aay },
  { "ACA", 320, 46, logo_aca },
  { "AFR", 320, 29, logo_afr },
  { "ANA", 156, 60, logo_ana },
  { "ASA", 198, 60, logo_asa },
  { "ASH", 320, 36, logo_ash },
  { "BAW", 320, 57, logo_baw },
  { "CAL", 302, 60, logo_cal },
  { "CAO", 251, 60, logo_cao },
  { "CFG", 320, 55, logo_cfg },
  { "CPA", 267, 60, logo_cpa },
  { "DAL", 320, 51, logo_dal },
  { "DLH", 320, 43, logo_dlh },
  { "EDV", 181, 60, logo_edv },
  { "ENY", 247, 60, logo_eny },
  { "EVA", 320, 57, logo_eva },
  { "FDX", 200, 60, logo_fdx },
  { "FFT", 320, 43, logo_fft },
  { "GJS", 191, 60, logo_gjs },
  { "GTI", 320, 55, logo_gti },
  { "HAL", 217, 60, logo_hal },
  { "JAL", 320, 46, logo_jal },
  { "JBU", 197, 60, logo_jbu },
  { "KAL", 320, 50, logo_kal },
  { "KLM", 320, 54, logo_klm },
  { "LOT", 141, 60, logo_lot },
  { "MXY", 219, 60, logo_mxy },
  { "PAL", 317, 60, logo_pal },
  { "QXE", 320, 29, logo_qxe },
  { "RPA", 210, 60, logo_rpa },
  { "SCX", 198, 60, logo_scx },
  { "SIA", 176, 60, logo_sia },
  { "SKW", 253, 60, logo_skw },
  { "SWA", 320, 50, logo_swa },
  { "THT", 199, 60, logo_tht },
  { "THY", 210, 60, logo_thy },
  { "UAE", 182, 60, logo_uae },
  { "UAL", 316, 60, logo_ual },
  { "UPS", 173, 60, logo_ups },
  { "VOI", 223, 60, logo_voi },
  { "WJA", 311, 60, logo_wja },
};
static const size_t AIRLINE_LOGOS_N = 43;
