// AUTO-GENERATED by tools/build_plane_art.py -- do not edit.
// 1bpp dithered plane art from AirplaneLogos/_Planes/, by AcBase id.
#pragma once
#include <stdint.h>
#include <pgmspace.h>

struct PlaneArt { uint16_t w, h; const uint8_t* bits; };  // 1=black
static const uint8_t N_PLANE_ART = 16;

// ClassicNarrowBody.png  (540x157)
static const uint8_t art_classicnarrowbody[] PROGMEM = {
  0x00,0x00,0x00,0x00,0x00,0x00,0x00,0x00,0x00,0x00,0x00,0x00,
  0x00,0x00,0x00,0x00,0x00,0x00,0x00,0x00,0x00,0x00,0x00,0x00,
  0x00,0x00,0x00,0x00,0x00,0x00,0x00,0x00,0x00,0x00,0x00,0x00,
  0x00,0x00,0x00,0x00,0x00,0x00,0x00,0x00,0x00,0x00,0x00,0x00,
  0x00,0x00,0x00,0x00,0x00,0x00,0x00,0x00,0x00,0x00,0x00,0x00,
  0x00,0x00,0x00,0x05,0x55,0x5A,0xA0,0x00,0x00,0x00,0x00,0x00,
  0x00,0x00,0x00,0x00,0x00,0x00,0x00,0x00,0x00,0x00,0x00,0x00,
  0x00,0x00,0x00,0x00,0x00,0x00,0x00,0x00,0x00,0x00,0x00,0x00,
  0x00,0x00,0x00,0x00,0x00,0x00,0x00,0x00,0x00,0x00,0x00,0x00,
  0x00,0x00,0x00,0x00,0x00,0x00,0x00,0x00,0x00,0x00,0x00,0x00,
  0x00,0x00,0x00,0x00,0x00,0x00,0x00,0x00,0x00,0x00,0x00,0x12,
  0xAA,0xB7,0xE0,0x00,0x00,0x00,0x00,0x00,0x00,0x00,0x00,0x00,
  0x00,0x00,0x00,0x00,0x00,0x00,0x00,0x00,0x00,0x00,0x00,0x00,
  0x00,0x00,0x00,0x00,0x00,0x00,0x00,0x00,0x00,0x00,0x00,0x00,
  0x00,0x00,0x00,0x00,0x00,0x00,0x00,0x00,0x00,0x00,0x00,0x00,
  0x00,0x00,0x00,0x00,0x00,0x00,0x00,0x00,0x00,0x00,0x00,0x00,
  0x00,0x00,0x00,0x00,0x00,0x00,0x00,0x0A,0xAA,0xBA,0xA0,0x00,
  0x00,0x00,0x00,0x00,0x00,0x00,0x00,0x00,0x00,0x00,0x00,0x00,
  0x00,0x00,0x00,0x00,0x00,0x00,0x00,0x00,0x00,0x00,0x00,0x00,
  0x00,0x00,0x00,0x00,0x00,0x00,0x00,0x00,0x00,0x00,0x00,0x00,
  0x00,0x00,0x00,0x00,0x00,0x00,0x00,0x00,0x00,0x00,0x00,0x00,
  0x00,0x00,0x00,0x00,0x00,0x00,0x00,0x00,0x00,0x00,0x00,0x00,
  0x00,0x00,0x00,0x55,0x55,0x6F,0x40,0x00,0x00,0x00,0x00,0x00,
  0x00,0x00,0x00,0x00,0x00,0x00,0x00,0x00,0x00,0x00,0x00,0x00,
  0x00,0x00,0x00,0x00,0x00,0x00,0x00,0x00,0x00,0x00,0x00,0x00,
  0x00,0x00,0x00,0x00,0x00,0x00,0x00,0x00,0x00,0x00,0x00,0x00,
  0x00,0x00,0x00,0x00,0x00,0x00,0x00,0x00,0x00,0x00,0x00,0x00,
  0x00,0x00,0x00,0x00,0x00,0x00,0x00,0x00,0x00,0x00,0x00,0x94,
  0xAA,0xDA,0xC0,0x00,0x00,0x00,0x00,0x00,0x00,0x00,0x00,0x00,
  0x00,0x00,0x00,0x00,0x00,0x00,0x00,0x00,0x00,0x00,0x00,0x00,
  0x00,0x00,0x00,0x00,0x00,0x00,0x00,0x00,0x00,0x00,0x00,0x00,
  0x00,0x00,0x00,0x00,0x00,0x00,0x00,0x00,0x00,0x00,0x00,0x00,
  0x00,0x00,0x00,0x00,0x00,0x00,0x00,0x00,0x00,0x00,0x00,0x00,
  0x00,0x00,0x00,0x00,0x00,0x00,0x01,0x2A,0xA5,0xB7,0xC0,0x00,
  0x00,0x00,0x00,0x00,0x00,0x00,0x00,0x00,0x00,0x00,0x00,0x00,
  0x00,0x00,0x00,0x00,0x00,0x00,0x00,0x00,0x00,0x00,0x00,0x00,
  0x00,0x00,0x00,0x00,0x00,0x00,0x00,0x00,0x00,0x00,0x00,0x00,
  0x00,0x00,0x00,0x00,0x00,0x00,0x00,0x00,0x00,0x00,0x00,0x00,
  0x00,0x00,0x00,0x00,0x00,0x00,0x00,0x00,0x00,0x00,0x00,0x00,
  0x00,0x00,0x02,0x55,0x55,0x6D,0x40,0x00,0x00,0x00,0x00,0x00,
  0x00,0x00,0x00,0x00,0x00,0x00,0x00,0x00,0x00,0x00,0x00,0x00,
  0x00,0x00,0x00,0x00,0x00,0x00,0x00,0x00,0x00,0x00,0x00,0x00,
  0x00,0x00,0x00,0x00,0x00,0x00,0x00,0x00,0x00,0x00,0x00,0x00,
  0x00,0x00,0x00,0x00,0x00,0x00,0x00,0x00,0x00,0x00,0x00,0x00,
  0x00,0x00,0x00,0x00,0x00,0x00,0x00,0x00,0x00,0x00,0x04,0xAA,
  0xAB,0xB6,0x80,0x00,0x00,0x00,0x00,0x00,0x00,0x00,0x00,0x00,
  0x00,0x00,0x00,0x00,0x00,0x00,0x00,0x00,0x00,0x00,0x00,0x00,
  0x00,0x00,0x00,0x00,0x00,0x00,0x00,0x00,0x00,0x00,0x00,0x00,
  0x00,0x00,0x00,0x00,0x00,0x00,0x00,0x00,0x00,0x00,0x00,0x00,
  0x00,0x00,0x00,0x00,0x00,0x00,0x00,0x00,0x00,0x00,0x00,0x00,
  0x00,0x00,0x00,0x00,0x00,0x00,0x05,0x55,0x2A,0xDB,0x80,0x00,
  0x00,0x00,0x00,0x00,0x00,0x00,0x00,0x00,0x00,0x00,0x00,0x00,
  0x00,0x00,0x00,0x00,0x00,0x00,0x00,0x00,0x00,0x00,0x00,0x00,
  0x00,0x00,0x00,0x00,0x00,0x00,0x00,0x00,0x00,0x00,0x00,0x00,
  0x00,0x00,0x00,0x00,0x00,0x00,0x00,0x00,0x00,0x00,0x00,0x00,
  0x00,0x00,0x00,0x00,0x00,0x00,0x00,0x00,0x00,0x00,0x00,0x00,
  0x00,0x00,0x11,0x4A,0xAB,0x6E,0x80,0x00,0x00,0x00,0x00,0x00,
  0x00,0x00,0x00,0x00,0x00,0x00,0x00,0x00,0x00,0x00,0x00,0x00,
  0x00,0x00,0x00,0x00,0x00,0x00,0x00,0x00,0x00,0x00,0x00,0x00,
  0x00,0x00,0x00,0x00,0x00,0x00,0x00,0x00,0x00,0x00,0x00,0x00,
  0x00,0x00,0x00,0x00,0x00,0x00,0x00,0x00,0x00,0x00,0x00,0x00,
  0x00,0x00,0x00,0x00,0x00,0x00,0x00,0x00,0x00,0x00,0x15,0x2A,
  0xA6,0xDB,0x00,0x00,0x00,0x00,0x00,0x00,0x00,0x00,0x00,0x00,
  0x00,0x00,0x00,0x00,0x00,0x00,0x00,0x00,0x00,0x00,0x00,0x00,
  0x00,0x00,0x00,0x00,0x00,0x00,0x00,0x00,0x00,0x00,0x00,0x00,
  0x00,0x00,0x00,0x00,0x00,0x00,0x00,0x00,0x00,0x00,0x00,0x00,
  0x00,0x00,0x00,0x00,0x00,0x00,0x00,0x00,0x00,0x00,0x00,0x00,
  0x00,0x00,0x00,0x00,0x00,0x00,0x22,0xAA,0xAD,0xBD,0x00,0x00,
  0x00,0x00,0x00,0x00,0x00,0x00,0x00,0x00,0x00,0x00,0x00,0x00,
  0x00,0x00,0x00,0x00,0x00,0x00,0x00,0x00,0x00,0x00,0x00,0x00,
  0x00,0x00,0x00,0x00,0x00,0x00,0x00,0x00,0x00,0x00,0x00,0x00,
  0x00,0x00,0x00,0x00,0x00,0x00,0x00,0x00,0x00,0x00,0x00,0x00,
  0x00,0x00,0x00,0x00,0x00,0x00,0x00,0x00,0x00,0x00,0x00,0x00,
  0x00,0x00,0x4A,0xAA,0x56,0xD7,0x00,0x00,0x00,0x00,0x00,0x00,
  0x00,0x00,0x00,0x00,0x00,0x00,0x00,0x00,0x00,0x00,0x00,0x00,
  0x00,0x00,0x00,0x00,0x00,0x00,0x00,0x00,0x00,0x00,0x00,0x00,
  0x00,0x00,0x00,0x00,0x00,0x00,0x00,0x00,0x00,0x00,0x00,0x00,
  0x00,0x00,0x00,0x00,0x00,0x00,0x00,0x00,0x00,0x00,0x00,0x00,
  0x00,0x00,0x00,0x00,0x00,0x00,0x00,0x00,0x00,0x00,0x95,0x55,
  0x5B,0x75,0x00,0x00,0x00,0x00,0x00,0x00,0x00,0x00,0x00,0x00,
  0x00,0x00,0x00,0x00,0x00,0x00,0x00,0x00,0x00,0x00,0x00,0x00,
  0x00,0x00,0x00,0x00,0x00,0x00,0x00,0x00,0x00,0x00,0x00,0x00,
  0x00,0x00,0x00,0x00,0x00,0x00,0x00,0x00,0x00,0x00,0x00,0x00,
  0x00,0x00,0x00,0x00,0x00,0x00,0x00,0x00,0x00,0x00,0x00,0x00,
  0x00,0x00,0x00,0x00,0x00,0x01,0x15,0x55,0x4D,0xAE,0x00,0x00,
  0x00,0x00,0x00,0x00,0x00,0x00,0x00,0x00,0x00,0x00,0x00,0x00,
  0x00,0x00,0x00,0x00,0x00,0x00,0x00,0x00,0x00,0x00,0x00,0x00,
  0x00,0x00,0x00,0x00,0x00,0x00,0x00,0x00,0x00,0x00,0x00,0x00,
  0x00,0x00,0x00,0x00,0x00,0x00,0x00,0x00,0x00,0x00,0x00,0x00,
  0x00,0x00,0x00,0x00,0x00,0x00,0x00,0x00,0x00,0x00,0x00,0x00,
  0x00,0x01,0x52,0xAA,0xB6,0xFA,0x00,0x00,0x00,0x00,0x00,0x00,
  0x00,0x00,0x00,0x00,0x00,0x00,0x00,0x00,0x00,0x00,0x00,0x00,
  0x00,0x00,0x00,0x00,0x00,0x00,0x00,0x00,0x00,0x00,0x00,0x00,
  0x00,0x00,0x00,0x00,0x00,0x00,0x00,0x00,0x00,0x00,0x00,0x00,
  0x00,0x00,0x00,0x00,0x00,0x00,0x00,0x00,0x00,0x00,0x00,0x00,
  0x00,0x00,0x00,0x00,0x00,0x00,0x00,0x00,0x00,0x02,0x2A,0xA5,
  0x5B,0x56,0x00,0x00,0x00,0x00,0x00,0x00,0x00,0x00,0x00,0x00,
  0x00,0x00,0x00,0x00,0x00,0x00,0x00,0x00,0x00,0x00,0x00,0x00,
  0x00,0x00,0x00,0x00,0x00,0x00,0x00,0x00,0x00,0x00,0x00,0x00,
  0x00,0x00,0x00,0x00,0x00,0x00,0x00,0x00,0x00,0x00,0x00,0x00,
  0x00,0x00,0x00,0x00,0x00,0x00,0x00,0x00,0x00,0x00,0x00,0x00,
  0x00,0x00,0x00,0x00,0x00,0x04,0xAA,0x94,0xAD,0xEE,0x00,0x00,
  0x00,0x00,0x00,0x00,0x00,0x00,0x00,0x00,0x00,0x00,0x00,0x00,
  0x00,0x00,0x00,0x00,0x00,0x00,0x00,0x00,0x00,0x00,0x00,0x00,
  0x00,0x00,0x00,0x00,0x00,0x00,0x00,0x00,0x00,0x00,0x00,0x00,
  0x00,0x00,0x00,0x00,0x00,0x00,0x00,0x00,0x00,0x00,0x00,0x00,
  0x00,0x00,0x00,0x00,0x00,0x00,0x00,0x00,0x00,0x00,0x00,0x00,
  0x00,0x09,0x55,0x55,0x77,0x58,0x00,0x00,0x00,0x00,0x00,0x00,
  0x00,0x00,0x00,0x00,0x00,0x00,0x00,0x00,0x00,0x00,0x00,0x00,
  0x00,0x00,0x00,0x00,0x00,0x00,0x00,0x00,0x00,0x00,0x00,0x00,
  0x00,0x00,0x00,0x00,0x00,0x00,0x00,0x00,0x00,0x00,0x00,0x00,
  0x00,0x00,0x00,0x00,0x00,0x00,0x00,0x00,0x00,0x00,0x00,0x00,
  0x00,0x00,0x00,0x00,0x00,0x00,0x00,0x00,0x00,0x12,0xAA,0xAA,
  0xAD,0xB4,0x00,0x00,0x00,0x00,0x00,0x00,0x00,0x00,0x00,0x00,
  0x00,0x00,0x00,0x00,0x00,0x00,0x00,0x00,0x00,0x00,0x00,0x00,
  0x00,0x00,0x00,0x00,0x00,0x00,0x00,0x00,0x00,0x00,0x00,0x00,
  0x00,0x00,0x00,0x00,0x00,0x00,0x00,0x00,0x00,0x00,0x00,0x00,
  0x00,0x00,0x00,0x00,0x00,0x00,0x00,0x00,0x00,0x00,0x00,0x00,
  0x00,0x00,0x00,0x00,0x00,0x24,0xA5,0x55,0x76,0xDC,0x00,0x00,
  0x00,0x00,0x00,0x00,0x00,0x00,0x00,0x00,0x00,0x00,0x00,0x00,
  0x00,0x00,0x00,0x00,0x00,0x00,0x00,0x00,0x00,0x00,0x00,0x00,
  0x00,0x00,0x00,0x00,0x00,0x00,0x00,0x00,0x00,0x00,0x00,0x00,
  0x00,0x00,0x00,0x00,0x00,0x00,0x00,0x00,0x00,0x00,0x00,0x00,
  0x00,0x00,0x00,0x00,0x00,0x00,0x00,0x00,0x00,0x00,0x00,0x00,
  0x00,0x22,0xAA,0xAA,0xAD,0xB4,0x00,0x00,0x00,0x00,0x00,0x00,
  0x00,0x00,0x00,0x00,0x00,0x00,0x00,0x00,0x00,0x00,0x00,0x00,
  0x00,0x00,0x00,0x00,0x00,0x00,0x00,0x00,0x00,0x00,0x00,0x00,
  0x00,0x00,0x00,0x00,0x00,0x00,0x00,0x00,0x00,0x00,0x00,0x00,
  0x00,0x00,0x00,0x00,0x00,0x00,0x00,0x00,0x00,0x00,0x00,0x00,
  0x00,0x00,0x00,0x00,0x00,0x00,0x00,0x00,0x00,0x4A,0xAA,0xAA,
  0xDB,0x68,0x00,0x00,0x00,0x00,0x00,0x00,0x00,0x00,0x00,0x00,
  0x00,0x00,0x00,0x00,0x00,0x00,0x00,0x00,0x00,0x00,0x00,0x00,
  0x00,0x00,0x00,0x00,0x00,0x00,0x00,0x00,0x00,0x00,0x00,0x00,
  0x00,0x00,0x00,0x00,0x00,0x00,0x00,0x00,0x00,0x00,0x00,0x00,
  0x00,0x00,0x00,0x00,0x00,0x00,0x00,0x00,0x00,0x00,0x00,0x00,
  0x00,0x00,0x00,0x00,0x00,0x95,0x55,0x55,0x6D,0xB8,0x00,0x00,
  0x00,0x00,0x00,0x00,0x00,0x00,0x00,0x00,0x00,0x00,0x00,0x00,
  0x00,0x00,0x00,0x00,0x00,0x00,0x00,0x00,0x00,0x00,0x00,0x00,
  0x00,0x00,0x00,0x00,0x00,0x00,0x00,0x00,0x00,0x00,0x00,0x00,
  0x00,0x00,0x00,0x00,0x00,0x00,0x00,0x00,0x00,0x00,0x00,0x00,
  0x00,0x00,0x00,0x00,0x00,0x00,0x00,0x00,0x00,0x00,0x00,0x00,
  0x01,0x2A,0xAA,0x49,0xB6,0xD8,0x00,0x00,0x00,0x00,0x00,0x00,
  0x00,0x00,0x00,0x00,0x00,0x00,0x00,0x00,0x00,0x00,0x00,0x00,
  0x00,0x00,0x00,0x00,0x00,0x00,0x00,0x00,0x00,0x00,0x00,0x00,
  0x00,0x00,0x00,0x00,0x00,0x00,0x00,0x00,0x00,0x00,0x00,0x00,
  0x00,0x00,0x00,0x00,0x00,0x00,0x00,0x00,0x00,0x00,0x00,0x00,
  0x00,0x00,0x00,0x00,0x00,0x00,0x00,0x00,0x02,0x4A,0xA9,0x55,
  0xDB,0x70,0x00,0x00,0x00,0x00,0x00,0x00,0x00,0x00,0x00,0x00,
  0x00,0x00,0x00,0x00,0x00,0x00,0x00,0x00,0x00,0x00,0x00,0x00,
  0x00,0x00,0x00,0x00,0x00,0x00,0x00,0x00,0x00,0x00,0x00,0x00,
  0x00,0x00,0x00,0x00,0x00,0x00,0x00,0x00,0x00,0x00,0x00,0x00,
  0x00,0x00,0x00,0x00,0x00,0x00,0x00,0x00,0x00,0x00,0x00,0x00,
  0x00,0x00,0x00,0x00,0x04,0xAA,0xA6,0xAB,0x6E,0xD0,0x00,0x00,
  0x00,0x00,0x00,0x00,0x00,0x00,0x00,0x00,0x00,0x00,0x00,0x00,
  0x00,0x00,0x00,0x00,0x00,0x00,0x00,0x00,0x00,0x00,0x00,0x00,
  0x00,0x00,0x00,0x00,0x00,0x00,0x00,0x00,0x00,0x00,0x00,0x00,
  0x00,0x00,0x00,0x00,0x00,0x00,0x00,0x00,0x00,0x00,0x00,0x00,
  0x00,0x00,0x00,0x00,0x00,0x00,0x00,0x00,0x00,0x00,0x00,0x00,
  0x09,0x2A,0x99,0x55,0xBB,0x70,0x00,0x00,0x00,0x00,0x00,0x00,
  0x00,0x00,0x00,0x00,0x00,0x00,0x00,0x00,0x00,0x00,0x00,0x00,
  0x00,0x00,0x00,0x00,0x00,0x00,0x00,0x00,0x00,0x00,0x00,0x00,
  0x00,0x00,0x00,0x00,0x00,0x00,0x00,0x00,0x00,0x00,0x00,0x00,
  0x00,0x00,0x00,0x00,0x00,0x00,0x00,0x00,0x00,0x00,0x00,0x00,
  0x00,0x00,0x00,0x00,0x00,0x00,0x00,0x00,0x08,0xAA,0x65,0x56,
  0xD5,0xB0,0x00,0x00,0x00,0x00,0x00,0x00,0x00,0x00,0x00,0x00,
  0x00,0x00,0x00,0x00,0x00,0x00,0x00,0x00,0x00,0x00,0x00,0x00,
  0x00,0x00,0x00,0x00,0x00,0x00,0x00,0x00,0x00,0x00,0x00,0x00,
  0x00,0x00,0x00,0x00,0x00,0x00,0x00,0x00,0x00,0x00,0x00,0x00,
  0x00,0x00,0x00,0x00,0x00,0x00,0x00,0x00,0x00,0x00,0x00,0x00,
  0x00,0x00,0x00,0x00,0x12,0xAA,0x95,0x55,0xBE,0xE0,0x00,0x00,
  0x00,0x00,0x00,0x00,0x00,0x00,0x00,0x00,0x00,0x00,0x00,0x00,
  0x00,0x00,0x00,0x00,0x00,0x00,0x00,0x00,0x00,0x00,0x00,0x00,
  0x00,0x00,0x00,0x00,0x00,0x00,0x00,0x00,0x00,0x00,0x00,0x00,
  0x00,0x00,0x00,0x00,0x00,0x00,0x00,0x00,0x00,0x00,0x00,0x00,
  0x00,0x00,0x00,0x00,0x00,0x00,0x00,0x00,0x00,0x00,0x00,0x00,
  0x24,0xAA,0xAA,0xAE,0xEB,0x60,0x00,0x00,0x00,0x00,0x00,0x00,
  0x00,0x00,0x00,0x00,0x00,0x00,0x00,0x00,0x00,0x00,0x00,0x00,
  0x00,0x00,0x00,0x00,0x00,0x00,0x00,0x00,0x00,0x00,0x00,0x00,
  0x00,0x00,0x00,0x00,0x00,0x00,0x00,0x00,0x00,0x00,0x00,0x00,
  0x00,0x00,0x00,0x00,0x00,0x00,0x00,0x00,0x00,0x00,0x00,0x00,
  0x00,0x00,0x00,0x00,0x00,0x00,0x00,0x00,0x42,0xA5,0x55,0x4B,
  0x5D,0xA0,0x00,0x00,0x00,0x00,0x00,0x00,0x00,0x00,0x00,0x00,
  0x00,0x00,0x00,0x00,0x00,0x00,0x00,0x00,0x00,0x00,0x00,0x00,
  0x00,0x00,0x00,0x00,0x00,0x00,0x00,0x00,0x00,0x00,0x00,0x00,
  0x00,0x00,0x00,0x00,0x00,0x00,0x00,0x00,0x00,0x00,0x00,0x00,
  0x00,0x00,0x00,0x00,0x00,0x00,0x00,0x00,0x00,0x00,0x00,0x00,
  0x00,0x00,0x00,0x00,0x95,0x55,0x55,0x5D,0xEB,0x60,0x00,0x00,
  0x00,0x00,0x00,0x00,0x00,0x00,0x00,0x00,0x00,0x00,0x00,0x00,
  0x00,0x00,0x00,0x00,0x00,0x00,0x00,0x00,0x00,0x00,0x00,0x00,
  0x00,0x00,0x00,0x00,0x00,0x00,0x00,0x00,0x00,0x00,0x00,0x00,
  0x00,0x00,0x00,0x00,0x00,0x00,0x00,0x00,0x00,0x00,0x00,0x00,
  0x00,0x00,0x00,0x00,0x00,0x00,0x00,0x00,0x00,0x00,0x00,0x01,
  0x25,0x55,0x55,0x56,0xB6,0xC0,0x00,0x00,0x00,0x00,0x00,0x00,
  0x00,0x00,0x00,0x00,0x00,0x00,0x00,0x00,0x00,0x00,0x00,0x00,
  0x00,0x00,0x00,0x00,0x00,0x00,0x00,0x00,0x00,0x00,0x00,0x00,
  0x00,0x00,0x00,0x00,0x00,0x00,0x00,0x00,0x00,0x00,0x00,0x00,
  0x00,0x00,0x00,0x00,0x00,0x00,0x00,0x00,0x00,0x00,0x00,0x00,
  0x00,0x00,0x00,0x00,0x00,0x00,0x00,0x01,0x15,0x55,0x54,0xBB,
  0x5B,0xC0,0x00,0x00,0x00,0x00,0x00,0x00,0x00,0x00,0x00,0x00,
  0x00,0x00,0x00,0x00,0x00,0x00,0x00,0x00,0x00,0x00,0x00,0x00,
  0x00,0x00,0x00,0x00,0x00,0x00,0x00,0x00,0x00,0x00,0x00,0x00,
  0x00,0x00,0x00,0x00,0x00,0x00,0x00,0x00,0x00,0x00,0x00,0x00,
  0x00,0x00,0x00,0x00,0x00,0x00,0x00,0x00,0x00,0x00,0x00,0x00,
  0x00,0x00,0x00,0x02,0x4A,0xAA,0x92,0x96,0xED,0x40,0x00,0x00,
  0x00,0x00,0x00,0x00,0x00,0x00,0x00,0x00,0x00,0x00,0x00,0x00,
  0x00,0x00,0x00,0x00,0x00,0x00,0x00,0x00,0x00,0x00,0x00,0x00,
  0x00,0x00,0x00,0x00,0x00,0x00,0x00,0x00,0x00,0x00,0x00,0x00,
  0x00,0x00,0x00,0x00,0x00,0x00,0x00,0x00,0x00,0x00,0x00,0x00,
  0x00,0x00,0x00,0x00,0x00,0x00,0x00,0x00,0x00,0x00,0x00,0x04,
  0x2A,0x54,0xAD,0x7B,0xB7,0x80,0x00,0x00,0x00,0x00,0x00,0x00,
  0x00,0x00,0x00,0x00,0x00,0x00,0x00,0x00,0x00,0x00,0x00,0x00,
  0x00,0x00,0x00,0x00,0x00,0x00,0x00,0x00,0x00,0x00,0x00,0x00,
  0x00,0x00,0x00,0x00,0x00,0x00,0x00,0x00,0x00,0x00,0x00,0x00,
  0x00,0x00,0x00,0x00,0x00,0x00,0x00,0x00,0x00,0x00,0x00,0x00,
  0x00,0x00,0x00,0x00,0x00,0x00,0x00,0x09,0x55,0x4A,0xA5,0x56,
  0xDD,0x80,0x00,0x00,0x00,0x00,0x00,0x00,0x00,0x00,0x00,0x00,
  0x00,0x00,0x00,0x00,0x00,0x00,0x00,0x00,0x00,0x00,0x00,0x00,
  0x00,0x00,0x00,0x00,0x00,0x00,0x00,0x00,0x00,0x00,0x00,0x00,
  0x00,0x00,0x00,0x00,0x00,0x00,0x00,0x00,0x00,0x00,0x00,0x00,
  0x00,0x00,0x00,0x00,0x00,0x00,0x00,0x00,0x00,0x00,0x00,0x00,
  0x00,0x00,0x00,0x12,0x55,0x55,0x55,0x6D,0x6A,0x80,0x00,0x00,
  0x00,0x00,0x00,0x00,0x00,0x00,0x00,0x00,0x00,0x00,0x00,0x00,
  0x00,0x00,0x00,0x00,0x00,0x00,0x00,0x00,0x00,0x00,0x00,0x00,
  0x00,0x00,0x00,0x00,0x00,0x00,0x00,0x00,0x00,0x00,0x00,0x00,
  0x00,0x00,0x00,0x00,0x00,0x00,0x00,0x00,0x00,0x00,0x00,0x00,
  0x00,0x00,0x00,0x00,0x00,0x00,0x00,0x00,0x00,0x00,0x00,0x24,
  0xAA,0xAA,0xAA,0xB7,0xBF,0x80,0x00,0x00,0x00,0x00,0x00,0x00,
  0x00,0x00,0x00,0x00,0x00,0x00,0x00,0x00,0x00,0x00,0x00,0x00,
  0x00,0x00,0x00,0x00,0x00,0x00,0x00,0x00,0x00,0x00,0x00,0x00,
  0x00,0x00,0x00,0x00,0x00,0x00,0x00,0x00,0x00,0x00,0x00,0x00,
  0x00,0x00,0x00,0x00,0x00,0x00,0x00,0x00,0x00,0x00,0x00,0x00,
  0x00,0x00,0x00,0x00,0x00,0x00,0x00,0x21,0x55,0x55,0x54,0xDA,
  0xD5,0x00,0x00,0x00,0x00,0x00,0x00,0x00,0x00,0x00,0x00,0x00,
  0x00,0x00,0x00,0x00,0x00,0x00,0x00,0x00,0x00,0x00,0x00,0x00,
  0x00,0x00,0x00,0x00,0x00,0x00,0x00,0x00,0x00,0x00,0x00,0x00,
  0x00,0x00,0x00,0x00,0x00,0x00,0x00,0x00,0x00,0x00,0x00,0x00,
  0x00,0x00,0x00,0x00,0x00,0x00,0x00,0x00,0x00,0x00,0x00,0x00,
  0x00,0x00,0x00,0x4A,0xA9,0x2A,0x4A,0xEF,0x77,0x00,0x00,0x00,
  0x00,0x00,0x00,0x00,0x00,0x00,0x00,0x00,0x00,0x00,0x00,0x00,
  0x00,0x00,0x00,0x00,0x00,0x00,0x00,0x00,0x00,0x00,0x00,0x00,
  0x00,0x00,0x00,0x00,0x00,0x00,0x00,0x00,0x00,0x00,0x00,0x00,
  0x00,0x00,0x00,0x00,0x00,0x00,0x00,0x00,0x00,0x00,0x00,0x00,
  0x00,0x00,0x00,0x00,0x00,0x00,0x00,0x00,0x00,0x00,0x00,0x85,
  0x55,0x55,0x55,0x5A,0xDB,0x00,0x00,0x00,0x00,0x00,0x00,0x00,
  0x00,0x00,0x00,0x00,0x00,0x00,0x00,0x00,0x00,0x00,0x00,0x00,
  0x00,0x00,0x00,0x00,0x00,0x00,0x00,0x00,0x00,0x00,0x00,0x00,
  0x00,0x00,0x00,0x00,0x00,0x00,0x00,0x00,0x00,0x00,0x00,0x00,
  0x00,0x00,0x00,0x00,0x00,0x00,0x00,0x00,0x00,0x00,0x00,0x00,
  0x00,0x00,0x00,0x00,0x00,0x00,0x01,0x2A,0xAA,0xA9,0x55,0xED,
  0xAD,0x00,0x00,0x00,0x00,0x00,0x00,0x00,0x00,0x00,0x00,0x00,
  0x00,0x00,0x00,0x00,0x00,0x00,0x00,0x00,0x00,0x00,0x00,0x00,
  0x00,0x00,0x00,0x00,0x00,0x00,0x00,0x00,0x00,0x00,0x00,0x00,
  0x00,0x00,0x00,0x00,0x00,0x00,0x00,0x00,0x00,0x00,0x00,0x00,
  0x00,0x00,0x00,0x00,0x00,0x00,0x00,0x00,0x00,0x00,0x00,0x00,
  0x00,0x00,0x02,0x45,0x4A,0xA5,0x52,0xB6,0xF6,0x00,0x00,0x00,
  0x00,0x00,0x00,0x00,0x00,0x00,0x00,0x00,0x00,0x00,0x00,0x00,
  0x00,0x00,0x00,0x00,0x00,0x00,0x00,0x00,0x00,0x00,0x00,0x00,
  0x00,0x00,0x00,0x00,0x00,0x00,0x00,0x00,0x00,0x00,0x00,0x00,
  0x00,0x00,0x00,0x00,0x00,0x00,0x00,0x00,0x00,0x00,0x00,0x00,
  0x00,0x00,0x00,0x00,0x00,0x00,0x00,0x00,0x00,0x00,0x04,0x94,
  0xAA,0xAA,0xAB,0xAD,0xAE,0x00,0x00,0x00,0x00,0x00,0x00,0x00,
  0x00,0x00,0x00,0x00,0x00,0x00,0x00,0x00,0x00,0x00,0x00,0x00,
  0x00,0x00,0x00,0x00,0x00,0x00,0x00,0x00,0x00,0x00,0x00,0x00,
  0x00,0x00,0x00,0x00,0x00,0x00,0x00,0x00,0x00,0x00,0x00,0x00,
  0x00,0x00,0x00,0x00,0x00,0x00,0x00,0x00,0x00,0x00,0x00,0x00,
  0x00,0x00,0x00,0x00,0x00,0x00,0x08,0x2A,0xAA,0x55,0x4A,0xF6,
  0xDA,0x00,0x00,0x00,0x00,0x00,0x00,0x00,0x00,0x00,0x00,0x00,
  0x00,0x00,0x00,0x00,0x00,0x00,0x00,0x00,0x00,0x00,0x00,0x00,
  0x00,0x00,0x00,0x00,0x00,0x00,0x00,0x00,0x00,0x00,0x00,0x00,
  0x00,0x00,0x00,0x00,0x00,0x00,0x00,0x00,0x00,0x00,0x00,0x00,
  0x00,0x00,0x00,0x00,0x00,0x00,0x00,0x00,0x00,0x00,0x00,0x00,
  0x00,0x00,0x09,0x55,0x55,0x55,0x2B,0x5B,0x6E,0x00,0x00,0x00,
  0x00,0x00,0x00,0x00,0x00,0x00,0x00,0x00,0x00,0x00,0x00,0x00,
  0x00,0x00,0x00,0x00,0x00,0x00,0x00,0x00,0x00,0x00,0x00,0x00,
  0x00,0x00,0x00,0x00,0x00,0x00,0x00,0x00,0x00,0x00,0x00,0x00,
  0x00,0x00,0x00,0x00,0x00,0x00,0x00,0x00,0x00,0x00,0x00,0x00,
  0x00,0x00,0x00,0x00,0x00,0x00,0x00,0x00,0x00,0x00,0x12,0x55,
  0x52,0xAA,0xAE,0xED,0xB4,0x00,0x00,0x00,0x00,0x00,0x00,0x00,
  0x00,0x00,0x00,0x00,0x00,0x00,0x00,0x00,0x00,0x00,0x00,0x00,
  0x00,0x00,0x00,0x00,0x00,0x00,0x00,0x00,0x00,0x00,0x00,0x00,
  0x00,0x00,0x00,0x00,0x00,0x00,0x00,0x00,0x00,0x00,0x00,0x00,
  0x00,0x00,0x00,0x00,0x00,0x00,0x00,0x00,0x00,0x00,0x00,0x00,
  0x00,0x00,0x00,0x00,0x00,0x00,0x20,0xAA,0xAA,0xA4,0xAB,0xB6,
  0xDC,0x00,0x00,0x00,0x00,0x00,0x00,0x00,0x00,0x00,0x00,0x00,
  0x00,0x00,0x00,0x00,0x00,0x00,0x00,0x00,0x00,0x00,0x00,0x00,
  0x00,0x00,0x00,0x00,0x00,0x00,0x00,0x00,0x00,0x00,0x00,0x00,
  0x00,0x00,0x00,0x00,0x00,0x00,0x00,0x00,0x00,0x00,0x00,0x00,
  0x00,0x00,0x00,0x00,0x00,0x00,0x00,0x00,0x00,0x00,0x00,0x00,
  0x00,0x00,0x4A,0xA5,0x2A,0x95,0x56,0xDB,0x6C,0x00,0x00,0x00,
  0x00,0x00,0x00,0x00,0x00,0x00,0x00,0x00,0x00,0x00,0x00,0x00,
  0x00,0x00,0x00,0x00,0x00,0x00,0x00,0x00,0x00,0x00,0x00,0x00,
  0x00,0x00,0x00,0x00,0x00,0x00,0x00,0x00,0x00,0x00,0x00,0x00,
  0x00,0x00,0x00,0x00,0x00,0x00,0x00,0x00,0x00,0x00,0x00,0x00,
  0x00,0x00,0x00,0x00,0x00,0x00,0x00,0x00,0x00,0x00,0x91,0x55,
  0x55,0x55,0x5B,0x6D,0xB4,0x00,0x00,0x00,0x00,0x00,0x00,0x00,
  0x00,0x00,0x00,0x00,0x00,0x00,0x00,0x00,0x00,0x00,0x00,0x00,
  0x00,0x00,0x00,0x00,0x00,0x00,0x00,0x00,0x00,0x00,0x00,0x00,
  0x00,0x00,0x00,0x00,0x00,0x00,0x00,0x00,0x00,0x00,0x00,0x00,
  0x00,0x00,0x00,0x00,0x00,0x00,0x00,0x00,0x00,0x00,0x00,0x00,
  0x00,0x00,0x00,0x00,0x00,0x01,0x25,0x55,0x52,0xAA,0x9D,0xB6,
  0xD8,0x00,0x00,0x00,0x00,0x00,0x00,0x00,0x00,0x00,0x00,0x00,
  0x00,0x00,0x00,0x00,0x00,0x00,0x00,0x00,0x00,0x00,0x00,0x00,
  0x00,0x00,0x00,0x00,0x00,0x00,0x00,0x00,0x00,0x00,0x00,0x00,
  0x00,0x00,0x00,0x00,0x00,0x00,0x00,0x00,0x00,0x00,0x00,0x00,
  0x00,0x00,0x00,0x00,0x00,0x00,0x00,0x00,0x00,0x00,0x00,0x00,
  0x00,0x01,0x0A,0xAA,0xAA,0xAA,0x56,0xDB,0x68,0x00,0x00,0x00,
  0x00,0x00,0x00,0x00,0x00,0x00,0x00,0x00,0x00,0x00,0x00,0x00,
  0x00,0x00,0x00,0x00,0x00,0x00,0x00,0x00,0x00,0x00,0x00,0x00,
  0x00,0x00,0x00,0x00,0x00,0x00,0x00,0x00,0x00,0x00,0x00,0x00,
  0x00,0x00,0x00,0x00,0x00,0x00,0x00,0x00,0x00,0x00,0x00,0x00,
  0x00,0x00,0x00,0x00,0x00,0x00,0x00,0x00,0x00,0x02,0x4A,0x94,
  0x95,0x55,0x75,0xB6,0xF8,0x00,0x00,0x00,0x00,0x00,0x00,0x00,
  0x00,0x00,0x00,0x00,0x00,0x00,0x00,0x00,0x00,0x00,0x00,0x00,
  0x00,0x00,0x00,0x00,0x00,0x00,0x00,0x00,0x00,0x00,0x00,0x00,
  0x00,0x00,0x00,0x00,0x00,0x00,0x00,0x00,0x00,0x00,0x00,0x00,
  0x00,0x00,0x00,0x00,0x00,0x00,0x00,0x00,0x00,0x00,0x00,0x00,
  0x00,0x00,0x00,0x00,0x00,0x04,0x25,0x52,0xAA,0x4A,0x9E,0xDB,
  0xA8,0x00,0x00,0x00,0x00,0x00,0x00,0x00,0x00,0x00,0x00,0x00,
  0x00,0x00,0x00,0x00,0x00,0x00,0x00,0x00,0x00,0x00,0x00,0x00,
  0x00,0x00,0x00,0x00,0x00,0x00,0x00,0x00,0x00,0x00,0x00,0x00,
  0x00,0x00,0x00,0x00,0x00,0x00,0x00,0x00,0x00,0x00,0x00,0x00,
  0x00,0x00,0x00,0x00,0x00,0x00,0x00,0x00,0x00,0x00,0x00,0x00,
  0x00,0x09,0x55,0x55,0x55,0x54,0xB5,0xB6,0xD0,0x00,0x00,0x00,
  0x00,0x00,0x00,0x00,0x00,0x00,0x00,0x00,0x00,0x00,0x00,0x00,
  0x00,0x00,0x00,0x00,0x00,0x00,0x00,0x00,0x00,0x00,0x00,0x00,
  0x00,0x00,0x00,0x00,0x00,0x00,0x00,0x00,0x00,0x00,0x00,0x00,
  0x00,0x00,0x00,0x00,0x00,0x00,0x00,0x00,0x00,0x00,0x00,0x00,
  0x00,0x00,0x00,0x00,0x00,0x00,0x00,0x00,0x00,0x12,0x14,0xAA,
  0xAA,0xAA,0xDB,0x6D,0x70,0x00,0x00,0x00,0x00,0x00,0x00,0x00,
  0x00,0x00,0x00,0x00,0x00,0x00,0x00,0x00,0x00,0x00,0x00,0x00,
  0x00,0x00,0x00,0x00,0x00,0x00,0x00,0x00,0x00,0x00,0x00,0x00,
  0x00,0x00,0x00,0x00,0x00,0x00,0x00,0x00,0x00,0x00,0x00,0x00,
  0x00,0x00,0x00,0x00,0x00,0x00,0x00,0x00,0x00,0x00,0x00,0x00,
  0x00,0x00,0x00,0x00,0x00,0x21,0x55,0x55,0x52,0x95,0x6D,0xB7,
  0xB0,0x00,0x00,0x00,0x00,0x00,0x00,0x00,0x00,0x00,0x00,0x00,
  0x00,0x00,0x00,0x00,0x00,0x00,0x00,0x00,0x00,0x00,0x00,0x00,
  0x00,0x00,0x00,0x00,0x00,0x00,0x00,0x00,0x00,0x00,0x00,0x00,
  0x00,0x00,0x00,0x00,0x00,0x00,0x00,0x00,0x00,0x00,0x00,0x00,
  0x00,0x00,0x00,0x00,0x00,0x00,0x00,0x00,0x00,0x00,0x00,0x00,
  0x00,0x24,0x55,0x4A,0xAA,0x52,0xB6,0xDA,0xD0,0x00,0x00,0x00,
  0x00,0x00,0x00,0x00,0x00,0x00,0x00,0x00,0x00,0x00,0x00,0x00,
  0x00,0x00,0x00,0x00,0x00,0x00,0x00,0x00,0x00,0x00,0x00,0x00,
  0x00,0x00,0x00,0x00,0x00,0x00,0x00,0x00,0x00,0x00,0x00,0x00,
  0x00,0x00,0x00,0x00,0x00,0x00,0x00,0x00,0x00,0x00,0x00,0x00,
  0x01,0x7C,0x00,0x00,0x00,0x00,0x00,0x00,0x00,0x42,0xAA,0xAA,
  0x55,0x55,0x6D,0xB7,0x60,0x00,0x00,0x00,0x00,0x00,0x00,0x00,
  0x00,0x00,0x00,0x00,0x00,0x00,0x00,0x00,0x00,0x00,0x00,0x00,
  0x00,0x00,0x00,0x00,0x00,0x00,0x00,0x00,0x00,0x00,0x00,0x00,
  0x00,0x00,0x00,0x00,0x00,0x00,0x00,0x00,0x00,0x00,0x00,0x00,
  0x00,0x00,0x00,0x00,0x00,0x00,0x00,0x00,0x03,0xF8,0x00,0x00,
  0x00,0x00,0x00,0x00,0x00,0x94,0xA5,0x55,0x4A,0xAA,0xDB,0x6D,
  0xA0,0x00,0x00,0x00,0x00,0x00,0x00,0x00,0x00,0x00,0x00,0x00,
  0x00,0x00,0x00,0x00,0x00,0x00,0x00,0x00,0x00,0x00,0x00,0x00,
  0x00,0x00,0x00,0x00,0x00,0x00,0x00,0x00,0x00,0x00,0x00,0x00,
  0x00,0x00,0x00,0x00,0x00,0x00,0x00,0x00,0x00,0x00,0x00,0x00,
  0x00,0x00,0x00,0x00,0x07,0x68,0x00,0x00,0x00,0x00,0x00,0x00,
  0x01,0x02,0xAA,0x52,0xA9,0x55,0xB6,0xDA,0xE0,0x00,0x00,0x00,
  0x00,0x00,0x00,0x00,0x00,0x00,0x00,0x00,0x00,0x00,0x00,0x00,
  0x00,0x00,0x00,0x00,0x00,0x00,0x00,0x00,0x00,0x00,0x00,0x00,
  0x00,0x00,0x00,0x00,0x00,0x00,0x00,0x00,0x00,0x00,0x00,0x00,
  0x00,0x00,0x00,0x00,0x00,0x00,0x00,0x00,0x00,0x00,0x00,0x00,
  0x0B,0xF8,0x00,0x00,0x00,0x00,0x00,0x00,0x02,0x55,0x55,0x55,
  0x55,0x4A,0xDB,0xB7,0x40,0x00,0x00,0x00,0x00,0x00,0x00,0x00,
  0x00,0x00,0x00,0x00,0x00,0x00,0x00,0x00,0x00,0x00,0x00,0x00,
  0x00,0x00,0x00,0x00,0x00,0x00,0x00,0x00,0x00,0x00,0x00,0x00,
  0x00,0x00,0x00,0x00,0x00,0x00,0x00,0x00,0x00,0x00,0x00,0x00,
  0x00,0x00,0x00,0x00,0x00,0x00,0x00,0x00,0x1F,0xB0,0x00,0x00,
  0x00,0x00,0x00,0x00,0x04,0x24,0xAA,0xAA,0xAA,0xAB,0x6D,0x6D,
  0xC0,0x00,0x00,0x00,0x00,0x00,0x00,0x00,0x00,0x00,0x00,0x00,
  0x00,0x00,0x00,0x00,0x00,0x00,0x00,0x00,0x00,0x00,0x00,0x00,
  0x00,0x00,0x00,0x00,0x00,0x00,0x00,0x00,0x00,0x00,0x00,0x00,
  0x00,0x00,0x00,0x00,0x00,0x00,0x00,0x00,0x00,0x00,0x00,0x00,
  0x00,0x00,0x00,0x00,0x2E,0xF0,0x00,0x00,0x00,0x00,0x00,0x00,
  0x04,0x8A,0x95,0x4A,0x4A,0x53,0xB7,0xBB,0x40,0x00,0x00,0x00,
  0x00,0x00,0x00,0x00,0x00,0x00,0x00,0x00,0x00,0x00,0x00,0x00,
  0x00,0x00,0x00,0x00,0x00,0x00,0x00,0x00,0x00,0x00,0x00,0x00,
  0x00,0x00,0x00,0x00,0x00,0x00,0x00,0x00,0x00,0x00,0x00,0x00,
  0x00,0x00,0x00,0x00,0x00,0x00,0x00,0x00,0x00,0x00,0x00,0x00,
  0x5F,0xE0,0x00,0x00,0x00,0x00,0x00,0x00,0x08,0x55,0x52,0x55,
  0x55,0x4D,0x6D,0x6D,0xC0,0x00,0x00,0x00,0x00,0x00,0x00,0x00,
  0x00,0x00,0x00,0x00,0x00,0x00,0x00,0x00,0x00,0x00,0x00,0x00,
  0x00,0x00,0x00,0x00,0x00,0x00,0x00,0x00,0x00,0x00,0x00,0x00,
  0x00,0x00,0x00,0x00,0x00,0x00,0x00,0x00,0x00,0x00,0x00,0x00,
  0x00,0x00,0x00,0x00,0x00,0x00,0x00,0x00,0xBB,0xC0,0x00,0x00,
  0x00,0x00,0x00,0x00,0x12,0x95,0x55,0x55,0x52,0xA6,0xDB,0xB6,
  0x80,0x00,0x00,0x00,0x00,0x00,0x00,0x00,0x00,0x00,0x00,0x00,
  0x00,0x00,0x00,0x00,0x00,0x00,0x00,0x00,0x00,0x00,0x00,0x00,
  0x00,0x00,0x00,0x00,0x00,0x00,0x00,0x00,0x00,0x00,0x00,0x00,
  0x00,0x00,0x00,0x00,0x00,0x00,0x00,0x00,0x00,0x00,0x00,0x00,
  0x00,0x00,0x00,0x01,0x7E,0xC0,0x00,0x00,0x00,0x00,0x00,0x00,
  0x20,0x52,0xAA,0xA9,0x55,0x5B,0xB6,0xDB,0x80,0x00,0x00,0x00,
  0x00,0x00,0x00,0x00,0x00,0x00,0x00,0x00,0x00,0x00,0x00,0x00,
  0x00,0x00,0x00,0x00,0x00,0x00,0x00,0x00,0x00,0x00,0x00,0x00,
  0x00,0x00,0x00,0x00,0x00,0x00,0x00,0x00,0x00,0x00,0x00,0x00,
  0x00,0x00,0x00,0x00,0x00,0x00,0x00,0x00,0x00,0x00,0x00,0x00,
  0xDB,0xC0,0x00,0x00,0x00,0x00,0x00,0x00,0x4A,0xAA,0xAA,0xA5,
  0x2A,0xAD,0x6D,0x6D,0x80,0x00,0x00,0x00,0x00,0x00,0x00,0x00,
  0x00,0x00,0x00,0x00,0x00,0x00,0x00,0x00,0x00,0x00,0x00,0x00,
  0x00,0x00,0x00,0x00,0x00,0x00,0x00,0x00,0x00,0x00,0x00,0x00,
  0x00,0x00,0x00,0x00,0x00,0x00,0x00,0x00,0x00,0x00,0x00,0x00,
  0x00,0x00,0x00,0x00,0x00,0x00,0x00,0x06,0xFF,0x80,0x00,0x00,
  0x00,0x00,0x00,0x00,0x82,0x55,0x4A,0x55,0x54,0x97,0xB7,0xB6,
  0x80,0x00,0x00,0x00,0x00,0x00,0x00,0x00,0x00,0x00,0x00,0x00,
  0x00,0x00,0x00,0x00,0x00,0x00,0x00,0x00,0x00,0x00,0x00,0x00,
  0x00,0x00,0x00,0x00,0x00,0x00,0x00,0x00,0x00,0x00,0x00,0x00,
  0x00,0x00,0x00,0x00,0x00,0x00,0x00,0x00,0x00,0x00,0x00,0x00,
  0x00,0x00,0x00,0x01,0xEF,0x00,0x00,0x00,0x00,0x00,0x00,0x01,
  0x29,0x2A,0xA9,0x55,0x52,0xAD,0x6D,0x6B,0x00,0x00,0x00,0x00,
  0x00,0x00,0x00,0x00,0x00,0x00,0x00,0x00,0x00,0x00,0x00,0x00,
  0x00,0x00,0x00,0x00,0x00,0x00,0x00,0x00,0x00,0x00,0x00,0x00,
  0x00,0x00,0x00,0x00,0x00,0x00,0x00,0x00,0x00,0x00,0x00,0x00,
  0x00,0x00,0x00,0x00,0x00,0x00,0x00,0x00,0x00,0x00,0x00,0x0F,
  0xBD,0x80,0x00,0x00,0x00,0x00,0x00,0x02,0x05,0x54,0xAA,0xAA,
  0xAA,0xB6,0xDB,0xBD,0x00,0x00,0x00,0x00,0x00,0x00,0x00,0x00,
  0x00,0x00,0x00,0x00,0x00,0x00,0x00,0x00,0x00,0x00,0x00,0x00,
  0x00,0x00,0x00,0x00,0x00,0x00,0x00,0x00,0x00,0x00,0x00,0x00,
  0x00,0x00,0x00,0x00,0x00,0x00,0x00,0x00,0x00,0x00,0x00,0x00,
  0x00,0x00,0x00,0x00,0x00,0x00,0x00,0x16,0xFF,0x00,0x00,0x00,
  0x00,0x00,0x00,0x0C,0x55,0x52,0xAA,0xA5,0x2A,0x9B,0x6D,0x6B,
  0x00,0x00,0x00,0x00,0x00,0x00,0x00,0x00,0x00,0x00,0x00,0x00,
  0x00,0x00,0x00,0x00,0x00,0x00,0x00,0x00,0x00,0x00,0x00,0x00,
  0x00,0x00,0x00,0x00,0x00,0x00,0x00,0x00,0x00,0x00,0x00,0x00,
  0x00,0x00,0x00,0x00,0x00,0x00,0x00,0x00,0x00,0x00,0x00,0x00,
  0x00,0x00,0x00,0x2F,0xEE,0x00,0x00,0x00,0x00,0x00,0x00,0x10,
  0xA4,0xAA,0x95,0x54,0xAA,0x76,0xDB,0xB6,0x00,0x00,0x00,0x00,
  0x00,0x00,0x00,0x00,0x00,0x00,0x00,0x00,0x00,0x00,0x00,0x00,
  0x00,0x00,0x00,0x00,0x00,0x00,0x00,0x00,0x00,0x00,0x00,0x00,
  0x00,0x00,0x00,0x00,0x00,0x00,0x00,0x00,0x00,0x00,0x00,0x00,
  0x00,0x00,0x00,0x00,0x00,0x00,0x00,0x00,0x00,0x00,0x00,0x57,
  0x7A,0x00,0x00,0x00,0x00,0x00,0x00,0x61,0x15,0x55,0x55,0x2A,
  0xA5,0x5B,0x6D,0x6E,0x00,0x00,0x00,0x00,0x00,0x00,0x00,0x00,
  0x00,0x00,0x00,0x00,0x00,0x00,0x00,0x00,0x00,0x00,0x00,0x00,
  0x00,0x00,0x00,0x00,0x00,0x00,0x00,0x00,0x00,0x00,0x00,0x00,
  0x00,0x00,0x00,0x00,0x00,0x00,0x00,0x00,0x00,0x00,0x00,0x00,
  0x00,0x00,0x00,0x00,0x00,0x00,0x00,0x9D,0xFC,0x00,0x00,0x00,
  0x00,0x00,0x01,0x84,0xAA,0xAA,0xA9,0x55,0x55,0x6D,0xB7,0xB6,
  0x00,0x00,0x00,0x00,0x00,0x00,0x00,0x00,0x00,0x00,0x00,0x00,
  0x00,0x00,0x00,0x00,0x00,0x00,0x00,0x00,0x00,0x00,0x00,0x00,
  0x00,0x00,0x00,0x00,0x00,0x00,0x00,0x00,0x00,0x00,0x00,0x00,
  0x00,0x00,0x00,0x00,0x00,0x00,0x00,0x00,0x00,0x00,0x00,0x00,
  0x00,0x00,0x01,0x7F,0xDC,0x00,0x00,0x00,0x00,0x00,0x04,0x12,
  0x4A,0xA5,0x55,0x52,0xAA,0xB6,0xDA,0xDA,0x00,0x00,0x00,0x00,
  0x00,0x00,0x00,0x00,0x00,0x00,0x00,0x00,0x00,0x00,0x00,0x00,
  0x00,0x00,0x00,0x00,0x00,0x00,0x00,0x00,0x00,0x00,0x00,0x00,
  0x00,0x00,0x00,0x00,0x00,0x00,0x00,0x00,0x00,0x00,0x00,0x00,
  0x00,0x00,0x00,0x00,0x00,0x00,0x00,0x00,0x00,0x00,0x02,0x77,
  0x78,0x00,0x00,0x00,0x00,0x00,0x19,0x49,0x2A,0x95,0x4A,0xAA,
  0x52,0xDB,0x6E,0xEC,0x00,0x00,0x00,0x00,0x00,0x00,0x00,0x00,
  0x00,0x00,0x00,0x00,0x00,0x00,0x00,0x00,0x00,0x00,0x00,0x00,
  0x00,0x00,0x00,0x00,0x00,0x00,0x00,0x00,0x00,0x00,0x00,0x00,
  0x00,0x00,0x00,0x00,0x00,0x00,0x00,0x00,0x00,0x00,0x00,0x00,
  0x00,0x00,0x00,0x00,0x00,0x00,0x04,0xFD,0xF8,0x00,0x00,0x00,
  0x00,0x00,0xE4,0x25,0x55,0x55,0x2A,0x55,0x4A,0xB6,0xDB,0x5C,
  0x00,0x00,0x00,0x00,0x00,0x00,0x00,0x00,0x00,0x00,0x00,0x00,
  0x00,0x00,0x00,0x00,0x00,0x00,0x00,0x00,0x00,0x00,0x00,0x00,
  0x00,0x00,0x00,0x00,0x00,0x00,0x00,0x00,0x00,0x00,0x00,0x00,
  0x00,0x00,0x00,0x00,0x00,0x00,0x00,0x00,0x00,0x00,0x00,0x00,
  0x00,0x00,0x03,0xDF,0xD0,0x00,0x00,0x00,0x00,0x0E,0x89,0x54,
  0xAA,0xAA,0xAA,0xA5,0x55,0xDB,0xB5,0xB4,0x00,0x00,0x00,0x00,
  0x00,0x00,0x00,0x00,0x00,0x00,0x00,0x00,0x00,0x00,0x00,0x00,
  0x00,0x00,0x00,0x00,0x00,0x00,0x00,0x00,0x00,0x00,0x00,0x00,
  0x00,0x00,0x00,0x00,0x00,0x00,0x40,0x00,0x00,0x00,0x00,0x00,
  0x00,0x00,0x00,0x00,0x00,0x00,0x00,0x00,0x00,0x00,0x19,0x77,
  0x70,0x00,0x00,0x00,0x00,0x70,0x52,0x89,0x2A,0xAA,0xAA,0x95,
  0x55,0x6D,0x6E,0xEC,0x00,0x00,0x00,0x00,0x00,0x00,0x00,0x00,
  0x00,0x00,0x00,0x00,0x00,0x00,0x00,0x00,0x00,0x00,0x00,0x00,
  0x00,0x00,0x00,0x00,0x00,0x00,0x00,0x00,0x00,0x00,0x00,0x00,
  0x00,0x00,0xC0,0x00,0x00,0x00,0x00,0x00,0x00,0x00,0x00,0x00,
  0x00,0x00,0x00,0x00,0x00,0x00,0x17,0xFF,0xE0,0x00,0x00,0x00,
  0x07,0x45,0x08,0x52,0xA9,0x55,0x55,0x54,0xA9,0xB7,0xBB,0x58,
  0x00,0x00,0x00,0x00,0x00,0x00,0x00,0x00,0x00,0x00,0x00,0x00,
  0x00,0x00,0x00,0x00,0x20,0x00,0x00,0x00,0x00,0x00,0x00,0x00,
  0x00,0x00,0x00,0x00,0x00,0x00,0x00,0x00,0x00,0x01,0x00,0x00,
  0x00,0x00,0x00,0x00,0x00,0x00,0x00,0x00,0x00,0x00,0x00,0x00,
  0x00,0x00,0x26,0xDB,0xE0,0x00,0x00,0x00,0x58,0x12,0xA5,0x25,
  0x55,0x54,0xA4,0xAA,0x96,0xDA,0xD6,0xE8,0x00,0x00,0x00,0x00,
  0x00,0x00,0x00,0x00,0x00,0x00,0x00,0x00,0x00,0x00,0x00,0x00,
  0x60,0x00,0x00,0x00,0x00,0x00,0x00,0x00,0x00,0x00,0x00,0x00,
  0x00,0x00,0x00,0x00,0x00,0x02,0x80,0x00,0x00,0x00,0x00,0x00,
  0x00,0x00,0x00,0x00,0x01,0x00,0x00,0x00,0x00,0x00,0x5F,0xFE,
  0xC0,0x00,0x00,0x03,0xA5,0x48,0x92,0x92,0xAA,0xAA,0x95,0x55,
  0x53,0x6E,0xED,0xB8,0x00,0x00,0x00,0x00,0x00,0x00,0x00,0x00,
  0x00,0x00,0x00,0x00,0x00,0x00,0x00,0x00,0x80,0x00,0x00,0x00,
  0x00,0x00,0x00,0x00,0x00,0x00,0x00,0x00,0x00,0x00,0x00,0x00,
  0x00,0x04,0x80,0x00,0x00,0x00,0x00,0x00,0x00,0x00,0x00,0x00,
  0x04,0xF0,0x00,0x00,0x00,0x00,0x9B,0x77,0xC0,0x00,0x00,0x2C,
  0x11,0x25,0x28,0xAA,0xAA,0x95,0x55,0x4A,0xAB,0xB5,0xB6,0xD0,
  0x00,0x00,0x00,0x00,0x00,0x00,0x00,0x00,0x00,0x00,0x00,0x00,
  0x00,0x00,0x55,0x6F,0x7B,0x6D,0xBF,0xB6,0xDB,0x6D,0xB6,0xDB,
  0x6D,0xB6,0xDB,0x6D,0xB6,0xDB,0x6F,0xB6,0xDB,0x6D,0xFB,0x6D,
  0xB6,0xDB,0x6D,0xB6,0xDB,0x6D,0xB6,0xDB,0x7B,0x1E,0xDB,0x6D,
  0xB6,0xDB,0x6F,0xFE,0xDE,0xED,0xAB,0xF2,0xA4,0x92,0x45,0x09,
  0x2A,0xAA,0xAA,0xA9,0x2D,0x6E,0xDB,0x70,0x00,0x00,0x00,0x00,
  0x00,0x00,0x00,0x00,0x00,0x00,0x00,0x00,0x02,0xAD,0x80,0x00,
  0x00,0x00,0x00,0x00,0x00,0x00,0x00,0x00,0x00,0x00,0x00,0x00,
  0x00,0x00,0x00,0x00,0x00,0x00,0x00,0x00,0x00,0x00,0x00,0x00,
  0x00,0x00,0x00,0x00,0x00,0x40,0x00,0x00,0x00,0x02,0x7D,0xB7,
  0x80,0x00,0x00,0x0A,0x96,0xAA,0xA8,0xA4,0x42,0x49,0x54,0xA5,
  0x57,0xBB,0x6D,0xB0,0x00,0x00,0x00,0x00,0x00,0x00,0x00,0x00,
  0x00,0x00,0x00,0x02,0xB8,0x00,0x00,0x00,0x00,0x00,0x00,0x00,
  0x00,0x00,0x00,0x00,0x00,0x00,0x00,0x00,0x00,0x00,0x00,0x00,
  0x00,0x00,0x00,0x00,0x00,0x00,0x00,0x00,0x00,0x00,0x00,0x00,
  0x00,0x00,0x00,0x00,0x00,0x05,0x6F,0xFF,0x00,0x00,0x00,0x00,
  0x00,0x04,0x56,0xB5,0x54,0x22,0x25,0x55,0x4A,0xD6,0xDB,0x50,
  0x00,0x00,0x00,0x00,0x00,0x00,0x00,0x00,0x00,0x00,0x00,0xB4,
  0x00,0x00,0x00,0x00,0x00,0x00,0x00,0x00,0x00,0x00,0x00,0x00,
  0x00,0x00,0x00,0x00,0x00,0x00,0x00,0x00,0x00,0x00,0x00,0x00,
  0x00,0x00,0x00,0x00,0x00,0x00,0x00,0x00,0x00,0x00,0x00,0x00,
  0x00,0x09,0xFE,0xDB,0x00,0x00,0x00,0x00,0x00,0x00,0x00,0x02,
  0x95,0xA9,0x48,0x95,0x5D,0x7B,0x6D,0xF0,0x00,0x00,0x00,0x00,
  0x00,0x00,0x00,0x00,0x00,0x00,0x16,0x00,0x00,0x00,0x00,0x00,
  0x00,0x00,0x00,0x00,0x00,0x00,0x00,0x00,0x00,0x00,0x00,0x00,
  0x00,0x00,0x00,0x00,0x00,0x00,0x00,0x00,0x00,0x00,0x00,0x00,
  0x00,0x00,0x00,0x00,0x00,0x00,0x00,0x00,0x00,0x15,0x6F,0xFE,
  0x00,0x00,0x00,0x00,0x00,0x00,0x00,0x00,0x00,0x0A,0xAA,0xA4,
  0xAF,0xAD,0xB6,0xA0,0x00,0x0B,0x7F,0xF0,0x00,0x00,0x00,0x00,
  0x00,0x01,0xA0,0x00,0x00,0x00,0x00,0x00,0x00,0x00,0x00,0x00,
  0x00,0x00,0x00,0x00,0x00,0x00,0x00,0x00,0x00,0x00,0x00,0x00,
  0x00,0x00,0x00,0x00,0x00,0x00,0x00,0x00,0x00,0x00,0x00,0x00,
  0x00,0x00,0x00,0x00,0x00,0x25,0xFB,0x76,0x00,0x00,0x00,0x00,
  0x00,0x00,0x00,0x00,0x00,0x00,0x00,0x15,0x5B,0x6B,0x5B,0xA0,
  0x01,0x6D,0xD7,0xC0,0x00,0x00,0x00,0x00,0x00,0x14,0x00,0x00,
  0x00,0x20,0x00,0x00,0x00,0x00,0x00,0x00,0x00,0x00,0x00,0x00,
  0x00,0x00,0x00,0x00,0x00,0x00,0x00,0x00,0x00,0x00,0x00,0x00,
  0x00,0x00,0x00,0x00,0x00,0x00,0x00,0x00,0x00,0x00,0x00,0x00,
  0x00,0x2B,0xDF,0xFE,0x00,0x00,0x00,0x00,0x00,0x00,0x00,0x00,
  0x00,0x00,0x00,0x00,0x04,0xDF,0xED,0x60,0x2D,0x5F,0xFF,0x00,
  0x00,0x00,0x00,0x00,0x00,0xC0,0x00,0x00,0x01,0x00,0x00,0x00,
  0x00,0x00,0x00,0x00,0x00,0x00,0x00,0x00,0x00,0x00,0x00,0x00,
  0x00,0x00,0x00,0x00,0x00,0x00,0x00,0x00,0x00,0x00,0x00,0x00,
  0x00,0x00,0x00,0x00,0x00,0x00,0x00,0x00,0x00,0xCF,0x7D,0xB4,
  0x00,0x00,0x00,0x00,0x00,0x00,0x00,0x00,0x00,0x00,0x00,0x00,
  0x10,0x00,0x37,0xA5,0xAB,0xFF,0xFC,0x00,0x00,0x00,0x00,0x00,
  0x06,0x00,0x00,0x00,0x3E,0xF8,0x00,0x00,0x00,0x00,0x00,0x00,
  0x00,0x00,0x00,0x00,0x00,0x00,0x00,0x00,0x00,0x00,0x00,0x00,
  0x00,0x00,0x00,0x00,0x00,0x00,0x00,0x00,0x00,0x00,0x00,0x00,
  0x00,0x00,0x00,0x00,0x00,0xAB,0xF7,0xFC,0x00,0x00,0x00,0x00,
  0x00,0x03,0xFF,0xC0,0x00,0x00,0x00,0x00,0x00,0x00,0x00,0xEA,
  0xFF,0xFF,0xF0,0x00,0x00,0x00,0x00,0x00,0x28,0x00,0x00,0x00,
  0x40,0x04,0x00,0x00,0x00,0x00,0x00,0x00,0x00,0x00,0x00,0x00,
  0x00,0x00,0x00,0x00,0x00,0x00,0x00,0x00,0x00,0x00,0x00,0x00,
  0x00,0x00,0x00,0x00,0x00,0x00,0x00,0x00,0x00,0x00,0x00,0x00,
  0x03,0x3F,0x7F,0xB8,0x00,0x00,0x00,0x00,0x00,0x02,0x00,0x40,
  0x00,0x00,0x00,0x00,0x00,0x00,0x15,0x17,0xFF,0xFF,0xC0,0x00,
  0x00,0x00,0x00,0x00,0x80,0x00,0x00,0x00,0x40,0x04,0x00,0x00,
  0x00,0x00,0x00,0x00,0x00,0x00,0x00,0x00,0x00,0x00,0x00,0x00,
  0x00,0x00,0x00,0x00,0x00,0x00,0x00,0x00,0x00,0x00,0x00,0x00,
  0x00,0x00,0x00,0x00,0x00,0x00,0x00,0x00,0x04,0xDD,0xFE,0xF0,
  0x00,0x00,0x00,0x00,0x00,0x02,0x00,0x20,0x00,0x00,0x00,0x00,
  0x00,0x0A,0xCA,0xFF,0xFF,0xFB,0x00,0x00,0x00,0x00,0x00,0x02,
  0x00,0x00,0x00,0x00,0x40,0x02,0x00,0x00,0x00,0x00,0x00,0x00,
  0x00,0x00,0x00,0x00,0x00,0x00,0x00,0x00,0x00,0x00,0x00,0x00,
  0x00,0x00,0x00,0x00,0x00,0x00,0x00,0x00,0x00,0x00,0x00,0x00,
  0x00,0x00,0x00,0x00,0x1B,0xFF,0xF7,0xF0,0x00,0x00,0x00,0x00,
  0x00,0x02,0x00,0x20,0x00,0x00,0x00,0x2F,0xA9,0x68,0x3F,0xFF,
  0xDE,0xDC,0x00,0x00,0x00,0x00,0x00,0x08,0x00,0x00,0x00,0x00,
  0x40,0x24,0x00,0x00,0x00,0x00,0x00,0x00,0x00,0x00,0x00,0x00,
  0x00,0x00,0x00,0x00,0x00,0x00,0x00,0x00,0x00,0x00,0x00,0x00,
  0x00,0x00,0x00,0x00,0x00,0x00,0x00,0x00,0x00,0x00,0x00,0x00,
  0xA7,0xFF,0xFF,0xE0,0x00,0x00,0x00,0x00,0x00,0x02,0x00,0x20,
  0x00,0x00,0x00,0xB0,0x57,0x07,0xFF,0xFF,0xFB,0xF0,0x00,0x00,
  0x00,0x00,0x00,0x10,0x00,0x00,0x00,0x00,0x40,0x02,0x00,0x00,
  0x00,0x00,0x00,0x00,0x00,0x00,0x00,0x00,0x00,0x00,0x00,0x00,
  0x00,0x00,0x00,0x00,0x00,0x00,0x00,0x00,0x00,0x00,0x00,0x00,
  0x00,0x00,0x00,0x00,0x00,0x00,0x00,0x0A,0xBF,0xFF,0xFF,0x80,
  0x00,0x00,0x00,0x00,0x00,0x02,0x00,0x20,0x00,0x00,0x04,0x6B,
  0x50,0x7F,0xFF,0xFF,0xFF,0xC0,0x00,0x00,0x00,0x00,0x00,0x40,
  0x00,0x00,0x00,0x00,0x40,0x04,0x00,0x00,0x00,0x00,0x00,0x00,
  0x00,0x00,0x00,0x00,0x00,0x00,0x00,0x00,0x00,0x00,0x00,0x00,
  0x00,0x00,0x00,0x00,0x00,0x00,0x00,0x00,0x00,0x00,0x00,0x00,
  0x00,0x00,0x01,0x77,0xFF,0x77,0xBF,0x80,0x00,0x00,0x00,0x00,
  0x00,0x00,0x00,0x20,0x00,0x01,0x10,0x74,0x0F,0xFF,0xFF,0xFD,
  0xDE,0x00,0x00,0x00,0x00,0x00,0x00,0x80,0x00,0x00,0x00,0x00,
  0x40,0x82,0x00,0x00,0x00,0x00,0x00,0x00,0x00,0x00,0x00,0x00,
  0x00,0x00,0x00,0x00,0x00,0x00,0x00,0x00,0x00,0x00,0x00,0x00,
  0x00,0x00,0x00,0x00,0x00,0x00,0x00,0x00,0x00,0x00,0x14,0x1F,
  0xFF,0xFF,0xF6,0xE0,0x00,0x00,0x00,0x00,0x00,0x02,0x00,0x20,
  0x00,0x48,0x45,0x81,0xFF,0xFF,0xF7,0xDF,0xFE,0x00,0x00,0x00,
  0x00,0x00,0x01,0x55,0xB5,0x50,0x00,0x00,0x41,0x84,0x00,0x00,
  0x00,0x00,0x00,0x00,0x00,0x00,0x00,0x00,0x00,0x00,0x00,0x00,
  0x00,0x00,0x00,0x00,0x00,0x00,0x00,0x00,0x00,0x00,0x00,0x00,
  0x00,0x00,0x00,0x00,0x00,0x05,0xA1,0x7F,0xFD,0xFF,0xA0,0xB0,
  0x00,0x00,0x00,0x00,0x00,0x02,0x00,0x21,0x25,0x01,0x10,0x4F,
  0xFF,0xFB,0xBF,0x7F,0xEB,0x80,0x00,0x00,0x00,0x00,0x03,0xFF,
  0xFB,0xF8,0x00,0x00,0x01,0x02,0x00,0x00,0x00,0x00,0x00,0x00,
  0x00,0x00,0x00,0x00,0x00,0x00,0x00,0x00,0x00,0x00,0x00,0x00,
  0x00,0x00,0x00,0x00,0x00,0x00,0x00,0x00,0x00,0x00,0x00,0x00,
  0x00,0xB0,0x0F,0xFD,0xDF,0xFC,0x00,0x00,0x00,0x00,0x00,0x00,
  0x00,0x02,0x1C,0xA4,0x00,0x10,0x25,0xBF,0xFF,0xDF,0xFF,0xFD,
  0x86,0xC0,0x00,0x00,0x00,0x00,0x07,0xFB,0xF7,0xF0,0x00,0x00,
  0x40,0x04,0x00,0x00,0x00,0x00,0x00,0x00,0x00,0x00,0x00,0x00,
  0x00,0x00,0x00,0x00,0x00,0x00,0x00,0x00,0x00,0x00,0x00,0x00,
  0x00,0x00,0x00,0x00,0x00,0x00,0x00,0x00,0x16,0x02,0xFF,0xFF,
  0xFF,0xD0,0x00,0x00,0x00,0x00,0x00,0x00,0x00,0x0A,0x84,0x20,
  0x20,0x84,0x1F,0xFF,0xF7,0x7F,0xFD,0xF7,0x17,0xC0,0x00,0x00,
  0x00,0x00,0x0F,0xFF,0xFF,0xF8,0x00,0x00,0x41,0x44,0x01,0x83,
  0x83,0x07,0x0E,0x0E,0x1C,0x1C,0x1C,0x1C,0x1C,0x1C,0x01,0xC0,
  0x01,0xC3,0x83,0x83,0x83,0x83,0x83,0x83,0x83,0x83,0x83,0x83,
  0x83,0x83,0x81,0x85,0xC0,0x5F,0xFF,0xF7,0xFF,0x47,0x07,0x07,
  0x07,0x0F,0x07,0x02,0x21,0x22,0x00,0xA1,0x0A,0x00,0x8F,0xFF,
  0x7F,0xFF,0xFF,0xFC,0xAF,0xC0,0x00,0x00,0x00,0x00,0x1F,0xEF,
  0xF7,0xF8,0x00,0x00,0x47,0xE4,0x03,0xD7,0xC7,0x8F,0x8F,0x1E,
  0x1E,0x9E,0x3E,0x3E,0x3E,0x1E,0x21,0xE2,0x43,0xC3,0xC3,0xCB,
  0xC7,0xC3,0xC7,0xC7,0xC7,0xC7,0xC7,0xC7,0xC7,0xC3,0xC3,0xF2,
  0x0B,0xFF,0xFF,0xFF,0xFF,0x87,0xAF,0x87,0x87,0x8F,0x8F,0x10,
  0x04,0x02,0x2A,0x24,0x00,0x22,0x05,0xFF,0xFF,0xFF,0x77,0xBD,
  0x5E,0xC0,0x00,0x00,0x00,0x00,0x3F,0xFF,0xEF,0xF0,0x00,0x00,
  0x03,0x44,0x03,0x43,0xC7,0xCF,0x0F,0x4F,0x1E,0x3E,0x1C,0x3C,
  0x3C,0x3E,0x03,0xE8,0x0B,0xE3,0xC3,0xC3,0xC3,0xC7,0xC3,0x87,
  0x83,0x93,0x83,0xC3,0xC3,0xC3,0xD6,0x00,0xBF,0xFF,0xFF,0xBF,
  0x47,0x8F,0x87,0x0F,0x0F,0x27,0x0F,0x81,0x10,0x4A,0x1F,0xA0,
  0x48,0x88,0x47,0x77,0xFF,0xFD,0xDE,0xEE,0xEF,0xC0,0x00,0x00,
  0x00,0x00,0xD5,0x1F,0xEF,0xC0,0x00,0x00,0x40,0x04,0x03,0xC3,
  0x87,0x87,0x8F,0x1E,0x1E,0x3C,0x3E,0x3E,0x3E,0x1E,0x11,0xE0,
  0x01,0xCB,0xD3,0xC7,0xC7,0xC7,0x87,0xC3,0xC7,0xC7,0xC7,0x87,
  0xC3,0xC7,0xA0,0x17,0xFF,0xFF,0xF7,0xFF,0x8F,0x8F,0x0F,0x87,
  0x8F,0x8F,0x8F,0x24,0x41,0x02,0x9A,0x21,0x00,0x00,0x11,0xFD,
  0x55,0x57,0xFB,0xF7,0xBF,0xC0,0x00,0x00,0x00,0x02,0x00,0x05,
  0xFE,0x00,0x00,0x00,0x50,0x14,0x03,0xC7,0xCF,0x8F,0x2F,0x1F,
  0x1E,0x1E,0xBC,0x3C,0x3C,0xBE,0x41,0xE1,0x23,0xE3,0xC7,0xD3,
  0xC3,0xC3,0xC3,0xD7,0xC7,0xC7,0xC3,0xD7,0x87,0xD4,0x02,0xFF,
  0xFF,0xFF,0x7E,0xF7,0x87,0x8F,0x8F,0x8F,0xA7,0x0F,0x27,0x80,
  0x04,0x02,0x00,0x24,0x24,0x44,0x83,0x6F,0xFF,0xFE,0xDF,0x5D,
  0xEF,0x80,0x00,0x00,0x00,0x08,0x00,0x00,0xA0,0x00,0x00,0x00,
  0x45,0x45,0x23,0xC3,0xC7,0x87,0x8F,0x0E,0x5E,0x3E,0x1C,0x9C,
  0x9E,0x1C,0x05,0xE4,0x03,0xC3,0xC3,0xC3,0x87,0x93,0x87,0x83,
  0x87,0x83,0x87,0x83,0xD2,0x00,0x5F,0xFF,0xFF,0xF7,0xFF,0xC7,
  0x87,0x27,0x07,0x27,0x0F,0x87,0x8F,0x01,0x10,0x22,0x48,0x20,
  0x01,0x10,0x09,0xFA,0xDB,0x77,0xF7,0xFB,0x7C,0x00,0x00,0x00,
  0x00,0x20,0x00,0x00,0x00,0x00,0x00,0x92,0x40,0x04,0x08,0x08,
  0x00,0x10,0x00,0x00,0x00,0x80,0x02,0x00,0x00,0x00,0x10,0x00,
  0x48,0x00,0x10,0x00,0x20,0x00,0x10,0x20,0x10,0x00,0x10,0x05,
  0x40,0x17,0xFF,0xFF,0xFE,0xDF,0xFC,0x00,0x20,0x00,0x40,0x00,
  0x00,0x00,0x00,0x14,0x00,0x8A,0x08,0xA9,0x20,0x01,0x20,0x5F,
  0xFF,0xDD,0x7D,0xB7,0xB0,0x00,0x00,0x00,0x00,0x80,0x00,0x00,
  0x00,0x00,0x92,0x00,0x60,0x05,0x40,0x00,0x20,0x40,0x10,0x91,
  0x00,0x00,0x20,0x02,0x20,0x01,0x00,0x01,0x00,0x20,0x00,0x08,
  0x00,0x90,0x40,0x04,0x00,0x20,0x40,0xB4,0x09,0x7F,0xFF,0xFF,
  0xF7,0xFF,0xD0,0x10,0x00,0x88,0x00,0x89,0x40,0x29,0x00,0x40,
  0x42,0x02,0x42,0x20,0x04,0x44,0x00,0xED,0x55,0x7F,0xDF,0xFD,
  0xC0,0x00,0x00,0x00,0x01,0x00,0x00,0x00,0x00,0x12,0x00,0x09,
  0x45,0x24,0x00,0x22,0x84,0x02,0x42,0x00,0x29,0x02,0x00,0x90,
  0x84,0x90,0x42,0x10,0x01,0x04,0x84,0x81,0x12,0x04,0x01,0x10,
  0x42,0x00,0x16,0x40,0x2F,0xFF,0xFF,0xFF,0x7F,0xFF,0x81,0x02,
  0x94,0x21,0x12,0x00,0x12,0x00,0x24,0x01,0x08,0x02,0x10,0x62,
  0x41,0x00,0x94,0x77,0xFF,0xEB,0x75,0x5F,0x00,0x00,0x00,0x00,
  0x04,0x00,0x00,0x00,0x12,0x40,0x08,0x80,0x40,0x04,0x24,0x80,
  0x01,0x08,0x00,0x04,0x00,0x28,0x48,0x00,0x00,0x02,0x08,0x42,
  0x24,0x00,0x10,0x10,0x40,0x01,0x08,0x40,0x08,0x4B,0xA0,0x03,
  0xFF,0xFF,0xFF,0xF7,0xFF,0xFE,0x00,0x40,0x00,0x00,0x00,0x24,
  0x00,0x44,0x81,0x10,0x00,0x52,0x82,0x20,0x08,0x2A,0x42,0xBE,
  0xEE,0xFF,0xFF,0xF4,0x00,0x00,0x00,0x00,0x08,0x00,0x00,0x04,
  0x80,0x04,0xA0,0x24,0x48,0x94,0x80,0x08,0x20,0x20,0x10,0x40,
  0x84,0x00,0x02,0x24,0x22,0x20,0x20,0x00,0x00,0x48,0x40,0x42,
  0x00,0x90,0x20,0x02,0x01,0x54,0x01,0x3F,0xFF,0xFD,0xEF,0x7F,
  0xFF,0xE8,0x49,0x08,0x02,0x44,0x91,0x00,0x91,0x00,0x08,0x04,
  0x49,0x02,0x08,0x49,0x25,0x55,0x59,0x6B,0xBB,0xB6,0xD7,0xA0,
  0x00,0x00,0x00,0x00,0x10,0x00,0x07,0x10,0x09,0x10,0x02,0x01,
  0x40,0x06,0x04,0x21,0x04,0x01,0x02,0x12,0x10,0x81,0x00,0x00,
  0x80,0x04,0x81,0x11,0x11,0x01,0x02,0x00,0x08,0x00,0x82,0x00,
  0x55,0x00,0x0F,0xFF,0xFF,0xFF,0xFF,0xFF,0xFE,0x80,0x00,0x01,
  0x20,0x00,0x04,0x12,0x00,0x11,0x20,0x80,0x00,0x02,0xA1,0x24,
  0xAA,0x92,0x44,0xFF,0xFF,0xFF,0xFC,0x00,0x00,0x00,0x00,0x00,
  0x20,0x00,0x91,0x00,0x40,0x00,0x08,0x48,0x44,0x80,0x10,0x80,
  0x01,0x04,0x40,0x00,0x00,0x10,0x24,0x82,0x08,0x80,0x04,0x00,
  0x00,0x04,0x08,0x08,0x82,0x04,0x00,0x15,0xA0,0x01,0x7F,0xFF,
  0xFF,0xDF,0xBD,0xDB,0x6B,0xE0,0x10,0x44,0x08,0x10,0x40,0x40,
  0x24,0x40,0x02,0x22,0x49,0x56,0x14,0xB2,0x91,0x49,0x2B,0xDA,
  0xD6,0xD5,0xD0,0x00,0x00,0x00,0x00,0x00,0x40,0x02,0x20,0x55,
  0x15,0x55,0x51,0x12,0x69,0x2E,0xA2,0x15,0x54,0x51,0x15,0x54,
  0xAA,0x8A,0x90,0x54,0x45,0x2A,0x50,0xAA,0xAA,0x50,0x81,0x42,
  0x28,0xA1,0x2A,0xD2,0x00,0x3F,0xFF,0xFE,0xEE,0xF5,0xF7,0xFF,
  0xFF,0xBE,0xA5,0x29,0x45,0x4A,0x95,0x15,0x49,0x15,0x54,0x95,
  0x24,0x93,0x52,0x4A,0x4A,0x54,0xBF,0x7F,0xFF,0xBF,0x00,0x00,
  0x00,0x00,0x00,0x00,0x00,0x29,0x4A,0x82,0xA0,0x89,0x24,0xA1,
  0x44,0xA2,0x14,0xA2,0x22,0x8A,0x48,0x89,0x11,0x51,0x25,0x22,
  0xA8,0x91,0x0A,0x04,0x01,0x2A,0x5D,0x7A,0xD5,0x5D,0x55,0x00,
  0x0A,0xFF,0xFF,0xFF,0xFF,0xFF,0x7F,0x77,0x7E,0xC3,0x4A,0x92,
  0x29,0x52,0x48,0xA2,0x24,0xA4,0x89,0x20,0x92,0x4A,0x4A,0xA9,
  0x29,0x27,0xED,0xED,0xB5,0xF4,0x00,0x00,0x00,0x00,0x00,0x00,
  0x81,0x44,0x92,0x58,0x4A,0x52,0x4A,0x4A,0x6A,0x16,0xA2,0x49,
  0x48,0x51,0x25,0x24,0xA4,0x0A,0x49,0x48,0x12,0x4A,0x51,0x51,
  0x5A,0x8B,0x52,0x05,0x2A,0xA2,0xC0,0x00,0xBF,0xFF,0xFD,0xEF,
  0xFF,0xFF,0xFD,0xDF,0xD7,0xFD,0x24,0x49,0x54,0x25,0x25,0x29,
  0x52,0x92,0x52,0x56,0x55,0x26,0x91,0x64,0xA5,0x5A,0xBB,0xBF,
  0xDF,0x40,0x00,0x00,0x00,0x00,0x00,0x00,0x8A,0x2A,0x49,0x25,
  0x25,0x09,0x21,0x10,0xF7,0xFE,0x14,0x92,0x25,0x24,0x92,0x52,
  0x49,0x51,0x24,0x25,0x44,0x91,0x24,0x94,0xA0,0x68,0x01,0x50,
  0x40,0x09,0x08,0x2F,0xFF,0xFF,0xFF,0xFF,0xFF,0xFF,0xF7,0xFF,
  0xFF,0xF6,0x92,0xA4,0x82,0x90,0x92,0x94,0x89,0x29,0x25,0x11,
  0x48,0xAB,0xFF,0x75,0x2B,0xFF,0xEF,0xEA,0xF8,0x00,0x00,0x00,
  0x00,0x00,0x00,0x00,0xA1,0x44,0x92,0x42,0x90,0xA4,0x94,0xA5,
  0x5D,0xDA,0xA2,0x49,0x12,0x92,0x49,0x09,0x24,0x8A,0x49,0x49,
  0x29,0x24,0x92,0x42,0x05,0x01,0x5D,0x5F,0xBF,0xF6,0x01,0xDF,
  0xFF,0xF7,0xFF,0xFF,0xDD,0xFF,0xFF,0x55,0x55,0x10,0xA9,0x12,
  0x59,0x4A,0xA8,0x42,0x54,0x94,0x90,0xAA,0x25,0x13,0xB7,0xC8,
  0xBE,0xAD,0xBD,0x7F,0x80,0x00,0x00,0x00,0x00,0x00,0x00,0x00,
  0x94,0x92,0x4A,0x98,0x4A,0x52,0x42,0x12,0x22,0x20,0x91,0x24,
  0xA4,0x49,0x24,0xA4,0x92,0x51,0x24,0x92,0x44,0x92,0x49,0x28,
  0xB6,0xFE,0xEB,0xE9,0x55,0x7C,0x2F,0xFF,0xEF,0xFF,0xBF,0xFE,
  0xFF,0xB7,0xF8,0x42,0x22,0x4A,0x44,0xA9,0x24,0xAA,0x15,0x55,
  0x22,0x42,0x4A,0x92,0xA9,0x48,0x48,0x27,0xEB,0xFF,0xF7,0xFA,
  0x00,0x00,0x00,0x00,0x00,0x00,0x00,0x00,0x4A,0x54,0x93,0x45,
  0x25,0x09,0x29,0x49,0x48,0x8A,0x4A,0x49,0x12,0x92,0x92,0x52,
  0x49,0x24,0x92,0x49,0x29,0x24,0x92,0x56,0x00,0x00,0x04,0x37,
  0xEB,0x56,0xFF,0xFF,0x7F,0xFF,0xFA,0xB7,0xF7,0xFE,0xD5,0x29,
  0x49,0x55,0x2A,0x45,0x4A,0x11,0x42,0x28,0x95,0x2A,0xAA,0x49,
  0x14,0xA5,0x12,0xDE,0xFF,0x6A,0xDF,0x80,0x00,0x00,0x00,0x00,
  0x00,0x00,0x00,0x00,0x74,0x89,0x27,0x28,0x90,0xA4,0x8A,0x52,
  0x12,0x51,0x24,0x92,0x48,0x48,0x49,0x09,0x24,0x92,0x49,0x24,
  0x92,0x49,0x25,0x80,0x00,0x00,0x00,0x00,0x3E,0xDB,0xFF,0xFF,
  0xFF,0x7F,0xFF,0xFF,0x7E,0xFF,0xFB,0xAA,0x2A,0x20,0x91,0x28,
  0xA1,0x4A,0x59,0x45,0x48,0xA4,0x44,0xA4,0xA2,0x54,0xAF,0xFB,
  0xAD,0xFF,0xFA,0x00,0x00,0x00,0x00,0x00,0x00,0x00,0x00,0x00,
  0x3B,0x52,0x48,0x92,0x4A,0x52,0x51,0x09,0x49,0x24,0x92,0x49,
  0x25,0x25,0x24,0xA4,0x92,0x49,0x24,0x92,0x49,0x24,0x92,0xC0,
  0x00,0x00,0x00,0x00,0x01,0x77,0xFF,0xFF,0xFF,0xFD,0xFF,0xED,
  0xDF,0xDB,0xFC,0xA5,0x49,0x4A,0xA5,0x4A,0x15,0x51,0x24,0xA9,
  0x25,0x12,0x92,0x12,0x95,0x13,0xFB,0x6F,0xFF,0xB7,0x40,0x00,
  0x00,0x00,0x00,0x00,0x00,0x00,0x00,0x00,0x1F,0x49,0x25,0x25,
  0x25,0x09,0x0A,0x52,0x24,0x8A,0x49,0x24,0x92,0x92,0x92,0x52,
  0x49,0x24,0x92,0x49,0x24,0x92,0x4F,0x40,0x00,0x00,0x00,0x00,
  0x00,0x0B,0xB6,0xDB,0xFF,0xFF,0xFF,0xFF,0xFB,0xFF,0x5A,0xE8,
  0xA4,0xAA,0x49,0x25,0x52,0x25,0x4A,0x14,0x92,0xA9,0x29,0x54,
  0xA4,0xEE,0xDF,0xFD,0xB5,0xFC,0x00,0x00,0x00,0x00,0x00,0x00,
  0x00,0x00,0x00,0x00,0x05,0xF5,0x50,0x90,0x90,0xA4,0xA1,0x24,
  0x92,0x51,0x24,0x92,0x48,0x48,0x49,0x09,0x24,0x92,0x49,0x24,
  0x92,0x49,0x26,0xC0,0x00,0x00,0x00,0x00,0x01,0x01,0xFF,0xFF,
  0xBB,0xDF,0xDF,0xFF,0xFF,0xFF,0xFF,0xA5,0x12,0x11,0x24,0x91,
  0x29,0x48,0x91,0x42,0x48,0x44,0x94,0x8A,0x5B,0xFF,0xF6,0xB7,
  0xFF,0xA0,0x00,0x00,0x00,0x00,0x00,0x00,0x00,0x00,0x00,0x00,
  0x03,0x5F,0xAA,0x4A,0x4A,0x49,0x14,0x91,0x49,0x0A,0x49,0x24,
  0xA5,0x25,0x24,0xA4,0x92,0x49,0x24,0x92,0x49,0x24,0x97,0x60,
  0x00,0x00,0x00,0x00,0x00,0x23,0xFF,0xFF,0xFF,0x7F,0x7F,0xFE,
  0xFD,0x49,0x54,0x52,0x49,0x4A,0x95,0x4A,0x84,0x95,0x25,0x29,
  0x25,0x2A,0x42,0xB5,0xFF,0x5B,0x7F,0xFE,0xDC,0x00,0x00,0x00,
  0x00,0x00,0x00,0x00,0x00,0x00,0x00,0x00,0x01,0xF6,0xF6,0x85,
  0x25,0x24,0xA5,0x24,0x24,0xA4,0x92,0x49,0x12,0x92,0x92,0x52,
  0x49,0x24,0x92,0x49,0x24,0x92,0x4F,0xA0,0x00,0x00,0x00,0x00,
  0x00,0x0B,0xED,0xBB,0xFF,0xFB,0xFB,0x6F,0xDF,0xE0,0x42,0x89,
  0x2A,0xA4,0x52,0x28,0x55,0x24,0x94,0xAA,0x94,0x91,0x5D,0xFF,
  0xAD,0xFF,0xDB,0x6F,0xE0,0x00,0x00,0x00,0x00,0x00,0x00,0x00,
  0x00,0x00,0x00,0x00,0x00,0x3B,0xBD,0xF4,0x90,0x92,0x10,0x92,
  0x92,0x52,0x49,0x24,0xA4,0x48,0x49,0x09,0x24,0x92,0x49,0x24,
  0x92,0x49,0x2F,0x20,0x00,0x00,0x00,0x00,0x00,0x41,0xFF,0xFF,
  0x6F,0xFF,0xFF,0xFF,0xF8,0x00,0x19,0x24,0x91,0x12,0x89,0x45,
  0x48,0x92,0x42,0x44,0x52,0xAF,0xF7,0x56,0xFF,0xDA,0xFF,0xFC,
  0x00,0x00,0x00,0x00,0x00,0x00,0x00,0x00,0x00,0x00,0x00,0x00,
  0x00,0x1F,0xEF,0x7F,0xFF,0x6D,0xEF,0x6D,0xED,0xAD,0xB6,0xDB,
  0x5B,0xB7,0xB6,0xF6,0xDB,0x6D,0xB6,0xDB,0x6D,0xB6,0xDF,0x40,
  0x00,0x00,0x00,0x00,0x00,0x03,0xFB,0xEF,0xFD,0xEF,0xFF,0xFF,
  0xFD,0x0A,0x8E,0xDB,0x6E,0xED,0x76,0xBB,0x77,0x6D,0xBD,0xBB,
  0xEF,0xFD,0x5D,0xFF,0xF7,0x7F,0xDF,0xF4,0x00,0x00,0x00,0x00,
  0x00,0x00,0x00,0x00,0x00,0x00,0x00,0x00,0x00,0x07,0xFF,0xEF,
  0x6D,0xFF,0xBD,0xFF,0x7F,0xFF,0xFF,0xFF,0xFF,0xFE,0xFF,0xFF,
  0xFF,0xFF,0xFF,0xFF,0xFF,0xFF,0xEF,0x20,0x00,0x00,0x00,0x00,
  0x00,0x29,0xFF,0xFF,0xFF,0xFF,0xFF,0xFE,0xFC,0xA5,0x77,0xFF,
  0xFF,0xFF,0xFF,0xFF,0xDF,0xFF,0xFF,0xFF,0xBF,0x77,0xFF,0xFF,
  0xDF,0xFF,0xF8,0x00,0x00,0x00,0x00,0x00,0x00,0x00,0x00,0x00,
  0x00,0x00,0x00,0x00,0x00,0x00,0xFD,0xFD,0xFF,0xB6,0xF7,0xB7,
  0xDB,0x76,0xDB,0x6D,0xB6,0xDB,0xEE,0xDB,0xBB,0x76,0xDB,0x6D,
  0xB6,0xD6,0xBF,0x10,0x00,0x00,0x00,0x00,0x01,0x03,0xFF,0xFF,
  0xFF,0xFF,0xFF,0xFF,0xFE,0x52,0xAA,0xDB,0xB6,0xB7,0xB6,0xED,
  0xFA,0xDB,0x6B,0x6D,0xFB,0xFF,0xFF,0xFB,0xFF,0xFF,0x40,0x00,
  0x00,0x00,0x00,0x00,0x00,0x00,0x00,0x00,0x00,0x00,0x00,0x00,
  0x00,0x00,0x3F,0xFF,0xFB,0xFF,0xDE,0xFD,0xFF,0xDF,0xFF,0xFF,
  0xFF,0xFF,0x7B,0xFE,0xEF,0xDF,0xFF,0xFF,0xFF,0xBF,0xFF,0x00,
  0x00,0x00,0x00,0x00,0x24,0x21,0xFF,0xFF,0xFF,0xFF,0xFF,0xEF,
  0xFF,0x15,0x5F,0xFE,0xFF,0xFD,0xFF,0xBF,0x6F,0xFF,0xFF,0xFF,
  0x6F,0xDF,0xDD,0xDF,0xFF,0xE8,0x00,0x00,0x00,0x00,0x00,0x00,
  0x00,0x00,0x00,0x00,0x00,0x00,0x00,0x00,0x00,0x00,0x07,0xFF,
  0xEF,0xED,0xFF,0xDF,0x6D,0xFB,0x55,0xB5,0x6A,0xAD,0xEF,0x6F,
  0xFD,0xFB,0x6D,0xAA,0xD5,0xF5,0xBF,0x50,0x00,0xA4,0x22,0x4A,
  0x80,0x83,0xEF,0xFF,0xFF,0xFF,0xFB,0xBF,0xDF,0xEF,0xF5,0xAF,
  0xDB,0x6F,0x6D,0xF7,0xFE,0xDB,0x6D,0xB7,0xFF,0x7D,0xFF,0xFF,
  0x7E,0x80,0x00,0x00,0x00,0x00,0x00,0x00,0x00,0x00,0x00,0x00,
  0x00,0x00,0x00,0x00,0x00,0x00,0x01,0xEF,0xFF,0xBF,0xFB,0xFF,
  0xFF,0xBF,0xFF,0xFF,0xFF,0xFF,0xFF,0xFD,0xDF,0xBF,0xFF,0xFF,
  0xFF,0xFF,0xFF,0x10,0x01,0x40,0x88,0x00,0x04,0x09,0xFF,0xFD,
  0xB7,0x7D,0xDF,0xFF,0x7F,0xBA,0xBF,0xFD,0xFF,0xFF,0xFF,0xFF,
  0x7B,0xFF,0xFF,0xFF,0xFF,0xFF,0xFF,0xFF,0xE8,0x00,0x00,0x00,
  0x00,0x00,0x00,0x00,0x00,0x00,0x00,0x00,0x00,0x00,0x00,0x00,
  0x00,0x00,0x00,0x3F,0x7F,0xFF,0xBF,0xFB,0xFF,0xFF,0xFF,0xFF,
  0xFF,0xFF,0xFF,0xFF,0xFF,0xFF,0xFF,0xFF,0xFF,0xDF,0xEF,0xA0,
  0x00,0x20,0x00,0x90,0x20,0x21,0xCA,0xFF,0xFF,0xF7,0xFF,0xFD,
  0xFD,0xFF,0xFF,0xFF,0xFF,0xFF,0xFF,0xDF,0xFF,0xFF,0xFF,0xFE,
  0xFD,0xFF,0xB7,0xFA,0x00,0x00,0x00,0x00,0x00,0x00,0x00,0x00,
  0x00,0x00,0x00,0x00,0x00,0x00,0x00,0x00,0x00,0x00,0x00,0x03,
  0xFD,0xFF,0xFF,0xBF,0xFB,0xFD,0xFF,0xBF,0xFF,0xFF,0x7B,0xBF,
  0xFE,0xFF,0xEE,0xFF,0xFF,0x7F,0xFF,0xB0,0x02,0x06,0x48,0x02,
  0x02,0x03,0xE9,0x5F,0xFF,0xFF,0xFF,0x7F,0xFF,0xFF,0xFF,0xFF,
  0xFD,0xFB,0xDE,0xFF,0xEF,0xEE,0xFF,0xDF,0xEF,0xF6,0xFE,0x80,
  0x00,0x00,0x00,0x00,0x00,0x00,0x00,0x00,0x00,0x00,0x00,0x00,
  0x00,0x00,0x00,0x00,0x00,0x00,0x00,0x00,0x5F,0xF7,0xFD,0xFF,
  0x6F,0xEF,0xDD,0xFB,0xB7,0x77,0xEF,0xFB,0xBB,0xF6,0xFF,0xEF,
  0x77,0xFE,0xFF,0xA0,0x01,0x44,0x82,0x48,0x90,0x91,0xF6,0xBF,
  0xFF,0xFF,0xFF,0xFF,0xFF,0xEF,0xF7,0x7F,0xB7,0xDF,0xFF,0xFD,
  0xFF,0xBF,0xED,0xFF,0xFF,0xFF,0xE8,0x00,0x00,0x00,0x00,0x00,
  0x00,0x00,0x00,0x00,0x00,0x00,0x00,0x00,0x00,0x00,0x00,0x00,
  0x00,0x00,0x00,0x00,0x03,0xFF,0x6F,0xFD,0xFF,0xBF,0xFF,0xFF,
  0xFF,0xFF,0xFF,0xFF,0xFF,0xFF,0xFF,0xFF,0xFF,0xFB,0xFF,0xF1,
  0x29,0x11,0x28,0x00,0x04,0x4B,0xFF,0xEF,0xFF,0xBF,0xFF,0xFF,
  0xFF,0xFE,0xFF,0xF6,0xFF,0xFF,0x7B,0xFF,0xFE,0xFF,0xFF,0xFB,
  0xBF,0xB4,0x00,0x00,0x00,0x00,0x00,0x00,0x00,0x00,0x00,0x00,
  0x00,0x00,0x00,0x00,0x00,0x00,0x00,0x00,0x00,0x00,0x00,0x00,
  0x00,0x0B,0xFF,0xF7,0xFF,0xFF,0xFF,0xFF,0xFF,0xFF,0xFF,0xEF,
  0xFF,0xFF,0xFF,0xFF,0xFF,0xFF,0xFF,0xA4,0x01,0x04,0x82,0xAA,
  0xA9,0x21,0xED,0xFF,0xFF,0xFF,0xF7,0xFF,0xFF,0xBF,0xFF,0xFF,
  0xFF,0xFF,0xFF,0xF7,0xDF,0xFF,0xFF,0xFF,0xE8,0x00,0x00,0x00,
  0x00,0x00,0x00,0x00,0x00,0x00,0x00,0x00,0x00,0x00,0x00,0x00,
  0x00,0x00,0x00,0x00,0x00,0x00,0x00,0x00,0x00,0x00,0x0A,0xAF,
  0xDB,0x7A,0xB6,0xAE,0xDA,0xD5,0x5A,0xBD,0xAD,0xAD,0xAA,0xAA,
  0xDA,0xAF,0x5F,0xF1,0x48,0x52,0x28,0x00,0x02,0x4B,0xFF,0xFF,
  0xFF,0xFF,0xFF,0xFB,0xFF,0xF7,0xAD,0xBB,0xEE,0xDB,0xDE,0xDE,
  0xF7,0xEA,0xAA,0x80,0x00,0x00,0x00,0x00,0x00,0x00,0x00,0x00,
  0x00,0x00,0x00,0x00,0x00,0x00,0x00,0x00,0x00,0x00,0x00,0x00,
  0x00,0x00,0x00,0x00,0x00,0x00,0x00,0x00,0x00,0x00,0x00,0x03,
  0x00,0x00,0x00,0x00,0x00,0x00,0x00,0x00,0x00,0x00,0x0F,0x50,
  0x03,0x08,0x82,0xAA,0xA9,0x2B,0xFF,0xFF,0xFF,0xFF,0xFF,0xFF,
  0xEA,0xE0,0x00,0x00,0x00,0x00,0x00,0x00,0x00,0x00,0x00,0x00,
  0x00,0x00,0x00,0x00,0x00,0x00,0x00,0x00,0x00,0x00,0x00,0x00,
  0x00,0x00,0x00,0x00,0x00,0x00,0x00,0x00,0x00,0x00,0x00,0x00,
  0x00,0x00,0x00,0x00,0x00,0x00,0x00,0x03,0x00,0x00,0x00,0x00,
  0x00,0x00,0x00,0x00,0x00,0x00,0x07,0xF2,0x51,0x45,0x54,0x92,
  0xA5,0xBF,0xFF,0xE8,0x00,0x40,0x08,0x08,0x00,0x70,0x00,0x00,
  0x00,0x00,0x00,0x00,0x00,0x00,0x00,0x00,0x00,0x00,0x00,0x00,
  0x00,0x00,0x00,0x00,0x00,0x00,0x00,0x00,0x00,0x00,0x00,0x00,
  0x00,0x00,0x00,0x00,0x00,0x00,0x00,0x00,0x00,0x00,0x00,0x00,
  0x00,0x00,0x00,0x00,0x00,0x00,0x00,0x00,0x00,0x00,0x00,0x00,
  0x00,0x00,0x0F,0xEA,0x8A,0x29,0x49,0x49,0x5E,0xEB,0xFF,0xF8,
  0x00,0x00,0x00,0x00,0x00,0x30,0x00,0x00,0x00,0x00,0x00,0x00,
  0x00,0x00,0x00,0x00,0x00,0x00,0x00,0x00,0x00,0x00,0x00,0x00,
  0x00,0x00,0x00,0x00,0x00,0x00,0x00,0x00,0x00,0x00,0x00,0x00,
  0x00,0x00,0x00,0x00,0x00,0x00,0x00,0x00,0x00,0x00,0x00,0x00,
  0x00,0x00,0x00,0x00,0x00,0x00,0x00,0x00,0x00,0x00,0x07,0xFF,
  0x7D,0xD6,0xB6,0xB7,0xB7,0xBF,0xFF,0xF8,0x00,0x00,0x00,0x00,
  0x00,0x00,0x00,0x00,0x00,0x00,0x00,0x00,0x00,0x00,0x00,0x00,
  0x00,0x00,0x00,0x00,0x00,0x00,0x00,0x00,0x00,0x00,0x00,0x00,
  0x00,0x00,0x00,0x00,0x00,0x00,0x00,0x00,0x00,0x00,0x00,0x00,
  0x00,0x00,0x00,0x00,0x00,0x00,0x00,0x00,0x00,0x00,0x00,0x00,
  0x00,0x00,0x00,0x00,0x00,0x00,0x0F,0xF5,0xEF,0x7F,0xEF,0xFD,
  0x7A,0xEB,0xFF,0x40,0x00,0x00,0x00,0x00,0x00,0x00,0x00,0x00,
  0x00,0x00,0x00,0x00,0x00,0x00,0x00,0x00,0x00,0x00,0x00,0x00,
  0x00,0x00,0x00,0x00,0x00,0x00,0x00,0x00,0x00,0x00,0x00,0x00,
  0x00,0x00,0x00,0x00,0x00,0x00,0x00,0x00,0x00,0x00,0x00,0x00,
  0x00,0x00,0x00,0x00,0x00,0x00,0x00,0x00,0x00,0x00,0x00,0x00,
  0x00,0x00,0x07,0xFF,0x75,0xDB,0x7A,0xAB,0xDF,0x7F,0xF4,0x00,
  0x00,0x00,0x00,0x00,0x00,0x00,0x00,0x00,0x00,0x00,0x00,0x00,
  0x00,0x00,0x00,0x00,0x00,0x00,0x00,0x00,0x00,0x00,0x00,0x00,
  0x00,0x00,0x00,0x00,0x00,0x00,0x00,0x00,0x00,0x00,0x00,0x00,
  0x00,0x00,0x00,0x00,0x00,0x00,0x00,0x00,0x00,0x00,0x00,0x00,
  0x00,0x00,0x00,0x00,0x00,0x00,0x00,0x00,0x00,0x00,0x07,0xEB,
  0xBF,0x7D,0xAF,0x7E,0xEB,0xAB,0x80,0x00,0x00,0x00,0x00,0x00,
  0x00,0x00,0x00,0x00,0x00,0x00,0x00,0x00,0x00,0x00,0x00,0x00,
  0x00,0x00,0x00,0x00,0x00,0x00,0x00,0x00,0x00,0x00,0x00,0x00,
  0x00,0x00,0x00,0x00,0x00,0x00,0x00,0x00,0x00,0x00,0x00,0x00,
  0x00,0x00,0x00,0x00,0x00,0x00,0x00,0x00,0x00,0x00,0x00,0x00,
  0x00,0x00,0x00,0x00,0x00,0x00,0x07,0xFD,0xD5,0xD7,0xF5,0xD7,
  0x7D,0x7E,0x00,0x00,0x00,0x00,0x00,0x00,0x00,0x00,0x00,0x00,
  0x00,0x00,0x00,0x00,0x00,0x00,0x00,0x00,0x00,0x00,0x00,0x00,
  0x00,0x00,0x00,0x00,0x00,0x00,0x00,0x00,0x00,0x00,0x00,0x00,
  0x00,0x00,0x00,0x00,0x00,0x00,0x00,0x00,0x00,0x00,0x00,0x00,
  0x00,0x00,0x00,0x00,0x00,0x00,0x00,0x00,0x00,0x00,0x00,0x00,
  0x00,0x00,0x03,0xEE,0xFF,0x7D,0x5F,0x7B,0xAB,0xD7,0x00,0x00,
  0x00,0x00,0x00,0x00,0x00,0x00,0x00,0x00,0x00,0x00,0x00,0x00,
  0x00,0x00,0x00,0x00,0x00,0x00,0x00,0x00,0x00,0x00,0x00,0x00,
  0x00,0x00,0x00,0x00,0x00,0x00,0x00,0x00,0x00,0x00,0x00,0x00,
  0x00,0x00,0x00,0x00,0x00,0x00,0x00,0x00,0x00,0x00,0x00,0x00,
  0x00,0x00,0x00,0x00,0x00,0x00,0x00,0x00,0x00,0x00,0x03,0xF5,
  0xAB,0xD7,0xEA,0xD6,0xFE,0xFB,0x80,0x00,0x00,0x00,0x00,0x00,
  0x00,0x00,0x00,0x00,0x00,0x00,0x00,0x00,0x00,0x00,0x00,0x00,
  0x00,0x00,0x00,0x00,0x00,0x00,0x00,0x00,0x00,0x00,0x00,0x00,
  0x00,0x00,0x00,0x00,0x00,0x00,0x00,0x00,0x00,0x00,0x00,0x00,
  0x00,0x00,0x00,0x00,0x00,0x00,0x00,0x00,0x00,0x00,0x00,0x00,
  0x00,0x00,0x00,0x00,0x00,0x00,0x01,0xFF,0xFF,0x7F,0x7F,0xFF,
  0xAB,0xBF,0x00,0x00,0x00,0x00,0x00,0x00,0x00,0x00,0x00,0x00,
  0x00,0x00,0x00,0x00,0x00,0x00,0x00,0x00,0x00,0x00,0x00,0x00,
  0x00,0x00,0x00,0x00,0x00,0x00,0x00,0x00,0x00,0x00,0x00,0x00,
  0x00,0x00,0x00,0x00,0x00,0x00,0x00,0x00,0x00,0x00,0x00,0x00,
  0x00,0x00,0x00,0x00,0x00,0x00,0x00,0x00,0x00,0x00,0x00,0x00,
  0x00,0x00,0x00,0x05,0x5F,0xFF,0xFF,0xFD,0xFF,0xE8,0x00,0x00,
  0x00,0x00,0x00,0x00,0x00,0x00,0x00,0x00,0x00,0x00,0x00,0x00,
  0x00,0x00,0x00,0x00,0x00,0x00,0x00,0x00,0x00,0x00,0x00,0x00,
  0x00,0x00,0x00,0x00,0x00,0x00,0x00,0x00,0x00,0x00,0x00,0x00,
  0x00,0x00,0x00,0x00,0x00,0x00,0x00,0x00,0x00,0x00,0x00,0x00,
  0x00,0x00,0x00,0x00,0x00,0x00,0x00,0x00,0x00,0x00,0x00,0x00,
  0x00,0x00,0x00,0x00,0x00,0x00,0x00,0x00,0x00,0x00,0x00,0x00,
  0x00,0x00,0x00,0x00,0x00,0x00,0x00,0x00,0x00,0x00,0x00,0x00,
  0x00,0x00,0x00,0x00,0x00,0x00,0x00,0x00,0x00,0x00,0x00,0x00,
  0x00,0x00,0x00,0x00,0x00,0x00,0x00,0x00,
};

// SmallerNarrowBody.png  (540x161)
static const uint8_t art_smallernarrowbody[] PROGMEM = {
  0x00,0x00,0x00,0x00,0x00,0x00,0x00,0x00,0x00,0x00,0x00,0x00,
  0x00,0x00,0x00,0x00,0x00,0x00,0x00,0x00,0x00,0x00,0x00,0x00,
  0x00,0x00,0x00,0x00,0x00,0x00,0x00,0x00,0x00,0x00,0x00,0x00,
  0x00,0x00,0x00,0x00,0x00,0x00,0x00,0x00,0x00,0x00,0x00,0x00,
  0x00,0x00,0x00,0x00,0x00,0x00,0x00,0x00,0x00,0x00,0x00,0x00,
  0x00,0x00,0x00,0x16,0xDB,0x7F,0xFC,0x00,0x00,0x00,0x00,0x00,
  0x00,0x00,0x00,0x00,0x00,0x00,0x00,0x00,0x00,0x00,0x00,0x00,
  0x00,0x00,0x00,0x00,0x00,0x00,0x00,0x00,0x00,0x00,0x00,0x00,
  0x00,0x00,0x00,0x00,0x00,0x00,0x00,0x00,0x00,0x00,0x00,0x00,
  0x00,0x00,0x00,0x00,0x00,0x00,0x00,0x00,0x00,0x00,0x00,0x00,
  0x00,0x00,0x00,0x00,0x00,0x00,0x00,0x00,0x00,0x00,0x00,0x51,
  0x24,0x0A,0x94,0x00,0x00,0x00,0x00,0x00,0x00,0x00,0x00,0x00,
  0x00,0x00,0x00,0x00,0x00,0x00,0x00,0x00,0x00,0x00,0x00,0x00,
  0x00,0x00,0x00,0x00,0x00,0x00,0x00,0x00,0x00,0x00,0x00,0x00,
  0x00,0x00,0x00,0x00,0x00,0x00,0x00,0x00,0x00,0x00,0x00,0x00,
  0x00,0x00,0x00,0x00,0x00,0x00,0x00,0x00,0x00,0x00,0x00,0x00,
  0x00,0x00,0x00,0x00,0x00,0x00,0x01,0x0A,0x92,0xB6,0xEC,0x00,
  0x00,0x00,0x00,0x00,0x00,0x00,0x00,0x00,0x00,0x00,0x00,0x00,
  0x00,0x00,0x00,0x00,0x00,0x00,0x00,0x00,0x00,0x00,0x00,0x00,
  0x00,0x00,0x00,0x00,0x00,0x00,0x00,0x00,0x00,0x00,0x00,0x00,
  0x00,0x00,0x00,0x00,0x00,0x00,0x00,0x00,0x00,0x00,0x00,0x00,
  0x00,0x00,0x00,0x00,0x00,0x00,0x00,0x00,0x00,0x00,0x00,0x00,
  0x00,0x00,0x01,0x54,0x55,0x5D,0xB8,0x00,0x00,0x00,0x00,0x00,
  0x00,0x00,0x00,0x00,0x00,0x00,0x00,0x00,0x00,0x00,0x00,0x00,
  0x00,0x00,0x00,0x00,0x00,0x00,0x00,0x00,0x00,0x00,0x00,0x00,
  0x00,0x00,0x00,0x00,0x00,0x00,0x00,0x00,0x00,0x00,0x00,0x00,
  0x00,0x00,0x00,0x00,0x00,0x00,0x00,0x00,0x00,0x00,0x00,0x00,
  0x00,0x00,0x00,0x00,0x00,0x00,0x00,0x00,0x00,0x00,0x04,0x25,
  0x49,0x6B,0x68,0x00,0x00,0x00,0x00,0x00,0x00,0x00,0x00,0x00,
  0x00,0x00,0x00,0x00,0x00,0x00,0x00,0x00,0x00,0x00,0x00,0x00,
  0x00,0x00,0x00,0x00,0x00,0x00,0x00,0x00,0x00,0x00,0x00,0x00,
  0x00,0x00,0x00,0x00,0x00,0x00,0x00,0x00,0x00,0x00,0x00,0x00,
  0x00,0x00,0x00,0x00,0x00,0x00,0x00,0x00,0x00,0x00,0x00,0x00,
  0x00,0x00,0x00,0x00,0x00,0x00,0x04,0x92,0xA4,0xDD,0xB8,0x00,
  0x00,0x00,0x00,0x00,0x00,0x00,0x00,0x00,0x00,0x00,0x00,0x00,
  0x00,0x00,0x00,0x00,0x00,0x00,0x00,0x00,0x00,0x00,0x00,0x00,
  0x00,0x00,0x00,0x00,0x00,0x00,0x00,0x00,0x00,0x00,0x00,0x00,
  0x00,0x00,0x00,0x00,0x00,0x00,0x00,0x00,0x00,0x00,0x00,0x00,
  0x00,0x00,0x00,0x00,0x00,0x00,0x00,0x00,0x00,0x00,0x00,0x00,
  0x00,0x00,0x09,0x54,0x55,0xB6,0xD8,0x00,0x00,0x00,0x00,0x00,
  0x00,0x00,0x00,0x00,0x00,0x00,0x00,0x00,0x00,0x00,0x00,0x00,
  0x00,0x00,0x00,0x00,0x00,0x00,0x00,0x00,0x00,0x00,0x00,0x00,
  0x00,0x00,0x00,0x00,0x00,0x00,0x00,0x00,0x00,0x00,0x00,0x00,
  0x00,0x00,0x00,0x00,0x00,0x00,0x00,0x00,0x00,0x00,0x00,0x00,
  0x00,0x00,0x00,0x00,0x00,0x00,0x00,0x00,0x00,0x00,0x12,0x53,
  0x25,0x6B,0x70,0x00,0x00,0x00,0x00,0x00,0x00,0x00,0x00,0x00,
  0x00,0x00,0x00,0x00,0x00,0x00,0x00,0x00,0x00,0x00,0x00,0x00,
  0x00,0x00,0x00,0x00,0x00,0x00,0x00,0x00,0x00,0x00,0x00,0x00,
  0x00,0x00,0x00,0x00,0x00,0x00,0x00,0x00,0x00,0x00,0x00,0x00,
  0x00,0x00,0x00,0x00,0x00,0x00,0x00,0x00,0x00,0x00,0x00,0x00,
  0x00,0x00,0x00,0x00,0x00,0x00,0x25,0x28,0x93,0xB5,0xB0,0x00,
  0x00,0x00,0x00,0x00,0x00,0x00,0x00,0x00,0x00,0x00,0x00,0x00,
  0x00,0x00,0x00,0x00,0x00,0x00,0x00,0x00,0x00,0x00,0x00,0x00,
  0x00,0x00,0x00,0x00,0x00,0x00,0x00,0x00,0x00,0x00,0x00,0x00,
  0x00,0x00,0x00,0x00,0x00,0x00,0x00,0x00,0x00,0x00,0x00,0x00,
  0x00,0x00,0x00,0x00,0x00,0x00,0x00,0x00,0x00,0x00,0x00,0x00,
  0x00,0x00,0x48,0xA6,0xAA,0xDE,0xB0,0x00,0x00,0x00,0x00,0x00,
  0x00,0x00,0x00,0x00,0x00,0x00,0x00,0x00,0x00,0x00,0x00,0x00,
  0x00,0x00,0x00,0x00,0x00,0x00,0x00,0x00,0x00,0x00,0x00,0x00,
  0x00,0x00,0x00,0x00,0x00,0x00,0x00,0x00,0x00,0x00,0x00,0x00,
  0x00,0x00,0x00,0x00,0x00,0x00,0x00,0x00,0x00,0x00,0x00,0x00,
  0x00,0x00,0x00,0x00,0x00,0x00,0x00,0x00,0x00,0x00,0x92,0x91,
  0x25,0x55,0xD0,0x00,0x00,0x00,0x00,0x00,0x00,0x00,0x00,0x00,
  0x00,0x00,0x00,0x00,0x00,0x00,0x00,0x00,0x00,0x00,0x00,0x00,
  0x00,0x00,0x00,0x00,0x00,0x00,0x00,0x00,0x00,0x00,0x00,0x00,
  0x00,0x00,0x00,0x00,0x00,0x00,0x00,0x00,0x00,0x00,0x00,0x00,
  0x00,0x00,0x00,0x00,0x00,0x00,0x00,0x00,0x00,0x00,0x00,0x00,
  0x00,0x00,0x00,0x00,0x00,0x01,0x25,0x54,0x97,0x6A,0xB0,0x00,
  0x00,0x00,0x00,0x00,0x00,0x00,0x00,0x00,0x00,0x00,0x00,0x00,
  0x00,0x00,0x00,0x00,0x00,0x00,0x00,0x00,0x00,0x00,0x00,0x00,
  0x00,0x00,0x00,0x00,0x00,0x00,0x00,0x00,0x00,0x00,0x00,0x00,
  0x00,0x00,0x00,0x00,0x00,0x00,0x00,0x00,0x00,0x00,0x00,0x00,
  0x00,0x00,0x00,0x00,0x00,0x00,0x00,0x00,0x00,0x00,0x00,0x00,
  0x00,0x01,0x14,0x95,0x55,0xBF,0x60,0x00,0x00,0x00,0x00,0x00,
  0x00,0x00,0x00,0x00,0x00,0x00,0x00,0x00,0x00,0x00,0x00,0x00,
  0x00,0x00,0x00,0x00,0x00,0x00,0x00,0x00,0x00,0x00,0x00,0x00,
  0x00,0x00,0x00,0x00,0x00,0x00,0x00,0x00,0x00,0x00,0x00,0x00,
  0x00,0x00,0x00,0x00,0x00,0x00,0x00,0x00,0x00,0x00,0x00,0x00,
  0x00,0x00,0x00,0x00,0x00,0x00,0x00,0x00,0x00,0x02,0x4A,0x52,
  0x8D,0x52,0xA0,0x00,0x00,0x00,0x00,0x00,0x00,0x00,0x00,0x00,
  0x00,0x00,0x00,0x00,0x00,0x00,0x00,0x00,0x00,0x00,0x00,0x00,
  0x00,0x00,0x00,0x00,0x00,0x00,0x00,0x00,0x00,0x00,0x00,0x00,
  0x00,0x00,0x00,0x00,0x00,0x00,0x00,0x00,0x00,0x00,0x00,0x00,
  0x00,0x00,0x00,0x00,0x00,0x00,0x00,0x00,0x00,0x00,0x00,0x00,
  0x00,0x00,0x00,0x00,0x00,0x04,0x29,0x49,0x57,0xED,0xE0,0x00,
  0x00,0x00,0x00,0x00,0x00,0x00,0x00,0x00,0x00,0x00,0x00,0x00,
  0x00,0x00,0x00,0x00,0x00,0x00,0x00,0x00,0x00,0x00,0x00,0x00,
  0x00,0x00,0x00,0x00,0x00,0x00,0x00,0x00,0x00,0x00,0x00,0x00,
  0x00,0x00,0x00,0x00,0x00,0x00,0x00,0x00,0x00,0x00,0x00,0x00,
  0x00,0x00,0x00,0x00,0x00,0x00,0x00,0x00,0x00,0x00,0x00,0x00,
  0x00,0x09,0x55,0x2A,0x2C,0xB6,0xA0,0x00,0x00,0x00,0x00,0x00,
  0x00,0x00,0x00,0x00,0x00,0x00,0x00,0x00,0x00,0x00,0x00,0x00,
  0x00,0x00,0x00,0x00,0x00,0x00,0x00,0x00,0x00,0x00,0x00,0x00,
  0x00,0x00,0x00,0x00,0x00,0x00,0x00,0x00,0x00,0x00,0x00,0x00,
  0x00,0x00,0x00,0x00,0x00,0x00,0x00,0x00,0x00,0x00,0x00,0x00,
  0x00,0x00,0x00,0x00,0x00,0x00,0x00,0x00,0x00,0x12,0xA4,0xA5,
  0x5B,0x5B,0x40,0x00,0x00,0x00,0x00,0x00,0x00,0x00,0x00,0x00,
  0x00,0x00,0x00,0x00,0x00,0x00,0x00,0x00,0x00,0x00,0x00,0x00,
  0x00,0x00,0x00,0x00,0x00,0x00,0x00,0x00,0x00,0x00,0x00,0x00,
  0x00,0x00,0x00,0x00,0x00,0x00,0x00,0x00,0x00,0x00,0x00,0x00,
  0x00,0x00,0x00,0x00,0x00,0x00,0x00,0x00,0x00,0x00,0x00,0x00,
  0x00,0x00,0x00,0x00,0x00,0x20,0x92,0x92,0x56,0xED,0xC0,0x00,
  0x00,0x00,0x00,0x00,0x00,0x00,0x00,0x00,0x00,0x00,0x00,0x00,
  0x00,0x00,0x00,0x00,0x00,0x00,0x00,0x00,0x00,0x00,0x00,0x00,
  0x00,0x00,0x00,0x00,0x00,0x00,0x00,0x00,0x00,0x00,0x00,0x00,
  0x00,0x00,0x00,0x00,0x00,0x00,0x00,0x00,0x00,0x00,0x00,0x00,
  0x00,0x00,0x00,0x00,0x00,0x00,0x00,0x00,0x00,0x00,0x00,0x00,
  0x00,0x2A,0x55,0x55,0x3B,0x56,0x80,0x00,0x00,0x00,0x00,0x00,
  0x00,0x00,0x00,0x00,0x00,0x00,0x00,0x00,0x00,0x00,0x00,0x00,
  0x00,0x00,0x00,0x00,0x00,0x00,0x00,0x00,0x00,0x00,0x00,0x00,
  0x00,0x00,0x00,0x00,0x00,0x00,0x00,0x00,0x00,0x00,0x00,0x00,
  0x00,0x00,0x00,0x00,0x00,0x00,0x00,0x00,0x00,0x00,0x00,0x00,
  0x00,0x00,0x00,0x00,0x00,0x00,0x00,0x00,0x00,0x42,0xA8,0x92,
  0xAD,0xBA,0xC0,0x00,0x00,0x00,0x00,0x00,0x00,0x00,0x00,0x00,
  0x00,0x00,0x00,0x00,0x00,0x00,0x00,0x00,0x00,0x00,0x00,0x00,
  0x00,0x00,0x00,0x00,0x00,0x00,0x00,0x00,0x00,0x00,0x00,0x00,
  0x00,0x00,0x00,0x00,0x00,0x00,0x00,0x00,0x00,0x00,0x00,0x00,
  0x00,0x00,0x00,0x00,0x00,0x00,0x00,0x00,0x00,0x00,0x00,0x00,
  0x00,0x00,0x00,0x00,0x00,0x95,0x25,0x49,0x76,0xD7,0x80,0x00,
  0x00,0x00,0x00,0x00,0x00,0x00,0x00,0x00,0x00,0x00,0x00,0x00,
  0x00,0x00,0x00,0x00,0x00,0x00,0x00,0x00,0x00,0x00,0x00,0x00,
  0x00,0x00,0x00,0x00,0x00,0x00,0x00,0x00,0x00,0x00,0x00,0x00,
  0x00,0x00,0x00,0x00,0x00,0x00,0x00,0x00,0x00,0x00,0x00,0x00,
  0x00,0x00,0x00,0x00,0x00,0x00,0x00,0x00,0x00,0x00,0x00,0x00,
  0x01,0x09,0x55,0x2A,0x55,0x6A,0x80,0x00,0x00,0x00,0x00,0x00,
  0x00,0x00,0x00,0x00,0x00,0x00,0x00,0x00,0x00,0x00,0x00,0x00,
  0x00,0x00,0x00,0x00,0x00,0x00,0x00,0x00,0x00,0x00,0x00,0x00,
  0x00,0x00,0x00,0x00,0x00,0x00,0x00,0x00,0x00,0x00,0x00,0x00,
  0x00,0x00,0x00,0x00,0x00,0x00,0x00,0x00,0x00,0x00,0x00,0x00,
  0x00,0x00,0x00,0x00,0x00,0x00,0x00,0x00,0x02,0x55,0x24,0xA5,
  0x6F,0xBD,0x80,0x00,0x00,0x00,0x00,0x00,0x00,0x00,0x00,0x00,
  0x00,0x00,0x00,0x00,0x00,0x00,0x00,0x00,0x00,0x00,0x00,0x00,
  0x00,0x00,0x00,0x00,0x00,0x00,0x00,0x00,0x00,0x00,0x00,0x00,
  0x00,0x00,0x00,0x00,0x00,0x00,0x00,0x00,0x00,0x00,0x00,0x00,
  0x00,0x00,0x00,0x00,0x00,0x00,0x00,0x00,0x00,0x00,0x00,0x00,
  0x00,0x00,0x00,0x00,0x04,0x89,0x52,0x92,0xDA,0xD6,0x80,0x00,
  0x00,0x00,0x00,0x00,0x00,0x00,0x00,0x00,0x00,0x00,0x00,0x00,
  0x00,0x00,0x00,0x00,0x00,0x00,0x00,0x00,0x00,0x00,0x00,0x00,
  0x00,0x00,0x00,0x00,0x00,0x00,0x00,0x00,0x00,0x00,0x00,0x00,
  0x00,0x00,0x00,0x00,0x00,0x00,0x00,0x00,0x00,0x00,0x00,0x00,
  0x00,0x00,0x00,0x00,0x00,0x00,0x00,0x00,0x00,0x00,0x00,0x00,
  0x08,0x2A,0x95,0x55,0x6A,0xAB,0x00,0x00,0x00,0x00,0x00,0x00,
  0x00,0x00,0x00,0x00,0x00,0x00,0x00,0x00,0x00,0x00,0x00,0x00,
  0x00,0x00,0x00,0x00,0x00,0x00,0x00,0x00,0x00,0x00,0x00,0x00,
  0x00,0x00,0x00,0x00,0x00,0x00,0x00,0x00,0x00,0x00,0x00,0x00,
  0x00,0x00,0x00,0x00,0x00,0x00,0x00,0x00,0x00,0x00,0x00,0x00,
  0x00,0x00,0x00,0x00,0x00,0x00,0x00,0x00,0x0A,0xA4,0xA4,0x49,
  0xBD,0xDD,0x00,0x00,0x00,0x00,0x00,0x00,0x00,0x00,0x00,0x00,
  0x00,0x00,0x00,0x00,0x00,0x00,0x00,0x00,0x00,0x00,0x00,0x00,
  0x00,0x00,0x00,0x00,0x00,0x00,0x00,0x00,0x00,0x00,0x00,0x00,
  0x00,0x00,0x00,0x00,0x00,0x00,0x00,0x00,0x00,0x00,0x00,0x00,
  0x00,0x00,0x00,0x00,0x00,0x00,0x00,0x00,0x00,0x00,0x00,0x00,
  0x00,0x00,0x00,0x00,0x10,0x55,0x2A,0xA5,0x56,0xB6,0x00,0x00,
  0x00,0x00,0x00,0x00,0x00,0x00,0x00,0x00,0x00,0x00,0x00,0x00,
  0x00,0x00,0x00,0x00,0x00,0x00,0x00,0x00,0x00,0x00,0x00,0x00,
  0x00,0x00,0x00,0x00,0x00,0x00,0x00,0x00,0x00,0x00,0x00,0x00,
  0x00,0x00,0x00,0x00,0x00,0x00,0x00,0x00,0x00,0x00,0x00,0x00,
  0x00,0x00,0x00,0x00,0x00,0x00,0x00,0x00,0x00,0x00,0x00,0x00,
  0x25,0x29,0x49,0x13,0xEB,0x6B,0x00,0x00,0x00,0x00,0x00,0x00,
  0x00,0x00,0x00,0x00,0x00,0x00,0x00,0x00,0x00,0x00,0x00,0x00,
  0x00,0x00,0x00,0x00,0x00,0x00,0x00,0x00,0x00,0x00,0x00,0x00,
  0x00,0x00,0x00,0x00,0x00,0x00,0x00,0x00,0x00,0x00,0x00,0x00,
  0x00,0x00,0x00,0x00,0x00,0x00,0x00,0x00,0x00,0x00,0x00,0x00,
  0x00,0x00,0x00,0x00,0x00,0x00,0x00,0x00,0x48,0xA5,0x25,0x56,
  0xB5,0xBA,0x00,0x00,0x00,0x00,0x00,0x00,0x00,0x00,0x00,0x00,
  0x00,0x00,0x00,0x00,0x00,0x00,0x00,0x00,0x00,0x00,0x00,0x00,
  0x00,0x00,0x00,0x00,0x00,0x00,0x00,0x00,0x00,0x00,0x00,0x00,
  0x00,0x00,0x00,0x00,0x00,0x00,0x00,0x00,0x00,0x00,0x00,0x00,
  0x00,0x00,0x00,0x00,0x00,0x00,0x00,0x00,0x00,0x00,0x00,0x00,
  0x00,0x00,0x00,0x00,0x92,0x94,0xAA,0x4A,0xDE,0xD6,0x00,0x00,
  0x00,0x00,0x00,0x00,0x00,0x00,0x00,0x00,0x00,0x00,0x00,0x00,
  0x00,0x00,0x00,0x00,0x00,0x00,0x00,0x00,0x00,0x00,0x00,0x00,
  0x00,0x00,0x00,0x00,0x00,0x00,0x00,0x00,0x00,0x00,0x00,0x00,
  0x00,0x00,0x00,0x00,0x00,0x00,0x00,0x00,0x00,0x00,0x00,0x00,
  0x00,0x00,0x00,0x00,0x00,0x00,0x00,0x00,0x00,0x00,0x00,0x01,
  0x22,0xAA,0x92,0xA7,0x6B,0x6C,0x00,0x00,0x00,0x00,0x00,0x00,
  0x00,0x00,0x00,0x00,0x00,0x00,0x00,0x00,0x00,0x00,0x00,0x00,
  0x00,0x00,0x00,0x00,0x00,0x00,0x00,0x00,0x00,0x00,0x00,0x00,
  0x00,0x00,0x00,0x00,0x00,0x00,0x00,0x00,0x00,0x00,0x00,0x00,
  0x00,0x00,0x00,0x00,0x00,0x00,0x00,0x00,0x00,0x00,0x00,0x00,
  0x00,0x00,0x00,0x00,0x00,0x00,0x00,0x01,0x0A,0x49,0x54,0x9A,
  0xAD,0xB6,0x00,0x00,0x00,0x00,0x00,0x00,0x00,0x00,0x00,0x00,
  0x00,0x00,0x00,0x00,0x00,0x00,0x00,0x00,0x00,0x00,0x00,0x00,
  0x00,0x00,0x00,0x00,0x00,0x00,0x00,0x00,0x00,0x00,0x00,0x00,
  0x00,0x00,0x00,0x00,0x00,0x00,0x00,0x00,0x00,0x00,0x00,0x00,
  0x00,0x00,0x00,0x00,0x00,0x00,0x00,0x00,0x00,0x00,0x00,0x00,
  0x00,0x00,0x00,0x02,0x49,0x54,0x92,0x4D,0xDA,0xDC,0x00,0x00,
  0x00,0x00,0x00,0x00,0x00,0x00,0x00,0x00,0x00,0x00,0x00,0x00,
  0x00,0x00,0x00,0x00,0x00,0x00,0x00,0x00,0x00,0x00,0x00,0x00,
  0x00,0x00,0x00,0x00,0x00,0x00,0x00,0x00,0x00,0x00,0x00,0x00,
  0x00,0x00,0x00,0x00,0x00,0x00,0x00,0x00,0x00,0x00,0x00,0x00,
  0x00,0x00,0x00,0x00,0x00,0x00,0x00,0x00,0x00,0x00,0x00,0x04,
  0x25,0x25,0x4A,0xAE,0xB7,0x54,0x00,0x00,0x00,0x00,0x00,0x00,
  0x00,0x00,0x00,0x00,0x00,0x00,0x00,0x00,0x00,0x00,0x00,0x00,
  0x00,0x00,0x00,0x00,0x00,0x00,0x00,0x00,0x00,0x00,0x00,0x00,
  0x00,0x00,0x00,0x00,0x00,0x00,0x00,0x00,0x00,0x00,0x00,0x00,
  0x00,0x00,0x00,0x00,0x00,0x00,0x00,0x00,0x00,0x00,0x00,0x00,
  0x00,0x00,0x00,0x00,0x00,0x00,0x00,0x09,0x2A,0x92,0x29,0x35,
  0xDA,0xEC,0x00,0x00,0x00,0x00,0x00,0x00,0x00,0x00,0x00,0x00,
  0x00,0x00,0x00,0x00,0x00,0x00,0x00,0x00,0x00,0x00,0x00,0x00,
  0x00,0x00,0x00,0x00,0x00,0x00,0x00,0x00,0x00,0x00,0x00,0x00,
  0x00,0x00,0x00,0x00,0x00,0x00,0x00,0x00,0x00,0x00,0x00,0x00,
  0x00,0x00,0x00,0x00,0x00,0x00,0x00,0x00,0x00,0x00,0x00,0x00,
  0x00,0x00,0x00,0x12,0x52,0x55,0x54,0x9A,0xAD,0x58,0x00,0x00,
  0x00,0x00,0x00,0x00,0x00,0x00,0x00,0x00,0x00,0x00,0x00,0x00,
  0x00,0x00,0x00,0x00,0x00,0x00,0x00,0x00,0x00,0x00,0x00,0x00,
  0x00,0x00,0x00,0x00,0x00,0x00,0x00,0x00,0x00,0x00,0x00,0x00,
  0x00,0x00,0x00,0x00,0x00,0x00,0x00,0x00,0x00,0x00,0x00,0x00,
  0x00,0x00,0x00,0x00,0x00,0x00,0x00,0x00,0x00,0x00,0x00,0x24,
  0x95,0x49,0x45,0x6F,0x77,0x68,0x00,0x00,0x00,0x00,0x00,0x00,
  0x00,0x00,0x00,0x00,0x00,0x00,0x00,0x00,0x00,0x00,0x00,0x00,
  0x00,0x00,0x00,0x00,0x00,0x00,0x00,0x00,0x00,0x00,0x00,0x00,
  0x00,0x00,0x00,0x00,0x00,0x00,0x00,0x00,0x00,0x00,0x00,0x00,
  0x00,0x00,0x00,0x00,0x00,0x00,0x00,0x00,0x00,0x00,0x00,0x00,
  0x00,0x00,0x00,0x00,0x00,0x00,0x00,0x60,0xA4,0xAA,0x2A,0x35,
  0xAA,0xD8,0x00,0x00,0x00,0x00,0x00,0x00,0x00,0x00,0x00,0x00,
  0x00,0x00,0x00,0x00,0x00,0x00,0x00,0x00,0x00,0x00,0x00,0x00,
  0x00,0x00,0x00,0x00,0x00,0x00,0x00,0x00,0x00,0x00,0x00,0x00,
  0x00,0x00,0x00,0x00,0x00,0x00,0x00,0x00,0x00,0x00,0x00,0x00,
  0x00,0x00,0x00,0x00,0x00,0x00,0x00,0x00,0x00,0x00,0x00,0x00,
  0x00,0x00,0x00,0x4A,0x52,0x49,0x51,0x6D,0x77,0x68,0x00,0x00,
  0x00,0x00,0x00,0x00,0x00,0x00,0x00,0x00,0x00,0x00,0x00,0x00,
  0x00,0x00,0x00,0x00,0x00,0x00,0x00,0x00,0x00,0x00,0x00,0x00,
  0x00,0x00,0x00,0x00,0x00,0x00,0x00,0x00,0x00,0x00,0x00,0x00,
  0x00,0x00,0x00,0x00,0x00,0x00,0x00,0x00,0x00,0x00,0x00,0x00,
  0x00,0x00,0x00,0x00,0x00,0x00,0x00,0x00,0x00,0x00,0x00,0x81,
  0x4A,0xA5,0x4A,0xB6,0xAD,0x58,0x00,0x00,0x00,0x00,0x00,0x00,
  0x00,0x00,0x00,0x00,0x00,0x00,0x00,0x00,0x00,0x00,0x00,0x00,
  0x00,0x00,0x00,0x00,0x00,0x00,0x00,0x00,0x00,0x00,0x00,0x00,
  0x00,0x00,0x00,0x00,0x00,0x00,0x00,0x00,0x00,0x00,0x00,0x00,
  0x00,0x00,0x00,0x00,0x00,0x00,0x00,0x00,0x00,0x00,0x00,0x00,
  0x00,0x00,0x00,0x00,0x00,0x00,0x01,0x2A,0xA9,0x29,0x2A,0xDB,
  0xD5,0xF0,0x00,0x00,0x00,0x00,0x00,0x00,0x00,0x00,0x00,0x00,
  0x00,0x00,0x00,0x00,0x00,0x00,0x00,0x00,0x00,0x00,0x00,0x00,
  0x00,0x00,0x00,0x00,0x00,0x00,0x00,0x00,0x00,0x00,0x00,0x00,
  0x00,0x00,0x00,0x00,0x00,0x00,0x00,0x00,0x00,0x00,0x00,0x00,
  0x00,0x00,0x00,0x00,0x00,0x00,0x00,0x00,0x00,0x00,0x00,0x00,
  0x00,0x00,0x02,0x04,0x4A,0x94,0x91,0x6D,0x7B,0x20,0x00,0x00,
  0x00,0x00,0x00,0x00,0x00,0x00,0x00,0x00,0x00,0x00,0x00,0x00,
  0x00,0x00,0x00,0x00,0x00,0x00,0x00,0x00,0x00,0x00,0x00,0x00,
  0x00,0x00,0x00,0x00,0x00,0x00,0x00,0x00,0x00,0x00,0x00,0x00,
  0x00,0x00,0x00,0x00,0x00,0x00,0x00,0x00,0x00,0x00,0x00,0x00,
  0x00,0x00,0x00,0x00,0x00,0x00,0x00,0x00,0x00,0x00,0x06,0x53,
  0x24,0xA5,0x4A,0xB5,0x96,0xD0,0x00,0x00,0x00,0x00,0x00,0x00,
  0x00,0x00,0x00,0x00,0x00,0x00,0x00,0x00,0x00,0x00,0x00,0x00,
  0x00,0x00,0x00,0x00,0x00,0x00,0x00,0x00,0x00,0x00,0x00,0x00,
  0x00,0x00,0x00,0x00,0x00,0x00,0x00,0x00,0x00,0x00,0x00,0x00,
  0x00,0x00,0x00,0x00,0x00,0x00,0x00,0x00,0x00,0x00,0x00,0x00,
  0x00,0x00,0x00,0x00,0x00,0x00,0x08,0x89,0x55,0x29,0x29,0xDA,
  0xEB,0x60,0x00,0x00,0x00,0x00,0x00,0x00,0x00,0x00,0x00,0x00,
  0x00,0x00,0x00,0x00,0x00,0x00,0x00,0x00,0x00,0x00,0x00,0x00,
  0x00,0x00,0x00,0x00,0x00,0x00,0x00,0x00,0x00,0x00,0x00,0x00,
  0x00,0x00,0x00,0x00,0x00,0x00,0x00,0x00,0x00,0x00,0x00,0x00,
  0x00,0x00,0x00,0x00,0x00,0x00,0x00,0x00,0x00,0x00,0x00,0x00,
  0x00,0x00,0x09,0x2A,0x92,0x94,0xA5,0x6F,0x5D,0xA0,0x00,0x00,
  0x00,0x00,0x00,0x00,0x00,0x00,0x00,0x00,0x00,0x00,0x00,0x00,
  0x00,0x00,0x00,0x00,0x00,0x00,0x00,0x00,0x00,0x00,0x00,0x00,
  0x00,0x00,0x00,0x00,0x00,0x00,0x00,0x00,0x00,0x00,0x00,0x00,
  0x00,0x00,0x00,0x00,0x00,0x00,0x00,0x00,0x00,0x00,0x00,0x00,
  0x00,0x00,0x00,0x00,0x00,0x00,0x00,0x00,0x00,0x00,0x12,0x24,
  0xA9,0x4A,0x55,0xB5,0x6A,0xE0,0x00,0x00,0x00,0x00,0x00,0x00,
  0x00,0x00,0x00,0x00,0x00,0x00,0x00,0x00,0x00,0x00,0x00,0x00,
  0x00,0x00,0x00,0x00,0x00,0x00,0x00,0x00,0x00,0x00,0x00,0x00,
  0x00,0x00,0x00,0x00,0x00,0x00,0x00,0x00,0x00,0x00,0x00,0x00,
  0x00,0x00,0x00,0x00,0x00,0x00,0x00,0x00,0x00,0x00,0x00,0x00,
  0x00,0x00,0x00,0x00,0x00,0x00,0x20,0xAA,0x4A,0x51,0x26,0xD5,
  0xB7,0x40,0x00,0x00,0x00,0x00,0x00,0x00,0x00,0x00,0x00,0x00,
  0x00,0x00,0x00,0x00,0x00,0x00,0x00,0x00,0x00,0x00,0x00,0x00,
  0x00,0x00,0x00,0x00,0x00,0x00,0x00,0x00,0x00,0x00,0x00,0x00,
  0x00,0x00,0x00,0x00,0x00,0x00,0x00,0x00,0x00,0x00,0x00,0x00,
  0x00,0x00,0x00,0x00,0x00,0x00,0x00,0x00,0x00,0x00,0x00,0x00,
  0x00,0x00,0x4A,0x52,0xA5,0x2A,0x93,0x6E,0xDA,0xC0,0x00,0x00,
  0x00,0x00,0x00,0x00,0x00,0x00,0x00,0x00,0x00,0x00,0x00,0x00,
  0x00,0x00,0x00,0x00,0x00,0x00,0x00,0x00,0x00,0x00,0x00,0x00,
  0x00,0x00,0x00,0x00,0x00,0x00,0x00,0x00,0x00,0x00,0x00,0x00,
  0x00,0x00,0x00,0x00,0x00,0x00,0x00,0x00,0x00,0x00,0x00,0x00,
  0x00,0x00,0x00,0x00,0x00,0x00,0x00,0x00,0x00,0x00,0xC1,0x2A,
  0x52,0x92,0x56,0xB5,0x6B,0x40,0x00,0x00,0x00,0x00,0x00,0x00,
  0x00,0x00,0x00,0x00,0x00,0x00,0x00,0x00,0x00,0x00,0x00,0x00,
  0x00,0x00,0x00,0x00,0x00,0x00,0x00,0x00,0x00,0x00,0x00,0x00,
  0x00,0x00,0x00,0x00,0x00,0x00,0x00,0x00,0x00,0x00,0x00,0x00,
  0x00,0x00,0x00,0x00,0x00,0x00,0x00,0x00,0x00,0x00,0x00,0x00,
  0x00,0x00,0x00,0x00,0x00,0x01,0x94,0xA5,0x29,0x49,0x4D,0xDB,
  0xAD,0xC0,0x00,0x00,0x00,0x00,0x00,0x00,0x00,0x00,0x00,0x00,
  0x00,0x00,0x00,0x00,0x00,0x00,0x00,0x00,0x00,0x00,0x00,0x00,
  0x00,0x00,0x00,0x00,0x00,0x00,0x00,0x00,0x00,0x00,0x00,0x00,
  0x00,0x00,0x00,0x00,0x00,0x00,0x00,0x00,0x00,0x00,0x00,0x00,
  0x00,0x00,0x00,0x00,0x00,0x00,0x00,0x00,0x00,0x00,0x00,0x00,
  0x00,0x01,0x02,0x92,0x94,0x55,0x2B,0x55,0x76,0x80,0x00,0x00,
  0x00,0x00,0x00,0x00,0x00,0x00,0x00,0x00,0x00,0x00,0x00,0x00,
  0x00,0x00,0x00,0x00,0x00,0x00,0x00,0x00,0x00,0x00,0x00,0x00,
  0x00,0x00,0x00,0x00,0x00,0x00,0x00,0x00,0x00,0x00,0x00,0x00,
  0x00,0x00,0x00,0x00,0x00,0x00,0x00,0x00,0x00,0x00,0x00,0x00,
  0x00,0x00,0x00,0x00,0x00,0x00,0x00,0x00,0x00,0x02,0x29,0x54,
  0xA5,0x24,0xAD,0x6E,0xAA,0xC0,0x00,0x00,0x00,0x00,0x00,0x00,
  0x00,0x00,0x00,0x00,0x00,0x00,0x00,0x00,0x00,0x00,0x00,0x00,
  0x00,0x00,0x00,0x00,0x00,0x00,0x00,0x00,0x00,0x00,0x00,0x00,
  0x00,0x00,0x00,0x00,0x00,0x00,0x00,0x00,0x00,0x00,0x00,0x00,
  0x00,0x00,0x00,0x00,0x00,0x00,0x00,0x00,0x00,0x00,0x00,0x00,
  0x00,0x00,0x00,0x00,0x00,0x04,0x45,0x2A,0x52,0x92,0x96,0xDB,
  0xB7,0x80,0x00,0x00,0x00,0x00,0x00,0x00,0x00,0x00,0x00,0x00,
  0x00,0x00,0x00,0x00,0x00,0x00,0x00,0x00,0x00,0x00,0x00,0x00,
  0x00,0x00,0x00,0x00,0x00,0x00,0x00,0x00,0x00,0x00,0x00,0x00,
  0x00,0x00,0x00,0x00,0x00,0x00,0x00,0x00,0x00,0x00,0x00,0x00,
  0x00,0x00,0x00,0x00,0x00,0x00,0x00,0x00,0x00,0x00,0x00,0x00,
  0x00,0x0C,0x14,0xA5,0x29,0x54,0x5B,0x6D,0x5A,0x80,0x00,0x00,
  0x00,0x00,0x00,0x00,0x00,0x00,0x00,0x00,0x00,0x00,0x00,0x00,
  0x00,0x00,0x00,0x00,0x00,0x00,0x00,0x00,0x00,0x00,0x00,0x00,
  0x00,0x00,0x00,0x00,0x00,0x00,0x00,0x00,0x00,0x00,0x00,0x00,
  0x00,0x00,0x00,0x00,0x00,0x00,0x00,0x00,0x00,0x00,0x00,0x00,
  0x00,0x00,0x00,0x00,0x00,0x00,0x00,0x00,0x00,0x19,0x4A,0x92,
  0x94,0x93,0x35,0xB5,0xED,0x00,0x00,0x00,0x00,0x00,0x00,0x00,
  0x00,0x00,0x00,0x00,0x00,0x00,0x00,0x00,0x00,0x00,0x00,0x00,
  0x00,0x00,0x00,0x00,0x00,0x00,0x00,0x00,0x00,0x00,0x00,0x00,
  0x00,0x00,0x00,0x00,0x00,0x00,0x00,0x00,0x00,0x00,0x00,0x00,
  0x00,0x00,0x00,0x00,0x00,0x00,0x00,0x00,0x00,0x00,0x00,0x00,
  0x00,0x00,0x00,0x00,0x00,0x30,0x25,0x54,0xA2,0x48,0xAE,0xD6,
  0xAB,0x00,0x00,0x00,0x00,0x00,0x00,0x00,0x00,0x00,0x00,0x00,
  0x00,0x00,0x00,0x00,0x00,0x00,0x00,0x00,0x00,0x00,0x00,0x00,
  0x00,0x00,0x00,0x00,0x00,0x00,0x00,0x00,0x00,0x00,0x00,0x00,
  0x00,0x00,0x00,0x00,0x00,0x00,0x00,0x00,0x00,0x00,0x00,0x00,
  0x00,0x00,0x00,0x00,0x00,0x00,0x00,0x00,0x00,0x00,0x00,0x00,
  0x00,0x22,0x94,0x92,0x55,0x55,0x75,0x6D,0x5D,0x00,0x00,0x00,
  0x00,0x00,0x00,0x00,0x00,0x00,0x00,0x00,0x00,0x00,0x00,0x00,
  0x00,0x00,0x00,0x00,0x00,0x00,0x00,0x00,0x00,0x00,0x00,0x00,
  0x00,0x00,0x00,0x00,0x00,0x00,0x00,0x00,0x00,0x00,0x00,0x00,
  0x00,0x00,0x00,0x00,0x00,0x00,0x00,0x00,0x00,0x00,0x00,0x00,
  0x00,0x00,0x00,0x00,0x00,0x00,0x00,0x00,0x00,0x40,0x52,0x4A,
  0x89,0x24,0xAF,0xB6,0xEB,0x00,0x00,0x00,0x00,0x00,0x00,0x00,
  0x00,0x00,0x00,0x00,0x00,0x00,0x00,0x00,0x00,0x00,0x00,0x00,
  0x00,0x00,0x00,0x00,0x00,0x00,0x00,0x00,0x00,0x00,0x00,0x00,
  0x00,0x00,0x00,0x00,0x00,0x00,0x00,0x00,0x00,0x00,0x00,0x00,
  0x00,0x00,0x00,0x00,0x00,0x00,0x00,0x00,0x00,0x00,0x00,0x00,
  0x00,0x00,0x00,0x00,0x00,0x8A,0xAA,0xA9,0x54,0x92,0x6A,0xAB,
  0x5A,0x00,0x00,0x00,0x00,0x00,0x00,0x00,0x00,0x00,0x00,0x00,
  0x00,0x00,0x00,0x00,0x00,0x00,0x00,0x00,0x00,0x00,0x00,0x00,
  0x00,0x00,0x00,0x00,0x00,0x00,0x00,0x00,0x00,0x00,0x00,0x00,
  0x00,0x00,0x00,0x00,0x00,0x00,0x00,0x00,0x00,0x00,0x00,0x00,
  0x00,0x00,0x00,0x00,0x00,0x00,0x00,0x00,0x00,0x00,0x00,0x00,
  0x01,0x90,0x92,0x54,0x92,0xAA,0xDA,0xDD,0xAE,0x00,0x00,0x00,
  0x00,0x00,0x00,0x00,0x00,0x00,0x00,0x00,0x00,0x00,0x00,0x00,
  0x00,0x00,0x00,0x00,0x00,0x00,0x00,0x00,0x00,0x00,0x00,0x00,
  0x00,0x00,0x00,0x00,0x00,0x00,0x00,0x00,0x00,0x00,0x00,0x00,
  0x00,0x00,0x00,0x00,0x00,0x00,0x00,0x00,0x00,0x00,0x00,0x00,
  0x00,0x00,0x00,0x00,0x00,0x00,0x00,0x00,0x03,0x05,0x49,0x45,
  0x4A,0x49,0x6D,0xB6,0xF6,0x00,0x00,0x00,0x00,0x00,0x00,0x00,
  0x00,0x00,0x00,0x00,0x00,0x00,0x00,0x00,0x00,0x00,0x00,0x00,
  0x00,0x00,0x00,0x00,0x00,0x00,0x00,0x00,0x00,0x00,0x00,0x00,
  0x00,0x00,0x00,0x00,0x00,0x00,0x00,0x00,0x00,0x00,0x00,0x00,
  0x00,0x00,0x00,0x00,0x00,0x00,0x00,0x00,0x00,0x00,0x00,0x00,
  0x00,0x00,0x00,0x00,0x06,0x22,0x55,0x29,0x29,0x25,0xB6,0xDA,
  0x94,0x00,0x00,0x00,0x00,0x00,0x00,0x00,0x00,0x00,0x00,0x00,
  0x00,0x00,0x00,0x00,0x00,0x00,0x00,0x00,0x00,0x00,0x00,0x00,
  0x00,0x00,0x00,0x00,0x00,0x00,0x00,0x00,0x00,0x00,0x00,0x00,
  0x00,0x00,0x00,0x00,0x00,0x00,0x00,0x00,0x00,0x00,0x00,0x00,
  0x00,0x00,0x00,0x00,0x00,0x00,0x00,0x00,0x00,0x00,0x00,0x00,
  0x04,0x49,0x4A,0xA4,0xA4,0xA9,0x5B,0x6B,0x76,0x00,0x00,0x00,
  0x00,0x00,0x00,0x00,0x00,0x00,0x00,0x00,0x00,0x00,0x00,0x00,
  0x00,0x00,0x00,0x00,0x00,0x00,0x00,0x00,0x00,0x00,0x00,0x00,
  0x00,0x00,0x00,0x00,0x00,0x00,0x00,0x00,0x00,0x00,0x00,0x00,
  0x00,0x00,0x00,0x00,0x00,0x00,0x00,0x00,0x00,0x00,0x00,0x00,
  0x00,0x00,0x00,0x00,0x00,0x00,0x00,0x00,0x08,0x0A,0xA4,0x95,
  0x12,0x95,0xED,0xAD,0xAC,0x00,0x00,0x00,0x00,0x00,0x00,0x00,
  0x00,0x00,0x00,0x00,0x00,0x00,0x00,0x00,0x00,0x00,0x00,0x00,
  0x00,0x00,0x00,0x00,0x00,0x00,0x00,0x00,0x00,0x00,0x00,0x00,
  0x00,0x00,0x00,0x00,0x00,0x00,0x00,0x00,0x00,0x00,0x00,0x00,
  0x00,0x00,0x00,0x00,0x00,0x00,0x00,0x00,0x00,0x00,0x00,0x00,
  0x00,0x00,0x00,0x00,0x11,0x54,0x92,0x52,0xAA,0x4A,0xAA,0xB6,
  0xDC,0x00,0x00,0x00,0x00,0x00,0x00,0x00,0x00,0x00,0x00,0x00,
  0x00,0x00,0x00,0x00,0x00,0x00,0x00,0x00,0x00,0x00,0x00,0x00,
  0x00,0x00,0x00,0x00,0x00,0x00,0x00,0x00,0x00,0x00,0x00,0x00,
  0x00,0x00,0x00,0x00,0x00,0x00,0x00,0x00,0x00,0x00,0x00,0x00,
  0x00,0x00,0x00,0x00,0x00,0x00,0x00,0x00,0x00,0x00,0x00,0x00,
  0x30,0x0A,0x55,0x49,0x49,0x53,0x6E,0xDB,0x68,0x00,0x00,0x00,
  0x00,0x00,0x00,0x00,0x00,0x00,0x00,0x00,0x00,0x00,0x00,0x00,
  0x00,0x00,0x00,0x00,0x00,0x00,0x00,0x00,0x00,0x00,0x00,0x00,
  0x00,0x00,0x00,0x00,0x00,0x00,0x00,0x00,0x00,0x00,0x00,0x00,
  0x00,0x00,0x00,0x00,0x00,0x00,0x00,0x00,0x00,0x00,0x00,0x00,
  0x01,0x7E,0x00,0x00,0x00,0x00,0x00,0x00,0x65,0x52,0xA9,0x2A,
  0x25,0x2D,0xB5,0xAD,0x5C,0x00,0x00,0x00,0x00,0x00,0x00,0x00,
  0x00,0x00,0x00,0x00,0x00,0x00,0x00,0x00,0x00,0x00,0x00,0x00,
  0x00,0x00,0x00,0x00,0x00,0x00,0x00,0x00,0x00,0x00,0x00,0x00,
  0x00,0x00,0x00,0x00,0x00,0x00,0x00,0x00,0x00,0x00,0x00,0x00,
  0x00,0x00,0x00,0x00,0x00,0x00,0x00,0x00,0x07,0xFC,0x00,0x00,
  0x00,0x00,0x00,0x00,0xC0,0x2A,0x44,0xA5,0x54,0x86,0xDA,0xF5,
  0xA8,0x00,0x00,0x00,0x00,0x00,0x00,0x00,0x00,0x00,0x00,0x00,
  0x00,0x00,0x00,0x00,0x00,0x00,0x00,0x00,0x00,0x00,0x00,0x00,
  0x00,0x00,0x00,0x00,0x00,0x00,0x00,0x00,0x00,0x00,0x00,0x00,
  0x00,0x00,0x00,0x00,0x00,0x00,0x00,0x00,0x00,0x00,0x00,0x00,
  0x00,0x00,0x00,0x00,0x0D,0xB8,0x00,0x00,0x00,0x00,0x00,0x00,
  0x8A,0xA5,0x2A,0x92,0x4A,0x5B,0x57,0x56,0xF8,0x00,0x00,0x00,
  0x00,0x00,0x00,0x00,0x00,0x00,0x00,0x00,0x00,0x00,0x00,0x00,
  0x00,0x00,0x00,0x00,0x00,0x00,0x00,0x00,0x00,0x00,0x00,0x00,
  0x00,0x00,0x00,0x00,0x00,0x00,0x00,0x00,0x00,0x00,0x00,0x00,
  0x00,0x00,0x00,0x00,0x00,0x00,0x00,0x00,0x00,0x00,0x00,0x00,
  0x37,0xE8,0x00,0x00,0x00,0x00,0x00,0x03,0x10,0x94,0xA9,0x49,
  0x25,0x4D,0x6D,0x5B,0x50,0x00,0x00,0x00,0x00,0x00,0x00,0x00,
  0x00,0x00,0x00,0x00,0x00,0x00,0x00,0x00,0x00,0x00,0x00,0x00,
  0x00,0x00,0x00,0x00,0x00,0x00,0x00,0x00,0x00,0x00,0x00,0x00,
  0x00,0x00,0x00,0x00,0x00,0x00,0x00,0x00,0x00,0x00,0x00,0x00,
  0x00,0x00,0x00,0x00,0x00,0x00,0x00,0x00,0x2E,0xF8,0x00,0x00,
  0x00,0x00,0x00,0x02,0x05,0x52,0x94,0xAA,0xA8,0xAB,0xB5,0xED,
  0x58,0x00,0x00,0x00,0x00,0x00,0x00,0x00,0x00,0x00,0x00,0x00,
  0x00,0x00,0x00,0x00,0x00,0x00,0x00,0x00,0x00,0x00,0x00,0x00,
  0x00,0x00,0x00,0x00,0x00,0x00,0x00,0x00,0x00,0x00,0x00,0x00,
  0x00,0x00,0x00,0x00,0x00,0x00,0x00,0x00,0x00,0x00,0x00,0x00,
  0x00,0x00,0x00,0x00,0xDF,0xB0,0x00,0x00,0x00,0x00,0x00,0x0C,
  0x29,0x2A,0x52,0x49,0x25,0x1D,0x5B,0x35,0xF0,0x00,0x00,0x00,
  0x00,0x00,0x00,0x00,0x00,0x00,0x00,0x00,0x00,0x00,0x00,0x00,
  0x00,0x00,0x00,0x00,0x00,0x00,0x00,0x00,0x00,0x00,0x00,0x00,
  0x00,0x00,0x00,0x00,0x00,0x00,0x00,0x00,0x00,0x00,0x00,0x00,
  0x00,0x00,0x00,0x00,0x00,0x00,0x00,0x00,0x00,0x00,0x00,0x01,
  0x7B,0xE0,0x00,0x00,0x00,0x00,0x00,0x10,0x44,0xA5,0x4A,0xA4,
  0x94,0xB5,0xAD,0xD6,0x90,0x00,0x00,0x00,0x00,0x00,0x00,0x00,
  0x00,0x00,0x00,0x00,0x00,0x00,0x00,0x00,0x00,0x00,0x00,0x00,
  0x00,0x00,0x00,0x00,0x00,0x00,0x00,0x00,0x00,0x00,0x00,0x00,
  0x00,0x00,0x00,0x00,0x00,0x00,0x00,0x00,0x00,0x00,0x00,0x00,
  0x00,0x00,0x00,0x00,0x00,0x00,0x00,0x02,0xDE,0xE0,0x00,0x00,
  0x00,0x00,0x00,0x21,0x2A,0x92,0x52,0x52,0xA5,0x56,0xF6,0xBB,
  0x70,0x00,0x00,0x00,0x00,0x00,0x00,0x00,0x00,0x00,0x00,0x00,
  0x00,0x00,0x00,0x00,0x00,0x00,0x00,0x00,0x00,0x00,0x00,0x00,
  0x00,0x00,0x00,0x00,0x00,0x00,0x00,0x00,0x00,0x00,0x00,0x00,
  0x00,0x00,0x00,0x00,0x00,0x00,0x00,0x00,0x00,0x00,0x00,0x00,
  0x00,0x00,0x00,0x05,0xFB,0xC0,0x00,0x00,0x00,0x00,0x00,0xC4,
  0x4A,0x55,0x49,0x15,0x29,0x3B,0x55,0x55,0xA0,0x00,0x00,0x00,
  0x00,0x00,0x00,0x00,0x00,0x00,0x00,0x00,0x00,0x00,0x00,0x00,
  0x00,0x00,0x00,0x00,0x00,0x00,0x00,0x00,0x00,0x00,0x00,0x00,
  0x00,0x00,0x00,0x00,0x00,0x00,0x00,0x00,0x00,0x00,0x00,0x00,
  0x00,0x00,0x00,0x00,0x00,0x00,0x00,0x00,0x00,0x00,0x00,0x0B,
  0x6F,0x80,0x00,0x00,0x00,0x00,0x01,0x11,0x12,0xA9,0x2A,0xC8,
  0x94,0xAA,0xAD,0xDA,0xE0,0x00,0x00,0x00,0x00,0x00,0x00,0x00,
  0x00,0x00,0x00,0x00,0x00,0x00,0x00,0x00,0x00,0x00,0x00,0x00,
  0x00,0x00,0x00,0x00,0x00,0x00,0x00,0x00,0x00,0x00,0x00,0x00,
  0x00,0x00,0x00,0x00,0x00,0x00,0x00,0x00,0x00,0x00,0x00,0x00,
  0x00,0x00,0x00,0x00,0x00,0x00,0x00,0x37,0xFE,0x80,0x00,0x00,
  0x00,0x00,0x06,0x0A,0x55,0x4A,0xA4,0x26,0xA2,0xDD,0xDB,0x6F,
  0x60,0x00,0x00,0x00,0x00,0x00,0x00,0x00,0x00,0x00,0x00,0x00,
  0x00,0x00,0x00,0x00,0x00,0x00,0x00,0x00,0x00,0x00,0x00,0x00,
  0x00,0x00,0x00,0x00,0x00,0x00,0x00,0x00,0x00,0x00,0x00,0x00,
  0x00,0x00,0x00,0x00,0x00,0x00,0x00,0x00,0x00,0x00,0x00,0x00,
  0x00,0x00,0x00,0x2F,0x6F,0x80,0x00,0x00,0x00,0x00,0x18,0xA1,
  0x29,0x24,0x93,0x51,0x2A,0x6A,0xB5,0x55,0x40,0x00,0x00,0x00,
  0x00,0x00,0x00,0x00,0x00,0x00,0x00,0x00,0x00,0x00,0x00,0x00,
  0x00,0x00,0x00,0x00,0x00,0x00,0x00,0x00,0x00,0x00,0x00,0x00,
  0x00,0x00,0x00,0x00,0x00,0x00,0x06,0x00,0x00,0x00,0x00,0x00,
  0x00,0x00,0x00,0x00,0x00,0x00,0x00,0x00,0x00,0x00,0x00,0xD5,
  0xFB,0x00,0x00,0x00,0x00,0x00,0x60,0x4A,0x4A,0xAA,0x54,0x94,
  0x92,0xDB,0x6E,0xDB,0x60,0x00,0x00,0x00,0x00,0x00,0x00,0x00,
  0x00,0x00,0x00,0x00,0x00,0x00,0x00,0x00,0x01,0x80,0x00,0x00,
  0x00,0x00,0x00,0x00,0x00,0x00,0x00,0x00,0x00,0x00,0x00,0x00,
  0x00,0x00,0x14,0x00,0x00,0x00,0x00,0x00,0x00,0x00,0x00,0x00,
  0x00,0x00,0x00,0x00,0x00,0x00,0x01,0x3F,0xBE,0x00,0x00,0x00,
  0x00,0x01,0x8A,0x91,0x29,0x25,0x4A,0x55,0x49,0x6D,0xB5,0x6D,
  0xC0,0x00,0x00,0x00,0x00,0x00,0x00,0x00,0x00,0x00,0x00,0x00,
  0x00,0x00,0x00,0x00,0x02,0x80,0x00,0x00,0x00,0x00,0x00,0x00,
  0x00,0x00,0x00,0x00,0x00,0x00,0x00,0x00,0x00,0x00,0x14,0x00,
  0x00,0x00,0x00,0x00,0x00,0x00,0x00,0x00,0x00,0x00,0x00,0x00,
  0x00,0x00,0x02,0xDE,0xF6,0x00,0x00,0x00,0x00,0x0E,0x22,0x24,
  0xA5,0x54,0xA5,0x49,0x2A,0xB6,0xD7,0xB5,0x40,0x00,0x00,0x00,
  0x00,0x00,0x00,0x00,0x00,0x00,0x00,0x00,0x00,0x00,0x00,0x00,
  0x05,0x00,0x00,0x00,0x00,0x00,0x00,0x00,0x00,0x00,0x00,0x00,
  0x00,0x00,0x00,0x00,0x00,0x00,0x2C,0x00,0x00,0x00,0x00,0x00,
  0x00,0x00,0x00,0x00,0x00,0x00,0x55,0x00,0x00,0x00,0x05,0x77,
  0xDC,0x00,0x00,0x00,0x00,0x70,0x94,0x92,0xAA,0x4A,0x28,0xA4,
  0xA5,0xDB,0x5A,0xAD,0x80,0x00,0x00,0x00,0x00,0x00,0x00,0x00,
  0x00,0x00,0x00,0x00,0x00,0x00,0x00,0x00,0x0B,0x00,0x00,0x00,
  0x00,0x00,0x00,0x00,0x00,0x00,0x00,0x00,0x00,0x00,0x00,0x00,
  0x00,0x00,0x50,0x00,0x00,0x00,0x00,0x00,0x00,0x00,0x00,0x00,
  0x00,0x01,0x95,0x80,0x00,0x00,0x0A,0xFD,0xF8,0x00,0x00,0x00,
  0x07,0x85,0x22,0x45,0x55,0x25,0x4A,0x52,0x93,0x6A,0xED,0x6A,
  0x80,0x00,0x00,0x00,0x00,0x00,0x00,0x00,0x00,0x00,0x00,0x00,
  0x02,0xAE,0xFB,0xDF,0xFB,0xFF,0xFE,0xDB,0x55,0x55,0x55,0x55,
  0x55,0x55,0x55,0x55,0x55,0x55,0x55,0x55,0x55,0x55,0xDE,0xAA,
  0xAA,0xAA,0xAA,0xAA,0x94,0xA4,0x92,0x94,0x92,0x4F,0x55,0x72,
  0x49,0x24,0xB5,0xDF,0x6A,0x49,0x24,0x81,0x78,0x12,0x49,0x14,
  0x94,0xA9,0x25,0x15,0x55,0xB7,0x35,0xB7,0x80,0x00,0x00,0x00,
  0x00,0x00,0x00,0x00,0x00,0x00,0x00,0x02,0xFA,0x40,0x00,0x00,
  0x00,0x00,0x00,0x00,0x24,0x92,0x49,0x24,0x92,0x4A,0xAA,0xA9,
  0x2A,0xAA,0xAA,0xAA,0xAA,0xAA,0x22,0xAA,0xAA,0xAA,0xAA,0xAA,
  0xAB,0x55,0x6D,0x6A,0xD5,0xB1,0x6A,0xAD,0x55,0x56,0xCB,0xF7,
  0xFB,0x6D,0xB6,0xBE,0xD6,0xD4,0x80,0x42,0x42,0x94,0xA9,0x52,
  0x26,0xDA,0xD6,0xDA,0x80,0x00,0x00,0x00,0x00,0x00,0x00,0x00,
  0x00,0x00,0x00,0x7A,0x00,0x00,0x00,0x00,0x00,0x00,0x00,0x00,
  0x00,0x00,0x00,0x00,0x00,0x00,0x00,0x00,0x00,0x00,0x00,0x00,
  0x00,0x00,0x00,0x00,0x00,0x00,0x00,0x00,0x00,0x00,0x00,0x00,
  0x00,0x00,0x00,0x00,0x00,0x00,0x57,0x7D,0xA0,0x00,0x00,0x00,
  0x00,0x4B,0x7F,0x59,0x10,0x42,0x4A,0x94,0x95,0x56,0xDB,0x6B,
  0x00,0x00,0x00,0x00,0x00,0x00,0x00,0x00,0x00,0x00,0x0B,0x80,
  0x00,0x00,0x00,0x00,0x00,0x00,0x00,0x00,0x00,0x00,0x00,0x00,
  0x00,0x00,0x00,0x00,0x00,0x00,0x00,0x00,0x00,0x00,0x00,0x00,
  0x00,0x00,0x00,0x00,0x00,0x00,0x00,0x00,0x00,0x00,0x00,0x00,
  0x00,0x01,0xAF,0xDF,0xE0,0x00,0x00,0x00,0x00,0x00,0x00,0xAE,
  0xDB,0x28,0x10,0x4A,0xAF,0x7B,0x6D,0xAD,0x00,0x00,0x00,0x00,
  0x00,0x00,0x00,0x00,0x00,0x00,0x68,0x00,0x00,0x00,0x00,0x00,
  0x00,0x00,0x00,0x00,0x00,0x00,0x00,0x00,0x00,0x00,0x00,0x00,
  0x00,0x00,0x00,0x00,0x00,0x00,0x00,0x00,0x00,0x00,0x00,0x00,
  0x00,0x00,0x00,0x00,0x00,0x00,0x00,0x00,0x00,0x02,0x3D,0xF6,
  0xC0,0x00,0x00,0x00,0x00,0x00,0x00,0x00,0x04,0xD7,0xCA,0x91,
  0x25,0xAA,0xB6,0xB7,0x00,0x00,0xAA,0x00,0x00,0x00,0x00,0x00,
  0x00,0x03,0x80,0x00,0x00,0x00,0x00,0x00,0x00,0x00,0x00,0x00,
  0x00,0x00,0x00,0x00,0x00,0x00,0x00,0x00,0x00,0x00,0x00,0x00,
  0x00,0x00,0x00,0x00,0x00,0x00,0x00,0x00,0x00,0x00,0x00,0x00,
  0x00,0x00,0x00,0x00,0x00,0x04,0xF7,0x7F,0xC0,0x00,0x00,0x00,
  0x00,0x00,0x00,0x00,0x00,0x00,0x35,0x55,0x5B,0x57,0xDA,0xDB,
  0x00,0x2F,0x57,0xF0,0x00,0x00,0x00,0x00,0x00,0x18,0x00,0x00,
  0x00,0x00,0x00,0x00,0x00,0x00,0x00,0x00,0x00,0x00,0x00,0x00,
  0x00,0x00,0x00,0x00,0x00,0x00,0x00,0x00,0x00,0x00,0x00,0x00,
  0x00,0x00,0x00,0x00,0x00,0x00,0x00,0x00,0x00,0x00,0x00,0x00,
  0x00,0x0A,0xBF,0xDA,0x80,0x00,0x00,0x00,0x00,0x00,0x00,0x00,
  0x00,0x00,0x00,0x25,0x6E,0xFA,0x6B,0x6A,0x05,0xD5,0xFD,0xE0,
  0x00,0x00,0x00,0x00,0x00,0xE0,0x00,0x00,0x00,0x2A,0xA8,0x00,
  0x00,0x00,0x00,0x00,0x00,0x00,0x00,0x00,0x00,0x00,0x00,0x00,
  0x00,0x00,0x00,0x00,0x00,0x00,0x00,0x00,0x00,0x00,0x00,0x00,
  0x00,0x00,0x00,0x00,0x00,0x00,0x00,0x00,0x00,0x15,0xED,0xFF,
  0x80,0x00,0x00,0x00,0x0A,0xAA,0x00,0x00,0x00,0x00,0x00,0x00,
  0x02,0xAF,0xDD,0x5A,0x74,0x7F,0xFF,0x80,0x00,0x00,0x00,0x00,
  0x03,0x00,0x00,0x00,0x00,0xEF,0xD6,0x00,0x00,0x00,0x00,0x00,
  0x00,0x00,0x00,0x00,0x00,0x00,0x00,0x00,0x00,0x00,0x00,0x00,
  0x00,0x00,0x00,0x00,0x00,0x00,0x00,0x00,0x00,0x00,0x00,0x00,
  0x00,0x00,0x00,0x00,0x00,0x2B,0xBF,0x6D,0x00,0x00,0x00,0x00,
  0x1B,0x77,0x80,0x00,0x00,0x00,0x00,0x00,0x00,0x00,0x25,0xEF,
  0x8B,0xFF,0xF6,0x00,0x00,0x00,0x00,0x00,0x06,0x00,0x00,0x00,
  0x00,0x80,0x02,0x00,0x00,0x00,0x00,0x00,0x00,0x00,0x00,0x00,
  0x00,0x00,0x00,0x00,0x00,0x00,0x00,0x00,0x00,0x00,0x00,0x00,
  0x00,0x00,0x00,0x00,0x00,0x00,0x00,0x00,0x00,0x00,0x00,0x00,
  0x00,0x56,0xFB,0xFF,0x00,0x00,0x00,0x00,0x20,0x00,0x80,0x00,
  0x00,0x00,0x00,0x00,0x00,0x00,0x00,0x30,0x7F,0xFF,0xDC,0x00,
  0x00,0x00,0x00,0x00,0x1C,0x00,0x00,0x00,0x00,0x80,0x02,0x00,
  0x00,0x00,0x00,0x00,0x00,0x00,0x00,0x00,0x00,0x00,0x00,0x00,
  0x00,0x00,0x00,0x00,0x00,0x00,0x00,0x00,0x00,0x00,0x00,0x00,
  0x00,0x00,0x00,0x00,0x00,0x00,0x00,0x00,0x01,0x97,0xEF,0x6C,
  0x00,0x00,0x00,0x00,0x20,0x00,0x80,0x00,0x00,0x00,0x00,0x00,
  0x00,0x00,0x0F,0x4F,0xFF,0xEE,0xF0,0x00,0x00,0x00,0x00,0x00,
  0x78,0x00,0x00,0x00,0x00,0x80,0x02,0x00,0x00,0x00,0x00,0x00,
  0x00,0x00,0x00,0x00,0x00,0x00,0x00,0x00,0x00,0x00,0x00,0x00,
  0x00,0x00,0x00,0x00,0x00,0x00,0x00,0x00,0x00,0x00,0x00,0x00,
  0x00,0x00,0x00,0x00,0x01,0x5D,0xBD,0xFC,0x00,0x00,0x00,0x00,
  0x20,0x00,0x40,0x00,0x00,0x00,0x00,0x00,0x00,0x01,0x60,0xBF,
  0xFF,0xBF,0xC0,0x00,0x00,0x00,0x00,0x01,0xF8,0x00,0x00,0x00,
  0x00,0x80,0x02,0x00,0x00,0x00,0x00,0x00,0x00,0x00,0x00,0x00,
  0x00,0x00,0x00,0x00,0x00,0x00,0x00,0x00,0x00,0x00,0x00,0x00,
  0x00,0x00,0x00,0x00,0x00,0x00,0x00,0x00,0x00,0x00,0x00,0x00,
  0x06,0x5F,0xFF,0xB4,0x00,0x00,0x00,0x00,0x20,0x00,0x80,0x00,
  0x00,0x00,0x00,0x05,0x50,0x1C,0x17,0xFB,0xFD,0xFB,0x00,0x00,
  0x00,0x00,0x00,0x03,0xE0,0x00,0x00,0x00,0x00,0x80,0x02,0x00,
  0x00,0x00,0x00,0x00,0x00,0x00,0x00,0x00,0x00,0x00,0x00,0x00,
  0x00,0x00,0x00,0x00,0x00,0x00,0x00,0x00,0x00,0x00,0x00,0x00,
  0x00,0x00,0x00,0x00,0x00,0x00,0x00,0x00,0x09,0x76,0xED,0xF8,
  0x00,0x00,0x00,0x00,0x20,0x00,0x40,0x00,0x00,0x00,0x00,0x35,
  0x0F,0xC1,0x7F,0xFF,0xDF,0xEE,0x00,0x00,0x00,0x00,0x00,0x0F,
  0x40,0x00,0x00,0x00,0x01,0x00,0x02,0x00,0x00,0x00,0x00,0x00,
  0x00,0x00,0x00,0x00,0x00,0x00,0x00,0x00,0x00,0x00,0x00,0x00,
  0x00,0x00,0x00,0x00,0x00,0x00,0x00,0x00,0x00,0x00,0x00,0x00,
  0x00,0x00,0x00,0x00,0x12,0x5F,0xBF,0xB0,0x00,0x00,0x00,0x00,
  0x20,0x00,0x80,0x00,0x00,0x00,0x02,0x70,0xF0,0x17,0xFF,0xFF,
  0x7B,0x78,0x00,0x00,0x00,0x00,0x00,0x1B,0xAF,0xDD,0x00,0x00,
  0x00,0x81,0x82,0x00,0x00,0x00,0x00,0x00,0x00,0x00,0x00,0x00,
  0x00,0x00,0x00,0x00,0x00,0x00,0x00,0x00,0x00,0x00,0x00,0x00,
  0x00,0x00,0x00,0x00,0x00,0x00,0x00,0x00,0x00,0x00,0x00,0x00,
  0x4A,0xFD,0xF7,0xF0,0x00,0x00,0x00,0x00,0x20,0x60,0x40,0x00,
  0x00,0x00,0x48,0x6E,0x81,0x7F,0xFF,0xDF,0xFF,0xF4,0x00,0x00,
  0x00,0x00,0x00,0x3F,0xFF,0xBF,0x80,0x00,0x00,0x81,0x02,0x00,
  0x00,0x00,0x00,0x00,0x00,0x00,0x00,0x00,0x00,0x00,0x00,0x00,
  0x00,0x00,0x00,0x00,0x00,0x00,0x00,0x00,0x00,0x00,0x00,0x00,
  0x00,0x00,0x00,0x00,0x00,0x00,0x00,0x00,0xBF,0xFF,0xFE,0xE0,
  0x00,0x00,0x00,0x00,0x20,0x60,0x80,0x00,0x00,0x92,0x01,0xD0,
  0x0F,0xFF,0xFE,0xFB,0xDF,0x5E,0x00,0x00,0x00,0x00,0x00,0x7F,
  0xBF,0xFF,0x80,0x00,0x00,0x80,0x02,0x00,0x28,0x0A,0x02,0x80,
  0xE0,0x18,0x05,0x00,0xC0,0x14,0x02,0x80,0x60,0x0C,0x02,0x80,
  0x50,0x0C,0x02,0x80,0x50,0x14,0x03,0x00,0x60,0x14,0x03,0x00,
  0xA0,0x18,0x05,0x06,0xAB,0xF7,0xFF,0xC0,0xA0,0x14,0x01,0x00,
  0x25,0x00,0x80,0x00,0x44,0x00,0x14,0x02,0xFF,0xFF,0xDB,0xFE,
  0xF4,0x36,0x00,0x00,0x00,0x00,0x00,0xFF,0xFF,0xBF,0x80,0x00,
  0x00,0x81,0x02,0x00,0xF8,0x1F,0x07,0xC1,0xF0,0x3E,0x0F,0x81,
  0xF0,0x3C,0x07,0x80,0xF8,0x3E,0x07,0xC0,0xF8,0x3E,0x07,0xC0,
  0xF0,0x3E,0x07,0xC1,0xF0,0x3E,0x0F,0x81,0xF0,0x3E,0x0F,0xD9,
  0xFF,0xDF,0xBB,0x80,0xF0,0x3E,0x04,0x00,0x20,0x04,0xA4,0x92,
  0x00,0x08,0xA1,0x5F,0xFF,0xF6,0xFF,0xEF,0xF8,0x7A,0x00,0x00,
  0x00,0x00,0x01,0xFF,0x7F,0x7F,0xC0,0x00,0x00,0x87,0xE2,0x00,
  0xF8,0x3F,0x07,0xC1,0xF0,0x7E,0x0F,0x83,0xF0,0x7E,0x0F,0xC1,
  0xF0,0x3F,0x07,0xC0,0xF8,0x1F,0x07,0xC0,0xF8,0x3E,0x07,0xC1,
  0xF0,0x3E,0x0F,0xC1,0xF0,0x7C,0x17,0x6F,0x7F,0xFF,0xFF,0x81,
  0xF8,0x3E,0x00,0x49,0x28,0xE0,0x80,0x00,0x22,0x40,0x2D,0xB7,
  0xFD,0xBF,0xFF,0xBD,0xA2,0xBE,0x00,0x00,0x00,0x00,0x03,0xFE,
  0xFF,0xFF,0x80,0x00,0x00,0x87,0xC2,0x00,0xF8,0x1F,0x07,0xC1,
  0xF0,0x3E,0x0F,0x81,0xF0,0x3E,0x07,0x80,0xF8,0x3E,0x07,0xC1,
  0xF8,0x3E,0x07,0xC1,0xF8,0x3E,0x0F,0xC1,0xF8,0x7E,0x0F,0x81,
  0xF0,0x3F,0xD1,0x7F,0xFE,0xFD,0xFC,0xC9,0xF0,0x3E,0x08,0x40,
  0x20,0xE4,0x92,0x49,0x08,0x04,0xBF,0xFF,0xDF,0xFF,0xF6,0xFF,
  0x92,0x7E,0x00,0x00,0x00,0x00,0x0F,0xFD,0xFF,0x7F,0x00,0x00,
  0x00,0x80,0x02,0x00,0x7C,0x3E,0x07,0xC1,0xF0,0x7C,0x0F,0x83,
  0xE0,0x7C,0x0F,0xC1,0xF8,0x3E,0x07,0xC0,0xF0,0x3E,0x07,0xD0,
  0xF8,0x3E,0x07,0xC1,0xF0,0x3E,0x0F,0x81,0xF2,0xE8,0x17,0xFB,
  0xEF,0xF7,0xD5,0x51,0xF8,0x7E,0x01,0x04,0x20,0x60,0xC0,0x00,
  0x00,0x90,0x17,0xFE,0xFF,0xFF,0xBF,0xF7,0x48,0x7E,0x00,0x00,
  0x00,0x00,0x10,0x01,0x7E,0xF8,0x00,0x00,0x00,0x80,0x12,0x00,
  0xF8,0x1F,0x0F,0xC1,0xF1,0x3E,0x0F,0x91,0xF0,0x7E,0x07,0x80,
  0xF0,0x3E,0x07,0xC9,0xF8,0x3F,0x27,0xC1,0xF0,0x3E,0x2F,0xC1,
  0xF1,0x7E,0x0F,0xC3,0xFD,0x00,0x7F,0xEF,0xBF,0xBF,0x7E,0xD0,
  0xF1,0x3E,0x28,0x40,0xA4,0x08,0x84,0x20,0x90,0x00,0x0D,0xFF,
  0xFF,0xEE,0xFF,0xBD,0x57,0xF6,0x00,0x00,0x00,0x00,0x60,0x00,
  0x0F,0xC0,0x00,0x00,0x01,0x89,0x02,0x40,0xF9,0x3F,0x07,0x81,
  0xF0,0x7C,0x4F,0x83,0xE2,0x3C,0x0F,0xC9,0xF8,0x9E,0xA7,0xC0,
  0xF8,0x9E,0x07,0xC0,0xF9,0x3E,0x07,0x85,0xF0,0x3C,0x47,0x9A,
  0x80,0x17,0xFF,0x7F,0xFB,0xFE,0x07,0xC9,0xF8,0x3E,0x00,0x12,
  0x21,0x40,0x90,0x84,0x02,0x04,0x86,0xB7,0xDB,0x7F,0xEA,0xEF,
  0xFA,0xBE,0x00,0x00,0x00,0x01,0x80,0x00,0x00,0x00,0x00,0x00,
  0x04,0x80,0x4A,0x08,0x24,0x08,0x22,0x88,0x04,0x14,0x05,0x00,
  0xA0,0x14,0x42,0x00,0x40,0x12,0x01,0x02,0x40,0x14,0x01,0x08,
  0xA0,0x04,0x82,0x10,0x24,0x10,0x0F,0xA0,0x02,0xFF,0xED,0xFE,
  0xFF,0x48,0x02,0x80,0x40,0x08,0x44,0x80,0x30,0x22,0x80,0x00,
  0x40,0x50,0x13,0xFD,0x76,0xDA,0xBF,0xB5,0x57,0xFE,0x00,0x00,
  0x00,0x06,0x00,0x00,0x00,0x00,0x00,0x02,0x20,0xA1,0x02,0x80,
  0x00,0x00,0x00,0x00,0x10,0x00,0x40,0x10,0x04,0x40,0x00,0x00,
  0x02,0x00,0x00,0x10,0x01,0x00,0x90,0x02,0x00,0x00,0x00,0x40,
  0x00,0x03,0xF0,0x01,0x7F,0xFF,0xBF,0xF7,0xE8,0x01,0x20,0x04,
  0x04,0x80,0x00,0x00,0x24,0x80,0x84,0x22,0x08,0x01,0x02,0xB7,
  0xBF,0xF7,0xEA,0xFF,0xED,0x78,0x00,0x00,0x00,0x08,0x00,0x00,
  0x00,0x00,0x49,0x20,0x01,0x84,0x02,0x12,0x41,0x21,0x08,0x11,
  0x01,0x01,0x08,0x04,0x00,0x00,0x88,0x24,0x88,0x40,0x48,0x40,
  0x08,0x00,0x00,0x40,0x04,0x90,0x20,0x02,0x02,0xBA,0x00,0x1F,
  0xFF,0xFE,0xFF,0xDF,0x40,0x00,0x00,0x10,0x90,0x02,0x22,0x24,
  0xA0,0x12,0x90,0x80,0x21,0x04,0x21,0xFA,0xEA,0xBD,0x7F,0xAA,
  0xBF,0xE0,0x00,0x00,0x00,0x30,0x00,0x00,0x00,0x02,0x00,0x08,
  0x90,0x80,0x22,0x00,0x08,0x00,0x20,0x40,0x40,0x20,0x00,0x80,
  0x21,0x02,0x00,0x80,0x00,0x09,0x01,0x04,0x80,0x48,0x44,0x08,
  0x10,0x01,0x09,0x00,0x5A,0x80,0x07,0xFF,0xFF,0xFB,0xFB,0x78,
  0x09,0x12,0x24,0x80,0x01,0x20,0x80,0x00,0x21,0x00,0x80,0x09,
  0x00,0x40,0x09,0x5F,0xBF,0xD7,0xD6,0xFF,0x6B,0x00,0x00,0x00,
  0x00,0xC0,0x00,0x00,0x00,0x90,0x04,0x00,0x04,0x89,0x0A,0x41,
  0x00,0x88,0x81,0x02,0x08,0x84,0x22,0x11,0x04,0x10,0x22,0x00,
  0x21,0x00,0x04,0x00,0x04,0x01,0x00,0x80,0x80,0x84,0x00,0x2B,
  0xA0,0x00,0x7F,0xFD,0xDF,0xBF,0xFF,0xC0,0x00,0x00,0x00,0x04,
  0x44,0x08,0x09,0x12,0x24,0x24,0x84,0x40,0x09,0x08,0x80,0xEB,
  0xEA,0xFD,0x7D,0xD5,0xDE,0x00,0x00,0x00,0x01,0x00,0x00,0x00,
  0x12,0x01,0x20,0x92,0x20,0x80,0x22,0x08,0x22,0x02,0x04,0x08,
  0x02,0x00,0x80,0x00,0x10,0x40,0x00,0x12,0x04,0x20,0x20,0x20,
  0x20,0x84,0x02,0x04,0x04,0x10,0x05,0xA8,0x00,0x5F,0xFE,0xF7,
  0xFB,0xFF,0xEE,0x00,0x84,0x40,0x88,0x41,0x00,0x01,0x00,0x40,
  0x20,0x00,0x91,0x02,0x20,0x22,0x04,0x3D,0x7F,0xAF,0xD7,0x7E,
  0xF0,0x00,0x00,0x00,0x02,0x00,0x00,0x24,0x80,0x04,0x00,0x00,
  0x01,0x04,0x02,0x00,0x80,0x10,0x00,0x20,0x40,0x08,0x08,0x44,
  0x40,0x04,0x88,0x00,0x80,0x04,0x80,0x84,0x80,0x10,0x10,0x20,
  0x20,0x41,0x7A,0x40,0x0F,0xFF,0xFF,0xFF,0xFF,0xFF,0x7C,0x04,
  0x10,0x08,0x01,0x08,0x10,0x90,0x22,0x00,0xA0,0x92,0x80,0x10,
  0x8A,0x91,0x51,0x6B,0xAA,0xFA,0xFD,0xD7,0xA0,0x00,0x00,0x00,
  0x04,0x00,0x00,0x70,0x00,0x90,0x4A,0x44,0x88,0xA1,0x22,0x92,
  0x08,0x80,0x91,0x01,0x10,0x81,0x01,0x11,0x02,0x10,0x01,0x48,
  0x21,0x10,0x08,0x00,0x0A,0x40,0x80,0x82,0x01,0x16,0x80,0x01,
  0x7F,0xF7,0xDB,0xDF,0xBF,0xED,0xE1,0x20,0x41,0x22,0x48,0x20,
  0x42,0x04,0x88,0x2A,0x34,0x44,0xAA,0xAA,0x50,0x4A,0x24,0xBE,
  0xFF,0xAF,0xAF,0x7D,0x00,0x00,0x00,0x00,0x08,0x00,0x02,0x01,
  0x2A,0x45,0x11,0x11,0x22,0x94,0x96,0x48,0xA5,0x2A,0x4A,0x54,
  0x4A,0x54,0x54,0x44,0x54,0xA5,0x54,0x22,0x94,0x45,0x45,0x55,
  0x50,0x8A,0x2A,0x28,0xAE,0xE8,0x00,0x2F,0xFD,0xDF,0x7F,0xFF,
  0xFE,0xFF,0x14,0x95,0x14,0x89,0x25,0x4A,0x94,0xA9,0x22,0x84,
  0xA2,0x90,0xC4,0x04,0x8A,0x91,0x48,0xEB,0xAA,0xFA,0xFB,0xE8,
  0x00,0x00,0x00,0x00,0x10,0x00,0x08,0xA8,0x91,0x10,0xA4,0x48,
  0x94,0xA1,0x0A,0x92,0x10,0x41,0x10,0x82,0x21,0x09,0x22,0x91,
  0x02,0x08,0x22,0x88,0x42,0x20,0x20,0x00,0x04,0x20,0x80,0x05,
  0x68,0x00,0x0B,0xFF,0xF7,0xFF,0xFF,0x7B,0x6B,0xDE,0xA2,0x42,
  0x42,0x24,0x48,0x11,0x02,0x22,0x14,0x51,0x28,0x4A,0x91,0x52,
  0x44,0x4A,0x25,0xBE,0xFF,0xAF,0xBE,0x80,0x00,0x00,0x00,0x00,
  0x20,0x00,0x45,0x12,0x4A,0x4A,0x09,0x24,0x41,0x88,0x52,0x44,
  0xA5,0x14,0x8A,0x29,0x4A,0x52,0x48,0x4A,0x54,0xA2,0x88,0x52,
  0x91,0x15,0x15,0x56,0xD2,0x95,0x2B,0x75,0x00,0x00,0xBF,0xFF,
  0x7F,0xFD,0xF5,0xEF,0xFF,0xF6,0xD4,0x94,0x94,0x91,0x22,0xA4,
  0x54,0x94,0xA2,0x8A,0x25,0x00,0xCA,0x49,0x29,0x24,0x97,0x6B,
  0xB6,0xFB,0xE8,0x00,0x00,0x00,0x00,0x00,0x40,0x02,0x90,0xA5,
  0x21,0x21,0x50,0x89,0x15,0xD5,0x4B,0x11,0x08,0xA2,0x51,0x12,
  0x10,0x84,0x85,0x10,0x89,0x14,0x52,0x88,0x0A,0x48,0xAA,0xA9,
  0x29,0x4A,0xDD,0x00,0x00,0x17,0xFF,0xFB,0xFF,0xBF,0xBF,0xBD,
  0xBD,0xBF,0x74,0x42,0x49,0x24,0x89,0x12,0x92,0x42,0x48,0x50,
  0xB5,0x6D,0xA1,0x24,0x92,0x92,0xFD,0xFE,0xEF,0xBE,0x80,0x00,
  0x00,0x00,0x00,0x00,0x40,0x54,0x4A,0x10,0x94,0x94,0x05,0x22,
  0x41,0xFF,0xFE,0xA4,0x52,0x14,0x04,0xA1,0x45,0x28,0x28,0x85,
  0x22,0x41,0x08,0x22,0xA4,0x85,0xB5,0x56,0xDE,0xB5,0x40,0x00,
  0x95,0xFF,0xFF,0xBF,0xFE,0xFF,0xF6,0xF7,0xEF,0xF7,0x4E,0x94,
  0x22,0x49,0x24,0x88,0x49,0x29,0x12,0x8A,0x7F,0xFF,0x94,0x92,
  0x48,0x4D,0xAF,0x57,0xBA,0xF4,0x00,0x00,0x00,0x00,0x00,0x00,
  0x81,0x09,0x21,0x4A,0x42,0x22,0xA8,0x49,0x2A,0x2A,0xAA,0x12,
  0x84,0xA1,0x52,0x0A,0x28,0x42,0x92,0x50,0x90,0x94,0xA5,0x49,
  0x00,0x3A,0x00,0x00,0x00,0x02,0x90,0x05,0x6F,0xFF,0xFB,0xFF,
  0xDB,0xF7,0xFF,0xFE,0xFB,0x5D,0xB6,0x22,0x94,0x24,0x92,0x52,
  0x90,0x84,0xA4,0x41,0x14,0x92,0x44,0x49,0x27,0x7F,0x7B,0xFA,
  0xEF,0xA0,0x00,0x00,0x00,0x00,0x00,0x00,0x8A,0x52,0x4A,0x31,
  0x14,0x88,0x45,0x10,0x80,0x80,0x01,0x44,0x29,0x0A,0x24,0xA4,
  0x85,0x14,0x44,0x8A,0x25,0x22,0x10,0x20,0x11,0xC0,0x55,0xDD,
  0xAA,0xDA,0x00,0x5B,0xFF,0xFF,0xEF,0xF7,0x7F,0xFF,0xFF,0xFF,
  0xFF,0xFF,0xFA,0x91,0x21,0x42,0x49,0x08,0x45,0x29,0x12,0x2A,
  0xA2,0x21,0x29,0x22,0x5B,0xD5,0xDD,0x5F,0xBC,0x00,0x00,0x00,
  0x00,0x00,0x00,0x00,0xA1,0x24,0x91,0x74,0xA1,0x25,0x20,0xA5,
  0x2A,0x55,0x54,0x21,0x42,0x51,0x48,0x48,0x50,0xA2,0x91,0x21,
  0x48,0x49,0x4A,0x80,0x4E,0x2B,0xAA,0x6A,0xDA,0xEC,0x0B,0xBF,
  0xFF,0xFD,0xFF,0xDF,0xFF,0xFE,0xFF,0xA1,0x2A,0xEA,0x80,0x4A,
  0x4A,0x29,0x24,0x52,0x92,0x44,0x49,0x48,0x11,0x4A,0x12,0x4D,
  0xED,0x7F,0x77,0xEB,0xC0,0x00,0x00,0x00,0x00,0x00,0x00,0x00,
  0x94,0x92,0x4A,0x72,0x14,0x90,0x95,0x08,0x44,0x84,0x82,0x94,
  0x28,0x84,0x12,0x92,0x8A,0x10,0x4A,0x14,0x12,0x84,0x20,0x17,
  0xB5,0xAA,0xBB,0xB5,0x56,0xB4,0xBE,0xFF,0xBE,0xDF,0xFE,0xFF,
  0xF6,0xAF,0xAD,0xC8,0x84,0x09,0x2A,0x91,0x11,0x12,0x11,0x24,
  0x49,0x29,0x22,0x25,0x4A,0x20,0xA5,0x7F,0x7F,0xD5,0xDD,0x7C,
  0x00,0x00,0x00,0x00,0x00,0x00,0x00,0x00,0x62,0x49,0x11,0x09,
  0x42,0x4A,0x44,0x52,0x22,0x29,0x28,0x42,0x85,0x29,0x44,0x21,
  0x21,0x4A,0x90,0xA2,0xA4,0x29,0x49,0x68,0x00,0x00,0x00,0x5F,
  0x6A,0xDF,0xFF,0xFE,0xFB,0xFF,0xBF,0xBB,0x5F,0xFB,0xFF,0xB4,
  0x52,0xA4,0x92,0x44,0x44,0xA4,0xA4,0x89,0x24,0x84,0x94,0x90,
  0x91,0x15,0x5B,0xD5,0xAA,0xFF,0x77,0xC0,0x00,0x00,0x00,0x00,
  0x00,0x00,0x00,0x00,0x7D,0x24,0xA4,0xA4,0x29,0x11,0x11,0x04,
  0x91,0x02,0x25,0x29,0x28,0x44,0x29,0x4A,0x14,0x22,0x25,0x14,
  0x42,0x92,0x27,0x00,0x00,0x00,0x00,0x00,0x5F,0x57,0xFF,0xFF,
  0xFF,0xFE,0xFB,0xFF,0xFB,0xEE,0xF6,0xCB,0x28,0x12,0x49,0x12,
  0x92,0x11,0x12,0x52,0x92,0x29,0x21,0x25,0x24,0xAB,0xBE,0xFF,
  0xFF,0x55,0xFC,0x00,0x00,0x00,0x00,0x00,0x00,0x00,0x00,0x00,
  0x17,0xD2,0x09,0x12,0x94,0x44,0xA4,0xA9,0x24,0xA8,0x90,0x84,
  0x92,0x92,0x82,0x10,0xA2,0x94,0x88,0x82,0x94,0x44,0x95,0x00,
  0x00,0x00,0x00,0x00,0x00,0xDA,0xAD,0xF7,0xFF,0xFB,0xFF,0xF6,
  0xEE,0xBF,0xBF,0xEA,0xC5,0x48,0x84,0x48,0x49,0x48,0xA4,0x88,
  0x48,0x92,0x4A,0x48,0x95,0xDE,0xEB,0xAA,0xAB,0xFF,0x80,0x00,
  0x00,0x00,0x00,0x00,0x00,0x00,0x00,0x00,0x1D,0x7D,0xA4,0x48,
  0x42,0x92,0x12,0x22,0x49,0x12,0x4A,0x52,0x44,0x48,0x54,0xA5,
  0x14,0x42,0x52,0x54,0x21,0x21,0x1F,0x00,0x00,0x00,0x00,0x00,
  0x00,0x07,0xFF,0xBF,0xDF,0xEF,0xFF,0xFF,0xFF,0xFB,0xED,0xB5,
  0xD1,0x25,0x29,0x25,0x24,0x25,0x12,0x45,0x22,0x44,0x11,0x26,
  0xFE,0xF7,0xBE,0xFF,0xFD,0x74,0x00,0x00,0x00,0x00,0x00,0x00,
  0x00,0x00,0x00,0x00,0x0F,0xAA,0xFB,0x52,0x94,0x49,0x49,0x08,
  0x12,0x44,0x81,0x08,0x22,0x22,0x81,0x08,0x82,0x91,0x04,0x21,
  0x4A,0x14,0x5D,0x80,0x00,0x00,0x00,0x00,0x02,0x01,0xF7,0xFD,
  0xFB,0x7F,0xDF,0xFF,0xBF,0xFF,0xBF,0xFF,0x44,0x90,0x42,0x48,
  0x91,0x42,0x44,0x28,0x89,0x29,0x56,0xDF,0x57,0x5D,0xEF,0xB5,
  0x5F,0xC0,0x00,0x00,0x00,0x00,0x00,0x00,0x00,0x00,0x00,0x00,
  0x03,0x77,0x5D,0xDA,0xAA,0xA5,0x24,0xD5,0xC9,0x55,0x5D,0x6B,
  0xAA,0xAA,0x6C,0xAA,0xBA,0x55,0x55,0x95,0x29,0xAA,0x9E,0x80,
  0x00,0x00,0x00,0x00,0x00,0x27,0xDD,0xDF,0x7F,0xFE,0xFB,0xBB,
  0xF6,0xD6,0xF6,0xB4,0x92,0xAB,0x2A,0xA5,0x4A,0xAA,0xAA,0xD5,
  0x56,0xD7,0xFB,0x75,0xFB,0xF7,0x7A,0xEF,0xFA,0x00,0x00,0x00,
  0x00,0x00,0x00,0x00,0x00,0x00,0x00,0x00,0x00,0xDD,0xEB,0x6F,
  0xFF,0xFF,0xFF,0xFF,0x7F,0xFF,0xF7,0xBD,0xFF,0xFF,0xBF,0xFF,
  0xDD,0xFF,0xFE,0xFF,0xFE,0xFF,0xFF,0x80,0x00,0x00,0x00,0x00,
  0x00,0x07,0xFF,0x7B,0xED,0xDB,0xEF,0xFF,0x7F,0xFE,0x00,0x0B,
  0x5B,0xEE,0xFF,0x7F,0xBF,0x7F,0x7F,0xBF,0xFB,0xBD,0x5D,0xDF,
  0x6E,0xDF,0xDF,0xBF,0x80,0x00,0x00,0x00,0x00,0x00,0x00,0x00,
  0x00,0x00,0x00,0x00,0x00,0x77,0x7F,0xBA,0xD5,0x55,0x5A,0xAB,
  0xB6,0xAA,0xAD,0xEE,0xAA,0xAA,0xEA,0xAA,0xB7,0x55,0x55,0xAA,
  0xAB,0xAA,0xBC,0x80,0x00,0x00,0x00,0x00,0x00,0x87,0xEB,0xFF,
  0xBF,0xFF,0xFF,0xFF,0xFF,0xC0,0x00,0x21,0x6D,0x7B,0xAA,0xD5,
  0xEB,0xD5,0xD5,0x6A,0xAE,0xEF,0xEF,0x7B,0xFF,0xFD,0xFB,0xF8,
  0x00,0x00,0x00,0x00,0x00,0x00,0x00,0x00,0x00,0x00,0x00,0x00,
  0x00,0x1F,0xFD,0xFF,0xBF,0xFF,0xEF,0xFD,0xDD,0xFF,0x7E,0xB7,
  0xFF,0xFF,0xBF,0xFD,0xED,0xFF,0xFF,0xFF,0xFE,0xFF,0xFE,0xC0,
  0x00,0x00,0x00,0x00,0x00,0x27,0xFE,0xEE,0xFE,0xEF,0xFF,0xEF,
  0xF7,0x88,0x92,0x8A,0xB7,0xAE,0xFF,0xFE,0xBD,0x7E,0xFF,0xFD,
  0xFB,0xBA,0xBB,0xFF,0xDF,0xFF,0xFF,0x00,0x00,0x00,0x00,0x00,
  0x00,0x00,0x00,0x00,0x00,0x00,0x00,0x00,0x00,0x03,0xEF,0xEF,
  0xF5,0x55,0x7A,0xAE,0xF7,0x55,0xD7,0xDA,0xAA,0xAA,0xEA,0xAF,
  0x7B,0x55,0x55,0x55,0x55,0xAA,0xBE,0x00,0x00,0x00,0x00,0x00,
  0x00,0x07,0xFF,0xFF,0xF7,0xBF,0xFF,0xFF,0xFF,0xE5,0x28,0x55,
  0x5A,0xF7,0x55,0x57,0xD7,0xAB,0xAA,0xAB,0x5E,0xFF,0xFF,0xDE,
  0xFB,0x6F,0xA8,0x00,0x00,0x00,0x00,0x00,0x00,0x00,0x00,0x00,
  0x00,0x00,0x00,0x00,0x00,0x00,0xBF,0xBD,0xFF,0xFF,0xDF,0xF7,
  0x5D,0xFE,0xFA,0xFF,0xDF,0x77,0x5F,0xF5,0xAF,0xFF,0xBE,0xFF,
  0xFF,0x7F,0xFE,0x40,0x00,0x00,0x00,0x00,0x01,0x17,0xDF,0xFF,
  0xDF,0xFF,0xFF,0xFE,0xFE,0xF0,0x85,0x5A,0xDD,0xBA,0xFF,0xFA,
  0xBD,0xFE,0xFD,0xFF,0xF7,0xEF,0xFE,0xFB,0xFF,0xFC,0x00,0x00,
  0x00,0x00,0x00,0x00,0x00,0x00,0x00,0x00,0x00,0x00,0x00,0x00,
  0x00,0x00,0x1E,0xFF,0xBF,0xFF,0xF6,0xDD,0xFF,0x6B,0xBF,0xAA,
  0xF5,0xDD,0xFA,0xBF,0xFD,0x6A,0xF7,0xDB,0x57,0xED,0x7E,0x40,
  0x00,0x00,0x00,0x00,0x00,0x43,0xFF,0xFF,0xFF,0xFF,0xFE,0xDB,
  0xDB,0xF5,0x36,0xAD,0xB7,0x6F,0xDA,0xAF,0xF7,0x6B,0xAF,0xB7,
  0xFF,0xBD,0xB7,0xFF,0xBF,0xA0,0x00,0x00,0x00,0x00,0x00,0x00,
  0x00,0x00,0x00,0x00,0x00,0x00,0x00,0x00,0x00,0x00,0x03,0xFF,
  0xF7,0x76,0xFF,0xFF,0xF7,0xFF,0xF7,0xFF,0xFF,0xFF,0xFF,0xFB,
  0xF7,0xFF,0xFF,0x7F,0xFE,0xFF,0xFE,0x00,0x00,0x92,0x40,0x00,
  0x08,0x07,0xFF,0xFF,0xFF,0xFD,0xB7,0xFF,0xFF,0xBA,0xD5,0xF7,
  0x7F,0xFF,0xFF,0xFF,0xFF,0xFF,0xFF,0xFE,0xDD,0xFF,0xFF,0xBF,
  0xF4,0x00,0x00,0x00,0x00,0x00,0x00,0x00,0x00,0x00,0x00,0x00,
  0x00,0x00,0x00,0x00,0x00,0x00,0x00,0x3D,0xFF,0xFF,0xDF,0xFF,
  0xBF,0xBF,0xDE,0xFF,0xBF,0xFF,0xB7,0xEF,0x5F,0xFF,0xDB,0xFD,
  0xFF,0xF7,0xFE,0x40,0x00,0x40,0x04,0x49,0x21,0x07,0x5B,0xFA,
  0xFF,0xF7,0xFF,0x7F,0xBF,0xFD,0x5E,0xBD,0xFB,0xFD,0xFF,0xFD,
  0xBD,0xDF,0xFB,0xDF,0xFF,0xF7,0xEE,0xFA,0x80,0x00,0x00,0x00,
  0x00,0x00,0x00,0x00,0x00,0x00,0x00,0x00,0x00,0x00,0x00,0x00,
  0x00,0x00,0x00,0x03,0xDD,0xDF,0x7B,0x6D,0xFB,0xFB,0x7F,0xDD,
  0xF6,0xDB,0xFF,0x7F,0xFF,0x6D,0xFF,0xEF,0xDB,0xBF,0xBE,0x40,
  0x01,0x20,0x80,0x00,0x00,0x23,0xFF,0x7F,0xB6,0xDF,0xDD,0xED,
  0xF6,0xEF,0xF7,0xEF,0xDF,0x6F,0xB7,0x77,0xF7,0xFD,0xBF,0x7D,
  0xF7,0xBE,0xFF,0xC0,0x00,0x00,0x00,0x00,0x00,0x00,0x00,0x00,
  0x00,0x00,0x00,0x00,0x00,0x00,0x00,0x00,0x00,0x00,0x00,0x00,
  0x2F,0xFB,0xFF,0xFF,0xEF,0x7F,0xFB,0xFF,0xDF,0xFE,0xFD,0xFD,
  0xFB,0xFF,0xBE,0xFF,0x7F,0xFD,0xFE,0xA4,0x00,0x02,0x09,0x00,
  0x04,0x07,0xC5,0xFF,0xFF,0xFE,0xFF,0xFF,0xFF,0xFF,0xFF,0xFF,
  0x7F,0xFF,0xFF,0xFF,0xDF,0xBF,0xFD,0xFF,0xBE,0xFF,0xD0,0x00,
  0x00,0x00,0x00,0x00,0x00,0x00,0x00,0x00,0x00,0x00,0x00,0x00,
  0x00,0x00,0x00,0x00,0x00,0x00,0x00,0x00,0x00,0x5F,0xFF,0xF7,
  0x7F,0xEE,0xEF,0x6E,0xFF,0x6F,0xD7,0xDF,0xBF,0xBB,0xF7,0xBB,
  0xFE,0xEF,0xFE,0xC0,0x02,0x05,0x00,0x24,0x90,0x87,0xD2,0x5F,
  0xFF,0xFF,0xFF,0xFF,0xBF,0xFE,0xDD,0xBB,0xFD,0xFB,0x7B,0xBD,
  0xFE,0xF7,0x6F,0xEF,0xFF,0xE8,0x00,0x00,0x00,0x00,0x00,0x00,
  0x00,0x00,0x00,0x00,0x00,0x00,0x00,0x00,0x00,0x00,0x00,0x00,
  0x00,0x00,0x00,0x00,0x00,0x00,0x55,0xBF,0xFF,0xFF,0xFF,0xFF,
  0xFD,0xFF,0xFF,0xFF,0xFF,0xFF,0xFF,0xFF,0xFF,0xFF,0xFF,0x40,
  0x01,0x10,0x44,0x00,0x00,0x13,0xA9,0x2F,0xFF,0x7B,0xF7,0xBE,
  0xFF,0xFF,0xFF,0xFF,0xFF,0xFF,0xFF,0xFF,0xFF,0xFF,0xFF,0xFD,
  0xA8,0x00,0x00,0x00,0x00,0x00,0x00,0x00,0x00,0x00,0x00,0x00,
  0x00,0x00,0x00,0x00,0x00,0x00,0x00,0x00,0x00,0x00,0x00,0x00,
  0x00,0x00,0x00,0x01,0x48,0x92,0xAA,0xA9,0xD5,0x54,0xAA,0x51,
  0x49,0x55,0x29,0x4A,0x89,0x54,0xBE,0x84,0x80,0x44,0x91,0x24,
  0x44,0x87,0xEE,0xD7,0xFF,0xFF,0xFF,0xFB,0xFF,0xF7,0x77,0xFE,
  0xA5,0x15,0x4A,0xA5,0x25,0x55,0x54,0x00,0x00,0x00,0x00,0x00,
  0x00,0x00,0x00,0x00,0x00,0x00,0x00,0x00,0x00,0x00,0x00,0x00,
  0x00,0x00,0x00,0x00,0x00,0x00,0x00,0x00,0x00,0x00,0x00,0x00,
  0x00,0x00,0x00,0x00,0xE0,0x00,0x00,0x00,0x00,0x00,0x00,0x00,
  0x00,0x00,0x3F,0xE0,0x2A,0x04,0x04,0x01,0x11,0x27,0xDB,0xFF,
  0xFF,0xFF,0xFF,0xFF,0xFB,0x7D,0xFE,0x80,0x00,0x00,0x00,0x00,
  0x00,0x00,0x00,0x00,0x00,0x00,0x00,0x00,0x00,0x00,0x00,0x00,
  0x00,0x00,0x00,0x00,0x00,0x00,0x00,0x00,0x00,0x00,0x00,0x00,
  0x00,0x00,0x00,0x00,0x00,0x00,0x00,0x00,0x00,0x00,0x00,0x00,
  0xA0,0x00,0x00,0x00,0x00,0x00,0x00,0x00,0x00,0x00,0x3F,0x49,
  0x02,0xA2,0xA0,0xA8,0x44,0x17,0xFF,0x7F,0xFF,0xFF,0xFF,0xFF,
  0xFF,0xFF,0xA0,0x00,0x00,0x00,0x00,0x00,0x00,0x00,0x00,0x00,
  0x00,0x00,0x00,0x00,0x00,0x00,0x00,0x00,0x00,0x00,0x00,0x00,
  0x00,0x00,0x00,0x00,0x00,0x00,0x00,0x00,0x00,0x00,0x00,0x00,
  0x00,0x00,0x00,0x00,0x00,0x00,0x00,0x00,0x70,0x00,0x00,0x00,
  0x00,0x00,0x00,0x00,0x00,0x00,0x1F,0xC0,0x48,0x08,0x0A,0x05,
  0x10,0x87,0xEF,0xEF,0xFF,0xFF,0xFF,0xFF,0xFD,0x87,0x80,0x00,
  0x00,0x00,0x00,0x00,0x00,0x00,0x00,0x00,0x00,0x00,0x00,0x00,
  0x00,0x00,0x00,0x00,0x00,0x00,0x00,0x00,0x00,0x00,0x00,0x00,
  0x00,0x00,0x00,0x00,0x00,0x00,0x00,0x00,0x00,0x00,0x00,0x00,
  0x00,0x00,0x00,0x00,0x00,0x00,0x00,0x00,0x00,0x00,0x00,0x00,
  0x00,0x00,0x3E,0xC5,0x02,0x90,0xA0,0x50,0x45,0x57,0xFE,0xFE,
  0x00,0x00,0x00,0x00,0x00,0x02,0x80,0x00,0x00,0x00,0x00,0x00,
  0x00,0x00,0x00,0x00,0x00,0x00,0x00,0x00,0x00,0x00,0x00,0x00,
  0x00,0x00,0x00,0x00,0x00,0x00,0x00,0x00,0x00,0x00,0x00,0x00,
  0x00,0x00,0x00,0x00,0x00,0x00,0x00,0x00,0x00,0x00,0x00,0x00,
  0x00,0x00,0x00,0x00,0x00,0x00,0x00,0x00,0x00,0x00,0x1F,0x90,
  0x29,0x05,0x49,0x0A,0x92,0xBF,0xFF,0xFC,0x00,0x00,0x00,0x00,
  0x00,0x01,0xC0,0x00,0x00,0x00,0x00,0x00,0x00,0x00,0x00,0x00,
  0x00,0x00,0x00,0x00,0x00,0x00,0x00,0x00,0x00,0x00,0x00,0x00,
  0x00,0x00,0x00,0x00,0x00,0x00,0x00,0x00,0x00,0x00,0x00,0x00,
  0x00,0x00,0x00,0x00,0x00,0x00,0x00,0x00,0x00,0x00,0x00,0x00,
  0x00,0x00,0x00,0x00,0x00,0x00,0x3F,0xC2,0x92,0xA8,0x92,0xA4,
  0x5D,0xD7,0xDF,0xF8,0x00,0x00,0x00,0x00,0x00,0x00,0xC0,0x00,
  0x00,0x00,0x00,0x00,0x00,0x00,0x00,0x00,0x00,0x00,0x00,0x00,
  0x00,0x00,0x00,0x00,0x00,0x00,0x00,0x00,0x00,0x00,0x00,0x00,
  0x00,0x00,0x00,0x00,0x00,0x00,0x00,0x00,0x00,0x00,0x00,0x00,
  0x00,0x00,0x00,0x00,0x00,0x00,0x00,0x00,0x00,0x00,0x00,0x00,
  0x00,0x00,0x1E,0xFD,0x55,0x25,0x49,0x55,0xEB,0x7F,0xFF,0xFC,
  0x00,0x00,0x00,0x00,0x00,0x00,0x00,0x00,0x00,0x00,0x00,0x00,
  0x00,0x00,0x00,0x00,0x00,0x00,0x00,0x00,0x00,0x00,0x00,0x00,
  0x00,0x00,0x00,0x00,0x00,0x00,0x00,0x00,0x00,0x00,0x00,0x00,
  0x00,0x00,0x00,0x00,0x00,0x00,0x00,0x00,0x00,0x00,0x00,0x00,
  0x00,0x00,0x00,0x00,0x00,0x00,0x00,0x00,0x00,0x00,0x1F,0xDB,
  0xBB,0xDB,0xB6,0xDF,0x5D,0xAF,0xFF,0xE8,0x00,0x00,0x00,0x00,
  0x00,0x00,0x00,0x00,0x00,0x00,0x00,0x00,0x00,0x00,0x00,0x00,
  0x00,0x00,0x00,0x00,0x00,0x00,0x00,0x00,0x00,0x00,0x00,0x00,
  0x00,0x00,0x00,0x00,0x00,0x00,0x00,0x00,0x00,0x00,0x00,0x00,
  0x00,0x00,0x00,0x00,0x00,0x00,0x00,0x00,0x00,0x00,0x00,0x00,
  0x00,0x00,0x00,0x00,0x00,0x00,0x1F,0xEE,0xDE,0xBD,0xDD,0xB5,
  0xEE,0xF7,0xFF,0x00,0x00,0x00,0x00,0x00,0x00,0x00,0x00,0x00,
  0x00,0x00,0x00,0x00,0x00,0x00,0x00,0x00,0x00,0x00,0x00,0x00,
  0x00,0x00,0x00,0x00,0x00,0x00,0x00,0x00,0x00,0x00,0x00,0x00,
  0x00,0x00,0x00,0x00,0x00,0x00,0x00,0x00,0x00,0x00,0x00,0x00,
  0x00,0x00,0x00,0x00,0x00,0x00,0x00,0x00,0x00,0x00,0x00,0x00,
  0x00,0x00,0x1F,0xFB,0x6B,0xEE,0xEB,0xDE,0xB5,0xAF,0xF4,0x00,
  0x00,0x00,0x00,0x00,0x00,0x00,0x00,0x00,0x00,0x00,0x00,0x00,
  0x00,0x00,0x00,0x00,0x00,0x00,0x00,0x00,0x00,0x00,0x00,0x00,
  0x00,0x00,0x00,0x00,0x00,0x00,0x00,0x00,0x00,0x00,0x00,0x00,
  0x00,0x00,0x00,0x00,0x00,0x00,0x00,0x00,0x00,0x00,0x00,0x00,
  0x00,0x00,0x00,0x00,0x00,0x00,0x00,0x00,0x00,0x00,0x1F,0xAD,
  0xF6,0xB7,0x5E,0xB5,0xDE,0xDF,0x80,0x00,0x00,0x00,0x00,0x00,
  0x00,0x00,0x00,0x00,0x00,0x00,0x00,0x00,0x00,0x00,0x00,0x00,
  0x00,0x00,0x00,0x00,0x00,0x00,0x00,0x00,0x00,0x00,0x00,0x00,
  0x00,0x00,0x00,0x00,0x00,0x00,0x00,0x00,0x00,0x00,0x00,0x00,
  0x00,0x00,0x00,0x00,0x00,0x00,0x00,0x00,0x00,0x00,0x00,0x00,
  0x00,0x00,0x00,0x00,0x00,0x00,0x0F,0xF7,0x5F,0x7A,0xF5,0xEE,
  0xB5,0xB4,0x00,0x00,0x00,0x00,0x00,0x00,0x00,0x00,0x00,0x00,
  0x00,0x00,0x00,0x00,0x00,0x00,0x00,0x00,0x00,0x00,0x00,0x00,
  0x00,0x00,0x00,0x00,0x00,0x00,0x00,0x00,0x00,0x00,0x00,0x00,
  0x00,0x00,0x00,0x00,0x00,0x00,0x00,0x00,0x00,0x00,0x00,0x00,
  0x00,0x00,0x00,0x00,0x00,0x00,0x00,0x00,0x00,0x00,0x00,0x00,
  0x00,0x00,0x0F,0xAD,0xEA,0xD7,0xAE,0xBB,0xDE,0xDC,0x00,0x00,
  0x00,0x00,0x00,0x00,0x00,0x00,0x00,0x00,0x00,0x00,0x00,0x00,
  0x00,0x00,0x00,0x00,0x00,0x00,0x00,0x00,0x00,0x00,0x00,0x00,
  0x00,0x00,0x00,0x00,0x00,0x00,0x00,0x00,0x00,0x00,0x00,0x00,
  0x00,0x00,0x00,0x00,0x00,0x00,0x00,0x00,0x00,0x00,0x00,0x00,
  0x00,0x00,0x00,0x00,0x00,0x00,0x00,0x00,0x00,0x00,0x0F,0xFB,
  0x5F,0xBD,0xF7,0xD6,0xEB,0x76,0x00,0x00,0x00,0x00,0x00,0x00,
  0x00,0x00,0x00,0x00,0x00,0x00,0x00,0x00,0x00,0x00,0x00,0x00,
  0x00,0x00,0x00,0x00,0x00,0x00,0x00,0x00,0x00,0x00,0x00,0x00,
  0x00,0x00,0x00,0x00,0x00,0x00,0x00,0x00,0x00,0x00,0x00,0x00,
  0x00,0x00,0x00,0x00,0x00,0x00,0x00,0x00,0x00,0x00,0x00,0x00,
  0x00,0x00,0x00,0x00,0x00,0x00,0x07,0xAF,0xF5,0xEF,0x5A,0xBD,
  0xBD,0xDE,0x00,0x00,0x00,0x00,0x00,0x00,0x00,0x00,0x00,0x00,
  0x00,0x00,0x00,0x00,0x00,0x00,0x00,0x00,0x00,0x00,0x00,0x00,
  0x00,0x00,0x00,0x00,0x00,0x00,0x00,0x00,0x00,0x00,0x00,0x00,
  0x00,0x00,0x00,0x00,0x00,0x00,0x00,0x00,0x00,0x00,0x00,0x00,
  0x00,0x00,0x00,0x00,0x00,0x00,0x00,0x00,0x00,0x00,0x00,0x00,
  0x00,0x00,0x03,0xFA,0xBF,0xBD,0xFF,0xEF,0xD7,0x7E,0x00,0x00,
  0x00,0x00,0x00,0x00,0x00,0x00,0x00,0x00,0x00,0x00,0x00,0x00,
  0x00,0x00,0x00,0x00,0x00,0x00,0x00,0x00,0x00,0x00,0x00,0x00,
  0x00,0x00,0x00,0x00,0x00,0x00,0x00,0x00,0x00,0x00,0x00,0x00,
  0x00,0x00,0x00,0x00,0x00,0x00,0x00,0x00,0x00,0x00,0x00,0x00,
  0x00,0x00,0x00,0x00,0x00,0x00,0x00,0x00,0x00,0x00,0x00,0x2F,
  0xFF,0xFF,0xFD,0xFE,0xFF,0xE0,0x00,0x00,0x00,0x00,0x00,0x00,
  0x00,0x00,0x00,0x00,0x00,0x00,0x00,0x00,0x00,0x00,0x00,0x00,
  0x00,0x00,0x00,0x00,0x00,0x00,0x00,0x00,0x00,0x00,0x00,0x00,
  0x00,0x00,0x00,0x00,0x00,0x00,0x00,0x00,0x00,0x00,0x00,0x00,
  0x00,0x00,0x00,0x00,0x00,0x00,0x00,0x00,0x00,0x00,0x00,0x00,
  0x00,0x00,0x00,0x00,0x00,0x00,0x00,0x00,0x12,0xAA,0xAA,0xAB,
  0x54,0x00,0x00,0x00,0x00,0x00,0x00,0x00,0x00,0x00,0x00,0x00,
  0x00,0x00,0x00,0x00,0x00,0x00,0x00,0x00,0x00,0x00,0x00,0x00,
  0x00,0x00,0x00,0x00,0x00,0x00,0x00,0x00,0x00,0x00,0x00,0x00,
  0x00,0x00,0x00,0x00,
};

// RegionalJet.png  (540x115)
static const uint8_t art_regionaljet[] PROGMEM = {
  0x00,0x00,0x00,0x00,0x00,0x00,0x00,0x00,0x00,0x00,0x00,0x00,
  0x00,0x00,0x00,0x00,0x00,0x00,0x00,0x00,0x00,0x00,0x00,0x00,
  0x00,0x00,0x00,0x00,0x00,0x00,0x00,0x00,0x00,0x00,0x00,0x00,
  0x00,0x00,0x00,0x00,0x00,0x00,0x00,0x00,0x00,0x00,0x00,0x00,
  0x00,0x00,0x00,0x00,0x00,0x00,0x00,0x00,0x00,0x00,0x00,0x00,
  0x00,0x00,0x00,0x00,0x00,0x00,0x00,0x00,0x00,0x00,0x00,0x00,
  0x00,0x00,0x00,0x00,0x00,0x00,0x00,0x00,0x00,0x00,0x00,0x00,
  0x00,0x00,0x00,0x00,0x00,0x00,0x00,0x00,0x00,0x00,0x00,0x00,
  0x00,0x00,0x00,0x00,0x00,0x00,0x00,0x00,0x00,0x00,0x00,0x00,
  0x00,0x00,0x00,0x00,0x00,0x00,0x00,0x00,0x00,0x00,0x00,0x00,
  0x00,0x00,0x00,0x00,0x00,0x00,0x01,0xFF,0xFE,0xA0,0x00,0x00,
  0x00,0x00,0x00,0x00,0x00,0x00,0x00,0x00,0x00,0x00,0x00,0x00,
  0x00,0x00,0x00,0x00,0x00,0x00,0x00,0x00,0x00,0x00,0x00,0x00,
  0x00,0x00,0x00,0x00,0x00,0x00,0x00,0x00,0x00,0x00,0x00,0x00,
  0x00,0x00,0x00,0x00,0x00,0x00,0x00,0x00,0x00,0x00,0x00,0x00,
  0x00,0x00,0x00,0x00,0x00,0x00,0x00,0x00,0x00,0x00,0x00,0x00,
  0x00,0x00,0x06,0x00,0x01,0x5F,0xD0,0x00,0x00,0x00,0x00,0x00,
  0x00,0x00,0x00,0x00,0x00,0x00,0x00,0x00,0x00,0x00,0x00,0x00,
  0x00,0x00,0x00,0x00,0x00,0x00,0x00,0x00,0x00,0x00,0x00,0x00,
  0x00,0x00,0x00,0x00,0x00,0x00,0x00,0x00,0x00,0x00,0x00,0x00,
  0x00,0x00,0x00,0x00,0x00,0x00,0x00,0x00,0x00,0x00,0x00,0x00,
  0x00,0x00,0x00,0x00,0x00,0x00,0x00,0x00,0x00,0x00,0x18,0x95,
  0x54,0x20,0x2F,0xC0,0x00,0x00,0x00,0x00,0x00,0x00,0x00,0x00,
  0x00,0x00,0x00,0x00,0x00,0x00,0x00,0x00,0x00,0x00,0x00,0x00,
  0x00,0x00,0x00,0x00,0x00,0x00,0x00,0x00,0x00,0x00,0x00,0x00,
  0x00,0x00,0x00,0x00,0x00,0x00,0x00,0x00,0x00,0x00,0x00,0x00,
  0x00,0x00,0x00,0x00,0x00,0x00,0x00,0x00,0x00,0x00,0x00,0x00,
  0x00,0x00,0x00,0x00,0x00,0x00,0x20,0xFB,0xB7,0xDA,0xA4,0x7D,
  0x00,0x00,0x00,0x00,0x00,0x00,0x00,0x00,0x00,0x00,0x00,0x00,
  0x00,0x00,0x00,0x00,0x00,0x00,0x00,0x00,0x00,0x00,0x00,0x00,
  0x00,0x00,0x00,0x00,0x00,0x00,0x00,0x00,0x00,0x00,0x00,0x00,
  0x00,0x00,0x00,0x00,0x00,0x00,0x00,0x00,0x00,0x00,0x00,0x00,
  0x00,0x00,0x00,0x00,0x00,0x00,0x00,0x00,0x00,0x00,0x00,0x00,
  0x00,0x00,0x26,0x8A,0xA9,0x57,0xDB,0x86,0x80,0x00,0x00,0x00,
  0x00,0x00,0x00,0x00,0x00,0x00,0x00,0x00,0x00,0x00,0x00,0x00,
  0x00,0x00,0x00,0x00,0x00,0x00,0x00,0x00,0x00,0x00,0x00,0x00,
  0x00,0x00,0x00,0x00,0x00,0x00,0x00,0x00,0x00,0x00,0x00,0x00,
  0x00,0x00,0x00,0x00,0x00,0x00,0x00,0x00,0x00,0x00,0x00,0x00,
  0x00,0x00,0x00,0x00,0x00,0x00,0x00,0x00,0x00,0x00,0x49,0x6A,
  0xDF,0xFD,0x6C,0xBB,0xD2,0x00,0x00,0x00,0x00,0x00,0x00,0x00,
  0x00,0x00,0x00,0x00,0x00,0x00,0x00,0x00,0x00,0x00,0x00,0x00,
  0x00,0x00,0x00,0x00,0x00,0x00,0x00,0x00,0x00,0x00,0x00,0x00,
  0x00,0x00,0x00,0x00,0x00,0x00,0x00,0x00,0x00,0x00,0x00,0x00,
  0x00,0x00,0x00,0x00,0x00,0x00,0x00,0x00,0x00,0x00,0x00,0x00,
  0x00,0x00,0x00,0x00,0x00,0x00,0x95,0xBF,0x50,0x00,0x92,0x44,
  0xAF,0xFF,0x54,0x00,0x00,0x00,0x00,0x00,0x00,0x00,0x00,0x00,
  0x00,0x00,0x00,0x00,0x00,0x00,0x00,0x00,0x00,0x00,0x00,0x00,
  0x00,0x00,0x00,0x00,0x00,0x00,0x00,0x00,0x00,0x00,0x00,0x00,
  0x00,0x00,0x00,0x00,0x00,0x00,0x00,0x00,0x00,0x00,0x00,0x00,
  0x00,0x00,0x00,0x00,0x00,0x00,0x00,0x00,0x00,0x00,0x00,0x00,
  0x00,0x01,0x2B,0xE8,0x8A,0x45,0x49,0x2A,0xA8,0x92,0xDB,0xF0,
  0x00,0x00,0x00,0x00,0x00,0x00,0x00,0x00,0x00,0x00,0x00,0x00,
  0x00,0x00,0x00,0x00,0x00,0x00,0x00,0x00,0x00,0x00,0x00,0x00,
  0x00,0x00,0x00,0x00,0x00,0x00,0x00,0x00,0x00,0x00,0x00,0x00,
  0x00,0x00,0x00,0x00,0x00,0x00,0x00,0x00,0x00,0x00,0x00,0x00,
  0x00,0x00,0x00,0x00,0x00,0x00,0x00,0x00,0x00,0x01,0x26,0x00,
  0x21,0x12,0x2A,0xA5,0x57,0xEF,0x6D,0x00,0x00,0x00,0x00,0x00,
  0x00,0x00,0x00,0x00,0x00,0x00,0x00,0x00,0x00,0x00,0x00,0x00,
  0x00,0x00,0x00,0x00,0x00,0x00,0x00,0x00,0x00,0x00,0x00,0x00,
  0x00,0x00,0x00,0x00,0x00,0x00,0x00,0x00,0x00,0x00,0x00,0x00,
  0x00,0x00,0x00,0x00,0x00,0x00,0x00,0x00,0x00,0x00,0x00,0x00,
  0x00,0x00,0x00,0x00,0x00,0x02,0x4B,0xFF,0xDF,0xFF,0xFF,0xFF,
  0xFD,0x59,0x00,0x00,0x00,0x00,0x00,0x00,0x00,0x00,0x00,0x00,
  0x00,0x00,0x00,0x00,0x00,0x00,0x00,0x00,0x00,0x00,0x00,0x00,
  0x00,0x00,0x00,0x00,0x00,0x00,0x00,0x00,0x00,0x00,0x00,0x00,
  0x00,0x00,0x00,0x00,0x00,0x00,0x00,0x00,0x00,0x00,0x00,0x00,
  0x00,0x00,0x00,0x00,0x00,0x00,0x00,0x00,0x00,0x00,0x00,0x00,
  0x00,0x04,0x15,0xF7,0xFF,0xFF,0xFF,0xFC,0x00,0x00,0x00,0x00,
  0x00,0x00,0x00,0x00,0x00,0x00,0x00,0x00,0x00,0x00,0x00,0x00,
  0x00,0x00,0x00,0x00,0x00,0x00,0x00,0x00,0x00,0x00,0x00,0x00,
  0x00,0x00,0x00,0x00,0x00,0x00,0x00,0x00,0x00,0x00,0x00,0x00,
  0x00,0x00,0x00,0x00,0x00,0x00,0x00,0x00,0x00,0x00,0x00,0x00,
  0x00,0x00,0x00,0x00,0x00,0x00,0x00,0x00,0x00,0x04,0x85,0xDD,
  0x7A,0xAD,0x55,0xD0,0x00,0x00,0x00,0x00,0x00,0x00,0x00,0x00,
  0x00,0x00,0x00,0x00,0x00,0x00,0x00,0x00,0x00,0x00,0x00,0x00,
  0x00,0x00,0x00,0x00,0x00,0x00,0x00,0x00,0x00,0x00,0x00,0x00,
  0x00,0x00,0x00,0x00,0x00,0x00,0x00,0x00,0x00,0x00,0x00,0x00,
  0x00,0x00,0x00,0x00,0x00,0x00,0x00,0x00,0x00,0x00,0x00,0x00,
  0x00,0x00,0x00,0x00,0x00,0x09,0x30,0xB7,0xDF,0xFF,0xFF,0x00,
  0x00,0x00,0x00,0x00,0x00,0x00,0x00,0x00,0x00,0x00,0x00,0x00,
  0x00,0x00,0x00,0x00,0x00,0x00,0x00,0x00,0x00,0x00,0x00,0x00,
  0x00,0x00,0x00,0x00,0x00,0x00,0x00,0x00,0x00,0x00,0x00,0x00,
  0x00,0x00,0x00,0x00,0x00,0x00,0x00,0x00,0x00,0x00,0x00,0x00,
  0x00,0x00,0x00,0x00,0x00,0x00,0x00,0x00,0x00,0x00,0x00,0x00,
  0x00,0x12,0x0A,0xDD,0xB5,0x6D,0xFC,0x00,0x00,0x00,0x00,0x00,
  0x00,0x00,0x00,0x00,0x00,0x00,0x00,0x00,0x00,0x00,0x00,0x00,
  0x00,0x00,0x00,0x00,0x00,0x00,0x00,0x00,0x00,0x00,0x00,0x00,
  0x00,0x00,0x00,0x00,0x00,0x00,0x00,0x00,0x00,0x00,0x00,0x00,
  0x00,0x00,0x00,0x00,0x00,0x00,0x00,0x00,0x00,0x00,0x00,0x00,
  0x00,0x00,0x00,0x00,0x00,0x00,0x00,0x00,0x00,0x14,0x40,0xB7,
  0xFF,0xFF,0x50,0x00,0x00,0x00,0x00,0x00,0x00,0x00,0x00,0x00,
  0x00,0x00,0x00,0x00,0x00,0x00,0x00,0x00,0x00,0x00,0x00,0x00,
  0x00,0x00,0x00,0x00,0x00,0x00,0x00,0x00,0x00,0x00,0x00,0x00,
  0x00,0x00,0x00,0x00,0x00,0x00,0x00,0x00,0x00,0x00,0x00,0x00,
  0x00,0x00,0x00,0x00,0x00,0x00,0x00,0x00,0x00,0x00,0x00,0x00,
  0x00,0x00,0x00,0x00,0x00,0x24,0x08,0x9E,0xDF,0xAB,0xF8,0x00,
  0x00,0x00,0x00,0x00,0x00,0x00,0x00,0x00,0x00,0x00,0x00,0x00,
  0x00,0x00,0x00,0x00,0x00,0x00,0x00,0x00,0x00,0x00,0x00,0x00,
  0x00,0x00,0x00,0x00,0x00,0x00,0x00,0x00,0x00,0x00,0x00,0x00,
  0x00,0x00,0x00,0x00,0x00,0x00,0x00,0x00,0x00,0x00,0x00,0x00,
  0x00,0x00,0x00,0x00,0x00,0x00,0x00,0x00,0x00,0x00,0x00,0x00,
  0x00,0x48,0x22,0x57,0xF5,0xFF,0x70,0x00,0x00,0x00,0x00,0x00,
  0x00,0x00,0x00,0x00,0x00,0x00,0x00,0x00,0x00,0x00,0x00,0x00,
  0x00,0x00,0x00,0x00,0x00,0x00,0x00,0x00,0x00,0x00,0x00,0x00,
  0x00,0x00,0x00,0x00,0x00,0x00,0x00,0x00,0x00,0x00,0x00,0x00,
  0x00,0x00,0x00,0x00,0x00,0x00,0x00,0x00,0x00,0x00,0x00,0x00,
  0x00,0x00,0x00,0x00,0x00,0x00,0x00,0x00,0x00,0x90,0x80,0x0A,
  0x2B,0x6A,0xD0,0x00,0x00,0x00,0x00,0x00,0x00,0x00,0x00,0x00,
  0x00,0x00,0x00,0x00,0x00,0x00,0x00,0x00,0x00,0x00,0x00,0x00,
  0x00,0x00,0x00,0x00,0x00,0x00,0x00,0x00,0x00,0x00,0x00,0x00,
  0x00,0x00,0x00,0x00,0x00,0x00,0x00,0x00,0x00,0x00,0x00,0x00,
  0x00,0x00,0x00,0x00,0x00,0x00,0x00,0x00,0x00,0x00,0x00,0x00,
  0x00,0x00,0x00,0x00,0x01,0x20,0x14,0xA5,0xD6,0xAB,0x60,0x00,
  0x00,0x00,0x00,0x00,0x00,0x00,0x00,0x00,0x00,0x00,0x00,0x00,
  0x00,0x00,0x00,0x00,0x00,0x00,0x00,0x00,0x00,0x00,0x00,0x00,
  0x00,0x00,0x00,0x00,0x00,0x00,0x00,0x00,0x00,0x00,0x00,0x00,
  0x00,0x00,0x00,0x00,0x00,0x00,0x00,0x00,0x00,0x00,0x00,0x00,
  0x00,0x00,0x00,0x00,0x00,0x00,0x00,0x00,0x00,0x00,0x00,0x00,
  0x03,0x21,0x20,0x02,0xAD,0xB5,0x60,0x00,0x00,0x00,0x00,0x00,
  0x00,0x00,0x00,0x00,0x00,0x00,0x00,0x00,0x00,0x00,0x00,0x00,
  0x00,0x00,0x00,0x00,0x00,0x00,0x00,0x00,0x00,0x00,0x00,0x00,
  0x00,0x00,0x00,0x00,0x00,0x00,0x00,0x00,0x00,0x00,0x00,0x00,
  0x00,0x00,0x00,0x00,0x00,0x00,0x00,0x00,0x00,0x00,0x00,0x00,
  0x00,0x00,0x00,0x00,0x00,0x00,0x00,0x00,0x04,0x40,0x05,0x29,
  0x56,0xAD,0x40,0x00,0x00,0x00,0x00,0x00,0x00,0x00,0x00,0x00,
  0x00,0x00,0x00,0x00,0x00,0x00,0x00,0x00,0x00,0x00,0x00,0x00,
  0x00,0x00,0x00,0x00,0x00,0x00,0x00,0x00,0x00,0x00,0x00,0x00,
  0x00,0x00,0x00,0x00,0x00,0x00,0x00,0x00,0x00,0x00,0x00,0x00,
  0x00,0x00,0x00,0x00,0x00,0x00,0x00,0x00,0x00,0x00,0x00,0x00,
  0x00,0x00,0x00,0x00,0x04,0x84,0x90,0x04,0xED,0x6B,0xC0,0x00,
  0x00,0x00,0x00,0x00,0x00,0x00,0x00,0x00,0x00,0x00,0x00,0x00,
  0x00,0x00,0x00,0x00,0x00,0x00,0x00,0x00,0x00,0x00,0x00,0x00,
  0x00,0x00,0x00,0x00,0x00,0x00,0x00,0x00,0x00,0x00,0x00,0x00,
  0x00,0x00,0x00,0x00,0x00,0x00,0x00,0x00,0x00,0x00,0x00,0x00,
  0x00,0x00,0x00,0x00,0x00,0x00,0x00,0x00,0x00,0x00,0x00,0x00,
  0x19,0x00,0x41,0x51,0x36,0xAD,0x00,0x00,0x00,0x00,0x00,0x00,
  0x00,0x00,0x00,0x00,0x00,0x00,0x00,0x00,0x00,0x00,0x00,0x00,
  0x00,0x00,0x00,0x00,0x00,0x00,0x00,0x00,0x00,0x00,0x00,0x00,
  0x00,0x00,0x00,0x00,0x00,0x00,0x00,0x00,0x00,0x00,0x00,0x00,
  0x00,0x00,0x00,0x00,0x00,0x00,0x00,0x00,0x00,0x00,0x00,0x00,
  0x00,0x00,0x00,0x00,0x00,0x00,0x00,0x00,0x12,0x0A,0x08,0x04,
  0xB5,0xB5,0x80,0x00,0x00,0x00,0x00,0x00,0x00,0x00,0x00,0x00,
  0x00,0x00,0x00,0x00,0x00,0x00,0x00,0x00,0x00,0x00,0x00,0x00,
  0x00,0x00,0x00,0x00,0x00,0x00,0x00,0x00,0x00,0x00,0x00,0x00,
  0x00,0x00,0x00,0x00,0x00,0x00,0x00,0x00,0x00,0x00,0x00,0x00,
  0x00,0x00,0x00,0x00,0x00,0x00,0x00,0x00,0x00,0x00,0x00,0x00,
  0x00,0x00,0x00,0x00,0x24,0x10,0x82,0x52,0x55,0x57,0x00,0x00,
  0x00,0x00,0x00,0x00,0x00,0x00,0x00,0x00,0x00,0x00,0x00,0x00,
  0x00,0x00,0x00,0x00,0x00,0x00,0x00,0x00,0x00,0x00,0x00,0x00,
  0x00,0x00,0x00,0x00,0x00,0x00,0x00,0x00,0x00,0x00,0x00,0x00,
  0x00,0x00,0x00,0x00,0x00,0x00,0x00,0x00,0x00,0x00,0x00,0x00,
  0x00,0x00,0x00,0x00,0x00,0x00,0x00,0x00,0x00,0x00,0x00,0x00,
  0x48,0x02,0x28,0x81,0x2A,0xB5,0x00,0x00,0x00,0x00,0x00,0x00,
  0x00,0x00,0x00,0x00,0x00,0x00,0x00,0x00,0x00,0x00,0x00,0x00,
  0x00,0x00,0x00,0x00,0x00,0x00,0x00,0x00,0x00,0x00,0x00,0x00,
  0x00,0x00,0x00,0x00,0x00,0x00,0x00,0x00,0x00,0x00,0x00,0x00,
  0x00,0x00,0x00,0x00,0x00,0x00,0x00,0x00,0x00,0x00,0x00,0x00,
  0x00,0x00,0x00,0x00,0x00,0x00,0x00,0x00,0x90,0x48,0x02,0x2A,
  0x5B,0x56,0x00,0x00,0x00,0x00,0x00,0x00,0x00,0x00,0x00,0x00,
  0x00,0x00,0x00,0x00,0x00,0x00,0x00,0x00,0x00,0x00,0x00,0x00,
  0x00,0x00,0x00,0x00,0x00,0x00,0x00,0x00,0x00,0x00,0x00,0x00,
  0x00,0x00,0x00,0x00,0x00,0x00,0x00,0x00,0x00,0x00,0x00,0x00,
  0x00,0x00,0x00,0x00,0x00,0x00,0x00,0x00,0x00,0x00,0x00,0x00,
  0x00,0x00,0x00,0x01,0x20,0x11,0x48,0x80,0x95,0xB6,0x00,0x00,
  0x00,0x00,0x00,0x00,0x00,0x00,0x00,0x00,0x00,0x00,0x00,0x00,
  0x00,0x00,0x00,0x00,0x00,0x00,0x00,0x00,0x00,0x00,0x00,0x00,
  0x00,0x00,0x00,0x00,0x00,0x00,0x00,0x00,0x00,0x00,0x00,0x00,
  0x00,0x00,0x00,0x00,0x00,0x00,0x00,0x00,0x00,0x00,0x00,0x00,
  0x00,0x00,0x00,0x00,0x00,0x00,0x00,0x00,0x00,0x00,0x00,0x02,
  0x22,0x80,0x02,0x2A,0xAA,0xD4,0x00,0x00,0x00,0x00,0x00,0x00,
  0x00,0x00,0x00,0x00,0x00,0x00,0x00,0x00,0x00,0x00,0x00,0x00,
  0x00,0x00,0x00,0x00,0x00,0x00,0x00,0x00,0x00,0x00,0x00,0x00,
  0x00,0x00,0x00,0x00,0x00,0x00,0x00,0x00,0x00,0x00,0x00,0x00,
  0x00,0x00,0x00,0x00,0x00,0x00,0x00,0x00,0x00,0x00,0x00,0x00,
  0x00,0x00,0x00,0x00,0x00,0x00,0x00,0x04,0xC0,0x25,0x28,0x81,
  0x05,0x5C,0x00,0x00,0x00,0x00,0x00,0x00,0x00,0x00,0x00,0x00,
  0x00,0x00,0x00,0x00,0x00,0x00,0x00,0x00,0x00,0x00,0x00,0x00,
  0x00,0x00,0x00,0x00,0x00,0x00,0x00,0x00,0x00,0x00,0x00,0x00,
  0x00,0x00,0x00,0x00,0x00,0x00,0x00,0x00,0x00,0x00,0x00,0x00,
  0x00,0x00,0x00,0x00,0x00,0x00,0x00,0x00,0x00,0x00,0x00,0x00,
  0x00,0x00,0x00,0x04,0x84,0x80,0x02,0x54,0x55,0x68,0x00,0x00,
  0x00,0x00,0x00,0x00,0x00,0x00,0x00,0x00,0x00,0x00,0x00,0x00,
  0x00,0x00,0x00,0x00,0x00,0x00,0x00,0x00,0x00,0x00,0x00,0x00,
  0x00,0x00,0x00,0x00,0x00,0x00,0x00,0x00,0x00,0x00,0x00,0x00,
  0x00,0x00,0x00,0x00,0x00,0x00,0x00,0x00,0x00,0x00,0x00,0x00,
  0x00,0x00,0x00,0x00,0x00,0x00,0x00,0x00,0x00,0x00,0x00,0x09,
  0x00,0x14,0xA8,0x02,0x83,0x58,0x00,0x00,0x00,0x00,0x00,0x00,
  0x00,0x00,0x00,0x00,0x00,0x00,0x00,0x00,0x00,0x00,0x00,0x00,
  0x00,0x00,0x00,0x00,0x00,0x00,0x00,0x00,0x00,0x00,0x00,0x00,
  0x00,0x00,0x00,0x00,0x00,0x00,0x00,0x00,0x00,0x00,0x00,0x00,
  0x00,0x00,0x00,0x00,0x00,0x00,0x00,0x00,0x00,0x00,0x00,0x00,
  0x00,0x00,0x00,0x00,0x00,0x00,0x00,0x12,0x12,0x80,0x02,0xAC,
  0x29,0x50,0x00,0x00,0x00,0x00,0x00,0x00,0x00,0x00,0x00,0x00,
  0x00,0x00,0x00,0x00,0x00,0x00,0x00,0x00,0x00,0x00,0x00,0x00,
  0x00,0x00,0x00,0x00,0x00,0x00,0x00,0x00,0x00,0x00,0x00,0x00,
  0x00,0x00,0x00,0x00,0x00,0x00,0x00,0x00,0x00,0x00,0x00,0x00,
  0x00,0x00,0x00,0x00,0x00,0x00,0x00,0x00,0x00,0x00,0x00,0x00,
  0x00,0x00,0x00,0x24,0x00,0x25,0x28,0x45,0x45,0x70,0x00,0x00,
  0x00,0x00,0x00,0x00,0x00,0x00,0x00,0x00,0x00,0x00,0x00,0x00,
  0x00,0x00,0x00,0x00,0x00,0x00,0x00,0x00,0x00,0x00,0x00,0x00,
  0x00,0x00,0x00,0x00,0x00,0x00,0x00,0x00,0x00,0x00,0x00,0x00,
  0x00,0x00,0x00,0x00,0x00,0x00,0x00,0x00,0x00,0x00,0x00,0x00,
  0x00,0x00,0x00,0x00,0x00,0x00,0x00,0x00,0x00,0x00,0x00,0x48,
  0x4A,0x00,0x45,0x10,0x11,0x40,0x00,0x00,0x00,0x00,0x00,0x00,
  0x00,0x00,0x00,0x00,0x00,0x00,0x00,0x00,0x00,0x00,0x00,0x00,
  0x00,0x00,0x00,0x00,0x00,0x00,0x00,0x00,0x00,0x00,0x00,0x00,
  0x00,0x00,0x00,0x00,0x00,0x00,0x00,0x00,0x00,0x00,0x00,0x00,
  0x00,0x00,0x00,0x00,0x00,0x00,0x00,0x00,0x00,0x00,0x00,0x00,
  0x00,0x00,0x00,0x00,0x00,0x00,0x00,0x90,0x00,0xA9,0x10,0x55,
  0x48,0xE0,0x00,0x00,0x00,0x00,0x00,0x00,0x00,0x00,0x00,0x00,
  0x00,0x00,0x00,0x00,0x00,0x00,0x00,0x00,0x00,0x00,0x00,0x00,
  0x00,0x00,0x00,0x00,0x00,0x00,0x00,0x00,0x00,0x00,0x00,0x00,
  0x00,0x00,0x00,0x00,0x00,0x00,0x00,0x00,0x00,0x00,0x00,0x00,
  0x00,0x00,0x00,0x00,0x00,0x00,0x00,0x00,0x00,0x00,0x00,0x00,
  0x00,0x00,0x01,0x21,0x52,0x00,0x45,0x10,0x85,0x40,0x00,0x00,
  0x00,0x00,0x00,0x00,0x00,0x00,0x00,0x00,0x00,0x00,0x00,0x00,
  0x00,0x00,0x00,0x00,0x00,0x00,0x00,0x00,0x00,0x00,0x00,0x00,
  0x00,0x00,0x00,0x00,0x00,0x00,0x00,0x00,0x00,0x00,0x00,0x00,
  0x00,0x00,0x00,0x00,0x00,0x00,0x00,0x00,0x00,0x00,0x00,0x00,
  0x00,0x00,0x00,0x00,0x00,0x00,0x00,0x00,0x00,0x00,0x02,0x20,
  0x00,0x4A,0x90,0x4A,0x28,0x80,0x00,0x00,0x00,0x00,0x00,0x00,
  0x00,0x00,0x00,0x00,0x00,0x00,0x00,0x00,0x00,0x00,0x00,0x00,
  0x00,0x00,0x00,0x00,0x00,0x00,0x00,0x00,0x00,0x00,0x00,0x00,
  0x00,0x00,0x00,0x00,0x00,0x00,0x00,0x00,0x00,0x00,0x00,0x00,
  0x00,0x00,0x00,0x00,0x00,0x00,0x00,0x00,0x00,0x00,0x00,0x00,
  0x00,0x00,0x00,0x00,0x00,0x00,0x04,0xC5,0x29,0x00,0x0A,0x51,
  0x02,0x80,0x00,0x00,0x00,0x00,0x00,0x00,0x00,0x00,0x00,0x00,
  0x00,0x00,0x00,0x00,0x00,0x00,0x00,0x00,0x00,0x00,0x00,0x00,
  0x00,0x00,0x00,0x00,0x00,0x00,0x00,0x00,0x00,0x00,0x00,0x00,
  0x00,0x00,0x00,0x00,0x00,0x00,0x00,0x00,0x00,0x00,0x00,0x00,
  0x00,0x00,0x00,0x00,0x00,0x00,0x00,0x00,0x00,0x00,0x00,0x00,
  0x00,0x00,0x04,0x00,0x00,0x4A,0xA1,0x44,0xA9,0x80,0x00,0x00,
  0x00,0x00,0x00,0x00,0x00,0x00,0x00,0x00,0x00,0x00,0x00,0x00,
  0x00,0x00,0x00,0x00,0x00,0x00,0x00,0x00,0x00,0x00,0x00,0x00,
  0x00,0x00,0x00,0x00,0x00,0x00,0x00,0x00,0x00,0x00,0x00,0x00,
  0x00,0x00,0x00,0x00,0x00,0x00,0x00,0x00,0x00,0x00,0x00,0x00,
  0x00,0x00,0x00,0x00,0x00,0x00,0x00,0x00,0x00,0x00,0x09,0x89,
  0x4A,0x00,0x14,0x91,0x12,0x00,0x00,0x00,0x00,0x00,0x00,0x00,
  0x00,0x00,0x00,0x00,0x00,0x00,0x00,0x00,0x00,0x00,0x00,0x00,
  0x00,0x00,0x00,0x00,0x00,0x00,0x00,0x00,0x00,0x00,0x00,0x00,
  0x00,0x00,0x00,0x00,0x00,0x00,0x00,0x00,0x00,0x00,0x00,0x00,
  0x00,0x00,0x00,0x00,0x00,0x00,0x00,0x00,0x00,0x00,0x00,0x00,
  0x00,0x00,0x00,0x00,0x00,0x00,0x12,0x00,0x00,0xAA,0x81,0x08,
  0x4B,0x00,0x00,0x00,0x00,0x00,0x00,0x00,0x00,0x00,0x00,0x00,
  0x00,0x00,0x00,0x00,0x00,0x00,0x00,0x00,0x00,0x00,0x00,0x00,
  0x00,0x00,0x00,0x00,0x00,0x00,0x00,0x00,0x00,0x00,0x00,0x00,
  0x00,0x00,0x00,0x00,0x00,0x00,0x00,0x00,0x00,0x00,0x00,0x00,
  0x00,0x00,0x00,0x00,0x00,0x00,0x00,0x00,0x00,0x00,0x00,0x00,
  0x00,0x00,0x2A,0x2A,0x48,0x00,0x55,0x45,0x22,0x00,0x00,0x00,
  0x00,0x00,0x00,0x00,0x00,0x00,0x00,0x00,0x00,0x00,0x00,0x00,
  0x00,0x00,0x00,0x00,0x00,0x00,0x00,0x00,0x00,0x00,0x00,0x00,
  0x00,0x00,0x00,0x00,0x00,0x00,0x00,0x00,0x00,0x00,0x00,0x00,
  0x00,0x00,0x00,0x00,0x00,0x00,0x00,0x00,0x00,0x00,0x00,0x00,
  0x00,0x00,0x00,0x00,0x00,0x00,0x00,0x00,0x00,0x00,0x44,0x00,
  0x02,0x55,0x02,0x28,0x8A,0x00,0x00,0x00,0x00,0x00,0x00,0x00,
  0x00,0x00,0x00,0x00,0x00,0x00,0x00,0x00,0x00,0x00,0x00,0x00,
  0x00,0x00,0x00,0x00,0x00,0x00,0x00,0x00,0x00,0x00,0x00,0x00,
  0x00,0x00,0x00,0x00,0x00,0x00,0x00,0x00,0x00,0x00,0x00,0x00,
  0x00,0x00,0x00,0x00,0x00,0x00,0x00,0x00,0x00,0x00,0x00,0x00,
  0x00,0x00,0x00,0x00,0x00,0x01,0x98,0x49,0x50,0x00,0xAA,0x02,
  0x44,0x00,0x00,0x00,0x00,0x00,0x00,0x00,0x00,0x00,0x00,0x00,
  0x00,0x00,0x00,0x00,0x00,0x00,0x00,0x00,0x00,0x00,0x00,0x00,
  0x00,0x00,0x00,0x00,0x00,0x00,0x00,0x00,0x00,0x00,0x00,0x00,
  0x00,0x00,0x00,0x00,0x00,0x00,0x00,0x00,0x00,0x00,0x00,0x00,
  0x00,0x00,0x00,0x00,0x00,0x00,0x00,0x00,0x00,0x00,0x00,0x00,
  0x00,0x02,0x10,0x00,0x05,0x55,0x05,0x54,0x98,0x00,0x00,0x00,
  0x00,0x00,0x00,0x00,0x00,0x00,0x00,0x00,0x00,0x00,0x00,0x00,
  0x00,0x00,0x00,0x00,0x00,0x00,0x00,0x00,0x00,0x00,0x00,0x00,
  0x00,0x00,0x00,0x00,0x00,0x00,0x00,0x00,0x00,0x00,0x00,0x00,
  0x00,0x00,0x00,0x00,0x00,0x00,0x00,0x00,0x00,0x00,0x00,0x00,
  0x00,0x00,0x00,0x00,0x00,0x00,0x00,0x00,0x00,0x0C,0xA1,0x4A,
  0x40,0x00,0x50,0x21,0x28,0x00,0x00,0x00,0x00,0x00,0x00,0x00,
  0x00,0x00,0x00,0x00,0x00,0x00,0x00,0x00,0x00,0x00,0x00,0x00,
  0x00,0x00,0x00,0x00,0x00,0x00,0x00,0x00,0x00,0x00,0x00,0x00,
  0x00,0x00,0x00,0x00,0x00,0x00,0x00,0x00,0x00,0x00,0x00,0x00,
  0x00,0x00,0x00,0x00,0x00,0x00,0x00,0x00,0x00,0x00,0x00,0x00,
  0x00,0x00,0x00,0x00,0x00,0x71,0x00,0x00,0x12,0xAA,0x8A,0x88,
  0x90,0x00,0x00,0x00,0x00,0x00,0x00,0x00,0x00,0x00,0x00,0x00,
  0x00,0x00,0x00,0x00,0x00,0x00,0x00,0x00,0x00,0x00,0x00,0x00,
  0x00,0x00,0x00,0x00,0x00,0x00,0x00,0x00,0x00,0x00,0x00,0x00,
  0x00,0x00,0x00,0x00,0x00,0x00,0x00,0x00,0x00,0x00,0x00,0x00,
  0x00,0x00,0x00,0x00,0x00,0x00,0x00,0x00,0x00,0x00,0x00,0x00,
  0x2F,0x84,0x04,0xA4,0x80,0x00,0x28,0x52,0x30,0x00,0x00,0x00,
  0x00,0x00,0x00,0x00,0x00,0x00,0x00,0x00,0x00,0x00,0x00,0x00,
  0x00,0x00,0x00,0x00,0x00,0x00,0x00,0x00,0x00,0x00,0x00,0x00,
  0x00,0x00,0x00,0x00,0x00,0x00,0x00,0x00,0x00,0x00,0x00,0x00,
  0x00,0x00,0x00,0x00,0x00,0x00,0x00,0x00,0x00,0x00,0x00,0x00,
  0x00,0x00,0x00,0x00,0x00,0x00,0x00,0x2F,0xD0,0x50,0x10,0x00,
  0x2A,0xAA,0xA2,0x84,0xA0,0x00,0x00,0x00,0x00,0x00,0x00,0x00,
  0x00,0x00,0x00,0x00,0x00,0x00,0x00,0x00,0x00,0x00,0x00,0x00,
  0x00,0x00,0x00,0x00,0x00,0x00,0x00,0x00,0x00,0x00,0x00,0x00,
  0x00,0x00,0x00,0x00,0x00,0x00,0x00,0x00,0x00,0x00,0x00,0x00,
  0x00,0x00,0x00,0x00,0x00,0x00,0x00,0x00,0x00,0x00,0x00,0x00,
  0x00,0x00,0x17,0xD0,0x00,0x00,0x82,0x4A,0x00,0x04,0x28,0x29,
  0x20,0x00,0x00,0x00,0x00,0x00,0x00,0x00,0x00,0x00,0x00,0x00,
  0x00,0x00,0x00,0x00,0x00,0x00,0x00,0x00,0x00,0x00,0x00,0x00,
  0x00,0x00,0x00,0x00,0x00,0x00,0x00,0x00,0x00,0x00,0x00,0x00,
  0x60,0x00,0x00,0x00,0x00,0x00,0x00,0x00,0x00,0x00,0x00,0x00,
  0x00,0x00,0x00,0x00,0x00,0x00,0x00,0x00,0x00,0x00,0x50,0x00,
  0x00,0x00,0x48,0x00,0x95,0x51,0x45,0x44,0x40,0x00,0x00,0x00,
  0x00,0x00,0x00,0x00,0x00,0x00,0x00,0x00,0x00,0x00,0x00,0x00,
  0x00,0x00,0x00,0x00,0x00,0x00,0x00,0x00,0x00,0x00,0x00,0x00,
  0x00,0x00,0x00,0x00,0x00,0x00,0x00,0x00,0x90,0x00,0x00,0x00,
  0x00,0x00,0x00,0x00,0x00,0x00,0x00,0x00,0x00,0x00,0x00,0x00,
  0x00,0x55,0x55,0x10,0x00,0x00,0x40,0x00,0x00,0x02,0x01,0x24,
  0x00,0x08,0x90,0x11,0x40,0x00,0x00,0x00,0x00,0x00,0x00,0x00,
  0x00,0x00,0x00,0x00,0x00,0x00,0x00,0x00,0x00,0x00,0x00,0x00,
  0x00,0x00,0x00,0x00,0x00,0x00,0x00,0x00,0x00,0x00,0x00,0x00,
  0x00,0x00,0x00,0x01,0x20,0x00,0x00,0x00,0x00,0x00,0x00,0x00,
  0x00,0x00,0x00,0x00,0x00,0x00,0x00,0x00,0x15,0x00,0x00,0xAB,
  0x54,0x00,0x84,0x20,0x48,0x91,0x24,0x01,0x55,0x52,0x8A,0xA4,
  0x80,0x00,0x00,0x00,0x00,0x00,0x00,0x00,0x00,0x00,0x00,0x00,
  0x00,0x00,0x00,0x00,0x00,0x00,0x00,0x00,0x00,0x00,0x00,0x00,
  0x00,0x00,0x00,0x00,0x00,0x00,0x00,0x00,0x00,0x00,0x00,0x02,
  0x40,0x00,0x00,0x00,0x00,0x00,0x00,0x00,0x00,0x00,0x00,0x00,
  0x00,0x00,0x56,0xBB,0xE0,0x00,0x00,0x00,0x02,0xD0,0x41,0x0A,
  0x02,0x04,0x00,0x90,0x00,0x04,0x50,0x09,0x80,0x00,0x00,0x00,
  0x00,0x00,0x00,0x00,0x00,0x00,0x00,0x00,0x00,0x00,0x00,0x00,
  0x00,0x00,0x00,0x00,0x00,0x00,0x00,0x00,0x00,0x00,0x00,0x00,
  0x00,0x00,0x00,0x00,0x00,0x00,0x00,0x04,0x40,0x00,0x00,0x00,
  0x00,0x00,0x00,0x00,0x00,0x00,0x00,0x00,0x00,0x0D,0x00,0x01,
  0xE0,0x00,0x00,0x00,0x00,0x0E,0xD4,0x40,0xA0,0x42,0x48,0x04,
  0xAA,0xA3,0x05,0x51,0x00,0x00,0x00,0x00,0x00,0x00,0x00,0x00,
  0x00,0x00,0x00,0x00,0x00,0x00,0x00,0x00,0x00,0x00,0x00,0x00,
  0x00,0x00,0x00,0x05,0x00,0x00,0x00,0x00,0x00,0x00,0x00,0x00,
  0x00,0x00,0x00,0x08,0x80,0x00,0x00,0x00,0x00,0x00,0x00,0x00,
  0x00,0x00,0x00,0x00,0x00,0x1E,0x00,0x03,0xF0,0x00,0x00,0x00,
  0x00,0x00,0x2B,0x56,0x14,0x14,0x02,0xA0,0x00,0x12,0x50,0x25,
  0x00,0x00,0x00,0x00,0x00,0x00,0x00,0x00,0x00,0x00,0x00,0x00,
  0x00,0x00,0x00,0x00,0x04,0xA5,0x49,0x55,0x54,0xA5,0x29,0x55,
  0xAA,0xAA,0xAA,0xA5,0x55,0x55,0x55,0x55,0x55,0x55,0x52,0xB2,
  0xAA,0xAA,0xAA,0xAA,0x95,0x4A,0xAA,0xAA,0xAA,0xAA,0xAA,0xAA,
  0xAA,0xBF,0x55,0x4B,0xD0,0x00,0x00,0x00,0x00,0x00,0x10,0x00,
  0x81,0x40,0x90,0x0A,0xAA,0x88,0x85,0x42,0x00,0x00,0x00,0x00,
  0x00,0x00,0x00,0x00,0x00,0x00,0x00,0x00,0x00,0x00,0x00,0x02,
  0xDA,0x94,0xAA,0x22,0x22,0x94,0xA4,0x92,0x49,0x11,0x11,0x14,
  0x88,0x89,0x22,0x22,0x22,0x22,0x29,0x0A,0x49,0x11,0x12,0x44,
  0x52,0x28,0x91,0x11,0x12,0x49,0x11,0x11,0x11,0x40,0xA4,0xA7,
  0xE8,0x00,0x00,0x00,0x00,0x00,0x11,0x54,0x20,0x14,0x04,0x20,
  0x00,0x4A,0x28,0x16,0x00,0x00,0x00,0x00,0x00,0x00,0x00,0x00,
  0x00,0x00,0x00,0x00,0x00,0x00,0x00,0x58,0x00,0x00,0x00,0x00,
  0x00,0x00,0x00,0x00,0x00,0x00,0x00,0x00,0x00,0x00,0x00,0x00,
  0x00,0x00,0x00,0x20,0x00,0x00,0x00,0x00,0x00,0x00,0x00,0x00,
  0x00,0x00,0x00,0x00,0x00,0x04,0x00,0x07,0xC8,0x00,0x00,0x00,
  0x00,0x00,0x1A,0x12,0x8A,0x41,0x21,0x02,0x55,0x28,0x82,0xA4,
  0x00,0x00,0x00,0x00,0x00,0x00,0x00,0x00,0x00,0x00,0x00,0x00,
  0x00,0x00,0x03,0x00,0x00,0xB6,0xAA,0x88,0x88,0x00,0x02,0x08,
  0x00,0x44,0x44,0x40,0x22,0x20,0x08,0x88,0x88,0x88,0x80,0x80,
  0x20,0x88,0x80,0x22,0x40,0x82,0x04,0x44,0x40,0x00,0x44,0x44,
  0x44,0x10,0x00,0x17,0xE0,0x00,0x00,0x00,0x00,0x00,0x0E,0x80,
  0x25,0x28,0x80,0x48,0x80,0x92,0x28,0x8C,0x00,0x00,0x00,0x00,
  0x00,0x00,0x00,0x00,0x00,0x00,0x00,0x00,0x00,0x00,0x18,0x00,
  0x00,0xD5,0x55,0x42,0x02,0x52,0x90,0x41,0x2A,0x10,0x00,0x12,
  0x00,0x0A,0x80,0x20,0x20,0x02,0x12,0x09,0x04,0x20,0x2A,0x80,
  0x08,0x20,0x40,0x00,0x09,0x49,0x00,0x10,0x10,0x81,0x25,0x0F,
  0xE4,0x00,0x00,0x00,0x00,0x00,0x0F,0xE0,0x00,0x05,0x2A,0x02,
  0x2A,0x20,0x84,0x48,0x00,0x00,0x00,0x00,0x00,0x00,0x00,0x00,
  0x00,0x00,0x00,0x00,0x00,0x00,0x40,0x00,0x04,0x80,0x00,0x88,
  0x20,0x00,0x02,0x04,0x00,0x41,0x22,0x40,0x92,0x40,0x24,0x82,
  0x02,0x48,0x00,0x00,0x20,0x02,0x00,0x09,0x02,0x09,0x12,0x22,
  0x20,0x00,0x12,0x41,0x00,0x04,0x00,0x4F,0xE0,0x01,0x22,0x00,
  0x00,0x00,0x0D,0x7C,0x80,0x40,0x05,0x69,0x00,0x94,0x52,0x98,
  0x00,0x00,0x00,0x00,0x00,0x00,0x00,0x00,0x00,0x00,0x00,0x00,
  0x00,0x02,0x80,0x00,0x00,0x80,0x82,0x80,0x89,0x08,0x48,0x40,
  0x41,0x04,0x08,0x04,0x00,0x00,0x00,0x08,0x88,0x00,0x92,0x49,
  0x04,0x88,0x80,0x20,0x48,0x80,0x00,0x88,0x82,0x24,0x40,0x04,
  0x44,0x90,0x48,0x0F,0xE4,0x24,0x00,0x48,0x10,0x00,0x0A,0xAE,
  0x12,0x11,0x10,0x04,0xAA,0x29,0x00,0x30,0x00,0x00,0x00,0x00,
  0x00,0x00,0x00,0x00,0x00,0x00,0x00,0x00,0x00,0x08,0x00,0x00,
  0x00,0x88,0x00,0x90,0x00,0x00,0x00,0x00,0x00,0x00,0x00,0x00,
  0x00,0x11,0x00,0x00,0x00,0x00,0x00,0x00,0x00,0x00,0x08,0x00,
  0x00,0x00,0x00,0x00,0x00,0x00,0x00,0x00,0x00,0x00,0x00,0x0F,
  0xE8,0x80,0x24,0x01,0x05,0x20,0x0A,0xA7,0xC0,0x44,0x00,0x00,
  0x11,0x46,0xBB,0x50,0x00,0x00,0x00,0x00,0x00,0x00,0x00,0x00,
  0x00,0x00,0x00,0x00,0x00,0x20,0x00,0x00,0x00,0x80,0x00,0x80,
  0x00,0x00,0x00,0x00,0x00,0x00,0x00,0x00,0x00,0x00,0x00,0x00,
  0x00,0x00,0x00,0x00,0x00,0x00,0x00,0x00,0x00,0x00,0x00,0x00,
  0x00,0x00,0x00,0x00,0x00,0x00,0x00,0x0F,0xE8,0x00,0x80,0x80,
  0x40,0x05,0x48,0x17,0xF0,0x00,0x44,0x91,0x00,0x0A,0xC0,0x20,
  0x00,0x00,0x00,0x00,0x00,0x00,0x00,0x00,0x00,0x00,0x00,0x00,
  0x00,0x40,0x00,0x00,0x00,0x80,0x00,0x80,0x00,0x00,0x00,0x00,
  0x00,0x00,0x00,0x00,0x00,0x00,0x00,0x00,0x00,0x00,0x00,0x00,
  0x00,0x00,0x00,0x00,0x00,0x00,0x00,0x00,0x00,0x00,0x00,0x00,
  0x00,0x00,0x00,0x0F,0xF4,0x12,0x10,0x12,0x08,0x40,0x08,0x02,
  0xFC,0x00,0x00,0x00,0x48,0x20,0x16,0xA0,0x00,0x00,0x00,0x00,
  0x00,0x00,0x00,0x00,0x00,0x00,0x00,0x00,0x01,0xAA,0xA5,0x40,
  0x00,0x80,0x00,0x80,0x00,0x00,0x00,0x00,0x00,0x00,0x00,0x00,
  0x00,0x00,0x00,0x00,0x00,0x00,0x00,0x00,0x00,0x00,0x00,0x00,
  0x00,0x00,0x00,0x00,0x00,0x00,0x00,0x00,0x00,0x00,0x00,0x0F,
  0xE9,0x40,0x05,0x00,0x21,0x08,0x2B,0x56,0xAE,0x00,0x00,0x00,
  0x00,0x80,0x40,0xD0,0x00,0x00,0x00,0x00,0x00,0x00,0x00,0x00,
  0x00,0x00,0x00,0x00,0x07,0xFD,0xFF,0xE0,0x00,0x00,0x00,0x80,
  0x00,0x00,0x00,0x00,0x00,0x00,0x00,0x00,0x00,0x00,0x00,0x00,
  0x00,0x00,0x00,0x00,0x00,0x00,0x00,0x00,0x00,0x00,0x00,0x00,
  0x00,0x00,0x00,0x00,0x00,0x00,0x00,0x0F,0xF8,0x09,0x40,0x54,
  0x88,0x22,0x8A,0xA5,0x5A,0x00,0x00,0x00,0x00,0x00,0x00,0x38,
  0x00,0x00,0x00,0x00,0x00,0x00,0x00,0x00,0x00,0x00,0x00,0x00,
  0x0F,0xFB,0xFF,0xD0,0x00,0x80,0x00,0x80,0x00,0x00,0x00,0x00,
  0x00,0x00,0x00,0x00,0x00,0x00,0x00,0x00,0x00,0x00,0x00,0x00,
  0x00,0x00,0x00,0x00,0x00,0x00,0x00,0x00,0x00,0x00,0x00,0x00,
  0x00,0x00,0x00,0x0F,0xE9,0x20,0x12,0x00,0x02,0x00,0x0F,0x77,
  0xEC,0x00,0x00,0x00,0x00,0x00,0x00,0x6F,0x00,0x00,0x00,0x00,
  0x00,0x00,0x00,0x00,0x00,0x00,0x00,0x00,0x3D,0xF7,0xEF,0xE0,
  0x00,0x80,0x00,0x80,0x00,0x00,0x00,0x00,0x00,0x00,0x00,0x00,
  0x00,0x00,0x00,0x00,0x00,0x00,0x00,0x00,0x00,0x00,0x00,0x00,
  0x00,0x00,0x00,0x00,0x00,0x00,0x00,0x00,0x00,0x00,0x00,0x1A,
  0xF8,0x0A,0x40,0x92,0xA8,0x94,0x4B,0xAF,0xBE,0x00,0x00,0x00,
  0x00,0x00,0x00,0x0B,0xE0,0x00,0x00,0x00,0x00,0x00,0x00,0x00,
  0x00,0x00,0x00,0x00,0x7F,0xEF,0xBF,0xE0,0x00,0x80,0x00,0x80,
  0x00,0x00,0x00,0x00,0x00,0x00,0x00,0x00,0x00,0x00,0x00,0x00,
  0x00,0x04,0x00,0x00,0x00,0x00,0x00,0x00,0x00,0x00,0x08,0x00,
  0x00,0x00,0x00,0x00,0x00,0x00,0x01,0x4B,0xFA,0x40,0x08,0x04,
  0x00,0x21,0x0F,0xFB,0xFC,0x00,0x00,0x08,0x00,0x80,0x04,0x60,
  0x50,0x00,0x00,0x00,0x00,0x00,0x00,0x00,0x00,0x00,0x00,0x00,
  0xF7,0xDF,0xFF,0xD0,0x00,0x80,0x02,0x80,0x1F,0x01,0x7C,0x02,
  0x3E,0x40,0x7C,0x09,0xF2,0x4B,0xC9,0x27,0x90,0x1F,0x00,0x7C,
  0x01,0xF0,0x03,0xE0,0x4F,0x84,0x3E,0x20,0xF8,0x03,0xE1,0x2F,
  0x80,0x00,0x05,0x2A,0xE9,0x29,0x45,0x50,0x8A,0x00,0x2E,0xAF,
  0xFF,0xA5,0x29,0x41,0x4A,0x12,0x41,0x5F,0x28,0x00,0x00,0x00,
  0x00,0x00,0x00,0x00,0x00,0x00,0x00,0x03,0xFF,0xBF,0xFF,0xE0,
  0x00,0x92,0x20,0x88,0x9F,0x28,0x7C,0x90,0xBE,0x0A,0xFC,0xA1,
  0xF0,0x03,0xE0,0x0F,0xC4,0x9F,0x2A,0x7E,0x54,0xFA,0x47,0xE2,
  0x0F,0x90,0xBE,0x02,0xF9,0x53,0xF0,0x0F,0xC9,0x25,0x22,0xAB,
  0xFC,0x85,0x32,0x25,0x21,0x55,0x4F,0xFF,0xFE,0xF0,0x00,0x04,
  0x00,0x40,0x14,0x6A,0xF0,0x00,0x00,0x00,0x00,0x00,0x00,0x00,
  0x00,0x00,0x00,0x07,0xFF,0x7D,0xBF,0xE0,0x12,0x80,0x09,0x40,
  0x3F,0x00,0x7C,0x02,0x3E,0x00,0x7C,0x03,0xF2,0x27,0xE4,0x87,
  0xC0,0x3F,0x00,0x7C,0x01,0xF8,0x13,0xE0,0x9F,0x80,0x3E,0x88,
  0xFC,0x03,0xE4,0x8F,0x80,0x00,0x08,0x0A,0xFA,0xB2,0x89,0x48,
  0x94,0x84,0x9F,0xFF,0xFF,0xA8,0x89,0x11,0x29,0x0A,0x81,0x7F,
  0xF0,0x00,0x00,0x00,0x00,0x00,0x00,0x00,0x00,0x00,0x00,0x3D,
  0x49,0x2A,0xD2,0x20,0x80,0x81,0x00,0x82,0x1F,0x04,0xFE,0x20,
  0x3E,0x40,0xFC,0x01,0xF0,0x07,0xE0,0x17,0xC2,0x1F,0x00,0x7E,
  0x01,0xF0,0x47,0xE2,0x0F,0x84,0xBE,0x00,0xF8,0x0B,0xF0,0x0F,
  0xC4,0x90,0x80,0x0B,0xF2,0x48,0x65,0x25,0x4A,0x52,0x5F,0x7F,
  0xF4,0xC0,0x20,0x42,0x50,0x20,0x54,0x6F,0xF0,0x00,0x00,0x00,
  0x00,0x00,0x00,0x00,0x00,0x00,0x00,0x80,0x00,0x00,0x00,0x12,
  0x00,0x90,0x44,0x90,0x3F,0x10,0x7C,0x04,0x7E,0x12,0x7C,0x49,
  0xF1,0x23,0xE0,0x4F,0x88,0x5F,0x29,0x7C,0x55,0xF9,0x03,0xE0,
  0x1F,0x90,0x3E,0x22,0xF9,0x23,0xE1,0x2F,0x80,0x02,0x11,0x2F,
  0xF9,0x25,0x14,0x92,0x21,0x29,0x2F,0xFF,0xAB,0x49,0x05,0x08,
  0x85,0x0A,0x02,0xFF,0xA0,0x00,0x00,0x00,0x00,0x00,0x00,0x00,
  0x00,0x00,0x01,0x00,0x00,0x00,0x01,0x40,0x10,0x84,0x10,0x81,
  0x1F,0x00,0x7C,0x80,0x3E,0x00,0xFC,0x03,0xF0,0x07,0xE2,0x07,
  0xC0,0x1F,0x00,0x7C,0x00,0xF0,0x07,0xE2,0x4F,0x80,0x7E,0x08,
  0xF8,0x03,0xE4,0x0F,0x91,0x08,0x00,0x07,0xF6,0xAA,0xCA,0x55,
  0x54,0x8A,0x9F,0xEC,0xAA,0xA2,0x50,0x42,0x20,0xA1,0x6A,0xFE,
  0x80,0x00,0x00,0x00,0x00,0x00,0x00,0x00,0x00,0x00,0x04,0x00,
  0x00,0x00,0x08,0x20,0x02,0x80,0x80,0x88,0x1E,0x24,0x7C,0x11,
  0x3C,0x48,0x78,0x21,0xF2,0x43,0xC0,0x47,0x82,0x1F,0x22,0x7D,
  0x01,0xF2,0x23,0xC0,0x0F,0x05,0x3E,0x40,0xF8,0x81,0xE0,0x47,
  0x80,0x20,0x44,0x8E,0xFA,0xDA,0xA9,0x52,0x95,0x69,0x7F,0xFB,
  0x5A,0x88,0x04,0x28,0x8A,0x15,0x2A,0xF8,0x00,0x00,0x00,0x00,
  0x00,0x00,0x00,0x00,0x00,0x00,0x10,0x00,0x00,0x00,0x80,0x09,
  0x08,0x82,0x02,0x81,0x00,0x81,0x00,0x40,0x11,0x01,0x01,0x08,
  0x00,0x10,0x09,0x00,0x90,0x80,0x00,0x00,0x48,0x08,0x00,0x08,
  0x81,0x20,0x00,0x00,0x02,0x11,0x02,0x00,0x09,0x02,0x10,0x27,
  0xEB,0x56,0xD7,0xAD,0x6B,0x56,0xBF,0x55,0x6B,0x22,0xA2,0x82,
  0x29,0xD4,0xD7,0xC0,0x00,0x00,0x00,0x00,0x00,0x00,0x00,0x00,
  0x00,0x00,0x40,0x00,0x00,0x08,0x02,0x40,0x20,0x90,0x28,0x90,
  0x48,0x08,0x12,0x09,0x40,0x24,0x10,0x20,0x09,0x04,0x80,0x12,
  0x04,0x12,0x92,0x09,0x02,0x20,0x94,0x82,0x10,0x08,0x00,0x94,
  0x40,0x44,0x28,0x4A,0x40,0x48,0x42,0x0B,0xED,0x6B,0x5A,0xB6,
  0xB5,0xBB,0x6A,0xAA,0xAD,0x08,0x08,0x55,0x55,0x2B,0x7E,0x80,
  0x00,0x00,0x00,0x00,0x00,0x00,0x00,0x00,0x00,0x00,0x80,0x00,
  0x00,0x40,0x20,0x00,0x00,0x84,0x80,0x84,0x02,0x40,0x80,0x80,
  0x04,0x80,0x84,0x82,0xA0,0x40,0x24,0x80,0x40,0x80,0x00,0xA0,
  0x20,0x82,0x00,0x20,0x44,0x82,0x94,0x01,0x12,0x00,0x81,0x00,
  0x12,0x01,0x00,0x87,0xD5,0xB5,0x6D,0x5B,0x5A,0xCA,0xAA,0xDB,
  0x55,0x42,0xA5,0x2A,0xA5,0x5A,0xB4,0x00,0x00,0x00,0x00,0x00,
  0x00,0x00,0x00,0x00,0x00,0x02,0x00,0x00,0x01,0x02,0x04,0x12,
  0x95,0xA0,0x04,0x81,0x28,0x12,0x24,0x24,0x20,0x12,0x20,0x08,
  0x04,0x12,0x00,0x24,0x12,0x24,0x92,0x04,0x88,0x10,0x44,0x89,
  0x00,0x20,0x01,0x20,0x00,0x92,0x08,0x24,0x80,0x90,0x28,0x24,
  0xBE,0xAD,0xB5,0xEA,0xEE,0xB6,0xF5,0x55,0x6A,0x28,0x95,0x54,
  0x95,0xEF,0xC0,0x00,0x00,0x00,0x00,0x00,0x00,0x00,0x00,0x00,
  0x00,0x04,0x00,0x00,0x04,0x00,0x40,0x80,0x80,0x84,0x41,0xA4,
  0x01,0x00,0x00,0x81,0x0A,0x40,0x05,0x21,0x11,0x00,0x95,0x01,
  0x00,0x00,0x00,0x20,0x02,0x44,0x10,0x00,0x24,0x89,0x24,0x09,
  0x24,0x00,0x42,0x00,0x2A,0x05,0x02,0x8B,0x57,0xF6,0xAA,0xAB,
  0x2A,0xDF,0xAD,0xAA,0xB7,0x56,0x52,0xAA,0xEE,0xBD,0x00,0x00,
  0x00,0x00,0x00,0x00,0x00,0x00,0x00,0x00,0x00,0x18,0x00,0x00,
  0x20,0x10,0x12,0x29,0x90,0x91,0x10,0x80,0x90,0x49,0x24,0x10,
  0x40,0x09,0x20,0x04,0x40,0x48,0x00,0x48,0x49,0x2A,0x49,0x09,
  0x20,0x01,0x02,0x52,0x00,0x00,0x00,0x80,0x01,0x29,0x10,0xAA,
  0x80,0x40,0x48,0x22,0xB4,0xAD,0xFF,0xBD,0xFF,0xB4,0xAA,0xBD,
  0xDA,0x91,0x55,0x57,0x5B,0xE8,0x00,0x00,0x00,0x00,0x00,0x00,
  0x00,0x00,0x00,0x00,0x00,0x20,0x00,0x0B,0x00,0x42,0x80,0x80,
  0x04,0x80,0x05,0x12,0x04,0x00,0x01,0x04,0x11,0x20,0x08,0x90,
  0x09,0x02,0xA2,0x02,0x00,0x00,0x00,0x40,0x0A,0x90,0x48,0x00,
  0x95,0x2A,0x52,0x24,0x94,0x00,0x02,0x00,0x11,0x14,0x01,0x05,
  0x56,0xAA,0x92,0xD6,0xA4,0xD7,0x77,0x66,0xAD,0x56,0xAA,0xB5,
  0xEE,0x80,0x00,0x00,0x00,0x00,0x00,0x00,0x00,0x00,0x00,0x00,
  0x00,0xC0,0x00,0x25,0x89,0x08,0x12,0x09,0x21,0x89,0x30,0x80,
  0x41,0x24,0x90,0x41,0x44,0x04,0x82,0x02,0x40,0x20,0x08,0x48,
  0x95,0x42,0x55,0x0A,0xA0,0x05,0x01,0x12,0x00,0x00,0x00,0x00,
  0x00,0x92,0x48,0x22,0x44,0x01,0x54,0x23,0x6A,0xD6,0xDA,0x55,
  0xB6,0xBA,0xDA,0xDB,0xF6,0xA9,0x57,0x6E,0xBC,0x00,0x00,0x00,
  0x00,0x00,0x00,0x00,0x00,0x00,0x00,0x00,0x01,0x00,0x00,0x81,
  0x00,0x21,0x04,0x40,0x08,0x80,0x05,0xA4,0x10,0x00,0x04,0x10,
  0x00,0x90,0x28,0x48,0x09,0x0A,0x21,0x00,0x00,0x10,0x00,0x20,
  0x04,0x40,0x24,0x40,0x48,0x91,0x24,0x95,0x48,0x00,0x01,0x08,
  0x00,0xA4,0x00,0x89,0xAD,0x6B,0x57,0xF6,0xDB,0x6B,0x57,0x6D,
  0x2A,0xAE,0xFA,0xDB,0xE0,0x00,0x00,0x00,0x00,0x00,0x00,0x00,
  0x00,0x00,0x00,0x00,0x06,0x00,0x02,0x00,0x24,0x84,0x50,0x15,
  0x40,0x95,0x48,0x81,0x45,0x55,0x51,0x05,0x24,0x02,0x81,0x01,
  0x20,0x40,0x84,0x25,0x24,0x42,0x42,0x02,0x21,0x14,0x80,0x09,
  0x02,0x04,0x00,0x00,0x02,0x4A,0xA8,0x41,0x28,0x00,0x92,0x02,
  0xB5,0xBA,0xE8,0x5B,0x6D,0xAD,0xED,0xB6,0xFA,0xB5,0xAF,0x7E,
  0x00,0x00,0x00,0x00,0x00,0x00,0x00,0x00,0x00,0x00,0x00,0x00,
  0x08,0x00,0x10,0x12,0x00,0x21,0x02,0x80,0x2A,0xA4,0xA1,0x54,
  0x10,0x00,0x04,0xA8,0x92,0xA8,0x28,0x54,0x8A,0x94,0x21,0x10,
  0x91,0x11,0x14,0xA8,0x88,0x42,0x2A,0xA4,0x50,0xA1,0x55,0x55,
  0x54,0x90,0x05,0x2A,0x45,0x55,0x20,0xA9,0xDB,0x4F,0x0B,0xED,
  0xB6,0xDA,0xB6,0xDB,0x57,0x6E,0xD5,0xE8,0x00,0x00,0x00,0x00,
  0x00,0x00,0x00,0x00,0x00,0x00,0x00,0x00,0x10,0x00,0x48,0x40,
  0xAA,0x88,0x54,0x5A,0x81,0x8A,0xAA,0x92,0xAA,0xAA,0xA9,0x12,
  0x49,0x25,0x45,0x22,0x52,0x4A,0x94,0xA5,0x24,0xAA,0x49,0x12,
  0x55,0x28,0x91,0x12,0x8A,0x54,0x92,0x42,0x22,0x4A,0xA8,0x89,
  0x29,0x24,0x95,0x15,0x6D,0xB4,0xBF,0x5A,0xDB,0x6F,0x5B,0x6D,
  0xDB,0xBB,0x7F,0x40,0x00,0x00,0x00,0x00,0x00,0x00,0x00,0x00,
  0x00,0x00,0x00,0x00,0x20,0x45,0x04,0x8A,0x00,0x25,0x09,0x45,
  0xAA,0xA1,0x29,0xA4,0x85,0x54,0x94,0xA5,0x24,0x92,0x52,0x95,
  0x24,0x91,0x52,0x94,0x92,0x41,0x24,0xA5,0x22,0x85,0x24,0xA4,
  0x52,0x8A,0x49,0x29,0x49,0x24,0xA5,0x52,0x44,0x92,0x4A,0xA1,
  0x56,0xD1,0xEA,0xEF,0x6A,0xB5,0xED,0xB6,0xBD,0x6D,0xD8,0x00,
  0x00,0x00,0x00,0x00,0x00,0x00,0x00,0x00,0x00,0x00,0x00,0x00,
  0x40,0x08,0x50,0x20,0x95,0x12,0xA5,0x28,0x94,0xB4,0x94,0x92,
  0x52,0x0A,0x42,0x50,0x92,0x49,0x29,0x48,0x92,0x4A,0x2A,0x49,
  0x49,0x2C,0xAA,0x52,0x94,0x54,0x92,0x52,0x89,0x25,0x24,0x94,
  0xAA,0x92,0x52,0x49,0x2A,0x55,0x25,0x4C,0xDD,0x0E,0xBD,0xB5,
  0xAF,0xDA,0xB6,0xDB,0xD7,0xD7,0xE0,0x00,0x00,0x00,0x00,0x00,
  0x00,0x00,0x00,0x00,0x00,0x00,0x00,0x00,0x82,0x42,0x0A,0x88,
  0x42,0xA8,0xA9,0x55,0x49,0x95,0x4D,0xAA,0xA9,0x61,0x59,0x2A,
  0xAA,0xAA,0x94,0xA5,0x4A,0xA9,0x45,0x24,0xAA,0xA2,0x81,0x08,
  0x49,0x22,0x49,0x08,0x54,0x90,0x92,0x4A,0x10,0xAA,0x89,0x25,
  0x52,0xA4,0xAA,0xA2,0xB0,0xF5,0xEB,0x5A,0xDA,0x6F,0x5B,0x6D,
  0x7A,0xBD,0x00,0x00,0x00,0x00,0x00,0x00,0x00,0x00,0x00,0x00,
  0x00,0x00,0x00,0x00,0x88,0x28,0xA0,0x25,0x2A,0x45,0x25,0x24,
  0xA5,0xED,0x76,0xA5,0x55,0x2D,0x25,0x4A,0x92,0x49,0x4A,0x55,
  0x29,0x25,0x54,0xAA,0x90,0x08,0x28,0x42,0x00,0x08,0x00,0x42,
  0x00,0x04,0x00,0x20,0x84,0x01,0x56,0xAA,0x94,0x92,0x93,0x5B,
  0x46,0xAF,0x5D,0xEF,0x6D,0xB5,0xED,0xB7,0xAD,0xF0,0x00,0x00,
  0x00,0x00,0x00,0x00,0x00,0x00,0x00,0x00,0x00,0x00,0x00,0x00,
  0x51,0x42,0x95,0x52,0xAE,0xB5,0x54,0xAA,0x94,0xBF,0xBB,0xAA,
  0x4A,0xA5,0x55,0x54,0xAA,0xAA,0xA9,0x4A,0xAA,0xAA,0xAA,0xAA,
  0x05,0x45,0x02,0x08,0x92,0x81,0x25,0x10,0x92,0x51,0x55,0x02,
  0x22,0x48,0x00,0xA9,0x53,0x5A,0xD5,0xA8,0x2B,0x7B,0x6B,0x55,
  0xB7,0x6E,0xB6,0xDD,0x7F,0x00,0x00,0x00,0x00,0x00,0x00,0x00,
  0x00,0x00,0x00,0x00,0x00,0x00,0x00,0x00,0x6A,0x55,0x4A,0x95,
  0x52,0x95,0x55,0x55,0x55,0x40,0x8A,0x55,0x55,0x54,0xAA,0xA5,
  0x55,0x55,0x55,0x54,0xAA,0xAA,0x52,0xA0,0xA0,0x28,0x90,0x80,
  0x00,0x24,0x00,0x04,0x00,0x00,0x00,0x24,0x15,0x25,0x5A,0xAE,
  0xDD,0x6B,0x6F,0x53,0x5B,0xDF,0xB6,0xFA,0xDA,0xDB,0x6F,0x6B,
  0xE0,0x00,0x00,0x00,0x00,0x00,0x00,0x00,0x00,0x00,0x00,0x00,
  0x00,0x00,0x00,0x00,0x1D,0x54,0xA9,0x55,0x2A,0xAA,0xAA,0xAA,
  0xB6,0xBF,0x75,0xAA,0xAA,0xAB,0x55,0x5A,0xAA,0xAA,0xAA,0xAB,
  0x55,0x55,0xAD,0x0A,0x0A,0x80,0x02,0x6F,0xF5,0x51,0x54,0x91,
  0x55,0x55,0x5B,0xDB,0xEA,0xDA,0x45,0x21,0x25,0xAD,0xFD,0xEF,
  0xFE,0xF5,0x6D,0xAF,0x6F,0x76,0xDA,0xDF,0x00,0x00,0x00,0x00,
  0x00,0x00,0x00,0x00,0x00,0x00,0x00,0x00,0x00,0x00,0x00,0x00,
  0x07,0xEA,0xA5,0x55,0x55,0x55,0x6D,0xDD,0xDB,0xD5,0xAE,0xFD,
  0xF7,0x76,0xED,0xAF,0x77,0x77,0x77,0xDD,0xEE,0xED,0x68,0x80,
  0x40,0x01,0x0B,0x52,0xAD,0xAE,0xAA,0xD6,0xAB,0x6A,0xA4,0x00,
  0x01,0x25,0x7D,0xFF,0xFF,0xFF,0xFF,0xFD,0x6B,0x5F,0xBB,0x55,
  0xB5,0xAD,0xED,0xF0,0x00,0x00,0x00,0x00,0x00,0x00,0x00,0x00,
  0x00,0x00,0x00,0x00,0x00,0x00,0x00,0x00,0x00,0xBF,0x5D,0xB6,
  0xDB,0xBF,0xB6,0xB6,0xB6,0xBB,0x75,0xAB,0x5A,0xDB,0x5B,0x75,
  0xAD,0xAD,0xAD,0x6B,0x5B,0x5B,0x4A,0x29,0x00,0x00,0x28,0x8C,
  0x92,0x51,0x21,0x08,0x00,0x00,0x11,0x5F,0xFF,0xFF,0xFF,0xFF,
  0xFE,0xFE,0xAB,0x57,0xBD,0xB5,0x6D,0xFA,0xDE,0xF7,0x5F,0x00,
  0x00,0x00,0x00,0x00,0x00,0x00,0x00,0x00,0x00,0x00,0x00,0x00,
  0x00,0x00,0x00,0x00,0x00,0x2A,0xEB,0x6D,0xB6,0xD5,0x5B,0xDB,
  0xDB,0x6D,0xDE,0xDD,0xAF,0x6D,0xB6,0xDA,0xF6,0xF6,0xDB,0x7D,
  0xB7,0xB6,0xA5,0x02,0x20,0x00,0x00,0x10,0x00,0x00,0x04,0x42,
  0xB7,0x6F,0xFF,0xFE,0xFF,0xFF,0xF7,0xBC,0x01,0x05,0xFD,0xFA,
  0xD6,0xDB,0xB6,0xAF,0x6B,0x5B,0xF0,0x00,0x00,0x00,0x00,0x00,
  0x00,0x00,0x00,0x00,0x00,0x00,0x00,0x00,0x00,0x00,0x00,0x00,
  0x00,0x07,0xBD,0xB6,0xDB,0x6D,0xED,0x6D,0x6D,0xB6,0xB5,0x6A,
  0xF5,0xB6,0xDB,0x6F,0x5B,0x5B,0x6D,0xAB,0x6D,0x6C,0x95,0x50,
  0x88,0x00,0x40,0x00,0x4A,0xAA,0xDB,0xBF,0xFF,0xFF,0xFF,0xFB,
  0xFF,0xFB,0xBE,0xF4,0xAA,0x55,0x56,0xAF,0x7B,0xED,0x6D,0xD5,
  0xBA,0xFE,0x00,0x00,0x00,0x00,0x00,0x00,0x00,0x00,0x00,0x00,
  0x00,0x00,0x00,0x00,0x00,0x00,0x00,0x00,0x00,0x00,0x6E,0xDB,
  0x76,0xB6,0xB6,0xB6,0xB6,0xDB,0xDB,0xB7,0x5A,0xDB,0x6D,0xB5,
  0xB6,0xD6,0xDB,0x6D,0xBB,0xBB,0x52,0x4A,0x22,0x90,0x2A,0xBF,
  0x6D,0xDF,0xFF,0xFE,0xFF,0xFF,0xFE,0xFF,0xEE,0xBF,0xFB,0xE0,
  0x91,0x0A,0xED,0xDA,0xD6,0xB7,0xB7,0x7B,0x6F,0xA0,0x00,0x00,
  0x00,0x00,0x00,0x00,0x00,0x00,0x00,0x00,0x00,0x00,0x00,0x00,
  0x00,0x00,0x00,0x00,0x00,0x00,0x03,0xFD,0xAD,0xDB,0x5B,0xDB,
  0xDB,0x6D,0x6D,0xDB,0x6F,0x6D,0xB6,0xDE,0xDB,0x7B,0x6D,0xB6,
  0xED,0x6D,0xA9,0x24,0x88,0x25,0x36,0xDB,0xFF,0xFF,0xFF,0xFF,
  0xDB,0x77,0xB7,0xDF,0xBB,0xEF,0x8D,0x0A,0x4A,0x55,0x37,0x6F,
  0x6D,0xDA,0xDA,0xAF,0xF4,0x00,0x00,0x00,0x00,0x00,0x00,0x00,
  0x00,0x00,0x00,0x00,0x00,0x00,0x00,0x00,0x00,0x00,0x00,0x00,
  0x00,0x00,0x00,0x0F,0xFF,0x6D,0xAD,0x6D,0x6D,0xB6,0xB6,0xAD,
  0xB5,0xB6,0xDB,0x6A,0xED,0xAD,0xB6,0xDB,0x56,0xD6,0xFE,0xAA,
  0xAB,0x52,0xBB,0x5F,0xBF,0x7E,0xFD,0xF7,0xFF,0xFE,0xFF,0x76,
  0xFF,0xFC,0x20,0x22,0xA5,0x56,0xDA,0xDA,0xDB,0x6D,0x7F,0xFD,
  0x60,0x00,0x00,0x00,0x00,0x00,0x00,0x00,0x00,0x00,0x00,0x00,
  0x00,0x00,0x00,0x00,0x00,0x00,0x00,0x00,0x00,0x00,0x00,0x00,
  0x2B,0xFF,0xFF,0xBF,0xFF,0xFF,0xFF,0xFF,0xFF,0xFF,0xFF,0xFF,
  0xBF,0xFF,0xFF,0xFF,0xFF,0xFD,0xA5,0xD5,0x54,0x95,0x4F,0xF7,
  0xFF,0xFB,0xDF,0xBF,0x7F,0xFF,0xDD,0xFF,0xF8,0x21,0x05,0x54,
  0x55,0x7B,0xF7,0x77,0xBF,0xFF,0xEA,0x03,0xB0,0x00,0x00,0x00,
  0x00,0x00,0x00,0x00,0x00,0x00,0x00,0x00,0x00,0x00,0x00,0x00,
  0x00,0x00,0x00,0x00,0x00,0x00,0x00,0x00,0x00,0x00,0x00,0x40,
  0x00,0x00,0x00,0x00,0x00,0x00,0x01,0x50,0x40,0x00,0x00,0x00,
  0x00,0x17,0xFD,0x7A,0xAA,0xAA,0xA9,0x7F,0xF7,0xEF,0xFF,0xFF,
  0xFB,0x55,0xF7,0xFB,0xA1,0x02,0x52,0x25,0xAF,0xDF,0xBF,0xFE,
  0xF5,0x20,0x00,0x00,0x60,0x00,0x00,0x00,0x00,0x00,0x00,0x00,
  0x00,0x00,0x00,0x00,0x00,0x00,0x00,0x00,0x00,0x00,0x00,0x00,
  0x00,0x00,0x00,0x00,0x00,0x00,0x00,0x00,0x00,0x00,0x00,0x00,
  0x00,0x00,0x00,0x50,0x00,0x00,0x00,0x00,0x00,0x00,0x17,0xD7,
  0xDF,0xF5,0x76,0xDE,0xFF,0x7F,0xF7,0xFD,0xFF,0xFF,0x7F,0xBE,
  0xF4,0xA9,0x55,0xAB,0x7A,0x00,0x00,0x00,0x00,0x00,0x00,0x00,
  0x00,0x00,0x00,0x00,0x00,0x00,0x00,0x00,0x00,0x00,0x00,0x00,
  0x00,0x00,0x00,0x00,0x00,0x00,0x00,0x00,0x00,0x00,0x00,0x00,
  0x00,0x00,0x00,0x00,0x00,0x00,0x00,0x00,0x00,0x00,0x00,0x38,
  0x00,0x00,0x00,0x00,0x00,0x00,0x00,0x7E,0xB2,0xAF,0xAD,0xAB,
  0x55,0xFE,0xDE,0xAF,0x55,0xF7,0xDE,0xEB,0xB5,0x2A,0xAA,0xFE,
  0x80,0x00,0x00,0x00,0x00,0x00,0x00,0x00,0x00,0x00,0x00,0x00,
  0x00,0x00,0x00,0x00,0x00,0x00,0x00,0x00,0x00,0x00,0x00,0x00,
  0x00,0x00,0x00,0x00,0x00,0x00,0x00,0x00,0x00,0x00,0x00,0x00,
  0x00,0x00,0x00,0x00,0x00,0x00,0x00,0x00,0x00,0x00,0x00,0x00,
  0x00,0x00,0x00,0x01,0xFF,0x75,0x76,0xF5,0xB6,0xAB,0x75,0xF5,
  0xEE,0xBE,0xFB,0xBE,0xDA,0xAB,0x7F,0xA0,0x00,0x00,0x00,0x00,
  0x00,0x00,0x00,0x00,0x00,0x00,0x00,0x00,0x00,0x00,0x00,0x00,
  0x00,0x00,0x00,0x00,0x00,0x00,0x00,0x00,0x00,0x00,0x00,0x00,
  0x00,0x00,0x00,0x00,0x00,0x00,0x00,0x00,0x00,0x00,0x00,0x00,
  0x00,0x00,0x00,0x00,0x00,0x00,0x00,0x00,0x00,0x00,0x00,0x00,
  0x02,0xFF,0xDB,0x5E,0xDF,0xDD,0xAE,0xBB,0x5B,0xD5,0xAD,0x6B,
  0x7D,0xFF,0xA0,0x00,0x00,0x00,0x00,0x00,0x00,0x00,0x00,0x00,
  0x00,0x00,0x00,0x00,0x00,0x00,0x00,0x00,0x00,0x00,0x00,0x00,
  0x00,0x00,0x00,0x00,0x00,0x00,0x00,0x00,0x00,0x00,0x00,0x00,
  0x00,0x00,0x00,0x00,0x00,0x00,0x00,0x00,0x00,0x00,0x00,0x00,
  0x00,0x00,0x00,0x00,0x00,0x00,0x00,0x00,0x00,0x05,0x7F,0xF7,
  0xF5,0x6A,0xF7,0xD6,0xF6,0xBF,0xF7,0xFF,0xEF,0x40,0x00,0x00,
  0x00,0x00,0x00,0x00,0x00,0x00,0x00,0x00,0x00,0x00,0x00,0x00,
  0x00,0x00,0x00,0x00,0x00,0x00,0x00,0x00,0x00,0x00,0x00,0x00,
  0x00,0x00,0x00,0x00,0x00,0x00,0x00,0x00,0x00,0x00,0x00,0x00,
  0x00,0x00,0x00,0x00,0x00,0x00,0x00,0x00,0x00,0x00,0x00,0x00,
  0x00,0x00,0x00,0x00,0x00,0x00,0x00,0x14,0xAF,0xBF,0xDD,0x7F,
  0xBF,0xF5,0x5D,0x20,0x00,0x00,0x00,0x00,0x00,0x00,0x00,0x00,
  0x00,0x00,0x00,0x00,0x00,0x00,0x00,0x00,0x00,0x00,0x00,0x00,
  0x00,0x00,0x00,0x00,0x00,0x00,0x00,0x00,0x00,0x00,0x00,0x00,
  0x00,0x00,0x00,0x00,0x00,0x00,0x00,0x00,0x00,0x00,0x00,0x00,
  0x00,0x00,0x00,0x00,0x00,0x00,0x00,0x00,0x00,0x00,0x00,0x00,
  0x00,0x00,0x00,0x00,0x00,0x00,0x02,0x00,0x40,0x00,0x00,0x00,
  0x00,0x00,0x00,0x00,0x00,0x00,0x00,0x00,0x00,0x00,0x00,0x00,
  0x00,0x00,0x00,0x00,0x00,0x00,0x00,0x00,0x00,0x00,0x00,0x00,
  0x00,0x00,0x00,0x00,0x00,0x00,0x00,0x00,
};

// TurboProp.png  (540x155)
static const uint8_t art_turboprop[] PROGMEM = {
  0x00,0x00,0x00,0x00,0x00,0x00,0x00,0x00,0x00,0x00,0x00,0x00,
  0x00,0x00,0x00,0x00,0x00,0x00,0x00,0x00,0x00,0x00,0x00,0x00,
  0x00,0x00,0x00,0x00,0x00,0x00,0x00,0x00,0x00,0x00,0x00,0x00,
  0x00,0x00,0x00,0x00,0x00,0x00,0x00,0x00,0x00,0x00,0x00,0x00,
  0x00,0x00,0x00,0x00,0x00,0x00,0x00,0x00,0x00,0x00,0x00,0x05,
  0x7F,0x77,0x50,0x00,0x00,0x00,0x00,0x00,0x00,0x00,0x00,0x00,
  0x00,0x00,0x00,0x00,0x00,0x00,0x00,0x00,0x00,0x00,0x00,0x00,
  0x00,0x00,0x00,0x00,0x00,0x00,0x00,0x00,0x00,0x00,0x00,0x00,
  0x00,0x00,0x00,0x00,0x00,0x00,0x00,0x00,0x00,0x00,0x00,0x00,
  0x00,0x00,0x00,0x00,0x00,0x00,0x00,0x00,0x00,0x00,0x00,0x00,
  0x00,0x00,0x00,0x00,0x00,0x00,0x00,0x5A,0x00,0x00,0x2F,0x50,
  0x00,0x00,0x00,0x00,0x00,0x00,0x00,0x00,0x00,0x00,0x00,0x00,
  0x00,0x00,0x00,0x00,0x00,0x00,0x00,0x00,0x00,0x00,0x00,0x00,
  0x00,0x00,0x00,0x00,0x00,0x00,0x00,0x00,0x00,0x00,0x00,0x00,
  0x00,0x00,0x00,0x00,0x00,0x00,0x00,0x00,0x00,0x00,0x00,0x00,
  0x00,0x00,0x00,0x00,0x00,0x00,0x00,0x00,0x00,0x00,0x00,0x00,
  0x00,0x00,0x01,0x80,0x00,0x00,0x00,0x2D,0x00,0x00,0x00,0x00,
  0x00,0x00,0x00,0x00,0x00,0x00,0x00,0x00,0x00,0x00,0x00,0x00,
  0x00,0x00,0x00,0x00,0x00,0x00,0x00,0x00,0x00,0x00,0x00,0x00,
  0x00,0x00,0x00,0x00,0x00,0x00,0x00,0x00,0x00,0x00,0x00,0x00,
  0x00,0x00,0x00,0x00,0x00,0x00,0x00,0x00,0x00,0x00,0x00,0x00,
  0x00,0x00,0x00,0x00,0x00,0x00,0x00,0x00,0x00,0x00,0x07,0x80,
  0x44,0x12,0x00,0x00,0xF0,0x00,0x00,0x00,0x00,0x00,0x00,0x00,
  0x00,0x00,0x00,0x00,0x00,0x00,0x00,0x00,0x00,0x00,0x00,0x00,
  0x00,0x00,0x00,0x00,0x00,0x00,0x00,0x00,0x00,0x00,0x00,0x00,
  0x00,0x00,0x00,0x00,0x00,0x00,0x00,0x00,0x00,0x00,0x00,0x00,
  0x00,0x00,0x00,0x00,0x00,0x00,0x00,0x00,0x00,0x00,0x00,0x00,
  0x00,0x00,0x00,0x00,0x00,0x00,0x0F,0x04,0x10,0x80,0xAB,0x49,
  0x0E,0x00,0x00,0x00,0x00,0x00,0x00,0x00,0x00,0x00,0x00,0x00,
  0x00,0x00,0x00,0x00,0x00,0x00,0x00,0x00,0x00,0x00,0x00,0x00,
  0x00,0x00,0x00,0x00,0x00,0x00,0x00,0x00,0x00,0x00,0x00,0x00,
  0x00,0x00,0x00,0x00,0x00,0x00,0x00,0x00,0x00,0x00,0x00,0x00,
  0x00,0x00,0x00,0x00,0x00,0x00,0x00,0x00,0x00,0x00,0x00,0x00,
  0x00,0x00,0x1E,0x45,0x4A,0x6E,0xDD,0xB6,0xF5,0xED,0x40,0x00,
  0x00,0x00,0x00,0x00,0x00,0x00,0x00,0x00,0x00,0x00,0x00,0x00,
  0x00,0x00,0x00,0x00,0x00,0x00,0x00,0x00,0x00,0x00,0x00,0x00,
  0x00,0x00,0x00,0x00,0x00,0x00,0x00,0x00,0x00,0x00,0x00,0x00,
  0x00,0x00,0x00,0x00,0x00,0x00,0x00,0x00,0x00,0x00,0x00,0x00,
  0x00,0x00,0x00,0x00,0x00,0x00,0x00,0x00,0x00,0x00,0x1C,0x28,
  0xB5,0x95,0x55,0x7B,0x00,0x01,0x5A,0x80,0x00,0x00,0x00,0x00,
  0x00,0x00,0x00,0x00,0x00,0x00,0x00,0x00,0x00,0x00,0x00,0x00,
  0x00,0x00,0x00,0x00,0x00,0x00,0x00,0x00,0x00,0x00,0x00,0x00,
  0x00,0x00,0x00,0x00,0x00,0x00,0x00,0x00,0x00,0x00,0x00,0x00,
  0x00,0x00,0x00,0x00,0x00,0x00,0x00,0x00,0x00,0x00,0x00,0x00,
  0x00,0x00,0x00,0x00,0x00,0x05,0x7C,0x87,0xFF,0x7F,0xFF,0xFF,
  0xED,0xAC,0xAB,0xE0,0x00,0x00,0x00,0x00,0x00,0x00,0x00,0x00,
  0x00,0x00,0x00,0x00,0x00,0x00,0x00,0x00,0x00,0x00,0x00,0x00,
  0x00,0x00,0x00,0x00,0x00,0x00,0x00,0x00,0x00,0x00,0x00,0x00,
  0x00,0x00,0x00,0x00,0x00,0x00,0x00,0x00,0x00,0x00,0x00,0x00,
  0x00,0x00,0x00,0x00,0x00,0x00,0x00,0x00,0x00,0x00,0x00,0x00,
  0x02,0xFB,0x78,0x57,0xFF,0xFF,0xFF,0xAA,0xBB,0xFF,0xFE,0x00,
  0x00,0x00,0x00,0x00,0x00,0x00,0x00,0x00,0x00,0x00,0x00,0x00,
  0x00,0x00,0x00,0x00,0x00,0x00,0x00,0x00,0x00,0x00,0x00,0x00,
  0x00,0x00,0x00,0x00,0x00,0x00,0x00,0x00,0x00,0x00,0x00,0x00,
  0x00,0x00,0x00,0x00,0x00,0x00,0x00,0x00,0x00,0x00,0x00,0x00,
  0x00,0x00,0x00,0x00,0x00,0x00,0x00,0x00,0x5F,0xDF,0xF8,0x5F,
  0xFB,0xD5,0x20,0xAD,0x5E,0xB5,0x00,0x00,0x00,0x00,0x00,0x00,
  0x00,0x00,0x00,0x00,0x00,0x00,0x00,0x00,0x00,0x00,0x00,0x00,
  0x00,0x00,0x00,0x00,0x00,0x00,0x00,0x00,0x00,0x00,0x00,0x00,
  0x00,0x00,0x00,0x00,0x00,0x00,0x00,0x00,0x00,0x00,0x00,0x00,
  0x00,0x00,0x00,0x00,0x00,0x00,0x00,0x00,0x00,0x00,0x00,0x00,
  0x00,0x00,0x00,0x00,0xFF,0xFF,0xF0,0x15,0x0A,0x2A,0xAF,0xFF,
  0xEC,0x80,0x00,0x00,0x00,0x00,0x00,0x00,0x00,0x00,0x00,0x00,
  0x00,0x00,0x00,0x00,0x00,0x00,0x00,0x00,0x00,0x00,0x00,0x00,
  0x00,0x00,0x00,0x00,0x00,0x00,0x00,0x00,0x00,0x00,0x00,0x00,
  0x00,0x00,0x00,0x00,0x00,0x00,0x00,0x00,0x00,0x00,0x00,0x00,
  0x00,0x00,0x00,0x00,0x00,0x00,0x00,0x00,0x00,0x00,0x00,0x00,
  0x16,0xAA,0xE0,0x87,0xFD,0xFD,0xFE,0xD1,0x14,0x00,0x00,0x00,
  0x00,0x00,0x00,0x00,0x00,0x00,0x00,0x00,0x00,0x00,0x00,0x00,
  0x00,0x00,0x00,0x00,0x00,0x00,0x00,0x00,0x00,0x00,0x00,0x00,
  0x00,0x00,0x00,0x00,0x00,0x00,0x00,0x00,0x00,0x00,0x00,0x00,
  0x00,0x00,0x00,0x00,0x00,0x00,0x00,0x00,0x00,0x00,0x00,0x00,
  0x00,0x00,0x00,0x00,0x00,0x00,0x00,0x00,0x00,0x2B,0xE0,0x26,
  0xD7,0x57,0x6B,0x6C,0xB0,0x00,0x00,0x00,0x00,0x00,0x00,0x00,
  0x00,0x00,0x00,0x00,0x00,0x00,0x00,0x00,0x00,0x00,0x00,0x00,
  0x00,0x00,0x00,0x00,0x00,0x00,0x00,0x00,0x00,0x00,0x00,0x00,
  0x00,0x00,0x00,0x00,0x00,0x00,0x00,0x00,0x00,0x00,0x00,0x00,
  0x00,0x00,0x00,0x00,0x00,0x00,0x00,0x00,0x00,0x00,0x00,0x00,
  0x00,0x00,0x00,0x00,0x00,0x01,0xC2,0x85,0x75,0xFB,0xBD,0xBB,
  0xC0,0x00,0x00,0x00,0x00,0x00,0x00,0x00,0x00,0x00,0x00,0x00,
  0x00,0x00,0x00,0x00,0x00,0x00,0x00,0x00,0x00,0x00,0x00,0x00,
  0x00,0x00,0x00,0x00,0x00,0x00,0x00,0x00,0x00,0x00,0x00,0x00,
  0x00,0x00,0x00,0x00,0x00,0x00,0x00,0x00,0x00,0x00,0x00,0x00,
  0x00,0x00,0x00,0x00,0x00,0x00,0x00,0x00,0x00,0x00,0x00,0x00,
  0x00,0x03,0xC4,0x12,0xAE,0xAD,0xEE,0xED,0x00,0x00,0x00,0x00,
  0x00,0x00,0x00,0x00,0x00,0x00,0x00,0x00,0x00,0x00,0x00,0x00,
  0x00,0x00,0x00,0x00,0x00,0x00,0x00,0x00,0x00,0x00,0x00,0x00,
  0x00,0x00,0x00,0x00,0x00,0x00,0x00,0x00,0x00,0x00,0x00,0x00,
  0x00,0x00,0x00,0x00,0x00,0x00,0x00,0x00,0x00,0x00,0x00,0x00,
  0x00,0x00,0x00,0x00,0x00,0x00,0x00,0x00,0x00,0x03,0x80,0x44,
  0xF5,0xDB,0x5B,0xFE,0x00,0x00,0x00,0x00,0x00,0x00,0x00,0x00,
  0x00,0x00,0x00,0x00,0x00,0x00,0x00,0x00,0x00,0x00,0x00,0x00,
  0x00,0x00,0x00,0x00,0x00,0x00,0x00,0x00,0x00,0x00,0x00,0x00,
  0x00,0x00,0x00,0x00,0x00,0x00,0x00,0x00,0x00,0x00,0x00,0x00,
  0x00,0x00,0x00,0x00,0x00,0x00,0x00,0x00,0x00,0x00,0x00,0x00,
  0x00,0x00,0x00,0x00,0x00,0x07,0x89,0x02,0xAE,0xF7,0xFE,0xAB,
  0x00,0x00,0x00,0x00,0x00,0x00,0x00,0x00,0x00,0x00,0x00,0x00,
  0x00,0x00,0x00,0x00,0x00,0x00,0x00,0x00,0x00,0x00,0x00,0x00,
  0x00,0x00,0x00,0x00,0x00,0x00,0x00,0x00,0x00,0x00,0x00,0x00,
  0x00,0x00,0x00,0x00,0x00,0x00,0x00,0x00,0x00,0x00,0x00,0x00,
  0x00,0x00,0x00,0x00,0x00,0x00,0x00,0x00,0x00,0x00,0x00,0x00,
  0x00,0x0F,0x04,0x54,0x5B,0xBD,0x55,0xF6,0x00,0x00,0x00,0x00,
  0x00,0x00,0x00,0x00,0x00,0x00,0x00,0x00,0x00,0x00,0x00,0x00,
  0x00,0x00,0x00,0x00,0x00,0x00,0x00,0x00,0x00,0x00,0x00,0x00,
  0x00,0x00,0x00,0x00,0x00,0x00,0x00,0x00,0x00,0x00,0x00,0x00,
  0x00,0x00,0x00,0x00,0x00,0x00,0x00,0x00,0x00,0x00,0x00,0x00,
  0x00,0x00,0x00,0x00,0x00,0x00,0x00,0x00,0x00,0x0F,0x10,0x02,
  0xFF,0x6F,0xEF,0x5C,0x00,0x00,0x00,0x00,0x00,0x00,0x00,0x00,
  0x00,0x00,0x00,0x00,0x00,0x00,0x00,0x00,0x00,0x00,0x00,0x00,
  0x00,0x00,0x00,0x00,0x00,0x00,0x00,0x00,0x00,0x00,0x00,0x00,
  0x00,0x00,0x00,0x00,0x00,0x00,0x00,0x00,0x00,0x00,0x00,0x00,
  0x00,0x00,0x00,0x00,0x00,0x00,0x00,0x00,0x00,0x00,0x00,0x00,
  0x00,0x00,0x00,0x00,0x00,0x1E,0x01,0x25,0x2A,0xDB,0xBD,0xFC,
  0x00,0x00,0x00,0x00,0x00,0x00,0x00,0x00,0x00,0x00,0x00,0x00,
  0x00,0x00,0x00,0x00,0x00,0x00,0x00,0x00,0x00,0x00,0x00,0x00,
  0x00,0x00,0x00,0x00,0x00,0x00,0x00,0x00,0x00,0x00,0x00,0x00,
  0x00,0x00,0x00,0x00,0x00,0x00,0x00,0x00,0x00,0x00,0x00,0x00,
  0x00,0x00,0x00,0x00,0x00,0x00,0x00,0x00,0x00,0x00,0x00,0x00,
  0x00,0x1E,0x04,0x00,0x15,0xB6,0xD6,0xAC,0x00,0x00,0x00,0x00,
  0x00,0x00,0x00,0x00,0x00,0x00,0x00,0x00,0x00,0x00,0x00,0x00,
  0x00,0x00,0x00,0x00,0x00,0x00,0x00,0x00,0x00,0x00,0x00,0x00,
  0x00,0x00,0x00,0x00,0x00,0x00,0x00,0x00,0x00,0x00,0x00,0x00,
  0x00,0x00,0x00,0x00,0x00,0x00,0x00,0x00,0x00,0x00,0x00,0x00,
  0x00,0x00,0x00,0x00,0x00,0x00,0x00,0x00,0x00,0x3C,0x20,0x90,
  0x56,0xDD,0x6B,0xD8,0x00,0x00,0x00,0x00,0x00,0x00,0x00,0x00,
  0x00,0x00,0x00,0x00,0x00,0x00,0x00,0x00,0x00,0x00,0x00,0x00,
  0x00,0x00,0x00,0x00,0x00,0x00,0x00,0x00,0x00,0x00,0x00,0x00,
  0x00,0x00,0x00,0x00,0x00,0x00,0x00,0x00,0x00,0x00,0x00,0x00,
  0x00,0x00,0x00,0x00,0x00,0x00,0x00,0x00,0x00,0x00,0x00,0x00,
  0x00,0x00,0x00,0x00,0x00,0x78,0x08,0x05,0x0A,0xAE,0xBD,0x6C,
  0x00,0x00,0x00,0x00,0x00,0x00,0x00,0x00,0x00,0x00,0x00,0x00,
  0x00,0x00,0x00,0x00,0x00,0x00,0x00,0x00,0x00,0x00,0x00,0x00,
  0x00,0x00,0x00,0x00,0x00,0x00,0x00,0x00,0x00,0x00,0x00,0x00,
  0x00,0x00,0x00,0x00,0x00,0x00,0x00,0x00,0x00,0x00,0x00,0x00,
  0x00,0x00,0x00,0x00,0x00,0x00,0x00,0x00,0x00,0x00,0x00,0x00,
  0x00,0x78,0x42,0x40,0x25,0xEB,0xD6,0xD8,0x00,0x00,0x00,0x00,
  0x00,0x00,0x00,0x00,0x00,0x00,0x00,0x00,0x00,0x00,0x00,0x00,
  0x00,0x00,0x00,0x00,0x00,0x00,0x00,0x00,0x00,0x00,0x00,0x00,
  0x00,0x00,0x00,0x00,0x00,0x00,0x00,0x00,0x00,0x00,0x00,0x00,
  0x00,0x00,0x00,0x00,0x00,0x00,0x00,0x00,0x00,0x00,0x00,0x00,
  0x00,0x00,0x00,0x00,0x00,0x00,0x00,0x00,0x00,0xF0,0x08,0x10,
  0x8A,0xBD,0x6D,0xB0,0x00,0x00,0x00,0x00,0x00,0x00,0x00,0x00,
  0x00,0x00,0x00,0x00,0x00,0x00,0x00,0x00,0x00,0x00,0x00,0x00,
  0x00,0x00,0x00,0x00,0x00,0x00,0x00,0x00,0x00,0x00,0x00,0x00,
  0x00,0x00,0x00,0x00,0x00,0x00,0x00,0x00,0x00,0x00,0x00,0x00,
  0x00,0x00,0x00,0x00,0x00,0x00,0x00,0x00,0x00,0x00,0x00,0x00,
  0x00,0x00,0x00,0x00,0x00,0xF0,0x80,0x84,0x25,0x56,0xB6,0xD8,
  0x00,0x00,0x00,0x00,0x00,0x00,0x00,0x00,0x00,0x00,0x00,0x00,
  0x00,0x00,0x00,0x00,0x00,0x00,0x00,0x00,0x00,0x00,0x00,0x00,
  0x00,0x00,0x00,0x00,0x00,0x00,0x00,0x00,0x00,0x00,0x00,0x00,
  0x00,0x00,0x00,0x00,0x00,0x00,0x00,0x00,0x00,0x00,0x00,0x00,
  0x00,0x00,0x00,0x00,0x00,0x00,0x00,0x00,0x00,0x00,0x00,0x00,
  0x01,0xE0,0x24,0x01,0x0A,0xBB,0xDB,0x70,0x00,0x00,0x00,0x00,
  0x00,0x00,0x00,0x00,0x00,0x00,0x00,0x00,0x00,0x00,0x00,0x00,
  0x00,0x00,0x00,0x00,0x00,0x00,0x00,0x00,0x00,0x00,0x00,0x00,
  0x00,0x00,0x00,0x00,0x00,0x00,0x00,0x00,0x00,0x00,0x00,0x00,
  0x00,0x00,0x00,0x00,0x00,0x00,0x00,0x00,0x00,0x00,0x00,0x00,
  0x00,0x00,0x00,0x00,0x00,0x00,0x00,0x00,0x01,0xC1,0x00,0x90,
  0x41,0x6D,0x56,0xD0,0x00,0x00,0x00,0x00,0x00,0x00,0x00,0x00,
  0x00,0x00,0x00,0x00,0x00,0x00,0x00,0x00,0x00,0x00,0x00,0x00,
  0x00,0x00,0x00,0x00,0x00,0x00,0x00,0x00,0x00,0x00,0x00,0x00,
  0x00,0x00,0x00,0x00,0x00,0x00,0x00,0x00,0x00,0x00,0x00,0x00,
  0x00,0x00,0x00,0x00,0x00,0x00,0x00,0x00,0x00,0x00,0x00,0x00,
  0x00,0x00,0x00,0x00,0x03,0xC0,0x24,0x05,0x2A,0xB5,0x7B,0x70,
  0x00,0x00,0x00,0x00,0x00,0x00,0x00,0x00,0x00,0x00,0x00,0x00,
  0x00,0x00,0x00,0x00,0x00,0x00,0x00,0x00,0x00,0x00,0x00,0x00,
  0x00,0x00,0x00,0x00,0x00,0x00,0x00,0x00,0x00,0x00,0x00,0x00,
  0x00,0x00,0x00,0x00,0x00,0x00,0x00,0x00,0x00,0x00,0x00,0x00,
  0x00,0x00,0x00,0x00,0x00,0x00,0x00,0x00,0x00,0x00,0x00,0x00,
  0x03,0x82,0x00,0x90,0x01,0x6D,0xAD,0xA0,0x00,0x00,0x00,0x00,
  0x00,0x00,0x00,0x00,0x00,0x00,0x00,0x00,0x00,0x00,0x00,0x00,
  0x00,0x00,0x00,0x00,0x00,0x00,0x00,0x00,0x00,0x00,0x00,0x00,
  0x00,0x00,0x00,0x00,0x00,0x00,0x00,0x00,0x00,0x00,0x00,0x00,
  0x00,0x00,0x00,0x00,0x00,0x00,0x00,0x00,0x00,0x00,0x00,0x00,
  0x00,0x00,0x00,0x00,0x00,0x00,0x00,0x00,0x07,0x80,0x92,0x02,
  0xAA,0xB6,0xD6,0xE0,0x00,0x00,0x00,0x00,0x00,0x00,0x00,0x00,
  0x00,0x00,0x00,0x00,0x00,0x00,0x00,0x00,0x00,0x00,0x00,0x00,
  0x00,0x00,0x00,0x00,0x00,0x00,0x00,0x00,0x00,0x00,0x00,0x00,
  0x00,0x00,0x00,0x00,0x00,0x00,0x00,0x00,0x00,0x00,0x00,0x00,
  0x00,0x00,0x00,0x00,0x00,0x00,0x00,0x00,0x00,0x00,0x00,0x00,
  0x00,0x00,0x00,0x00,0x07,0x08,0x00,0x48,0x00,0x55,0x6B,0x40,
  0x00,0x00,0x00,0x00,0x00,0x00,0x00,0x00,0x00,0x00,0x00,0x00,
  0x00,0x00,0x00,0x00,0x00,0x00,0x00,0x00,0x00,0x00,0x00,0x00,
  0x00,0x00,0x00,0x00,0x00,0x00,0x00,0x00,0x00,0x00,0x00,0x00,
  0x00,0x00,0x00,0x00,0x00,0x00,0x00,0x00,0x00,0x00,0x00,0x00,
  0x00,0x00,0x00,0x00,0x00,0x00,0x00,0x00,0x00,0x00,0x00,0x00,
  0x0F,0x02,0x49,0x01,0x55,0xD6,0xB5,0x40,0x00,0x00,0x00,0x00,
  0x00,0x00,0x00,0x00,0x00,0x00,0x00,0x00,0x00,0x00,0x00,0x00,
  0x00,0x00,0x00,0x00,0x00,0x00,0x00,0x00,0x00,0x00,0x00,0x00,
  0x00,0x00,0x00,0x00,0x00,0x00,0x00,0x00,0x00,0x00,0x00,0x00,
  0x00,0x00,0x00,0x00,0x00,0x00,0x00,0x00,0x00,0x00,0x00,0x00,
  0x00,0x00,0x00,0x00,0x00,0x00,0x00,0x00,0x1E,0x00,0x00,0x12,
  0x08,0x2B,0x5E,0xC0,0x00,0x00,0x00,0x00,0x00,0x00,0x00,0x00,
  0x00,0x00,0x00,0x00,0x00,0x00,0x00,0x00,0x00,0x00,0x00,0x00,
  0x00,0x00,0x00,0x00,0x00,0x00,0x00,0x00,0x00,0x00,0x00,0x00,
  0x00,0x00,0x00,0x00,0x00,0x00,0x00,0x00,0x00,0x00,0x00,0x00,
  0x00,0x00,0x00,0x00,0x00,0x00,0x00,0x00,0x00,0x00,0x00,0x00,
  0x00,0x00,0x00,0x00,0x1C,0x12,0x48,0x80,0xA5,0x95,0xAB,0x80,
  0x00,0x00,0x00,0x00,0x00,0x00,0x00,0x00,0x00,0x00,0x00,0x00,
  0x00,0x00,0x00,0x00,0x00,0x00,0x00,0x00,0x00,0x00,0x00,0x00,
  0x00,0x00,0x00,0x00,0x00,0x00,0x00,0x00,0x00,0x00,0x00,0x00,
  0x00,0x00,0x00,0x00,0x00,0x00,0x00,0x00,0x00,0x00,0x00,0x00,
  0x00,0x00,0x00,0x00,0x00,0x00,0x00,0x00,0x00,0x00,0x00,0x00,
  0x3C,0x00,0x02,0x14,0x11,0x16,0xDA,0xC0,0x00,0x00,0x00,0x00,
  0x00,0x00,0x00,0x00,0x00,0x00,0x00,0x00,0x00,0x00,0x00,0x00,
  0x00,0x00,0x00,0x00,0x00,0x00,0x00,0x00,0x00,0x00,0x00,0x00,
  0x00,0x00,0x00,0x00,0x00,0x00,0x00,0x00,0x00,0x00,0x00,0x00,
  0x00,0x00,0x00,0x00,0x00,0x00,0x00,0x00,0x00,0x00,0x00,0x00,
  0x00,0x00,0x00,0x00,0x00,0x00,0x00,0x00,0x38,0x49,0x20,0x42,
  0xA5,0x2A,0xAD,0x80,0x00,0x00,0x00,0x00,0x00,0x00,0x00,0x00,
  0x00,0x00,0x00,0x00,0x00,0x00,0x00,0x00,0x00,0x00,0x00,0x00,
  0x00,0x00,0x00,0x00,0x00,0x00,0x00,0x00,0x00,0x00,0x00,0x00,
  0x00,0x00,0x00,0x00,0x00,0x00,0x00,0x00,0x00,0x00,0x00,0x00,
  0x00,0x00,0x00,0x00,0x00,0x00,0x00,0x00,0x00,0x00,0x00,0x00,
  0x00,0x00,0x00,0x00,0x78,0x00,0x09,0x08,0x0A,0x45,0x75,0x80,
  0x00,0x00,0x00,0x00,0x00,0x00,0x00,0x00,0x00,0x00,0x00,0x00,
  0x00,0x00,0x00,0x00,0x00,0x00,0x00,0x00,0x00,0x00,0x00,0x00,
  0x00,0x00,0x00,0x00,0x00,0x00,0x00,0x00,0x00,0x00,0x00,0x00,
  0x00,0x00,0x00,0x00,0x00,0x00,0x00,0x00,0x00,0x00,0x00,0x00,
  0x00,0x00,0x00,0x00,0x00,0x00,0x00,0x00,0x00,0x00,0x00,0x00,
  0xF0,0x49,0x20,0x22,0xA2,0x15,0xAB,0x00,0x00,0x00,0x00,0x00,
  0x00,0x00,0x00,0x00,0x00,0x00,0x00,0x00,0x00,0x00,0x00,0x00,
  0x00,0x00,0x00,0x00,0x00,0x00,0x00,0x00,0x00,0x00,0x00,0x00,
  0x00,0x00,0x00,0x00,0x00,0x00,0x00,0x00,0x00,0x00,0x00,0x00,
  0x00,0x00,0x00,0x00,0x00,0x00,0x00,0x00,0x00,0x00,0x00,0x00,
  0x00,0x00,0x00,0x00,0x00,0x00,0x00,0x00,0xE1,0x00,0x04,0x88,
  0x15,0x42,0xB5,0x00,0x00,0x00,0x00,0x00,0x00,0x00,0x00,0x00,
  0x00,0x00,0x00,0x00,0x00,0x00,0x00,0x00,0x00,0x00,0x00,0x00,
  0x00,0x00,0x00,0x00,0x00,0x00,0x00,0x00,0x00,0x00,0x00,0x00,
  0x00,0x00,0x00,0x00,0x00,0x00,0x00,0x00,0x00,0x00,0x00,0x00,
  0x00,0x00,0x00,0x00,0x00,0x00,0x00,0x00,0x00,0x00,0x00,0x00,
  0x00,0x00,0x00,0x01,0xE0,0x24,0x90,0x22,0x84,0x95,0x5F,0x00,
  0x00,0x00,0x00,0x00,0x00,0x00,0x00,0x00,0x00,0x00,0x00,0x00,
  0x00,0x00,0x00,0x00,0x00,0x00,0x00,0x00,0x00,0x00,0x00,0x00,
  0x00,0x00,0x00,0x00,0x00,0x00,0x00,0x00,0x00,0x00,0x00,0x00,
  0x00,0x00,0x00,0x00,0x00,0x00,0x00,0x00,0x00,0x00,0x00,0x00,
  0x00,0x00,0x00,0x00,0x00,0x00,0x00,0x00,0x00,0x00,0x00,0x01,
  0xC0,0x80,0x02,0x08,0x54,0x21,0xAA,0x00,0x00,0x00,0x00,0x00,
  0x00,0x00,0x00,0x00,0x00,0x00,0x00,0x00,0x00,0x00,0x00,0x00,
  0x00,0x00,0x00,0x00,0x00,0x00,0x00,0x00,0x00,0x00,0x00,0x00,
  0x00,0x00,0x00,0x00,0x00,0x00,0x00,0x00,0x00,0x00,0x00,0x00,
  0x00,0x00,0x00,0x00,0x00,0x00,0x00,0x00,0x00,0x00,0x00,0x00,
  0x00,0x00,0x00,0x00,0x00,0x00,0x00,0x02,0x42,0x12,0x48,0xA2,
  0x89,0x4A,0xB6,0x00,0x00,0x00,0x00,0x00,0x00,0x00,0x00,0x00,
  0x00,0x00,0x00,0x00,0x00,0x00,0x00,0x00,0x00,0x00,0x00,0x00,
  0x00,0x00,0x00,0x00,0x00,0x00,0x00,0x00,0x00,0x00,0x00,0x00,
  0x00,0x00,0x00,0x00,0x00,0x00,0x00,0x00,0x00,0x00,0x00,0x00,
  0x00,0x00,0x00,0x00,0x00,0x00,0x00,0x00,0x00,0x00,0x00,0x00,
  0x00,0x00,0x00,0x02,0x00,0x00,0x00,0x08,0x58,0x88,0xD6,0x00,
  0x00,0x00,0x00,0x00,0x00,0x00,0x00,0x00,0x00,0x00,0x00,0x00,
  0x00,0x00,0x00,0x00,0x00,0x00,0x00,0x00,0x00,0x00,0x00,0x00,
  0x00,0x00,0x00,0x00,0x00,0x00,0x00,0x00,0x00,0x00,0x00,0x00,
  0x00,0x00,0x00,0x00,0x00,0x00,0x00,0x00,0x00,0x00,0x00,0x00,
  0x00,0x00,0x00,0x00,0x00,0x00,0x00,0x00,0x00,0x00,0x00,0x04,
  0x09,0x24,0x92,0xA2,0x12,0x22,0x5A,0x00,0x00,0x00,0x00,0x00,
  0x00,0x00,0x00,0x00,0x00,0x00,0x00,0x00,0x00,0x00,0x00,0x00,
  0x00,0x00,0x00,0x00,0x00,0x00,0x00,0x00,0x00,0x00,0x00,0x00,
  0x00,0x00,0x00,0x00,0x00,0x00,0x00,0x00,0x00,0x00,0x00,0x00,
  0x00,0x00,0x00,0x00,0x00,0x00,0x00,0x00,0x00,0x00,0x00,0x00,
  0x00,0x00,0x00,0x00,0x00,0x00,0x00,0x08,0x00,0x00,0x00,0x09,
  0x51,0x49,0x54,0x00,0x00,0x00,0x00,0x00,0x00,0x00,0x00,0x00,
  0x00,0x00,0x00,0x00,0x00,0x00,0x00,0x00,0x00,0x00,0x00,0x00,
  0x00,0x00,0x00,0x00,0x00,0x00,0x00,0x00,0x00,0x00,0x00,0x00,
  0x00,0x00,0x00,0x00,0x00,0x00,0x00,0x00,0x00,0x00,0x00,0x00,
  0x00,0x00,0x00,0x00,0x00,0x00,0x00,0x00,0x00,0x00,0x00,0x00,
  0x00,0x00,0x00,0x08,0x09,0x24,0x92,0x44,0x2A,0x14,0x5C,0x00,
  0x00,0x00,0x00,0x00,0x00,0x00,0x00,0x00,0x00,0x00,0x00,0x00,
  0x00,0x00,0x00,0x00,0x00,0x00,0x00,0x00,0x00,0x00,0x00,0x00,
  0x00,0x00,0x00,0x00,0x00,0x00,0x00,0x00,0x00,0x00,0x00,0x00,
  0x00,0x00,0x00,0x00,0x00,0x00,0x00,0x00,0x00,0x00,0x00,0x00,
  0x00,0x00,0x00,0x00,0x00,0x00,0x00,0x00,0x00,0x00,0x00,0x10,
  0x00,0x00,0x01,0x11,0x24,0xA2,0x94,0x00,0x00,0x00,0x00,0x00,
  0x00,0x00,0x00,0x00,0x00,0x00,0x00,0x00,0x00,0x00,0x00,0x00,
  0x00,0x00,0x00,0x00,0x00,0x00,0x00,0x00,0x00,0x00,0x00,0x00,
  0x00,0x00,0x00,0x00,0x00,0x00,0x00,0x00,0x00,0x00,0x00,0x00,
  0x00,0x00,0x00,0x00,0x00,0x00,0x00,0x00,0x00,0x00,0x00,0x00,
  0x00,0x00,0x00,0x00,0x00,0x00,0x00,0x20,0x24,0x92,0x48,0x44,
  0xA8,0x08,0x48,0x00,0x00,0x00,0x00,0x00,0x00,0x00,0x00,0x00,
  0x00,0x00,0x00,0x00,0x00,0x00,0x00,0x00,0x00,0x00,0x00,0x00,
  0x00,0x00,0x00,0x00,0x00,0x00,0x07,0x00,0x00,0x00,0x00,0x00,
  0x00,0x00,0x00,0x00,0x00,0x00,0x00,0x00,0x00,0x00,0x00,0x00,
  0x00,0x00,0x00,0x00,0x00,0x00,0x00,0x00,0x00,0x00,0x00,0x00,
  0x00,0x00,0x00,0x20,0x00,0x00,0x05,0x12,0x42,0xA5,0x28,0x00,
  0x00,0x00,0x00,0x00,0x00,0x00,0x00,0x00,0x00,0x00,0x00,0x00,
  0x00,0x00,0x00,0x00,0x00,0x00,0x00,0x00,0x00,0x00,0x00,0x00,
  0x00,0x00,0x05,0x00,0x00,0x00,0x00,0x00,0x00,0x00,0x00,0x00,
  0x00,0x00,0x00,0x00,0x00,0x00,0x00,0x00,0x00,0x00,0x00,0x00,
  0x00,0x00,0x00,0x00,0x00,0x00,0x00,0x00,0x00,0x00,0x00,0x40,
  0x49,0x24,0xA0,0x44,0xD4,0x48,0x98,0x00,0x00,0x00,0x00,0x00,
  0x00,0x00,0x00,0x00,0x00,0x00,0x00,0x00,0x00,0x00,0x00,0x00,
  0x00,0x00,0x00,0x00,0x00,0x00,0x00,0x00,0x00,0x00,0x0E,0x00,
  0x00,0x00,0x00,0x00,0x00,0x00,0x00,0x00,0x00,0x00,0x00,0x00,
  0x00,0x00,0x00,0x00,0x00,0x00,0x00,0x00,0x00,0x00,0x00,0x00,
  0x00,0x00,0x00,0x00,0x00,0x00,0x00,0x80,0x00,0x00,0x09,0x10,
  0x82,0x25,0x20,0x00,0x00,0x00,0x00,0x00,0x00,0x00,0x00,0x00,
  0x00,0x00,0x00,0x00,0x00,0x00,0x00,0x00,0x00,0x00,0x00,0x00,
  0x00,0x00,0x00,0x00,0x00,0x00,0x0B,0x00,0x00,0x00,0x00,0x00,
  0x00,0x00,0x00,0x00,0x00,0x00,0x00,0x00,0x00,0x00,0x00,0x00,
  0x00,0x00,0x00,0x00,0x00,0x00,0x00,0x00,0x00,0x00,0x00,0x00,
  0x00,0x00,0x00,0x80,0x92,0x49,0x22,0x44,0xA9,0x42,0x50,0x00,
  0x00,0x00,0x00,0x00,0x00,0x00,0x00,0x00,0x00,0x00,0x00,0x00,
  0x00,0x00,0x00,0x00,0x00,0x00,0x00,0x00,0x00,0x00,0x00,0x00,
  0x00,0x00,0x16,0x00,0x00,0x00,0x00,0x00,0x00,0x00,0x00,0x00,
  0x00,0x00,0x00,0x00,0x00,0x00,0x00,0x00,0x00,0x00,0x00,0x00,
  0x00,0x00,0x00,0x00,0x00,0x00,0x00,0x00,0x00,0x00,0x01,0x00,
  0x00,0x00,0x08,0x12,0x84,0x28,0x90,0x00,0x00,0x00,0x00,0x00,
  0x00,0x00,0x00,0x00,0x00,0x00,0x00,0x00,0x00,0x00,0x00,0x00,
  0x00,0x00,0x00,0x00,0x00,0x00,0x00,0x00,0x00,0x00,0x1E,0x00,
  0x00,0x00,0x00,0x00,0x00,0x00,0x00,0x00,0x00,0x00,0x00,0x00,
  0x00,0x00,0x00,0x00,0x00,0x00,0x00,0x00,0x00,0x00,0x00,0x00,
  0x00,0x00,0x00,0x00,0x00,0x00,0x02,0x02,0x49,0x24,0xA2,0xA5,
  0x21,0x12,0x20,0x00,0x00,0x00,0x00,0x00,0x00,0x00,0x00,0x00,
  0x00,0x00,0x00,0x00,0x00,0x00,0x00,0x00,0x00,0x00,0x00,0x00,
  0x00,0x00,0x00,0x00,0x00,0x00,0x37,0x00,0x00,0x00,0x00,0x00,
  0x00,0x00,0x00,0x00,0x00,0x00,0x00,0x00,0x00,0x00,0x00,0x00,
  0x00,0x00,0x00,0x00,0x00,0x00,0x00,0x00,0x00,0x00,0x00,0x00,
  0x00,0x00,0x02,0x00,0x00,0x00,0x00,0x09,0x14,0xA5,0x60,0x00,
  0x00,0x00,0x00,0x00,0x00,0x00,0x00,0x00,0x00,0x00,0x00,0x00,
  0x00,0x00,0x00,0x00,0x00,0x00,0x00,0x00,0x00,0x00,0x00,0x00,
  0x00,0x00,0x1E,0x00,0x00,0x00,0x00,0x00,0x00,0x00,0x00,0x00,
  0x00,0x00,0x00,0x00,0x00,0x00,0x00,0x00,0x00,0x00,0x00,0x00,
  0x00,0x00,0x00,0x00,0x00,0x00,0x00,0x00,0x00,0x00,0x04,0x02,
  0x49,0x25,0x2A,0xA2,0xA2,0x10,0xA0,0x00,0x00,0x00,0x00,0x00,
  0x00,0x00,0x00,0x00,0x00,0x00,0x00,0x00,0x00,0x00,0x00,0x00,
  0x00,0x00,0x00,0x00,0x00,0x00,0x00,0x00,0x00,0x00,0x3F,0x00,
  0x00,0x00,0x00,0x00,0x00,0x00,0x00,0x00,0x00,0x00,0x00,0x00,
  0x00,0x00,0x00,0x00,0x00,0x00,0x00,0x00,0x00,0x00,0x00,0x00,
  0x00,0x00,0x00,0x00,0x00,0x00,0x08,0x08,0x00,0x00,0x00,0x12,
  0x09,0x4A,0x40,0x00,0x00,0x00,0x00,0x00,0x00,0x00,0x00,0x00,
  0x00,0x00,0x00,0x00,0x00,0x00,0x00,0x00,0x00,0x00,0x00,0x00,
  0x00,0x00,0x00,0x00,0x00,0x00,0x3E,0x00,0x00,0x00,0x00,0x00,
  0x00,0x00,0x00,0x00,0x00,0x00,0x00,0x00,0x00,0x00,0x00,0x00,
  0x00,0x00,0x00,0x00,0x00,0x00,0x00,0x00,0x00,0x00,0x00,0x00,
  0x00,0x00,0x08,0x01,0x24,0x91,0x55,0x4A,0xA4,0x25,0x40,0x00,
  0x00,0x00,0x00,0x00,0x00,0x00,0x00,0x00,0x00,0x00,0x00,0x00,
  0x00,0x00,0x00,0x00,0x00,0x00,0x00,0x00,0x00,0x00,0x01,0x00,
  0x00,0x00,0x7E,0x00,0x00,0x00,0x00,0x00,0x00,0x00,0x00,0x00,
  0x00,0x00,0x00,0x00,0x00,0x00,0x00,0x00,0x00,0x00,0x00,0x00,
  0x00,0x00,0x00,0x00,0x00,0x00,0x00,0x00,0x00,0x00,0x10,0x04,
  0x00,0x04,0x00,0x24,0x11,0x48,0x40,0x00,0x00,0x00,0x00,0x00,
  0x00,0x00,0x00,0x00,0x00,0x00,0x00,0x00,0x00,0x00,0x00,0x00,
  0x00,0x00,0x00,0x00,0x00,0x00,0x03,0x80,0x00,0x00,0x7E,0x00,
  0x00,0x00,0x00,0x00,0x00,0x00,0x00,0x00,0x00,0x00,0x00,0x00,
  0x00,0x00,0x00,0x00,0x00,0x00,0x00,0x00,0x00,0x00,0x00,0x00,
  0x00,0x00,0x00,0x00,0x00,0x00,0x20,0x20,0x49,0x20,0x95,0x4D,
  0x44,0x92,0x80,0x00,0x00,0x00,0x00,0x00,0x00,0x00,0x00,0x00,
  0x00,0x00,0x00,0x00,0x00,0x00,0x00,0x00,0x00,0x00,0x00,0x00,
  0x00,0x00,0x06,0x00,0x00,0x00,0x7E,0x00,0x00,0x00,0x00,0x00,
  0x00,0x00,0x00,0x00,0x00,0x00,0x00,0x00,0x00,0x00,0x00,0x00,
  0x00,0x00,0x00,0x00,0x00,0x00,0x00,0x00,0x00,0x00,0x00,0x00,
  0x00,0x00,0x20,0x04,0x00,0x04,0x20,0x08,0x22,0x24,0x80,0x00,
  0x00,0x00,0x00,0x00,0x00,0x00,0x00,0x00,0x00,0x00,0x00,0x00,
  0x00,0x00,0x00,0x00,0x00,0x00,0x00,0x00,0x00,0x00,0x0B,0x00,
  0x00,0x00,0x7E,0x00,0x00,0x00,0x00,0x00,0x00,0x00,0x00,0x00,
  0x00,0x00,0x00,0x00,0x00,0x00,0x00,0x00,0x00,0x00,0x00,0x00,
  0x00,0x00,0x00,0x00,0x00,0x00,0x00,0x00,0x00,0x00,0x40,0x21,
  0x24,0x91,0x0A,0xA9,0x14,0x92,0x80,0x00,0x00,0x00,0x00,0x00,
  0x00,0x00,0x00,0x00,0x00,0x00,0x00,0x00,0x00,0x00,0x00,0x00,
  0x00,0x00,0x00,0x00,0x00,0x00,0x0B,0x00,0x00,0x00,0x6E,0x00,
  0x00,0x00,0x00,0x00,0x00,0x00,0x00,0x00,0x00,0x00,0x00,0x00,
  0x00,0x00,0x05,0x48,0x00,0x00,0x00,0x00,0x00,0x00,0x00,0x00,
  0x00,0x00,0x00,0x00,0x00,0x00,0x80,0x84,0x00,0x00,0xA0,0x12,
  0x42,0x49,0x00,0x00,0x00,0x00,0x00,0x00,0x00,0x00,0x00,0x00,
  0x00,0x00,0x00,0x00,0x00,0x00,0x00,0x00,0x00,0x00,0x00,0x00,
  0x00,0x00,0x1F,0x00,0x00,0x00,0x7E,0x02,0x00,0x00,0x00,0x00,
  0x00,0x00,0x00,0x00,0x00,0x00,0x00,0x00,0x00,0x05,0xF5,0x37,
  0xD4,0x00,0x00,0x00,0x00,0x00,0x00,0x00,0x00,0x00,0x00,0x00,
  0x00,0x00,0x80,0x10,0x49,0x24,0x0A,0xB4,0x94,0x93,0x00,0x00,
  0x00,0x00,0x00,0x00,0x00,0x00,0x00,0x00,0x00,0x00,0x00,0x00,
  0x00,0x00,0x00,0x00,0x00,0x00,0x00,0x00,0x00,0x00,0x1F,0x00,
  0x00,0x00,0x7F,0x0F,0x00,0x00,0x00,0x00,0x00,0x00,0x00,0x00,
  0x00,0x00,0x00,0x00,0x00,0xB8,0x00,0x00,0x0B,0x40,0x00,0x00,
  0x00,0x00,0x00,0x00,0x00,0x00,0x00,0x00,0x00,0x01,0x01,0x01,
  0x00,0x02,0xA0,0x10,0x42,0x49,0x00,0x00,0x00,0x00,0x00,0x00,
  0x00,0x00,0x00,0x00,0x00,0x00,0x00,0x00,0x00,0x00,0x00,0x00,
  0x00,0x00,0x00,0x00,0x00,0x00,0x3E,0x00,0x00,0x00,0x7E,0x1A,
  0x00,0x00,0x00,0x00,0x00,0x00,0x00,0x00,0x00,0x00,0x00,0x00,
  0x17,0xC1,0x00,0x82,0x20,0x58,0x00,0x00,0x00,0x00,0x00,0x00,
  0x00,0x00,0x00,0x00,0x00,0x02,0x00,0x24,0x12,0x50,0x0A,0xA5,
  0x29,0x25,0x00,0x00,0x00,0x00,0x00,0x00,0x00,0x00,0x00,0x00,
  0x00,0x00,0x00,0x00,0x00,0x00,0x00,0x00,0x00,0x00,0x00,0x00,
  0x00,0x00,0x3B,0x00,0x00,0x00,0x7F,0x16,0x00,0x00,0x00,0x00,
  0x00,0x00,0x00,0x00,0x00,0x00,0x00,0x03,0xFF,0x95,0xB6,0xB5,
  0xDB,0xF0,0x00,0x00,0x00,0x00,0x00,0x00,0x00,0x00,0x00,0x00,
  0x00,0x02,0x02,0x00,0x40,0x05,0x40,0x50,0x84,0x92,0x00,0x00,
  0x00,0x00,0x00,0x00,0x00,0x00,0x00,0x00,0x00,0x00,0x00,0x00,
  0x00,0x00,0x00,0x00,0x00,0x00,0x00,0x00,0x00,0x10,0x3F,0x00,
  0x00,0x00,0x7E,0x3E,0x00,0x00,0x00,0x00,0x00,0x00,0x00,0x00,
  0x00,0x00,0x00,0x7F,0xFF,0xFE,0xDB,0xDE,0xEF,0xA0,0x00,0x00,
  0x00,0x00,0x00,0x00,0x00,0x00,0x00,0x00,0x00,0x0C,0x00,0x91,
  0x04,0x90,0x2A,0x44,0x52,0x4A,0x00,0x00,0x00,0x00,0x00,0x00,
  0x00,0x00,0x00,0x00,0x00,0x00,0x00,0x00,0x00,0x00,0x00,0x00,
  0x00,0x00,0x00,0x00,0x00,0x18,0x7E,0x00,0x00,0x00,0x7E,0x7E,
  0x00,0x00,0x00,0x00,0x00,0x00,0x00,0x00,0x00,0x00,0x17,0xFD,
  0xFF,0xF7,0xFE,0xF7,0xFE,0x00,0x00,0x00,0x00,0x00,0x00,0x00,
  0x00,0x00,0x00,0x00,0x00,0x10,0x08,0x04,0x10,0x05,0x02,0xD2,
  0x89,0x24,0x00,0x00,0x00,0x00,0x00,0x00,0x00,0x00,0x00,0x00,
  0x00,0x00,0x00,0x00,0x00,0x00,0x00,0x00,0x00,0x00,0x00,0x00,
  0x00,0x38,0x7E,0x00,0x00,0x00,0x77,0x7E,0x00,0x00,0x00,0x00,
  0x00,0x00,0x00,0x00,0x00,0x01,0xFF,0xDF,0xFF,0xDA,0xD7,0xBE,
  0xA8,0x00,0x00,0x00,0x00,0x00,0x00,0x00,0x00,0x00,0x00,0x00,
  0x00,0x20,0x02,0x40,0x41,0x20,0xA8,0x84,0x24,0x94,0x00,0x00,
  0x00,0x00,0x00,0x00,0x00,0x00,0x00,0x00,0x00,0x00,0x00,0x00,
  0x00,0x00,0x00,0x00,0x00,0x00,0x00,0x00,0x00,0x28,0x7E,0x00,
  0x00,0x00,0x7E,0xFC,0x00,0x00,0x00,0x00,0x00,0x00,0x00,0x00,
  0x00,0x5F,0xFF,0xFF,0xF5,0x6F,0x7A,0xEB,0xE0,0x00,0x00,0x00,
  0x00,0x00,0x00,0x00,0x00,0x00,0x00,0x00,0x00,0xC0,0x08,0x11,
  0x04,0x14,0x04,0xA1,0x48,0x44,0x00,0x00,0x00,0x00,0x00,0x00,
  0x00,0x00,0x00,0x00,0x00,0x00,0x00,0x00,0x00,0x00,0x00,0x00,
  0x00,0x00,0x00,0x00,0x00,0x38,0x76,0x00,0x00,0x00,0x7F,0x7C,
  0x00,0x00,0x00,0x00,0x00,0x00,0x00,0x00,0x0B,0xFF,0x7F,0xFF,
  0xBD,0xB5,0xAF,0xBE,0x80,0x00,0x00,0x00,0x00,0x00,0x00,0x00,
  0x00,0x00,0x00,0x00,0x03,0x00,0x00,0x84,0x10,0x82,0xA9,0x94,
  0x22,0x94,0x00,0x00,0x00,0x00,0x00,0x00,0x00,0x00,0x00,0x00,
  0x00,0x00,0x00,0x00,0x00,0x00,0x00,0x00,0x00,0x00,0x00,0x00,
  0x00,0x5C,0x7E,0x00,0x00,0x00,0x3F,0xFC,0x00,0x00,0x00,0x00,
  0x00,0x00,0x00,0x01,0x7F,0xF7,0xFF,0xFA,0xD6,0xD5,0x7A,0xE8,
  0x00,0x00,0x00,0x00,0x00,0x00,0x00,0x00,0x00,0x00,0x00,0x00,
  0x38,0x00,0x22,0x00,0x42,0x28,0x05,0x02,0x94,0x48,0x00,0x00,
  0x00,0x00,0x00,0x00,0x00,0x00,0x00,0x00,0x00,0x00,0x00,0x00,
  0x00,0x00,0x00,0x00,0x00,0x00,0x00,0x00,0x00,0x7C,0x7E,0x00,
  0x00,0x00,0x7F,0xF8,0x00,0x00,0x00,0x00,0x00,0x00,0x00,0x3F,
  0xFE,0xFF,0xFE,0xAF,0x6B,0x6F,0xEF,0xB0,0x00,0x00,0x00,0x00,
  0x00,0x00,0x00,0x00,0x00,0x00,0x00,0x03,0xD5,0x20,0x08,0x22,
  0x00,0x82,0xA9,0x54,0x42,0xA8,0x00,0x00,0x00,0x00,0x00,0x00,
  0x00,0x00,0x00,0x00,0x00,0x00,0x00,0x00,0x00,0x00,0x00,0x00,
  0x00,0x00,0x00,0x00,0x00,0x3C,0xFE,0x00,0x00,0x04,0x3F,0xFC,
  0x00,0x00,0x00,0x00,0x80,0x00,0x07,0xFF,0xBF,0xFF,0xF5,0xF5,
  0xBD,0xBB,0xBE,0x80,0x00,0x00,0x00,0x00,0x00,0x00,0x00,0x00,
  0x00,0x00,0x00,0x3C,0x00,0x04,0x40,0x88,0x28,0x28,0x12,0x02,
  0x94,0x18,0x00,0x00,0x00,0x00,0x00,0x00,0x00,0x00,0x00,0x00,
  0x00,0x00,0x00,0x00,0x00,0x00,0x00,0x00,0x00,0x00,0x00,0x00,
  0x00,0x7C,0x7C,0x00,0x00,0x0C,0x7F,0xF8,0x00,0x00,0x00,0x03,
  0x44,0x00,0xBF,0xD5,0xFF,0xFF,0xBB,0x55,0x55,0x7E,0xF7,0x00,
  0x00,0x00,0x00,0x00,0x00,0x00,0x00,0x00,0x00,0x00,0x02,0xC0,
  0x00,0x08,0x04,0x00,0x82,0x82,0xA5,0x50,0x49,0x50,0x00,0x00,
  0x00,0x00,0x00,0x00,0x00,0x00,0x00,0x00,0x00,0x00,0x00,0x00,
  0x00,0x00,0x00,0x00,0x00,0x00,0x00,0x00,0x00,0x7E,0xFE,0x00,
  0x00,0x06,0x3F,0xF8,0x00,0x01,0x5F,0xFE,0xFB,0xFF,0xFD,0x7F,
  0xFF,0xFA,0xD6,0xBF,0xFF,0xEF,0xBC,0x00,0x00,0x00,0x00,0x00,
  0x00,0x00,0x00,0x00,0x00,0x00,0x1A,0x00,0x00,0x40,0x90,0x44,
  0x08,0x28,0x04,0x0A,0x92,0x90,0x00,0x00,0x00,0x00,0x00,0x00,
  0x00,0x00,0x00,0x00,0x00,0x00,0x00,0x00,0x00,0x00,0x00,0x00,
  0x00,0x00,0x00,0x00,0x00,0x7E,0x7C,0x00,0x00,0x0B,0x3F,0xB0,
  0x02,0xFE,0x80,0x00,0x00,0x0F,0xF7,0xFF,0xFF,0xAF,0x6B,0x6A,
  0xAA,0xBA,0xD6,0x00,0x00,0x00,0x00,0x00,0x00,0x00,0x00,0x00,
  0x00,0x01,0xC0,0x00,0x02,0x10,0x01,0x10,0x82,0x42,0xA5,0x51,
  0x24,0x50,0x00,0x00,0x00,0x00,0x00,0x00,0x00,0x00,0x00,0x00,
  0x00,0x00,0x00,0x00,0x00,0x00,0x00,0x00,0x00,0x00,0x00,0x00,
  0x00,0x3E,0xFC,0x00,0x00,0x0F,0x3F,0xF8,0xBE,0x00,0x00,0x00,
  0x01,0x1D,0xFF,0xFF,0xFA,0xD5,0x5A,0xFF,0x7F,0xDF,0xF9,0x80,
  0x00,0x00,0x00,0x00,0x00,0x00,0x00,0x00,0x00,0x1E,0x00,0x00,
  0x20,0x42,0x44,0x00,0x20,0x88,0x4C,0x0A,0x12,0xA0,0x00,0x00,
  0x00,0x00,0x00,0x00,0x00,0x00,0x00,0x00,0x00,0x00,0x00,0x00,
  0x00,0x00,0x00,0x00,0x00,0x00,0x00,0x00,0x00,0x3E,0x7E,0x00,
  0x00,0x0F,0xBF,0xFB,0x80,0x00,0x00,0x00,0x00,0x3F,0xFF,0xFF,
  0xAD,0xB5,0xAF,0xAB,0xAA,0xB5,0x48,0x80,0x00,0x00,0x00,0x00,
  0x00,0x00,0x00,0x00,0x01,0x60,0x00,0x02,0x09,0x10,0x00,0x44,
  0x8A,0x22,0x91,0x50,0xA4,0x20,0x00,0x00,0x00,0x00,0x00,0x00,
  0x00,0x00,0x00,0x00,0x00,0x00,0x00,0x00,0x00,0x00,0x00,0x00,
  0x00,0x00,0x00,0x00,0x00,0x3F,0x7C,0x04,0x00,0x0F,0xFF,0xF4,
  0x00,0x00,0x00,0x00,0x04,0xBF,0xFF,0xFD,0x76,0xD6,0xF5,0xDE,
  0xF6,0xEE,0xB4,0x60,0x00,0x00,0x00,0x00,0x00,0x00,0x00,0x00,
  0x0E,0x80,0x08,0x90,0x80,0x00,0x92,0x00,0x00,0x88,0x2A,0x05,
  0x12,0xA0,0x00,0x00,0x00,0x00,0x00,0x00,0x00,0x00,0x00,0x00,
  0x00,0x00,0x00,0x00,0x00,0x00,0x00,0x00,0x00,0x00,0x00,0x00,
  0x00,0x3F,0xFC,0x1C,0x00,0x1F,0xFF,0xF0,0x00,0x00,0x00,0x00,
  0x05,0xDF,0xFF,0xD7,0xAA,0xAD,0xBF,0x7F,0xDF,0xB5,0xDA,0xC0,
  0x00,0x00,0x00,0x00,0x00,0x00,0x00,0x00,0xF0,0x00,0x42,0x04,
  0x24,0x42,0x00,0x49,0x2A,0x22,0x94,0xA8,0xA4,0x40,0x00,0x00,
  0x00,0x00,0x00,0x00,0x00,0x00,0x00,0x00,0x00,0x00,0x00,0x00,
  0x00,0x00,0x00,0x00,0x00,0x00,0x00,0x00,0x00,0x3F,0x7C,0x34,
  0x0B,0xEF,0xFD,0xE0,0x00,0x00,0x00,0x04,0x46,0xEF,0xF5,0x6A,
  0xD5,0x7F,0xED,0xF6,0xFB,0x7F,0xFD,0x00,0x00,0x00,0x00,0x00,
  0x00,0x00,0x00,0x0F,0x00,0x04,0x08,0x20,0x00,0x88,0x24,0x00,
  0x00,0x88,0x50,0x04,0x12,0xC0,0x00,0x00,0x00,0x00,0x00,0x00,
  0x00,0x00,0x00,0x00,0x00,0x00,0x00,0x00,0x00,0x00,0x00,0x00,
  0x00,0x00,0x00,0x00,0x28,0x1D,0xFC,0x7D,0xE8,0x0F,0xBF,0xE0,
  0x00,0x00,0x00,0x11,0x13,0x5F,0xAF,0xBD,0x7F,0xAA,0xBB,0x5B,
  0x5D,0x80,0x00,0x00,0x00,0x00,0x70,0x00,0x00,0x00,0x00,0xE0,
  0x00,0x90,0x80,0x84,0x92,0x20,0x81,0x24,0xAA,0x22,0x25,0x52,
  0xA8,0x40,0x00,0x00,0x00,0x00,0x00,0x00,0x00,0x00,0x00,0x00,
  0x00,0x00,0x00,0x00,0x00,0x09,0x24,0x92,0x49,0x22,0x44,0x42,
  0x4C,0x1F,0xFD,0xFD,0x00,0x7E,0xF7,0xF0,0x00,0x00,0x4A,0x44,
  0x41,0xFA,0xF5,0x6B,0xAA,0xFF,0x6E,0xED,0xEA,0x60,0x00,0x00,
  0x00,0x00,0x90,0x00,0x00,0x00,0x2F,0x00,0x14,0x42,0x2A,0x20,
  0x00,0x82,0x04,0x00,0x00,0x89,0x20,0x24,0x45,0x40,0x00,0x00,
  0x00,0x00,0x00,0x00,0x00,0x00,0x00,0x00,0x00,0x00,0x00,0x00,
  0x17,0xF5,0xB6,0xAA,0xAA,0xAD,0x5B,0x5D,0xB7,0xEB,0x55,0x6A,
  0xBF,0xFF,0xBF,0xF0,0x02,0x92,0x00,0x11,0x14,0xBF,0x5D,0xBE,
  0xF6,0xAF,0xD5,0xB7,0x5C,0x15,0x55,0x55,0x55,0x55,0x55,0x49,
  0x24,0xAF,0xA0,0x09,0x42,0x10,0x80,0x8A,0x49,0x00,0x20,0x49,
  0x49,0x24,0xAA,0x89,0x22,0x80,0x00,0x00,0x00,0x00,0x00,0x00,
  0x00,0x00,0x00,0x00,0x00,0x00,0x00,0x02,0xD0,0x00,0x00,0x00,
  0x00,0x00,0x00,0x00,0x00,0x00,0x00,0x00,0x01,0xD5,0xEF,0xF0,
  0x08,0x00,0x92,0x94,0x00,0xD5,0xF7,0xEB,0x5F,0xFE,0xFD,0x5D,
  0xEB,0x1A,0xAA,0xAA,0xAA,0xAA,0xAA,0xAA,0xAA,0xA8,0xA9,0x44,
  0x08,0x04,0x12,0x20,0x02,0x12,0x02,0x00,0x04,0x10,0x40,0x44,
  0x94,0x80,0x00,0x00,0x00,0x00,0x00,0x00,0x00,0x00,0x00,0x00,
  0x00,0x00,0x00,0x1A,0x00,0x00,0x00,0x00,0x00,0x00,0x00,0x00,
  0x00,0x00,0x00,0x00,0x07,0x7F,0x7F,0xF0,0x40,0x92,0x00,0x01,
  0x52,0x6D,0x5D,0x7F,0xFB,0xBF,0xF7,0xF6,0xBE,0xE0,0x00,0x00,
  0x00,0x00,0x00,0x00,0x00,0x00,0x00,0x32,0xAA,0xA1,0x00,0x01,
  0x48,0x00,0x48,0x25,0x21,0x45,0x55,0x29,0x21,0x00,0x00,0x00,
  0x00,0x00,0x00,0x00,0x00,0x00,0x00,0x00,0x00,0x00,0x00,0xC0,
  0x00,0x00,0x00,0x00,0x00,0x00,0x00,0x00,0x00,0x00,0x00,0x00,
  0x07,0xDB,0xFF,0xF1,0x02,0x04,0x54,0xA8,0x04,0xB7,0x6B,0xAA,
  0xAE,0xEF,0xFF,0x7F,0xEB,0x00,0x00,0x00,0x00,0x00,0x00,0x00,
  0x00,0x00,0x00,0x00,0x00,0x9A,0xEA,0xA8,0x02,0x24,0x00,0x80,
  0x14,0x10,0x80,0x84,0x4A,0x80,0x00,0x00,0x00,0x00,0x00,0x00,
  0x00,0x00,0x00,0x00,0x00,0x00,0x05,0x00,0x00,0x00,0x00,0x00,
  0x00,0x00,0x00,0x00,0x00,0x00,0x00,0x00,0x0D,0xFF,0xF7,0xF0,
  0x28,0xA1,0x00,0x05,0x21,0x2A,0xB6,0xFF,0xF7,0x7F,0xDD,0xD0,
  0x00,0x00,0x00,0x00,0x00,0x00,0x00,0x00,0x00,0x00,0x00,0x00,
  0x00,0x00,0x00,0x05,0x59,0x10,0x84,0x12,0x41,0x4A,0x95,0x29,
  0x25,0x00,0x00,0x00,0x00,0x00,0x00,0x00,0x00,0x00,0x00,0x00,
  0x00,0x00,0x10,0x00,0x00,0x00,0x00,0x00,0x00,0x00,0x00,0x00,
  0x00,0x00,0x00,0x00,0x0F,0xFF,0xBF,0xF4,0x02,0x14,0x25,0x50,
  0x48,0x55,0xDB,0x4A,0x5A,0xAA,0xFE,0xF0,0x20,0x00,0x00,0x00,
  0x00,0x00,0x00,0x00,0x00,0x00,0x00,0x00,0x00,0x00,0x09,0x10,
  0x02,0xAA,0x50,0x80,0x14,0x11,0x40,0x42,0x4A,0x00,0x00,0x00,
  0x00,0x00,0x00,0x00,0x00,0x00,0x00,0x00,0x00,0x00,0x40,0x00,
  0x00,0x0A,0xA4,0x90,0x00,0x00,0x00,0x00,0x00,0x00,0x00,0x00,
  0x07,0xFF,0xFF,0xF2,0x48,0x80,0x88,0x05,0x05,0x1A,0xAA,0xB5,
  0xAB,0xBF,0xAE,0x1C,0x08,0x00,0x00,0x00,0x00,0x00,0x00,0x00,
  0x00,0x00,0x00,0x00,0x00,0x00,0x00,0x00,0x80,0x00,0x8A,0x55,
  0x21,0x44,0xAA,0x94,0x92,0x00,0x00,0x00,0x00,0x00,0x00,0x00,
  0x00,0x00,0x00,0x00,0x00,0x01,0x00,0x00,0x00,0x0A,0xAB,0x60,
  0x00,0x00,0x00,0x00,0x00,0x00,0x00,0x00,0x03,0xFF,0xFF,0xF5,
  0x01,0x12,0x22,0x90,0x50,0x56,0xDB,0x6E,0xDA,0xDE,0xFD,0xA6,
  0x02,0x00,0x00,0x00,0x00,0x00,0x00,0x00,0x00,0x00,0x00,0x00,
  0x00,0x00,0x00,0x02,0x10,0x00,0x00,0x22,0x94,0x21,0x20,0x21,
  0x26,0x00,0x00,0x00,0x00,0x00,0x00,0x00,0x00,0x00,0x00,0x00,
  0x00,0x02,0x00,0x00,0x00,0x10,0x00,0x10,0x00,0x00,0x00,0x00,
  0x00,0x00,0x00,0x00,0x01,0xFD,0xFF,0xF5,0x54,0x40,0x88,0x0A,
  0x05,0x0B,0x55,0xB5,0x6D,0x6F,0xFF,0x7A,0x40,0x80,0x00,0x00,
  0x00,0x00,0x00,0x00,0x00,0x00,0x00,0x00,0x00,0x00,0x00,0x00,
  0x04,0x92,0x22,0x00,0x05,0xAC,0x9B,0x55,0x54,0x00,0x00,0x00,
  0x00,0x00,0x00,0x00,0x00,0x00,0x00,0x00,0x00,0x08,0x00,0x00,
  0x00,0x10,0x00,0x08,0x00,0x00,0x00,0x00,0x00,0x00,0x00,0x00,
  0x00,0xFF,0xFF,0xFA,0xAA,0x95,0x22,0x44,0xA0,0x55,0x6E,0xAB,
  0x57,0xBF,0xFF,0xEC,0x10,0x20,0x00,0x00,0x00,0x00,0x00,0x00,
  0x00,0x00,0x00,0x00,0x00,0x00,0x00,0x00,0x00,0x00,0x00,0x44,
  0x20,0x02,0x5D,0x88,0x04,0x00,0x00,0x00,0x00,0x00,0x00,0x00,
  0x00,0x00,0x00,0x00,0x00,0x10,0x00,0x00,0x00,0x08,0x00,0x10,
  0x00,0x00,0x00,0x00,0x00,0x00,0x00,0x00,0x00,0x3F,0xFF,0xBE,
  0xA1,0x24,0x49,0x11,0x15,0x0B,0x55,0xB5,0xBA,0xFF,0xFF,0xF5,
  0x48,0x08,0x00,0x00,0x00,0x00,0x00,0x00,0x00,0x00,0x01,0x6A,
  0xB4,0x00,0x00,0x00,0x00,0x00,0x00,0x00,0x00,0x40,0x00,0x65,
  0x44,0x00,0x00,0x00,0x00,0x00,0x00,0x00,0x00,0x00,0x00,0x00,
  0x00,0x24,0x92,0x20,0x00,0x10,0x00,0x08,0x00,0x00,0x00,0x00,
  0x00,0x00,0x00,0x00,0x00,0x0F,0xFF,0xFD,0xAC,0x92,0x84,0xAA,
  0x48,0xAA,0xED,0x6E,0xEF,0xAF,0xFD,0x92,0x02,0x82,0x00,0x00,
  0x00,0x00,0x00,0x00,0x00,0x00,0x01,0x55,0x4A,0x00,0x00,0x00,
  0x00,0x00,0x00,0x00,0x01,0x08,0x01,0x02,0x2C,0x00,0x00,0x00,
  0x00,0x00,0x00,0x00,0x00,0x00,0x00,0x00,0x00,0xFF,0xDD,0xDF,
  0x00,0x00,0x00,0x08,0x00,0x00,0x00,0x00,0x00,0x00,0x00,0x00,
  0x00,0x03,0xFF,0xFE,0xD5,0x48,0x52,0x12,0xA5,0x25,0x5B,0xBB,
  0xBD,0xFF,0xFE,0xE9,0x50,0x20,0x80,0x00,0x00,0x00,0x00,0x00,
  0x00,0x00,0x02,0x00,0x02,0x00,0x00,0x00,0x00,0x00,0x00,0x00,
  0x00,0x00,0x44,0x08,0x03,0xC0,0x00,0x00,0x00,0x00,0x00,0x00,
  0x00,0x00,0x00,0x00,0x01,0xFF,0xBF,0xFE,0x00,0x10,0x00,0x08,
  0x00,0x00,0x00,0x00,0x00,0x00,0x00,0x00,0x00,0x00,0x7F,0xFF,
  0x76,0xB7,0x55,0x49,0x10,0x93,0x6E,0xEE,0xF7,0xFF,0xD7,0xA4,
  0xAA,0x88,0x00,0x00,0x00,0x00,0x00,0x00,0x00,0x00,0x01,0x00,
  0x02,0x00,0x00,0x00,0x00,0x00,0x00,0x00,0x00,0x00,0x00,0x00,
  0x03,0x78,0x00,0x00,0x00,0x00,0x00,0x00,0x00,0x00,0x00,0x00,
  0x03,0xFF,0x7F,0xFF,0x00,0x08,0x00,0x00,0x00,0x00,0x00,0x00,
  0x00,0x00,0x00,0x00,0x00,0x00,0x7F,0xFF,0xAD,0xD5,0x5A,0xED,
  0x6F,0x6D,0xFB,0xBB,0xFF,0x7D,0x7A,0xD5,0x15,0x52,0x40,0x00,
  0x00,0x00,0x00,0x00,0x00,0x00,0x01,0x00,0x00,0x00,0x00,0x00,
  0x00,0x00,0x00,0x00,0x00,0x00,0x00,0x00,0x01,0xAF,0x00,0x00,
  0x00,0x00,0x00,0x00,0x00,0x00,0x00,0x00,0x07,0xFF,0x7B,0xFE,
  0x00,0x00,0x00,0x08,0x00,0x00,0x00,0x00,0x00,0x00,0x00,0x00,
  0x00,0x00,0xFF,0xDE,0xFB,0xBB,0x6D,0x5B,0xB5,0xB7,0x5F,0xFF,
  0xFF,0xEF,0xDF,0x74,0xC8,0x89,0x00,0x00,0x00,0x00,0x00,0x00,
  0x00,0x00,0x01,0x00,0x02,0x00,0x00,0x00,0x00,0x00,0x00,0x00,
  0x00,0x00,0x00,0x00,0x01,0x2B,0xF0,0x00,0x00,0x00,0x00,0x00,
  0x00,0x00,0x00,0x00,0x1F,0xDC,0xFF,0xFF,0x00,0x10,0x00,0x08,
  0x00,0x00,0x00,0x00,0x00,0x00,0x00,0x00,0x00,0x00,0x7F,0xCF,
  0xAE,0xEE,0xF7,0xEE,0xDE,0xDF,0xFE,0xFF,0xDA,0xDA,0xEB,0xD2,
  0x55,0x55,0x00,0x00,0x00,0x00,0x00,0x00,0x00,0x00,0x00,0x00,
  0x02,0x00,0x00,0x00,0x00,0x00,0x00,0x00,0x00,0x00,0x00,0x00,
  0x01,0x00,0xBC,0x00,0x00,0x00,0x00,0x00,0x00,0x00,0x00,0x00,
  0x3F,0xFD,0xFF,0xFE,0x00,0x08,0x00,0x00,0x00,0x00,0x00,0x00,
  0x00,0x00,0x00,0x00,0x00,0x00,0xFF,0xC5,0x5F,0xFB,0xBD,0x7B,
  0xF7,0xFB,0xFF,0xED,0x6F,0x7F,0x7D,0x7A,0xAA,0x48,0x00,0x00,
  0x00,0x00,0x00,0x00,0x00,0x00,0x01,0x00,0x00,0x00,0x00,0x00,
  0x00,0x00,0x00,0x00,0x00,0x00,0x00,0x00,0x09,0x54,0x06,0x00,
  0x00,0x00,0x00,0x00,0x00,0x00,0x00,0x00,0x7F,0xFB,0xF7,0xFF,
  0x00,0x08,0x00,0x08,0x00,0x00,0x00,0x00,0x00,0x00,0x00,0x00,
  0x00,0x00,0xFF,0xC3,0x00,0x2F,0xF7,0xFF,0x7E,0xEF,0xB6,0xDF,
  0xBB,0xD5,0xAF,0xAA,0x95,0x20,0x00,0x00,0x00,0x00,0x00,0x00,
  0x00,0x00,0x01,0x00,0x02,0x00,0x00,0x00,0x00,0x01,0x25,0x24,
  0x92,0x22,0x48,0x01,0x21,0xAB,0xD2,0x00,0x00,0x00,0x00,0x00,
  0x00,0x00,0x00,0x00,0xFF,0xF7,0xFE,0xFF,0x00,0x10,0x00,0x08,
  0x00,0x00,0x00,0x00,0x00,0x00,0x00,0x00,0x00,0x00,0xFF,0xE0,
  0x00,0x00,0x09,0x57,0xD7,0x7A,0xDB,0xB5,0xED,0x7F,0xF5,0xFA,
  0xA8,0x00,0x00,0x00,0x00,0x00,0x00,0x00,0x00,0x00,0x00,0x00,
  0x01,0x00,0x00,0x00,0x11,0x24,0x00,0x00,0x00,0x80,0x01,0x24,
  0x01,0x76,0xBE,0x00,0x00,0x00,0x00,0x00,0x00,0x00,0x00,0x03,
  0xFD,0xE7,0xDF,0xFE,0x00,0x08,0x00,0x10,0x00,0x00,0x00,0x00,
  0x00,0x00,0x00,0x00,0x00,0x00,0xFF,0xC0,0x80,0x00,0x00,0x29,
  0x6A,0xAD,0x76,0xEE,0xB7,0xAA,0xAE,0xAA,0x80,0x00,0x00,0x00,
  0x00,0x00,0x00,0x00,0x00,0x00,0x01,0x00,0x02,0x00,0x02,0x49,
  0x40,0x00,0x10,0x40,0x12,0x08,0x84,0x00,0x95,0xDF,0xF6,0x00,
  0x00,0x00,0x00,0x00,0x00,0x00,0x00,0x06,0xD5,0x25,0x52,0xA5,
  0x00,0x10,0x80,0x48,0x00,0x50,0x01,0x40,0x05,0x00,0x14,0x00,
  0x50,0x05,0xFF,0xE4,0x0B,0x00,0x54,0x15,0xB5,0xAB,0xAD,0x3A,
  0xAA,0xD5,0x55,0xA4,0x0A,0x00,0x28,0x01,0x40,0x05,0x00,0x10,
  0x00,0x40,0x01,0x10,0x09,0x12,0x48,0x00,0x04,0x11,0x02,0x09,
  0x00,0xA2,0x20,0xAA,0x01,0xFE,0xFE,0x00,0x00,0x00,0x00,0x00,
  0x00,0x00,0x00,0x18,0x00,0x00,0x00,0x00,0x91,0x14,0x04,0x19,
  0x24,0xFC,0x4B,0xF0,0x9F,0x88,0x7E,0x05,0xF8,0x97,0xFF,0xF0,
  0x0F,0x92,0x7C,0x8B,0xFA,0xDF,0xD5,0xFF,0x6D,0xFB,0x6F,0xD0,
  0x5F,0x24,0xF9,0x23,0xE9,0x0F,0x92,0x7E,0x49,0xF8,0x91,0x01,
  0x22,0x00,0x00,0x22,0x00,0x80,0x48,0x00,0x55,0x10,0x0A,0x00,
  0xA5,0xFF,0xFE,0x00,0x00,0x00,0x00,0x00,0x00,0x00,0x00,0x60,
  0x00,0x00,0x00,0x00,0x00,0x08,0x20,0x08,0x00,0xFC,0x03,0xE2,
  0x0F,0xC1,0x3F,0x21,0xF8,0x07,0xF7,0xF0,0x9F,0x80,0x7E,0x2B,
  0xF6,0xAF,0xDA,0xBE,0xB5,0xFD,0x57,0xED,0x3F,0x00,0xFC,0x0B,
  0xF0,0x5F,0x80,0x3E,0x00,0xF8,0x04,0x88,0x02,0x48,0x22,0x00,
  0x48,0x09,0x00,0x92,0x00,0x44,0xA0,0x94,0x09,0xF7,0xFC,0x00,
  0x00,0x00,0x00,0x00,0x00,0x00,0x00,0x80,0x00,0x00,0x00,0x89,
  0x08,0x90,0x81,0x28,0x82,0xFC,0x23,0xF0,0x0F,0xC4,0x7E,0x01,
  0xF8,0x47,0xFB,0xF0,0x1F,0x89,0x7E,0x05,0xFA,0xDF,0xD7,0x7F,
  0x57,0xFA,0xAF,0xEA,0x1F,0x10,0xFC,0x03,0xE0,0x0F,0xC0,0x7E,
  0x41,0xFC,0x91,0x20,0x89,0x01,0x00,0x91,0x02,0x40,0x12,0x00,
  0x49,0x10,0x04,0x21,0x55,0xDF,0xE0,0x00,0x00,0x00,0x00,0x00,
  0x00,0x00,0x03,0x00,0x00,0x00,0x04,0x0A,0x20,0x08,0x08,0x08,
  0x10,0xF8,0x83,0xF0,0x9F,0x80,0x3E,0x24,0xF9,0x0F,0xF7,0xF2,
  0x4F,0xA0,0x7E,0x43,0xF5,0x6F,0xDA,0xFE,0xD9,0xFA,0xB7,0xE9,
  0x3F,0x04,0xFC,0x43,0xF2,0x4F,0x89,0x3E,0x08,0xF8,0x01,0x02,
  0x02,0x04,0x12,0x04,0x10,0x12,0x40,0x49,0x00,0x42,0x91,0x4A,
  0xAB,0xFF,0x80,0x00,0x00,0x00,0x00,0x00,0x00,0x00,0x04,0x00,
  0x00,0x00,0x00,0x21,0x02,0x11,0x00,0x88,0x80,0xFC,0x03,0xE2,
  0x0F,0xC8,0x7F,0x01,0xF8,0x07,0xF7,0xF0,0x1F,0x84,0x7C,0x0B,
  0xF5,0xBF,0xD5,0x7F,0x6B,0xFA,0xDF,0xD4,0x1F,0x40,0xF9,0x0B,
  0xF0,0x0F,0x80,0x7E,0x41,0xF9,0x04,0x88,0x21,0x20,0x40,0x10,
  0x42,0x40,0x09,0x02,0x25,0x08,0x4A,0xA4,0xAF,0xFC,0x00,0x00,
  0x00,0x00,0x00,0x00,0x00,0x00,0x18,0x00,0x00,0x00,0x91,0x00,
  0x00,0x48,0x24,0x08,0x08,0xFC,0x23,0xF0,0x4F,0x81,0x3E,0x11,
  0xF8,0x47,0xF3,0xF0,0x1F,0x81,0x7E,0x43,0xFA,0x9F,0xD6,0xFE,
  0xAB,0xFA,0xA7,0xEB,0x5F,0x08,0xFC,0x23,0xE2,0x1F,0xC4,0x3E,
  0x04,0xFC,0x21,0x20,0x85,0x04,0x09,0x41,0x08,0x0A,0xA0,0x50,
  0x80,0x45,0x54,0x95,0x77,0xE0,0x00,0x00,0x00,0x00,0x00,0x00,
  0x00,0x00,0x20,0x00,0x00,0x04,0x00,0x00,0x48,0x08,0x00,0x48,
  0x42,0xF9,0x0B,0xE1,0x0F,0xC0,0x3E,0x40,0xF9,0x07,0xF3,0xE2,
  0x4F,0x88,0x7D,0x11,0xF5,0x6F,0xAA,0xBF,0x55,0xFA,0xAF,0xD4,
  0x9F,0x02,0x7C,0x03,0xF0,0x8F,0x80,0xBE,0x20,0xF8,0x04,0x82,
  0x11,0x11,0x40,0x04,0x21,0x40,0x05,0x04,0x2A,0xAA,0xAA,0x5B,
  0xAE,0x80,0x00,0x00,0x00,0x00,0x00,0x00,0x00,0x00,0xC0,0x00,
  0x00,0x10,0x04,0x49,0x01,0x29,0x22,0x09,0x08,0x28,0x00,0xA4,
  0x05,0x14,0x2A,0x04,0xD0,0x13,0xF3,0xF0,0x0A,0x00,0x34,0x01,
  0xAA,0xAF,0x6A,0xBD,0x5A,0xEA,0xB7,0xD5,0x1A,0x20,0xB0,0x89,
  0xA0,0x26,0x92,0x2C,0x82,0x68,0x91,0x20,0x42,0x00,0x14,0x90,
  0x84,0x12,0x48,0x2A,0xAA,0x54,0x95,0xED,0xF8,0x00,0x00,0x00,
  0x00,0x00,0x00,0x00,0x00,0x01,0x00,0x00,0x00,0x40,0x40,0x00,
  0x00,0x10,0x08,0x48,0x20,0x01,0x20,0x00,0x50,0x01,0x00,0x10,
  0x00,0x80,0xE3,0xE1,0x20,0xA5,0x00,0x94,0x2B,0x52,0xAD,0x52,
  0xAB,0x2B,0x54,0x5A,0xA0,0x88,0x02,0x20,0x05,0x00,0x00,0x00,
  0x10,0x02,0x01,0x89,0x09,0x55,0x00,0x04,0x21,0x00,0x12,0xA2,
  0x92,0xAA,0xDB,0x57,0x40,0x00,0x00,0x00,0x00,0x00,0x00,0x00,
  0x00,0x06,0x00,0x00,0x01,0x01,0x01,0x12,0x4A,0x4A,0x41,0x08,
  0x82,0x48,0x09,0x12,0x02,0x48,0x49,0x42,0x0A,0x24,0xF3,0xF4,
  0x04,0x00,0x12,0x00,0x15,0x5A,0xB5,0xAD,0x6A,0xD5,0x55,0xAA,
  0x84,0x22,0x90,0x04,0x90,0x29,0x25,0x22,0x44,0x90,0xA4,0x82,
  0x22,0x00,0x52,0xA1,0x08,0x55,0x49,0x55,0x55,0x55,0x6E,0xFC,
  0x00,0x00,0x00,0x00,0x00,0x00,0x00,0x00,0x00,0x08,0x00,0x00,
  0x04,0x00,0x08,0x00,0x08,0x18,0x04,0x0A,0x08,0x01,0x20,0x40,
  0x88,0x01,0x00,0x00,0xA0,0x00,0xE1,0xF0,0x91,0x29,0x40,0xA5,
  0x4A,0xAB,0x55,0x6A,0xAD,0x5A,0xAA,0xD5,0x62,0x80,0x04,0x90,
  0x02,0x00,0x00,0x08,0x10,0x04,0x01,0x28,0x02,0x92,0x00,0x08,
  0x45,0x25,0x55,0x2A,0xAA,0xAF,0xB7,0xD0,0x00,0x00,0x00,0x00,
  0x00,0x00,0x00,0x00,0x00,0x10,0x00,0x00,0x40,0x08,0x20,0x92,
  0x49,0x08,0x90,0x48,0x21,0x24,0x04,0x08,0x21,0x24,0x24,0x48,
  0x01,0x24,0xE1,0xF2,0x00,0x00,0x0A,0x00,0x09,0x6D,0x55,0x55,
  0xB5,0x55,0xB6,0xAA,0x90,0x15,0x50,0x02,0x48,0x92,0x94,0xA2,
  0x85,0x51,0x29,0x01,0x52,0x00,0x95,0x25,0x28,0x92,0x54,0xAA,
  0xAE,0xF5,0x7D,0x00,0x00,0x00,0x00,0x00,0x00,0x00,0x00,0x00,
  0x00,0x60,0x00,0x05,0x68,0x21,0x04,0x00,0x04,0x50,0x01,0x18,
  0x80,0x00,0x91,0x22,0x00,0x00,0x81,0x02,0x48,0x00,0x65,0xF0,
  0x49,0x49,0x20,0x54,0xA5,0x55,0x6D,0xAD,0x55,0x6A,0xAA,0xB6,
  0xD4,0x80,0x02,0x48,0x10,0x20,0x00,0x08,0x20,0x00,0x01,0x94,
  0x03,0x54,0x00,0x92,0xA5,0x55,0x4B,0x55,0x75,0xAD,0xE0,0x00,
  0x00,0x00,0x00,0x00,0x00,0x00,0x00,0x00,0x00,0x80,0x00,0x00,
  0xE1,0x00,0x10,0x92,0x51,0x0A,0x48,0x08,0x09,0x28,0x00,0x00,
  0x92,0x52,0x10,0x20,0x02,0x52,0x60,0xF9,0x00,0x00,0x09,0x00,
  0x0A,0xAA,0xAA,0xB5,0xAB,0x56,0xD6,0xD5,0x50,0x29,0x10,0x21,
  0x42,0x84,0xA5,0x20,0x89,0x25,0x49,0x20,0x94,0x01,0x55,0x49,
  0x2A,0xAA,0xB5,0x6F,0xAF,0x77,0x00,0x00,0x00,0x00,0x00,0x00,
  0x00,0x00,0x00,0x00,0x01,0x00,0x00,0x02,0x00,0x12,0x42,0x00,
  0x00,0x28,0x03,0x49,0x20,0x02,0x44,0x92,0x00,0x00,0x44,0x8A,
  0x90,0x00,0x44,0xF0,0x25,0x25,0x40,0x25,0x22,0xAD,0xAD,0x56,
  0xB5,0x5A,0xAA,0xAA,0xAA,0x80,0x45,0x04,0x08,0x10,0x08,0x04,
  0x00,0x08,0x05,0x04,0x43,0x2A,0x54,0xAA,0xAA,0xAA,0xAA,0xDA,
  0xF5,0xF8,0x00,0x00,0x00,0x00,0x00,0x00,0x00,0x00,0x00,0x00,
  0x02,0x00,0x00,0x10,0x14,0x80,0x00,0x55,0x24,0x91,0x20,0x98,
  0x04,0x90,0x10,0x00,0x49,0x24,0x00,0x00,0x05,0x25,0x10,0xF9,
  0x00,0x00,0x15,0x00,0x4A,0xAA,0xB5,0xAA,0xAA,0xD5,0x6D,0x5B,
  0x50,0x12,0x00,0x40,0x81,0x05,0x21,0x51,0x55,0x41,0x21,0xA1,
  0x35,0x49,0x4A,0x4A,0xAA,0xAB,0x6F,0x6D,0xAF,0x80,0x00,0x00,
  0x00,0x00,0x00,0x00,0x00,0x00,0x00,0x00,0x04,0x40,0x00,0x80,
  0x80,0x2A,0x94,0x80,0x00,0x08,0x4A,0x08,0x90,0x02,0x42,0x49,
  0x00,0x01,0x25,0x24,0x40,0x00,0x02,0x78,0x49,0x54,0x80,0x52,
  0x01,0x55,0x56,0xB5,0xAD,0x56,0xB5,0xAD,0x54,0x80,0x92,0x14,
  0x24,0x50,0x04,0x04,0x00,0x14,0x14,0x95,0x52,0xA5,0x29,0x55,
  0x55,0x5D,0xB5,0xBB,0x7C,0x00,0x00,0x00,0x00,0x00,0x00,0x00,
  0x00,0x00,0x00,0x00,0x08,0x00,0x24,0x0A,0x25,0x00,0x00,0x12,
  0xAA,0x95,0x28,0x95,0x05,0x50,0x88,0x84,0x2A,0xA8,0x88,0x49,
  0x2A,0xAA,0xA9,0x52,0x24,0x02,0x2A,0x09,0x55,0x5B,0x6A,0xDA,
  0xB6,0xDB,0x56,0xB5,0xAA,0x54,0x48,0x82,0x91,0x04,0xA9,0x51,
  0x55,0x42,0xA3,0x56,0xAB,0x2A,0xAA,0xAA,0xAB,0xEB,0x7E,0xEF,
  0xD0,0x00,0x00,0x00,0x00,0x00,0x00,0x00,0x00,0x00,0x00,0x00,
  0x10,0x20,0x02,0x40,0x08,0x49,0x52,0x88,0x49,0x28,0xAE,0x98,
  0xA8,0x25,0x25,0x29,0x49,0x15,0x25,0x24,0x88,0x44,0x4A,0x3A,
  0x92,0xA9,0x45,0x54,0x92,0xAA,0xAD,0x56,0xD5,0x6A,0xD5,0x56,
  0xB5,0x0A,0xA5,0x54,0x4A,0x52,0x92,0x24,0x88,0xA9,0x55,0x55,
  0xAA,0xAA,0xAA,0xAA,0xDD,0x5D,0xD5,0xBD,0x00,0x00,0x00,0x00,
  0x00,0x00,0x00,0x00,0x00,0x00,0x00,0x00,0x20,0x02,0x54,0x29,
  0x41,0x00,0x09,0x55,0x24,0x9A,0x51,0x2A,0x45,0x4A,0x52,0x44,
  0xA4,0xA2,0x52,0x92,0x52,0x92,0xA4,0xAA,0x49,0x24,0xA8,0xA2,
  0x49,0x6D,0xB5,0xAA,0xAB,0x55,0x5A,0xDA,0xD5,0x52,0x52,0x2A,
  0xA5,0x4A,0x49,0x52,0x55,0x14,0x93,0x56,0xAB,0x55,0x55,0xB7,
  0x6E,0xF6,0xBB,0xE0,0x00,0x00,0x00,0x00,0x00,0x00,0x00,0x00,
  0x00,0x00,0x00,0x00,0x40,0x24,0x02,0x80,0x28,0x55,0x54,0x49,
  0x5A,0x51,0x4A,0x95,0x29,0x24,0x89,0x32,0x52,0x55,0x28,0x49,
  0x4A,0x55,0x12,0x9A,0xAA,0x95,0x15,0x15,0x55,0x55,0x56,0xB6,
  0xDA,0xB6,0xAB,0x6A,0xAD,0x49,0x29,0x51,0x28,0xA9,0x55,0x2A,
  0xA5,0x55,0x55,0x55,0x56,0xAA,0xAE,0xDD,0xB5,0xAF,0xDF,0x00,
  0x00,0x00,0x00,0x00,0x00,0x00,0x00,0x00,0x00,0x00,0x00,0x00,
  0x80,0x01,0x50,0x15,0x02,0x92,0xA5,0x54,0x89,0x5E,0xA9,0x58,
  0xA5,0x52,0xAA,0x8A,0x8A,0x92,0x95,0x55,0x29,0x52,0xAA,0x55,
  0x29,0x54,0xD5,0x6A,0xAA,0xB6,0xDA,0xDB,0x6D,0xDB,0xDD,0x56,
  0xD5,0x2A,0xA5,0x4D,0x55,0x25,0x2A,0xA5,0x54,0xAA,0xAB,0xB5,
  0x7B,0x6D,0xF5,0xB6,0xDE,0xF5,0x74,0x00,0x00,0x00,0x00,0x00,
  0x00,0x00,0x00,0x00,0x00,0x00,0x00,0x00,0x89,0x44,0x25,0x40,
  0xA9,0x2A,0x52,0xA5,0x55,0x2A,0xA5,0xDA,0x94,0x95,0x54,0xAA,
  0xA9,0x54,0xA5,0x55,0x55,0x4A,0xA9,0x54,0xA5,0x55,0x20,0x80,
  0x00,0x55,0x55,0x55,0x2A,0x54,0x52,0xAB,0x5B,0xAA,0xAA,0xA5,
  0x4A,0xAA,0xA5,0x55,0x55,0x55,0x55,0x6D,0xAE,0xB6,0xAE,0xDB,
  0x75,0xAF,0x80,0x00,0x00,0x00,0x00,0x00,0x00,0x00,0x00,0x00,
  0x00,0x00,0x00,0x00,0x80,0x21,0x48,0x2A,0x94,0xC9,0x2A,0x95,
  0x54,0xBB,0x5A,0x5A,0xAA,0xAA,0x4A,0xAA,0xAA,0xAA,0xAA,0xAA,
  0xAA,0xAA,0x55,0x55,0x5A,0x40,0x0A,0x09,0x25,0x2A,0xAA,0xAA,
  0xAA,0xAB,0x55,0x54,0xAA,0xAA,0xAA,0xB5,0x2A,0xAA,0xAA,0xAA,
  0xAA,0xAA,0xAB,0xB6,0xB7,0xDB,0xB5,0xB7,0xAF,0x7A,0x00,0x00,
  0x00,0x00,0x00,0x00,0x00,0x00,0x00,0x00,0x00,0x00,0x00,0x00,
  0xAA,0x94,0x92,0x95,0x55,0x6A,0xAA,0x55,0x55,0x4F,0xFF,0xF5,
  0x55,0x55,0x55,0x55,0x55,0x55,0x55,0x55,0x55,0x55,0x55,0x55,
  0x44,0x09,0x20,0x20,0x00,0x15,0x55,0x55,0x55,0x55,0x56,0xAB,
  0x55,0x45,0x55,0x55,0x6A,0xAA,0xAA,0xAA,0xAA,0xAA,0xB5,0xFF,
  0xFD,0x6D,0x7E,0xED,0x75,0xC0,0x00,0x00,0x00,0x00,0x00,0x00,
  0x00,0x00,0x00,0x00,0x00,0x00,0x00,0x00,0x69,0x55,0x55,0x52,
  0x4A,0xD5,0x55,0xAA,0xAA,0xAA,0xA5,0x55,0x55,0x55,0x55,0x55,
  0x55,0x55,0x55,0x55,0x55,0x55,0x55,0x55,0x20,0x80,0x10,0x84,
  0x10,0x52,0x4A,0xAA,0xAA,0xAA,0xAA,0xAD,0x6A,0x92,0x56,0xAA,
  0xAA,0xAA,0xAA,0xAA,0xAB,0x55,0xAE,0xD5,0xDB,0xB7,0xD5,0xBB,
  0xDE,0x00,0x00,0x00,0x00,0x00,0x00,0x00,0x00,0x00,0x00,0x00,
  0x00,0x00,0x00,0x00,0x36,0xAA,0xAA,0xAA,0xAA,0xAA,0xAA,0xAA,
  0xAA,0xD5,0x5A,0xAA,0xAA,0xAA,0xAA,0xAA,0xAA,0xAA,0xAA,0xAA,
  0xAA,0xAA,0xAA,0xA8,0x08,0x24,0x82,0x00,0x41,0x0A,0xAA,0xAA,
  0xAA,0xAA,0xAA,0xAA,0x95,0x55,0x55,0x55,0xAA,0xAA,0xB5,0x56,
  0xDA,0xFE,0xF5,0x6E,0xB6,0xDD,0x6E,0xD7,0xE0,0x00,0x00,0x00,
  0x00,0x00,0x00,0x00,0x00,0x00,0x00,0x00,0x00,0x00,0x00,0x00,
  0x0D,0xB5,0x52,0xAA,0xAA,0xAB,0x6D,0x76,0xDB,0x7B,0x6D,0xF7,
  0x77,0x77,0x77,0x77,0x77,0x6D,0xDF,0x76,0xDD,0xF7,0x6F,0x52,
  0x42,0x00,0x00,0x01,0x2E,0x2A,0xAA,0xAA,0xAA,0xAA,0xAA,0xA9,
  0x56,0xA4,0x95,0xBE,0xFD,0xFF,0xDF,0xBB,0x6F,0x55,0xAF,0xBB,
  0xDD,0xB6,0xBB,0x7C,0x00,0x00,0x00,0x00,0x00,0x00,0x00,0x00,
  0x00,0x00,0x00,0x00,0x00,0x00,0x00,0x00,0x07,0xEE,0xAD,0x55,
  0xB6,0xDD,0xB7,0xAD,0xB7,0xAD,0xB7,0x5A,0xDA,0xDA,0xDA,0xDA,
  0xDB,0xBB,0x75,0xAF,0x77,0x5D,0xB5,0x50,0x10,0x80,0x00,0x08,
  0x10,0x85,0x55,0x55,0x55,0x54,0x94,0x95,0x55,0x55,0x6A,0xD7,
  0x57,0x55,0x6A,0xED,0xB5,0xB6,0xDA,0xD6,0xB6,0xEB,0xD7,0xD0,
  0x00,0x00,0x00,0x00,0x00,0x00,0x00,0x00,0x00,0x00,0x00,0x00,
  0x00,0x00,0x00,0x00,0x01,0x7B,0xF7,0xFE,0xDB,0xB6,0xDA,0xF7,
  0x7A,0xDB,0xDA,0xEF,0x6F,0xB7,0xBF,0x6F,0x6D,0x6E,0xDB,0x7A,
  0xDA,0xEB,0x74,0xA5,0x42,0x00,0x00,0x00,0x20,0x41,0x2A,0xA4,
  0x89,0x25,0x52,0xAA,0xAA,0xAA,0xAD,0x55,0xED,0xDB,0xB6,0xB7,
  0x7B,0x6F,0x77,0x7B,0x7B,0x5D,0x7C,0x00,0x00,0x00,0x00,0x00,
  0x00,0x00,0x00,0x00,0x00,0x00,0x00,0x00,0x00,0x00,0x00,0x00,
  0x00,0x5D,0x5A,0xAB,0x6E,0xED,0xBD,0xAD,0xD7,0x76,0xBF,0x5A,
  0xDA,0xDD,0x6A,0xF5,0xBB,0xDB,0x6D,0xD7,0xB7,0xBD,0xD5,0x50,
  0x08,0x00,0x00,0x00,0x00,0x02,0xA9,0x2A,0x65,0x55,0x55,0x55,
  0x55,0x55,0xAB,0x5A,0xB6,0xED,0x6D,0xDA,0xD6,0xDA,0xDA,0xD6,
  0xD7,0xEF,0xC0,0x00,0x00,0x00,0x00,0x00,0x00,0x00,0x00,0x00,
  0x00,0x00,0x00,0x00,0x00,0x00,0x00,0x00,0x00,0x0F,0xEF,0x77,
  0xBB,0x76,0xEB,0x7B,0x7B,0xAD,0xEA,0xEF,0x77,0x77,0xB7,0x5E,
  0xEE,0xB6,0xDE,0xBA,0xED,0x6B,0x6A,0x92,0x40,0x00,0x00,0x20,
  0x41,0x41,0x55,0x55,0x55,0x55,0x55,0x55,0x55,0x56,0xB5,0x6F,
  0xDD,0xBB,0xBB,0x6F,0xBD,0xF7,0xB7,0xBD,0xED,0x78,0x00,0x00,
  0x00,0x00,0x00,0x00,0x00,0x00,0x00,0x00,0x00,0x00,0x00,0x00,
  0x00,0x00,0x00,0x00,0x00,0x00,0xF5,0xDD,0x6D,0xBB,0xB6,0xD7,
  0xAD,0x7B,0x5D,0xB5,0xDA,0xDA,0xDD,0xEB,0x5B,0xDB,0xB5,0xEF,
  0x5F,0xBD,0xB4,0xA9,0x12,0xA4,0x80,0x0A,0x54,0xB5,0x56,0xAA,
  0xB7,0x55,0x55,0x55,0x55,0x55,0x55,0xAA,0xB7,0x6E,0xEE,0xDA,
  0xEB,0x5D,0x6D,0x6B,0x5F,0x80,0x00,0x00,0x00,0x00,0x00,0x00,
  0x00,0x00,0x00,0x00,0x00,0x00,0x00,0x00,0x00,0x00,0x00,0x00,
  0x00,0x00,0x1F,0x6B,0xDE,0xD6,0xDD,0xED,0x77,0xAE,0xEB,0xDE,
  0xB7,0xB7,0x76,0xB6,0xED,0x6E,0xEE,0xB5,0xF5,0x6B,0x6D,0x55,
  0x48,0x00,0x24,0xA9,0xAB,0x54,0xAB,0x77,0xDA,0xAA,0xAA,0xAA,
  0xAA,0xAA,0xAD,0x5D,0xDD,0xB5,0xB7,0x77,0x5E,0xEB,0xDF,0xBF,
  0xF0,0x00,0x00,0x00,0x00,0x00,0x00,0x00,0x00,0x00,0x00,0x00,
  0x00,0x00,0x00,0x00,0x00,0x00,0x00,0x00,0x00,0x00,0x02,0xFD,
  0x75,0xFB,0x6B,0x5D,0xDA,0xF5,0xBE,0xB5,0xDD,0x6D,0xAD,0xDB,
  0xB7,0xBB,0x5B,0xDE,0xAD,0xDD,0xDB,0x55,0x55,0x55,0x42,0x16,
  0xFF,0xEA,0xFD,0xAD,0x6A,0xDB,0x5B,0x76,0xD6,0xD5,0x6B,0x6B,
  0x76,0xDE,0xDA,0xDD,0xEB,0x5D,0x75,0xF4,0x00,0x00,0x00,0x00,
  0x00,0x00,0x00,0x00,0x00,0x00,0x00,0x00,0x00,0x00,0x00,0x00,
  0x00,0x00,0x00,0x00,0x00,0x00,0x00,0x0F,0xEF,0x56,0xDE,0xF7,
  0x6F,0x5F,0x6B,0xDE,0xEB,0xDB,0x77,0x6E,0xDD,0x6D,0xED,0x6B,
  0xB7,0x77,0x77,0xD5,0x2A,0xAA,0x99,0x57,0xB5,0x75,0x56,0xF6,
  0xBF,0x6D,0xED,0xAD,0x7B,0x5E,0xB6,0xFE,0xDB,0xEB,0xBF,0xB6,
  0xBD,0xEF,0xDE,0x80,0x00,0x00,0x00,0x00,0x00,0x00,0x00,0x00,
  0x00,0x00,0x00,0x00,0x00,0x00,0x00,0x00,0x00,0x00,0x00,0x00,
  0x00,0x00,0x00,0x00,0x3D,0xFD,0xB5,0xAA,0xB5,0xEA,0xDD,0x6B,
  0x5D,0x6D,0xDA,0xDB,0x76,0xD6,0xB7,0xBD,0x7A,0xDA,0xDD,0x7E,
  0xD5,0x54,0xA5,0x51,0x6F,0xAB,0x6B,0x5B,0xD5,0xBB,0x5B,0x77,
  0xAD,0xB5,0xDD,0xAB,0xEE,0xBD,0x6A,0xDB,0x6F,0x7A,0xA0,0x00,
  0x00,0x00,0x00,0x00,0x00,0x00,0x00,0x00,0x00,0x00,0x00,0x00,
  0x00,0x00,0x00,0x00,0x00,0x00,0x00,0x00,0x00,0x00,0x00,0x00,
  0x00,0x2B,0xFF,0xFF,0xFF,0x7F,0xF7,0xBF,0xF7,0xFF,0x7F,0xBD,
  0xDB,0xFF,0xDD,0xEF,0xDF,0xBF,0xB6,0xD5,0xEA,0xAA,0xAA,0xAD,
  0xB5,0x75,0xBD,0xEE,0xF6,0xEE,0xF7,0xBA,0xF6,0xEF,0x77,0xDF,
  0x7B,0xD7,0xFF,0xFF,0xD5,0xC0,0x00,0x00,0x00,0x00,0x00,0x00,
  0x00,0x00,0x00,0x00,0x00,0x00,0x00,0x00,0x00,0x00,0x00,0x00,
  0x00,0x00,0x00,0x00,0x00,0x00,0x00,0x00,0x00,0x00,0x00,0x25,
  0x4A,0xAA,0xAD,0x6A,0xAD,0x55,0xAA,0xEF,0xEE,0xAA,0xB6,0xB5,
  0x6A,0xD5,0x7F,0xDE,0xBF,0x6D,0xDD,0xB6,0xDB,0xDE,0xD7,0x7B,
  0x5D,0xB7,0xBD,0xDF,0x5B,0x75,0xDD,0x77,0xDD,0x7A,0x90,0x00,
  0x00,0x00,0x00,0x00,0x00,0x00,0x00,0x00,0x00,0x00,0x00,0x00,
  0x00,0x00,0x00,0x00,0x00,0x00,0x00,0x00,0x00,0x00,0x00,0x00,
  0x00,0x00,0x00,0x00,0x00,0x00,0x00,0x00,0x00,0x00,0x00,0x00,
  0x00,0x00,0x00,0x02,0x80,0x00,0x00,0x00,0x00,0x00,0x00,0xBB,
  0xD5,0xB7,0x76,0xDB,0x6D,0x6B,0xBD,0xAD,0xEF,0xDD,0xD6,0xEB,
  0xEF,0xBF,0x7F,0x81,0x60,0x00,0x00,0x00,0x00,0x00,0x00,0x00,
  0x00,0x00,0x00,0x00,0x00,0x00,0x00,0x00,0x00,0x00,0x00,0x00,
  0x00,0x00,0x00,0x00,0x00,0x00,0x00,0x00,0x00,0x00,0x00,0x00,
  0x00,0x00,0x00,0x00,0x00,0x00,0x00,0x00,0x00,0x00,0x00,0x03,
  0x40,0x00,0x00,0x00,0x00,0x00,0x00,0x05,0xFE,0xDD,0xAD,0xAD,
  0xB7,0xBD,0xEE,0xF7,0x75,0x76,0xFB,0x7D,0x5A,0xDB,0xD0,0x00,
  0xA0,0x00,0x00,0x00,0x00,0x00,0x00,0x00,0x00,0x00,0x00,0x00,
  0x00,0x00,0x00,0x00,0x00,0x00,0x00,0x00,0x00,0x00,0x00,0x00,
  0x00,0x00,0x00,0x00,0x00,0x00,0x00,0x00,0x00,0x00,0x00,0x00,
  0x00,0x00,0x00,0x00,0x00,0x00,0x00,0x01,0xC0,0x00,0x00,0x00,
  0x00,0x00,0x00,0x00,0x0B,0xF6,0xF7,0x76,0xDA,0xD6,0xB7,0xBD,
  0xBF,0xBF,0x5F,0xAB,0xFF,0xF4,0x00,0x00,0xE0,0x00,0x00,0x00,
  0x00,0x00,0x00,0x00,0x00,0x00,0x00,0x00,0x00,0x00,0x00,0x00,
  0x00,0x00,0x00,0x00,0x00,0x00,0x00,0x00,0x00,0x00,0x00,0x00,
  0x00,0x00,0x00,0x00,0x00,0x00,0x00,0x00,0x00,0x00,0x00,0x00,
  0x00,0x00,0x00,0x00,0x40,0x00,0x00,0x00,0x00,0x00,0x00,0x00,
  0x00,0x1F,0xDD,0xDB,0xBF,0x7D,0xDA,0xD6,0xD5,0x6A,0xEA,0xFF,
  0xB4,0x00,0x00,0x00,0x20,0x00,0x00,0x00,0x00,0x00,0x00,0x00,
  0x00,0x00,0x00,0x00,0x00,0x00,0x00,0x00,0x00,0x00,0x00,0x00,
  0x00,0x00,0x00,0x00,0x00,0x00,0x00,0x00,0x00,0x00,0x00,0x00,
  0x00,0x00,0x00,0x00,0x00,0x00,0x00,0x00,0x00,0x00,0x00,0x00,
  0x00,0x00,0x00,0x00,0x00,0x00,0x00,0x00,0x00,0x00,0x2F,0x7F,
  0xFB,0xEF,0xFF,0xFF,0xFF,0xFF,0xFF,0xD4,0x00,0x00,0x00,0x00,
  0x00,0x00,0x00,0x00,0x00,0x00,0x00,0x00,0x00,0x00,0x00,0x00,
  0x00,0x00,0x00,0x00,0x00,0x00,0x00,0x00,0x00,0x00,0x00,0x00,
  0x00,0x00,0x00,0x00,0x00,0x00,0x00,0x00,0x00,0x00,0x00,0x00,
  0x00,0x00,0x00,0x00,0x00,0x00,0x00,0x00,0x00,0x00,0x00,0x00,
  0x00,0x00,0x00,0x00,0x00,0x00,0x00,0x1D,0xCD,0x5A,0xAA,0xAA,
  0xAA,0xA4,0x00,0x00,0x00,0x00,0x00,0x00,0x00,0x00,0x00,0x00,
  0x00,0x00,0x00,0x00,0x00,0x00,0x00,0x00,0x00,0x00,0x00,0x00,
  0x00,0x00,0x00,0x00,0x00,0x00,0x00,0x00,0x00,0x00,0x00,0x00,
  0x00,0x00,0x00,0x00,0x00,0x00,0x00,0x00,0x00,0x00,0x00,0x00,
  0x00,0x00,0x00,0x00,0x00,0x00,0x00,0x00,0x00,0x00,0x00,0x00,
  0x00,0x00,0x00,0x07,0x80,0x00,0x00,0x00,0x00,0x00,0x00,0x00,
  0x00,0x00,0x00,0x00,0x00,0x00,0x00,0x00,0x00,0x00,0x00,0x00,
  0x00,0x00,0x00,0x00,0x00,0x00,0x00,0x00,0x00,0x00,0x00,0x00,
  0x00,0x00,0x00,0x00,0x00,0x00,0x00,0x00,0x00,0x00,0x00,0x00,
  0x00,0x00,0x00,0x00,0x00,0x00,0x00,0x00,0x00,0x00,0x00,0x00,
  0x00,0x00,0x00,0x00,0x00,0x00,0x00,0x00,0x00,0x00,0x00,0x00,
  0x00,0x00,0x00,0x00,0x00,0x00,0x00,0x00,0x00,0x00,0x00,0x00,
  0x00,0x00,0x00,0x00,0x00,0x00,0x00,0x00,0x00,0x00,0x00,0x00,
  0x00,0x00,0x00,0x00,0x00,0x00,0x00,0x00,0x00,0x00,0x00,0x00,
  0x00,0x00,0x00,0x00,
};

// TwinAsile.png  (540x146)
static const uint8_t art_twinasile[] PROGMEM = {
  0x00,0x00,0x00,0x00,0x00,0x00,0x00,0x00,0x00,0x00,0x00,0x00,
  0x00,0x00,0x00,0x00,0x00,0x00,0x00,0x00,0x00,0x00,0x00,0x00,
  0x00,0x00,0x00,0x00,0x00,0x00,0x00,0x00,0x00,0x00,0x00,0x00,
  0x00,0x00,0x00,0x00,0x00,0x00,0x00,0x00,0x00,0x00,0x00,0x00,
  0x00,0x00,0x00,0x00,0x00,0x00,0x00,0x00,0x00,0x00,0x00,0x00,
  0x00,0x00,0x00,0x1B,0x6D,0xFF,0x80,0x00,0x00,0x00,0x00,0x00,
  0x00,0x00,0x00,0x00,0x00,0x00,0x00,0x00,0x00,0x00,0x00,0x00,
  0x00,0x00,0x00,0x00,0x00,0x00,0x00,0x00,0x00,0x00,0x00,0x00,
  0x00,0x00,0x00,0x00,0x00,0x00,0x00,0x00,0x00,0x00,0x00,0x00,
  0x00,0x00,0x00,0x00,0x00,0x00,0x00,0x00,0x00,0x00,0x00,0x00,
  0x00,0x00,0x00,0x00,0x00,0x00,0x00,0x00,0x00,0x00,0x00,0xC4,
  0x92,0xAA,0x80,0x00,0x00,0x00,0x00,0x00,0x00,0x00,0x00,0x00,
  0x00,0x00,0x00,0x00,0x00,0x00,0x00,0x00,0x00,0x00,0x00,0x00,
  0x00,0x00,0x00,0x00,0x00,0x00,0x00,0x00,0x00,0x00,0x00,0x00,
  0x00,0x00,0x00,0x00,0x00,0x00,0x00,0x00,0x00,0x00,0x00,0x00,
  0x00,0x00,0x00,0x00,0x00,0x00,0x00,0x00,0x00,0x00,0x00,0x00,
  0x00,0x00,0x00,0x00,0x00,0x00,0x01,0x2A,0xAB,0xFD,0x80,0x00,
  0x00,0x00,0x00,0x00,0x00,0x00,0x00,0x00,0x00,0x00,0x00,0x00,
  0x00,0x00,0x00,0x00,0x00,0x00,0x00,0x00,0x00,0x00,0x00,0x00,
  0x00,0x00,0x00,0x00,0x00,0x00,0x00,0x00,0x00,0x00,0x00,0x00,
  0x00,0x00,0x00,0x00,0x00,0x00,0x00,0x00,0x00,0x00,0x00,0x00,
  0x00,0x00,0x00,0x00,0x00,0x00,0x00,0x00,0x00,0x00,0x00,0x00,
  0x00,0x00,0x06,0x55,0x4A,0xAF,0x00,0x00,0x00,0x00,0x00,0x00,
  0x00,0x00,0x00,0x00,0x00,0x00,0x00,0x00,0x00,0x00,0x00,0x00,
  0x00,0x00,0x00,0x00,0x00,0x00,0x00,0x00,0x00,0x00,0x00,0x00,
  0x00,0x00,0x00,0x00,0x00,0x00,0x00,0x00,0x00,0x00,0x00,0x00,
  0x00,0x00,0x00,0x00,0x00,0x00,0x00,0x00,0x00,0x00,0x00,0x00,
  0x00,0x00,0x00,0x00,0x00,0x00,0x00,0x00,0x00,0x00,0x04,0x95,
  0x2F,0xF5,0x00,0x00,0x00,0x00,0x00,0x00,0x00,0x00,0x00,0x00,
  0x00,0x00,0x00,0x00,0x00,0x00,0x00,0x00,0x00,0x00,0x00,0x00,
  0x00,0x00,0x00,0x00,0x00,0x00,0x00,0x00,0x00,0x00,0x00,0x00,
  0x00,0x00,0x00,0x00,0x00,0x00,0x00,0x00,0x00,0x00,0x00,0x00,
  0x00,0x00,0x00,0x00,0x00,0x00,0x00,0x00,0x00,0x00,0x00,0x00,
  0x00,0x00,0x00,0x00,0x00,0x00,0x19,0x52,0xAA,0xAF,0x00,0x00,
  0x00,0x00,0x00,0x00,0x00,0x00,0x00,0x00,0x00,0x00,0x00,0x00,
  0x00,0x00,0x00,0x00,0x00,0x00,0x00,0x00,0x00,0x00,0x00,0x00,
  0x00,0x00,0x00,0x00,0x00,0x00,0x00,0x00,0x00,0x00,0x00,0x00,
  0x00,0x00,0x00,0x00,0x00,0x00,0x00,0x00,0x00,0x00,0x00,0x00,
  0x00,0x00,0x00,0x00,0x00,0x00,0x00,0x00,0x00,0x00,0x00,0x00,
  0x00,0x00,0x12,0x55,0x5D,0xFA,0x00,0x00,0x00,0x00,0x00,0x00,
  0x00,0x00,0x00,0x00,0x00,0x00,0x00,0x00,0x00,0x00,0x00,0x00,
  0x00,0x00,0x00,0x00,0x00,0x00,0x00,0x00,0x00,0x00,0x00,0x00,
  0x00,0x00,0x00,0x00,0x00,0x00,0x00,0x00,0x00,0x00,0x00,0x00,
  0x00,0x00,0x00,0x00,0x00,0x00,0x00,0x00,0x00,0x00,0x00,0x00,
  0x00,0x00,0x00,0x00,0x00,0x00,0x00,0x00,0x00,0x00,0x25,0x4A,
  0x97,0x56,0x00,0x00,0x00,0x00,0x00,0x00,0x00,0x00,0x00,0x00,
  0x00,0x00,0x00,0x00,0x00,0x00,0x00,0x00,0x00,0x00,0x00,0x00,
  0x00,0x00,0x00,0x00,0x00,0x00,0x00,0x00,0x00,0x00,0x00,0x00,
  0x00,0x00,0x00,0x00,0x00,0x00,0x00,0x00,0x00,0x00,0x00,0x00,
  0x00,0x00,0x00,0x00,0x00,0x00,0x00,0x00,0x00,0x00,0x00,0x00,
  0x00,0x00,0x00,0x00,0x00,0x00,0x49,0x2A,0x5A,0xEE,0x00,0x00,
  0x00,0x00,0x00,0x00,0x00,0x00,0x00,0x00,0x00,0x00,0x00,0x00,
  0x00,0x00,0x00,0x00,0x00,0x00,0x00,0x00,0x00,0x00,0x00,0x00,
  0x00,0x00,0x00,0x00,0x00,0x00,0x00,0x00,0x00,0x00,0x00,0x00,
  0x00,0x00,0x00,0x00,0x00,0x00,0x00,0x00,0x00,0x00,0x00,0x00,
  0x00,0x00,0x00,0x00,0x00,0x00,0x00,0x00,0x00,0x00,0x00,0x00,
  0x00,0x00,0x95,0x55,0x77,0x7A,0x00,0x00,0x00,0x00,0x00,0x00,
  0x00,0x00,0x00,0x00,0x00,0x00,0x00,0x00,0x00,0x00,0x00,0x00,
  0x00,0x00,0x00,0x00,0x00,0x00,0x00,0x00,0x00,0x00,0x00,0x00,
  0x00,0x00,0x00,0x00,0x00,0x00,0x00,0x00,0x00,0x00,0x00,0x00,
  0x00,0x00,0x00,0x00,0x00,0x00,0x00,0x00,0x00,0x00,0x00,0x00,
  0x00,0x00,0x00,0x00,0x00,0x00,0x00,0x00,0x00,0x01,0x25,0x52,
  0xAD,0xAC,0x00,0x00,0x00,0x00,0x00,0x00,0x00,0x00,0x00,0x00,
  0x00,0x00,0x00,0x00,0x00,0x00,0x00,0x00,0x00,0x00,0x00,0x00,
  0x00,0x00,0x00,0x00,0x00,0x00,0x00,0x00,0x00,0x00,0x00,0x00,
  0x00,0x00,0x00,0x00,0x00,0x00,0x00,0x00,0x00,0x00,0x00,0x00,
  0x00,0x00,0x00,0x00,0x00,0x00,0x00,0x00,0x00,0x00,0x00,0x00,
  0x00,0x00,0x00,0x00,0x00,0x02,0x54,0xAA,0x7B,0xF4,0x00,0x00,
  0x00,0x00,0x00,0x00,0x00,0x00,0x00,0x00,0x00,0x00,0x00,0x00,
  0x00,0x00,0x00,0x00,0x00,0x00,0x00,0x00,0x00,0x00,0x00,0x00,
  0x00,0x00,0x00,0x00,0x00,0x00,0x00,0x00,0x00,0x00,0x00,0x00,
  0x00,0x00,0x00,0x00,0x00,0x00,0x00,0x00,0x00,0x00,0x00,0x00,
  0x00,0x00,0x00,0x00,0x00,0x00,0x00,0x00,0x00,0x00,0x00,0x00,
  0x00,0x04,0x95,0x4A,0xD6,0xAC,0x00,0x00,0x00,0x00,0x00,0x00,
  0x00,0x00,0x00,0x00,0x00,0x00,0x00,0x00,0x00,0x00,0x00,0x00,
  0x00,0x00,0x00,0x00,0x00,0x00,0x00,0x00,0x00,0x00,0x00,0x00,
  0x00,0x00,0x00,0x00,0x00,0x00,0x00,0x00,0x00,0x00,0x00,0x00,
  0x00,0x00,0x00,0x00,0x00,0x00,0x00,0x00,0x00,0x00,0x00,0x00,
  0x00,0x00,0x00,0x00,0x00,0x00,0x00,0x00,0x00,0x08,0xAA,0xA9,
  0x7D,0xD8,0x00,0x00,0x00,0x00,0x00,0x00,0x00,0x00,0x00,0x00,
  0x00,0x00,0x00,0x00,0x00,0x00,0x00,0x00,0x00,0x00,0x00,0x00,
  0x00,0x00,0x00,0x00,0x00,0x00,0x00,0x00,0x00,0x00,0x00,0x00,
  0x00,0x00,0x00,0x00,0x00,0x00,0x00,0x00,0x00,0x00,0x00,0x00,
  0x00,0x00,0x00,0x00,0x00,0x00,0x00,0x00,0x00,0x00,0x00,0x00,
  0x00,0x00,0x00,0x00,0x00,0x12,0xA5,0x25,0xAB,0x78,0x00,0x00,
  0x00,0x00,0x00,0x00,0x00,0x00,0x00,0x00,0x00,0x00,0x00,0x00,
  0x00,0x00,0x00,0x00,0x00,0x00,0x00,0x00,0x00,0x00,0x00,0x00,
  0x00,0x00,0x00,0x00,0x00,0x00,0x00,0x00,0x00,0x00,0x00,0x00,
  0x00,0x00,0x00,0x00,0x00,0x00,0x00,0x00,0x00,0x00,0x00,0x00,
  0x00,0x00,0x00,0x00,0x00,0x00,0x00,0x00,0x00,0x00,0x00,0x00,
  0x00,0x11,0x54,0xAA,0xF7,0xA8,0x00,0x00,0x00,0x00,0x00,0x00,
  0x00,0x00,0x00,0x00,0x00,0x00,0x00,0x00,0x00,0x00,0x00,0x00,
  0x00,0x00,0x00,0x00,0x00,0x00,0x00,0x00,0x00,0x00,0x00,0x00,
  0x00,0x00,0x00,0x00,0x00,0x00,0x00,0x00,0x00,0x00,0x00,0x00,
  0x00,0x00,0x00,0x00,0x00,0x00,0x00,0x00,0x00,0x00,0x00,0x00,
  0x00,0x00,0x00,0x00,0x00,0x00,0x00,0x00,0x00,0x65,0x2A,0xA9,
  0xAD,0x70,0x00,0x00,0x00,0x00,0x00,0x00,0x00,0x00,0x00,0x00,
  0x00,0x00,0x00,0x00,0x00,0x00,0x00,0x00,0x00,0x00,0x00,0x00,
  0x00,0x00,0x00,0x00,0x00,0x00,0x00,0x00,0x00,0x00,0x00,0x00,
  0x00,0x00,0x00,0x00,0x00,0x00,0x00,0x00,0x00,0x00,0x00,0x00,
  0x00,0x00,0x00,0x00,0x00,0x00,0x00,0x00,0x00,0x00,0x00,0x00,
  0x00,0x00,0x00,0x00,0x00,0x45,0x55,0x57,0x7B,0xD8,0x00,0x00,
  0x00,0x00,0x00,0x00,0x00,0x00,0x00,0x00,0x00,0x00,0x00,0x00,
  0x00,0x00,0x00,0x00,0x00,0x00,0x00,0x00,0x00,0x00,0x00,0x00,
  0x00,0x00,0x00,0x00,0x00,0x00,0x00,0x00,0x00,0x00,0x00,0x00,
  0x00,0x00,0x00,0x00,0x00,0x00,0x00,0x00,0x00,0x00,0x00,0x00,
  0x00,0x00,0x00,0x00,0x00,0x00,0x00,0x00,0x00,0x00,0x00,0x00,
  0x00,0x95,0x4A,0x92,0xD6,0xB0,0x00,0x00,0x00,0x00,0x00,0x00,
  0x00,0x00,0x00,0x00,0x00,0x00,0x00,0x00,0x00,0x00,0x00,0x00,
  0x00,0x00,0x00,0x00,0x00,0x00,0x00,0x00,0x00,0x00,0x00,0x00,
  0x00,0x00,0x00,0x00,0x00,0x00,0x00,0x00,0x00,0x00,0x00,0x00,
  0x00,0x00,0x00,0x00,0x00,0x00,0x00,0x00,0x00,0x00,0x00,0x00,
  0x00,0x00,0x00,0x00,0x00,0x00,0x00,0x00,0x01,0x14,0xA9,0x57,
  0x7D,0xE0,0x00,0x00,0x00,0x00,0x00,0x00,0x00,0x00,0x00,0x00,
  0x00,0x00,0x00,0x00,0x00,0x00,0x00,0x00,0x00,0x00,0x00,0x00,
  0x00,0x00,0x00,0x00,0x00,0x00,0x00,0x00,0x00,0x00,0x00,0x00,
  0x00,0x00,0x00,0x00,0x00,0x00,0x00,0x00,0x00,0x00,0x00,0x00,
  0x00,0x00,0x00,0x00,0x00,0x00,0x00,0x00,0x00,0x00,0x00,0x00,
  0x00,0x00,0x00,0x00,0x02,0x55,0x55,0x2B,0xAB,0x60,0x00,0x00,
  0x00,0x00,0x00,0x00,0x00,0x00,0x00,0x00,0x00,0x00,0x00,0x00,
  0x00,0x00,0x00,0x00,0x00,0x00,0x00,0x00,0x00,0x00,0x00,0x00,
  0x00,0x00,0x00,0x00,0x00,0x00,0x00,0x00,0x00,0x00,0x00,0x00,
  0x00,0x00,0x00,0x00,0x00,0x00,0x00,0x00,0x00,0x00,0x00,0x00,
  0x00,0x00,0x00,0x00,0x00,0x00,0x00,0x00,0x00,0x00,0x00,0x00,
  0x04,0xAA,0xAA,0xAD,0x77,0xA0,0x00,0x00,0x00,0x00,0x00,0x00,
  0x00,0x00,0x00,0x00,0x00,0x00,0x00,0x00,0x00,0x00,0x00,0x00,
  0x00,0x00,0x00,0x00,0x00,0x00,0x00,0x00,0x00,0x00,0x00,0x00,
  0x00,0x00,0x00,0x00,0x00,0x00,0x00,0x00,0x00,0x00,0x00,0x00,
  0x00,0x00,0x00,0x00,0x00,0x00,0x00,0x00,0x00,0x00,0x00,0x00,
  0x00,0x00,0x00,0x00,0x00,0x00,0x00,0x00,0x09,0x25,0x24,0xAE,
  0xDD,0x60,0x00,0x00,0x00,0x00,0x00,0x00,0x00,0x00,0x00,0x00,
  0x00,0x00,0x00,0x00,0x00,0x00,0x00,0x00,0x00,0x00,0x00,0x00,
  0x00,0x00,0x00,0x00,0x00,0x00,0x00,0x00,0x00,0x00,0x00,0x00,
  0x00,0x00,0x00,0x00,0x00,0x00,0x00,0x00,0x00,0x00,0x00,0x00,
  0x00,0x00,0x00,0x00,0x00,0x00,0x00,0x00,0x00,0x00,0x00,0x00,
  0x00,0x00,0x00,0x00,0x12,0xAA,0xAA,0x95,0xEB,0xC0,0x00,0x00,
  0x00,0x00,0x00,0x00,0x00,0x00,0x00,0x00,0x00,0x00,0x00,0x00,
  0x00,0x00,0x00,0x00,0x00,0x00,0x00,0x00,0x00,0x00,0x00,0x00,
  0x00,0x00,0x00,0x00,0x00,0x00,0x00,0x00,0x00,0x00,0x00,0x00,
  0x00,0x00,0x00,0x00,0x00,0x00,0x00,0x00,0x00,0x00,0x00,0x00,
  0x00,0x00,0x00,0x00,0x00,0x00,0x00,0x00,0x00,0x00,0x00,0x00,
  0x21,0x55,0x55,0x5F,0x5E,0xC0,0x00,0x00,0x00,0x00,0x00,0x00,
  0x00,0x00,0x00,0x00,0x00,0x00,0x00,0x00,0x00,0x00,0x00,0x00,
  0x00,0x00,0x00,0x00,0x00,0x00,0x00,0x00,0x00,0x00,0x00,0x00,
  0x00,0x00,0x00,0x00,0x00,0x00,0x00,0x00,0x00,0x00,0x00,0x00,
  0x00,0x00,0x00,0x00,0x00,0x00,0x00,0x00,0x00,0x00,0x00,0x00,
  0x00,0x00,0x00,0x00,0x00,0x00,0x00,0x00,0x2A,0xAA,0x4A,0xB5,
  0xB5,0x40,0x00,0x00,0x00,0x00,0x00,0x00,0x00,0x00,0x00,0x00,
  0x00,0x00,0x00,0x00,0x00,0x00,0x00,0x00,0x00,0x00,0x00,0x00,
  0x00,0x00,0x00,0x00,0x00,0x00,0x00,0x00,0x00,0x00,0x00,0x00,
  0x00,0x00,0x00,0x00,0x00,0x00,0x00,0x00,0x00,0x00,0x00,0x00,
  0x00,0x00,0x00,0x00,0x00,0x00,0x00,0x00,0x00,0x00,0x00,0x00,
  0x00,0x00,0x00,0x00,0xC4,0x95,0x52,0x5E,0xEF,0xC0,0x00,0x00,
  0x00,0x00,0x00,0x00,0x00,0x00,0x00,0x00,0x00,0x00,0x00,0x00,
  0x00,0x00,0x00,0x00,0x00,0x00,0x00,0x00,0x00,0x00,0x00,0x00,
  0x00,0x00,0x00,0x00,0x00,0x00,0x00,0x00,0x00,0x00,0x00,0x00,
  0x00,0x00,0x00,0x00,0x00,0x00,0x00,0x00,0x00,0x00,0x00,0x00,
  0x00,0x00,0x00,0x00,0x00,0x00,0x00,0x00,0x00,0x00,0x00,0x00,
  0x92,0xA9,0x55,0x6B,0x75,0x80,0x00,0x00,0x00,0x00,0x00,0x00,
  0x00,0x00,0x00,0x00,0x00,0x00,0x00,0x00,0x00,0x00,0x00,0x00,
  0x00,0x00,0x00,0x00,0x00,0x00,0x00,0x00,0x00,0x00,0x00,0x00,
  0x00,0x00,0x00,0x00,0x00,0x00,0x00,0x00,0x00,0x00,0x00,0x00,
  0x00,0x00,0x00,0x00,0x00,0x00,0x00,0x00,0x00,0x00,0x00,0x00,
  0x00,0x00,0x00,0x00,0x00,0x00,0x00,0x01,0x0A,0xA5,0x2A,0x76,
  0xDE,0x80,0x00,0x00,0x00,0x00,0x00,0x00,0x00,0x00,0x00,0x00,
  0x00,0x00,0x00,0x00,0x00,0x00,0x00,0x00,0x00,0x00,0x00,0x00,
  0x00,0x00,0x00,0x00,0x00,0x00,0x00,0x00,0x00,0x00,0x00,0x00,
  0x00,0x00,0x00,0x00,0x00,0x00,0x00,0x00,0x00,0x00,0x00,0x00,
  0x00,0x00,0x00,0x00,0x00,0x00,0x00,0x00,0x00,0x00,0x00,0x00,
  0x00,0x00,0x00,0x02,0x55,0x55,0x52,0xDB,0xB5,0x80,0x00,0x00,
  0x00,0x00,0x00,0x00,0x00,0x00,0x00,0x00,0x00,0x00,0x00,0x00,
  0x00,0x00,0x00,0x00,0x00,0x00,0x00,0x00,0x00,0x00,0x00,0x00,
  0x00,0x00,0x00,0x00,0x00,0x00,0x00,0x00,0x00,0x00,0x00,0x00,
  0x00,0x00,0x00,0x00,0x00,0x00,0x00,0x00,0x00,0x00,0x00,0x00,
  0x00,0x00,0x00,0x00,0x00,0x00,0x00,0x00,0x00,0x00,0x00,0x04,
  0x2A,0xAA,0xAA,0xB6,0xDF,0x00,0x00,0x00,0x00,0x00,0x00,0x00,
  0x00,0x00,0x00,0x00,0x00,0x00,0x00,0x00,0x00,0x00,0x00,0x00,
  0x00,0x00,0x00,0x00,0x00,0x00,0x00,0x00,0x00,0x00,0x00,0x00,
  0x00,0x00,0x00,0x00,0x00,0x00,0x00,0x00,0x00,0x00,0x00,0x00,
  0x00,0x00,0x00,0x00,0x00,0x00,0x00,0x00,0x00,0x00,0x00,0x00,
  0x00,0x00,0x00,0x00,0x00,0x00,0x00,0x09,0x55,0x29,0x4A,0xEF,
  0x75,0x00,0x00,0x00,0x00,0x00,0x00,0x00,0x00,0x00,0x00,0x00,
  0x00,0x00,0x00,0x00,0x00,0x00,0x00,0x00,0x00,0x00,0x00,0x00,
  0x00,0x00,0x00,0x00,0x00,0x00,0x00,0x00,0x00,0x00,0x00,0x00,
  0x00,0x00,0x00,0x00,0x00,0x00,0x00,0x00,0x00,0x00,0x00,0x00,
  0x00,0x00,0x00,0x00,0x00,0x00,0x00,0x00,0x00,0x00,0x00,0x00,
  0x00,0x00,0x00,0x12,0x4A,0xA5,0x29,0xBA,0xDF,0x00,0x00,0x00,
  0x00,0x00,0x00,0x00,0x00,0x00,0x00,0x00,0x00,0x00,0x00,0x00,
  0x00,0x00,0x00,0x00,0x00,0x00,0x00,0x00,0x00,0x00,0x00,0x00,
  0x00,0x00,0x00,0x00,0x00,0x00,0x00,0x00,0x00,0x00,0x00,0x00,
  0x00,0x00,0x00,0x00,0x00,0x00,0x00,0x00,0x00,0x00,0x00,0x00,
  0x00,0x00,0x00,0x00,0x00,0x00,0x00,0x00,0x00,0x00,0x00,0x24,
  0xA9,0x55,0x55,0xD7,0xB5,0x00,0x00,0x00,0x00,0x00,0x00,0x00,
  0x00,0x00,0x00,0x00,0x00,0x00,0x00,0x00,0x00,0x00,0x00,0x00,
  0x00,0x00,0x00,0x00,0x00,0x00,0x00,0x00,0x00,0x00,0x00,0x00,
  0x00,0x00,0x00,0x00,0x00,0x00,0x00,0x00,0x00,0x00,0x00,0x00,
  0x00,0x00,0x00,0x00,0x00,0x00,0x00,0x00,0x00,0x00,0x00,0x00,
  0x00,0x00,0x00,0x00,0x00,0x00,0x00,0x49,0x55,0x2A,0xAB,0x7D,
  0x6E,0x00,0x00,0x00,0x00,0x00,0x00,0x00,0x00,0x00,0x00,0x00,
  0x00,0x00,0x00,0x00,0x00,0x00,0x00,0x00,0x00,0x00,0x00,0x00,
  0x00,0x00,0x00,0x00,0x00,0x00,0x00,0x00,0x00,0x00,0x00,0x00,
  0x00,0x00,0x00,0x00,0x00,0x00,0x00,0x00,0x00,0x00,0x00,0x00,
  0x00,0x00,0x00,0x00,0x00,0x00,0x00,0x00,0x00,0x00,0x00,0x00,
  0x00,0x00,0x00,0x82,0xAA,0xAA,0x53,0xAB,0xF6,0x00,0x00,0x00,
  0x00,0x00,0x00,0x00,0x00,0x00,0x00,0x00,0x00,0x00,0x00,0x00,
  0x00,0x00,0x00,0x00,0x00,0x00,0x00,0x00,0x00,0x00,0x00,0x00,
  0x00,0x00,0x00,0x00,0x00,0x00,0x00,0x00,0x00,0x00,0x00,0x00,
  0x00,0x00,0x00,0x00,0x00,0x00,0x00,0x00,0x00,0x00,0x00,0x00,
  0x00,0x00,0x00,0x00,0x00,0x00,0x00,0x00,0x00,0x00,0x00,0x95,
  0x52,0xA5,0x4D,0x7E,0xAC,0x00,0x00,0x00,0x00,0x00,0x00,0x00,
  0x00,0x00,0x00,0x00,0x00,0x00,0x00,0x00,0x00,0x00,0x00,0x00,
  0x00,0x00,0x00,0x00,0x00,0x00,0x00,0x00,0x00,0x00,0x00,0x00,
  0x00,0x00,0x00,0x00,0x00,0x00,0x00,0x00,0x00,0x00,0x00,0x00,
  0x00,0x00,0x00,0x00,0x00,0x00,0x00,0x00,0x00,0x00,0x00,0x00,
  0x00,0x00,0x00,0x00,0x00,0x00,0x03,0x0A,0x95,0x2A,0xA7,0xD5,
  0xF6,0x00,0x00,0x00,0x00,0x00,0x00,0x00,0x00,0x00,0x00,0x00,
  0x00,0x00,0x00,0x00,0x00,0x00,0x00,0x00,0x00,0x00,0x00,0x00,
  0x00,0x00,0x00,0x00,0x00,0x00,0x00,0x00,0x00,0x00,0x00,0x00,
  0x00,0x00,0x00,0x00,0x00,0x00,0x00,0x00,0x00,0x00,0x00,0x00,
  0x00,0x00,0x00,0x00,0x00,0x00,0x00,0x00,0x00,0x00,0x00,0x00,
  0x00,0x00,0x02,0x55,0x54,0xA9,0x2D,0x7B,0x5C,0x00,0x00,0x00,
  0x00,0x00,0x00,0x00,0x00,0x00,0x00,0x00,0x00,0x00,0x00,0x00,
  0x00,0x00,0x00,0x00,0x00,0x00,0x00,0x00,0x00,0x00,0x00,0x00,
  0x00,0x00,0x00,0x00,0x00,0x00,0x00,0x00,0x00,0x00,0x00,0x00,
  0x00,0x00,0x00,0x00,0x00,0x00,0x00,0x00,0x00,0x00,0x00,0x00,
  0x00,0x00,0x00,0x00,0x00,0x00,0x00,0x00,0x00,0x00,0x04,0x12,
  0x52,0xA5,0x57,0xAE,0xEC,0x00,0x00,0x00,0x00,0x00,0x00,0x00,
  0x00,0x00,0x00,0x00,0x00,0x00,0x00,0x00,0x00,0x00,0x00,0x00,
  0x00,0x00,0x00,0x00,0x00,0x00,0x00,0x00,0x00,0x00,0x00,0x00,
  0x00,0x00,0x00,0x00,0x00,0x00,0x00,0x00,0x00,0x00,0x00,0x00,
  0x00,0x00,0x00,0x00,0x00,0x00,0x00,0x00,0x00,0x00,0x00,0x00,
  0x00,0x00,0x00,0x00,0x00,0x00,0x09,0x55,0x4A,0xAA,0xAD,0x77,
  0x78,0x00,0x00,0x00,0x00,0x00,0x00,0x00,0x00,0x00,0x00,0x00,
  0x00,0x00,0x00,0x00,0x00,0x00,0x00,0x00,0x00,0x00,0x00,0x00,
  0x00,0x00,0x00,0x00,0x00,0x00,0x00,0x00,0x00,0x00,0x00,0x00,
  0x00,0x00,0x00,0x00,0x00,0x00,0x00,0x00,0x00,0x00,0x00,0x00,
  0x00,0x00,0x00,0x00,0x00,0x00,0x00,0x00,0x00,0x00,0x00,0x00,
  0x00,0x00,0x12,0x55,0x55,0x55,0x3B,0xDA,0xD8,0x00,0x00,0x00,
  0x00,0x00,0x00,0x00,0x00,0x00,0x00,0x00,0x00,0x00,0x00,0x00,
  0x00,0x00,0x00,0x00,0x00,0x00,0x00,0x00,0x00,0x00,0x00,0x00,
  0x00,0x00,0x00,0x00,0x00,0x00,0x00,0x00,0x00,0x00,0x00,0x00,
  0x00,0x00,0x00,0x00,0x00,0x00,0x00,0x00,0x00,0x00,0x00,0x00,
  0x00,0x00,0x00,0x00,0x00,0x00,0x00,0x00,0x00,0x00,0x20,0xAA,
  0x55,0x24,0x9E,0xB7,0xA8,0x00,0x00,0x00,0x00,0x00,0x00,0x00,
  0x00,0x00,0x00,0x00,0x00,0x00,0x00,0x00,0x00,0x00,0x00,0x00,
  0x00,0x00,0x00,0x00,0x00,0x00,0x00,0x00,0x00,0x00,0x00,0x00,
  0x00,0x00,0x00,0x00,0x00,0x00,0x00,0x00,0x00,0x00,0x00,0x00,
  0x00,0x00,0x00,0x00,0x00,0x00,0x00,0x00,0x00,0x00,0x00,0x00,
  0x00,0x00,0x00,0x00,0x00,0x00,0x4A,0x92,0xA9,0x55,0x75,0xED,
  0x78,0x00,0x00,0x00,0x00,0x00,0x00,0x00,0x00,0x00,0x00,0x00,
  0x00,0x00,0x00,0x00,0x00,0x00,0x00,0x00,0x00,0x00,0x00,0x00,
  0x00,0x00,0x00,0x00,0x00,0x00,0x00,0x00,0x00,0x00,0x00,0x00,
  0x00,0x00,0x00,0x00,0x00,0x00,0x00,0x00,0x00,0x00,0x00,0x00,
  0x00,0x00,0x00,0x00,0x00,0x00,0x00,0x00,0x00,0x00,0x00,0x00,
  0x00,0x00,0x82,0x55,0x4A,0xAA,0xAF,0x5F,0xD0,0x00,0x00,0x00,
  0x00,0x00,0x00,0x00,0x00,0x00,0x00,0x00,0x00,0x00,0x00,0x00,
  0x00,0x00,0x00,0x00,0x00,0x00,0x00,0x00,0x00,0x00,0x00,0x00,
  0x00,0x00,0x00,0x00,0x00,0x00,0x00,0x00,0x00,0x00,0x00,0x00,
  0x00,0x00,0x00,0x00,0x00,0x00,0x00,0x00,0x00,0x00,0x00,0x00,
  0x00,0x00,0x00,0x00,0x00,0x00,0x00,0x00,0x00,0x01,0x2A,0xAA,
  0xAA,0x49,0x75,0xF5,0x70,0x00,0x00,0x00,0x00,0x00,0x00,0x00,
  0x00,0x00,0x00,0x00,0x00,0x00,0x00,0x00,0x00,0x00,0x00,0x00,
  0x00,0x00,0x00,0x00,0x00,0x00,0x00,0x00,0x00,0x00,0x00,0x00,
  0x00,0x00,0x00,0x00,0x00,0x00,0x00,0x00,0x00,0x00,0x00,0x00,
  0x00,0x00,0x00,0x00,0x00,0x00,0x00,0x00,0x00,0x00,0x00,0x00,
  0x00,0x00,0x00,0x00,0x00,0x01,0x09,0x54,0x95,0x55,0x5E,0xAE,
  0xD0,0x00,0x00,0x00,0x00,0x00,0x00,0x00,0x00,0x00,0x00,0x00,
  0x00,0x00,0x00,0x00,0x00,0x00,0x00,0x00,0x00,0x00,0x00,0x00,
  0x00,0x00,0x00,0x00,0x00,0x00,0x00,0x00,0x00,0x00,0x00,0x00,
  0x00,0x00,0x00,0x00,0x00,0x00,0x00,0x00,0x00,0x00,0x00,0x00,
  0x00,0x00,0x00,0x00,0x00,0x00,0x00,0x00,0x00,0x00,0x00,0x00,
  0x00,0x02,0x55,0x4A,0xA9,0x54,0xEB,0xF7,0xA0,0x00,0x00,0x00,
  0x00,0x00,0x00,0x00,0x00,0x00,0x00,0x00,0x00,0x00,0x00,0x00,
  0x00,0x00,0x00,0x00,0x00,0x00,0x00,0x00,0x00,0x00,0x00,0x00,
  0x00,0x00,0x00,0x00,0x00,0x00,0x00,0x00,0x00,0x00,0x00,0x00,
  0x00,0x00,0x00,0x00,0x00,0x00,0x00,0x00,0x00,0x00,0x00,0x00,
  0x00,0x00,0x00,0x00,0x00,0x00,0x00,0x00,0x00,0x04,0x0A,0xAA,
  0xA5,0x25,0xBD,0x5A,0xE0,0x00,0x00,0x00,0x00,0x00,0x00,0x00,
  0x00,0x00,0x00,0x00,0x00,0x00,0x00,0x00,0x00,0x00,0x00,0x00,
  0x00,0x00,0x00,0x00,0x00,0x00,0x00,0x00,0x00,0x00,0x00,0x00,
  0x00,0x00,0x00,0x00,0x00,0x00,0x00,0x00,0x00,0x00,0x00,0x00,
  0x00,0x00,0x00,0x00,0x00,0x00,0x00,0x00,0x00,0x00,0x00,0x00,
  0x00,0x00,0x00,0x00,0x00,0x09,0x55,0x52,0x55,0x55,0x6B,0xB7,
  0x60,0x00,0x00,0x00,0x00,0x00,0x00,0x00,0x00,0x00,0x00,0x00,
  0x00,0x00,0x00,0x00,0x00,0x00,0x00,0x00,0x00,0x00,0x00,0x00,
  0x00,0x00,0x00,0x00,0x00,0x00,0x00,0x00,0x00,0x00,0x00,0x00,
  0x00,0x00,0x00,0x00,0x00,0x00,0x00,0x00,0x00,0x00,0x00,0x00,
  0x00,0x00,0x00,0x00,0x00,0x00,0x00,0x00,0x00,0x00,0x00,0x00,
  0x00,0x10,0x2A,0x4A,0xAA,0xA9,0xDE,0xED,0xC0,0x00,0x00,0x00,
  0x00,0x00,0x00,0x00,0x00,0x00,0x00,0x00,0x00,0x00,0x00,0x00,
  0x00,0x00,0x00,0x00,0x00,0x00,0x00,0x00,0x00,0x00,0x00,0x00,
  0x00,0x00,0x00,0x00,0x00,0x00,0x00,0x00,0x00,0x00,0x00,0x00,
  0x00,0x00,0x00,0x00,0x00,0x00,0x00,0x00,0x00,0x00,0x00,0x00,
  0x00,0x00,0x00,0x00,0xBC,0x00,0x00,0x00,0x00,0x25,0x55,0x55,
  0x49,0x27,0x6B,0x7B,0x40,0x00,0x00,0x00,0x00,0x00,0x00,0x00,
  0x00,0x00,0x00,0x00,0x00,0x00,0x00,0x00,0x00,0x00,0x00,0x00,
  0x00,0x00,0x00,0x00,0x00,0x00,0x00,0x00,0x00,0x00,0x00,0x00,
  0x00,0x00,0x00,0x00,0x00,0x00,0x00,0x00,0x00,0x00,0x00,0x00,
  0x00,0x00,0x00,0x00,0x00,0x00,0x00,0x00,0x00,0x00,0x00,0x07,
  0xF0,0x00,0x00,0x00,0x00,0x40,0xA9,0x54,0xAA,0xAA,0xDD,0xAE,
  0xC0,0x00,0x00,0x00,0x00,0x00,0x00,0x00,0x00,0x00,0x00,0x00,
  0x00,0x00,0x00,0x00,0x00,0x00,0x00,0x00,0x00,0x00,0x00,0x00,
  0x00,0x00,0x00,0x00,0x00,0x00,0x00,0x00,0x00,0x00,0x00,0x00,
  0x00,0x00,0x00,0x00,0x00,0x00,0x00,0x00,0x00,0x00,0x00,0x00,
  0x00,0x00,0x00,0x00,0x00,0x00,0x00,0x3D,0xC0,0x00,0x00,0x00,
  0x00,0x95,0x55,0x2A,0x95,0x57,0x77,0x77,0x80,0x00,0x00,0x00,
  0x00,0x00,0x00,0x00,0x00,0x00,0x00,0x00,0x00,0x00,0x00,0x00,
  0x00,0x00,0x00,0x00,0x00,0x00,0x00,0x00,0x00,0x00,0x00,0x00,
  0x00,0x00,0x00,0x00,0x00,0x00,0x00,0x00,0x00,0x00,0x00,0x00,
  0x00,0x00,0x00,0x00,0x00,0x00,0x00,0x00,0x00,0x00,0x00,0x00,
  0x00,0x00,0x00,0xD7,0x40,0x00,0x00,0x00,0x00,0x82,0xAA,0xA5,
  0x52,0x4A,0xDB,0xBA,0xC0,0x00,0x00,0x00,0x00,0x00,0x00,0x00,
  0x00,0x00,0x00,0x00,0x00,0x00,0x00,0x00,0x00,0x00,0x00,0x00,
  0x00,0x00,0x00,0x00,0x00,0x00,0x00,0x00,0x00,0x00,0x00,0x00,
  0x00,0x00,0x00,0x00,0x00,0x00,0x00,0x00,0x00,0x00,0x00,0x00,
  0x00,0x00,0x00,0x00,0x00,0x00,0x00,0x00,0x00,0x00,0x03,0x7F,
  0x80,0x00,0x00,0x00,0x03,0x2A,0x95,0x54,0xAA,0xAF,0xBD,0x6F,
  0x80,0x00,0x00,0x00,0x00,0x00,0x00,0x00,0x00,0x00,0x00,0x00,
  0x00,0x00,0x00,0x00,0x00,0x00,0x00,0x00,0x00,0x00,0x00,0x00,
  0x00,0x00,0x00,0x00,0x00,0x00,0x00,0x00,0x00,0x00,0x00,0x00,
  0x00,0x00,0x00,0x00,0x00,0x00,0x00,0x00,0x00,0x00,0x00,0x00,
  0x00,0x00,0x00,0x00,0x00,0x00,0x0D,0xEE,0x00,0x00,0x00,0x00,
  0x02,0x05,0x52,0x52,0x95,0x2A,0xEB,0xDA,0x80,0x00,0x00,0x00,
  0x00,0x00,0x00,0x00,0x00,0x00,0x00,0x00,0x00,0x00,0x00,0x00,
  0x00,0x00,0x00,0x00,0x00,0x00,0x00,0x00,0x00,0x00,0x00,0x00,
  0x00,0x00,0x00,0x00,0x00,0x00,0x00,0x00,0x00,0x00,0x00,0x00,
  0x00,0x00,0x00,0x00,0x00,0x00,0x00,0x00,0x00,0x00,0x00,0x00,
  0x00,0x00,0x37,0xBC,0x00,0x00,0x00,0x00,0x04,0x54,0xAA,0xAA,
  0xA9,0x5B,0x5D,0x6D,0x00,0x00,0x00,0x00,0x00,0x00,0x00,0x00,
  0x00,0x00,0x00,0x00,0x00,0x00,0x00,0x00,0x00,0x00,0x00,0x00,
  0x00,0x00,0x00,0x00,0x00,0x00,0x00,0x00,0x00,0x00,0x00,0x00,
  0x00,0x00,0x00,0x00,0x00,0x00,0x00,0x00,0x00,0x00,0x00,0x00,
  0x00,0x00,0x00,0x00,0x00,0x00,0x00,0x00,0x00,0x00,0x9D,0xF8,
  0x00,0x00,0x00,0x00,0x08,0x15,0x55,0x4A,0x55,0x57,0xEF,0xB7,
  0x00,0x00,0x00,0x00,0x00,0x00,0x00,0x00,0x00,0x00,0x00,0x00,
  0x00,0x00,0x00,0x00,0x00,0x00,0x00,0x00,0x00,0x00,0x00,0x00,
  0x00,0x00,0x00,0x00,0x00,0x00,0x00,0x00,0x00,0x00,0x00,0x00,
  0x00,0x00,0x00,0x00,0x00,0x00,0x00,0x00,0x00,0x00,0x00,0x00,
  0x00,0x00,0x00,0x00,0x00,0x01,0x77,0x60,0x00,0x00,0x00,0x00,
  0x12,0xAA,0xA4,0xA9,0x4A,0x5D,0x5A,0xED,0x00,0x00,0x00,0x00,
  0x00,0x00,0x00,0x00,0x00,0x00,0x00,0x00,0x00,0x00,0x00,0x00,
  0x00,0x00,0x00,0x00,0x00,0x00,0x00,0x00,0x00,0x00,0x00,0x00,
  0x00,0x00,0x00,0x00,0x00,0x00,0x00,0x00,0x00,0x00,0x00,0x00,
  0x00,0x00,0x00,0x00,0x00,0x00,0x00,0x00,0x00,0x00,0x00,0x00,
  0x00,0x06,0xFD,0xE0,0x00,0x00,0x00,0x00,0x24,0x52,0x95,0x55,
  0x52,0xB6,0xED,0xBB,0x00,0x00,0x00,0x00,0x00,0x00,0x00,0x00,
  0x00,0x00,0x00,0x00,0x00,0x00,0x00,0x00,0x00,0x00,0x00,0x00,
  0x00,0x00,0x00,0x00,0x00,0x00,0x00,0x00,0x00,0x00,0x00,0x00,
  0x00,0x00,0x00,0x00,0x00,0x00,0x00,0x00,0x00,0x00,0x00,0x00,
  0x00,0x00,0x00,0x00,0x00,0x00,0x00,0x00,0x00,0x1B,0xAF,0xC0,
  0x00,0x00,0x00,0x00,0x61,0x2A,0x55,0x25,0x55,0x5B,0xB7,0x6E,
  0x00,0x00,0x00,0x00,0x00,0x00,0x00,0x00,0x00,0x00,0x00,0x00,
  0x00,0x00,0x00,0x00,0x00,0x00,0x00,0x00,0x00,0x00,0x00,0x00,
  0x00,0x00,0x00,0x00,0x00,0x00,0x00,0x00,0x00,0x00,0x00,0x00,
  0x00,0x00,0x00,0x00,0x00,0x00,0x00,0x00,0x00,0x00,0x00,0x00,
  0x00,0x00,0x00,0x00,0x00,0x46,0xFD,0x80,0x00,0x00,0x00,0x00,
  0x88,0xAA,0xAA,0xAA,0x4A,0x6E,0xDD,0xB6,0x00,0x00,0x00,0x00,
  0x00,0x00,0x00,0x00,0x00,0x00,0x00,0x00,0x00,0x00,0x00,0x00,
  0x00,0x00,0x00,0x00,0x00,0x00,0x00,0x00,0x00,0x00,0x00,0x00,
  0x00,0x00,0x00,0x00,0x00,0x00,0x00,0x00,0x00,0x00,0x00,0x00,
  0x00,0x00,0x00,0x00,0x00,0x00,0x00,0x00,0x00,0x00,0x00,0x00,
  0x00,0xBF,0xEF,0x00,0x00,0x00,0x00,0x01,0x02,0xAA,0xA9,0x55,
  0x55,0x75,0xB6,0xEC,0x00,0x00,0x00,0x00,0x00,0x00,0x00,0x00,
  0x00,0x00,0x00,0x00,0x00,0x00,0x00,0x00,0x00,0x00,0x00,0x00,
  0x00,0x00,0x00,0x00,0x00,0x00,0x00,0x00,0x00,0x00,0x00,0x00,
  0x00,0x00,0x00,0x00,0x00,0x00,0x00,0x00,0x00,0x00,0x00,0x00,
  0x00,0x00,0x00,0x00,0x00,0x00,0x00,0x00,0x03,0x6D,0xBC,0x00,
  0x00,0x00,0x00,0x02,0x12,0xA5,0x55,0x29,0x52,0xDE,0xEF,0x74,
  0x00,0x00,0x00,0x00,0x00,0x00,0x00,0x00,0x00,0x00,0x00,0x00,
  0x00,0x00,0x00,0x00,0x00,0x00,0x00,0x00,0x00,0x00,0x00,0x00,
  0x00,0x00,0x00,0x00,0x00,0x00,0x00,0x00,0x00,0x00,0x00,0x00,
  0x00,0x00,0x00,0x00,0x00,0x00,0x00,0x00,0x00,0x00,0x00,0x00,
  0x00,0x00,0x00,0x00,0x08,0xFF,0xEC,0x00,0x00,0x00,0x00,0x0C,
  0x8A,0x94,0x94,0xA5,0x2A,0xEB,0xBA,0xDC,0x00,0x00,0x00,0x00,
  0x00,0x00,0x00,0x00,0x00,0x00,0x00,0x00,0x00,0x00,0x00,0x00,
  0x00,0x00,0x00,0x00,0x00,0x00,0x00,0x00,0x00,0x00,0x00,0x00,
  0x00,0x00,0x00,0x00,0x00,0x00,0x00,0x00,0x00,0x00,0x00,0x00,
  0x00,0x00,0x00,0x00,0x00,0x00,0x00,0x00,0x00,0x00,0x00,0x00,
  0x17,0xB5,0x78,0x00,0x00,0x00,0x00,0x10,0x45,0x55,0x52,0xAA,
  0xA9,0xBD,0x6F,0x6C,0x00,0x00,0x00,0x00,0x00,0x00,0x00,0x00,
  0x00,0x00,0x00,0x00,0x00,0x00,0x00,0x00,0x00,0x00,0x00,0x00,
  0x00,0x00,0x00,0x00,0x00,0x00,0x00,0x00,0x00,0x00,0x00,0x00,
  0x00,0x00,0x00,0x00,0x00,0x00,0x00,0x00,0x00,0x00,0x00,0x00,
  0x00,0x00,0x00,0x00,0x00,0x00,0x00,0x00,0x67,0xEF,0xE0,0x00,
  0x00,0x00,0x00,0x62,0x2A,0xAA,0xAA,0xAA,0x95,0xAB,0xDA,0xD8,
  0x00,0x00,0x00,0x00,0x00,0x00,0x00,0x00,0x00,0x00,0x00,0x00,
  0x00,0x00,0x00,0x00,0x00,0x00,0x00,0x00,0x00,0x00,0x00,0x00,
  0x00,0x00,0x00,0x00,0x00,0x00,0x00,0x00,0x00,0x00,0x00,0x00,
  0x00,0x00,0x00,0x00,0x00,0x00,0x00,0x00,0x00,0x00,0x00,0x00,
  0x00,0x00,0x00,0x01,0x1D,0xBF,0x60,0x00,0x00,0x00,0x00,0x89,
  0x14,0xAA,0x95,0x54,0xAB,0x7E,0xB7,0xB8,0x00,0x00,0x00,0x00,
  0x00,0x00,0x00,0x00,0x00,0x00,0x00,0x00,0x00,0x00,0x00,0x00,
  0x00,0x00,0x00,0x00,0x00,0x00,0x00,0x00,0x00,0x00,0x00,0x00,
  0x00,0x00,0x00,0x00,0x00,0x00,0x00,0x00,0x00,0x00,0x00,0x00,
  0x00,0x00,0x00,0x00,0x00,0x00,0x00,0x00,0x00,0x00,0x00,0x02,
  0xFF,0xF5,0xC0,0x00,0x00,0x00,0x03,0x04,0xAA,0xA5,0x55,0x25,
  0x53,0xD5,0xED,0x68,0x00,0x00,0x00,0x00,0x00,0x00,0x00,0x00,
  0x00,0x00,0x00,0x00,0x00,0x00,0x00,0x00,0x00,0x00,0x00,0x00,
  0x00,0x00,0x00,0x00,0x00,0x00,0x00,0x00,0x00,0x00,0x00,0x00,
  0x00,0x00,0x00,0x00,0x00,0x00,0x00,0x00,0x00,0x00,0x00,0x00,
  0x00,0x00,0x00,0x00,0x00,0x00,0x00,0x0C,0xED,0x7F,0x00,0x00,
  0x00,0x00,0x1C,0x51,0x2A,0x94,0xA9,0x55,0x2A,0xBB,0x77,0xD8,
  0x00,0x00,0x00,0x00,0x00,0x00,0x00,0x00,0x00,0x00,0x00,0x00,
  0x00,0x00,0x00,0x00,0x00,0x00,0x00,0x00,0xC0,0x00,0x00,0x00,
  0x00,0x00,0x00,0x00,0x00,0x00,0x00,0x00,0x00,0x00,0x00,0x00,
  0x00,0x00,0x00,0x00,0x00,0x00,0x00,0x03,0x00,0x00,0x00,0x00,
  0x00,0x00,0x00,0x33,0xBF,0xDB,0x00,0x00,0x00,0x00,0x60,0x08,
  0xA9,0x55,0x55,0x52,0xA7,0xDE,0xDD,0x70,0x00,0x00,0x00,0x00,
  0x00,0x00,0x00,0x00,0x00,0x00,0x00,0x00,0x00,0x00,0x00,0x00,
  0x00,0x00,0x00,0x01,0x00,0x00,0x00,0x00,0x00,0x00,0x00,0x00,
  0x00,0x00,0x00,0x00,0x00,0x00,0x00,0x00,0x00,0x00,0x00,0x00,
  0x00,0x00,0x00,0x04,0x00,0x00,0x00,0x00,0x00,0x00,0x00,0x4F,
  0xF7,0x7C,0x00,0x00,0x00,0x05,0x85,0x45,0x55,0x55,0x25,0x2A,
  0xAD,0x6B,0xB6,0xD0,0x00,0x00,0x00,0x00,0x00,0x00,0x00,0x00,
  0x00,0x00,0x00,0x00,0x00,0x00,0x00,0x00,0x00,0x00,0x00,0x02,
  0x80,0x00,0x00,0x00,0x00,0x00,0x00,0x00,0x00,0x00,0x00,0x00,
  0x00,0x00,0x00,0x00,0x00,0x00,0x00,0x00,0x00,0x00,0x00,0x0A,
  0x00,0x00,0x00,0x00,0x00,0x00,0x01,0x9A,0xDD,0xE8,0x00,0x00,
  0x00,0x5A,0x28,0x22,0xAA,0xAA,0xAA,0xAA,0x57,0xBD,0x6D,0xB0,
  0x00,0x00,0x00,0x00,0x00,0x00,0x00,0x00,0x00,0x00,0x00,0x00,
  0x00,0x00,0x04,0xAD,0xB5,0xAF,0xF6,0xB7,0xF6,0xB6,0xB5,0xAD,
  0xB5,0xAD,0x55,0x55,0x55,0x55,0x55,0x55,0x55,0x55,0x55,0x55,
  0x55,0x55,0x55,0x54,0x92,0x49,0x24,0x96,0x92,0x22,0x22,0x42,
  0x10,0x81,0x06,0x7F,0xFF,0xB8,0x00,0x00,0x05,0xA0,0x85,0x4A,
  0x54,0x92,0xAA,0xA5,0x5D,0x6B,0xDB,0xE0,0x00,0x00,0x00,0x00,
  0x00,0x00,0x00,0x00,0x00,0x00,0x00,0x00,0x00,0x2B,0xFA,0xA0,
  0x04,0x10,0x00,0x88,0x01,0x08,0x88,0x42,0x0A,0x52,0xAA,0xAA,
  0xAA,0xAA,0xAA,0xAA,0xAA,0xAA,0xAA,0xAA,0xAA,0xAA,0xAA,0xAB,
  0x55,0x55,0x55,0x6A,0xDB,0xDD,0xDD,0xBD,0xEF,0x7E,0xF9,0xDB,
  0xB6,0xF7,0xFB,0xB5,0x7E,0x0A,0x20,0x2A,0xAA,0xAA,0x54,0x95,
  0x2B,0xDE,0xBE,0xA0,0x00,0x00,0x00,0x00,0x00,0x00,0x00,0x00,
  0x00,0x00,0x00,0x00,0x5B,0xD0,0x00,0x00,0x00,0x00,0x00,0x00,
  0x00,0x00,0x00,0x00,0x00,0x00,0x00,0x00,0x00,0x00,0x00,0x00,
  0x00,0x00,0x00,0x00,0x00,0x00,0x00,0x00,0x00,0x00,0x00,0x00,
  0x00,0x00,0x00,0x00,0x00,0x00,0x23,0x7F,0xFF,0xC0,0x00,0x02,
  0x91,0xF5,0xAD,0x44,0x45,0x55,0x4A,0xAA,0xBD,0x75,0xEB,0x60,
  0x00,0x00,0x00,0x00,0x00,0x00,0x00,0x00,0x00,0x00,0x00,0x17,
  0x40,0x00,0x00,0x00,0x00,0x00,0x00,0x00,0x00,0x00,0x00,0x00,
  0x00,0x00,0x00,0x00,0x00,0x00,0x00,0x00,0x00,0x00,0x00,0x00,
  0x00,0x00,0x00,0x00,0x00,0x00,0x00,0x00,0x00,0x00,0x00,0x00,
  0x00,0x00,0xCF,0xFD,0xFF,0x80,0x00,0x00,0x00,0x00,0x52,0xB5,
  0x10,0x09,0x55,0x54,0xAB,0xAE,0xB6,0xC0,0x00,0x00,0x00,0x00,
  0x00,0x00,0x00,0x00,0x00,0x00,0x05,0xD0,0x00,0x00,0x00,0x00,
  0x00,0x00,0x00,0x00,0x00,0x00,0x00,0x00,0x00,0x00,0x00,0x00,
  0x00,0x00,0x00,0x00,0x00,0x00,0x00,0x00,0x00,0x00,0x00,0x00,
  0x00,0x00,0x00,0x00,0x00,0x00,0x00,0x00,0x00,0x03,0x1F,0xDF,
  0xB6,0x00,0x00,0x00,0x00,0x00,0x00,0x02,0xD7,0xA4,0x49,0x2A,
  0xBE,0xF7,0xDB,0xC0,0x00,0x00,0x00,0x00,0x00,0x00,0x00,0x00,
  0x00,0x00,0xBA,0x00,0x00,0x00,0x00,0x00,0x00,0x00,0x00,0x00,
  0x00,0x00,0x00,0x00,0x00,0x00,0x00,0x00,0x00,0x00,0x00,0x00,
  0x00,0x00,0x00,0x00,0x00,0x00,0x00,0x00,0x00,0x00,0x00,0x00,
  0x00,0x00,0x00,0x00,0x00,0x0C,0xFB,0x7B,0xFE,0x00,0x00,0x00,
  0x00,0x00,0x00,0x00,0x00,0x5B,0xAA,0x92,0xEB,0x5A,0xB6,0x80,
  0x00,0x00,0x00,0x00,0x00,0x00,0x00,0x00,0x00,0x0E,0x80,0x00,
  0x00,0x00,0x00,0x00,0x00,0x00,0x00,0x00,0x00,0x00,0x00,0x00,
  0x00,0x00,0x00,0x00,0x00,0x00,0x00,0x00,0x00,0x00,0x00,0x00,
  0x00,0x00,0x00,0x00,0x00,0x00,0x00,0x00,0x00,0x00,0x00,0x00,
  0x00,0x33,0x7F,0xFF,0xF8,0x00,0x00,0x00,0x00,0x00,0x00,0x00,
  0x00,0x00,0x2A,0xED,0x5D,0xEF,0x6D,0x80,0x00,0x01,0x55,0x60,
  0x00,0x00,0x00,0x00,0x00,0xE0,0x00,0x00,0x00,0x00,0x00,0x00,
  0x00,0x00,0x00,0x00,0x00,0x00,0x00,0x00,0x00,0x00,0x00,0x00,
  0x00,0x00,0x00,0x00,0x00,0x00,0x00,0x00,0x00,0x00,0x00,0x00,
  0x00,0x00,0x00,0x00,0x00,0x00,0x00,0x00,0x01,0xCF,0xFF,0xFF,
  0xD0,0x00,0x00,0x00,0x00,0x00,0x00,0x00,0x00,0x00,0x00,0x05,
  0x77,0x5A,0xDE,0x80,0x00,0x5F,0xFF,0xC0,0x00,0x00,0x00,0x00,
  0x07,0x00,0x00,0x00,0x00,0x00,0x00,0x00,0x00,0x00,0x00,0x00,
  0x00,0x00,0x00,0x00,0x00,0x00,0x00,0x00,0x00,0x00,0x00,0x00,
  0x00,0x00,0x00,0x00,0x00,0x00,0x00,0x00,0x00,0x00,0x00,0x00,
  0x00,0x00,0x00,0x00,0x2C,0x3F,0xFF,0xF7,0x80,0x00,0x00,0x00,
  0x00,0x00,0x00,0x00,0x00,0x00,0x00,0x00,0x05,0xFF,0xB5,0x80,
  0x17,0xB7,0x7E,0x00,0x00,0x00,0x00,0x00,0x38,0x00,0x00,0x00,
  0x00,0x00,0x00,0x00,0x00,0x00,0x00,0x00,0x00,0x00,0x00,0x00,
  0x00,0x00,0x00,0x00,0x00,0x00,0x00,0x00,0x00,0x00,0x00,0x00,
  0x00,0x00,0x00,0x00,0x00,0x00,0x00,0x00,0x00,0x00,0x00,0x02,
  0xD7,0xFF,0xF7,0x7E,0x00,0x00,0x00,0x00,0x00,0x00,0x00,0x00,
  0x00,0x00,0x00,0x00,0x00,0x01,0x7F,0x0A,0xD5,0xFF,0xE0,0x00,
  0x00,0x00,0x00,0x01,0x80,0x00,0x00,0x00,0x00,0x00,0x00,0x00,
  0x00,0x00,0x00,0x00,0x00,0x00,0x00,0x00,0x00,0x00,0x00,0x00,
  0x00,0x00,0x00,0x00,0x00,0x00,0x00,0x00,0x00,0x00,0x00,0x00,
  0x00,0x00,0x00,0x00,0x00,0x00,0x00,0x2D,0x3F,0xFF,0xDF,0xF0,
  0x00,0x00,0x00,0x00,0x00,0x00,0x00,0x00,0x00,0x00,0x00,0x00,
  0x00,0x00,0x03,0xF5,0x7F,0xFF,0x80,0x00,0x00,0x00,0x00,0x06,
  0x00,0x00,0x00,0x00,0x00,0x00,0x00,0x00,0x00,0x00,0x00,0x00,
  0x00,0x00,0x00,0x00,0x00,0x00,0x00,0x00,0x00,0x00,0x00,0x00,
  0x00,0x00,0x00,0x00,0x00,0x00,0x00,0x00,0x00,0x00,0x00,0x00,
  0x00,0x00,0x02,0xA1,0xFF,0xFE,0xFF,0x80,0x00,0x00,0x00,0x00,
  0x00,0x00,0x00,0x00,0x00,0x00,0x00,0x00,0x00,0x00,0x2A,0x2F,
  0xFF,0xFC,0x00,0x00,0x00,0x00,0x00,0x18,0x00,0x00,0x00,0x00,
  0x00,0x00,0x00,0x00,0x00,0x00,0x00,0x00,0x00,0x00,0x00,0x00,
  0x00,0x00,0x00,0x00,0x00,0x00,0x00,0x00,0x00,0x00,0x00,0x00,
  0x00,0x00,0x00,0x00,0x00,0x00,0x00,0x00,0x00,0x00,0x58,0x2F,
  0xFD,0xF7,0xFC,0x00,0x00,0x00,0x00,0x00,0x00,0x00,0x00,0x00,
  0x00,0x00,0x00,0x14,0x00,0x56,0xAB,0xFF,0xFD,0xB0,0x00,0x00,
  0x00,0x00,0x00,0x60,0x00,0x00,0x00,0xFF,0x40,0x00,0x00,0x00,
  0x00,0x00,0x00,0x00,0x00,0x00,0x00,0x00,0x08,0x20,0x00,0x00,
  0x00,0x00,0x00,0x00,0x00,0x00,0x00,0x00,0x00,0x00,0x00,0x00,
  0x00,0x00,0x00,0x00,0x00,0x07,0x45,0xFF,0xF7,0xDF,0xE0,0x00,
  0x00,0x00,0x00,0x00,0x00,0x49,0x00,0x00,0x00,0x00,0x00,0xAA,
  0xDB,0x51,0x7F,0xFF,0xDF,0xC0,0x00,0x00,0x00,0x00,0x01,0x80,
  0x00,0x00,0x00,0x00,0x20,0x00,0x00,0x00,0x00,0x00,0x00,0x00,
  0x00,0x00,0x00,0x00,0x12,0x90,0x00,0x00,0x00,0x00,0x00,0x00,
  0x00,0x00,0x00,0x00,0x00,0x00,0x00,0x00,0x00,0x00,0x00,0x00,
  0x00,0xB0,0x3F,0xFF,0xDF,0xFE,0x80,0x00,0x00,0x00,0x00,0x00,
  0x00,0xA4,0xC0,0x00,0x00,0x00,0x04,0x92,0xB4,0x2F,0xFF,0xFD,
  0xFA,0x00,0x00,0x00,0x00,0x00,0x02,0x00,0x00,0x00,0x00,0x80,
  0x00,0x00,0x00,0x00,0x00,0x00,0x00,0x00,0x00,0x00,0x00,0x00,
  0x20,0x00,0x00,0x00,0x00,0x00,0x00,0x00,0x00,0x00,0x00,0x00,
  0x00,0x00,0x00,0x00,0x00,0x00,0xAA,0x00,0x0E,0x05,0xFF,0xFF,
  0x7F,0xF8,0x00,0x00,0x00,0x00,0x00,0x00,0x00,0x80,0x20,0x00,
  0x00,0x02,0x41,0x5D,0x43,0xFF,0xFB,0x6F,0xFC,0x00,0x00,0x00,
  0x00,0x00,0x04,0x00,0x00,0x00,0x00,0x80,0x40,0x00,0x00,0x00,
  0x00,0x00,0x00,0x00,0x00,0x00,0x00,0x00,0x00,0x08,0x00,0x00,
  0x00,0x00,0x00,0x00,0x00,0x00,0x00,0x00,0x00,0x00,0x00,0x00,
  0x00,0x01,0x00,0x81,0x60,0xFF,0xFF,0xFD,0xFF,0xA0,0x00,0x00,
  0x00,0x00,0x00,0x00,0x00,0x00,0x00,0x00,0x02,0x48,0x16,0xA0,
  0x5F,0xFF,0xEF,0xFF,0x2B,0x80,0x00,0x00,0x00,0x00,0x08,0x00,
  0x00,0x00,0x00,0x80,0x20,0x00,0x00,0x00,0x00,0x00,0x00,0x00,
  0x00,0x00,0x00,0x00,0x20,0x08,0x00,0x00,0x00,0x00,0x00,0x00,
  0x00,0x00,0x00,0x00,0x00,0x00,0x00,0x00,0x00,0x00,0x00,0x2D,
  0x0B,0xFF,0xF7,0xDF,0xFE,0x00,0x00,0x00,0x00,0x00,0x00,0x00,
  0x00,0x80,0x40,0x04,0x90,0x00,0xA2,0x0B,0xFF,0xFF,0x7F,0xF8,
  0x36,0x80,0x00,0x00,0x00,0x00,0x1F,0x7B,0x80,0x00,0x00,0x00,
  0x20,0x00,0x00,0x00,0x00,0x00,0x00,0x00,0x00,0x00,0x00,0x00,
  0x10,0x00,0x00,0x00,0x00,0x00,0x00,0x00,0x00,0x00,0x00,0x00,
  0x00,0x00,0x00,0x00,0x00,0x01,0x02,0xD0,0x7F,0xDF,0xFF,0x7F,
  0xF0,0x00,0x00,0x00,0x00,0x00,0x00,0x00,0x00,0x80,0x21,0x20,
  0x04,0x93,0x09,0x7F,0xFF,0xDD,0xFF,0xA5,0x3D,0x80,0x00,0x00,
  0x00,0x00,0x3F,0xFF,0xE0,0x00,0x00,0x8C,0x00,0x00,0x00,0x00,
  0x00,0x00,0x00,0x00,0x00,0x00,0x00,0x00,0x21,0x10,0x00,0x00,
  0x00,0x00,0x00,0x00,0x00,0x00,0x00,0x00,0x00,0x00,0x00,0x00,
  0x00,0x00,0x2C,0x07,0xFF,0xFF,0x7D,0xFF,0x80,0x00,0x00,0x00,
  0x00,0x00,0x00,0x00,0x00,0x04,0xA4,0x09,0x20,0x00,0xFF,0xFF,
  0xFF,0x7F,0xF6,0xA8,0xAF,0x80,0x00,0x00,0x00,0x00,0x7E,0xF7,
  0xC0,0x00,0x00,0x80,0x40,0x08,0x51,0x04,0x42,0x14,0x00,0x21,
  0x08,0x20,0x82,0x00,0x00,0x08,0x02,0x21,0x00,0x00,0x20,0x00,
  0x00,0x00,0x41,0x00,0x00,0x00,0x82,0x11,0x00,0x07,0xA1,0x7F,
  0xFF,0xFD,0xEF,0xFA,0x00,0x00,0x00,0x00,0x00,0x00,0x00,0x00,
  0x00,0xA4,0x40,0x80,0x09,0x24,0xFF,0xFF,0xFD,0xFF,0xBD,0x85,
  0x3F,0x80,0x00,0x00,0x00,0x00,0xFD,0xFF,0xC0,0x00,0x00,0x8A,
  0x20,0x1C,0x73,0xCE,0x77,0x9E,0xFF,0xE7,0x9E,0x79,0xE7,0x80,
  0x22,0x88,0x8E,0x7B,0x9F,0x7E,0xF3,0xDF,0x7F,0xFD,0xE7,0x9F,
  0x77,0xBB,0xE7,0x3B,0xC0,0x50,0x0F,0xFF,0xF7,0x77,0xFF,0xFA,
  0x95,0x51,0x22,0x08,0x20,0x91,0x46,0x39,0x24,0x80,0x22,0x24,
  0x80,0x00,0x2B,0xFF,0xF7,0xF5,0xD7,0x7B,0xFF,0x80,0x00,0x00,
  0x00,0x01,0xFF,0xF7,0xC0,0x00,0x00,0x1F,0x00,0x1C,0xF3,0xCE,
  0xE7,0x3C,0xED,0xF3,0x9E,0x78,0xE7,0x80,0x03,0xE0,0x27,0x73,
  0xBF,0x6E,0xF3,0xDE,0xFE,0xDD,0xF7,0xAE,0x7F,0x79,0xC7,0x39,
  0xC5,0x01,0x7F,0xFF,0x7F,0xFF,0xFF,0xC7,0xFB,0x7D,0xF7,0xBF,
  0xFF,0xF7,0xCF,0x38,0x00,0x9F,0x48,0x00,0x24,0x92,0x3D,0xAA,
  0xBF,0xBE,0xFD,0xDD,0x7F,0x80,0x00,0x00,0x00,0x03,0xA3,0xFF,
  0x40,0x00,0x00,0x80,0x40,0x3C,0x7B,0xCE,0x67,0x9E,0x7F,0x67,
  0x9E,0x79,0xE3,0x82,0x29,0x08,0x0F,0x73,0x8F,0x3E,0xF3,0xDF,
  0xBB,0x7D,0xE3,0x9E,0xEF,0xFD,0xE7,0x3B,0xD0,0x3F,0xFF,0xF7,
  0xFF,0xFF,0xFF,0x76,0xDF,0x5D,0xEE,0xBB,0x6A,0xF3,0x8F,0x3C,
  0x94,0x8F,0x20,0x92,0x00,0x00,0x8B,0xFF,0xD5,0xD7,0x57,0x6F,
  0xBF,0x00,0x00,0x00,0x00,0x0C,0x00,0x74,0x00,0x00,0x01,0x04,
  0x51,0x1D,0x71,0x8C,0xE3,0x1C,0xD0,0xE3,0x8C,0x31,0xC7,0x10,
  0xA0,0x48,0x86,0x33,0x9A,0xB4,0x73,0x8D,0x5A,0xE8,0xE7,0x9E,
  0x35,0x31,0xC7,0x3C,0x05,0xFF,0xFD,0xBF,0xFB,0xDF,0xF9,0xDF,
  0xFB,0x7B,0x77,0xBF,0x7D,0xF7,0xCF,0x38,0x00,0x80,0x42,0x00,
  0x92,0x48,0x0E,0xAA,0xFE,0xFB,0xFD,0xF5,0x78,0x00,0x00,0x00,
  0x00,0x30,0x00,0x00,0x00,0x00,0x04,0x90,0x20,0x00,0x00,0x10,
  0x00,0x40,0x04,0x08,0x00,0x04,0x00,0x40,0x11,0x08,0x00,0x00,
  0x00,0x00,0x00,0x00,0x00,0x00,0x00,0x00,0x00,0x00,0x05,0x40,
  0x2F,0xEF,0xF7,0xFF,0xBF,0xFF,0xA9,0x24,0x55,0x15,0x45,0x29,
  0x2A,0x91,0x8E,0x39,0x22,0x90,0x20,0x48,0x00,0x02,0x45,0xFF,
  0xAB,0xAE,0xAE,0xAF,0xE0,0x00,0x00,0x00,0x00,0x80,0x00,0x00,
  0x00,0x04,0x90,0x82,0x44,0x82,0x00,0x02,0x09,0x00,0x20,0x00,
  0x02,0x10,0x20,0x04,0x20,0x11,0x21,0x20,0x01,0x04,0x00,0x40,
  0x40,0x08,0x00,0x40,0x02,0x40,0x34,0x02,0xFF,0xFF,0x7F,0xFD,
  0xFF,0xFD,0x00,0x00,0x00,0x00,0x00,0x00,0x00,0x00,0x20,0x00,
  0x08,0x84,0x49,0x02,0x49,0x20,0x13,0x5A,0xFE,0xFB,0xFB,0xFF,
  0x00,0x00,0x00,0x00,0x01,0x00,0x00,0x00,0x09,0x20,0x01,0x08,
  0x20,0x10,0x44,0x88,0x20,0x12,0x02,0x22,0x48,0x40,0x84,0x90,
  0x94,0x88,0x08,0x09,0x24,0x20,0x92,0x09,0x04,0x82,0x24,0x11,
  0x48,0x1E,0x80,0x5F,0xFF,0xBF,0xFF,0xFF,0xFE,0xD8,0x00,0x91,
  0x04,0x81,0x10,0x44,0x88,0x44,0x80,0x82,0x40,0x90,0x40,0x20,
  0x00,0x09,0x01,0x6F,0xAB,0xAE,0xAD,0x78,0x00,0x00,0x00,0x00,
  0x02,0x00,0x00,0x02,0x40,0x04,0x44,0x80,0x44,0x81,0x00,0x20,
  0x80,0x40,0x88,0x00,0x00,0x04,0x10,0x00,0x20,0x08,0x80,0x80,
  0x00,0x02,0x00,0x00,0x10,0x20,0x01,0x00,0x01,0xD0,0x05,0xFF,
  0xFE,0xFD,0xFF,0xB7,0xDB,0xFA,0x14,0x04,0x20,0x28,0x02,0x00,
  0x21,0x00,0x12,0x08,0x02,0x82,0x52,0x09,0x4A,0xA4,0xAB,0xDA,
  0xFE,0xFB,0xF7,0xC0,0x00,0x00,0x00,0x00,0x0C,0x00,0x00,0x10,
  0x09,0x21,0x10,0x92,0x20,0x10,0x12,0x00,0x05,0x02,0x00,0x91,
  0x22,0x40,0x02,0x22,0x22,0x48,0x12,0x04,0x91,0x20,0x08,0x90,
  0x81,0x01,0x10,0x04,0xB6,0x00,0x5F,0xFF,0xF7,0xFF,0xED,0xFE,
  0xFF,0xBA,0x80,0x80,0x02,0x01,0x20,0x24,0x80,0x29,0x00,0x41,
  0x28,0x20,0x40,0x84,0x20,0x4A,0x45,0x7F,0xAB,0xAE,0xBF,0x00,
  0x00,0x00,0x00,0x00,0x00,0x00,0x22,0x42,0x40,0x04,0x00,0x80,
  0x42,0x42,0x00,0x44,0x20,0x08,0x22,0x00,0x00,0x09,0x20,0x00,
  0x80,0x08,0x40,0x20,0x00,0x04,0x40,0x02,0x04,0x08,0x40,0x2B,
  0x40,0x07,0xFF,0xFF,0x7F,0xFF,0xBF,0x77,0xDD,0xED,0x70,0x21,
  0x10,0x44,0x09,0x00,0x09,0x00,0x49,0x04,0x00,0x8A,0x4A,0x52,
  0x96,0x91,0x2B,0xAA,0xFE,0xF7,0xF0,0x00,0x00,0x00,0x00,0x00,
  0x30,0x00,0x30,0x08,0x12,0x50,0x49,0x2A,0x54,0x08,0xA9,0x11,
  0x09,0x21,0x08,0x4A,0x95,0x20,0x89,0x54,0x35,0x52,0x09,0x0A,
  0x4A,0x49,0x12,0x48,0x20,0x41,0x0B,0xA0,0x00,0xBF,0xFF,0xF7,
  0xFF,0xF7,0xFB,0xFE,0xF7,0xBD,0x5A,0x08,0x44,0x90,0x80,0x4A,
  0x40,0x45,0x04,0x21,0x52,0xA5,0x61,0x29,0x49,0x24,0x95,0xFF,
  0x57,0x5D,0x80,0x00,0x00,0x00,0x00,0x00,0x20,0x02,0x85,0x52,
  0xA4,0x85,0x25,0x91,0x62,0xA5,0x12,0x4A,0xA4,0x94,0xA5,0x24,
  0x48,0x95,0x24,0x82,0xA2,0x49,0x52,0xA1,0x21,0x10,0x49,0x55,
  0xAA,0xAD,0x74,0x00,0x2F,0xFF,0xFF,0xBF,0xFF,0xBE,0xFF,0xDF,
  0xFF,0xFF,0xE1,0x55,0x2A,0x4A,0x56,0xA4,0xAA,0x92,0x52,0x94,
  0x09,0x90,0x54,0x84,0x24,0x92,0x5E,0xAB,0xFB,0xFC,0x00,0x00,
  0x00,0x00,0x00,0x00,0x40,0x14,0x50,0x88,0x89,0x29,0x48,0xFF,
  0xD4,0x50,0xA4,0xA0,0x52,0x4A,0x52,0x92,0xA5,0x48,0x92,0x54,
  0x7F,0xFC,0x88,0x54,0x94,0xA7,0xB6,0xAA,0xAA,0xAA,0x80,0x05,
  0xDF,0xFD,0xEE,0xFF,0xDB,0xFF,0xFF,0xFB,0x7D,0x69,0x15,0x22,
  0x91,0x22,0x91,0x12,0x15,0x29,0x28,0xAA,0xD4,0xFF,0xE5,0x2A,
  0x92,0x4A,0xF5,0xFD,0x5D,0xC0,0x00,0x00,0x00,0x00,0x00,0x00,
  0x40,0xA2,0x8A,0x45,0x24,0x92,0x25,0x4A,0x42,0x8A,0x49,0x15,
  0x09,0x21,0x08,0x48,0x10,0x25,0x24,0x89,0x14,0xA2,0x52,0x89,
  0x22,0x18,0x00,0x00,0x00,0x01,0x40,0x5B,0xFF,0xF7,0xFF,0xFE,
  0xFF,0xFF,0xFF,0xE8,0x81,0x04,0xA4,0x94,0x4A,0x94,0x4A,0x49,
  0x42,0x44,0x85,0x02,0x22,0xD6,0xC8,0xA1,0x49,0x7F,0xBF,0x57,
  0xEE,0x00,0x00,0x00,0x00,0x00,0x00,0x00,0x82,0x14,0x52,0x28,
  0x92,0x49,0x11,0x21,0x28,0x45,0x24,0xA4,0xA4,0x94,0xA5,0x25,
  0x4A,0x92,0x49,0x24,0xA2,0x14,0x89,0x24,0x94,0xEA,0xDA,0xEE,
  0xFF,0x7E,0x0B,0x7F,0xFE,0xDF,0xFF,0xFB,0xFF,0x77,0xED,0x12,
  0x54,0xB2,0x49,0x49,0x24,0x49,0x29,0x24,0xA9,0x2A,0x54,0xB4,
  0x94,0x21,0x15,0x14,0x2B,0xAA,0xD5,0xFA,0xF0,0x00,0x00,0x00,
  0x00,0x00,0x00,0x00,0x94,0xA2,0x89,0x45,0x29,0x24,0xA4,0x94,
  0x95,0x28,0x92,0x12,0x52,0x4A,0x52,0x49,0x25,0x49,0x24,0x92,
  0x49,0x42,0x24,0x4B,0x6A,0x95,0x2B,0x75,0x41,0xAA,0x5F,0xFF,
  0xFB,0xFF,0xBB,0xFF,0xF7,0xFF,0x7E,0xA5,0x0A,0x49,0x24,0x24,
  0xA9,0x24,0xA4,0x92,0x4A,0x91,0x22,0x42,0x42,0x94,0xA2,0x4A,
  0xDE,0xFF,0xFE,0xAF,0x80,0x00,0x00,0x00,0x00,0x00,0x00,0x00,
  0x42,0x48,0x72,0x28,0x84,0x92,0x4A,0x45,0x22,0x92,0x49,0x49,
  0x09,0x21,0x09,0x24,0x90,0x24,0x92,0x49,0x24,0xA9,0x49,0x34,
  0x00,0x00,0x00,0x0B,0xBE,0xAD,0xFF,0xFF,0x7F,0xFF,0xFF,0x5F,
  0x7D,0xBB,0xFA,0x88,0xA1,0x24,0x92,0x92,0x84,0x92,0x92,0x55,
  0x24,0x4A,0x95,0x29,0x29,0x4A,0x14,0xAB,0xF7,0xAA,0xAB,0xF8,
  0x00,0x00,0x00,0x00,0x00,0x00,0x00,0x00,0x55,0x25,0x24,0x92,
  0x52,0x49,0x21,0x28,0x88,0x49,0x24,0xA4,0xA4,0x94,0xA4,0x92,
  0x4A,0x92,0x49,0x24,0x92,0x12,0x24,0xE0,0x00,0x00,0x00,0x00,
  0x0B,0xD7,0xFB,0xFB,0xFF,0xFF,0xFF,0xF7,0xDF,0xEF,0xBE,0xB2,
  0x54,0x92,0x49,0x49,0x2A,0x49,0x25,0x20,0x92,0xA4,0x50,0x94,
  0x94,0x21,0x4A,0xFE,0xBD,0xFF,0xFF,0x40,0x00,0x00,0x00,0x00,
  0x00,0x00,0x00,0x00,0x34,0x92,0x49,0x49,0x29,0x24,0x94,0x84,
  0x52,0x92,0x49,0x12,0x52,0x4A,0x52,0x49,0x25,0x49,0x24,0x92,
  0x49,0x49,0x4B,0xA0,0x00,0x00,0x00,0x00,0x00,0x3A,0xDF,0xBF,
  0xEF,0xFB,0x77,0xFD,0xF6,0xFE,0xEE,0xAD,0x0A,0x49,0x24,0xA4,
  0x91,0x24,0x90,0x95,0x48,0x12,0x8A,0x42,0x42,0x94,0xB7,0xAB,
  0xEE,0xAB,0x7A,0x00,0x00,0x00,0x00,0x00,0x00,0x00,0x00,0x00,
  0x1E,0xA9,0x24,0x24,0x84,0x92,0x44,0x52,0x89,0x24,0x92,0x49,
  0x09,0x21,0x09,0x24,0x90,0x24,0x92,0x49,0x24,0x24,0x23,0x70,
  0x00,0x00,0x00,0x00,0x00,0x05,0xFE,0xFF,0xFF,0x7F,0xFF,0xFF,
  0xBF,0xDF,0xFB,0x54,0xA1,0x24,0x92,0x15,0x4A,0x95,0x4A,0xA4,
  0x25,0xA9,0x25,0x29,0x29,0x57,0xFD,0xFE,0xF7,0xFF,0xC0,0x00,
  0x00,0x00,0x00,0x00,0x00,0x00,0x00,0x00,0x1B,0xA4,0x92,0x92,
  0x52,0x49,0x29,0x29,0x24,0x92,0x49,0x24,0xA4,0x94,0xA4,0x92,
  0x4B,0x52,0x49,0x24,0x92,0x92,0x97,0xA0,0x00,0x00,0x00,0x00,
  0x01,0x01,0xF7,0xF7,0x7D,0xEF,0xFF,0xBF,0xFF,0xFB,0xFF,0xFD,
  0x2A,0x92,0x49,0x50,0x24,0x48,0x24,0x4A,0x92,0x04,0x92,0x94,
  0xAA,0xBA,0xAF,0x5B,0xBD,0xFC,0x00,0x00,0x00,0x00,0x00,0x00,
  0x00,0x00,0x00,0x00,0x06,0xFA,0x48,0xA4,0x89,0x24,0x84,0x84,
  0x92,0x49,0x24,0x92,0x52,0x4A,0x52,0x49,0x24,0x49,0x24,0x92,
  0x49,0x48,0x4B,0xB0,0x00,0x00,0x00,0x00,0x00,0x23,0xFF,0xDF,
  0xF7,0xFF,0xBB,0xF6,0xF6,0xFE,0x95,0x02,0x48,0x49,0x2A,0x8A,
  0x92,0xA5,0x52,0x91,0x49,0x6A,0x54,0x55,0xB7,0xEF,0xFB,0xFF,
  0xEF,0xA0,0x00,0x00,0x00,0x00,0x00,0x00,0x00,0x00,0x00,0x00,
  0x03,0xAF,0xAA,0x12,0x54,0x92,0x52,0xA9,0x29,0x24,0x92,0x49,
  0x15,0x21,0x09,0x24,0x92,0x94,0x92,0x49,0x24,0x25,0x27,0xA8,
  0x00,0x00,0x00,0x00,0x00,0x0B,0xDB,0x7E,0xFF,0xFB,0xFF,0xFF,
  0xDF,0xDE,0x02,0xA9,0x25,0x24,0xA4,0x52,0xA9,0x12,0x8A,0x4A,
  0x24,0x81,0x25,0xBB,0xEE,0xFD,0xBE,0xDB,0x7E,0x00,0x00,0x00,
  0x00,0x00,0x00,0x00,0x00,0x00,0x00,0x00,0x00,0xF5,0xF6,0xC9,
  0x02,0x49,0x14,0x44,0x84,0x92,0x49,0x24,0xA0,0x94,0xA4,0x92,
  0x49,0x22,0x49,0x24,0x92,0x91,0x53,0xA8,0x00,0x00,0x00,0x00,
  0x00,0x01,0xFF,0xFF,0xDF,0x6F,0xFF,0x7F,0xFF,0xE8,0x40,0x44,
  0x92,0x92,0x49,0x28,0x44,0xA8,0x51,0x24,0x92,0x5D,0xDF,0xEE,
  0xBF,0xB7,0xEF,0xFF,0xE0,0x00,0x00,0x00,0x00,0x00,0x00,0x00,
  0x00,0x00,0x00,0x00,0x00,0x3E,0xBF,0xFD,0xFB,0x6A,0xEB,0xBB,
  0x7B,0x6D,0xB6,0xDB,0x5F,0x6E,0xDB,0x6D,0xB6,0xDB,0xB6,0xDB,
  0x6D,0x6E,0xAF,0xA8,0x00,0x00,0x00,0x00,0x00,0x4B,0xED,0xF7,
  0xFD,0xFF,0xFF,0xFB,0xFF,0xC5,0x2A,0x3A,0xAD,0x6D,0xB6,0xD7,
  0xB6,0xAF,0x5D,0xB5,0xEF,0xF7,0x75,0x7B,0xFB,0xFF,0xFD,0xFE,
  0x00,0x00,0x00,0x00,0x00,0x00,0x00,0x00,0x00,0x00,0x00,0x00,
  0x00,0x0F,0xFB,0x6F,0x5F,0xBF,0xBE,0xFF,0xDF,0xFF,0xFF,0xFF,
  0xF7,0xFB,0xFF,0xFF,0xFF,0x7E,0xFF,0xFF,0xFB,0xFB,0xFF,0x90,
  0x00,0x00,0x00,0x00,0x00,0x01,0xFF,0xDE,0xF7,0xFF,0xFF,0xFF,
  0xFF,0xF5,0x55,0x8F,0xFB,0xFF,0xDF,0xFD,0xFD,0xF5,0xF7,0xFF,
  0x7D,0xBD,0xDF,0xFF,0xFF,0xFE,0xF7,0xD0,0x00,0x00,0x00,0x00,
  0x00,0x00,0x00,0x00,0x00,0x00,0x00,0x00,0x00,0x03,0xFF,0xFD,
  0xF5,0xED,0xEF,0xAA,0xF5,0x55,0x55,0x55,0xBD,0x5E,0xAA,0xAA,
  0xAB,0xD7,0xAA,0xAA,0xAF,0x5E,0xD7,0xA8,0x00,0x00,0x00,0x00,
  0x00,0x41,0xFF,0xFF,0xDF,0xFF,0xDF,0xEF,0xFB,0x72,0xA4,0xEA,
  0xDE,0xAA,0xF5,0x57,0x57,0xBF,0xBD,0x57,0xB7,0x6F,0xFF,0xDF,
  0xEF,0xBB,0xFE,0x00,0x00,0x00,0x00,0x00,0x00,0x00,0x00,0x00,
  0x00,0x00,0x00,0x00,0x00,0x00,0x7F,0xFF,0xFF,0x7F,0x7A,0xFF,
  0xBF,0xFF,0xFF,0xFF,0x6F,0xEB,0xFF,0xFF,0xFE,0xFA,0xFF,0xFF,
  0xFB,0xF7,0xFF,0x80,0x00,0x00,0x00,0x00,0x02,0x13,0xFF,0xFF,
  0xFF,0xFF,0xFF,0xFF,0xBF,0xFA,0x56,0xB5,0xEB,0xFF,0xBF,0xFD,
  0xFE,0xED,0xEF,0xFD,0xFF,0xFF,0xFF,0x7E,0xFE,0xFF,0xA0,0x00,
  0x00,0x00,0x00,0x00,0x00,0x00,0x00,0x00,0x00,0x00,0x00,0x00,
  0x00,0x00,0x0F,0xB7,0xDF,0xF7,0xEF,0xDB,0xD6,0xDB,0x6D,0xB7,
  0xFA,0xBE,0xDB,0x6D,0xB7,0xBF,0xDB,0x5A,0xDE,0xDD,0x5F,0xC8,
  0x00,0x00,0x00,0x00,0x20,0x01,0xEF,0xFF,0xFF,0xFF,0xFD,0xBF,
  0xFF,0xFD,0xAB,0x5E,0xBF,0x6D,0xED,0xB7,0xB7,0xBF,0x7B,0x77,
  0xBB,0xFD,0xBB,0xFB,0xFF,0xFA,0x00,0x00,0x00,0x00,0x00,0x00,
  0x00,0x00,0x00,0x00,0x00,0x00,0x00,0x00,0x00,0x00,0x01,0xFF,
  0x7F,0xFF,0xFF,0xFF,0x7F,0xFF,0xFF,0xFE,0xFF,0xFF,0xFF,0xFF,
  0xFF,0xEF,0x7F,0xFF,0xFF,0xFF,0xFF,0x90,0x00,0x52,0x49,0x24,
  0x84,0x93,0xFF,0xFF,0xFF,0xF6,0xFF,0xFE,0xFB,0xBE,0xFD,0xF7,
  0xFD,0xFF,0xFF,0xFF,0xFF,0xFB,0xFF,0xFF,0xFF,0xBF,0xFF,0xFF,
  0xDF,0x80,0x00,0x00,0x00,0x00,0x00,0x00,0x00,0x00,0x00,0x00,
  0x00,0x00,0x00,0x00,0x00,0x00,0x00,0x3F,0xFD,0xBD,0xBE,0xFF,
  0xFF,0xFF,0xFF,0xFF,0xDF,0xFB,0xFF,0xFF,0xFD,0xFF,0xFF,0xFF,
  0xF7,0xFF,0xFF,0xC8,0x00,0x10,0x04,0x00,0x00,0x01,0xD5,0xFF,
  0xFF,0xDF,0xEF,0xFF,0xEF,0xFF,0xAF,0xFF,0xFF,0xFF,0x7F,0xFF,
  0xFD,0xFF,0xDF,0xFE,0xFE,0xF7,0xFF,0xDF,0xF0,0x00,0x00,0x00,
  0x00,0x00,0x00,0x00,0x00,0x00,0x00,0x00,0x00,0x00,0x00,0x00,
  0x00,0x00,0x00,0x05,0xFF,0xFF,0xFB,0xED,0xFD,0xB6,0xDD,0xDF,
  0xFD,0xEF,0xB6,0xDB,0x77,0xFB,0xF6,0xEF,0x7E,0xDB,0xEF,0xD8,
  0x00,0x40,0x20,0x44,0x49,0x23,0xEA,0xBF,0xFE,0xFF,0xFF,0xF7,
  0xFF,0xF7,0xFF,0xBD,0xDF,0xEF,0xED,0xBB,0x6F,0xDF,0xFD,0xB7,
  0xEF,0xFF,0xB6,0xFD,0x00,0x00,0x00,0x00,0x00,0x00,0x00,0x00,
  0x00,0x00,0x00,0x00,0x00,0x00,0x00,0x00,0x00,0x00,0x00,0x00,
  0x5F,0xF7,0xFF,0xFF,0xEF,0xFF,0xFF,0xFB,0x7F,0xFF,0xFF,0xFF,
  0xFF,0xBF,0xDF,0xFD,0xFF,0xFF,0x7F,0xD4,0x00,0x05,0x04,0x01,
  0x00,0x09,0xDD,0xAF,0xDB,0xFF,0xFD,0xBF,0xFF,0xBE,0xFD,0xFF,
  0xFB,0xBD,0xFF,0xFF,0xFF,0xFD,0xF7,0xFF,0xFF,0xFE,0xFF,0xA0,
  0x00,0x00,0x00,0x00,0x00,0x00,0x00,0x00,0x00,0x00,0x00,0x00,
  0x00,0x00,0x00,0x00,0x00,0x00,0x00,0x00,0x01,0x7F,0xDF,0xBF,
  0xBF,0xFF,0xFF,0x7F,0xF7,0xBE,0xFF,0xFF,0xFF,0xFE,0xFF,0xFF,
  0xEF,0xFF,0xFF,0xF8,0x44,0x91,0x51,0x54,0x25,0x43,0xF7,0xFF,
  0x7F,0xFE,0xDF,0xFF,0x7E,0xFF,0xF7,0xF7,0x7F,0xFF,0xFF,0xEF,
  0xFE,0xF7,0xBF,0xFF,0x7B,0xDF,0xE8,0x00,0x00,0x00,0x00,0x00,
  0x00,0x00,0x00,0x00,0x00,0x00,0x00,0x00,0x00,0x00,0x00,0x00,
  0x00,0x00,0x00,0x00,0x00,0x05,0x7F,0xFF,0xFF,0xDF,0xBB,0xFF,
  0xFF,0xFF,0xFB,0xDF,0x6E,0xF7,0xFF,0x6F,0xFE,0xEF,0xF7,0xDA,
  0x10,0x42,0x04,0x01,0x10,0x29,0xFE,0xFF,0xFF,0xF7,0xFF,0xFD,
  0xF7,0xFF,0xDF,0xDF,0xFF,0xFF,0x6D,0xBE,0xDB,0xDF,0xFF,0xDF,
  0xFF,0x70,0x00,0x00,0x00,0x00,0x00,0x00,0x00,0x00,0x00,0x00,
  0x00,0x00,0x00,0x00,0x00,0x00,0x00,0x00,0x00,0x00,0x00,0x00,
  0x00,0x00,0x00,0x55,0x75,0x75,0xEF,0xB6,0xDA,0xD7,0x5E,0xF5,
  0xFB,0xDF,0x6B,0xFD,0xB7,0xBA,0xDF,0xEC,0x82,0x10,0xA2,0xA8,
  0x8A,0x85,0xFB,0xDF,0xFF,0xDF,0xFE,0xF7,0xFF,0xF6,0xFF,0xFF,
  0xFE,0xF7,0xFF,0xFF,0xFF,0xFF,0xFF,0x7B,0x48,0x00,0x00,0x00,
  0x00,0x00,0x00,0x00,0x00,0x00,0x00,0x00,0x00,0x00,0x00,0x00,
  0x00,0x00,0x00,0x00,0x00,0x00,0x00,0x00,0x00,0x00,0x00,0x00,
  0x00,0x00,0x00,0x0E,0x00,0x00,0x00,0x00,0x00,0x00,0x00,0x00,
  0x00,0x00,0x07,0xF8,0x20,0x8A,0x48,0x05,0x51,0x57,0xFF,0xFF,
  0xFE,0xFF,0xF7,0xFF,0xFF,0xFF,0xFA,0x00,0x01,0x08,0x00,0x40,
  0x22,0x20,0x00,0x00,0x00,0x00,0x00,0x00,0x00,0x00,0x00,0x00,
  0x00,0x00,0x00,0x00,0x00,0x00,0x00,0x00,0x00,0x00,0x00,0x00,
  0x00,0x00,0x00,0x00,0x00,0x00,0x00,0x00,0x00,0x00,0x00,0x06,
  0x00,0x00,0x00,0x00,0x00,0x00,0x00,0x00,0x00,0x00,0x03,0xB9,
  0x0A,0x51,0x25,0x68,0x4A,0xBB,0xFF,0xFF,0xF7,0xFF,0xBF,0xFF,
  0xAA,0x80,0x18,0x00,0x00,0x00,0x00,0x00,0x00,0x00,0x00,0x00,
  0x00,0x00,0x00,0x00,0x00,0x00,0x00,0x00,0x00,0x00,0x00,0x00,
  0x00,0x00,0x00,0x00,0x00,0x00,0x00,0x00,0x00,0x00,0x00,0x00,
  0x00,0x00,0x00,0x00,0x00,0x00,0x00,0x02,0x00,0x00,0x00,0x00,
  0x00,0x00,0x00,0x00,0x00,0x00,0x07,0xED,0x41,0x4A,0x52,0x95,
  0xB7,0x6D,0xFF,0xF8,0x00,0x00,0x00,0x00,0x00,0x00,0x1C,0x00,
  0x00,0x00,0x00,0x00,0x00,0x00,0x00,0x00,0x00,0x00,0x00,0x00,
  0x00,0x00,0x00,0x00,0x00,0x00,0x00,0x00,0x00,0x00,0x00,0x00,
  0x00,0x00,0x00,0x00,0x00,0x00,0x00,0x00,0x00,0x00,0x00,0x00,
  0x00,0x00,0x00,0x00,0x00,0x00,0x00,0x00,0x00,0x00,0x00,0x00,
  0x00,0x00,0x03,0xFE,0xFE,0xEB,0xDD,0x6E,0xDA,0xD7,0xFF,0xF8,
  0x00,0x00,0x00,0x00,0x00,0x00,0x0C,0x00,0x00,0x00,0x00,0x00,
  0x00,0x00,0x00,0x00,0x00,0x00,0x00,0x00,0x00,0x00,0x00,0x00,
  0x00,0x00,0x00,0x00,0x00,0x00,0x00,0x00,0x00,0x00,0x00,0x00,
  0x00,0x00,0x00,0x00,0x00,0x00,0x00,0x00,0x00,0x00,0x00,0x00,
  0x00,0x00,0x00,0x00,0x00,0x00,0x00,0x00,0x00,0x00,0x03,0xFD,
  0xAB,0xBD,0x6B,0xB5,0xB7,0x7B,0xFF,0xE8,0x00,0x00,0x00,0x00,
  0x00,0x00,0x00,0x00,0x00,0x00,0x00,0x00,0x00,0x00,0x00,0x00,
  0x00,0x00,0x00,0x00,0x00,0x00,0x00,0x00,0x00,0x00,0x00,0x00,
  0x00,0x00,0x00,0x00,0x00,0x00,0x00,0x00,0x00,0x00,0x00,0x00,
  0x00,0x00,0x00,0x00,0x00,0x00,0x00,0x00,0x00,0x00,0x00,0x00,
  0x00,0x00,0x00,0x00,0x00,0x00,0x03,0xFB,0x7D,0x6B,0xDD,0xDE,
  0xDD,0xAF,0xFF,0x00,0x00,0x00,0x00,0x00,0x00,0x00,0x00,0x00,
  0x00,0x00,0x00,0x00,0x00,0x00,0x00,0x00,0x00,0x00,0x00,0x00,
  0x00,0x00,0x00,0x00,0x00,0x00,0x00,0x00,0x00,0x00,0x00,0x00,
  0x00,0x00,0x00,0x00,0x00,0x00,0x00,0x00,0x00,0x00,0x00,0x00,
  0x00,0x00,0x00,0x00,0x00,0x00,0x00,0x00,0x00,0x00,0x00,0x00,
  0x00,0x00,0x03,0xEE,0xD7,0xB6,0xEE,0xB5,0xB6,0xF7,0xF4,0x00,
  0x00,0x00,0x00,0x00,0x00,0x00,0x00,0x00,0x00,0x00,0x00,0x00,
  0x00,0x00,0x00,0x00,0x00,0x00,0x00,0x00,0x00,0x00,0x00,0x00,
  0x00,0x00,0x00,0x00,0x00,0x00,0x00,0x00,0x00,0x00,0x00,0x00,
  0x00,0x00,0x00,0x00,0x00,0x00,0x00,0x00,0x00,0x00,0x00,0x00,
  0x00,0x00,0x00,0x00,0x00,0x00,0x00,0x00,0x00,0x00,0x03,0xFD,
  0xBA,0xDD,0xB5,0xDB,0x6B,0x5B,0x80,0x00,0x00,0x00,0x00,0x00,
  0x00,0x00,0x00,0x00,0x00,0x00,0x00,0x00,0x00,0x00,0x00,0x00,
  0x00,0x00,0x00,0x00,0x00,0x00,0x00,0x00,0x00,0x00,0x00,0x00,
  0x00,0x00,0x00,0x00,0x00,0x00,0x00,0x00,0x00,0x00,0x00,0x00,
  0x00,0x00,0x00,0x00,0x00,0x00,0x00,0x00,0x00,0x00,0x00,0x00,
  0x00,0x00,0x00,0x00,0x00,0x00,0x03,0xFE,0xED,0xEE,0xDE,0xB7,
  0xBD,0xD6,0x00,0x00,0x00,0x00,0x00,0x00,0x00,0x00,0x00,0x00,
  0x00,0x00,0x00,0x00,0x00,0x00,0x00,0x00,0x00,0x00,0x00,0x00,
  0x00,0x00,0x00,0x00,0x00,0x00,0x00,0x00,0x00,0x00,0x00,0x00,
  0x00,0x00,0x00,0x00,0x00,0x00,0x00,0x00,0x00,0x00,0x00,0x00,
  0x00,0x00,0x00,0x00,0x00,0x00,0x00,0x00,0x00,0x00,0x00,0x00,
  0x00,0x00,0x01,0xFB,0xB7,0x5B,0xB5,0xDD,0x6B,0x7E,0x00,0x00,
  0x00,0x00,0x00,0x00,0x00,0x00,0x00,0x00,0x00,0x00,0x00,0x00,
  0x00,0x00,0x00,0x00,0x00,0x00,0x00,0x00,0x00,0x00,0x00,0x00,
  0x00,0x00,0x00,0x00,0x00,0x00,0x00,0x00,0x00,0x00,0x00,0x00,
  0x00,0x00,0x00,0x00,0x00,0x00,0x00,0x00,0x00,0x00,0x00,0x00,
  0x00,0x00,0x00,0x00,0x00,0x00,0x00,0x00,0x00,0x00,0x01,0xFA,
  0xDB,0xB6,0xDB,0x6B,0xB6,0xD7,0x80,0x00,0x00,0x00,0x00,0x00,
  0x00,0x00,0x00,0x00,0x00,0x00,0x00,0x00,0x00,0x00,0x00,0x00,
  0x00,0x00,0x00,0x00,0x00,0x00,0x00,0x00,0x00,0x00,0x00,0x00,
  0x00,0x00,0x00,0x00,0x00,0x00,0x00,0x00,0x00,0x00,0x00,0x00,
  0x00,0x00,0x00,0x00,0x00,0x00,0x00,0x00,0x00,0x00,0x00,0x00,
  0x00,0x00,0x00,0x00,0x00,0x00,0x01,0xFF,0x6D,0xDB,0x6E,0xDD,
  0xDD,0xBF,0x00,0x00,0x00,0x00,0x00,0x00,0x00,0x00,0x00,0x00,
  0x00,0x00,0x00,0x00,0x00,0x00,0x00,0x00,0x00,0x00,0x00,0x00,
  0x00,0x00,0x00,0x00,0x00,0x00,0x00,0x00,0x00,0x00,0x00,0x00,
  0x00,0x00,0x00,0x00,0x00,0x00,0x00,0x00,0x00,0x00,0x00,0x00,
  0x00,0x00,0x00,0x00,0x00,0x00,0x00,0x00,0x00,0x00,0x00,0x00,
  0x00,0x00,0x00,0xF5,0xB6,0xFF,0xBB,0xB6,0xF7,0xFA,0x00,0x00,
  0x00,0x00,0x00,0x00,0x00,0x00,0x00,0x00,0x00,0x00,0x00,0x00,
  0x00,0x00,0x00,0x00,0x00,0x00,0x00,0x00,0x00,0x00,0x00,0x00,
  0x00,0x00,0x00,0x00,0x00,0x00,0x00,0x00,0x00,0x00,0x00,0x00,
  0x00,0x00,0x00,0x00,0x00,0x00,0x00,0x00,0x00,0x00,0x00,0x00,
  0x00,0x00,0x00,0x00,0x00,0x00,0x00,0x00,0x00,0x00,0x00,0x1F,
  0xFF,0xDD,0xFE,0xFF,0xDE,0xA0,0x00,0x00,0x00,0x00,0x00,0x00,
  0x00,0x00,0x00,0x00,0x00,0x00,0x00,0x00,0x00,0x00,0x00,0x00,
  0x00,0x00,0x00,0x00,0x00,0x00,0x00,0x00,0x00,0x00,0x00,0x00,
  0x00,0x00,0x00,0x00,0x00,0x00,0x00,0x00,0x00,0x00,0x00,0x00,
  0x00,0x00,0x00,0x00,0x00,0x00,0x00,0x00,0x00,0x00,0x00,0x00,
  0x00,0x00,0x00,0x00,0x00,0x00,0x00,0x00,0xAB,0x7F,0xEF,0xAA,
  0x00,0x00,0x00,0x00,0x00,0x00,0x00,0x00,0x00,0x00,0x00,0x00,
  0x00,0x00,0x00,0x00,0x00,0x00,0x00,0x00,0x00,0x00,0x00,0x00,
  0x00,0x00,0x00,0x00,0x00,0x00,0x00,0x00,0x00,0x00,0x00,0x00,
  0x00,0x00,0x00,0x00,
};

// 4enginewidebody.png  (540x140)
static const uint8_t art_4enginewidebody[] PROGMEM = {
  0x00,0x00,0x00,0x00,0x00,0x00,0x00,0x00,0x00,0x00,0x00,0x00,
  0x00,0x00,0x00,0x00,0x00,0x00,0x00,0x00,0x00,0x00,0x00,0x00,
  0x00,0x00,0x00,0x00,0x00,0x00,0x00,0x00,0x00,0x00,0x00,0x00,
  0x00,0x00,0x00,0x00,0x00,0x00,0x00,0x00,0x00,0x00,0x00,0x00,
  0x00,0x00,0x00,0x00,0x00,0x00,0x00,0x00,0x00,0x00,0x00,0x00,
  0x00,0x00,0x00,0x00,0x0A,0xAA,0xAA,0x80,0x00,0x00,0x00,0x00,
  0x00,0x00,0x00,0x00,0x00,0x00,0x00,0x00,0x00,0x00,0x00,0x00,
  0x00,0x00,0x00,0x00,0x00,0x00,0x00,0x00,0x00,0x00,0x00,0x00,
  0x00,0x00,0x00,0x00,0x00,0x00,0x00,0x00,0x00,0x00,0x00,0x00,
  0x00,0x00,0x00,0x00,0x00,0x00,0x00,0x00,0x00,0x00,0x00,0x00,
  0x00,0x00,0x00,0x00,0x00,0x00,0x00,0x00,0x00,0x00,0x00,0x00,
  0x60,0x04,0xAD,0x00,0x00,0x00,0x00,0x00,0x00,0x00,0x00,0x00,
  0x00,0x00,0x00,0x00,0x00,0x00,0x00,0x00,0x00,0x00,0x00,0x00,
  0x00,0x00,0x00,0x00,0x00,0x00,0x00,0x00,0x00,0x00,0x00,0x00,
  0x00,0x00,0x00,0x00,0x00,0x00,0x00,0x00,0x00,0x00,0x00,0x00,
  0x00,0x00,0x00,0x00,0x00,0x00,0x00,0x00,0x00,0x00,0x00,0x00,
  0x00,0x00,0x00,0x00,0x00,0x00,0x00,0x01,0x0A,0xA9,0xB7,0x00,
  0x00,0x00,0x00,0x00,0x00,0x00,0x00,0x00,0x00,0x00,0x00,0x00,
  0x00,0x00,0x00,0x00,0x00,0x00,0x00,0x00,0x00,0x00,0x00,0x00,
  0x00,0x00,0x00,0x00,0x00,0x00,0x00,0x00,0x00,0x00,0x00,0x00,
  0x00,0x00,0x00,0x00,0x00,0x00,0x00,0x00,0x00,0x00,0x00,0x00,
  0x00,0x00,0x00,0x00,0x00,0x00,0x00,0x00,0x00,0x00,0x00,0x00,
  0x00,0x00,0x00,0x02,0x55,0x55,0x55,0x00,0x00,0x00,0x00,0x00,
  0x00,0x00,0x00,0x00,0x00,0x00,0x00,0x00,0x00,0x00,0x00,0x00,
  0x00,0x00,0x00,0x00,0x00,0x00,0x00,0x00,0x00,0x00,0x00,0x00,
  0x00,0x00,0x00,0x00,0x00,0x00,0x00,0x00,0x00,0x00,0x00,0x00,
  0x00,0x00,0x00,0x00,0x00,0x00,0x00,0x00,0x00,0x00,0x00,0x00,
  0x00,0x00,0x00,0x00,0x00,0x00,0x00,0x00,0x00,0x00,0x00,0x04,
  0x09,0x25,0xB6,0x00,0x00,0x00,0x00,0x00,0x00,0x00,0x00,0x00,
  0x00,0x00,0x00,0x00,0x00,0x00,0x00,0x00,0x00,0x00,0x00,0x00,
  0x00,0x00,0x00,0x00,0x00,0x00,0x00,0x00,0x00,0x00,0x00,0x00,
  0x00,0x00,0x00,0x00,0x00,0x00,0x00,0x00,0x00,0x00,0x00,0x00,
  0x00,0x00,0x00,0x00,0x00,0x00,0x00,0x00,0x00,0x00,0x00,0x00,
  0x00,0x00,0x00,0x00,0x00,0x00,0x00,0x09,0x54,0xAA,0xD5,0x00,
  0x00,0x00,0x00,0x00,0x00,0x00,0x00,0x00,0x00,0x00,0x00,0x00,
  0x00,0x00,0x00,0x00,0x00,0x00,0x00,0x00,0x00,0x00,0x00,0x00,
  0x00,0x00,0x00,0x00,0x00,0x00,0x00,0x00,0x00,0x00,0x00,0x00,
  0x00,0x00,0x00,0x00,0x00,0x00,0x00,0x00,0x00,0x00,0x00,0x00,
  0x00,0x00,0x00,0x00,0x00,0x00,0x00,0x00,0x00,0x00,0x00,0x00,
  0x00,0x00,0x00,0x00,0xA5,0x56,0xAC,0x00,0x00,0x00,0x00,0x00,
  0x00,0x00,0x00,0x00,0x00,0x00,0x00,0x00,0x00,0x00,0x00,0x00,
  0x00,0x00,0x00,0x00,0x00,0x00,0x00,0x00,0x00,0x00,0x00,0x00,
  0x00,0x00,0x00,0x00,0x00,0x00,0x00,0x00,0x00,0x00,0x00,0x00,
  0x00,0x00,0x00,0x00,0x00,0x00,0x00,0x00,0x00,0x00,0x00,0x00,
  0x00,0x00,0x00,0x00,0x00,0x00,0x00,0x00,0x00,0x00,0x00,0x34,
  0x2A,0x95,0x76,0x00,0x00,0x00,0x00,0x00,0x00,0x00,0x00,0x00,
  0x00,0x00,0x00,0x00,0x00,0x00,0x00,0x00,0x00,0x00,0x00,0x00,
  0x00,0x00,0x00,0x00,0x00,0x00,0x00,0x00,0x00,0x00,0x00,0x00,
  0x00,0x00,0x00,0x00,0x00,0x00,0x00,0x00,0x00,0x00,0x00,0x00,
  0x00,0x00,0x00,0x00,0x00,0x00,0x00,0x00,0x00,0x00,0x00,0x00,
  0x00,0x00,0x00,0x00,0x00,0x00,0x00,0x02,0xA4,0xA6,0xA8,0x00,
  0x00,0x00,0x00,0x00,0x00,0x00,0x00,0x00,0x00,0x00,0x00,0x00,
  0x00,0x00,0x00,0x00,0x00,0x00,0x00,0x00,0x00,0x00,0x00,0x00,
  0x00,0x00,0x00,0x00,0x00,0x00,0x00,0x00,0x00,0x00,0x00,0x00,
  0x00,0x00,0x00,0x00,0x00,0x00,0x00,0x00,0x00,0x00,0x00,0x00,
  0x00,0x00,0x00,0x00,0x00,0x00,0x00,0x00,0x00,0x00,0x00,0x00,
  0x00,0x00,0x00,0x51,0x52,0x9B,0x54,0x00,0x00,0x00,0x00,0x00,
  0x00,0x00,0x00,0x00,0x00,0x00,0x00,0x00,0x00,0x00,0x00,0x00,
  0x00,0x00,0x00,0x00,0x00,0x00,0x00,0x00,0x00,0x00,0x00,0x00,
  0x00,0x00,0x00,0x00,0x00,0x00,0x00,0x00,0x00,0x00,0x00,0x00,
  0x00,0x00,0x00,0x00,0x00,0x00,0x00,0x00,0x00,0x00,0x00,0x00,
  0x00,0x00,0x00,0x00,0x00,0x00,0x00,0x00,0x00,0x00,0x00,0x8A,
  0x2A,0x4A,0xDC,0x00,0x00,0x00,0x00,0x00,0x00,0x00,0x00,0x00,
  0x00,0x00,0x00,0x00,0x00,0x00,0x00,0x00,0x00,0x00,0x00,0x00,
  0x00,0x00,0x00,0x00,0x00,0x00,0x00,0x00,0x00,0x00,0x00,0x00,
  0x00,0x00,0x00,0x00,0x00,0x00,0x00,0x00,0x00,0x00,0x00,0x00,
  0x00,0x00,0x00,0x00,0x00,0x00,0x00,0x00,0x00,0x00,0x00,0x00,
  0x00,0x00,0x00,0x00,0x00,0x00,0x01,0x22,0xA5,0x5B,0x68,0x00,
  0x00,0x00,0x00,0x00,0x00,0x00,0x00,0x00,0x00,0x00,0x00,0x00,
  0x00,0x00,0x00,0x00,0x00,0x00,0x00,0x00,0x00,0x00,0x00,0x00,
  0x00,0x00,0x00,0x00,0x00,0x00,0x00,0x00,0x00,0x00,0x00,0x00,
  0x00,0x00,0x00,0x00,0x00,0x00,0x00,0x00,0x00,0x00,0x00,0x00,
  0x00,0x00,0x00,0x00,0x00,0x00,0x00,0x00,0x00,0x00,0x00,0x00,
  0x00,0x00,0x02,0x4A,0x94,0xAD,0x50,0x00,0x00,0x00,0x00,0x00,
  0x00,0x00,0x00,0x00,0x00,0x00,0x00,0x00,0x00,0x00,0x00,0x00,
  0x00,0x00,0x00,0x00,0x00,0x00,0x00,0x00,0x00,0x00,0x00,0x00,
  0x00,0x00,0x00,0x00,0x00,0x00,0x00,0x00,0x00,0x00,0x00,0x00,
  0x00,0x00,0x00,0x00,0x00,0x00,0x00,0x00,0x00,0x00,0x00,0x00,
  0x00,0x00,0x00,0x00,0x00,0x00,0x00,0x00,0x00,0x00,0x04,0x94,
  0xAA,0xAA,0xB8,0x00,0x00,0x00,0x00,0x00,0x00,0x00,0x00,0x00,
  0x00,0x00,0x00,0x00,0x00,0x00,0x00,0x00,0x00,0x00,0x00,0x00,
  0x00,0x00,0x00,0x00,0x00,0x00,0x00,0x00,0x00,0x00,0x00,0x00,
  0x00,0x00,0x00,0x00,0x00,0x00,0x00,0x00,0x00,0x00,0x00,0x00,
  0x00,0x00,0x00,0x00,0x00,0x00,0x00,0x00,0x00,0x00,0x00,0x00,
  0x00,0x00,0x00,0x00,0x00,0x00,0x08,0x22,0xA4,0xB6,0xD0,0x00,
  0x00,0x00,0x00,0x00,0x00,0x00,0x00,0x00,0x00,0x00,0x00,0x00,
  0x00,0x00,0x00,0x00,0x00,0x00,0x00,0x00,0x00,0x00,0x00,0x00,
  0x00,0x00,0x00,0x00,0x00,0x00,0x00,0x00,0x00,0x00,0x00,0x00,
  0x00,0x00,0x00,0x00,0x00,0x00,0x00,0x00,0x00,0x00,0x00,0x00,
  0x00,0x00,0x00,0x00,0x00,0x00,0x00,0x00,0x00,0x00,0x00,0x00,
  0x00,0x00,0x09,0x55,0x2A,0x55,0x50,0x00,0x00,0x00,0x00,0x00,
  0x00,0x00,0x00,0x00,0x00,0x00,0x00,0x00,0x00,0x00,0x00,0x00,
  0x00,0x00,0x00,0x00,0x00,0x00,0x00,0x00,0x00,0x00,0x00,0x00,
  0x00,0x00,0x00,0x00,0x00,0x00,0x00,0x00,0x00,0x00,0x00,0x00,
  0x00,0x00,0x00,0x00,0x00,0x00,0x00,0x00,0x00,0x00,0x00,0x00,
  0x00,0x00,0x00,0x00,0x00,0x00,0x00,0x00,0x00,0x00,0x22,0x14,
  0xA5,0x5B,0x60,0x00,0x00,0x00,0x00,0x00,0x00,0x00,0x00,0x00,
  0x00,0x00,0x00,0x00,0x00,0x00,0x00,0x00,0x00,0x00,0x00,0x00,
  0x00,0x00,0x00,0x00,0x00,0x00,0x00,0x00,0x00,0x00,0x00,0x00,
  0x00,0x00,0x00,0x00,0x00,0x00,0x00,0x00,0x00,0x00,0x00,0x00,
  0x00,0x00,0x00,0x00,0x00,0x00,0x00,0x00,0x00,0x00,0x00,0x00,
  0x00,0x00,0x00,0x00,0x00,0x00,0x24,0xAA,0x94,0xD5,0xA0,0x00,
  0x00,0x00,0x00,0x00,0x00,0x00,0x00,0x00,0x00,0x00,0x00,0x00,
  0x00,0x00,0x00,0x00,0x00,0x00,0x00,0x00,0x00,0x00,0x00,0x00,
  0x00,0x00,0x00,0x00,0x00,0x00,0x00,0x00,0x00,0x00,0x00,0x00,
  0x00,0x00,0x00,0x00,0x00,0x00,0x00,0x00,0x00,0x00,0x00,0x00,
  0x00,0x00,0x00,0x00,0x00,0x00,0x00,0x00,0x00,0x00,0x00,0x00,
  0x00,0x00,0x41,0x49,0x52,0xAD,0x60,0x00,0x00,0x00,0x00,0x00,
  0x00,0x00,0x00,0x00,0x00,0x00,0x00,0x00,0x00,0x00,0x00,0x00,
  0x00,0x00,0x00,0x00,0x00,0x00,0x00,0x00,0x00,0x00,0x00,0x00,
  0x00,0x00,0x00,0x00,0x00,0x00,0x00,0x00,0x00,0x00,0x00,0x00,
  0x00,0x00,0x00,0x00,0x00,0x00,0x00,0x00,0x00,0x00,0x00,0x00,
  0x00,0x00,0x00,0x00,0x00,0x00,0x00,0x00,0x00,0x00,0x94,0xAA,
  0xAA,0xD6,0xA0,0x00,0x00,0x00,0x00,0x00,0x00,0x00,0x00,0x00,
  0x00,0x00,0x00,0x00,0x00,0x00,0x00,0x00,0x00,0x00,0x00,0x00,
  0x00,0x00,0x00,0x00,0x00,0x00,0x00,0x00,0x00,0x00,0x00,0x00,
  0x00,0x00,0x00,0x00,0x00,0x00,0x00,0x00,0x00,0x00,0x00,0x00,
  0x00,0x00,0x00,0x00,0x00,0x00,0x00,0x00,0x00,0x00,0x00,0x00,
  0x00,0x00,0x00,0x00,0x00,0x01,0x09,0x24,0x92,0xBA,0xC0,0x00,
  0x00,0x00,0x00,0x00,0x00,0x00,0x00,0x00,0x00,0x00,0x00,0x00,
  0x00,0x00,0x00,0x00,0x00,0x00,0x00,0x00,0x00,0x00,0x00,0x00,
  0x00,0x00,0x00,0x00,0x00,0x00,0x00,0x00,0x00,0x00,0x00,0x00,
  0x00,0x00,0x00,0x00,0x00,0x00,0x00,0x00,0x00,0x00,0x00,0x00,
  0x00,0x00,0x00,0x00,0x00,0x00,0x00,0x00,0x00,0x00,0x00,0x00,
  0x00,0x02,0x52,0xAA,0x4A,0xCB,0x40,0x00,0x00,0x00,0x00,0x00,
  0x00,0x00,0x00,0x00,0x00,0x00,0x00,0x00,0x00,0x00,0x00,0x00,
  0x00,0x00,0x00,0x00,0x00,0x00,0x00,0x00,0x00,0x00,0x00,0x00,
  0x00,0x00,0x00,0x00,0x00,0x00,0x00,0x00,0x00,0x00,0x00,0x00,
  0x00,0x00,0x00,0x00,0x00,0x00,0x00,0x00,0x00,0x00,0x00,0x00,
  0x00,0x00,0x00,0x00,0x00,0x00,0x00,0x00,0x00,0x04,0x25,0x25,
  0x55,0x75,0x80,0x00,0x00,0x00,0x00,0x00,0x00,0x00,0x00,0x00,
  0x00,0x00,0x00,0x00,0x00,0x00,0x00,0x00,0x00,0x00,0x00,0x00,
  0x00,0x00,0x00,0x00,0x00,0x00,0x00,0x00,0x00,0x00,0x00,0x00,
  0x00,0x00,0x00,0x00,0x00,0x00,0x00,0x00,0x00,0x00,0x00,0x00,
  0x00,0x00,0x00,0x00,0x00,0x00,0x00,0x00,0x00,0x00,0x00,0x00,
  0x00,0x00,0x00,0x00,0x00,0x09,0x49,0x55,0x53,0x56,0xC0,0x00,
  0x00,0x00,0x00,0x00,0x00,0x00,0x00,0x00,0x00,0x00,0x00,0x00,
  0x00,0x00,0x00,0x00,0x00,0x00,0x00,0x00,0x00,0x00,0x00,0x00,
  0x00,0x00,0x00,0x00,0x00,0x00,0x00,0x00,0x00,0x00,0x00,0x00,
  0x00,0x00,0x00,0x00,0x00,0x00,0x00,0x00,0x00,0x00,0x00,0x00,
  0x00,0x00,0x00,0x00,0x00,0x00,0x00,0x00,0x00,0x00,0x00,0x00,
  0x00,0x08,0x25,0x29,0x2D,0xAA,0x80,0x00,0x00,0x00,0x00,0x00,
  0x00,0x00,0x00,0x00,0x00,0x00,0x00,0x00,0x00,0x00,0x00,0x00,
  0x00,0x00,0x00,0x00,0x00,0x00,0x00,0x00,0x00,0x00,0x00,0x00,
  0x00,0x00,0x00,0x00,0x00,0x00,0x00,0x00,0x00,0x00,0x00,0x00,
  0x00,0x00,0x00,0x00,0x00,0x00,0x00,0x00,0x00,0x00,0x00,0x00,
  0x00,0x00,0x00,0x00,0x00,0x00,0x00,0x00,0x00,0x22,0x94,0xA4,
  0xA6,0xB6,0x80,0x00,0x00,0x00,0x00,0x00,0x00,0x00,0x00,0x00,
  0x00,0x00,0x00,0x00,0x00,0x00,0x00,0x00,0x00,0x00,0x00,0x00,
  0x00,0x00,0x00,0x00,0x00,0x00,0x00,0x00,0x00,0x00,0x00,0x00,
  0x00,0x00,0x00,0x00,0x00,0x00,0x00,0x00,0x00,0x00,0x00,0x00,
  0x00,0x00,0x00,0x00,0x00,0x00,0x00,0x00,0x00,0x00,0x00,0x00,
  0x00,0x00,0x00,0x00,0x00,0x24,0x52,0xAA,0x95,0x5B,0x00,0x00,
  0x00,0x00,0x00,0x00,0x00,0x00,0x00,0x00,0x00,0x00,0x00,0x00,
  0x00,0x00,0x00,0x00,0x00,0x00,0x00,0x00,0x00,0x00,0x00,0x00,
  0x00,0x00,0x00,0x00,0x00,0x00,0x00,0x00,0x00,0x00,0x00,0x00,
  0x00,0x00,0x00,0x00,0x00,0x00,0x00,0x00,0x00,0x00,0x00,0x00,
  0x00,0x00,0x00,0x00,0x00,0x00,0x00,0x00,0x00,0x00,0x00,0x00,
  0x00,0x42,0x95,0x55,0x56,0xD5,0x00,0x00,0x00,0x00,0x00,0x00,
  0x00,0x00,0x00,0x00,0x00,0x00,0x00,0x00,0x00,0x00,0x00,0x00,
  0x00,0x00,0x00,0x00,0x00,0x00,0x00,0x00,0x00,0x00,0x00,0x00,
  0x00,0x00,0x00,0x00,0x00,0x00,0x00,0x00,0x00,0x00,0x00,0x00,
  0x00,0x00,0x00,0x00,0x00,0x00,0x00,0x00,0x00,0x00,0x00,0x00,
  0x00,0x00,0x00,0x00,0x00,0x00,0x00,0x00,0x00,0x90,0x55,0x24,
  0xAB,0x6D,0x00,0x00,0x00,0x00,0x00,0x00,0x00,0x00,0x00,0x00,
  0x00,0x00,0x00,0x00,0x00,0x00,0x00,0x00,0x00,0x00,0x00,0x00,
  0x00,0x00,0x00,0x00,0x00,0x00,0x00,0x00,0x00,0x00,0x00,0x00,
  0x00,0x00,0x00,0x00,0x00,0x00,0x00,0x00,0x00,0x00,0x00,0x00,
  0x00,0x00,0x00,0x00,0x00,0x00,0x00,0x00,0x00,0x00,0x00,0x00,
  0x00,0x00,0x00,0x00,0x01,0x0A,0xA4,0x95,0x2D,0x56,0x00,0x00,
  0x00,0x00,0x00,0x00,0x00,0x00,0x00,0x00,0x00,0x00,0x00,0x00,
  0x00,0x00,0x00,0x00,0x00,0x00,0x00,0x00,0x00,0x00,0x00,0x00,
  0x00,0x00,0x00,0x00,0x00,0x00,0x00,0x00,0x00,0x00,0x00,0x00,
  0x00,0x00,0x00,0x00,0x00,0x00,0x00,0x00,0x00,0x00,0x00,0x00,
  0x00,0x00,0x00,0x00,0x00,0x00,0x00,0x00,0x00,0x00,0x00,0x00,
  0x02,0x22,0x95,0x52,0xB5,0xB5,0x00,0x00,0x00,0x00,0x00,0x00,
  0x00,0x00,0x00,0x00,0x00,0x00,0x00,0x00,0x00,0x00,0x00,0x00,
  0x00,0x00,0x00,0x00,0x00,0x00,0x00,0x00,0x00,0x00,0x00,0x00,
  0x00,0x00,0x00,0x00,0x00,0x00,0x00,0x00,0x00,0x00,0x00,0x00,
  0x00,0x00,0x00,0x00,0x00,0x00,0x00,0x00,0x00,0x00,0x00,0x00,
  0x00,0x00,0x00,0x00,0x00,0x00,0x00,0x00,0x04,0x94,0xAA,0xAA,
  0x56,0xAE,0x00,0x00,0x00,0x00,0x00,0x00,0x00,0x00,0x00,0x00,
  0x00,0x00,0x00,0x00,0x00,0x00,0x00,0x00,0x00,0x00,0x00,0x00,
  0x00,0x00,0x00,0x00,0x00,0x00,0x00,0x00,0x00,0x00,0x00,0x00,
  0x00,0x00,0x00,0x00,0x00,0x00,0x00,0x00,0x00,0x00,0x00,0x00,
  0x00,0x00,0x00,0x00,0x00,0x00,0x00,0x00,0x00,0x00,0x00,0x00,
  0x00,0x00,0x00,0x00,0x08,0x42,0xA4,0x95,0x6A,0xD4,0x00,0x00,
  0x00,0x00,0x00,0x00,0x00,0x00,0x00,0x00,0x00,0x00,0x00,0x00,
  0x00,0x00,0x00,0x00,0x00,0x00,0x00,0x00,0x00,0x00,0x00,0x00,
  0x00,0x00,0x00,0x00,0x00,0x00,0x00,0x00,0x00,0x00,0x00,0x00,
  0x00,0x00,0x00,0x00,0x00,0x00,0x00,0x00,0x00,0x00,0x00,0x00,
  0x00,0x00,0x00,0x00,0x00,0x00,0x00,0x00,0x00,0x00,0x00,0x00,
  0x01,0x15,0x2A,0x52,0x5B,0x5A,0x00,0x00,0x00,0x00,0x00,0x00,
  0x00,0x00,0x00,0x00,0x00,0x00,0x00,0x00,0x00,0x00,0x00,0x00,
  0x00,0x00,0x00,0x00,0x00,0x00,0x00,0x00,0x00,0x00,0x00,0x00,
  0x00,0x00,0x00,0x00,0x00,0x00,0x00,0x00,0x00,0x00,0x00,0x00,
  0x00,0x00,0x00,0x00,0x00,0x00,0x00,0x00,0x00,0x00,0x00,0x00,
  0x00,0x00,0x00,0x00,0x00,0x00,0x00,0x00,0x30,0xA4,0xA5,0x49,
  0x6D,0x6C,0x00,0x00,0x00,0x00,0x00,0x00,0x00,0x00,0x00,0x00,
  0x00,0x00,0x00,0x00,0x00,0x00,0x00,0x00,0x00,0x00,0x00,0x00,
  0x00,0x00,0x00,0x00,0x00,0x00,0x00,0x00,0x00,0x00,0x00,0x00,
  0x00,0x00,0x00,0x00,0x00,0x00,0x00,0x00,0x00,0x00,0x00,0x00,
  0x00,0x00,0x00,0x00,0x00,0x00,0x00,0x00,0x00,0x00,0x00,0x00,
  0x00,0x00,0x00,0x00,0x05,0x15,0x54,0xAA,0xAA,0xB4,0x00,0x00,
  0x00,0x00,0x00,0x00,0x00,0x00,0x00,0x00,0x00,0x00,0x00,0x00,
  0x00,0x00,0x00,0x00,0x00,0x00,0x00,0x00,0x00,0x00,0x00,0x00,
  0x00,0x00,0x00,0x00,0x00,0x00,0x00,0x00,0x00,0x00,0x00,0x00,
  0x00,0x00,0x00,0x00,0x00,0x00,0x00,0x00,0x00,0x00,0x00,0x00,
  0x00,0x00,0x00,0x00,0x00,0x00,0x00,0x00,0x00,0x00,0x00,0x00,
  0x42,0x4A,0x4A,0xA5,0xB6,0xD0,0x00,0x00,0x00,0x00,0x00,0x00,
  0x00,0x00,0x00,0x00,0x00,0x00,0x00,0x00,0x00,0x00,0x00,0x00,
  0x00,0x00,0x00,0x00,0x00,0x00,0x00,0x00,0x00,0x00,0x00,0x00,
  0x00,0x00,0x00,0x00,0x00,0x00,0x00,0x00,0x00,0x00,0x00,0x00,
  0x00,0x00,0x00,0x00,0x00,0x00,0x00,0x00,0x00,0x00,0x00,0x00,
  0x00,0x00,0x00,0x00,0x00,0x00,0x00,0x00,0x94,0x29,0x52,0x54,
  0xD5,0x58,0x00,0x00,0x00,0x00,0x00,0x00,0x00,0x00,0x00,0x00,
  0x00,0x00,0x00,0x00,0x00,0x00,0x00,0x00,0x00,0x00,0x00,0x00,
  0x00,0x00,0x00,0x00,0x00,0x00,0x00,0x00,0x00,0x00,0x00,0x00,
  0x00,0x00,0x00,0x00,0x00,0x00,0x00,0x00,0x00,0x00,0x00,0x00,
  0x00,0x00,0x00,0x00,0x00,0x00,0x00,0x00,0x00,0x00,0x00,0x00,
  0x00,0x00,0x00,0x01,0x02,0xA5,0x2A,0x93,0x5B,0xA8,0x00,0x00,
  0x00,0x00,0x00,0x00,0x00,0x00,0x00,0x00,0x00,0x00,0x00,0x00,
  0x00,0x00,0x00,0x00,0x00,0x00,0x00,0x00,0x00,0x00,0x00,0x00,
  0x00,0x00,0x00,0x00,0x00,0x00,0x00,0x00,0x00,0x00,0x00,0x00,
  0x00,0x00,0x00,0x00,0x00,0x00,0x00,0x00,0x00,0x00,0x00,0x00,
  0x00,0x00,0x00,0x00,0x00,0x00,0x00,0x00,0x00,0x00,0x00,0x02,
  0x28,0x94,0xA5,0x4A,0xAC,0xD0,0x00,0x00,0x00,0x00,0x00,0x00,
  0x00,0x00,0x00,0x00,0x00,0x00,0x00,0x00,0x00,0x00,0x00,0x00,
  0x00,0x00,0x00,0x00,0x00,0x00,0x00,0x00,0x00,0x00,0x00,0x00,
  0x00,0x00,0x00,0x00,0x00,0x00,0x00,0x00,0x00,0x00,0x00,0x00,
  0x00,0x00,0x00,0x00,0x00,0x00,0x00,0x00,0x00,0x00,0x00,0x00,
  0x00,0x00,0x00,0x00,0x00,0x00,0x00,0x04,0x12,0x55,0x54,0xAB,
  0x77,0x70,0x00,0x00,0x00,0x00,0x00,0x00,0x00,0x00,0x00,0x00,
  0x00,0x00,0x00,0x00,0x00,0x00,0x00,0x00,0x00,0x00,0x00,0x00,
  0x00,0x00,0x00,0x00,0x00,0x00,0x00,0x00,0x00,0x00,0x00,0x00,
  0x00,0x00,0x00,0x00,0x00,0x00,0x00,0x00,0x00,0x00,0x00,0x00,
  0x00,0x00,0x00,0x00,0x00,0x00,0x00,0x00,0x00,0x00,0x00,0x00,
  0x00,0x00,0x00,0x04,0xA5,0x52,0x92,0x55,0xA9,0x50,0x00,0x00,
  0x00,0x00,0x00,0x00,0x00,0x00,0x00,0x00,0x00,0x00,0x00,0x00,
  0x00,0x00,0x00,0x00,0x00,0x00,0x00,0x00,0x00,0x00,0x00,0x00,
  0x00,0x00,0x00,0x00,0x00,0x00,0x00,0x00,0x00,0x00,0x00,0x00,
  0x00,0x00,0x00,0x00,0x00,0x00,0x00,0x00,0x00,0x00,0x00,0x00,
  0x00,0x00,0x00,0x00,0x00,0x00,0x00,0x00,0x00,0x00,0x00,0x10,
  0x11,0x4A,0x55,0x4A,0xAE,0xA0,0x00,0x00,0x00,0x00,0x00,0x00,
  0x00,0x00,0x00,0x00,0x00,0x00,0x00,0x00,0x00,0x00,0x00,0x00,
  0x00,0x00,0x00,0x00,0x00,0x00,0x00,0x00,0x00,0x00,0x00,0x00,
  0x00,0x00,0x00,0x00,0x00,0x00,0x00,0x00,0x00,0x00,0x00,0x00,
  0x00,0x00,0x00,0x00,0x00,0x00,0x00,0x00,0x00,0x00,0x00,0x00,
  0x00,0x00,0x00,0x00,0x00,0x00,0x00,0x11,0x4A,0xA9,0x4A,0xAD,
  0xB5,0xA0,0x00,0x00,0x00,0x00,0x00,0x00,0x00,0x00,0x00,0x00,
  0x00,0x00,0x00,0x00,0x00,0x00,0x00,0x00,0x00,0x00,0x00,0x00,
  0x00,0x00,0x00,0x00,0x00,0x00,0x00,0x00,0x00,0x00,0x00,0x00,
  0x00,0x00,0x00,0x00,0x00,0x00,0x00,0x00,0x00,0x00,0x00,0x00,
  0x00,0x00,0x00,0x00,0x00,0x00,0x00,0x00,0x00,0x00,0x00,0x00,
  0x00,0x00,0x00,0x22,0x24,0x95,0x54,0x96,0xD6,0xE0,0x00,0x00,
  0x00,0x00,0x00,0x00,0x00,0x00,0x00,0x00,0x00,0x00,0x00,0x00,
  0x00,0x00,0x00,0x00,0x00,0x00,0x00,0x00,0x00,0x00,0x00,0x00,
  0x00,0x00,0x00,0x00,0x00,0x00,0x00,0x00,0x00,0x00,0x00,0x00,
  0x00,0x00,0x00,0x00,0x00,0x00,0x00,0x00,0x00,0x00,0x00,0x00,
  0x00,0x00,0x00,0x00,0x00,0x00,0x00,0x00,0x00,0x00,0x00,0x44,
  0x92,0xAA,0x52,0x5A,0xAA,0x80,0x00,0x00,0x00,0x00,0x00,0x00,
  0x00,0x00,0x00,0x00,0x00,0x00,0x00,0x00,0x00,0x00,0x00,0x00,
  0x00,0x00,0x00,0x00,0x00,0x00,0x00,0x00,0x00,0x00,0x00,0x00,
  0x00,0x00,0x00,0x00,0x00,0x00,0x00,0x00,0x00,0x00,0x00,0x00,
  0x00,0x00,0x00,0x00,0x00,0x00,0x00,0x00,0x00,0x00,0x00,0x00,
  0x00,0x00,0x00,0x00,0x00,0x00,0x00,0x81,0x0A,0x49,0x4A,0xAA,
  0xDB,0x40,0x00,0x00,0x00,0x00,0x00,0x00,0x00,0x00,0x00,0x00,
  0x00,0x00,0x00,0x00,0x00,0x00,0x00,0x00,0x00,0x00,0x00,0x00,
  0x00,0x00,0x00,0x00,0x00,0x00,0x00,0x00,0x00,0x00,0x00,0x00,
  0x00,0x00,0x00,0x00,0x00,0x00,0x00,0x00,0x00,0x00,0x00,0x00,
  0x00,0x00,0x00,0x00,0x00,0x00,0x00,0x00,0x00,0x00,0x00,0x00,
  0x00,0x00,0x01,0x14,0xAA,0xAA,0xAA,0x96,0xAD,0xC0,0x00,0x00,
  0x00,0x00,0x00,0x00,0x00,0x00,0x00,0x00,0x00,0x00,0x00,0x00,
  0x00,0x00,0x00,0x00,0x00,0x00,0x00,0x00,0x00,0x00,0x00,0x00,
  0x00,0x00,0x00,0x00,0x00,0x00,0x00,0x00,0x00,0x00,0x00,0x00,
  0x00,0x00,0x00,0x00,0x00,0x00,0x00,0x00,0x00,0x00,0x00,0x00,
  0x00,0x00,0x00,0x00,0x00,0x00,0x00,0x00,0x00,0x00,0x02,0x02,
  0x2A,0xA5,0x24,0xBB,0x6A,0x80,0x00,0x00,0x00,0x00,0x00,0x00,
  0x00,0x00,0x00,0x00,0x00,0x00,0x00,0x00,0x00,0x00,0x00,0x00,
  0x00,0x00,0x00,0x00,0x00,0x00,0x00,0x00,0x00,0x00,0x00,0x00,
  0x00,0x00,0x00,0x00,0x00,0x00,0x00,0x00,0x00,0x00,0x00,0x00,
  0x00,0x00,0x00,0x00,0x00,0x00,0x00,0x00,0x00,0x00,0x00,0x00,
  0x00,0x00,0x00,0x00,0x00,0x00,0x02,0x54,0xA4,0x94,0xAA,0xAA,
  0xB6,0x80,0x00,0x00,0x00,0x00,0x00,0x00,0x00,0x00,0x00,0x00,
  0x00,0x00,0x00,0x00,0x00,0x00,0x00,0x00,0x00,0x00,0x00,0x00,
  0x00,0x00,0x00,0x00,0x00,0x00,0x00,0x00,0x00,0x00,0x00,0x00,
  0x00,0x00,0x00,0x00,0x00,0x00,0x00,0x00,0x00,0x00,0x00,0x00,
  0x00,0x00,0x00,0x00,0x00,0x00,0x00,0x00,0x00,0x00,0x00,0x00,
  0x00,0x00,0x08,0x09,0x2A,0xAA,0x92,0x6B,0x5A,0x80,0x00,0x00,
  0x00,0x00,0x00,0x00,0x00,0x00,0x00,0x00,0x00,0x00,0x00,0x00,
  0x00,0x00,0x00,0x00,0x00,0x00,0x00,0x00,0x00,0x00,0x00,0x00,
  0x00,0x00,0x00,0x00,0x00,0x00,0x00,0x00,0x00,0x00,0x00,0x00,
  0x00,0x00,0x00,0x00,0x00,0x00,0x00,0x00,0x00,0x00,0x00,0x00,
  0x00,0x00,0x00,0x00,0x00,0x00,0x00,0x00,0x00,0x00,0x08,0xA2,
  0xAA,0x52,0x55,0x5A,0xD5,0x80,0x00,0x00,0x00,0x00,0x00,0x00,
  0x00,0x00,0x00,0x00,0x00,0x00,0x00,0x00,0x00,0x00,0x00,0x00,
  0x00,0x00,0x00,0x00,0x00,0x00,0x00,0x00,0x00,0x00,0x00,0x00,
  0x00,0x00,0x00,0x00,0x00,0x00,0x00,0x00,0x00,0x00,0x00,0x00,
  0x00,0x00,0x00,0x00,0x00,0x00,0x00,0x00,0x00,0x00,0x00,0x00,
  0x00,0x00,0x00,0x00,0x00,0x00,0x11,0x14,0x49,0x4A,0xA9,0x6D,
  0x6E,0x00,0x00,0x00,0x00,0x00,0x00,0x00,0x00,0x00,0x00,0x00,
  0x00,0x00,0x00,0x00,0x00,0x00,0x00,0x00,0x00,0x00,0x00,0x00,
  0x00,0x00,0x00,0x00,0x00,0x00,0x00,0x00,0x00,0x00,0x00,0x00,
  0x00,0x00,0x00,0x00,0x00,0x00,0x00,0x00,0x00,0x00,0x00,0x00,
  0x00,0x00,0x00,0x00,0x00,0x00,0x00,0x00,0x00,0x00,0x00,0x00,
  0x00,0x00,0x20,0xA2,0xA5,0x29,0x4A,0xAB,0x55,0x00,0x00,0x00,
  0x00,0x00,0x00,0x00,0x00,0x00,0x00,0x00,0x00,0x00,0x00,0x00,
  0x00,0x00,0x00,0x00,0x00,0x00,0x00,0x00,0x00,0x00,0x00,0x00,
  0x00,0x00,0x00,0x00,0x00,0x00,0x00,0x00,0x00,0x00,0x00,0x00,
  0x00,0x00,0x00,0x00,0x00,0x00,0x00,0x00,0x00,0x00,0x00,0x00,
  0x00,0x00,0x00,0x00,0x00,0x00,0x00,0x00,0x00,0x00,0x45,0x09,
  0x55,0x55,0x29,0xDA,0xDB,0x00,0x00,0x00,0x00,0x00,0x00,0x00,
  0x00,0x00,0x00,0x00,0x00,0x00,0x00,0x00,0x00,0x00,0x00,0x00,
  0x00,0x00,0x00,0x00,0x00,0x00,0x00,0x00,0x00,0x00,0x00,0x00,
  0x00,0x00,0x00,0x00,0x00,0x00,0x00,0x00,0x00,0x00,0x00,0x00,
  0x00,0x00,0x00,0x00,0x00,0x00,0x00,0x00,0x00,0x00,0x00,0x00,
  0x00,0x00,0x00,0x00,0x00,0x00,0x88,0x55,0x2A,0xA4,0xA5,0x6D,
  0x6A,0x00,0x00,0x00,0x00,0x00,0x00,0x00,0x00,0x00,0x00,0x00,
  0x00,0x00,0x00,0x00,0x00,0x00,0x00,0x00,0x00,0x00,0x00,0x00,
  0x00,0x00,0x00,0x00,0x00,0x00,0x00,0x00,0x00,0x00,0x00,0x00,
  0x00,0x00,0x00,0x00,0x00,0x00,0x00,0x00,0x00,0x00,0x00,0x00,
  0x00,0x00,0x00,0x00,0x00,0x00,0x00,0x00,0x00,0x00,0x00,0x00,
  0x00,0x01,0x05,0x24,0xA4,0x95,0x55,0xAB,0x5A,0x00,0x00,0x00,
  0x00,0x00,0x00,0x00,0x00,0x00,0x00,0x00,0x00,0x00,0x00,0x00,
  0x00,0x00,0x00,0x00,0x00,0x00,0x00,0x00,0x00,0x00,0x00,0x00,
  0x00,0x00,0x00,0x00,0x00,0x00,0x00,0x00,0x00,0x00,0x00,0x00,
  0x00,0x00,0x00,0x00,0x00,0x00,0x00,0x00,0x00,0x00,0x00,0x00,
  0x00,0x00,0x00,0x00,0x00,0x00,0x00,0x00,0x00,0x01,0x12,0x4A,
  0x92,0x55,0x2A,0xB5,0xAC,0x00,0x00,0x00,0x00,0x00,0x00,0x00,
  0x00,0x00,0x00,0x00,0x00,0x00,0x00,0x00,0x00,0x00,0x00,0x00,
  0x00,0x00,0x00,0x00,0x00,0x00,0x00,0x00,0x00,0x00,0x00,0x00,
  0x00,0x00,0x00,0x00,0x00,0x00,0x00,0x00,0x00,0x00,0x00,0x00,
  0x00,0x00,0x00,0x00,0x00,0x00,0x00,0x00,0x00,0x00,0x00,0x00,
  0x00,0x00,0x00,0x00,0x00,0x02,0x24,0x95,0x55,0x52,0xA6,0xD6,
  0xD4,0x00,0x00,0x00,0x00,0x00,0x00,0x00,0x00,0x00,0x00,0x00,
  0x00,0x00,0x00,0x00,0x00,0x00,0x00,0x00,0x00,0x00,0x00,0x00,
  0x00,0x00,0x00,0x00,0x00,0x00,0x00,0x00,0x00,0x00,0x00,0x00,
  0x00,0x00,0x00,0x00,0x00,0x00,0x00,0x00,0x00,0x00,0x00,0x00,
  0x00,0x00,0x00,0x00,0x00,0x00,0x00,0x00,0x00,0x00,0x00,0x00,
  0x00,0x04,0x12,0x52,0x55,0x4A,0x55,0x5A,0xB4,0x00,0x00,0x00,
  0x00,0x00,0x00,0x00,0x00,0x00,0x00,0x00,0x00,0x00,0x00,0x00,
  0x00,0x00,0x00,0x00,0x00,0x00,0x00,0x00,0x00,0x00,0x00,0x00,
  0x00,0x00,0x00,0x00,0x00,0x00,0x00,0x00,0x00,0x00,0x00,0x00,
  0x00,0x00,0x00,0x00,0x00,0x00,0x00,0x00,0x00,0x00,0x00,0x00,
  0x00,0x00,0x00,0x00,0x00,0x12,0x00,0x00,0x00,0x08,0x49,0x29,
  0x49,0x29,0x4D,0xAB,0x5C,0x00,0x00,0x00,0x00,0x00,0x00,0x00,
  0x00,0x00,0x00,0x00,0x00,0x00,0x00,0x00,0x00,0x00,0x00,0x00,
  0x00,0x00,0x00,0x00,0x00,0x00,0x00,0x00,0x00,0x00,0x00,0x00,
  0x00,0x00,0x00,0x00,0x00,0x00,0x00,0x00,0x00,0x00,0x00,0x00,
  0x00,0x00,0x00,0x00,0x00,0x00,0x00,0x00,0x00,0x00,0x00,0x00,
  0x03,0xFE,0x00,0x00,0x00,0x10,0x84,0x95,0x2A,0xA5,0x2A,0xDD,
  0x68,0x00,0x00,0x00,0x00,0x00,0x00,0x00,0x00,0x00,0x00,0x00,
  0x00,0x00,0x00,0x00,0x00,0x00,0x00,0x00,0x00,0x00,0x00,0x00,
  0x00,0x00,0x00,0x00,0x00,0x00,0x00,0x00,0x00,0x00,0x00,0x00,
  0x00,0x00,0x00,0x00,0x00,0x00,0x00,0x00,0x00,0x00,0x00,0x00,
  0x00,0x00,0x00,0x00,0x00,0x00,0x00,0x00,0x0E,0xEC,0x00,0x00,
  0x00,0x61,0x28,0xAA,0xA5,0x55,0x56,0xAA,0xA8,0x00,0x00,0x00,
  0x00,0x00,0x00,0x00,0x00,0x00,0x00,0x00,0x00,0x00,0x00,0x00,
  0x00,0x00,0x00,0x00,0x00,0x00,0x00,0x00,0x00,0x00,0x00,0x00,
  0x00,0x00,0x00,0x00,0x00,0x00,0x00,0x00,0x00,0x00,0x00,0x00,
  0x00,0x00,0x00,0x00,0x00,0x00,0x00,0x00,0x00,0x00,0x00,0x00,
  0x00,0x00,0x00,0x00,0x2F,0xB8,0x00,0x00,0x00,0x42,0x42,0xA4,
  0xA9,0x29,0x5B,0x6D,0xD8,0x00,0x00,0x00,0x00,0x00,0x00,0x00,
  0x00,0x00,0x00,0x00,0x00,0x00,0x00,0x00,0x00,0x00,0x00,0x00,
  0x00,0x00,0x00,0x00,0x00,0x00,0x00,0x00,0x00,0x00,0x00,0x00,
  0x00,0x00,0x00,0x00,0x00,0x00,0x00,0x00,0x00,0x00,0x00,0x00,
  0x00,0x00,0x00,0x00,0x00,0x00,0x00,0x00,0x00,0x00,0x00,0x00,
  0x5A,0xF8,0x00,0x00,0x01,0x01,0x15,0x52,0x94,0x95,0x2A,0xB6,
  0xB0,0x00,0x00,0x00,0x00,0x00,0x00,0x00,0x00,0x00,0x00,0x00,
  0x00,0x00,0x00,0x00,0x00,0x00,0x00,0x00,0x00,0x00,0x00,0x00,
  0x00,0x00,0x00,0x00,0x00,0x00,0x00,0x00,0x00,0x00,0x00,0x00,
  0x00,0x00,0x00,0x00,0x00,0x00,0x00,0x00,0x00,0x00,0x00,0x00,
  0x00,0x00,0x00,0x00,0x00,0x00,0x00,0x01,0xBF,0xD0,0x00,0x00,
  0x02,0x0A,0x44,0x95,0x55,0x52,0xAD,0xD5,0x50,0x00,0x00,0x00,
  0x00,0x00,0x00,0x00,0x00,0x00,0x00,0x00,0x00,0x00,0x00,0x00,
  0x00,0x00,0x00,0x00,0x00,0x00,0x00,0x00,0x00,0x00,0x00,0x00,
  0x00,0x00,0x00,0x00,0x00,0x00,0x00,0x00,0x00,0x00,0x00,0x00,
  0x00,0x00,0x00,0x00,0x00,0x00,0x00,0x00,0x00,0x00,0x00,0x00,
  0x00,0x00,0x00,0x02,0xEB,0x60,0x00,0x00,0x08,0x01,0x2A,0x54,
  0xA5,0x4A,0x56,0x5B,0xB0,0x00,0x00,0x00,0x00,0x00,0x00,0x00,
  0x00,0x00,0x00,0x00,0x00,0x00,0x00,0x00,0x00,0x00,0x00,0x00,
  0x00,0x00,0x00,0x00,0x00,0x00,0x00,0x00,0x00,0x00,0x00,0x00,
  0x00,0x00,0x00,0x00,0x00,0x00,0x00,0x00,0x00,0x00,0x00,0x00,
  0x00,0x00,0x00,0x00,0x00,0x00,0x00,0x00,0x00,0x00,0x00,0x0D,
  0xBF,0xE0,0x00,0x00,0x10,0x54,0x89,0x4A,0x94,0xA9,0x6B,0xAC,
  0xD0,0x00,0x00,0x00,0x00,0x00,0x00,0x00,0x00,0x00,0x00,0x00,
  0x00,0x00,0x00,0x00,0x00,0x00,0x00,0x00,0x00,0x00,0x00,0x00,
  0x00,0x00,0x00,0x00,0x00,0x00,0x00,0x00,0x00,0x00,0x00,0x00,
  0x00,0x00,0x00,0x00,0x00,0x00,0x00,0x00,0x00,0x00,0x00,0x00,
  0x00,0x00,0x00,0x00,0x00,0x00,0x00,0x17,0xF6,0xC0,0x00,0x00,
  0x40,0x89,0x2A,0xA9,0x52,0x95,0x5C,0xD7,0x60,0x00,0x00,0x00,
  0x00,0x00,0x00,0x00,0x00,0x00,0x00,0x00,0x00,0x00,0x00,0x00,
  0x00,0x00,0x00,0x00,0x00,0x00,0x00,0x00,0x00,0x00,0x00,0x00,
  0x00,0x00,0x00,0x00,0x00,0x00,0x00,0x00,0x00,0x00,0x00,0x00,
  0x00,0x00,0x00,0x00,0x00,0x00,0x00,0x00,0x00,0x00,0x00,0x00,
  0x00,0x00,0x00,0x6D,0x6F,0x80,0x00,0x01,0x82,0x24,0x55,0x55,
  0x2A,0x52,0xAB,0x6A,0xA0,0x00,0x00,0x00,0x00,0x00,0x00,0x00,
  0x00,0x00,0x00,0x00,0x00,0x00,0x00,0x00,0x00,0x00,0x00,0x00,
  0x00,0x00,0x00,0x00,0x00,0x00,0x00,0x00,0x00,0x00,0x00,0x00,
  0x00,0x00,0x00,0x00,0x00,0x00,0x00,0x00,0x00,0x00,0x00,0x00,
  0x00,0x00,0x00,0x00,0x00,0x00,0x00,0x00,0x00,0x00,0x01,0x5F,
  0xFB,0x00,0x00,0x04,0x08,0x92,0x24,0x92,0xA5,0x4A,0xD5,0x5A,
  0xC0,0x00,0x00,0x00,0x00,0x00,0x00,0x00,0x00,0x00,0x00,0x00,
  0x00,0x00,0x00,0x00,0x00,0x00,0x00,0x00,0x00,0x00,0x00,0x00,
  0x00,0x00,0x00,0x00,0x00,0x00,0x00,0x00,0x00,0x00,0x00,0x00,
  0x00,0x00,0x00,0x00,0x00,0x00,0x00,0x00,0x00,0x00,0x00,0x00,
  0x00,0x00,0x00,0x00,0x00,0x00,0x02,0xF5,0xAF,0x00,0x00,0x10,
  0x22,0x49,0x52,0xA9,0x2A,0xA9,0x6E,0xD7,0x40,0x00,0x00,0x00,
  0x00,0x00,0x00,0x00,0x00,0x00,0x00,0x00,0x00,0x00,0x00,0x00,
  0x00,0x00,0x00,0x00,0x00,0x00,0x00,0x00,0x00,0x00,0x00,0x08,
  0x00,0x00,0x00,0x00,0x00,0x00,0x00,0x00,0x00,0x00,0x00,0x00,
  0x00,0x00,0x00,0x02,0x00,0x00,0x00,0x00,0x00,0x00,0x00,0x00,
  0x00,0x00,0x0D,0xBF,0x7E,0x00,0x00,0xC1,0x09,0x22,0x4A,0x95,
  0x52,0x55,0xB5,0x6A,0x80,0x00,0x00,0x00,0x00,0x00,0x00,0x00,
  0x00,0x00,0x00,0x00,0x00,0x00,0x00,0x00,0x00,0x00,0x00,0x00,
  0x00,0x00,0x00,0x00,0x00,0x00,0x00,0x10,0x00,0x00,0x00,0x00,
  0x00,0x00,0x00,0x00,0x00,0x00,0x00,0x00,0x00,0x00,0x00,0x04,
  0x00,0x00,0x00,0x00,0x00,0x00,0x00,0x00,0x00,0x00,0x17,0xD5,
  0xF4,0x00,0x05,0x04,0x52,0x11,0x2A,0x55,0x2A,0x92,0xAB,0x5A,
  0xC0,0x00,0x00,0x00,0x00,0x00,0x00,0x00,0x00,0x00,0x00,0x00,
  0x4A,0xAF,0x55,0x55,0x55,0x55,0x55,0x55,0x55,0x55,0x55,0x55,
  0x55,0x55,0x55,0x6A,0xAA,0xAA,0xAA,0xAA,0xAA,0xAA,0xAA,0xAA,
  0xAA,0xAA,0xAA,0xAA,0xAA,0xAA,0xAA,0xAA,0xAA,0xAA,0xAA,0xAA,
  0xAA,0xAA,0xAA,0xAA,0xAA,0x92,0xEA,0xFF,0xBD,0x55,0x5A,0x28,
  0x88,0x84,0xA9,0x49,0x55,0x55,0xAD,0xAD,0x80,0x00,0x00,0x00,
  0x00,0x00,0x00,0x00,0x00,0x00,0x01,0x5B,0x20,0x00,0x00,0x00,
  0x00,0x00,0x00,0x00,0x00,0x00,0x00,0x00,0x00,0x00,0x00,0x00,
  0x00,0x00,0x00,0x00,0x00,0x00,0x00,0x00,0x00,0x00,0x00,0x00,
  0x00,0x00,0x00,0x00,0x00,0x00,0x00,0x00,0x00,0x00,0x00,0x00,
  0x00,0x17,0x1F,0x56,0xE8,0x00,0x21,0x56,0xB6,0xA2,0x95,0x2A,
  0x92,0x4B,0x6A,0xB6,0x80,0x00,0x00,0x00,0x00,0x00,0x00,0x00,
  0x00,0x00,0xAC,0x00,0x00,0x00,0x00,0x00,0x00,0x00,0x00,0x00,
  0x00,0x00,0x00,0x00,0x00,0x00,0x00,0x00,0x00,0x00,0x00,0x00,
  0x00,0x00,0x00,0x00,0x00,0x00,0x00,0x00,0x00,0x00,0x00,0x00,
  0x00,0x00,0x00,0x00,0x00,0x00,0x00,0x00,0x01,0x79,0x62,0xFF,
  0xE0,0x10,0x00,0x00,0x00,0x5A,0xD5,0xA9,0x49,0x29,0xAD,0xAB,
  0x00,0x05,0x5B,0xE0,0x00,0x00,0x00,0x00,0x00,0x16,0x00,0x00,
  0x00,0x80,0x08,0x00,0x00,0x08,0x00,0x00,0x00,0x00,0x02,0x20,
  0x00,0x00,0x02,0x00,0x80,0x00,0x00,0x00,0x00,0x00,0x04,0x00,
  0x00,0x00,0x00,0x00,0x00,0x00,0x20,0x10,0x00,0x00,0x00,0x00,
  0x00,0x00,0x00,0x80,0x2F,0x57,0xFF,0x55,0x00,0x01,0x00,0x00,
  0x00,0x00,0x02,0x56,0xB6,0xD6,0xB5,0x6D,0x01,0x75,0xBF,0x40,
  0x00,0x00,0x00,0x00,0x01,0x40,0x00,0x80,0x00,0x00,0x00,0x44,
  0x44,0x20,0x44,0x00,0x10,0x01,0x00,0x02,0x10,0x00,0x08,0x00,
  0x00,0x40,0x20,0x41,0x11,0x08,0x90,0x10,0x04,0x00,0x20,0x00,
  0x08,0x41,0x00,0x80,0x80,0x00,0x00,0x12,0x00,0x20,0x02,0x03,
  0xF0,0xFF,0xBB,0xF8,0x04,0x00,0x08,0x00,0x00,0x00,0x00,0x00,
  0x00,0x11,0x57,0xB6,0x17,0xBF,0xF6,0x00,0x00,0x00,0x00,0x00,
  0x14,0x00,0x00,0x00,0x84,0x10,0x01,0x00,0x00,0x00,0x00,0x08,
  0x40,0x10,0x20,0x00,0x40,0x80,0x00,0x22,0x08,0x02,0x02,0x04,
  0x00,0x20,0x00,0x41,0x20,0x22,0x00,0x02,0x20,0x04,0x00,0x00,
  0x00,0x00,0x08,0x40,0x01,0x00,0x20,0x3D,0x0F,0xB6,0xED,0x00,
  0x10,0x80,0x40,0x09,0x20,0x00,0x00,0x00,0x00,0x00,0x00,0x0B,
  0xFE,0xED,0xF8,0x00,0x00,0x00,0x00,0x00,0xA0,0x22,0x22,0x02,
  0x00,0x01,0x10,0x00,0x00,0x00,0x00,0x00,0x00,0x40,0x02,0x20,
  0x00,0x00,0x40,0x00,0x00,0x00,0x00,0x00,0x00,0x00,0x00,0x00,
  0x00,0x00,0x00,0x80,0x00,0x00,0x00,0x00,0x00,0x00,0x40,0x00,
  0x00,0x01,0x05,0xC4,0xFF,0xDF,0xBE,0x00,0x00,0x08,0x00,0x80,
  0x04,0x09,0x20,0x00,0x80,0x80,0x00,0x0B,0xFB,0xDF,0x60,0x00,
  0x00,0x00,0x00,0x05,0x01,0x00,0x00,0x00,0x10,0x40,0x00,0x01,
  0x00,0x00,0x00,0x20,0x00,0x00,0x00,0x00,0x00,0x00,0x00,0x00,
  0x01,0x10,0x00,0x00,0x04,0x02,0x00,0x00,0x00,0x80,0x00,0x00,
  0x01,0x00,0x00,0x00,0x00,0x04,0x00,0x00,0x00,0x00,0x7D,0x3F,
  0xFA,0xFA,0xE0,0x40,0x00,0x01,0x02,0x00,0x00,0x40,0x00,0x04,
  0x04,0x00,0x00,0xFF,0x5F,0x7B,0x80,0x00,0x00,0x00,0x00,0x10,
  0x04,0x08,0x00,0x20,0x01,0x04,0x00,0x24,0x12,0x09,0x10,0x81,
  0x02,0x02,0x48,0x09,0x00,0x24,0x01,0x08,0x20,0x00,0x90,0x48,
  0x40,0x88,0x24,0x88,0x84,0x00,0x04,0x10,0x04,0x20,0x02,0x00,
  0x24,0x90,0x02,0x00,0x90,0x17,0x82,0xF7,0x6F,0xAD,0x00,0x01,
  0x22,0x40,0x10,0x22,0x21,0x00,0x04,0x20,0x12,0x80,0x4F,0xFD,
  0xF5,0xEE,0x00,0x00,0x00,0x00,0x00,0x40,0x00,0x00,0x12,0x04,
  0x40,0x00,0x92,0x00,0x00,0x80,0x02,0x00,0x10,0x48,0x01,0x20,
  0x25,0x00,0x88,0x21,0x04,0x44,0x02,0x01,0x02,0x00,0x80,0x02,
  0x10,0x12,0x20,0x42,0x40,0x04,0x08,0x24,0x80,0x00,0x90,0x48,
  0x02,0xF8,0x7F,0xDD,0xFD,0xF4,0x09,0x08,0x00,0x08,0x40,0x08,
  0x04,0x09,0x20,0x80,0x50,0x50,0x3F,0x57,0xBF,0xBC,0x00,0x00,
  0x00,0x00,0x01,0x01,0x20,0x41,0x6A,0x80,0x08,0x20,0x00,0x80,
  0x88,0x10,0x88,0x08,0x40,0x00,0x00,0x00,0x80,0x5B,0x00,0x00,
  0x00,0x00,0x20,0x00,0x10,0x20,0x01,0x20,0x00,0x80,0x01,0x00,
  0x08,0x10,0xE5,0x00,0x00,0x02,0x01,0x00,0x2F,0x47,0xEF,0x7F,
  0xD6,0x80,0x80,0x20,0x48,0x82,0x07,0xA8,0x80,0x40,0x04,0x0A,
  0x4A,0x8B,0xFB,0xFD,0xEE,0xE6,0x00,0x00,0x00,0x00,0x04,0x08,
  0x02,0x08,0x80,0x91,0x01,0x04,0x04,0x12,0x00,0x42,0x00,0x21,
  0x02,0x21,0x24,0x08,0x00,0x84,0x84,0x84,0x49,0x11,0x04,0x92,
  0x00,0x04,0x10,0x00,0x42,0x04,0x88,0x08,0x21,0x01,0x10,0x88,
  0x12,0x48,0x08,0x05,0xF0,0xBE,0xBB,0xF6,0xBA,0x90,0x20,0x02,
  0x00,0x10,0x14,0x24,0x11,0x08,0x90,0x80,0x91,0x3F,0xEE,0xDB,
  0x7B,0x85,0x00,0x00,0x00,0x00,0x10,0x00,0x00,0x00,0x80,0x40,
  0x20,0x10,0xA0,0x00,0x22,0x00,0x21,0x00,0x08,0x04,0x00,0x82,
  0x14,0x80,0x50,0x10,0x00,0x00,0x10,0x00,0x44,0x81,0x04,0x12,
  0x08,0x20,0x00,0x21,0x00,0x44,0x80,0xA1,0x00,0x00,0x40,0x5F,
  0x0F,0xF7,0xFE,0xDA,0xE8,0x04,0x85,0x08,0x04,0x41,0x00,0x02,
  0x44,0x22,0x02,0x2A,0x86,0xFF,0x7B,0xFF,0xDE,0x2E,0x00,0x00,
  0x00,0x00,0x20,0x00,0x08,0x40,0x88,0x44,0x04,0x80,0x01,0x20,
  0x80,0x10,0x84,0x08,0x20,0x80,0x10,0x20,0x40,0x90,0x80,0x41,
  0x20,0x92,0x40,0x48,0x10,0x24,0x20,0x80,0x20,0x00,0x44,0x80,
  0x04,0x00,0x84,0x80,0x44,0x21,0x0B,0xE0,0xFE,0xDD,0xDB,0xAF,
  0x00,0x90,0x00,0x40,0xA1,0x04,0x45,0x04,0x00,0x00,0x48,0x08,
  0xBF,0xEB,0xDE,0xAD,0xF0,0x86,0x00,0x00,0x00,0x00,0x41,0x00,
  0x21,0x08,0x82,0x40,0x90,0x04,0x88,0x04,0x09,0x02,0x00,0x41,
  0x02,0x11,0x04,0x84,0x01,0x04,0x84,0x04,0x04,0x00,0x02,0x01,
  0x01,0x00,0x02,0x11,0x01,0x25,0x00,0x04,0x90,0x20,0x90,0x44,
  0x00,0x80,0xBC,0x17,0xF7,0xF7,0x76,0xF4,0x22,0x01,0x10,0x04,
  0x04,0x10,0x14,0x52,0x24,0x91,0x01,0x52,0xFF,0xBE,0xF7,0xFF,
  0x4A,0x5E,0x00,0x00,0x00,0x00,0xDF,0x78,0x00,0x00,0x80,0x82,
  0x01,0x20,0x00,0x90,0x20,0x48,0x22,0x04,0x10,0x00,0x40,0x10,
  0x90,0x90,0x41,0x10,0x41,0x22,0x10,0x24,0x24,0x11,0x20,0x40,
  0x10,0x00,0x12,0x20,0x01,0x09,0x02,0x80,0x48,0x17,0xC2,0xFF,
  0x5D,0x5F,0xDB,0x40,0x80,0x24,0x04,0x90,0x20,0x41,0x00,0x02,
  0x00,0x04,0x29,0x2A,0x75,0xF7,0x5D,0xEF,0xA5,0x56,0x00,0x00,
  0x00,0x01,0xF7,0xFC,0x00,0x22,0x08,0x48,0x04,0x00,0x24,0x01,
  0x02,0x00,0x88,0x10,0x40,0x84,0x11,0x00,0x04,0x84,0x90,0x01,
  0x10,0x00,0x41,0x00,0x00,0x40,0x09,0x04,0x42,0x48,0x00,0x82,
  0x48,0x20,0x88,0x49,0x02,0xFC,0x2F,0xED,0xFF,0xFD,0xED,0x08,
  0x08,0x80,0xA0,0x01,0x00,0x04,0x25,0x24,0xAA,0x50,0x84,0x87,
  0xDE,0xBD,0xFF,0xBA,0xD5,0x5E,0x00,0x00,0x00,0x03,0xEF,0x7E,
  0x24,0x80,0x88,0x80,0xA1,0x29,0x08,0x94,0x18,0x8A,0x22,0x42,
  0x15,0x10,0x84,0x46,0x40,0x88,0x84,0xA4,0x44,0x53,0x10,0x94,
  0xA5,0x0A,0x91,0x11,0x08,0x42,0x52,0x10,0x84,0x82,0x24,0x80,
  0x5F,0x01,0xFD,0xBF,0xEB,0x6F,0x7C,0x22,0x22,0x08,0x88,0x44,
  0x55,0x30,0x84,0x42,0x00,0x02,0x2A,0x55,0xFB,0xEF,0xEE,0xFF,
  0xD5,0xF4,0x00,0x00,0x00,0x07,0xFF,0x7C,0x00,0x04,0x82,0x44,
  0x3B,0x99,0xCD,0xCD,0xDC,0xCC,0xE7,0x33,0xB9,0x9C,0xDE,0x66,
  0x12,0x82,0x41,0xCE,0xE7,0x33,0x39,0xCC,0xCE,0x73,0x3B,0x9C,
  0xCE,0xE7,0x33,0x99,0xCE,0x08,0x80,0x47,0xE0,0x3F,0xB7,0xED,
  0x7F,0xFB,0xAE,0x67,0x33,0x99,0xCE,0xE7,0x73,0x33,0x94,0x14,
  0x25,0x54,0xA1,0x25,0x6F,0xFE,0xFB,0xD6,0xEE,0xA0,0x00,0x00,
  0x00,0x0F,0x9F,0xFE,0x00,0x10,0x83,0x10,0xB3,0x39,0xDC,0xD9,
  0x99,0xDE,0x66,0x73,0x39,0xDD,0xCC,0xE7,0x40,0xAB,0x10,0xCC,
  0x66,0x73,0x99,0x9C,0xE6,0x77,0x31,0x99,0xCC,0xE6,0x7B,0x1D,
  0xCC,0x42,0x8B,0xBC,0x0B,0xFE,0xFE,0xBF,0xDB,0x6E,0xE6,0x77,
  0x79,0x9D,0xCC,0xE6,0x67,0x3B,0x85,0x5A,0x88,0x89,0x14,0x92,
  0xFE,0xB7,0xBF,0x7F,0x7B,0x00,0x00,0x00,0x00,0x14,0x0F,0x7C,
  0x09,0x00,0x8A,0x82,0x33,0x99,0x8C,0xCD,0x9C,0xCC,0xE7,0x33,
  0x99,0x98,0xCE,0x66,0x14,0x8A,0x85,0xCE,0xE7,0x33,0x39,0xCC,
  0xE6,0x63,0x3B,0x9C,0xCE,0x67,0x33,0x98,0xCE,0x10,0xAD,0x41,
  0x7E,0xD7,0xDB,0xFB,0x7F,0xFC,0xCE,0x63,0x33,0x98,0xCC,0x66,
  0x73,0x31,0x92,0x1A,0x25,0x24,0xCA,0x4A,0xB7,0xFE,0xED,0xF5,
  0xD4,0x00,0x00,0x00,0x00,0x40,0x00,0x00,0x00,0x44,0x80,0x48,
  0x20,0x08,0x90,0x89,0x00,0x84,0x40,0x24,0x20,0x88,0x80,0x45,
  0x01,0x20,0x90,0x24,0x02,0x25,0x04,0x88,0x44,0x22,0x10,0x10,
  0x90,0x42,0x20,0x12,0x80,0x96,0xA0,0x17,0xD7,0xFD,0xBF,0xEE,
  0xDB,0x6C,0x40,0x42,0x11,0x14,0x84,0x8A,0x22,0x92,0xA5,0x42,
  0x90,0x92,0x25,0x29,0x7D,0xDB,0xFB,0xBF,0x40,0x00,0x00,0x00,
  0x01,0x00,0x00,0x00,0x49,0x11,0x2A,0x81,0x09,0x22,0x44,0x20,
  0x50,0x50,0x14,0x89,0x04,0x04,0x49,0x10,0x54,0x8A,0xA2,0x40,
  0x48,0x88,0x48,0x22,0x82,0x88,0x81,0x44,0x44,0x08,0x84,0xA0,
  0x15,0x68,0x1B,0x7E,0xFD,0x6F,0xF5,0xBB,0xF7,0xF8,0x0A,0x28,
  0x88,0x40,0x12,0x51,0x09,0x24,0x14,0xAA,0x4A,0x55,0x50,0x94,
  0xAF,0xFE,0xAE,0xEA,0x00,0x00,0x00,0x00,0x04,0x20,0x00,0x22,
  0x22,0x48,0x80,0xAA,0x52,0x48,0x92,0x8A,0x8A,0x85,0x42,0x22,
  0x52,0xA9,0x24,0xA5,0x02,0xA0,0x89,0x15,0x24,0x52,0x22,0x88,
  0x28,0x42,0x54,0x22,0x92,0xA4,0x52,0x15,0xEA,0x01,0x61,0xED,
  0xB7,0xFD,0x5E,0xFF,0xBD,0x82,0xA1,0x42,0x52,0x2A,0x89,0x0A,
  0x54,0x92,0xC6,0x4A,0xA9,0x49,0x2A,0x42,0x5E,0xAB,0xFF,0xA0,
  0x00,0x00,0x00,0x00,0x08,0x00,0x01,0x08,0x88,0x25,0x54,0x81,
  0x08,0x85,0x08,0x44,0x42,0x28,0x94,0x91,0x08,0x44,0x91,0x10,
  0xA8,0x95,0x52,0x48,0x92,0x84,0x94,0x45,0x45,0x29,0x02,0x94,
  0x20,0x12,0x09,0xEA,0x00,0xAD,0xA2,0xFF,0xFF,0x6F,0xF7,0xB6,
  0xF6,0x28,0x14,0x14,0x84,0x88,0x52,0x51,0x22,0x4A,0x2A,0xA6,
  0x95,0x2A,0xA5,0x5B,0x77,0xFF,0x6D,0x00,0x00,0x00,0x00,0x00,
  0x10,0x00,0x28,0x42,0x22,0x81,0x08,0xAA,0x52,0x50,0xA5,0x29,
  0x29,0x22,0x49,0x2A,0x52,0x92,0x44,0x8A,0x4A,0xA2,0x89,0x25,
  0x24,0x52,0x42,0x92,0x28,0x84,0xA8,0x42,0x95,0x49,0xED,0x00,
  0x56,0xFF,0x8D,0x56,0xED,0xF5,0x5A,0xEF,0xDA,0x85,0x42,0xA2,
  0x29,0x52,0x89,0x2A,0x95,0x29,0x55,0x12,0x52,0xAA,0x95,0x55,
  0x5A,0xAB,0xF0,0x00,0x00,0x00,0x00,0x00,0x20,0x10,0x82,0x10,
  0x88,0x55,0xA2,0x91,0x09,0x15,0x12,0x92,0x48,0x95,0x22,0x41,
  0x29,0x29,0x2A,0x52,0x91,0x48,0xD2,0x48,0x92,0x89,0x28,0x49,
  0x45,0x29,0x15,0x29,0x22,0xB6,0x10,0x57,0x7F,0xDB,0x76,0xFD,
  0xBF,0xBF,0xEF,0x7D,0xF2,0xB2,0x54,0x94,0x92,0x25,0x54,0x91,
  0x52,0xA5,0x4A,0xAB,0x55,0x54,0xAA,0xAA,0xB7,0xFE,0x80,0x00,
  0x00,0x00,0x00,0x00,0x40,0x02,0x10,0x8A,0x22,0x08,0x94,0xCA,
  0x52,0x48,0xA8,0x49,0x25,0x40,0x94,0x94,0x84,0x92,0x41,0x28,
  0x4A,0x95,0x24,0x92,0x49,0x24,0x95,0x24,0x92,0x44,0xA2,0x44,
  0xAD,0x48,0x85,0x5D,0x82,0xED,0x97,0x77,0xEB,0xED,0xBB,0xB7,
  0x79,0x29,0x22,0x49,0x49,0x48,0x4A,0xAA,0x4A,0x55,0x25,0x54,
  0xAA,0xAB,0x6D,0xB7,0x7D,0xB4,0x00,0x00,0x00,0x00,0x00,0x00,
  0x00,0xA0,0x44,0x41,0x15,0x65,0x40,0xA4,0xA5,0x55,0x25,0x54,
  0x94,0xAD,0x4A,0x55,0x55,0x49,0x2C,0x85,0x51,0x44,0xCA,0x4A,
  0xA4,0xAA,0x49,0x52,0x54,0xAA,0x49,0x36,0xA2,0x02,0x77,0xE4,
  0xBF,0x56,0xFD,0xFF,0xFE,0xBE,0xFE,0xEF,0xDE,0xE4,0x9A,0xA4,
  0xA5,0x25,0x52,0x4A,0xA9,0x54,0xAC,0x4A,0x95,0x55,0x56,0xDA,
  0xD7,0xC0,0x00,0x00,0x00,0x00,0x00,0x00,0x82,0x0A,0x92,0x94,
  0xA2,0x95,0xFF,0xD2,0x52,0x44,0x92,0x92,0xA5,0x12,0x51,0x49,
  0x29,0x2A,0xA2,0xB5,0x2A,0xFB,0xA5,0x55,0x2A,0x92,0xA4,0x89,
  0x22,0x21,0x36,0xC8,0x08,0xB5,0xDE,0x97,0xEA,0xFB,0xB7,0xFF,
  0xFF,0xF7,0xD7,0xFD,0xF7,0x52,0xA4,0x95,0x2A,0xAA,0xA9,0x52,
  0x55,0x4A,0xAF,0xF6,0xAA,0xB6,0xDA,0xB7,0xFC,0x00,0x00,0x00,
  0x00,0x00,0x00,0x00,0x10,0xA0,0x48,0x4A,0x48,0x49,0xAD,0xAA,
  0x89,0x2A,0xAA,0x4A,0x52,0xA9,0x2A,0x54,0xA4,0xA4,0x9A,0x49,
  0x49,0xAE,0xA8,0x92,0x92,0x49,0x5B,0x76,0xDA,0xDE,0xC8,0x00,
  0xAB,0xFF,0xF5,0x5A,0xBF,0xBF,0xFF,0x5F,0xFF,0xDD,0x7C,0xAE,
  0xA8,0x95,0x52,0x52,0xA4,0x95,0x25,0x4A,0xA5,0x2A,0xA5,0xBE,
  0xB5,0xDB,0x6D,0xDD,0x50,0x00,0x00,0x00,0x00,0x00,0x00,0x00,
  0x85,0x15,0x12,0x91,0x2B,0x24,0x42,0x49,0x55,0x52,0x49,0x52,
  0x94,0x95,0x49,0x22,0x95,0x52,0xA5,0x25,0x24,0x49,0x4A,0xA9,
  0x55,0x36,0x40,0x01,0x2D,0xA1,0x11,0x56,0xDE,0xDE,0x00,0x00,
  0x00,0x05,0x7B,0xFD,0xBF,0xF7,0xEA,0x91,0x15,0x52,0x2A,0xAA,
  0x55,0x52,0x95,0x2A,0x94,0xA9,0x2A,0x4A,0xD6,0xAA,0xB6,0xB7,
  0x80,0x00,0x00,0x00,0x00,0x00,0x00,0x00,0x68,0x42,0x44,0x4A,
  0x90,0xAB,0x2A,0xA4,0xAA,0x49,0x55,0x29,0x52,0xA4,0xA5,0x55,
  0x55,0x2A,0x52,0xAA,0xAB,0x24,0xA5,0x24,0x92,0xC0,0x2A,0xDD,
  0x52,0x0A,0xD5,0x6D,0xFB,0xF5,0x09,0x20,0x00,0x40,0x17,0x7F,
  0xFF,0x5E,0xBD,0x4A,0xAA,0xAA,0xA5,0x49,0x4A,0x4A,0x54,0xAA,
  0x55,0x55,0x57,0xB5,0x5B,0x77,0x5B,0xF8,0x00,0x00,0x00,0x00,
  0x00,0x00,0x00,0x00,0x56,0xA9,0x22,0x20,0x4A,0x94,0xAA,0x2A,
  0x49,0x55,0x24,0xA5,0x2A,0x55,0x55,0x4A,0x49,0x4A,0xAA,0x54,
  0x94,0xAA,0x54,0xAA,0xAA,0x1F,0xFE,0xA4,0x80,0x26,0x1F,0xFF,
  0x6F,0x5E,0x20,0x00,0x90,0x01,0x41,0xEF,0xFB,0xFB,0xF6,0xA9,
  0x49,0x49,0x54,0xAA,0xA9,0x55,0x55,0x55,0x55,0x55,0xB9,0x5B,
  0xB5,0xAD,0xEE,0x80,0x00,0x00,0x00,0x00,0x00,0x00,0x00,0x00,
  0x29,0x2D,0x55,0x55,0x25,0x49,0x25,0x52,0xA5,0x2A,0xAA,0x94,
  0xA5,0x52,0x94,0xA9,0x55,0x29,0x49,0x4A,0x52,0xAA,0x92,0xAA,
  0x51,0xD0,0x80,0x10,0x2B,0xF8,0xAB,0xB7,0xFB,0xFD,0x00,0x00,
  0x01,0x00,0x08,0xFF,0xFF,0xFF,0xA9,0x25,0x2A,0xAA,0xAA,0xAA,
  0xAA,0xAA,0xAA,0xAA,0xAA,0xDA,0xCE,0xED,0x6E,0xDA,0xBA,0x00,
  0x00,0x00,0x00,0x00,0x00,0x00,0x00,0x00,0x1A,0xD5,0x55,0x55,
  0xAA,0x2A,0x94,0xAA,0x95,0x52,0xAA,0xAA,0xAA,0xAA,0x52,0x95,
  0x54,0xAA,0xAA,0xA9,0x55,0x52,0xAA,0x95,0x8D,0x06,0x21,0x0B,
  0xDF,0x7E,0xD6,0xFD,0xBE,0xFD,0x00,0x00,0x00,0x00,0x00,0xB7,
  0xFF,0xFF,0x4A,0xAA,0xAA,0x55,0x25,0x55,0x55,0x55,0x55,0x55,
  0xB7,0x6D,0x75,0x56,0xD5,0x6F,0xE0,0x00,0x00,0x00,0x00,0x00,
  0x00,0x00,0x00,0x00,0x0F,0x55,0x55,0xAD,0x5A,0xD5,0x6B,0x55,
  0x6A,0xAD,0x55,0x55,0x55,0x55,0xAD,0x6A,0xAB,0x55,0x55,0x56,
  0xAA,0xAD,0x55,0x6A,0x74,0xF4,0x8A,0xF6,0xAA,0xD5,0x6F,0xDF,
  0xD7,0xBD,0x00,0x49,0x00,0x09,0x00,0xDB,0xBF,0xEE,0xB5,0x55,
  0x55,0xAA,0xDA,0xAA,0xAA,0xAA,0xAB,0x6E,0xDA,0xAB,0x96,0xDB,
  0x7B,0xB6,0x00,0x00,0x00,0x00,0x00,0x00,0x00,0x00,0x00,0x00,
  0x02,0xEA,0xAA,0xB5,0x6B,0x6D,0xB5,0x5A,0xB5,0x55,0x55,0x6D,
  0xAD,0x5A,0xB5,0xAD,0xAD,0x6D,0xAD,0xAB,0x6D,0x55,0x6D,0xAA,
  0xD5,0x15,0x56,0x95,0x6D,0xBF,0xFF,0xFE,0xFD,0xFD,0x29,0x00,
  0x55,0x44,0x40,0xAB,0xFF,0xFD,0x55,0xBB,0x6D,0x55,0x55,0xAA,
  0xAD,0xB6,0xDD,0xB5,0x6B,0x75,0x7B,0x6D,0xAE,0xF8,0x00,0x00,
  0x00,0x00,0x00,0x00,0x00,0x00,0x00,0x00,0x01,0xB5,0x57,0x56,
  0xAA,0xB6,0xAD,0xAB,0x5D,0xB6,0xDB,0x55,0x6B,0x6B,0x56,0xB6,
  0xB5,0xB6,0xB5,0x6D,0x55,0xB5,0xAA,0xB5,0x2A,0xDE,0xFD,0x7F,
  0xDB,0xED,0xBF,0xFF,0xFF,0x5D,0x00,0x55,0x00,0x11,0x14,0xC5,
  0xF5,0x56,0xDA,0xCD,0xB5,0xB7,0x6D,0x6D,0xB5,0x5B,0x6A,0xDB,
  0x5D,0xAE,0xCD,0xB6,0xDB,0x80,0x00,0x00,0x00,0x00,0x00,0x00,
  0x00,0x00,0x00,0x00,0x00,0x6D,0xB5,0xAA,0xD6,0xD5,0x56,0xDA,
  0xFA,0xD5,0x6D,0x6B,0x5A,0xAD,0x6A,0xD5,0x56,0xAA,0xD6,0xB5,
  0xB6,0xAA,0xB5,0x55,0x57,0xFF,0x4A,0xA4,0xB7,0xFF,0xEB,0xDF,
  0xF5,0xFF,0x4A,0x00,0x25,0x48,0x42,0xD9,0x7F,0x5A,0xAD,0x6A,
  0xAA,0xDA,0xB6,0xB6,0xD6,0xEA,0xB7,0x55,0xAA,0xD5,0x75,0x6F,
  0x7C,0x00,0x00,0x00,0x00,0x00,0x00,0x00,0x00,0x00,0x00,0x00,
  0x00,0x36,0xAD,0x5B,0x5A,0xAB,0x6A,0xAB,0x2D,0x5B,0x55,0xAD,
  0x6B,0x6A,0xB6,0xAB,0x6A,0xD5,0x5A,0xD6,0xAA,0xDD,0xAD,0xCD,
  0xFF,0x70,0x00,0x00,0x00,0x17,0xFF,0xFF,0xFF,0xBD,0x21,0x55,
  0x10,0x25,0x10,0xEE,0xEA,0xD5,0x6B,0x5B,0x5B,0x55,0xAB,0x55,
  0x5B,0x57,0x5A,0xEE,0xED,0x77,0xAF,0xBB,0xC0,0x00,0x00,0x00,
  0x00,0x00,0x00,0x00,0x00,0x00,0x00,0x00,0x00,0x0B,0x6A,0xD5,
  0x6B,0x75,0xB6,0xDA,0xD6,0xD5,0x6A,0xB5,0xAD,0xB7,0x5B,0x75,
  0xB6,0xB6,0xD5,0x5A,0xDB,0x66,0xB5,0x5F,0xFF,0xD0,0x22,0x42,
  0x55,0x00,0x3F,0x7F,0xF6,0xFF,0x94,0xA2,0xA5,0xA9,0x56,0xDB,
  0xF5,0x76,0xB5,0xAD,0x6D,0x6D,0x6D,0xB6,0xEA,0xBA,0xED,0x5B,
  0x57,0xAD,0x75,0xED,0x00,0x00,0x00,0x00,0x00,0x00,0x00,0x00,
  0x00,0x00,0x00,0x00,0x00,0x01,0xDF,0x6D,0x55,0x9A,0xDB,0x6D,
  0x6B,0x6D,0xB7,0x5A,0xD6,0xAA,0xEA,0xAE,0xAB,0x5B,0x6F,0x6B,
  0x6D,0x5A,0xD7,0x57,0xF7,0xF0,0x00,0x00,0x00,0x20,0x8D,0xFE,
  0xFF,0xFE,0x8A,0x54,0x55,0x24,0x91,0x7E,0xD6,0xAD,0xD6,0xD5,
  0xB5,0xB6,0xB5,0x5B,0x5B,0x6B,0x57,0x6A,0xBA,0xB6,0xDF,0x70,
  0x00,0x00,0x00,0x00,0x00,0x00,0x00,0x00,0x00,0x00,0x00,0x00,
  0x00,0x00,0x75,0x56,0xDA,0xED,0x55,0x57,0xB5,0x56,0xDA,0xED,
  0x6A,0xDB,0x5B,0xB5,0xBD,0xAD,0x55,0xAD,0x55,0xAD,0x5A,0xAA,
  0xBF,0xE8,0x00,0x00,0x00,0x00,0x2F,0xFB,0xFF,0xBF,0xA2,0x89,
  0x12,0x95,0x4C,0xEF,0xFB,0x56,0xAB,0x6E,0xD6,0xD5,0xD6,0xED,
  0x6D,0xAD,0xBA,0xB7,0xD6,0xDB,0xBA,0x80,0x00,0x00,0x00,0x00,
  0x00,0x00,0x00,0x00,0x00,0x00,0x00,0x00,0x00,0x00,0x0F,0xBB,
  0x6F,0x57,0x6D,0xB4,0xAE,0xEB,0x55,0x57,0xBD,0x6D,0xAD,0x5A,
  0xD5,0x75,0xBA,0xD6,0xDB,0x77,0x6D,0x6A,0xDB,0xE8,0x00,0x00,
  0x10,0x00,0x8A,0xFF,0xEE,0xFE,0xAA,0x65,0x55,0x54,0xAA,0xFD,
  0xEA,0xEB,0xDD,0x5A,0xB5,0x5A,0xBB,0x56,0xB6,0xDA,0xD7,0xDA,
  0xBB,0xFE,0xE8,0x00,0x00,0x00,0x00,0x00,0x00,0x00,0x00,0x00,
  0x00,0x00,0x00,0x00,0x00,0x00,0x01,0xED,0xB5,0x6A,0xDB,0x6F,
  0xDB,0x5D,0xEF,0xBA,0xD7,0xB6,0xF6,0xEF,0x6D,0xAE,0xD7,0x7B,
  0x6D,0xAA,0xDA,0xAD,0x6E,0xE8,0x8A,0xA9,0x45,0x04,0x0D,0x7F,
  0xFF,0xFF,0xAD,0x9A,0xAA,0xAB,0x55,0xFF,0xF5,0x5A,0x6B,0xED,
  0xDF,0xEF,0xD6,0xFB,0xDB,0x6F,0x7A,0xB7,0x6E,0xAF,0x00,0x00,
  0x00,0x00,0x00,0x00,0x00,0x00,0x00,0x00,0x00,0x00,0x00,0x00,
  0x00,0x00,0x00,0x3F,0xDE,0xDF,0x6D,0xB5,0x6D,0xF6,0xBA,0xED,
  0x6D,0x6D,0xAD,0xB5,0xB6,0xF7,0x7A,0xD6,0xF6,0xFF,0x75,0xB5,
  0x5B,0xEA,0x20,0x02,0x10,0x51,0x29,0x6F,0xFF,0xFF,0x55,0x6A,
  0xD6,0xDA,0xB6,0xFF,0xF7,0x6D,0xBD,0x5B,0x75,0x5A,0xBB,0xAD,
  0x6D,0xB5,0xAD,0xDD,0xDB,0xF0,0x00,0x00,0x00,0x00,0x00,0x00,
  0x00,0x00,0x00,0x00,0x00,0x00,0x00,0x00,0x00,0x00,0x00,0x05,
  0x75,0xF5,0xBB,0xDE,0xDB,0x5B,0xD7,0x5B,0xB7,0xBB,0x77,0xDE,
  0xFB,0x5A,0xD7,0x7B,0xAF,0x55,0xD5,0x55,0xB6,0xF8,0x0A,0x48,
  0x45,0x08,0x8D,0x3F,0x76,0xDD,0xAA,0xAB,0x5B,0x6B,0x5A,0xFF,
  0xF5,0xAB,0x6F,0x77,0xAF,0x77,0xDD,0xDF,0xBB,0xDE,0xF6,0xEE,
  0xFE,0x00,0x00,0x00,0x00,0x00,0x00,0x00,0x00,0x00,0x00,0x00,
  0x00,0x00,0x00,0x00,0x00,0x00,0x00,0x00,0xDF,0x5E,0xEE,0xB5,
  0xBD,0xB6,0xBB,0xEE,0xFA,0xEE,0xDE,0xB5,0xB6,0xEF,0xBD,0xD6,
  0xF5,0xEE,0xD6,0xAD,0x5F,0xE9,0x41,0x12,0x10,0x52,0x2D,0xFD,
  0xDF,0xFF,0xDB,0x55,0x6A,0xAD,0xEB,0xFB,0xED,0x76,0xFA,0xDD,
  0x7A,0xDD,0x6E,0xB5,0x6E,0xB7,0x5B,0x5B,0xA0,0x00,0x00,0x00,
  0x00,0x00,0x00,0x00,0x00,0x00,0x00,0x00,0x00,0x00,0x00,0x00,
  0x00,0x00,0x00,0x00,0x05,0xEB,0xB7,0x7F,0x6B,0xDD,0xED,0x5B,
  0xAF,0x77,0xB7,0x6E,0xDB,0xBA,0xEB,0x7D,0xAE,0xBB,0xBB,0x75,
  0xB5,0xF8,0x2A,0x49,0x4A,0xA9,0x4E,0xB7,0xFB,0x6F,0xAD,0x6D,
  0xAB,0x76,0xAD,0xFF,0xF6,0xDD,0xAD,0xEF,0xD7,0xEE,0xF5,0xFB,
  0xF7,0xED,0xEF,0xFA,0x00,0x00,0x00,0x00,0x00,0x00,0x00,0x00,
  0x00,0x00,0x00,0x00,0x00,0x00,0x00,0x00,0x00,0x00,0x00,0x00,
  0x00,0x3E,0xDA,0xD5,0xFE,0xB7,0x5F,0xF6,0xF5,0xAD,0x7A,0xF7,
  0x6E,0xD7,0x5E,0xD7,0x7B,0xDD,0xAA,0xD6,0xDB,0xED,0x95,0x55,
  0x2A,0x45,0x2F,0xDF,0xBF,0xFF,0xB6,0xDB,0x7D,0xAB,0x76,0xFF,
  0xEB,0x6F,0xFB,0x5A,0xBD,0x5B,0xAF,0x56,0xAD,0x5B,0x7A,0x00,
  0x00,0x00,0x00,0x00,0x00,0x00,0x00,0x00,0x00,0x00,0x00,0x00,
  0x00,0x00,0x00,0x00,0x00,0x00,0x00,0x00,0x00,0x01,0x7F,0xFB,
  0x55,0xED,0xF5,0x5D,0xAE,0xFB,0xD7,0xBA,0xFB,0x7D,0xF7,0x7B,
  0xAE,0xEB,0x77,0x5B,0x6E,0xFA,0x48,0x88,0xA9,0x54,0xAD,0xFF,
  0xED,0xB7,0xDB,0x6E,0xD6,0xFD,0xDF,0xFF,0x5D,0xF5,0x6F,0xF7,
  0x6B,0xF6,0xFB,0xEF,0xFB,0xFE,0x80,0x00,0x00,0x00,0x00,0x00,
  0x00,0x00,0x00,0x00,0x00,0x00,0x00,0x00,0x00,0x00,0x00,0x00,
  0x00,0x00,0x00,0x00,0x00,0x00,0x01,0x5F,0xFF,0x7F,0x5F,0xEF,
  0xFB,0xAE,0xFD,0xDF,0xAF,0xD7,0x5D,0xDD,0xFB,0xBF,0xAD,0xED,
  0xFB,0xFD,0x56,0xAB,0x55,0x55,0x5F,0xBE,0xBF,0xFF,0x6D,0xDB,
  0xDB,0xAF,0x75,0xF5,0xF7,0xBF,0xDA,0xAD,0xFE,0xBD,0xAD,0x7A,
  0xAE,0x80,0x00,0x00,0x00,0x00,0x00,0x00,0x00,0x00,0x00,0x00,
  0x00,0x00,0x00,0x00,0x00,0x00,0x00,0x00,0x00,0x00,0x00,0x00,
  0x00,0x00,0x00,0x00,0x25,0x52,0xD4,0xAA,0x4D,0x75,0x4A,0xA9,
  0x69,0x6A,0xEA,0xAA,0xAD,0x54,0xFE,0xB7,0x57,0xF5,0x55,0x55,
  0x56,0xDA,0xAF,0xFF,0xF5,0x57,0xF7,0x77,0x6E,0xF5,0xDF,0xBE,
  0xBB,0xEB,0x7F,0x7B,0x55,0xD7,0x77,0x4A,0x80,0x00,0x00,0x00,
  0x00,0x00,0x00,0x00,0x00,0x00,0x00,0x00,0x00,0x00,0x00,0x00,
  0x00,0x00,0x00,0x00,0x00,0x00,0x00,0x00,0x00,0x00,0x00,0x00,
  0x00,0x00,0x00,0x00,0x00,0x00,0x00,0x00,0x00,0x00,0x20,0x00,
  0x00,0x00,0x05,0xDD,0xFD,0xFD,0x55,0x6D,0x5A,0xAB,0x5F,0xFF,
  0xBF,0xFF,0x5D,0xDF,0xBB,0xBF,0x75,0xD7,0xEE,0x00,0x60,0x20,
  0x00,0x00,0x00,0x00,0x00,0x00,0x00,0x00,0x00,0x00,0x00,0x00,
  0x00,0x00,0x00,0x00,0x00,0x00,0x00,0x00,0x00,0x00,0x00,0x00,
  0x00,0x00,0x00,0x00,0x00,0x00,0x00,0x00,0x00,0x00,0x00,0x00,
  0x00,0x00,0x00,0x00,0x00,0x00,0x00,0x00,0x00,0x00,0x00,0x2F,
  0x6F,0x7D,0x6D,0xAB,0x6B,0x6D,0xAF,0xFE,0xF7,0xF7,0xF7,0x75,
  0xEE,0xD7,0xFF,0xFA,0x90,0x00,0x20,0x10,0x00,0x00,0x00,0x00,
  0x00,0x00,0x00,0x00,0x00,0x00,0x00,0x00,0x00,0x00,0x00,0x00,
  0x00,0x00,0x00,0x00,0x00,0x00,0x00,0x00,0x00,0x00,0x00,0x00,
  0x00,0x00,0x00,0x00,0x00,0x00,0x00,0x00,0x00,0x00,0x00,0x00,
  0x00,0x00,0x00,0x00,0x00,0x00,0x00,0x00,0x12,0xFB,0x56,0xB5,
  0xB5,0xB5,0x7F,0x7F,0xBA,0xAF,0xBD,0xDE,0xBB,0xFC,0x80,0x00,
  0x00,0x00,0x00,0x00,0x00,0x00,0x00,0x00,0x00,0x00,0x00,0x00,
  0x00,0x00,0x00,0x00,0x00,0x00,0x00,0x00,0x00,0x00,0x00,0x00,
  0x00,0x00,0x00,0x00,0x00,0x00,0x00,0x00,0x00,0x00,0x00,0x00,
  0x00,0x00,0x00,0x00,0x00,0x00,0x00,0x00,0x00,0x00,0x00,0x00,
  0x00,0x00,0x00,0x00,0x00,0x7D,0x6A,0xDA,0xDE,0xDB,0xAF,0xFC,
  0x00,0x00,0xDF,0xFB,0xFF,0x40,0x00,0x00,0x00,0x00,0x00,0x00,
  0x00,0x00,0x00,0x00,0x00,0x00,0x00,0x00,0x00,0x00,0x00,0x00,
  0x00,0x00,0x00,0x00,0x00,0x00,0x00,0x00,0x00,0x00,0x00,0x00,
  0x00,0x00,0x00,0x00,0x00,0x00,0x00,0x00,0x00,0x00,0x00,0x00,
  0x00,0x00,0x00,0x00,0x00,0x00,0x00,0x00,0x00,0x00,0x00,0x00,
  0x00,0x7D,0xBD,0x6F,0x6B,0x6E,0xFF,0xFA,0x00,0x00,0x00,0x2D,
  0x40,0x00,0x00,0x00,0x00,0x00,0x00,0x00,0x00,0x00,0x00,0x00,
  0x00,0x00,0x00,0x00,0x00,0x00,0x00,0x00,0x00,0x00,0x00,0x00,
  0x00,0x00,0x00,0x00,0x00,0x00,0x00,0x00,0x00,0x00,0x00,0x00,
  0x00,0x00,0x00,0x00,0x00,0x00,0x00,0x00,0x00,0x00,0x00,0x00,
  0x00,0x00,0x00,0x00,0x00,0x00,0x00,0x00,0x00,0x7E,0xD7,0xBA,
  0xDD,0xB5,0xAF,0xA0,0x00,0x00,0x00,0x00,0x00,0x00,0x00,0x00,
  0x00,0x00,0x00,0x00,0x00,0x00,0x00,0x00,0x00,0x00,0x00,0x00,
  0x00,0x00,0x00,0x00,0x00,0x00,0x00,0x00,0x00,0x00,0x00,0x00,
  0x00,0x00,0x00,0x00,0x00,0x00,0x00,0x00,0x00,0x00,0x00,0x00,
  0x00,0x00,0x00,0x00,0x00,0x00,0x00,0x00,0x00,0x00,0x00,0x00,
  0x00,0x00,0x00,0x00,0x00,0x7B,0xBA,0xFF,0x76,0xFF,0xF8,0x00,
  0x00,0x00,0x00,0x00,0x00,0x00,0x00,0x00,0x00,0x00,0x00,0x00,
  0x00,0x00,0x00,0x00,0x00,0x00,0x00,0x00,0x00,0x00,0x00,0x00,
  0x00,0x00,0x00,0x00,0x00,0x00,0x00,0x00,0x00,0x00,0x00,0x00,
  0x00,0x00,0x00,0x00,0x00,0x00,0x00,0x00,0x00,0x00,0x00,0x00,
  0x00,0x00,0x00,0x00,0x00,0x00,0x00,0x00,0x00,0x00,0x00,0x00,
  0x00,0x5E,0xEF,0xB5,0xDB,0xAA,0xB0,0x00,0x00,0x00,0x00,0x00,
  0x00,0x00,0x00,0x00,0x00,0x00,0x00,0x00,0x00,0x00,0x00,0x00,
  0x00,0x00,0x00,0x00,0x00,0x00,0x00,0x00,0x00,0x00,0x00,0x00,
  0x00,0x00,0x00,0x00,0x00,0x00,0x00,0x00,0x00,0x00,0x00,0x00,
  0x00,0x00,0x00,0x00,0x00,0x00,0x00,0x00,0x00,0x00,0x00,0x00,
  0x00,0x00,0x00,0x00,0x00,0x00,0x00,0x00,0x00,0x7B,0xBA,0xEF,
  0x7E,0xFF,0xC0,0x00,0x00,0x00,0x00,0x00,0x00,0x00,0x00,0x00,
  0x00,0x00,0x00,0x00,0x00,0x00,0x00,0x00,0x00,0x00,0x00,0x00,
  0x00,0x00,0x00,0x00,0x00,0x00,0x00,0x00,0x00,0x00,0x00,0x00,
  0x00,0x00,0x00,0x00,0x00,0x00,0x00,0x00,0x00,0x00,0x00,0x00,
  0x00,0x00,0x00,0x00,0x00,0x00,0x00,0x00,0x00,0x00,0x00,0x00,
  0x00,0x00,0x00,0x00,0x00,0x3E,0xFF,0xBB,0xAB,0xE8,0x00,0x00,
  0x00,0x00,0x00,0x00,0x00,0x00,0x00,0x00,0x00,0x00,0x00,0x00,
  0x00,0x00,0x00,0x00,0x00,0x00,0x00,0x00,0x00,0x00,0x00,0x00,
  0x00,0x00,0x00,0x00,0x00,0x00,0x00,0x00,0x00,0x00,0x00,0x00,
  0x00,0x00,0x00,0x00,0x00,0x00,0x00,0x00,0x00,0x00,0x00,0x00,
  0x00,0x00,0x00,0x00,0x00,0x00,0x00,0x00,0x00,0x00,0x00,0x00,
  0x00,0x17,0xD6,0xFE,0xFE,0x80,0x00,0x00,0x00,0x00,0x00,0x00,
  0x00,0x00,0x00,0x00,0x00,0x00,0x00,0x00,0x00,0x00,0x00,0x00,
  0x00,0x00,0x00,0x00,0x00,0x00,0x00,0x00,0x00,0x00,0x00,0x00,
  0x00,0x00,0x00,0x00,0x00,0x00,0x00,0x00,0x00,0x00,0x00,0x00,
  0x00,0x00,0x00,0x00,0x00,0x00,0x00,0x00,0x00,0x00,0x00,0x00,
  0x00,0x00,0x00,0x00,0x00,0x00,0x00,0x00,0x00,0x00,0x6D,0xD5,
  0x80,0x00,0x00,0x00,0x00,0x00,0x00,0x00,0x00,0x00,0x00,0x00,
  0x00,0x00,0x00,0x00,0x00,0x00,0x00,0x00,0x00,0x00,0x00,0x00,
  0x00,0x00,0x00,0x00,0x00,0x00,0x00,0x00,0x00,0x00,0x00,0x00,
  0x00,0x00,0x00,0x00,
};

// TriJet.png  (540x136)
static const uint8_t art_trijet[] PROGMEM = {
  0x00,0x00,0x00,0x00,0x00,0x00,0x00,0x00,0x00,0x00,0x00,0x00,
  0x00,0x00,0x00,0x00,0x00,0x00,0x00,0x00,0x00,0x00,0x00,0x00,
  0x00,0x00,0x00,0x00,0x00,0x00,0x00,0x00,0x00,0x00,0x00,0x00,
  0x00,0x00,0x00,0x00,0x00,0x00,0x00,0x00,0x00,0x00,0x00,0x00,
  0x00,0x00,0x00,0x00,0x00,0x00,0x00,0x00,0x00,0x00,0x2A,0xD5,
  0x40,0x00,0x00,0x00,0x00,0x00,0x00,0x00,0x00,0x00,0x00,0x00,
  0x00,0x00,0x00,0x00,0x00,0x00,0x00,0x00,0x00,0x00,0x00,0x00,
  0x00,0x00,0x00,0x00,0x00,0x00,0x00,0x00,0x00,0x00,0x00,0x00,
  0x00,0x00,0x00,0x00,0x00,0x00,0x00,0x00,0x00,0x00,0x00,0x00,
  0x00,0x00,0x00,0x00,0x00,0x00,0x00,0x00,0x00,0x00,0x00,0x00,
  0x00,0x00,0x00,0x00,0x00,0x0B,0x41,0x02,0x2E,0x80,0x00,0x00,
  0x00,0x00,0x00,0x00,0x00,0x00,0x00,0x00,0x00,0x00,0x00,0x00,
  0x00,0x00,0x00,0x00,0x00,0x00,0x00,0x00,0x00,0x00,0x00,0x00,
  0x00,0x00,0x00,0x00,0x00,0x00,0x00,0x00,0x00,0x00,0x00,0x00,
  0x00,0x00,0x00,0x00,0x00,0x00,0x00,0x00,0x00,0x00,0x00,0x00,
  0x00,0x00,0x00,0x00,0x00,0x00,0x00,0x00,0x00,0x00,0x00,0x00,
  0x00,0xA4,0x00,0x20,0x00,0x5D,0x00,0x00,0x00,0x00,0x00,0x00,
  0x00,0x00,0x00,0x00,0x00,0x00,0x00,0x00,0x00,0x00,0x00,0x00,
  0x00,0x00,0x00,0x00,0x00,0x00,0x00,0x00,0x00,0x00,0x00,0x00,
  0x00,0x00,0x00,0x00,0x00,0x00,0x00,0x00,0x00,0x00,0x00,0x00,
  0x00,0x00,0x00,0x00,0x00,0x00,0x00,0x00,0x00,0x00,0x00,0x00,
  0x00,0x00,0x00,0x00,0x00,0x00,0x00,0x00,0x06,0x00,0x09,0x09,
  0x20,0x00,0xB5,0x00,0x00,0x00,0x00,0x00,0x00,0x00,0x00,0x00,
  0x00,0x00,0x00,0x00,0x00,0x00,0x00,0x00,0x00,0x00,0x00,0x00,
  0x00,0x00,0x00,0x00,0x00,0x00,0x00,0x00,0x00,0x00,0x00,0x00,
  0x00,0x00,0x00,0x00,0x00,0x00,0x00,0x00,0x00,0x00,0x00,0x00,
  0x00,0x00,0x00,0x00,0x00,0x00,0x00,0x00,0x00,0x00,0x00,0x00,
  0x00,0x00,0x00,0x00,0x10,0x00,0x45,0xEE,0xDF,0xFE,0xD7,0xFB,
  0x56,0xEE,0xD5,0x00,0x00,0x00,0x00,0x00,0x00,0x00,0x00,0x00,
  0x00,0x00,0x00,0x00,0x00,0x00,0x00,0x00,0x00,0x00,0x00,0x00,
  0x00,0x00,0x00,0x00,0x00,0x00,0x00,0x00,0x00,0x00,0x00,0x00,
  0x00,0x00,0x00,0x00,0x00,0x00,0x00,0x00,0x00,0x00,0x00,0x00,
  0x00,0x00,0x00,0x00,0x00,0x00,0x00,0x00,0x00,0x00,0x00,0x00,
  0x21,0x52,0x3E,0x51,0x20,0x00,0x10,0x4D,0xBB,0xBB,0x7F,0xF0,
  0x00,0x00,0x00,0x00,0x00,0x00,0x00,0x00,0x00,0x00,0x00,0x00,
  0x00,0x00,0x00,0x00,0x00,0x00,0x00,0x00,0x00,0x00,0x00,0x00,
  0x00,0x00,0x00,0x00,0x00,0x00,0x00,0x00,0x00,0x00,0x00,0x00,
  0x00,0x00,0x00,0x00,0x00,0x00,0x00,0x00,0x00,0x00,0x00,0x00,
  0x00,0x00,0x00,0x00,0x00,0x00,0x00,0x00,0x14,0x04,0xC1,0x0A,
  0xAF,0xFF,0xFF,0xFF,0xFE,0xFF,0xE8,0x00,0x00,0x00,0x00,0x00,
  0x00,0x00,0x00,0x00,0x00,0x00,0x00,0x00,0x00,0x00,0x00,0x00,
  0x00,0x00,0x00,0x00,0x00,0x00,0x00,0x00,0x00,0x00,0x00,0x00,
  0x00,0x00,0x00,0x00,0x00,0x00,0x00,0x00,0x00,0x00,0x00,0x00,
  0x00,0x00,0x00,0x00,0x00,0x00,0x00,0x00,0x00,0x00,0x00,0x00,
  0x00,0x00,0x00,0x00,0x1A,0xA9,0x7E,0xFF,0xFD,0xB7,0xEF,0x6A,
  0xD7,0xD0,0x00,0x00,0x00,0x00,0x00,0x00,0x00,0x00,0x00,0x00,
  0x00,0x00,0x00,0x00,0x00,0x00,0x00,0x00,0x00,0x00,0x00,0x00,
  0x00,0x00,0x00,0x00,0x00,0x00,0x00,0x00,0x00,0x00,0x00,0x00,
  0x00,0x00,0x00,0x00,0x00,0x00,0x00,0x00,0x00,0x00,0x00,0x00,
  0x00,0x00,0x00,0x00,0x00,0x00,0x00,0x00,0x00,0x00,0x00,0x00,
  0x03,0x52,0x1F,0xFB,0x6F,0xFD,0x7B,0xFF,0xBD,0x80,0x00,0x00,
  0x00,0x00,0x00,0x00,0x00,0x00,0x00,0x00,0x00,0x00,0x00,0x00,
  0x00,0x00,0x00,0x00,0x00,0x00,0x00,0x00,0x00,0x00,0x00,0x00,
  0x00,0x00,0x00,0x00,0x00,0x00,0x00,0x00,0x00,0x00,0x00,0x00,
  0x00,0x00,0x00,0x00,0x00,0x00,0x00,0x00,0x00,0x00,0x00,0x00,
  0x00,0x00,0x00,0x00,0x00,0x00,0x00,0x00,0x00,0xD5,0x4B,0xBF,
  0xFD,0xAF,0xFF,0xAA,0xE8,0x00,0x00,0x00,0x00,0x00,0x00,0x00,
  0x00,0x00,0x00,0x00,0x00,0x00,0x00,0x00,0x00,0x00,0x00,0x00,
  0x00,0x00,0x00,0x00,0x00,0x00,0x00,0x00,0x00,0x00,0x00,0x00,
  0x00,0x00,0x00,0x00,0x00,0x00,0x00,0x00,0x00,0x00,0x00,0x00,
  0x00,0x00,0x00,0x00,0x00,0x00,0x00,0x00,0x00,0x00,0x00,0x00,
  0x00,0x00,0x00,0x00,0x00,0x28,0x26,0xED,0xDF,0xFF,0xDD,0xFD,
  0x00,0x00,0x00,0x00,0x00,0x00,0x00,0x00,0x00,0x00,0x00,0x00,
  0x00,0x00,0x00,0x00,0x00,0x00,0x00,0x00,0x00,0x00,0x00,0x00,
  0x00,0x00,0x00,0x00,0x00,0x00,0x00,0x00,0x00,0x00,0x00,0x00,
  0x00,0x00,0x00,0x00,0x00,0x00,0x00,0x00,0x00,0x00,0x00,0x00,
  0x00,0x00,0x00,0x00,0x00,0x00,0x00,0x00,0x00,0x00,0x00,0x00,
  0x00,0x22,0x93,0x77,0x75,0x6A,0xF7,0x50,0x00,0x00,0x00,0x00,
  0x00,0x00,0x00,0x00,0x00,0x00,0x00,0x00,0x00,0x00,0x00,0x00,
  0x00,0x00,0x00,0x00,0x00,0x00,0x00,0x00,0x00,0x00,0x00,0x00,
  0x00,0x00,0x00,0x00,0x00,0x00,0x00,0x00,0x00,0x00,0x00,0x00,
  0x00,0x00,0x00,0x00,0x00,0x00,0x00,0x00,0x00,0x00,0x00,0x00,
  0x00,0x00,0x00,0x00,0x00,0x00,0x00,0x00,0x00,0x40,0x25,0xBB,
  0xBF,0xFF,0xBF,0xE0,0x00,0x00,0x00,0x00,0x00,0x00,0x00,0x00,
  0x00,0x00,0x00,0x00,0x00,0x00,0x00,0x00,0x00,0x00,0x00,0x00,
  0x00,0x00,0x00,0x00,0x00,0x00,0x00,0x00,0x00,0x00,0x00,0x00,
  0x00,0x00,0x00,0x00,0x00,0x00,0x00,0x00,0x00,0x00,0x00,0x00,
  0x00,0x00,0x00,0x00,0x00,0x00,0x00,0x00,0x00,0x00,0x00,0x00,
  0x00,0x00,0x00,0x00,0x00,0x85,0x12,0xDD,0x6A,0xAE,0xED,0xE0,
  0x00,0x00,0x00,0x00,0x00,0x00,0x00,0x00,0x00,0x00,0x00,0x00,
  0x00,0x00,0x00,0x00,0x00,0x00,0x00,0x00,0x00,0x00,0x00,0x00,
  0x00,0x00,0x00,0x00,0x00,0x00,0x00,0x00,0x00,0x00,0x00,0x00,
  0x00,0x00,0x00,0x00,0x00,0x00,0x00,0x00,0x00,0x00,0x00,0x00,
  0x00,0x00,0x00,0x00,0x00,0x00,0x00,0x00,0x00,0x00,0x00,0x00,
  0x01,0x00,0xA9,0x6F,0xBD,0xF7,0xBB,0x40,0x00,0x00,0x00,0x00,
  0x00,0x00,0x00,0x00,0x00,0x00,0x00,0x00,0x00,0x00,0x00,0x00,
  0x00,0x00,0x00,0x00,0x00,0x00,0x00,0x00,0x00,0x00,0x00,0x00,
  0x00,0x00,0x00,0x00,0x00,0x00,0x00,0x00,0x00,0x00,0x00,0x00,
  0x00,0x00,0x00,0x00,0x00,0x00,0x00,0x00,0x00,0x00,0x00,0x00,
  0x00,0x00,0x00,0x00,0x00,0x00,0x00,0x00,0x02,0x0A,0x04,0xB5,
  0x6B,0x5D,0xEF,0xC0,0x00,0x00,0x00,0x00,0x00,0x00,0x00,0x00,
  0x00,0x00,0x00,0x00,0x00,0x00,0x00,0x00,0x00,0x00,0x00,0x00,
  0x00,0x00,0x00,0x00,0x00,0x00,0x00,0x00,0x00,0x00,0x00,0x00,
  0x00,0x00,0x00,0x00,0x00,0x00,0x00,0x00,0x00,0x00,0x00,0x00,
  0x00,0x00,0x00,0x00,0x00,0x00,0x00,0x00,0x00,0x00,0x00,0x00,
  0x00,0x00,0x00,0x00,0x02,0x00,0xAA,0x56,0xDD,0xDB,0x7A,0x80,
  0x00,0x00,0x00,0x00,0x00,0x00,0x00,0x00,0x00,0x00,0x00,0x00,
  0x00,0x00,0x00,0x00,0x00,0x00,0x00,0x00,0x00,0x00,0x00,0x00,
  0x00,0x00,0x00,0x00,0x00,0x00,0x00,0x00,0x00,0x00,0x00,0x00,
  0x00,0x00,0x00,0x00,0x00,0x00,0x00,0x00,0x00,0x00,0x00,0x00,
  0x00,0x00,0x00,0x00,0x00,0x00,0x00,0x00,0x00,0x00,0x00,0x00,
  0x08,0x25,0x21,0x35,0xAB,0x7D,0xAF,0x80,0x00,0x00,0x00,0x00,
  0x00,0x00,0x00,0x00,0x00,0x00,0x00,0x00,0x00,0x00,0x00,0x00,
  0x00,0x00,0x00,0x00,0x00,0x00,0x00,0x00,0x00,0x00,0x00,0x00,
  0x00,0x00,0x00,0x00,0x00,0x00,0x00,0x00,0x00,0x00,0x00,0x00,
  0x00,0x00,0x00,0x00,0x00,0x00,0x00,0x00,0x00,0x00,0x00,0x00,
  0x00,0x00,0x00,0x00,0x00,0x00,0x00,0x00,0x08,0x08,0x94,0x9A,
  0xED,0x57,0x75,0x00,0x00,0x00,0x00,0x00,0x00,0x00,0x00,0x00,
  0x00,0x00,0x00,0x00,0x00,0x00,0x00,0x00,0x00,0x00,0x00,0x00,
  0x00,0x00,0x00,0x00,0x00,0x00,0x00,0x00,0x00,0x00,0x00,0x00,
  0x00,0x00,0x00,0x00,0x00,0x00,0x00,0x00,0x00,0x00,0x00,0x00,
  0x00,0x00,0x00,0x00,0x00,0x00,0x00,0x00,0x00,0x00,0x00,0x00,
  0x00,0x00,0x00,0x00,0x10,0xA2,0x4A,0x4E,0xB5,0xFB,0xDF,0x00,
  0x00,0x00,0x00,0x00,0x00,0x00,0x00,0x00,0x00,0x00,0x00,0x00,
  0x00,0x00,0x00,0x00,0x00,0x00,0x00,0x00,0x00,0x00,0x00,0x00,
  0x00,0x00,0x00,0x00,0x00,0x00,0x00,0x00,0x00,0x00,0x00,0x00,
  0x00,0x00,0x00,0x00,0x00,0x00,0x00,0x00,0x00,0x00,0x00,0x00,
  0x00,0x00,0x00,0x00,0x00,0x00,0x00,0x00,0x00,0x00,0x00,0x00,
  0x20,0x09,0x21,0x2A,0xAA,0xAD,0x74,0x00,0x00,0x00,0x00,0x00,
  0x00,0x00,0x00,0x00,0x00,0x00,0x00,0x00,0x00,0x00,0x00,0x00,
  0x00,0x00,0x00,0x00,0x00,0x00,0x00,0x00,0x00,0x00,0x00,0x00,
  0x00,0x00,0x00,0x00,0x00,0x00,0x00,0x00,0x00,0x00,0x00,0x00,
  0x00,0x00,0x00,0x00,0x00,0x00,0x00,0x00,0x00,0x00,0x00,0x00,
  0x00,0x00,0x00,0x00,0x00,0x00,0x00,0x00,0x41,0x24,0x94,0x95,
  0x56,0xF7,0xAE,0x00,0x00,0x00,0x00,0x00,0x00,0x00,0x00,0x00,
  0x00,0x00,0x00,0x00,0x00,0x00,0x00,0x00,0x00,0x00,0x00,0x00,
  0x00,0x00,0x00,0x00,0x00,0x00,0x00,0x00,0x00,0x00,0x00,0x00,
  0x00,0x00,0x00,0x00,0x00,0x00,0x00,0x00,0x00,0x00,0x00,0x00,
  0x00,0x00,0x00,0x00,0x00,0x00,0x00,0x00,0x00,0x00,0x00,0x00,
  0x00,0x00,0x00,0x00,0x80,0x4A,0x4A,0x4A,0xDB,0xAD,0x74,0x00,
  0x00,0x00,0x00,0x00,0x00,0x00,0x00,0x00,0x00,0x00,0x00,0x00,
  0x00,0x00,0x00,0x00,0x00,0x00,0x00,0x00,0x00,0x00,0x00,0x00,
  0x00,0x00,0x00,0x00,0x00,0x00,0x00,0x00,0x00,0x00,0x00,0x00,
  0x00,0x00,0x00,0x00,0x00,0x00,0x00,0x00,0x00,0x00,0x00,0x00,
  0x00,0x00,0x00,0x00,0x00,0x00,0x00,0x00,0x00,0x00,0x00,0x01,
  0x05,0x21,0x21,0x52,0xAA,0xF6,0xDC,0x00,0x00,0x00,0x00,0x00,
  0x00,0x00,0x00,0x00,0x00,0x00,0x00,0x00,0x00,0x00,0x00,0x00,
  0x00,0x00,0x00,0x00,0x00,0x00,0x00,0x00,0x00,0x00,0x00,0x00,
  0x00,0x00,0x00,0x00,0x00,0x00,0x00,0x00,0x00,0x00,0x00,0x00,
  0x00,0x00,0x00,0x00,0x00,0x00,0x00,0x00,0x00,0x00,0x00,0x00,
  0x00,0x00,0x00,0x00,0x00,0x00,0x00,0x02,0x00,0x94,0x95,0x29,
  0x55,0xAD,0xB0,0x00,0x00,0x00,0x00,0x00,0x00,0x00,0x00,0x00,
  0x00,0x00,0x00,0x00,0x00,0x00,0x00,0x00,0x00,0x00,0x00,0x00,
  0x00,0x00,0x00,0x00,0x00,0x00,0x00,0x00,0x00,0x00,0x00,0x00,
  0x00,0x00,0x00,0x00,0x00,0x00,0x00,0x00,0x00,0x00,0x00,0x00,
  0x00,0x00,0x00,0x00,0x00,0x00,0x00,0x00,0x00,0x00,0x00,0x00,
  0x00,0x00,0x00,0x04,0x14,0x45,0x48,0x85,0x56,0xDB,0xD8,0x00,
  0x00,0x00,0x00,0x00,0x00,0x00,0x00,0x00,0x00,0x00,0x00,0x00,
  0x00,0x00,0x00,0x00,0x00,0x00,0x00,0x00,0x00,0x00,0x00,0x00,
  0x00,0x00,0x00,0x00,0x00,0x00,0x00,0x00,0x00,0x00,0x00,0x00,
  0x00,0x00,0x00,0x00,0x00,0x00,0x00,0x00,0x00,0x00,0x00,0x00,
  0x00,0x00,0x00,0x00,0x00,0x00,0x00,0x00,0x00,0x00,0x00,0x08,
  0x02,0x90,0x25,0x54,0xAB,0x6D,0x70,0x00,0x00,0x00,0x00,0x00,
  0x00,0x00,0x00,0x00,0x00,0x00,0x00,0x00,0x00,0x00,0x00,0x00,
  0x00,0x00,0x00,0x00,0x00,0x00,0x00,0x00,0x00,0x00,0x00,0x00,
  0x00,0x00,0x00,0x00,0x00,0x00,0x00,0x00,0x00,0x00,0x00,0x00,
  0x00,0x00,0x00,0x00,0x00,0x00,0x00,0x00,0x00,0x00,0x00,0x00,
  0x00,0x00,0x00,0x00,0x00,0x00,0x00,0x10,0x48,0x4B,0x55,0x2A,
  0x56,0xB6,0xA0,0x00,0x00,0x00,0x00,0x00,0x00,0x00,0x00,0x00,
  0x00,0x00,0x00,0x00,0x00,0x00,0x00,0x00,0x00,0x00,0x00,0x00,
  0x00,0x00,0x00,0x00,0x00,0x00,0x00,0x00,0x00,0x00,0x00,0x00,
  0x00,0x00,0x00,0x00,0x00,0x00,0x00,0x00,0x00,0x00,0x00,0x00,
  0x00,0x00,0x00,0x00,0x00,0x00,0x00,0x00,0x00,0x00,0x00,0x00,
  0x00,0x00,0x00,0x10,0x05,0x24,0x88,0xA2,0x9B,0xDB,0xE0,0x00,
  0x00,0x00,0x00,0x00,0x00,0x00,0x00,0x00,0x00,0x00,0x00,0x00,
  0x00,0x00,0x00,0x00,0x00,0x00,0x00,0x00,0x00,0x00,0x00,0x00,
  0x00,0x00,0x00,0x00,0x00,0x00,0x00,0x00,0x00,0x00,0x00,0x00,
  0x00,0x00,0x00,0x00,0x00,0x00,0x00,0x00,0x00,0x00,0x00,0x00,
  0x00,0x00,0x00,0x00,0x00,0x00,0x00,0x00,0x00,0x00,0x00,0x40,
  0xA2,0x92,0x52,0x94,0x55,0x55,0x40,0x00,0x00,0x00,0x00,0x00,
  0x00,0x00,0x00,0x00,0x00,0x00,0x00,0x00,0x00,0x00,0x00,0x00,
  0x00,0x00,0x00,0x00,0x00,0x00,0x00,0x00,0x00,0x00,0x00,0x00,
  0x00,0x00,0x00,0x00,0x00,0x00,0x00,0x00,0x00,0x00,0x00,0x00,
  0x00,0x00,0x00,0x00,0x00,0x00,0x00,0x00,0x00,0x00,0x00,0x00,
  0x00,0x00,0x00,0x00,0x00,0x00,0x00,0x41,0x14,0x49,0x25,0x4A,
  0xB5,0x6E,0xC0,0x00,0x00,0x00,0x00,0x00,0x00,0x00,0x00,0x00,
  0x00,0x00,0x00,0x00,0x00,0x00,0x00,0x00,0x00,0x00,0x00,0x00,
  0x00,0x00,0x00,0x00,0x00,0x00,0x00,0x00,0x00,0x00,0x00,0x00,
  0x00,0x00,0x00,0x00,0x00,0x00,0x00,0x00,0x00,0x00,0x00,0x00,
  0x00,0x00,0x00,0x00,0x00,0x00,0x00,0x00,0x00,0x00,0x00,0x00,
  0x00,0x00,0x00,0x80,0x09,0x24,0x94,0x25,0x2B,0xB5,0x80,0x00,
  0x00,0x00,0x00,0x00,0x00,0x00,0x00,0x00,0x00,0x00,0x00,0x00,
  0x00,0x00,0x00,0x00,0x00,0x00,0x00,0x00,0x00,0x00,0x00,0x00,
  0x00,0x00,0x00,0x00,0x00,0x00,0x00,0x00,0x00,0x00,0x00,0x00,
  0x00,0x00,0x00,0x00,0x00,0x00,0x00,0x00,0x00,0x00,0x00,0x00,
  0x00,0x00,0x00,0x00,0x00,0x00,0x00,0x00,0x00,0x00,0x01,0x04,
  0xA4,0x95,0x4A,0xA8,0xAA,0xAE,0x80,0x00,0x00,0x00,0x00,0x00,
  0x00,0x00,0x00,0x00,0x00,0x00,0x00,0x00,0x00,0x00,0x00,0x00,
  0x00,0x00,0x00,0x00,0x00,0x00,0x00,0x00,0x00,0x00,0x00,0x00,
  0x00,0x00,0x00,0x00,0x00,0x00,0x00,0x00,0x00,0x00,0x00,0x00,
  0x00,0x00,0x00,0x00,0x00,0x00,0x00,0x00,0x00,0x00,0x00,0x00,
  0x00,0x00,0x00,0x00,0x00,0x00,0x02,0x02,0x22,0x48,0xA4,0x95,
  0x6D,0x6B,0x00,0x00,0x00,0x00,0x00,0x00,0x00,0x00,0x00,0x00,
  0x00,0x00,0x00,0x00,0x00,0x00,0x00,0x00,0x00,0x00,0x00,0x00,
  0x00,0x00,0x00,0x00,0x00,0x00,0x00,0x00,0x00,0x00,0x00,0x00,
  0x00,0x00,0x00,0x00,0x00,0x00,0x00,0x00,0x00,0x00,0x00,0x00,
  0x00,0x00,0x00,0x00,0x00,0x00,0x00,0x00,0x00,0x00,0x00,0x00,
  0x00,0x00,0x04,0x10,0x95,0x25,0x12,0x42,0xAA,0xB5,0x00,0x00,
  0x00,0x00,0x00,0x00,0x00,0x00,0x00,0x00,0x00,0x00,0x00,0x00,
  0x00,0x00,0x00,0x00,0x00,0x00,0x00,0x00,0x00,0x00,0x00,0x00,
  0x00,0x00,0x00,0x00,0x00,0x00,0x00,0x00,0x00,0x00,0x00,0x00,
  0x00,0x00,0x00,0x00,0x00,0x00,0x00,0x00,0x00,0x00,0x00,0x00,
  0x00,0x00,0x00,0x00,0x00,0x00,0x00,0x00,0x00,0x00,0x08,0x04,
  0x48,0x92,0x55,0x59,0xAA,0xAB,0x00,0x00,0x00,0x00,0x00,0x00,
  0x00,0x00,0x00,0x00,0x00,0x00,0x00,0x00,0x00,0x00,0x00,0x00,
  0x00,0x00,0x00,0x00,0x00,0x00,0x00,0x00,0x00,0x00,0x00,0x00,
  0x00,0x00,0x00,0x00,0x00,0x00,0x00,0x00,0x00,0x00,0x00,0x00,
  0x00,0x00,0x00,0x00,0x00,0x00,0x00,0x00,0x00,0x00,0x00,0x00,
  0x00,0x00,0x00,0x00,0x00,0x00,0x10,0x52,0x92,0x49,0x49,0x25,
  0x5B,0x5A,0x00,0x00,0x00,0x00,0x00,0x00,0x00,0x00,0x00,0x00,
  0x00,0x00,0x00,0x00,0x00,0x00,0x00,0x00,0x00,0x00,0x00,0x00,
  0x00,0x00,0x00,0x00,0x00,0x00,0x00,0x00,0x00,0x00,0x00,0x00,
  0x00,0x00,0x00,0x00,0x00,0x00,0x00,0x00,0x00,0x00,0x00,0x00,
  0x00,0x00,0x00,0x00,0x00,0x00,0x00,0x00,0x00,0x00,0x00,0x00,
  0x00,0x00,0x20,0x01,0x25,0x2A,0x54,0x93,0x6A,0xAC,0x00,0x00,
  0x00,0x00,0x00,0x00,0x00,0x00,0x00,0x00,0x00,0x00,0x00,0x00,
  0x00,0x00,0x00,0x00,0x00,0x00,0x00,0x00,0x00,0x00,0x00,0x00,
  0x00,0x00,0x00,0x00,0x00,0x00,0x00,0x00,0x00,0x00,0x00,0x00,
  0x00,0x00,0x00,0x00,0x00,0x00,0x00,0x00,0x00,0x00,0x00,0x00,
  0x00,0x00,0x00,0x00,0x00,0x00,0x00,0x00,0x00,0x00,0x41,0x14,
  0x90,0xA5,0x22,0x4A,0xAA,0xD4,0x00,0x00,0x00,0x00,0x00,0x00,
  0x00,0x00,0x00,0x00,0x00,0x00,0x00,0x00,0x00,0x00,0x00,0x00,
  0x00,0x00,0x00,0x00,0x00,0x00,0x00,0x00,0x00,0x00,0x00,0x00,
  0x00,0x00,0x00,0x00,0x00,0x00,0x00,0x00,0x00,0x00,0x00,0x00,
  0x00,0x00,0x00,0x00,0x00,0x00,0x00,0x00,0x00,0x00,0x00,0x00,
  0x00,0x00,0x00,0x00,0x00,0x00,0x80,0x42,0x4A,0x90,0x95,0x56,
  0xAD,0x68,0x00,0x00,0x00,0x00,0x00,0x00,0x00,0x00,0x00,0x00,
  0x00,0x00,0x00,0x00,0x00,0x00,0x00,0x00,0x00,0x00,0x00,0x00,
  0x00,0x00,0x00,0x00,0x00,0x00,0x00,0x00,0x00,0x00,0x00,0x00,
  0x00,0x00,0x00,0x00,0x00,0x00,0x00,0x00,0x00,0x00,0x00,0x00,
  0x00,0x00,0x00,0x00,0x00,0x00,0x00,0x00,0x00,0x00,0x00,0x00,
  0x00,0x01,0x04,0x14,0x92,0x4A,0xA4,0x8A,0xD5,0xA8,0x00,0x00,
  0x00,0x00,0x00,0x00,0x00,0x00,0x00,0x00,0x00,0x00,0x00,0x00,
  0x00,0x00,0x00,0x00,0x00,0x00,0x00,0x00,0x00,0x00,0x00,0x00,
  0x00,0x00,0x00,0x00,0x00,0x00,0x00,0x00,0x00,0x00,0x00,0x00,
  0x00,0x00,0x00,0x00,0x00,0x00,0x00,0x00,0x00,0x00,0x00,0x00,
  0x00,0x00,0x00,0x00,0x00,0x00,0x00,0x00,0x00,0x02,0x01,0x22,
  0x49,0x25,0x12,0x5B,0x56,0xB0,0x00,0x00,0x00,0x00,0x00,0x00,
  0x00,0x00,0x00,0x00,0x00,0x00,0x00,0x00,0x00,0x00,0x00,0x00,
  0x00,0x00,0x00,0x00,0x00,0x00,0x00,0x00,0x00,0x00,0x00,0x00,
  0x00,0x00,0x00,0x00,0x00,0x00,0x00,0x00,0x00,0x00,0x00,0x00,
  0x00,0x00,0x00,0x00,0x00,0x00,0x00,0x00,0x00,0x00,0x00,0x00,
  0x00,0x00,0x00,0x00,0x00,0x02,0x04,0x49,0x24,0x94,0xA9,0x2D,
  0x5A,0xB0,0x00,0x00,0x00,0x00,0x00,0x00,0x00,0x00,0x00,0x00,
  0x00,0x00,0x00,0x00,0x00,0x00,0x00,0x00,0x00,0x00,0x00,0x00,
  0x00,0x00,0x00,0x00,0x00,0x00,0x00,0x00,0x00,0x00,0x00,0x00,
  0x00,0x00,0x00,0x00,0x00,0x00,0x00,0x00,0x00,0x00,0x00,0x00,
  0x00,0x00,0x00,0x00,0x00,0x00,0x00,0x00,0x00,0x00,0x00,0x00,
  0x00,0x08,0x10,0x24,0x92,0x49,0x44,0xB5,0x6A,0xA0,0x00,0x00,
  0x00,0x00,0x00,0x00,0x00,0x00,0x00,0x00,0x00,0x00,0x00,0x00,
  0x00,0x00,0x00,0x00,0x00,0x00,0x00,0x00,0x00,0x00,0x00,0x00,
  0x00,0x00,0x00,0x00,0x00,0x00,0x00,0x00,0x00,0x00,0x00,0x00,
  0x00,0x00,0x00,0x00,0x00,0x00,0x00,0x00,0x00,0x00,0x00,0x00,
  0x00,0x00,0x00,0x00,0x00,0x00,0x00,0x00,0x00,0x08,0x01,0x4A,
  0x4A,0xA4,0x95,0x55,0xAB,0x60,0x00,0x00,0x00,0x00,0x00,0x00,
  0x00,0x00,0x00,0x00,0x00,0x00,0x00,0x00,0x00,0x00,0x00,0x00,
  0x00,0x00,0x00,0x00,0x00,0x00,0x00,0x00,0x00,0x00,0x00,0x00,
  0x00,0x00,0x00,0x00,0x00,0x00,0x00,0x00,0x00,0x00,0x00,0x00,
  0x00,0x00,0x00,0x00,0x00,0x00,0x00,0x00,0x00,0x00,0x00,0x00,
  0x00,0x00,0x00,0x00,0x00,0x20,0x48,0x91,0x29,0x15,0x29,0x56,
  0xAD,0x40,0x00,0x00,0x00,0x00,0x00,0x00,0x00,0x00,0x00,0x00,
  0x00,0x00,0x00,0x00,0x00,0x00,0x00,0x00,0x00,0x00,0x00,0x00,
  0x00,0x00,0x00,0x00,0x00,0x00,0x00,0x00,0x00,0x00,0x00,0x00,
  0x00,0x00,0x00,0x00,0x00,0x00,0x00,0x00,0x00,0x00,0x00,0x00,
  0x00,0x00,0x00,0x00,0x00,0x00,0x00,0x00,0x2A,0xB6,0xDA,0xDB,
  0x55,0xA0,0x02,0x4A,0x92,0x52,0x44,0xDA,0xB5,0x40,0x00,0x00,
  0x00,0x00,0x00,0x00,0x00,0x00,0x00,0x00,0x00,0x00,0x00,0x00,
  0x00,0x00,0x00,0x00,0x00,0x00,0x00,0x00,0x00,0x00,0x00,0x00,
  0x00,0x00,0x00,0x00,0x00,0x00,0x00,0x00,0x00,0x00,0x00,0x00,
  0x00,0x00,0x00,0x00,0x00,0x00,0x00,0x00,0x00,0x00,0x00,0x00,
  0x00,0x00,0x00,0x01,0xF0,0x00,0x00,0x00,0x00,0x11,0x51,0x20,
  0x49,0x49,0x2A,0xAA,0xAB,0x80,0x00,0x00,0x00,0x00,0x00,0x00,
  0x00,0x00,0x00,0x00,0x00,0x00,0x00,0x00,0x00,0x00,0x00,0x00,
  0x00,0x00,0x00,0x00,0x00,0x00,0x00,0x00,0x00,0x00,0x00,0x00,
  0x00,0x00,0x00,0x00,0x00,0x00,0x00,0x00,0x00,0x00,0x00,0x00,
  0x00,0x00,0x00,0x00,0x00,0x00,0x00,0x00,0x00,0x00,0x00,0x03,
  0x50,0x00,0x00,0x00,0x00,0x04,0x04,0x96,0xA4,0xA4,0xA5,0x55,
  0xAC,0x80,0x00,0x00,0x00,0x00,0x00,0x00,0x00,0x00,0x00,0x00,
  0x00,0x00,0x00,0x00,0x00,0x00,0x00,0x00,0x00,0x00,0x00,0x00,
  0x00,0x00,0x00,0x00,0x00,0x00,0x00,0x00,0x00,0x00,0x00,0x00,
  0x00,0x00,0x00,0x00,0x00,0x00,0x00,0x00,0x00,0x00,0x00,0x00,
  0x00,0x00,0x00,0x00,0x00,0x00,0x00,0x03,0xD8,0x00,0x00,0x00,
  0x00,0x00,0x09,0x21,0x2A,0x15,0x13,0x6D,0x55,0x00,0x00,0x00,
  0x00,0x00,0x00,0x00,0x00,0x00,0x00,0x00,0x00,0x00,0x00,0x00,
  0x00,0x00,0x00,0x00,0x00,0x00,0x00,0x00,0x00,0x00,0x00,0x00,
  0x00,0x00,0x00,0x00,0x00,0x00,0x00,0x00,0x00,0x00,0x00,0x00,
  0x00,0x00,0x00,0x00,0x00,0x00,0x00,0x00,0x00,0x00,0x00,0x00,
  0x00,0x00,0x00,0x07,0xC4,0x00,0x00,0x00,0x00,0x04,0x20,0x4C,
  0x91,0x52,0xAA,0xAA,0xDB,0x00,0x00,0x00,0x00,0x00,0x00,0x00,
  0x00,0x00,0x00,0x00,0x00,0x00,0x00,0x00,0x00,0x00,0x00,0x00,
  0x00,0x00,0x00,0x00,0x00,0x00,0x00,0x00,0x00,0x00,0x00,0x00,
  0x00,0x00,0x00,0x00,0x00,0x00,0x00,0x00,0x00,0x00,0x00,0x00,
  0x00,0x00,0x00,0x00,0x00,0x00,0x00,0x00,0x00,0x00,0x00,0x0F,
  0xC8,0x00,0x00,0x00,0x00,0x00,0x01,0x12,0x4A,0xA4,0x46,0xD6,
  0xAA,0x00,0x00,0x00,0x00,0x00,0x00,0x00,0x00,0x00,0x00,0x00,
  0x00,0x00,0x00,0x00,0x00,0x00,0x00,0x00,0x00,0x00,0x00,0x00,
  0x00,0x00,0x00,0x00,0x00,0x00,0x00,0x00,0x00,0x00,0x00,0x00,
  0x00,0x00,0x00,0x00,0x00,0x00,0x00,0x00,0x00,0x00,0x00,0x00,
  0x00,0x00,0x00,0x00,0x00,0x00,0x00,0x07,0xE4,0x00,0x00,0x00,
  0x12,0x42,0x88,0x01,0x24,0x49,0x2D,0x5A,0xB6,0x00,0x00,0x00,
  0x00,0x00,0x00,0x00,0x00,0x00,0x00,0x00,0x00,0x00,0x00,0x00,
  0x00,0x00,0x00,0x00,0x00,0x00,0x00,0x00,0x00,0x00,0x00,0x00,
  0x00,0x00,0x00,0x00,0x00,0x00,0x00,0x00,0x00,0x00,0x00,0x00,
  0x00,0x00,0x00,0x00,0x00,0x00,0x00,0x00,0x00,0x00,0x00,0x00,
  0x00,0x00,0x00,0x0F,0xE4,0x44,0x44,0x44,0x80,0x08,0x22,0xA8,
  0x92,0x95,0x55,0x6A,0xD4,0x00,0x00,0x00,0x00,0x00,0x00,0x00,
  0x00,0x00,0x00,0x00,0x00,0x00,0x00,0x00,0x00,0x00,0x00,0x00,
  0x00,0x00,0x00,0x00,0x00,0x00,0x00,0x00,0x00,0x00,0x00,0x00,
  0x00,0x00,0x00,0x00,0x00,0x00,0x00,0x00,0x00,0x00,0x00,0x00,
  0x00,0x00,0x00,0x00,0x00,0x00,0x00,0x00,0x00,0x00,0x00,0x0F,
  0xEA,0x00,0x10,0x00,0x01,0x22,0x88,0x05,0x4A,0x42,0x2D,0xAB,
  0x58,0x00,0x00,0x00,0x00,0x00,0x00,0x00,0x00,0x00,0x00,0x00,
  0x00,0x00,0x00,0x00,0x00,0x00,0x00,0x00,0x00,0x00,0x00,0x00,
  0x00,0x00,0x00,0x00,0x00,0x00,0x00,0x00,0x00,0x00,0x00,0x00,
  0x00,0x00,0x00,0x00,0x00,0x00,0x00,0x00,0x00,0x00,0x00,0x00,
  0x00,0x00,0x00,0x00,0x00,0x00,0x00,0x0F,0xE4,0x49,0x01,0x24,
  0x54,0x02,0x22,0xA8,0x25,0x29,0x56,0xAD,0x68,0x00,0x00,0x00,
  0x00,0x00,0x00,0x00,0x00,0x00,0x00,0x00,0x00,0x00,0x00,0x00,
  0x00,0x00,0x00,0x00,0x00,0x00,0x00,0x00,0x00,0x00,0x00,0x00,
  0x00,0x00,0x00,0x00,0x00,0x00,0x00,0x00,0x00,0x00,0x00,0x00,
  0x00,0x00,0x00,0x00,0x00,0x00,0x00,0x00,0x00,0x00,0x00,0x00,
  0x00,0x00,0x00,0x1F,0xF5,0x10,0xAA,0x49,0x01,0x54,0x88,0x45,
  0x90,0xAA,0x6A,0xB5,0x50,0x00,0x00,0x00,0x00,0x00,0x00,0x00,
  0x00,0x00,0x00,0x00,0x00,0x00,0x00,0x00,0x00,0x00,0x00,0x00,
  0x00,0x00,0x00,0x00,0x00,0x00,0x00,0x00,0x00,0x00,0x00,0x00,
  0x00,0x00,0x00,0x00,0x00,0x00,0x00,0x00,0x00,0x00,0x00,0x00,
  0x00,0x00,0x00,0x00,0x00,0x00,0x00,0x00,0x00,0x00,0x00,0x0B,
  0xEA,0x45,0x00,0x82,0x54,0x02,0x52,0x92,0x56,0x45,0x5A,0xD5,
  0xB0,0x00,0x00,0x00,0x00,0x00,0x00,0x00,0x00,0x00,0x00,0x00,
  0x00,0x00,0x00,0x00,0x00,0x00,0x00,0x00,0x00,0x00,0x00,0x00,
  0x00,0x00,0x00,0x00,0x00,0x00,0x00,0x00,0x00,0x00,0x00,0x00,
  0x00,0x00,0x00,0x00,0x00,0x00,0x00,0x00,0x00,0x00,0x00,0x00,
  0x00,0x00,0x00,0x00,0x00,0x00,0x00,0x0F,0xEC,0x90,0xAA,0x28,
  0x02,0xAA,0x09,0x29,0x21,0x28,0xAB,0x56,0xA0,0x00,0x00,0x00,
  0x00,0x00,0x00,0x00,0x00,0x00,0x00,0x00,0x00,0x00,0x00,0x00,
  0x00,0x00,0x00,0x00,0x00,0x00,0x00,0x00,0x00,0x00,0x00,0x00,
  0x00,0x00,0x00,0x00,0x00,0x00,0x00,0x00,0x00,0x00,0x00,0x00,
  0x00,0x00,0x00,0x00,0x00,0x00,0x00,0x00,0x00,0x00,0x00,0x00,
  0x00,0x00,0x00,0x17,0xEA,0x25,0x11,0x45,0x50,0x02,0xA4,0x94,
  0x95,0x4A,0xD5,0x5A,0xE0,0x00,0x00,0x00,0x00,0x00,0x00,0x00,
  0x00,0x00,0x00,0x00,0x00,0x00,0x00,0x00,0x00,0x00,0x00,0x00,
  0x00,0x00,0x00,0x00,0x00,0x00,0x00,0x00,0x00,0x00,0x00,0x00,
  0x00,0x00,0x00,0x00,0x00,0x00,0x00,0x00,0x00,0x00,0x00,0x00,
  0x00,0x00,0x00,0x00,0x00,0x00,0x00,0x00,0x00,0x00,0x00,0x0F,
  0xF6,0x92,0x4A,0x20,0x8A,0xA9,0x52,0x42,0xA9,0x25,0x5A,0xAB,
  0x20,0x00,0x00,0x00,0x00,0x00,0x00,0x00,0x00,0x00,0x00,0x00,
  0x00,0x00,0x00,0x00,0x00,0x00,0x00,0x00,0x00,0x00,0x00,0x00,
  0x00,0x00,0x00,0x00,0x00,0x00,0x00,0x00,0x00,0x00,0x00,0x00,
  0x00,0x00,0x00,0x00,0x00,0x00,0x00,0x00,0x00,0x00,0x00,0x00,
  0x00,0x00,0x00,0x00,0x00,0x00,0x00,0x17,0xEC,0x48,0xA4,0x95,
  0x24,0x44,0x09,0x2A,0x44,0x93,0x6B,0x6D,0x40,0x00,0x00,0x00,
  0x00,0x00,0x00,0x00,0x00,0x00,0x00,0x00,0x00,0x00,0x00,0x00,
  0x00,0x00,0x00,0x00,0x00,0x00,0x00,0x00,0x00,0x00,0x00,0x00,
  0x00,0x00,0x00,0x00,0x00,0x00,0x00,0x00,0x00,0x00,0x00,0x00,
  0x00,0x00,0x00,0x00,0x00,0x00,0x00,0x00,0x00,0x00,0x00,0x00,
  0x00,0x00,0x00,0x0B,0xED,0x25,0x12,0x48,0x91,0x2A,0xAA,0xA9,
  0x2A,0x55,0x55,0xAA,0xC0,0x00,0x00,0x00,0x00,0x00,0x00,0x00,
  0x00,0x00,0x00,0x00,0x00,0x00,0x00,0x00,0x00,0x00,0x00,0x00,
  0x00,0x00,0x00,0x00,0x00,0x00,0x00,0x00,0x00,0x00,0x00,0x00,
  0x00,0x00,0x00,0x00,0x00,0x00,0x00,0x00,0x00,0x00,0x00,0x00,
  0x00,0x00,0x00,0x00,0x00,0x00,0x00,0x00,0x00,0x00,0x00,0x0F,
  0xFC,0x92,0x54,0xA5,0x24,0x82,0x48,0x84,0x92,0x96,0xAD,0x56,
  0x80,0x00,0x00,0x00,0x00,0x00,0x00,0x00,0x00,0x00,0x00,0x00,
  0x00,0x00,0x00,0x00,0x00,0x00,0x00,0x00,0x00,0x00,0x00,0x00,
  0x00,0x00,0x00,0x00,0x00,0x00,0x00,0x00,0x00,0x00,0x00,0x00,
  0x00,0x00,0x00,0x00,0x00,0x00,0x00,0x00,0x00,0x00,0x00,0x00,
  0x00,0x00,0x00,0x00,0x00,0x00,0x00,0x07,0xD6,0xAA,0xA5,0x12,
  0x49,0x29,0x25,0x55,0x49,0x4A,0xD5,0x6B,0x00,0x00,0x00,0x00,
  0x00,0x00,0x00,0x00,0x00,0x00,0x00,0x00,0x00,0x00,0x00,0x00,
  0x00,0x00,0x00,0x00,0x00,0x00,0x00,0x00,0x00,0x00,0x00,0x00,
  0x00,0x00,0x00,0x00,0x00,0x00,0x00,0x00,0x00,0x00,0x00,0x00,
  0x00,0x00,0x00,0x00,0x00,0x00,0x00,0x00,0x00,0x00,0x00,0x00,
  0x00,0x00,0x00,0x0B,0xFA,0xAA,0xAA,0xD5,0x22,0x44,0xA8,0x92,
  0x2A,0x2B,0x5B,0x5D,0x00,0x00,0x00,0x00,0x00,0x00,0x00,0x00,
  0x00,0x00,0x00,0x00,0x00,0x00,0x00,0x00,0x00,0x00,0x00,0x00,
  0x00,0x00,0x00,0x00,0x00,0x00,0x00,0x00,0x00,0x00,0x00,0x00,
  0x00,0x00,0x00,0x00,0x00,0x00,0x00,0x00,0x00,0x00,0x00,0x00,
  0x00,0x00,0x00,0x00,0x00,0x00,0x00,0x00,0x00,0x00,0x00,0x07,
  0xBA,0xAA,0xAA,0x54,0x89,0x12,0x45,0x49,0x49,0x5A,0xAA,0xAA,
  0x00,0x00,0x00,0x00,0x00,0x00,0x00,0x00,0x00,0x00,0x00,0x00,
  0x00,0x00,0x00,0x00,0x00,0x00,0x00,0x00,0x00,0x00,0x00,0x00,
  0x00,0x00,0x00,0x00,0x00,0x00,0x00,0x00,0x00,0x00,0x00,0x00,
  0x00,0x00,0x00,0x00,0x00,0x00,0x00,0x00,0x00,0x00,0x00,0x00,
  0x00,0x00,0x00,0x00,0x00,0x00,0x00,0x03,0xED,0x55,0x55,0x52,
  0x52,0x49,0x2A,0x25,0x24,0x95,0xB6,0xD6,0x00,0x00,0x00,0x00,
  0x00,0x00,0x00,0x00,0x00,0x00,0x00,0x00,0x00,0x00,0x00,0x00,
  0x00,0x00,0x00,0x00,0x00,0x00,0x00,0x00,0x00,0x00,0x00,0x00,
  0x00,0x00,0x00,0x00,0x00,0x00,0x00,0x00,0x00,0x00,0x00,0x00,
  0x00,0x00,0x00,0x00,0x00,0x00,0x00,0x00,0x00,0x00,0x00,0x00,
  0x00,0x00,0x00,0x03,0x76,0xEA,0xAA,0x89,0x08,0x95,0x49,0x54,
  0xAA,0x76,0xAA,0xB4,0x00,0x00,0x00,0x00,0x00,0x00,0x00,0x00,
  0x00,0x00,0x00,0x00,0x00,0x00,0x00,0x00,0x00,0x00,0x00,0x00,
  0x00,0x00,0x00,0x00,0x00,0x00,0x00,0x00,0x00,0x00,0x00,0x00,
  0x00,0x00,0x00,0x00,0x00,0x00,0x00,0x00,0x00,0x00,0x00,0x00,
  0x00,0x00,0x00,0x00,0x00,0x00,0x00,0x00,0x00,0x00,0x00,0x00,
  0xFB,0x5D,0xA9,0x24,0x52,0x42,0x24,0x92,0x45,0x2A,0xDB,0x54,
  0x00,0x00,0x00,0x00,0x00,0x00,0x00,0x00,0x00,0x00,0x00,0x00,
  0x00,0x00,0x00,0x00,0x00,0x00,0x00,0x00,0x00,0x00,0x00,0x00,
  0x00,0x00,0x00,0x00,0x00,0x00,0x00,0x00,0x00,0x00,0x00,0x00,
  0x00,0x00,0x00,0x00,0x00,0x00,0x00,0x00,0x00,0x00,0x00,0x00,
  0x00,0x00,0x00,0x00,0x00,0x00,0x00,0x00,0x1A,0xD4,0x44,0x91,
  0x09,0x29,0x52,0x49,0x28,0xDB,0x55,0x6C,0x00,0x00,0x00,0x00,
  0x00,0x00,0x00,0x00,0x00,0x00,0x00,0x00,0x00,0x00,0x00,0x00,
  0x00,0x00,0x00,0x00,0x00,0x00,0x00,0x00,0x00,0x00,0x00,0x00,
  0x00,0x00,0x00,0x02,0x00,0x00,0x00,0x00,0x00,0x00,0x00,0x00,
  0x00,0x00,0x00,0x00,0x00,0x00,0x00,0x00,0x00,0x00,0x00,0x00,
  0x00,0x00,0x00,0x00,0x0A,0xA2,0x92,0x44,0xA4,0x94,0x8A,0xA5,
  0x52,0xAD,0x5A,0xB8,0x00,0x00,0x00,0x00,0x00,0x00,0x00,0x00,
  0x00,0x00,0x00,0x00,0x00,0x00,0x00,0x00,0x00,0x00,0x00,0x00,
  0x00,0x00,0x00,0x00,0x00,0x00,0x00,0x00,0x00,0x00,0x00,0x02,
  0x00,0x00,0x00,0x00,0x00,0x00,0x00,0x00,0x00,0x00,0x00,0x00,
  0x00,0x00,0x00,0x00,0x00,0x00,0x00,0x00,0x00,0x00,0x00,0x00,
  0x0A,0x11,0x24,0x12,0x12,0x42,0x52,0x54,0x8A,0xB5,0x6B,0xA0,
  0x00,0x00,0x00,0x00,0x00,0x00,0x00,0x00,0x00,0x00,0x00,0x00,
  0x00,0x00,0x00,0x00,0x00,0x17,0x4A,0xAA,0xAA,0xAA,0xAA,0xAA,
  0xAA,0xAA,0xAA,0xAA,0xAA,0xAA,0xAA,0xAF,0x6A,0xAA,0xAA,0xAA,
  0xAA,0xAA,0xAA,0xAA,0xAA,0xAA,0xAA,0xAA,0xAA,0xAA,0xAA,0xAA,
  0xAA,0xAA,0xAA,0xAA,0xAA,0xAA,0xAA,0x49,0x31,0x44,0x11,0x48,
  0xA4,0x95,0x29,0x22,0x53,0x55,0xAD,0x50,0x00,0x00,0x00,0x00,
  0x00,0x00,0x00,0x00,0x00,0x00,0x00,0x00,0x00,0x00,0x00,0x02,
  0xB6,0xD4,0xA0,0x00,0x00,0x00,0x00,0x10,0x00,0x40,0x00,0x00,
  0x00,0x00,0x04,0x10,0x00,0x04,0x00,0x00,0x10,0x00,0x04,0x00,
  0x00,0x40,0x10,0x40,0x00,0x04,0x01,0x00,0x00,0x00,0x00,0x00,
  0x00,0x00,0x11,0x56,0xDE,0xB5,0xA4,0x22,0x12,0x48,0x94,0x99,
  0x4A,0xD6,0xB5,0x70,0x00,0x00,0x00,0x00,0x00,0x00,0x00,0x00,
  0x00,0x00,0x00,0x00,0x00,0x00,0x02,0xB9,0x00,0x00,0x00,0x00,
  0x00,0x00,0x00,0x00,0x00,0x00,0x00,0x00,0x00,0x00,0x00,0x00,
  0x00,0x00,0x00,0x00,0x00,0x00,0x00,0x00,0x00,0x00,0x00,0x00,
  0x00,0x00,0x00,0x00,0x00,0x00,0x00,0x00,0x00,0x00,0x00,0x00,
  0x00,0x4A,0xAB,0xAA,0x80,0x95,0x45,0x45,0x2B,0x5A,0xD5,0xA0,
  0x00,0x00,0x00,0x00,0x00,0x00,0x00,0x00,0x00,0x00,0x00,0x00,
  0x00,0x00,0xB8,0x00,0x00,0x00,0x00,0x00,0x00,0x00,0x00,0x00,
  0x00,0x00,0x00,0x00,0x00,0x00,0x00,0x00,0x00,0x00,0x00,0x00,
  0x00,0x00,0x00,0x00,0x00,0x00,0x00,0x00,0x00,0x00,0x00,0x00,
  0x00,0x00,0x00,0x00,0x00,0x00,0x00,0x00,0x20,0x00,0x00,0x15,
  0x7D,0x42,0x29,0x2A,0x95,0xAA,0xAA,0xC0,0x00,0x00,0x00,0x00,
  0x00,0x00,0x00,0x00,0x00,0x00,0x00,0x00,0x00,0x0E,0x00,0x00,
  0x00,0x00,0x00,0x00,0x00,0x00,0x00,0x00,0x00,0x00,0x00,0x00,
  0x00,0x00,0x00,0x00,0x00,0x00,0x00,0x00,0x00,0x00,0x00,0x00,
  0x00,0x00,0x00,0x00,0x00,0x00,0x00,0x00,0x00,0x00,0x00,0x00,
  0x00,0x00,0x00,0x00,0x00,0x00,0x00,0x00,0x01,0x5D,0xD6,0xAA,
  0xD4,0xF7,0x6E,0xC0,0x00,0x00,0x00,0x00,0x00,0x00,0x00,0x00,
  0x00,0x00,0x00,0x00,0x00,0xE0,0x00,0x00,0x00,0x00,0x00,0x00,
  0x00,0x00,0x00,0x00,0x00,0x00,0x00,0x00,0x00,0x00,0x00,0x00,
  0x00,0x00,0x00,0x00,0x00,0x00,0x00,0x00,0x00,0x00,0x00,0x00,
  0x00,0x00,0x00,0x00,0x00,0x00,0x00,0x00,0x00,0x00,0x00,0x00,
  0x00,0x00,0x00,0x00,0x00,0x00,0x2A,0xD4,0x25,0x15,0x5B,0x40,
  0x00,0x00,0x00,0x00,0x00,0x00,0x00,0x00,0x00,0x00,0x00,0x00,
  0x0A,0x00,0x00,0x00,0x00,0x00,0x00,0x00,0x00,0x00,0x00,0x00,
  0x00,0x00,0x00,0x00,0x00,0x00,0x00,0x00,0x00,0x00,0x00,0x00,
  0x00,0x00,0x00,0x00,0x00,0x00,0x00,0x00,0x00,0x00,0x00,0x00,
  0x00,0x00,0x00,0x00,0x00,0x00,0x00,0x00,0x00,0x00,0x00,0x00,
  0x00,0x00,0x00,0x0A,0xA8,0x00,0x20,0x40,0x00,0x00,0x00,0x00,
  0x00,0x00,0x00,0x00,0x00,0x00,0x00,0x00,0x50,0x00,0x00,0x00,
  0x00,0x00,0x00,0x00,0x00,0x00,0x00,0x00,0x00,0x00,0x00,0x00,
  0x00,0x00,0x00,0x00,0x00,0x00,0x00,0x00,0x00,0x00,0x00,0x00,
  0x00,0x00,0x00,0x00,0x00,0x00,0x00,0x00,0x00,0x00,0x00,0x00,
  0x00,0x00,0x00,0x00,0x00,0x00,0x00,0x00,0x00,0x00,0x00,0x00,
  0x15,0xA9,0x0A,0x20,0x00,0x00,0x00,0x00,0x00,0x00,0x00,0x00,
  0x00,0x00,0x00,0x01,0x00,0x00,0x00,0x00,0x00,0x00,0x00,0x00,
  0x00,0x00,0x00,0x00,0x00,0x00,0x00,0x00,0x00,0x00,0x00,0x00,
  0x00,0x00,0x00,0x00,0x00,0x00,0x00,0x00,0x00,0x00,0x00,0x00,
  0x00,0x00,0x00,0x00,0x00,0x00,0x00,0x00,0x00,0x00,0x00,0x00,
  0x00,0x0A,0xB6,0xD4,0x80,0x00,0x00,0x00,0x00,0x2D,0x51,0x20,
  0x00,0x00,0x00,0x00,0x00,0x00,0x00,0x00,0x00,0x00,0x00,0x0C,
  0x00,0x00,0x00,0x00,0x00,0x00,0x00,0x00,0x00,0x00,0x40,0x00,
  0x00,0x00,0x00,0x02,0x00,0x08,0x20,0x00,0x00,0x00,0x00,0x00,
  0x00,0x01,0x10,0x00,0x84,0x00,0x00,0x00,0x00,0x40,0x00,0x00,
  0x00,0x40,0x00,0x04,0x44,0x40,0x80,0x00,0x05,0xE9,0x00,0x09,
  0x7E,0xA0,0x00,0x00,0x00,0x00,0xAC,0x80,0x00,0x00,0x00,0x00,
  0x00,0x00,0x00,0x00,0x00,0x00,0x00,0x20,0x00,0x00,0x00,0x00,
  0x00,0x00,0x00,0x00,0x42,0x00,0x00,0x80,0x00,0x00,0x01,0x08,
  0x00,0x00,0x00,0x00,0x00,0x00,0x00,0x00,0x40,0x04,0x00,0x82,
  0x00,0x20,0x10,0x00,0x22,0x00,0x02,0x02,0x42,0x02,0x44,0x40,
  0x00,0x08,0x08,0x08,0x3C,0x00,0x10,0x00,0x00,0x5F,0x40,0x00,
  0x00,0x00,0x02,0xB0,0x00,0x00,0x00,0x00,0x00,0x00,0x00,0x00,
  0x00,0x00,0x00,0x80,0x00,0x00,0x55,0x80,0x00,0x00,0x00,0x02,
  0x00,0x00,0x00,0x00,0x00,0x00,0x40,0x00,0x01,0x6B,0x00,0x00,
  0x00,0x00,0x44,0x84,0x00,0x10,0x00,0x00,0x10,0x00,0x80,0x44,
  0x80,0x09,0x10,0x20,0x0A,0xB0,0x00,0x00,0x01,0x00,0x01,0x21,
  0x6A,0x00,0x00,0x00,0x00,0x00,0x5A,0x08,0x80,0x02,0x00,0x28,
  0x00,0x00,0x00,0x00,0x00,0x00,0x00,0x00,0x00,0x00,0x02,0x00,
  0x00,0x00,0x4A,0x40,0x00,0x00,0x00,0x00,0x00,0x00,0x00,0x00,
  0x00,0x00,0x00,0x00,0x08,0x84,0xC0,0x08,0x44,0x84,0x00,0x00,
  0x00,0x40,0x02,0x10,0x00,0x02,0x01,0x00,0x00,0x20,0x00,0x00,
  0x08,0x0C,0x00,0x11,0x10,0x02,0x40,0x00,0x7B,0x00,0x00,0x00,
  0x00,0x00,0x03,0xC0,0x12,0x48,0x00,0x9F,0x00,0x00,0x00,0x00,
  0x00,0x00,0x00,0x00,0x00,0x00,0x08,0x00,0x00,0x00,0x80,0x20,
  0x00,0x00,0x00,0x08,0x04,0x08,0x00,0x00,0x00,0x80,0x04,0x20,
  0x00,0x00,0x01,0x21,0x00,0x10,0x00,0x00,0x02,0x00,0x10,0x00,
  0x01,0x20,0x04,0x00,0x04,0x80,0x01,0x08,0x08,0x04,0x22,0x40,
  0x00,0x20,0x08,0x00,0xF9,0x00,0x00,0x00,0x00,0x00,0x00,0xFC,
  0x40,0x11,0x54,0x4F,0xE0,0x00,0x00,0x00,0x00,0x00,0x00,0x00,
  0x00,0x00,0x10,0x00,0x00,0x00,0x00,0x40,0x00,0x00,0x00,0x00,
  0x10,0x40,0x04,0x00,0x84,0x08,0x00,0x80,0x40,0xC0,0x40,0x00,
  0x00,0x00,0x91,0x11,0x20,0x00,0x80,0x02,0x40,0x00,0x10,0x11,
  0x10,0x00,0x90,0x01,0x08,0x44,0x00,0x00,0x44,0x80,0x01,0x25,
  0xF8,0x80,0x00,0x00,0x00,0x00,0x00,0xB7,0x05,0x44,0x92,0x9A,
  0xF8,0x00,0x00,0x00,0x00,0x00,0x00,0x00,0x00,0x00,0x20,0x00,
  0x00,0x00,0x80,0x20,0x00,0x00,0x20,0x00,0x00,0x01,0x20,0x44,
  0x10,0x00,0x40,0x02,0x02,0x08,0x48,0x00,0x11,0x00,0x00,0x00,
  0x00,0x04,0x00,0x88,0x08,0x04,0x40,0x00,0x00,0x04,0x02,0x20,
  0x00,0x04,0x08,0x04,0x00,0x04,0x80,0x00,0xFC,0x80,0x12,0x49,
  0x08,0x00,0x00,0x97,0xF4,0x2A,0x49,0x4B,0x7C,0x00,0x00,0x00,
  0x00,0x00,0x00,0x00,0x00,0x00,0xCA,0xDC,0x00,0x00,0x40,0x40,
  0x00,0x02,0x01,0x00,0x80,0x04,0x00,0x00,0x00,0x40,0x04,0x00,
  0x08,0x80,0x21,0x04,0x00,0x12,0x04,0x04,0x04,0x80,0x12,0x00,
  0x01,0x10,0x00,0x84,0x40,0x20,0x00,0x04,0x48,0x00,0x81,0x10,
  0x80,0x10,0x24,0x11,0xFC,0x84,0x80,0x00,0x22,0xAA,0x42,0x51,
  0xFF,0x92,0xAA,0x5D,0xB4,0x00,0x00,0x00,0x00,0x00,0x00,0x00,
  0x00,0x00,0xFF,0xFE,0x00,0x00,0x80,0x00,0x01,0x20,0x00,0x20,
  0x02,0x40,0x02,0x00,0x02,0x00,0x10,0x10,0x40,0x40,0x40,0x00,
  0x84,0x40,0x20,0x20,0x10,0x00,0x40,0x00,0x00,0x00,0x04,0x00,
  0x04,0x80,0x90,0x80,0x08,0x84,0x00,0x00,0x11,0x00,0x00,0x85,
  0xFD,0x10,0x11,0x24,0x80,0x00,0x10,0xD5,0x7F,0xCA,0xA5,0x27,
  0x7C,0x00,0x00,0x00,0x00,0x00,0x00,0x00,0x00,0x01,0xFB,0xDF,
  0x00,0x00,0x04,0x40,0x10,0x08,0x04,0x44,0x14,0x10,0x48,0x10,
  0x90,0x04,0x80,0x42,0x00,0x84,0x40,0x42,0x21,0x00,0x88,0x84,
  0x42,0x12,0x88,0xA4,0x52,0x51,0x10,0x88,0x42,0x02,0x08,0x44,
  0x04,0x44,0x51,0x48,0x84,0x45,0x11,0x11,0xFC,0x82,0x44,0x00,
  0x2A,0x92,0x84,0x6D,0xEB,0x55,0x54,0xAF,0xEC,0x00,0x00,0x00,
  0x00,0x00,0x00,0x00,0x00,0x03,0xF7,0xDF,0x80,0x00,0x80,0x49,
  0x33,0x98,0xCC,0xCC,0xCC,0xE7,0x33,0x39,0x9D,0xCC,0xE6,0x73,
  0x24,0x41,0x24,0xE6,0x73,0x39,0x9C,0xCE,0x73,0x39,0x9C,0xCC,
  0xE7,0x33,0x99,0xCE,0xE6,0x3B,0x9D,0xCE,0xA8,0x04,0x33,0x9C,
  0xCE,0x73,0x33,0x5B,0xFD,0xA9,0x22,0xAA,0x80,0x48,0x52,0xDB,
  0xFF,0xD2,0xAB,0x5D,0xBC,0x00,0x00,0x00,0x00,0x00,0x00,0x00,
  0x00,0x07,0xEF,0xBF,0x00,0x00,0x81,0x20,0x39,0x9D,0xCE,0xEE,
  0xCE,0xE6,0x73,0xB3,0x98,0xCE,0xE6,0x63,0x80,0x85,0x40,0x67,
  0x33,0x99,0xCC,0xE6,0x67,0x33,0x99,0xCE,0x66,0x73,0x39,0xCC,
  0x67,0x71,0x98,0xC6,0x04,0x32,0x39,0x99,0xCE,0x67,0x3B,0xBA,
  0xFD,0x40,0x14,0x24,0x55,0x25,0x24,0x76,0xFD,0xD5,0x7D,0xAF,
  0xFC,0x00,0x00,0x00,0x00,0x00,0x00,0x00,0x00,0x1F,0x0F,0xFF,
  0x00,0x00,0x85,0x80,0x33,0x9C,0xCC,0xCC,0xCC,0x66,0x73,0x19,
  0x99,0xCC,0x66,0x73,0x08,0x81,0x40,0xE7,0x73,0x39,0x9C,0xCE,
  0x73,0x39,0x9C,0xCC,0xE7,0x33,0x99,0x8C,0xE7,0x33,0x9C,0xCE,
  0x09,0x14,0xB3,0x9C,0xCC,0x77,0x33,0x3B,0xFD,0x95,0x42,0x92,
  0x8A,0x92,0x92,0xDF,0xBF,0xD5,0x45,0x57,0xFC,0x00,0x00,0x00,
  0x00,0x00,0x00,0x00,0x00,0x20,0x00,0xAD,0x80,0x02,0x10,0x40,
  0x11,0x88,0xCC,0x44,0xCC,0x46,0x23,0x31,0x98,0x8C,0x86,0x23,
  0x02,0x54,0x44,0x4A,0x22,0x11,0x88,0xC4,0x42,0x21,0x08,0x8C,
  0x42,0x21,0x14,0x8C,0x44,0x31,0x08,0xA4,0xA4,0x44,0x31,0x08,
  0xC6,0x42,0x52,0x81,0x7E,0xD5,0x5A,0xAA,0x6A,0xAD,0x5A,0xFF,
  0xFF,0xD5,0xB5,0x6F,0xFC,0x00,0x00,0x00,0x00,0x00,0x00,0x00,
  0x00,0xC0,0x00,0x00,0x00,0x48,0x81,0x0A,0x00,0x00,0x00,0x00,
  0x00,0x00,0x00,0x00,0x00,0x20,0x10,0x00,0x20,0x81,0x40,0x00,
  0x00,0x40,0x02,0x01,0x08,0x80,0x40,0x20,0x08,0x00,0x00,0x40,
  0x01,0x00,0x20,0x00,0x09,0x14,0x84,0xA0,0x10,0x80,0x08,0x2A,
  0xFD,0xAA,0xAA,0xAA,0xAA,0xB5,0x6B,0x7E,0xFB,0xAA,0xAB,0x5F,
  0x78,0x00,0x00,0x00,0x00,0x00,0x00,0x00,0x02,0x00,0x00,0x00,
  0x09,0x00,0xA4,0x40,0xA4,0x22,0x25,0x25,0x22,0xA9,0x48,0x8A,
  0x05,0x02,0x41,0x54,0x8A,0x48,0x55,0x55,0x25,0x0A,0x50,0x28,
  0x42,0x2A,0x12,0x85,0x22,0xAA,0xA5,0x12,0xA8,0xA5,0x0A,0xAA,
  0xAA,0x45,0x20,0x0A,0x44,0x2A,0xA5,0x43,0x7F,0xAA,0xAA,0xAA,
  0xAA,0xD5,0xAA,0xFB,0xFF,0xD5,0x5D,0xBF,0xE8,0x00,0x00,0x00,
  0x00,0x00,0x00,0x00,0x04,0x00,0x00,0x00,0x20,0x24,0x80,0x48,
  0x01,0x08,0x80,0x40,0x08,0x00,0x02,0x20,0xA0,0xA8,0x94,0x02,
  0x20,0x92,0x40,0x00,0x40,0x40,0x0A,0x85,0x11,0x01,0x44,0x20,
  0x40,0x00,0x10,0x40,0x04,0x10,0xA0,0x00,0x08,0x24,0x15,0x51,
  0x12,0x90,0x92,0x29,0xFA,0xAA,0xAA,0xAA,0xAD,0x56,0xAA,0xFF,
  0xFF,0xAD,0xEA,0xDF,0x80,0x00,0x00,0x00,0x00,0x00,0x00,0x00,
  0x08,0x00,0x00,0x09,0x04,0x80,0x4A,0x42,0x94,0x42,0x2A,0x15,
  0x42,0x4A,0xA8,0x8A,0x14,0x02,0x01,0x50,0x8A,0x80,0x4A,0xAA,
  0x15,0x2A,0xA0,0x50,0x48,0xAA,0x11,0x15,0x15,0x55,0x45,0x15,
  0x52,0x8A,0x15,0x55,0x4A,0x95,0x42,0x08,0xA4,0x45,0x29,0x45,
  0x7F,0xB5,0x55,0x55,0xB5,0x5A,0xDF,0xFF,0xFD,0x5B,0x5F,0x7D,
  0x00,0x00,0x00,0x00,0x00,0x00,0x00,0x00,0x10,0x00,0x01,0x20,
  0x40,0x12,0x80,0x50,0x00,0x10,0x80,0x80,0x28,0x20,0x02,0x20,
  0x82,0xA8,0xA8,0x0A,0x20,0xAA,0x40,0x01,0x42,0x01,0x15,0x0A,
  0x92,0x10,0xA4,0xA0,0x88,0x00,0x20,0xA2,0x08,0x51,0x40,0x88,
  0x89,0x24,0x29,0x52,0x49,0x28,0x84,0x95,0xFB,0xAE,0xFB,0x6E,
  0xDB,0xEF,0x6A,0xFF,0xED,0xB6,0xEA,0xD0,0x00,0x00,0x00,0x00,
  0x00,0x00,0x00,0x00,0x20,0x00,0x10,0x02,0x09,0x00,0x52,0x44,
  0xAA,0x8A,0x2A,0x55,0x02,0x8A,0xA8,0x8A,0x54,0x04,0x05,0x51,
  0x4A,0x41,0x55,0x54,0x28,0xAA,0x40,0xA0,0x45,0x4A,0x12,0x15,
  0x22,0xAA,0x95,0x14,0xA5,0x24,0xAA,0x52,0x54,0x95,0x4A,0x4A,
  0x92,0x95,0x52,0x52,0xBE,0xDB,0x56,0xDB,0x6D,0x5A,0xDD,0xFE,
  0xFB,0x6F,0x7F,0xE0,0x00,0x00,0x00,0x00,0x00,0x00,0x00,0x00,
  0x40,0x12,0x42,0x08,0x20,0x54,0x84,0x51,0x00,0x40,0x80,0x00,
  0xA8,0x40,0x05,0x21,0x09,0x52,0xA8,0x84,0x21,0x14,0x49,0x22,
  0x92,0x48,0x95,0x15,0x28,0x44,0xA4,0xA2,0x54,0x49,0x48,0xA2,
  0x52,0x92,0x15,0x29,0x2A,0x45,0x24,0xA4,0x48,0xA2,0x29,0x2A,
  0xF7,0xF6,0xDB,0x7D,0xDF,0xBF,0xB7,0xEB,0xAE,0xDB,0xAD,0x00,
  0x00,0x00,0x00,0x00,0x00,0x00,0x00,0x00,0x00,0x00,0x00,0x41,
  0x0A,0x02,0xA1,0x44,0x55,0x2A,0x2A,0xAA,0x12,0x95,0x50,0x94,
  0xA2,0x24,0x92,0x52,0x94,0xC2,0xD2,0x49,0x49,0x25,0x24,0xA4,
  0x85,0x29,0x49,0x14,0x89,0x24,0x25,0x15,0x08,0x4A,0xC8,0x85,
  0x4A,0xAC,0xA9,0x12,0xA5,0x15,0x4A,0xAB,0xDD,0x5D,0xFF,0xEB,
  0x75,0xEA,0xFF,0xBE,0xFB,0xBD,0xF8,0x00,0x00,0x00,0x00,0x00,
  0x00,0x00,0x00,0x00,0x80,0x40,0x92,0x24,0x41,0x50,0xFF,0xE9,
  0x00,0x81,0x41,0x11,0x49,0x24,0x95,0x22,0x29,0x49,0x24,0x89,
  0x22,0xFF,0xC8,0x94,0x24,0x90,0x92,0x49,0x52,0x92,0x24,0xA2,
  0x52,0x92,0x92,0xA2,0xAB,0x29,0x25,0x54,0x9F,0xFE,0x94,0xAA,
  0x2A,0xAA,0xF7,0xDC,0x20,0x00,0x02,0xBF,0xDE,0xBF,0xFA,0xED,
  0xAE,0xEF,0x40,0x00,0x00,0x00,0x00,0x00,0x00,0x00,0x00,0x00,
  0x84,0x14,0x04,0x81,0x28,0x0A,0xAA,0x44,0xAA,0x54,0x14,0xA4,
  0xA4,0x49,0x22,0x49,0x44,0x24,0x92,0x52,0x49,0x28,0x52,0x42,
  0x92,0x4A,0x49,0x2A,0xAA,0x55,0xAA,0xAD,0x55,0x4A,0xA8,0x54,
  0x50,0xA4,0x94,0xAA,0x48,0x01,0x42,0xAB,0xDD,0xDA,0x80,0x02,
  0xAB,0xEE,0xB5,0xDD,0xF7,0xFF,0x57,0xBB,0xF7,0xBA,0x00,0x00,
  0x00,0x00,0x00,0x00,0x00,0x00,0x00,0x00,0x51,0x01,0x50,0x28,
  0x05,0x50,0x00,0x91,0x09,0x0A,0xA2,0x12,0x12,0x92,0x49,0x14,
  0x92,0x92,0x49,0x09,0x24,0x85,0x09,0x29,0x49,0x25,0x25,0x44,
  0x12,0xAA,0x55,0x52,0xAA,0xB5,0x57,0x4A,0x8A,0x92,0x52,0x41,
  0x25,0x6D,0x7F,0xDA,0x40,0x00,0x5F,0xFF,0xFD,0x7B,0xFF,0xFF,
  0x7F,0xB5,0xFE,0xEE,0xBA,0xF4,0x00,0x00,0x00,0x00,0x00,0x00,
  0x00,0x00,0x00,0x00,0x40,0x52,0x02,0x85,0x50,0x05,0x55,0x24,
  0x52,0x50,0x94,0xA4,0xA4,0x49,0x24,0xA2,0x49,0x49,0x24,0xA4,
  0x92,0x52,0x54,0x94,0x24,0x90,0x94,0x2A,0xD4,0x80,0x00,0x00,
  0x00,0x04,0x90,0xAA,0xB5,0x4A,0x89,0x2D,0xBB,0xB6,0x90,0x00,
  0x0B,0x7F,0xFB,0xFF,0xBF,0xFF,0xBF,0x6D,0xD5,0x6E,0xAB,0xBB,
  0xDF,0x80,0x00,0x00,0x00,0x00,0x00,0x00,0x00,0x00,0x00,0x00,
  0x2A,0x88,0x90,0x10,0x0A,0xA8,0x88,0x49,0x08,0x8A,0x42,0x49,
  0x12,0x92,0x49,0x14,0xA4,0x24,0x92,0x52,0x49,0x29,0x42,0x42,
  0x92,0x4A,0xA3,0xD4,0x00,0x02,0x00,0x04,0x09,0x20,0x04,0x00,
  0x44,0xB5,0x77,0xF6,0xAA,0x40,0x05,0x57,0xFF,0xFB,0xDF,0x6D,
  0xF7,0x55,0x6A,0xF7,0x7F,0xDB,0xFD,0xEE,0xFA,0x00,0x00,0x00,
  0x00,0x00,0x00,0x00,0x00,0x00,0x00,0x00,0x35,0x56,0xAA,0xA5,
  0x40,0x45,0x22,0x92,0x52,0x51,0x29,0x24,0xA9,0x24,0x94,0xA2,
  0x12,0xAA,0x49,0x29,0x25,0x44,0x99,0x2A,0x49,0x25,0x3A,0x00,
  0x00,0x10,0x49,0x20,0x80,0x00,0x21,0x2A,0xB7,0x6E,0xD8,0x00,
  0x00,0x0A,0xFF,0xFD,0xFB,0xAF,0x7B,0xFE,0x91,0xDF,0xFF,0xBB,
  0xD5,0x7E,0xAE,0xBB,0xD0,0x00,0x00,0x00,0x00,0x00,0x00,0x00,
  0x00,0x00,0x00,0x00,0x0A,0x29,0x55,0x55,0x5B,0x28,0x94,0x49,
  0x25,0x0A,0x4A,0x92,0x84,0x92,0x42,0x49,0x55,0x45,0x25,0x45,
  0x54,0x95,0x24,0xA9,0x55,0x54,0xC4,0x21,0x24,0x40,0x00,0x00,
  0x02,0x55,0x9D,0xDB,0x59,0x50,0x01,0x02,0x57,0xFF,0xF6,0xDF,
  0x5E,0xFD,0xEE,0xA2,0xAE,0xB5,0x55,0x5D,0x7E,0xD5,0xF7,0xEF,
  0x00,0x00,0x00,0x00,0x00,0x00,0x00,0x00,0x00,0x00,0x00,0x00,
  0x0D,0xD5,0x4A,0xAA,0xAA,0xD6,0xAB,0x55,0x54,0xEA,0xAA,0xAA,
  0xBA,0xDB,0x7B,0x56,0xAA,0xB5,0x5A,0xB5,0x55,0x6A,0xAB,0x55,
  0x55,0x55,0x28,0x84,0x11,0x15,0x55,0x6F,0xFF,0xFF,0x76,0x44,
  0x00,0x00,0x24,0xBF,0xFE,0xF7,0x5F,0xF5,0xF7,0xF7,0xBA,0xAD,
  0x6A,0xDB,0xB7,0xEB,0xAB,0xBF,0x5A,0xB8,0x00,0x00,0x00,0x00,
  0x00,0x00,0x00,0x00,0x00,0x00,0x00,0x00,0x03,0x6A,0xAA,0xAA,
  0xAA,0xAA,0xAA,0xAA,0xAB,0x2A,0xAA,0xAD,0x55,0x55,0x4A,0xB5,
  0x55,0x55,0xAA,0xAA,0xAA,0xAA,0xD5,0x56,0xAA,0xDA,0xA0,0x2B,
  0xEF,0xFF,0xFF,0xFA,0xA9,0x24,0x80,0x00,0x25,0x2B,0xFF,0xFB,
  0x6F,0xBD,0xFA,0xBF,0xDF,0x5D,0x55,0xB6,0xAB,0x6D,0x6D,0x5D,
  0x76,0xEA,0xFF,0xC0,0x00,0x00,0x00,0x00,0x00,0x00,0x00,0x00,
  0x00,0x00,0x00,0x00,0x00,0xD5,0x55,0x55,0x55,0x55,0x55,0x55,
  0x5D,0x55,0x55,0x55,0x55,0x55,0x55,0x55,0xB5,0x56,0xB5,0xAD,
  0xB5,0xAB,0x5A,0xAA,0xDB,0x55,0x4B,0xDA,0xB5,0x52,0x42,0x0A,
  0x92,0x01,0x09,0x25,0xAF,0xFF,0xDF,0xDF,0xFB,0xEF,0xEF,0xFF,
  0x7A,0xAA,0xAA,0xAA,0xDA,0xB7,0xBB,0x6F,0xBB,0x77,0xDA,0x00,
  0x00,0x00,0x00,0x00,0x00,0x00,0x00,0x00,0x00,0x00,0x00,0x00,
  0x00,0x76,0xAA,0xAA,0xAA,0xAA,0xB6,0xB5,0x7A,0xAA,0xB6,0xB5,
  0xAB,0x55,0x6A,0xAA,0xAB,0x6A,0xD6,0xB5,0x56,0xB5,0x55,0xB5,
  0x55,0x52,0x94,0x4A,0x95,0x2A,0x94,0x80,0x01,0x57,0x6A,0xDE,
  0xFD,0xDE,0xFA,0xF6,0xAE,0xFE,0xFF,0xD5,0xD5,0x6A,0xD6,0xDB,
  0x6B,0x6D,0x6D,0xDA,0xD7,0xBD,0xE0,0x00,0x00,0x00,0x00,0x00,
  0x00,0x00,0x00,0x00,0x00,0x00,0x00,0x00,0x00,0x1A,0xAA,0xD5,
  0x56,0xD5,0xAA,0xD6,0x8A,0xB5,0xAA,0xD6,0xB5,0x6D,0xAD,0xB6,
  0xAD,0x55,0x5A,0xAA,0xAA,0xAD,0x6A,0xD6,0xAD,0x55,0x6A,0xA9,
  0x40,0x80,0x00,0x25,0x6F,0xBF,0xDF,0xFF,0xFF,0x77,0xEF,0xBF,
  0xFF,0xBB,0xAA,0xFF,0x6A,0xAB,0x5B,0x55,0x55,0xB6,0xDB,0x77,
  0x7D,0xDF,0x00,0x00,0x00,0x00,0x00,0x00,0x00,0x00,0x00,0x00,
  0x00,0x00,0x00,0x00,0x00,0x07,0x77,0x56,0xB5,0x5A,0xAA,0xAA,
  0xEB,0x56,0xAB,0x5A,0xD6,0xB5,0x56,0xAA,0xD5,0x5B,0x55,0xAD,
  0xDB,0x55,0xAD,0x5A,0xD5,0x54,0x80,0x00,0x02,0x00,0xAA,0xBA,
  0xDD,0xED,0xFB,0x77,0x6B,0xFE,0xBE,0xFB,0xFB,0xFE,0xFF,0xB5,
  0x95,0x55,0x6A,0xB6,0xDE,0xBB,0xB7,0xBB,0xAE,0xF0,0x00,0x00,
  0x00,0x00,0x00,0x00,0x00,0x00,0x00,0x00,0x00,0x00,0x00,0x00,
  0x00,0x01,0xDB,0x6A,0xD5,0x6B,0x6D,0x55,0x35,0x5A,0xB5,0x55,
  0x5A,0xD6,0xB5,0x6D,0x5B,0x6D,0x6A,0xD6,0x6D,0xB6,0xB6,0xAB,
  0x6A,0xAA,0x80,0x22,0x29,0x7F,0x6F,0xDF,0xFF,0xBF,0xEF,0xDD,
  0xFF,0x6F,0xFB,0xEE,0xBE,0xDB,0x2D,0xDE,0x9B,0x6D,0xAD,0xDB,
  0x6A,0xD6,0xFD,0x6D,0xFB,0x8C,0x00,0x00,0x00,0x00,0x00,0x00,
  0x00,0x00,0x00,0x00,0x00,0x00,0x00,0x00,0x00,0x00,0x3D,0xBB,
  0x5B,0x55,0x55,0xB6,0xD6,0xD5,0x5A,0xD6,0xAB,0x5A,0xD6,0xB5,
  0xAA,0xB5,0xAE,0xB5,0xAA,0xDA,0xD5,0xD5,0x55,0x55,0xD7,0xDB,
  0xDF,0xAB,0xFD,0xFB,0xF6,0xFB,0x7E,0xFF,0xBB,0xFF,0xEF,0xFF,
  0xEF,0xE9,0xEB,0x75,0x4D,0xAA,0xB6,0xAD,0xB7,0x7D,0xAB,0xDE,
  0xEC,0x00,0x00,0x00,0x00,0x00,0x00,0x00,0x00,0x00,0x00,0x00,
  0x00,0x00,0x00,0x00,0x00,0x00,0x07,0x56,0xED,0xB6,0xDA,0xDB,
  0x5A,0xAB,0xAD,0x6B,0x75,0xAB,0x6B,0x56,0xDB,0x56,0xB5,0xAD,
  0x6D,0x6B,0x5A,0xBB,0xAA,0xAA,0x75,0xED,0x76,0xFF,0x77,0xDF,
  0x5F,0xEF,0xEF,0xED,0xEF,0xF6,0xBF,0x76,0xFA,0xBC,0xBA,0xFE,
  0xF5,0x5F,0x6B,0x76,0xDB,0xD7,0x7E,0xF7,0x80,0x00,0x00,0x00,
  0x00,0x00,0x00,0x00,0x00,0x00,0x00,0x00,0x00,0x00,0x00,0x00,
  0x00,0x00,0x01,0xFB,0xB6,0xDB,0x6F,0x6A,0xEB,0x7D,0x77,0xBD,
  0xAE,0xF6,0xBD,0xED,0x6D,0xED,0xDB,0x77,0xB7,0xB6,0xEF,0x6D,
  0x55,0x55,0xBF,0x7F,0xFF,0xFF,0xDF,0x7D,0xFF,0xBE,0xFB,0x7F,
  0xFD,0x5F,0xFB,0xBB,0x6F,0xD6,0x2F,0x57,0xAF,0xEA,0xFD,0xDB,
  0x7D,0x7B,0xD7,0x78,0x00,0x00,0x00,0x00,0x00,0x00,0x00,0x00,
  0x00,0x00,0x00,0x00,0x00,0x00,0x00,0x00,0x00,0x00,0x00,0x2E,
  0xDD,0xB6,0xDA,0xB7,0x5D,0xAB,0xAD,0x6B,0x75,0xAD,0xD6,0xB7,
  0xB6,0xB6,0xB6,0xDA,0xDA,0xDD,0xB5,0xB6,0xAA,0xAA,0xAD,0xFF,
  0xFB,0xB5,0xFD,0xF7,0xF5,0xFB,0xDF,0xF7,0xB7,0xF7,0xBE,0xC9,
  0x5A,0xFA,0xDB,0xDA,0xDA,0xBD,0xAE,0xEF,0xD7,0xAD,0x7D,0x80,
  0x00,0x00,0x00,0x00,0x00,0x00,0x00,0x00,0x00,0x00,0x00,0x00,
  0x00,0x00,0x00,0x00,0x00,0x00,0x00,0x03,0xF7,0xDD,0xB7,0xDA,
  0xEB,0x76,0xF6,0xDD,0xDE,0xDB,0x6B,0xAD,0x7B,0xBB,0xDD,0xB7,
  0x6F,0x6B,0xDE,0xDA,0xAA,0xAA,0xAF,0xF6,0xDF,0xFF,0xBF,0xDF,
  0x7F,0xDF,0x7F,0xBE,0xFF,0xFD,0xEB,0xAD,0x55,0xAF,0x6D,0x6F,
  0x77,0x6B,0xDB,0x5A,0xBA,0xFF,0xE8,0x00,0x00,0x00,0x00,0x00,
  0x00,0x00,0x00,0x00,0x00,0x00,0x00,0x00,0x00,0x00,0x00,0x00,
  0x00,0x00,0x00,0x00,0x3D,0x77,0xED,0x6F,0x5D,0xDB,0x5B,0xB6,
  0xB5,0xB6,0xDF,0x76,0xDD,0x6D,0x6B,0x6D,0xBA,0xDE,0xB5,0xF5,
  0x55,0x55,0x52,0xDF,0xFD,0xBE,0xF7,0x7D,0xDE,0xFD,0xF5,0xFF,
  0xFD,0xBB,0xBE,0xD6,0xAA,0xB5,0xB7,0xBA,0xDD,0xBE,0xB7,0xFF,
  0xEF,0xB5,0x00,0x00,0x00,0x00,0x00,0x00,0x00,0x00,0x00,0x00,
  0x00,0x00,0x00,0x00,0x00,0x00,0x00,0x00,0x00,0x00,0x00,0x00,
  0x03,0xDA,0xBB,0xBB,0xEE,0xB7,0xEE,0xED,0xDE,0xEF,0x75,0xBB,
  0xB7,0xB7,0xBE,0xFB,0xDF,0xB5,0xFF,0x5A,0xAA,0xAA,0xAB,0x7B,
  0xEF,0xEB,0xFD,0xF7,0xF7,0xB7,0xDF,0xDB,0x6F,0xEA,0xDB,0xED,
  0xB7,0x5A,0xED,0x6F,0x76,0xEB,0xFD,0x55,0x5D,0xD0,0x00,0x00,
  0x00,0x00,0x00,0x00,0x00,0x00,0x00,0x00,0x00,0x00,0x00,0x00,
  0x00,0x00,0x00,0x00,0x00,0x00,0x00,0x00,0x00,0x2F,0xDD,0xDD,
  0x5B,0xDD,0x5B,0x5F,0x75,0xBA,0xDE,0xD6,0xED,0x7A,0xEB,0xAE,
  0xB5,0x7F,0x55,0xEB,0x6D,0xAD,0x55,0x56,0xBE,0xFF,0xDF,0xFF,
  0x7D,0xFF,0xFF,0x7F,0xFF,0xAA,0x56,0xB5,0x5A,0xEF,0xBE,0xF5,
  0xDB,0xBD,0x57,0xFF,0xF4,0x00,0x00,0x00,0x00,0x00,0x00,0x00,
  0x00,0x00,0x00,0x00,0x00,0x00,0x00,0x00,0x00,0x00,0x00,0x00,
  0x00,0x00,0x00,0x00,0x00,0x00,0xB7,0x6B,0xF6,0xEE,0xF6,0xF5,
  0xAF,0x6F,0xB5,0xFD,0xBB,0xD7,0xBD,0xF7,0xEF,0xD5,0xFE,0xAD,
  0xB6,0xB5,0xBA,0xDD,0xD7,0xBE,0xFB,0xBD,0xEF,0xEE,0xDB,0xF6,
  0xED,0x55,0xAA,0xAB,0xAD,0xBA,0xEB,0xAF,0x7D,0xD7,0xFA,0xAA,
  0x00,0x00,0x00,0x00,0x00,0x00,0x00,0x00,0x00,0x00,0x00,0x00,
  0x00,0x00,0x00,0x00,0x00,0x00,0x00,0x00,0x00,0x00,0x00,0x00,
  0x00,0x00,0x05,0xBF,0x5D,0xB5,0xAD,0xAE,0xFA,0xF5,0x6F,0x56,
  0xDD,0x7D,0x6B,0x5A,0xBA,0xBE,0xAB,0xD6,0xDA,0xDB,0x6D,0x6E,
  0xFA,0xEB,0xAE,0xEF,0xBB,0x7B,0x7E,0xDF,0xBB,0xED,0x77,0x6D,
  0x77,0xEF,0xBE,0xFB,0xD6,0xFD,0xAF,0x40,0x00,0x00,0x00,0x00,
  0x00,0x00,0x00,0x00,0x00,0x00,0x00,0x00,0x00,0x00,0x00,0x00,
  0x00,0x00,0x00,0x00,0x00,0x00,0x00,0x00,0x00,0x00,0x00,0x00,
  0xB7,0xFF,0xFF,0xFB,0xDF,0xDF,0xFD,0xFF,0xF7,0xDF,0xFF,0xFF,
  0xEF,0xF7,0xFE,0xFF,0x6F,0x6D,0xB7,0xB5,0xAF,0x7D,0xFB,0xB5,
  0xEE,0xDF,0xD7,0x75,0xEE,0xF6,0xDA,0xDF,0xDE,0xBA,0xEB,0xBE,
  0xFF,0xAA,0x90,0x00,0x00,0x00,0x00,0x00,0x00,0x00,0x00,0x00,
  0x00,0x00,0x00,0x00,0x00,0x00,0x00,0x00,0x00,0x00,0x00,0x00,
  0x00,0x00,0x00,0x00,0x00,0x00,0x00,0x00,0x00,0x00,0x00,0x04,
  0x00,0x00,0x00,0x00,0x08,0x28,0x00,0x00,0x10,0x08,0x49,0x13,
  0xFB,0xBE,0xDA,0xDB,0x75,0xAB,0x5E,0xFE,0xBB,0xEA,0xFB,0xDE,
  0xBB,0xBB,0xB7,0x75,0xFB,0xEF,0xBF,0x55,0x00,0x00,0x00,0x00,
  0x00,0x00,0x00,0x00,0x00,0x00,0x00,0x00,0x00,0x00,0x00,0x00,
  0x00,0x00,0x00,0x00,0x00,0x00,0x00,0x00,0x00,0x00,0x00,0x00,
  0x00,0x00,0x00,0x00,0x00,0x00,0x00,0x00,0x00,0x00,0x00,0x00,
  0x00,0x08,0x00,0x00,0x00,0x00,0x00,0x00,0x0D,0xF7,0xEF,0x77,
  0xBE,0xFE,0xEB,0xAB,0xEE,0xBF,0x5D,0x77,0xEE,0xDD,0xDD,0xFF,
  0x6F,0x7D,0xE8,0x00,0x00,0x00,0x00,0x00,0x00,0x00,0x00,0x00,
  0x00,0x00,0x00,0x00,0x00,0x00,0x00,0x00,0x00,0x00,0x00,0x00,
  0x00,0x00,0x00,0x00,0x00,0x00,0x00,0x00,0x00,0x00,0x00,0x00,
  0x00,0x00,0x00,0x00,0x00,0x00,0x00,0x00,0x00,0x00,0x00,0x00,
  0x00,0x00,0x00,0x00,0x00,0x15,0x7D,0xDD,0xD7,0xAB,0xBE,0xFE,
  0xBB,0xEB,0xF7,0xDD,0x7B,0xEE,0xF7,0xAD,0xFD,0xEB,0x00,0x00,
  0x00,0x00,0x00,0x00,0x00,0x00,0x00,0x00,0x00,0x00,0x00,0x00,
  0x00,0x00,0x00,0x00,0x00,0x00,0x00,0x00,0x00,0x00,0x00,0x00,
  0x00,0x00,0x00,0x00,0x00,0x00,0x00,0x00,0x00,0x00,0x00,0x00,
  0x00,0x00,0x00,0x00,0x00,0x00,0x00,0x00,0x00,0x00,0x00,0x00,
  0x00,0x00,0x05,0x7F,0x7D,0xFE,0xEB,0xAB,0xEF,0x7E,0xBD,0xF7,
  0xDF,0x7B,0xDF,0xFF,0xAA,0x81,0x00,0x00,0x00,0x00,0x00,0x00,
  0x00,0x00,0x00,0x00,0x00,0x00,0x00,0x00,0x00,0x00,0x00,0x00,
  0x00,0x00,0x00,0x00,0x00,0x00,0x00,0x00,0x00,0x00,0x00,0x00,
  0x00,0x00,0x00,0x00,0x00,0x00,0x00,0x00,0x00,0x00,0x00,0x00,
  0x00,0x00,0x00,0x00,0x00,0x00,0x00,0x00,0x00,0x00,0x00,0x00,
  0xA6,0xAF,0xFF,0xFF,0xBF,0xDF,0xF7,0xBF,0x7B,0xDF,0x7A,0x20,
  0x00,0x00,0x80,0x00,0x00,0x00,0x00,0x00,0x00,0x00,0x00,0x00,
  0x00,0x00,0x00,0x00,0x00,0x00,0x00,0x00,0x00,0x00,0x00,0x00,
  0x00,0x00,0x00,0x00,0x00,0x00,0x00,0x00,0x00,0x00,0x00,0x00,
  0x00,0x00,0x00,0x00,0x00,0x00,0x00,0x00,0x00,0x00,0x00,0x00,
  0x00,0x00,0x00,0x00,0x00,0x00,0x00,0x00,0x00,0x00,0x00,0x00,
  0x00,0x00,0x00,0x00,0x00,0x00,0x08,0x00,0x00,0x00,0x00,0x00,
  0x00,0x00,0x00,0x00,0x00,0x00,0x00,0x00,0x00,0x00,0x00,0x00,
  0x00,0x00,0x00,0x00,0x00,0x00,0x00,0x00,0x00,0x00,0x00,0x00,
  0x00,0x00,0x00,0x00,0x00,0x00,0x00,0x00,0x00,0x00,0x00,0x00,
  0x00,0x00,0x00,0x00,0x00,0x00,0x00,0x00,0x00,0x00,0x00,0x00,
  0x00,0x00,0x00,0x00,0x00,0x00,0x00,0x00,0x00,0x00,0x00,0x00,
  0x00,0x00,0x04,0x00,0x00,0x00,0x00,0x00,0x00,0x00,0x00,0x00,
  0x00,0x00,0x00,0x00,0x00,0x00,0x00,0x00,0x00,0x00,0x00,0x00,
  0x00,0x00,0x00,0x00,0x00,0x00,0x00,0x00,
};

// Jumbo.png  (540x153)
static const uint8_t art_jumbo[] PROGMEM = {
  0x00,0x00,0x00,0x00,0x00,0x00,0x00,0x00,0x00,0x00,0x00,0x00,
  0x00,0x00,0x00,0x00,0x00,0x00,0x00,0x00,0x00,0x00,0x00,0x00,
  0x00,0x00,0x00,0x00,0x00,0x00,0x00,0x00,0x00,0x00,0x00,0x00,
  0x00,0x00,0x00,0x00,0x00,0x00,0x00,0x00,0x00,0x00,0x00,0x00,
  0x00,0x00,0x00,0x00,0x00,0x00,0x00,0x00,0x00,0x00,0x00,0x00,
  0x00,0x00,0x00,0x55,0x55,0x49,0x00,0x00,0x00,0x00,0x00,0x00,
  0x00,0x00,0x00,0x00,0x00,0x00,0x00,0x00,0x00,0x00,0x00,0x00,
  0x00,0x00,0x00,0x00,0x00,0x00,0x00,0x00,0x00,0x00,0x00,0x00,
  0x00,0x00,0x00,0x00,0x00,0x00,0x00,0x00,0x00,0x00,0x00,0x00,
  0x00,0x00,0x00,0x00,0x00,0x00,0x00,0x00,0x00,0x00,0x00,0x00,
  0x00,0x00,0x00,0x00,0x00,0x00,0x00,0x00,0x00,0x00,0x07,0x52,
  0x24,0xAA,0xFE,0x00,0x00,0x00,0x00,0x00,0x00,0x00,0x00,0x00,
  0x00,0x00,0x00,0x00,0x00,0x00,0x00,0x00,0x00,0x00,0x00,0x00,
  0x00,0x00,0x00,0x00,0x00,0x00,0x00,0x00,0x00,0x00,0x00,0x00,
  0x00,0x00,0x00,0x00,0x00,0x00,0x00,0x00,0x00,0x00,0x00,0x00,
  0x00,0x00,0x00,0x00,0x00,0x00,0x00,0x00,0x00,0x00,0x00,0x00,
  0x00,0x00,0x00,0x00,0x00,0x00,0x18,0x00,0x00,0x01,0x05,0x00,
  0x00,0x00,0x00,0x00,0x00,0x00,0x00,0x00,0x00,0x00,0x00,0x00,
  0x00,0x00,0x00,0x00,0x00,0x00,0x00,0x00,0x00,0x00,0x00,0x00,
  0x00,0x00,0x00,0x00,0x00,0x00,0x00,0x00,0x00,0x00,0x00,0x00,
  0x00,0x00,0x00,0x00,0x00,0x00,0x00,0x00,0x00,0x00,0x00,0x00,
  0x00,0x00,0x00,0x00,0x00,0x00,0x00,0x00,0x00,0x00,0x00,0x00,
  0x00,0x00,0x20,0x01,0x25,0x5D,0x54,0x00,0x00,0x00,0x00,0x00,
  0x00,0x00,0x00,0x00,0x00,0x00,0x00,0x00,0x00,0x00,0x00,0x00,
  0x00,0x00,0x00,0x00,0x00,0x00,0x00,0x00,0x00,0x00,0x00,0x00,
  0x00,0x00,0x00,0x00,0x00,0x00,0x00,0x00,0x00,0x00,0x00,0x00,
  0x00,0x00,0x00,0x00,0x00,0x00,0x00,0x00,0x00,0x00,0x00,0x00,
  0x00,0x00,0x00,0x00,0x00,0x00,0x00,0x00,0x00,0x00,0x42,0x54,
  0xB5,0xAA,0xDE,0x00,0x00,0x00,0x00,0x00,0x00,0x00,0x00,0x00,
  0x00,0x00,0x00,0x00,0x00,0x00,0x00,0x00,0x00,0x00,0x00,0x00,
  0x00,0x00,0x00,0x00,0x00,0x00,0x00,0x00,0x00,0x00,0x00,0x00,
  0x00,0x00,0x00,0x00,0x00,0x00,0x00,0x00,0x00,0x00,0x00,0x00,
  0x00,0x00,0x00,0x00,0x00,0x00,0x00,0x00,0x00,0x00,0x00,0x00,
  0x00,0x00,0x00,0x00,0x00,0x01,0x84,0x02,0xA4,0x55,0x54,0x00,
  0x00,0x00,0x00,0x00,0x00,0x00,0x00,0x00,0x00,0x00,0x00,0x00,
  0x00,0x00,0x00,0x00,0x00,0x00,0x00,0x00,0x00,0x00,0x00,0x00,
  0x00,0x00,0x00,0x00,0x00,0x00,0x00,0x00,0x00,0x00,0x00,0x00,
  0x00,0x00,0x00,0x00,0x00,0x00,0x00,0x00,0x00,0x00,0x00,0x00,
  0x00,0x00,0x00,0x00,0x00,0x00,0x00,0x00,0x00,0x00,0x00,0x00,
  0x00,0x01,0x08,0xA9,0x52,0xAA,0xA8,0x00,0x00,0x00,0x00,0x00,
  0x00,0x00,0x00,0x00,0x00,0x00,0x00,0x00,0x00,0x00,0x00,0x00,
  0x00,0x00,0x00,0x00,0x00,0x00,0x00,0x00,0x00,0x00,0x00,0x00,
  0x00,0x00,0x00,0x00,0x00,0x00,0x00,0x00,0x00,0x00,0x00,0x00,
  0x00,0x00,0x00,0x00,0x00,0x00,0x00,0x00,0x00,0x00,0x00,0x00,
  0x00,0x00,0x00,0x00,0x00,0x00,0x00,0x00,0x00,0x04,0x11,0x04,
  0x4A,0x4A,0xB0,0x00,0x00,0x00,0x00,0x00,0x00,0x00,0x00,0x00,
  0x00,0x00,0x00,0x00,0x00,0x00,0x00,0x00,0x00,0x00,0x00,0x00,
  0x00,0x00,0x00,0x00,0x00,0x00,0x00,0x00,0x00,0x00,0x00,0x00,
  0x00,0x00,0x00,0x00,0x00,0x00,0x00,0x00,0x00,0x00,0x00,0x00,
  0x00,0x00,0x00,0x00,0x00,0x00,0x00,0x00,0x00,0x00,0x00,0x00,
  0x00,0x00,0x00,0x00,0x00,0x08,0x44,0x2A,0xAA,0xAA,0xB0,0x00,
  0x00,0x00,0x00,0x00,0x00,0x00,0x00,0x00,0x00,0x00,0x00,0x00,
  0x00,0x00,0x00,0x00,0x00,0x00,0x00,0x00,0x00,0x00,0x00,0x00,
  0x00,0x00,0x00,0x00,0x00,0x00,0x00,0x00,0x00,0x00,0x00,0x00,
  0x00,0x00,0x00,0x00,0x00,0x00,0x00,0x00,0x00,0x00,0x00,0x00,
  0x00,0x00,0x00,0x00,0x00,0x00,0x00,0x00,0x00,0x00,0x00,0x00,
  0x00,0x10,0x00,0x81,0x2B,0x76,0xC0,0x00,0x00,0x00,0x00,0x00,
  0x00,0x00,0x00,0x00,0x00,0x00,0x00,0x00,0x00,0x00,0x00,0x00,
  0x00,0x00,0x00,0x00,0x00,0x00,0x00,0x00,0x00,0x00,0x00,0x00,
  0x00,0x00,0x00,0x00,0x00,0x00,0x00,0x00,0x00,0x00,0x00,0x00,
  0x00,0x00,0x00,0x00,0x00,0x00,0x00,0x00,0x00,0x00,0x00,0x00,
  0x00,0x00,0x00,0x00,0x00,0x00,0x00,0x00,0x00,0x21,0x54,0x54,
  0x89,0x95,0x40,0x00,0x00,0x00,0x00,0x00,0x00,0x00,0x00,0x00,
  0x00,0x00,0x00,0x00,0x00,0x00,0x00,0x00,0x00,0x00,0x00,0x00,
  0x00,0x00,0x00,0x00,0x00,0x00,0x00,0x00,0x00,0x00,0x00,0x00,
  0x00,0x00,0x00,0x00,0x00,0x00,0x00,0x00,0x00,0x00,0x00,0x00,
  0x00,0x00,0x00,0x00,0x00,0x00,0x00,0x00,0x00,0x00,0x00,0x00,
  0x00,0x00,0x00,0x00,0x00,0x40,0x01,0x12,0x56,0xD5,0xC0,0x00,
  0x00,0x00,0x00,0x00,0x00,0x00,0x00,0x00,0x00,0x00,0x00,0x00,
  0x00,0x00,0x00,0x00,0x00,0x00,0x00,0x00,0x00,0x00,0x00,0x00,
  0x00,0x00,0x00,0x00,0x00,0x00,0x00,0x00,0x00,0x00,0x00,0x00,
  0x00,0x00,0x00,0x00,0x00,0x00,0x00,0x00,0x00,0x00,0x00,0x00,
  0x00,0x00,0x00,0x00,0x00,0x00,0x00,0x00,0x00,0x00,0x00,0x00,
  0x00,0x85,0x24,0xA5,0x25,0x5A,0x40,0x00,0x00,0x00,0x00,0x00,
  0x00,0x00,0x00,0x00,0x00,0x00,0x00,0x00,0x00,0x00,0x00,0x00,
  0x00,0x00,0x00,0x00,0x00,0x00,0x00,0x00,0x00,0x00,0x00,0x00,
  0x00,0x00,0x00,0x00,0x00,0x00,0x00,0x00,0x00,0x00,0x00,0x00,
  0x00,0x00,0x00,0x00,0x00,0x00,0x00,0x00,0x00,0x00,0x00,0x00,
  0x00,0x00,0x00,0x00,0x00,0x00,0x00,0x00,0x01,0x00,0x42,0x12,
  0x4D,0x55,0x80,0x00,0x00,0x00,0x00,0x00,0x00,0x00,0x00,0x00,
  0x00,0x00,0x00,0x00,0x00,0x00,0x00,0x00,0x00,0x00,0x00,0x00,
  0x00,0x00,0x00,0x00,0x00,0x00,0x00,0x00,0x00,0x00,0x00,0x00,
  0x00,0x00,0x00,0x00,0x00,0x00,0x00,0x00,0x00,0x00,0x00,0x00,
  0x00,0x00,0x00,0x00,0x00,0x00,0x00,0x00,0x00,0x00,0x00,0x00,
  0x00,0x00,0x00,0x00,0x06,0x15,0x11,0x49,0x2A,0xAA,0x80,0x00,
  0x00,0x00,0x00,0x00,0x00,0x00,0x00,0x00,0x00,0x00,0x00,0x00,
  0x00,0x00,0x00,0x00,0x00,0x00,0x00,0x00,0x00,0x00,0x00,0x00,
  0x00,0x00,0x00,0x00,0x00,0x00,0x00,0x00,0x00,0x00,0x00,0x00,
  0x00,0x00,0x00,0x00,0x00,0x00,0x00,0x00,0x00,0x00,0x00,0x00,
  0x00,0x00,0x00,0x00,0x00,0x00,0x00,0x00,0x00,0x00,0x00,0x00,
  0x04,0x00,0x44,0x54,0x9A,0xD7,0x00,0x00,0x00,0x00,0x00,0x00,
  0x00,0x00,0x00,0x00,0x00,0x00,0x00,0x00,0x00,0x00,0x00,0x00,
  0x00,0x00,0x00,0x00,0x00,0x00,0x00,0x00,0x00,0x00,0x00,0x00,
  0x00,0x00,0x00,0x00,0x00,0x00,0x00,0x00,0x00,0x00,0x00,0x00,
  0x00,0x00,0x00,0x00,0x00,0x00,0x00,0x00,0x00,0x00,0x00,0x00,
  0x00,0x00,0x00,0x00,0x00,0x00,0x00,0x00,0x10,0x54,0x12,0x82,
  0x55,0x59,0x00,0x00,0x00,0x00,0x00,0x00,0x00,0x00,0x00,0x00,
  0x00,0x00,0x00,0x00,0x00,0x00,0x00,0x00,0x00,0x00,0x00,0x00,
  0x00,0x00,0x00,0x00,0x00,0x00,0x00,0x00,0x00,0x00,0x00,0x00,
  0x00,0x00,0x00,0x00,0x00,0x00,0x00,0x00,0x00,0x00,0x00,0x00,
  0x00,0x00,0x00,0x00,0x00,0x00,0x00,0x00,0x00,0x00,0x00,0x00,
  0x00,0x00,0x00,0x00,0x20,0x01,0x44,0x55,0x35,0x56,0x00,0x00,
  0x00,0x00,0x00,0x00,0x00,0x00,0x00,0x00,0x00,0x00,0x00,0x00,
  0x00,0x00,0x00,0x00,0x00,0x00,0x00,0x00,0x00,0x00,0x00,0x00,
  0x00,0x00,0x00,0x00,0x00,0x00,0x00,0x00,0x00,0x00,0x00,0x00,
  0x00,0x00,0x00,0x00,0x00,0x00,0x00,0x00,0x00,0x00,0x00,0x00,
  0x00,0x00,0x00,0x00,0x00,0x00,0x00,0x00,0x00,0x00,0x00,0x00,
  0x42,0xA4,0x12,0x90,0xAB,0x55,0x00,0x00,0x00,0x00,0x00,0x00,
  0x00,0x00,0x00,0x00,0x00,0x00,0x00,0x00,0x00,0x00,0x00,0x00,
  0x00,0x00,0x00,0x00,0x00,0x00,0x00,0x00,0x00,0x00,0x00,0x00,
  0x00,0x00,0x00,0x00,0x00,0x00,0x00,0x00,0x00,0x00,0x00,0x00,
  0x00,0x00,0x00,0x00,0x00,0x00,0x00,0x00,0x00,0x00,0x00,0x00,
  0x00,0x00,0x00,0x00,0x00,0x00,0x00,0x00,0x80,0x01,0x48,0x4A,
  0x6D,0x6A,0x00,0x00,0x00,0x00,0x00,0x00,0x00,0x00,0x00,0x00,
  0x00,0x00,0x00,0x00,0x00,0x00,0x00,0x00,0x00,0x00,0x00,0x00,
  0x00,0x00,0x00,0x00,0x00,0x00,0x00,0x00,0x00,0x00,0x00,0x00,
  0x00,0x00,0x00,0x00,0x00,0x00,0x00,0x00,0x00,0x00,0x00,0x00,
  0x00,0x00,0x00,0x00,0x00,0x00,0x00,0x00,0x00,0x00,0x00,0x00,
  0x00,0x00,0x00,0x01,0x0A,0x54,0x25,0x25,0x55,0x56,0x00,0x00,
  0x00,0x00,0x00,0x00,0x00,0x00,0x00,0x00,0x00,0x00,0x00,0x00,
  0x00,0x00,0x00,0x00,0x00,0x00,0x00,0x00,0x00,0x00,0x00,0x00,
  0x00,0x00,0x00,0x00,0x00,0x00,0x00,0x00,0x00,0x00,0x00,0x00,
  0x00,0x00,0x00,0x00,0x00,0x00,0x00,0x00,0x00,0x00,0x00,0x00,
  0x00,0x00,0x00,0x00,0x00,0x00,0x00,0x00,0x00,0x00,0x00,0x02,
  0x00,0x81,0x12,0x90,0xD5,0x54,0x00,0x00,0x00,0x00,0x00,0x00,
  0x00,0x00,0x00,0x00,0x00,0x00,0x00,0x00,0x00,0x00,0x00,0x00,
  0x00,0x00,0x00,0x00,0x00,0x00,0x00,0x00,0x00,0x00,0x00,0x00,
  0x00,0x00,0x00,0x00,0x00,0x00,0x00,0x00,0x00,0x00,0x00,0x00,
  0x00,0x00,0x00,0x00,0x00,0x00,0x00,0x00,0x00,0x00,0x00,0x00,
  0x00,0x00,0x00,0x00,0x00,0x00,0x00,0x0C,0x29,0x14,0xA4,0x4B,
  0x55,0x58,0x00,0x00,0x00,0x00,0x00,0x00,0x00,0x00,0x00,0x00,
  0x00,0x00,0x00,0x00,0x00,0x00,0x00,0x00,0x00,0x00,0x00,0x00,
  0x00,0x00,0x00,0x00,0x00,0x00,0x00,0x00,0x00,0x00,0x00,0x00,
  0x00,0x00,0x00,0x00,0x00,0x00,0x00,0x00,0x00,0x00,0x00,0x00,
  0x00,0x00,0x00,0x00,0x00,0x00,0x00,0x00,0x00,0x00,0x00,0x00,
  0x00,0x00,0x00,0x08,0x00,0x41,0x12,0xA5,0x5A,0xD4,0x00,0x00,
  0x00,0x00,0x00,0x00,0x00,0x00,0x00,0x00,0x00,0x00,0x00,0x00,
  0x00,0x00,0x00,0x00,0x00,0x00,0x00,0x00,0x00,0x00,0x00,0x00,
  0x00,0x00,0x00,0x00,0x00,0x00,0x00,0x00,0x00,0x00,0x00,0x00,
  0x00,0x00,0x00,0x00,0x00,0x00,0x00,0x00,0x00,0x00,0x00,0x00,
  0x00,0x00,0x00,0x00,0x00,0x00,0x00,0x00,0x00,0x00,0x00,0x20,
  0x4A,0x14,0x48,0x13,0x6B,0x58,0x00,0x00,0x00,0x00,0x00,0x00,
  0x00,0x00,0x00,0x00,0x00,0x00,0x00,0x00,0x00,0x00,0x00,0x00,
  0x00,0x00,0x00,0x00,0x00,0x00,0x00,0x00,0x00,0x00,0x00,0x00,
  0x00,0x00,0x00,0x00,0x00,0x00,0x00,0x00,0x00,0x00,0x00,0x00,
  0x00,0x00,0x00,0x00,0x00,0x00,0x00,0x00,0x00,0x00,0x00,0x00,
  0x00,0x00,0x00,0x00,0x00,0x00,0x00,0x41,0x00,0x82,0x95,0xAA,
  0xAA,0xA8,0x00,0x00,0x00,0x00,0x00,0x00,0x00,0x00,0x00,0x00,
  0x00,0x00,0x00,0x00,0x00,0x00,0x00,0x00,0x00,0x00,0x00,0x00,
  0x00,0x00,0x00,0x00,0x00,0x00,0x00,0x00,0x00,0x00,0x00,0x00,
  0x00,0x00,0x00,0x00,0x00,0x00,0x00,0x00,0x00,0x00,0x00,0x00,
  0x00,0x00,0x00,0x00,0x00,0x00,0x00,0x00,0x00,0x00,0x00,0x00,
  0x00,0x00,0x00,0x84,0x52,0x28,0x42,0x15,0x55,0x50,0x00,0x00,
  0x00,0x00,0x00,0x00,0x00,0x00,0x00,0x00,0x00,0x00,0x00,0x00,
  0x00,0x00,0x00,0x00,0x00,0x00,0x00,0x00,0x00,0x00,0x00,0x00,
  0x00,0x00,0x00,0x00,0x00,0x00,0x00,0x00,0x00,0x00,0x00,0x00,
  0x00,0x00,0x00,0x00,0x00,0x00,0x00,0x00,0x00,0x00,0x00,0x00,
  0x00,0x00,0x00,0x00,0x00,0x00,0x00,0x00,0x00,0x00,0x01,0x00,
  0x04,0x85,0x29,0x4D,0xAA,0xB0,0x00,0x00,0x00,0x00,0x00,0x00,
  0x00,0x00,0x00,0x00,0x00,0x00,0x00,0x00,0x00,0x00,0x00,0x00,
  0x00,0x00,0x00,0x00,0x00,0x00,0x00,0x00,0x00,0x00,0x00,0x00,
  0x00,0x00,0x00,0x00,0x00,0x00,0x00,0x00,0x00,0x00,0x00,0x00,
  0x00,0x00,0x00,0x00,0x00,0x00,0x00,0x00,0x00,0x00,0x00,0x00,
  0x00,0x00,0x00,0x00,0x00,0x00,0x02,0x12,0x90,0x28,0x94,0xAA,
  0xAD,0xA0,0x00,0x00,0x00,0x00,0x00,0x00,0x00,0x00,0x00,0x00,
  0x00,0x00,0x00,0x00,0x00,0x00,0x00,0x00,0x00,0x00,0x00,0x00,
  0x00,0x00,0x00,0x00,0x00,0x00,0x00,0x00,0x00,0x00,0x00,0x00,
  0x00,0x00,0x00,0x00,0x00,0x00,0x00,0x00,0x00,0x00,0x00,0x00,
  0x00,0x00,0x00,0x00,0x00,0x00,0x00,0x00,0x00,0x00,0x00,0x00,
  0x00,0x00,0x04,0x00,0x22,0x85,0x42,0x1A,0xB5,0x60,0x00,0x00,
  0x00,0x00,0x00,0x00,0x00,0x00,0x00,0x00,0x00,0x00,0x00,0x00,
  0x00,0x00,0x00,0x00,0x00,0x00,0x00,0x00,0x00,0x00,0x00,0x00,
  0x00,0x00,0x00,0x00,0x00,0x00,0x00,0x00,0x00,0x00,0x00,0x00,
  0x00,0x00,0x00,0x00,0x00,0x00,0x00,0x00,0x00,0x00,0x00,0x00,
  0x00,0x00,0x00,0x00,0x00,0x00,0x00,0x00,0x00,0x00,0x08,0x4A,
  0x48,0x50,0x29,0x6A,0xD5,0x40,0x00,0x00,0x00,0x00,0x00,0x00,
  0x00,0x00,0x00,0x00,0x00,0x00,0x00,0x00,0x00,0x00,0x00,0x00,
  0x00,0x00,0x00,0x00,0x00,0x00,0x00,0x00,0x00,0x00,0x00,0x00,
  0x00,0x00,0x00,0x00,0x00,0x00,0x00,0x00,0x00,0x00,0x00,0x00,
  0x00,0x00,0x00,0x00,0x00,0x00,0x00,0x00,0x00,0x00,0x00,0x00,
  0x00,0x00,0x00,0x00,0x00,0x00,0x30,0x00,0x82,0x8A,0xA4,0xAB,
  0x55,0x40,0x00,0x00,0x00,0x00,0x00,0x00,0x00,0x00,0x00,0x00,
  0x00,0x00,0x00,0x00,0x00,0x00,0x00,0x00,0x00,0x00,0x00,0x00,
  0x00,0x00,0x00,0x00,0x00,0x00,0x00,0x00,0x00,0x00,0x00,0x00,
  0x00,0x00,0x00,0x00,0x00,0x00,0x00,0x00,0x00,0x00,0x00,0x00,
  0x00,0x00,0x00,0x00,0x00,0x00,0x00,0x00,0x00,0x00,0x00,0x00,
  0x00,0x00,0x20,0xAA,0x28,0x52,0x95,0x55,0x56,0xC0,0x00,0x00,
  0x00,0x00,0x00,0x00,0x00,0x00,0x00,0x00,0x00,0x00,0x00,0x00,
  0x00,0x00,0x00,0x00,0x00,0x00,0x00,0x00,0x00,0x00,0x00,0x00,
  0x00,0x00,0x00,0x00,0x00,0x00,0x00,0x00,0x00,0x00,0x00,0x00,
  0x00,0x00,0x00,0x00,0x00,0x00,0x00,0x00,0x00,0x00,0x00,0x00,
  0x00,0x00,0x00,0x00,0x00,0x00,0x00,0x00,0x00,0x00,0xC2,0x00,
  0x02,0x88,0x42,0x6D,0x5A,0x80,0x00,0x00,0x00,0x00,0x00,0x00,
  0x00,0x00,0x00,0x00,0x00,0x00,0x00,0x00,0x00,0x00,0x00,0x00,
  0x00,0x00,0x00,0x00,0x00,0x00,0x00,0x00,0x00,0x00,0x00,0x00,
  0x00,0x00,0x00,0x00,0x00,0x00,0x00,0x00,0x00,0x00,0x00,0x00,
  0x00,0x00,0x00,0x00,0x00,0x00,0x00,0x00,0x00,0x00,0x00,0x00,
  0x00,0x00,0x00,0x00,0x00,0x01,0x00,0x49,0x54,0x45,0x29,0xAA,
  0xAA,0x80,0x00,0x00,0x00,0x00,0x00,0x00,0x00,0x00,0x00,0x00,
  0x00,0x00,0x00,0x00,0x00,0x00,0x00,0x00,0x00,0x00,0x00,0x00,
  0x00,0x00,0x00,0x00,0x00,0x00,0x00,0x00,0x00,0x00,0x00,0x00,
  0x00,0x00,0x00,0x00,0x00,0x00,0x00,0x00,0x00,0x00,0x00,0x00,
  0x00,0x00,0x00,0x00,0x00,0x00,0x00,0x00,0x00,0x00,0x00,0x00,
  0x00,0x02,0x04,0x02,0x02,0x29,0x4A,0xAB,0x6B,0x00,0x00,0x00,
  0x00,0x00,0x00,0x00,0x00,0x00,0x00,0x00,0x00,0x00,0x00,0x00,
  0x00,0x00,0x00,0x00,0x00,0x00,0x00,0x00,0x00,0x00,0x00,0x00,
  0x00,0x00,0x00,0x00,0x00,0x00,0x00,0x00,0x00,0x00,0x00,0x00,
  0x00,0x00,0x00,0x00,0x00,0x00,0x00,0x00,0x00,0x00,0x00,0x00,
  0x00,0x00,0x00,0x00,0x00,0x00,0x00,0x00,0x00,0x04,0x11,0x50,
  0xA9,0x44,0x91,0x5A,0xAA,0x80,0x00,0x00,0x00,0x00,0x00,0x00,
  0x00,0x00,0x00,0x00,0x00,0x00,0x00,0x00,0x00,0x00,0x00,0x00,
  0x00,0x00,0x00,0x00,0x00,0x00,0x00,0x00,0x00,0x00,0x00,0x00,
  0x00,0x00,0x00,0x00,0x00,0x00,0x00,0x00,0x00,0x00,0x00,0x00,
  0x00,0x00,0x00,0x00,0x00,0x00,0x00,0x00,0x00,0x00,0x00,0x00,
  0x00,0x00,0x00,0x00,0x00,0x08,0x04,0x04,0x12,0x2A,0x4B,0x6A,
  0xAB,0x00,0x00,0x00,0x00,0x00,0x00,0x00,0x00,0x00,0x00,0x00,
  0x00,0x00,0x00,0x00,0x00,0x00,0x00,0x00,0x00,0x00,0x00,0x00,
  0x00,0x00,0x00,0x00,0x00,0x00,0x00,0x00,0x00,0x00,0x00,0x00,
  0x00,0x00,0x00,0x00,0x00,0x00,0x00,0x00,0x00,0x00,0x00,0x00,
  0x00,0x00,0x00,0x00,0x00,0x00,0x00,0x00,0x00,0x00,0x00,0x00,
  0x00,0x10,0x40,0x92,0xA4,0x91,0x25,0x55,0xB4,0x00,0x00,0x00,
  0x00,0x00,0x00,0x00,0x00,0x00,0x00,0x00,0x00,0x00,0x00,0x00,
  0x00,0x00,0x00,0x00,0x00,0x00,0x00,0x00,0x00,0x00,0x00,0x00,
  0x00,0x00,0x00,0x00,0x00,0x00,0x00,0x00,0x00,0x00,0x00,0x00,
  0x00,0x00,0x00,0x00,0x00,0x00,0x00,0x00,0x00,0x00,0x00,0x00,
  0x00,0x00,0x00,0x00,0x00,0x00,0x00,0x00,0x00,0x20,0x14,0x20,
  0x12,0x4A,0x55,0xAA,0xAA,0x00,0x00,0x00,0x00,0x00,0x00,0x00,
  0x00,0x00,0x00,0x00,0x00,0x00,0x00,0x00,0x00,0x00,0x00,0x00,
  0x00,0x00,0x00,0x00,0x00,0x00,0x00,0x00,0x00,0x00,0x00,0x00,
  0x00,0x00,0x00,0x00,0x00,0x00,0x00,0x00,0x00,0x00,0x00,0x00,
  0x00,0x00,0x00,0x00,0x00,0x00,0x00,0x00,0x00,0x00,0x00,0x00,
  0x00,0x00,0x00,0x00,0x00,0xC1,0x41,0x0A,0xA4,0xA1,0x0D,0x5B,
  0x56,0x00,0x00,0x00,0x00,0x00,0x00,0x00,0x00,0x00,0x00,0x00,
  0x00,0x00,0x00,0x00,0x00,0x00,0x00,0x00,0x00,0x00,0x00,0x00,
  0x00,0x00,0x00,0x00,0x00,0x00,0x00,0x00,0x00,0x00,0x00,0x00,
  0x00,0x00,0x00,0x00,0x00,0x00,0x00,0x00,0x00,0x00,0x00,0x00,
  0x00,0x00,0x00,0x00,0x00,0x00,0x00,0x00,0x00,0x00,0x00,0x00,
  0x00,0x80,0x12,0x40,0x92,0x14,0xAA,0xAA,0xB4,0x00,0x00,0x00,
  0x00,0x00,0x00,0x00,0x00,0x00,0x00,0x00,0x00,0x00,0x00,0x00,
  0x00,0x00,0x00,0x00,0x00,0x00,0x00,0x00,0x00,0x00,0x00,0x00,
  0x00,0x00,0x00,0x00,0x00,0x00,0x00,0x00,0x00,0x00,0x00,0x00,
  0x00,0x00,0x00,0x00,0x00,0x00,0x00,0x00,0x00,0x00,0x00,0x00,
  0x00,0x00,0x00,0x00,0x00,0x00,0x00,0x00,0x02,0x04,0x84,0x2A,
  0x49,0x52,0x5B,0x6A,0xAC,0x00,0x00,0x00,0x00,0x00,0x00,0x00,
  0x00,0x00,0x00,0x00,0x00,0x00,0x00,0x00,0x00,0x00,0x00,0x00,
  0x00,0x00,0x00,0x00,0x00,0x00,0x00,0x00,0x00,0x00,0x00,0x00,
  0x00,0x00,0x00,0x00,0x00,0x00,0x00,0x00,0x00,0x00,0x00,0x00,
  0x00,0x00,0x00,0x00,0x00,0x00,0x00,0x00,0x00,0x00,0x00,0x00,
  0x00,0x00,0x00,0x00,0x04,0x01,0x21,0x01,0x24,0x89,0x2A,0xAD,
  0x50,0x00,0x00,0x00,0x00,0x00,0x00,0x00,0x00,0x00,0x00,0x00,
  0x00,0x00,0x00,0x00,0x00,0x00,0x00,0x00,0x00,0x00,0x00,0x00,
  0x00,0x00,0x00,0x00,0x00,0x00,0x00,0x00,0x00,0x00,0x00,0x00,
  0x00,0x00,0x00,0x00,0x00,0x00,0x00,0x00,0x00,0x00,0x00,0x00,
  0x00,0x00,0x00,0x00,0x00,0x00,0x00,0x00,0x00,0x00,0x00,0x00,
  0x08,0x24,0x08,0xAA,0x49,0x54,0xAD,0x55,0xA8,0x00,0x00,0x00,
  0x00,0x00,0x00,0x00,0x00,0x00,0x00,0x00,0x00,0x00,0x00,0x00,
  0x00,0x00,0x00,0x00,0x00,0x00,0x00,0x00,0x00,0x00,0x00,0x00,
  0x00,0x00,0x00,0x00,0x00,0x00,0x00,0x00,0x00,0x00,0x00,0x00,
  0x00,0x00,0x00,0x00,0x00,0x00,0x00,0x00,0x00,0x00,0x00,0x00,
  0x00,0x00,0x00,0x00,0x00,0x00,0x00,0x00,0x10,0x01,0x22,0x04,
  0x92,0x22,0xB5,0xB5,0x58,0x00,0x00,0x00,0x00,0x00,0x00,0x00,
  0x00,0x00,0x00,0x00,0x00,0x00,0x00,0x00,0x00,0x00,0x00,0x00,
  0x00,0x00,0x00,0x00,0x00,0x00,0x00,0x00,0x00,0x00,0x00,0x00,
  0x00,0x00,0x00,0x00,0x00,0x00,0x00,0x00,0x00,0x00,0x00,0x00,
  0x00,0x00,0x00,0x00,0x00,0x00,0x00,0x00,0x00,0x00,0x00,0x00,
  0x00,0x00,0x00,0x00,0x20,0x94,0x08,0xA9,0x24,0x95,0x55,0x55,
  0x70,0x00,0x00,0x00,0x00,0x00,0x00,0x00,0x00,0x00,0x00,0x00,
  0x00,0x00,0x00,0x00,0x00,0x00,0x00,0x00,0x00,0x00,0x00,0x00,
  0x00,0x00,0x00,0x00,0x00,0x00,0x00,0x00,0x00,0x00,0x00,0x00,
  0x00,0x00,0x00,0x00,0x00,0x00,0x00,0x00,0x00,0x00,0x00,0x00,
  0x00,0x00,0x00,0x00,0x00,0x00,0x00,0x00,0x00,0x00,0x00,0x00,
  0x40,0x01,0x42,0x12,0x4A,0x48,0xD5,0x56,0x90,0x00,0x00,0x00,
  0x00,0x00,0x00,0x00,0x00,0x00,0x00,0x00,0x00,0x00,0x00,0x00,
  0x00,0x00,0x00,0x00,0x00,0x00,0x00,0x00,0x00,0x00,0x00,0x00,
  0x00,0x00,0x00,0x00,0x00,0x00,0x00,0x00,0x00,0x00,0x00,0x00,
  0x00,0x00,0x00,0x00,0x00,0x00,0x00,0x00,0x00,0x00,0x00,0x00,
  0x00,0x00,0x00,0x00,0x00,0x00,0x00,0x00,0x82,0x54,0x10,0xA4,
  0x91,0x25,0x5B,0x6A,0xE0,0x00,0x00,0x00,0x00,0x00,0x00,0x00,
  0x00,0x00,0x00,0x00,0x00,0x00,0x00,0x00,0x00,0x00,0x00,0x00,
  0x00,0x00,0x00,0x00,0x00,0x00,0x00,0x00,0x00,0x00,0x00,0x00,
  0x00,0x00,0x00,0x00,0x00,0x00,0x00,0x00,0x00,0x00,0x00,0x00,
  0x00,0x00,0x00,0x00,0x00,0x00,0x00,0x00,0x00,0x00,0x00,0x00,
  0x00,0x00,0x00,0x03,0x00,0x00,0x8A,0x12,0x4A,0x92,0xD5,0x55,
  0x40,0x00,0x00,0x00,0x00,0x00,0x00,0x00,0x00,0x00,0x00,0x00,
  0x00,0x00,0x00,0x00,0x00,0x00,0x00,0x00,0x00,0x00,0x00,0x00,
  0x00,0x00,0x00,0x00,0x00,0x00,0x00,0x00,0x00,0x00,0x00,0x00,
  0x00,0x00,0x00,0x00,0x00,0x00,0x00,0x00,0x00,0x00,0x00,0x00,
  0x00,0x00,0x00,0x00,0x00,0x00,0x00,0x00,0x00,0x00,0x00,0x02,
  0x09,0x4A,0x21,0x49,0x24,0x4B,0x55,0x5B,0x60,0x00,0x00,0x00,
  0x00,0x00,0x00,0x00,0x00,0x00,0x00,0x00,0x00,0x00,0x00,0x00,
  0x00,0x00,0x00,0x00,0x00,0x00,0x00,0x00,0x00,0x00,0x00,0x00,
  0x00,0x00,0x00,0x00,0x00,0x00,0x00,0x00,0x00,0x00,0x00,0x00,
  0x00,0x00,0x00,0x00,0x00,0x00,0x00,0x00,0x00,0x00,0x00,0x00,
  0x00,0x00,0x00,0x00,0x00,0x00,0x00,0x08,0x00,0x00,0x88,0xA4,
  0x92,0xAA,0xB6,0xAA,0x80,0x00,0x00,0x00,0x00,0x00,0x00,0x00,
  0x00,0x00,0x00,0x00,0x00,0x00,0x00,0x00,0x00,0x00,0x00,0x00,
  0x00,0x00,0x00,0x00,0x00,0x00,0x00,0x00,0x00,0x00,0x00,0x00,
  0x00,0x00,0x00,0x00,0x00,0x00,0x00,0x00,0x00,0x00,0x00,0x00,
  0x00,0x00,0x00,0x00,0x00,0x00,0x00,0x00,0x00,0x00,0x00,0x00,
  0x00,0x00,0x00,0x10,0x25,0x2A,0x25,0x12,0x49,0x12,0xD5,0xB5,
  0x40,0x00,0x00,0x00,0x00,0x00,0x00,0x00,0x00,0x00,0x00,0x00,
  0x00,0x00,0x00,0x00,0x00,0x00,0x00,0x00,0x00,0x00,0x00,0x00,
  0x00,0x00,0x00,0x00,0x00,0x00,0x00,0x00,0x00,0x00,0x00,0x00,
  0x00,0x00,0x00,0x00,0x00,0x00,0x00,0x00,0x00,0x00,0x00,0x00,
  0x00,0x00,0x00,0x00,0x00,0x00,0x00,0x00,0x00,0x00,0x00,0x20,
  0x00,0x40,0x82,0x49,0x24,0xA6,0xAA,0xAA,0x80,0x00,0x00,0x00,
  0x00,0x00,0x00,0x00,0x00,0x00,0x00,0x00,0x00,0x00,0x00,0x00,
  0x00,0x00,0x00,0x00,0x00,0x00,0x00,0x00,0x00,0x00,0x00,0x00,
  0x00,0x00,0x00,0x00,0x00,0x00,0x00,0x00,0x00,0x00,0x00,0x00,
  0x00,0x00,0x00,0x00,0x00,0x00,0x00,0x00,0x00,0x00,0x00,0x00,
  0x00,0x00,0x00,0x00,0x00,0x00,0x00,0x41,0x55,0x0A,0x29,0x24,
  0x92,0x15,0x5A,0xAD,0x80,0x00,0x00,0x00,0x00,0x00,0x00,0x00,
  0x00,0x00,0x00,0x00,0x00,0x00,0x00,0x00,0x00,0x00,0x00,0x00,
  0x00,0x00,0x00,0x00,0x00,0x00,0x00,0x00,0x00,0x00,0x00,0x00,
  0x00,0x00,0x00,0x00,0x00,0x00,0x00,0x00,0x00,0x00,0x00,0x00,
  0x00,0x00,0x00,0x00,0x00,0x00,0x00,0x00,0x00,0x00,0x00,0x00,
  0x00,0x00,0x00,0x80,0x00,0x20,0x88,0x92,0x49,0x5E,0xD5,0x55,
  0x00,0x00,0x00,0x00,0x00,0x00,0x00,0x00,0x00,0x00,0x00,0x00,
  0x00,0x00,0x00,0x00,0x00,0x00,0x00,0x00,0x00,0x00,0x00,0x00,
  0x00,0x00,0x00,0x00,0x00,0x00,0x00,0x00,0x00,0x00,0x00,0x00,
  0x00,0x00,0x00,0x00,0x00,0x00,0x00,0x00,0x00,0x00,0x00,0x00,
  0x00,0x00,0x00,0x00,0x00,0x00,0x00,0x00,0x00,0x00,0x01,0x04,
  0x49,0x0A,0x25,0x25,0x24,0x93,0x5B,0xB7,0x00,0x00,0x00,0x00,
  0x00,0x00,0x00,0x00,0x00,0x00,0x00,0x00,0x00,0x00,0x00,0x00,
  0x00,0x00,0x00,0x00,0x00,0x00,0x00,0x00,0x00,0x00,0x00,0x00,
  0x00,0x00,0x00,0x00,0x00,0x00,0x00,0x00,0x00,0x00,0x00,0x00,
  0x00,0x00,0x00,0x00,0x00,0x00,0x00,0x00,0x00,0x00,0x00,0x00,
  0x00,0x00,0x00,0x00,0x00,0x00,0x02,0x01,0x00,0x40,0x92,0x48,
  0x92,0x5A,0xAD,0x5A,0x00,0x00,0x00,0x00,0x00,0x00,0x00,0x00,
  0x00,0x00,0x00,0x00,0x00,0x00,0x00,0x00,0x00,0x00,0x00,0x00,
  0x00,0x00,0x00,0x00,0x00,0x00,0x00,0x00,0x00,0x00,0x00,0x00,
  0x00,0x00,0x00,0x00,0x00,0x00,0x00,0x00,0x00,0x00,0x00,0x00,
  0x00,0x00,0x00,0x00,0x00,0x00,0x00,0x00,0x00,0x00,0x00,0x00,
  0x00,0x00,0x0C,0x10,0x55,0x2A,0x49,0x25,0x4A,0xAA,0xAA,0xAB,
  0x00,0x00,0x00,0x00,0x00,0x00,0x00,0x00,0x00,0x00,0x00,0x00,
  0x00,0x00,0x00,0x00,0x00,0x00,0x00,0x00,0x00,0x00,0x00,0x00,
  0x00,0x00,0x00,0x00,0x00,0x00,0x00,0x00,0x00,0x00,0x00,0x00,
  0x00,0x00,0x00,0x00,0x00,0x00,0x00,0x00,0x00,0x00,0x00,0x00,
  0x00,0x00,0x00,0x00,0x00,0x00,0x00,0x00,0x00,0x00,0x08,0x05,
  0x00,0x00,0x92,0x48,0xA4,0x6A,0xD5,0x54,0x00,0x00,0x00,0x00,
  0x00,0x00,0x00,0x00,0x00,0x00,0x00,0x00,0x00,0x00,0x00,0x00,
  0x00,0x00,0x00,0x00,0x00,0x00,0x00,0x00,0x00,0x00,0x00,0x00,
  0x00,0x00,0x00,0x00,0x00,0x00,0x00,0x00,0x00,0x00,0x00,0x00,
  0x00,0x00,0x00,0x00,0x00,0x00,0x00,0x00,0x00,0x00,0x00,0x00,
  0x00,0x00,0x00,0x00,0x00,0x00,0x30,0x40,0x25,0x55,0x24,0x95,
  0x12,0xAB,0x55,0xAE,0x00,0x00,0x00,0x00,0x00,0x00,0x00,0x00,
  0x00,0x00,0x00,0x00,0x00,0x00,0x00,0x00,0x00,0x00,0x00,0x00,
  0x00,0x00,0x00,0x00,0x00,0x00,0x00,0x00,0x00,0x00,0x00,0x00,
  0x00,0x00,0x00,0x00,0x00,0x00,0x00,0x00,0x00,0x00,0x00,0x00,
  0x00,0x00,0x00,0x00,0x00,0x00,0x00,0x00,0x00,0x00,0x00,0x00,
  0x00,0x00,0x40,0x14,0x80,0x00,0x92,0x42,0x49,0x55,0x5A,0xB4,
  0x00,0x00,0x00,0x00,0x00,0x00,0x00,0x00,0x00,0x00,0x00,0x00,
  0x00,0x00,0x00,0x00,0x00,0x00,0x00,0x00,0x00,0x00,0x00,0x00,
  0x00,0x00,0x00,0x00,0x00,0x00,0x00,0x00,0x00,0x00,0x00,0x00,
  0x00,0x00,0x00,0x00,0x00,0x00,0x00,0x00,0x00,0x00,0x00,0x00,
  0x00,0x00,0x00,0x00,0x00,0x00,0x00,0x00,0x00,0x00,0x81,0x01,
  0x15,0x55,0x24,0xA9,0x24,0xDA,0xAA,0xA8,0x00,0x00,0x00,0x00,
  0x00,0x00,0x00,0x00,0x00,0x00,0x00,0x00,0x00,0x00,0x00,0x00,
  0x00,0x00,0x00,0x00,0x00,0x00,0x00,0x00,0x00,0x00,0x00,0x00,
  0x00,0x00,0x00,0x00,0x00,0x00,0x00,0x00,0x00,0x00,0x00,0x00,
  0x00,0x00,0x00,0x00,0x00,0x00,0x00,0x00,0x00,0x00,0x00,0x00,
  0x00,0x00,0x00,0x00,0x00,0x01,0x00,0x50,0x40,0x04,0x92,0x14,
  0xAB,0x55,0x55,0xAC,0x00,0x00,0x00,0x00,0x00,0x00,0x00,0x00,
  0x00,0x00,0x00,0x00,0x00,0x00,0x00,0x00,0x00,0x00,0x00,0x00,
  0x00,0x00,0x00,0x00,0x00,0x00,0x00,0x00,0x00,0x00,0x00,0x00,
  0x00,0x00,0x00,0x00,0x00,0x00,0x00,0x00,0x00,0x00,0x00,0x00,
  0x00,0x00,0x00,0x00,0x00,0x00,0x00,0x00,0x00,0x00,0x00,0x00,
  0x00,0x02,0x04,0x05,0x14,0xA9,0x24,0xC2,0x41,0x56,0xDA,0xA8,
  0x00,0x00,0x00,0x00,0x00,0x00,0x00,0x00,0x00,0x00,0x00,0x00,
  0x00,0x00,0x00,0x00,0x00,0x00,0x00,0x00,0x00,0x00,0x00,0x00,
  0x00,0x00,0x00,0x00,0x00,0x00,0x00,0x00,0x00,0x00,0x00,0x00,
  0x00,0x00,0x00,0x00,0x00,0x00,0x00,0x00,0x00,0x00,0x00,0x00,
  0x00,0x00,0x00,0x00,0x00,0x00,0x00,0x00,0x00,0x04,0x01,0x20,
  0x41,0x04,0x92,0x2A,0x9B,0xAA,0xAB,0x58,0x00,0x00,0x00,0x00,
  0x00,0x00,0x00,0x00,0x00,0x00,0x00,0x00,0x00,0x00,0x00,0x00,
  0x00,0x00,0x00,0x00,0x00,0x00,0x00,0x00,0x00,0x00,0x00,0x00,
  0x00,0x00,0x00,0x00,0x00,0x00,0x00,0x00,0x00,0x00,0x00,0x00,
  0x00,0x00,0x00,0x00,0x00,0x00,0x00,0x00,0x00,0x00,0x00,0x00,
  0x00,0x00,0x00,0x00,0x00,0x08,0x10,0x0A,0x14,0x52,0x49,0x48,
  0x46,0xB5,0x55,0x60,0x00,0x00,0x00,0x00,0x00,0x00,0x00,0x00,
  0x00,0x00,0x00,0x00,0x00,0x00,0x00,0x00,0x00,0x00,0x00,0x00,
  0x00,0x00,0x00,0x00,0x00,0x00,0x00,0x00,0x00,0x00,0x00,0x00,
  0x00,0x00,0x00,0x00,0x00,0x00,0x00,0x00,0x00,0x00,0x00,0x00,
  0x00,0x00,0x00,0x00,0x00,0x00,0x00,0x00,0x00,0x00,0x00,0x00,
  0x00,0x10,0x45,0x40,0x81,0x29,0x24,0x93,0x2A,0xAA,0xDA,0xB0,
  0x00,0x00,0x00,0x00,0x00,0x00,0x00,0x00,0x00,0x00,0x00,0x00,
  0x00,0x00,0x00,0x00,0x00,0x04,0x00,0x00,0x00,0x00,0x00,0x00,
  0x00,0x00,0x00,0x00,0x00,0x00,0x00,0x00,0x00,0x00,0x00,0x00,
  0x00,0x00,0x00,0x00,0x00,0x00,0x00,0x00,0x00,0x00,0x00,0x00,
  0x00,0x00,0x00,0x00,0x00,0x00,0x00,0x00,0x00,0x60,0x00,0x12,
  0x28,0x84,0x92,0x48,0x95,0x56,0xAA,0xA0,0x00,0x00,0x00,0x00,
  0x00,0x00,0x00,0x00,0x00,0x00,0x00,0x01,0x2A,0xAA,0xAA,0x92,
  0x40,0x0C,0x00,0x00,0x00,0x00,0x00,0x00,0x00,0x00,0x00,0x00,
  0x00,0x00,0x00,0x00,0x00,0x00,0x00,0x00,0x00,0x00,0x00,0x00,
  0x00,0x00,0x00,0x00,0x00,0x00,0x00,0x00,0x00,0x00,0x00,0x00,
  0x00,0x00,0x00,0x00,0x00,0x80,0x92,0x44,0x82,0x52,0x49,0x25,
  0x5A,0xAA,0xAB,0x60,0x00,0x00,0x00,0x00,0x00,0x00,0x00,0x00,
  0x00,0x00,0x05,0x7C,0xA0,0x00,0x00,0x4A,0xAF,0xF7,0x6A,0xA0,
  0x00,0x00,0x00,0x00,0x00,0x00,0x00,0x00,0x00,0x00,0x00,0x00,
  0x00,0x00,0x00,0x00,0x00,0x00,0x00,0x00,0x00,0x00,0x00,0x00,
  0x00,0x00,0x00,0x00,0x00,0x00,0x00,0x00,0x00,0x00,0x00,0x00,
  0x01,0x02,0x00,0x10,0x29,0x29,0x24,0x92,0x16,0xDA,0xD5,0x40,
  0x00,0x00,0x00,0x00,0x00,0x00,0x00,0x00,0x00,0x00,0x50,0x00,
  0x00,0x00,0x00,0x00,0x00,0x00,0x01,0x17,0x75,0x48,0x00,0x00,
  0x00,0x00,0x00,0x00,0x00,0x00,0x00,0x00,0x00,0x00,0x00,0x00,
  0x00,0x00,0x00,0x00,0x00,0x00,0x00,0x00,0x00,0x00,0x00,0x00,
  0x00,0x00,0x00,0x00,0x00,0x00,0x00,0x00,0x02,0x00,0x2A,0x85,
  0x04,0x84,0x92,0x49,0x6A,0xAB,0x5A,0xC0,0x00,0x00,0x00,0x00,
  0x00,0x00,0x00,0x00,0x00,0x03,0x00,0x00,0x00,0x00,0x00,0x00,
  0x00,0x00,0x00,0x00,0x00,0x26,0xD4,0x00,0x00,0x00,0x00,0x00,
  0x00,0x00,0x00,0x00,0x00,0x00,0x00,0x00,0x00,0x00,0x00,0x00,
  0x00,0x00,0x00,0x00,0x00,0x00,0x00,0x00,0x00,0x00,0x00,0x00,
  0x00,0x00,0x00,0x00,0x04,0x04,0x80,0x50,0x52,0x52,0x4A,0xA4,
  0x35,0x55,0x55,0x40,0x00,0x00,0x00,0x00,0x00,0x00,0x00,0x00,
  0x00,0x08,0x00,0x00,0x00,0x00,0x00,0x00,0x00,0x00,0x00,0x00,
  0x00,0x00,0x03,0xED,0x40,0x00,0x00,0x00,0x00,0x00,0x00,0x00,
  0x00,0x00,0x00,0x00,0x00,0x00,0x00,0x00,0x00,0x00,0x00,0x00,
  0x00,0x00,0x00,0x00,0x00,0x00,0x00,0x00,0x00,0x00,0x00,0x00,
  0x08,0x10,0x24,0x05,0x09,0x14,0xA9,0x12,0xD5,0xAD,0x56,0x80,
  0x00,0x00,0x00,0x00,0x00,0x00,0x00,0x00,0x00,0x20,0x00,0x00,
  0x00,0x00,0x00,0x00,0x00,0x00,0x00,0x00,0x00,0x00,0x00,0x00,
  0xB6,0x80,0x00,0x00,0x00,0x00,0x00,0x00,0x00,0x00,0x00,0x00,
  0x00,0x00,0x00,0x00,0x00,0x00,0x00,0x00,0x00,0x00,0x00,0x00,
  0x00,0x00,0x00,0x00,0x00,0x00,0x00,0x00,0x10,0x02,0x81,0x40,
  0x52,0x42,0x24,0xA9,0x56,0xB5,0x6A,0x80,0x00,0x00,0x00,0x00,
  0x00,0x00,0x00,0x00,0x00,0x80,0x00,0x00,0x00,0x00,0x00,0x00,
  0x00,0x00,0x00,0x00,0x00,0x00,0x00,0x00,0x00,0x7D,0x00,0x00,
  0x00,0x00,0x00,0x00,0x00,0x00,0x00,0x00,0x00,0x00,0x00,0x00,
  0x00,0x00,0x00,0x00,0x00,0x00,0x00,0x00,0x00,0x00,0x00,0x00,
  0x00,0x00,0x00,0x00,0x60,0x40,0x28,0x2A,0x09,0x29,0x49,0x04,
  0xAA,0xAA,0xAB,0x80,0x00,0x00,0x00,0x00,0x00,0x00,0x00,0x00,
  0x01,0x10,0x01,0x00,0x00,0x00,0x00,0x00,0x00,0x00,0x00,0x00,
  0x00,0x00,0x00,0x00,0x00,0x00,0xFA,0x80,0x00,0x00,0x00,0x00,
  0x00,0x00,0x00,0x00,0x00,0x00,0x00,0x00,0x00,0x00,0x00,0x00,
  0x00,0x00,0x00,0x00,0x00,0x00,0x00,0x00,0x00,0x00,0x00,0x00,
  0x81,0x14,0x82,0x80,0xA4,0x94,0x92,0x52,0xDA,0xAB,0x55,0x00,
  0x00,0x00,0x00,0x00,0x00,0x00,0x00,0x00,0x03,0xF7,0xF4,0x00,
  0x40,0x00,0x00,0x00,0x00,0x00,0x00,0x00,0x00,0x00,0x00,0x00,
  0x00,0x00,0x01,0x5A,0x00,0x00,0x00,0x00,0x00,0x10,0x00,0x00,
  0x00,0x00,0x00,0x00,0x00,0x00,0x00,0x00,0x00,0x00,0x00,0x00,
  0x00,0x00,0x00,0x00,0x00,0x00,0x00,0x03,0x00,0x00,0x10,0x2A,
  0x52,0x42,0x49,0x55,0x55,0x55,0x5B,0x00,0x00,0x00,0x00,0x00,
  0x00,0x00,0x00,0x00,0x07,0xEE,0xF0,0x00,0x00,0x04,0x00,0x00,
  0x00,0x00,0x00,0x00,0x00,0x00,0x00,0x00,0x00,0x00,0x00,0x01,
  0xB4,0x00,0x00,0x00,0x00,0x20,0x00,0x00,0x00,0x00,0x00,0x00,
  0x00,0x00,0x00,0x00,0x00,0x00,0x00,0x00,0x00,0x20,0x00,0x00,
  0x00,0x00,0x00,0x18,0x04,0x52,0x8A,0x81,0x09,0x29,0x24,0x8B,
  0x55,0xB5,0x6A,0x00,0x00,0x00,0x00,0x00,0x00,0x00,0x00,0x00,
  0x0F,0xDF,0xF0,0x04,0x00,0x40,0xA2,0x48,0x04,0x00,0x84,0x00,
  0x00,0x00,0x00,0x00,0x00,0x00,0x00,0x00,0x03,0x50,0x00,0x00,
  0x00,0x60,0x00,0x00,0x00,0x00,0x00,0x00,0x00,0x00,0x00,0x00,
  0x00,0x00,0x00,0x00,0x00,0x60,0x00,0x00,0x00,0x00,0x01,0xC0,
  0x00,0x04,0x20,0x28,0xA4,0x94,0xAA,0x51,0xAA,0xAB,0x56,0x00,
  0x00,0x00,0x00,0x00,0x00,0x00,0x00,0x00,0x1F,0xBE,0xF0,0x00,
  0x49,0x00,0x00,0x00,0x40,0x88,0x10,0x11,0x00,0x00,0x00,0x00,
  0x00,0x00,0x00,0x00,0x00,0x17,0x6A,0xAA,0xAB,0x7B,0x55,0x6B,
  0x55,0x6B,0x5A,0xD6,0xAA,0xAA,0xAB,0x55,0x55,0x5A,0xD5,0x6A,
  0xAB,0x55,0x55,0xAA,0xD5,0x55,0x7F,0x5D,0x55,0x50,0x84,0x85,
  0x12,0x45,0x11,0x26,0xDA,0xAD,0x54,0x00,0x00,0x00,0x00,0x00,
  0x00,0x00,0x00,0x00,0x7D,0x5E,0xF0,0x00,0x00,0x19,0x48,0x89,
  0x4C,0x44,0x89,0x88,0x94,0x91,0x08,0x00,0x00,0x00,0x00,0x00,
  0x00,0x40,0x00,0x00,0x00,0x00,0x00,0x00,0x00,0x00,0x00,0x00,
  0x00,0x00,0x00,0x00,0x00,0x00,0x00,0x00,0x00,0x00,0x00,0x00,
  0x00,0x00,0x00,0x00,0x8A,0x45,0x52,0x52,0x49,0x28,0xA4,0x95,
  0x6B,0x6A,0xDC,0x00,0x00,0x00,0x00,0x00,0x00,0x00,0x00,0x00,
  0xE0,0x01,0x50,0x02,0x00,0x19,0x9D,0xCC,0xCC,0xEE,0xDD,0x9D,
  0xCC,0x00,0x21,0x10,0x00,0x00,0x00,0x00,0x00,0x00,0x00,0x00,
  0x00,0x00,0x00,0x00,0x00,0x00,0x00,0x00,0x00,0x00,0x00,0x00,
  0x00,0x00,0x00,0x00,0x00,0x00,0x00,0x00,0x00,0x00,0x00,0x00,
  0x00,0x00,0x00,0x09,0x54,0xAB,0x56,0xAA,0xB6,0xDD,0xB6,0xA0,
  0x00,0x00,0x00,0x00,0x00,0x00,0x00,0x01,0x00,0x00,0x00,0x08,
  0x24,0x1D,0xDC,0xCC,0xEE,0xCC,0xC9,0xD8,0xDC,0x08,0x00,0x02,
  0x20,0x00,0x00,0x00,0x00,0x00,0x00,0x00,0x00,0x00,0x00,0x00,
  0x00,0x00,0x00,0x00,0x00,0x00,0x00,0x00,0x00,0x00,0x00,0x00,
  0x00,0x00,0x00,0x00,0x00,0x00,0x00,0x00,0x00,0x00,0x00,0x00,
  0x00,0x00,0x00,0x00,0x00,0x00,0x00,0x58,0x00,0x00,0x00,0x00,
  0x00,0x00,0x00,0x04,0x00,0x00,0x01,0x20,0x00,0x99,0x8D,0xCC,
  0xCC,0xCC,0xCD,0x8D,0xCC,0x81,0x00,0x40,0x04,0x80,0x40,0x00,
  0x00,0x00,0x00,0x00,0x00,0x00,0x00,0x00,0x00,0x00,0x00,0x00,
  0x00,0x00,0x00,0x00,0x00,0x00,0x00,0x00,0x00,0x00,0x00,0x00,
  0x00,0x00,0x00,0x00,0x00,0x00,0x00,0x00,0x00,0x00,0x00,0x24,
  0x00,0x00,0x00,0x06,0x00,0x00,0x00,0x00,0x00,0x00,0x00,0x18,
  0x00,0x00,0x00,0x00,0x00,0x00,0x00,0x00,0x00,0x00,0x00,0x00,
  0x00,0x10,0x24,0x08,0x80,0x08,0x00,0x00,0x00,0x00,0x00,0x00,
  0x00,0x00,0x00,0x00,0x00,0x00,0x00,0x00,0x00,0x00,0x00,0x00,
  0x00,0x00,0x00,0x00,0x00,0x00,0x00,0x00,0x00,0x00,0x00,0x00,
  0x00,0x00,0x00,0x00,0x00,0x00,0x00,0x00,0x00,0x02,0x00,0x21,
  0x80,0x00,0x00,0x00,0x00,0x00,0x00,0x20,0x00,0x00,0x00,0x00,
  0x10,0x00,0x40,0x09,0x00,0x20,0x40,0x10,0x00,0x40,0x81,0x00,
  0x00,0x00,0x00,0x00,0x00,0x00,0x00,0x00,0x00,0x00,0x00,0x00,
  0x00,0x00,0x00,0x00,0x00,0x00,0x00,0x00,0x00,0x00,0x00,0x00,
  0x00,0x00,0x00,0x00,0x00,0x00,0x00,0x00,0x00,0x00,0x00,0x00,
  0x00,0x00,0x00,0x00,0x00,0x20,0x00,0x00,0x40,0x00,0x00,0x00,
  0x00,0x00,0x00,0xC0,0x00,0x00,0x00,0x00,0x01,0x24,0x08,0x20,
  0x24,0x84,0x08,0x42,0x09,0x04,0x00,0x00,0x00,0x00,0x00,0x00,
  0x00,0x00,0x00,0x00,0x00,0x00,0x00,0x00,0x00,0x00,0x00,0x00,
  0x00,0x00,0x00,0x00,0x00,0x00,0x00,0x00,0x00,0x00,0x00,0x00,
  0x00,0x00,0x00,0x00,0x00,0x00,0x00,0x00,0x00,0x00,0x00,0x00,
  0x00,0x00,0x55,0x50,0x20,0x48,0x00,0x00,0x00,0x00,0x03,0x00,
  0x00,0x00,0x00,0x00,0x00,0x00,0x20,0x80,0x00,0x00,0x81,0x00,
  0x40,0x00,0x00,0x00,0x00,0x00,0x00,0x00,0x00,0x00,0x00,0x00,
  0x00,0x00,0x00,0x00,0x00,0x00,0x00,0x00,0x00,0x00,0x00,0x00,
  0x00,0x00,0x00,0x00,0x00,0x00,0x00,0x00,0x00,0x00,0x00,0x00,
  0x00,0x00,0x00,0x00,0x00,0x00,0x00,0x00,0x02,0x4A,0x00,0x25,
  0x5F,0x57,0xED,0x40,0x00,0x00,0x08,0x00,0x00,0x00,0x00,0x00,
  0x00,0x01,0x00,0x02,0x00,0x00,0x00,0x00,0x00,0x00,0x00,0x00,
  0x00,0x00,0x00,0x00,0x00,0x00,0x00,0x00,0x00,0x00,0x00,0x00,
  0x00,0x00,0x00,0x00,0x00,0x00,0x00,0x00,0x00,0x00,0x00,0x00,
  0x00,0x00,0x00,0x00,0x00,0x00,0x00,0x00,0x00,0x00,0x00,0x00,
  0x00,0x00,0x00,0x04,0x90,0x00,0x56,0xAA,0xF5,0xBA,0xBF,0xE0,
  0x00,0x00,0x10,0x00,0x00,0x00,0x00,0x00,0x40,0x90,0x02,0x08,
  0x49,0x12,0x08,0x08,0x00,0x00,0x00,0x00,0x00,0x00,0x00,0x00,
  0x00,0x00,0x00,0x00,0x00,0x00,0x00,0x00,0x00,0x00,0x00,0x00,
  0x00,0x00,0x00,0x00,0x00,0x00,0x00,0x00,0x00,0x00,0x00,0x00,
  0x00,0x00,0x00,0x00,0x00,0x00,0x00,0x00,0x00,0x01,0x29,0x50,
  0x05,0x55,0x52,0xBF,0xDF,0xFF,0xF4,0x00,0x00,0x00,0x40,0x00,
  0x00,0x00,0x00,0x00,0x08,0x00,0x10,0x20,0x00,0x00,0x00,0x00,
  0x00,0x00,0x00,0x00,0x00,0x00,0x20,0x00,0x00,0x00,0x00,0x00,
  0x00,0x00,0x00,0x00,0x00,0x00,0x00,0x00,0x00,0x00,0x00,0x00,
  0x00,0x00,0x00,0x00,0x00,0x00,0x00,0x00,0x00,0x00,0x00,0x00,
  0x00,0x00,0x00,0x00,0x00,0x24,0x02,0x02,0xB5,0x22,0xAF,0xF7,
  0x7F,0xEE,0x80,0x00,0x00,0x00,0x80,0x00,0x00,0x00,0x00,0x09,
  0x00,0x04,0x80,0x00,0x00,0x00,0x00,0x00,0x00,0x00,0x00,0x00,
  0x00,0x00,0x00,0x00,0x00,0x00,0x00,0x00,0x00,0x00,0x00,0x00,
  0x00,0x00,0x00,0x00,0x00,0x00,0x00,0x00,0x00,0x00,0x00,0x00,
  0x00,0x00,0x00,0x00,0x00,0x00,0x00,0x00,0x00,0x00,0x00,0x00,
  0x24,0x80,0x20,0xDA,0x80,0x5D,0xFE,0xFD,0xFA,0xB8,0x00,0x00,
  0x00,0x02,0x00,0x00,0x00,0x00,0x04,0x80,0x24,0x90,0x02,0x01,
  0x20,0x00,0x00,0x00,0x04,0x00,0x00,0x00,0x00,0x00,0x00,0x00,
  0x00,0x00,0x00,0x00,0x00,0x00,0x00,0x00,0x00,0x00,0x00,0x00,
  0x00,0x00,0x00,0x00,0x00,0x00,0x00,0x00,0x00,0x00,0x00,0x00,
  0x00,0x00,0x00,0x00,0x00,0x00,0x02,0x4A,0x82,0x2A,0xAD,0x00,
  0x2F,0xFF,0xFB,0xDF,0xEF,0xC0,0x00,0x00,0x00,0x08,0x00,0x00,
  0x00,0x00,0x90,0x10,0x01,0x00,0x48,0x48,0x04,0x90,0x44,0x91,
  0x20,0x92,0x49,0x48,0x80,0x00,0x02,0x49,0x24,0x90,0x00,0x04,
  0x48,0x80,0x00,0x01,0x02,0x10,0x00,0x00,0x00,0x44,0x92,0x22,
  0x12,0x44,0x00,0x02,0x11,0x11,0x11,0x11,0x10,0x88,0x88,0x01,
  0x10,0x90,0x90,0x00,0x2A,0xA9,0x00,0x17,0xFF,0xDF,0x6F,0xF7,
  0x78,0x00,0x00,0x00,0x00,0x10,0x00,0x00,0x00,0x48,0x00,0x02,
  0x44,0xA9,0x00,0x00,0x00,0x02,0x00,0x00,0x00,0x00,0x02,0x24,
  0x12,0x49,0x20,0x00,0x00,0x02,0x44,0x90,0x00,0x09,0x12,0x48,
  0x20,0x42,0x49,0x24,0x92,0x00,0x00,0x00,0x55,0x20,0x92,0x48,
  0x40,0x00,0x00,0x00,0x02,0x00,0x01,0x24,0x03,0x56,0x01,0x25,
  0x40,0x00,0x0B,0xFF,0xFD,0xF7,0xFE,0xDD,0xF0,0x00,0x00,0x00,
  0x00,0x40,0x00,0x00,0x04,0x00,0x02,0x40,0x04,0x04,0x01,0x02,
  0x48,0x00,0x10,0x04,0x08,0x41,0x04,0x02,0x00,0x00,0x08,0x00,
  0x02,0x00,0x00,0x00,0x82,0x24,0xA0,0x00,0x04,0x00,0x00,0x00,
  0x00,0x10,0x00,0x88,0x20,0x10,0x00,0x00,0x02,0x04,0x44,0x44,
  0x40,0x22,0x20,0x00,0x42,0x01,0x10,0x08,0x00,0x0B,0xFF,0xFD,
  0xB7,0xBD,0xB7,0xFF,0xB8,0x00,0x00,0x00,0x00,0x80,0x00,0x00,
  0x20,0x02,0x48,0x08,0x20,0x10,0x10,0x20,0x01,0x20,0x82,0x40,
  0x81,0x08,0x22,0x08,0x80,0x04,0x01,0x24,0x90,0x48,0x10,0x02,
  0x08,0x10,0x20,0x82,0x10,0x00,0x20,0x80,0x00,0x81,0x24,0x01,
  0x00,0x22,0x08,0x20,0x08,0x40,0x00,0x00,0x08,0x00,0x04,0x10,
  0x08,0x00,0x44,0x91,0x15,0xFE,0xFE,0xDF,0xFF,0xFF,0xFE,0xB6,
  0xF0,0x00,0x00,0x00,0x01,0x00,0x00,0x01,0x01,0x20,0x00,0x01,
  0x0A,0x44,0x40,0x04,0x00,0x08,0x00,0x08,0x10,0x00,0x04,0x42,
  0x12,0x50,0x90,0x00,0x00,0x01,0x02,0x48,0x20,0x21,0x12,0x10,
  0x40,0x92,0x04,0x12,0x48,0x04,0x00,0x44,0x22,0x20,0x41,0x04,
  0x80,0x08,0x10,0x89,0x01,0x08,0x80,0x82,0x22,0x4A,0x00,0x5E,
  0xFB,0xFF,0xF7,0xFB,0xDD,0xDB,0x77,0x3F,0xF0,0x00,0x00,0x00,
  0x02,0x00,0x00,0x10,0x08,0x04,0x21,0x20,0x04,0x01,0x04,0x80,
  0x92,0x01,0x10,0x20,0x40,0x44,0x80,0x02,0x00,0x00,0x00,0x82,
  0x09,0x10,0x40,0x00,0x01,0x10,0x20,0x00,0x00,0x00,0x80,0x00,
  0x02,0x10,0x02,0x00,0x20,0x81,0x00,0x00,0x20,0x21,0x02,0x00,
  0x20,0x20,0x10,0x08,0x81,0x01,0x25,0x07,0xDF,0xF7,0xBF,0x6E,
  0xFF,0x7F,0xDA,0xDF,0xE0,0x00,0x00,0x00,0x08,0x10,0x01,0x00,
  0x40,0x40,0x84,0x04,0x80,0x84,0x00,0x10,0x00,0x44,0x02,0x02,
  0x05,0x00,0x24,0xA8,0x44,0x82,0x24,0x10,0x40,0x02,0x09,0x11,
  0x04,0x22,0x00,0x44,0x84,0x44,0x12,0x44,0x40,0x40,0x90,0x21,
  0x02,0x28,0x14,0x92,0x04,0x80,0x40,0x20,0x84,0x82,0x02,0x20,
  0x04,0x25,0x00,0x53,0xFF,0x7E,0xFD,0xFF,0xF7,0xF6,0xEF,0xBF,
  0xF0,0x00,0x00,0x00,0x08,0x00,0x04,0x22,0x02,0x08,0x00,0x10,
  0x28,0x44,0x52,0x02,0x48,0x10,0x40,0x88,0x40,0x12,0x02,0x02,
  0x10,0x10,0x00,0x84,0x04,0x40,0x00,0x00,0x20,0x82,0x55,0x00,
  0x11,0x00,0x40,0x01,0x09,0x00,0x04,0x84,0x28,0x20,0x80,0x00,
  0x80,0x0A,0x08,0x0A,0x00,0x00,0x90,0x02,0x52,0x22,0x55,0x00,
  0x57,0xEF,0xF7,0xFF,0xBD,0xAD,0xBA,0xFD,0xE0,0x00,0x00,0x00,
  0x10,0x01,0x28,0x88,0x94,0xA4,0xAA,0x45,0x05,0x12,0x00,0x94,
  0x85,0x44,0x4A,0x42,0x24,0x42,0x48,0x48,0x85,0x44,0xA6,0x22,
  0x22,0x2A,0xB2,0xAA,0x92,0x20,0x80,0x56,0x42,0x33,0x15,0x28,
  0x24,0x26,0x52,0x10,0xA2,0x92,0x26,0xAA,0x29,0x51,0x22,0xA0,
  0x95,0x4A,0x25,0x29,0x02,0x49,0x00,0x54,0xBA,0xBB,0x5F,0x55,
  0x6B,0x7B,0x6F,0x7F,0x80,0x00,0x00,0x00,0x20,0x03,0x99,0x9D,
  0xCC,0xCE,0xE6,0x66,0x44,0x58,0x89,0xCC,0xCC,0xEE,0xE6,0x77,
  0x77,0x77,0x05,0x2A,0x0E,0x66,0x77,0x73,0x7B,0x73,0x73,0x3B,
  0x98,0x16,0xD2,0x67,0x77,0x73,0xBB,0xBB,0xB7,0x73,0x33,0x3A,
  0x22,0xC0,0xE6,0x73,0x33,0xB9,0x9D,0xDC,0xCC,0xE6,0x73,0xB3,
  0xA9,0x2C,0x55,0x02,0x4B,0x55,0xF5,0xFF,0xDE,0xDE,0xF5,0xFE,
  0x00,0x00,0x00,0x00,0x40,0x11,0x9B,0xD9,0xDD,0xCC,0xCE,0x67,
  0x10,0xB4,0x21,0xDD,0xEE,0xCE,0x6E,0xE6,0x77,0x33,0x22,0x5A,
  0x4E,0xEF,0x67,0x37,0x33,0x3B,0x37,0xB3,0x3A,0xA0,0xC0,0xF6,
  0x73,0x37,0x33,0xB3,0x77,0x77,0x77,0xB8,0x88,0xD4,0x77,0x77,
  0x3B,0xBB,0x99,0x9D,0xDE,0xDF,0x77,0x3B,0x84,0xAD,0x24,0xA8,
  0xAD,0xEE,0xAE,0xAA,0xB7,0xEB,0xBF,0x60,0x00,0x00,0x00,0x00,
  0x40,0x03,0x99,0x9D,0x8C,0xCE,0xE6,0xF6,0x44,0x94,0x84,0xCC,
  0xCC,0xEC,0xE6,0x77,0x66,0x77,0x14,0x4A,0x2E,0x66,0x76,0x73,
  0x7B,0x73,0x73,0x39,0x98,0x16,0xD4,0x67,0x37,0x73,0xB9,0x9B,
  0x76,0x63,0x33,0x32,0x26,0xA2,0xE6,0x73,0x33,0x19,0xBD,0xDD,
  0x69,0x44,0x92,0xF5,0x92,0x4A,0x92,0x4A,0x15,0x37,0x77,0xDF,
  0xFA,0xBE,0xEF,0xC0,0x00,0x00,0x00,0x00,0x80,0x00,0x10,0x80,
  0x48,0x88,0x08,0x24,0x14,0x84,0x10,0x88,0x84,0x44,0x44,0x42,
  0x22,0xA1,0x42,0xA2,0x00,0x4A,0x42,0x22,0x92,0x22,0x22,0x92,
  0x29,0x52,0x22,0xA4,0x42,0x12,0x12,0x29,0x02,0x24,0x52,0x90,
  0xA8,0x90,0x52,0x22,0x2B,0x75,0xAA,0x40,0x15,0x7B,0x6F,0x7F,
  0xA2,0xA9,0x25,0x25,0x55,0xDA,0xDA,0xB5,0x57,0xEB,0xBA,0x00,
  0x00,0x00,0x00,0x00,0x82,0x40,0x84,0x08,0x12,0x22,0x42,0x01,
  0x44,0x24,0x84,0x22,0x22,0x11,0x09,0x08,0x08,0x08,0x12,0x08,
  0xA5,0x21,0x10,0x88,0x21,0x08,0x88,0x40,0x84,0x20,0x90,0x11,
  0x20,0xA4,0x40,0x80,0xA1,0x12,0x80,0x4A,0x22,0x25,0x05,0x49,
  0xA9,0x00,0x00,0x07,0xFF,0xFF,0xFF,0xD0,0x0A,0x4A,0x48,0x91,
  0x4A,0xAF,0x6E,0xFF,0xFD,0x7F,0xE0,0x00,0x00,0x00,0x00,0x00,
  0x28,0x12,0x22,0x42,0x80,0x88,0x28,0xAA,0x12,0x84,0x51,0x10,
  0x88,0x84,0x20,0xA2,0xA2,0xA2,0x88,0xA2,0x10,0x88,0xA4,0x45,
  0x4A,0x52,0x22,0x95,0x22,0x95,0x25,0x4A,0x4A,0x11,0x15,0x2A,
  0x14,0xA4,0x2A,0x81,0x29,0x52,0xDA,0xA4,0x00,0x01,0x5B,0xFF,
  0xFF,0xEF,0xF4,0x25,0x52,0xA2,0x95,0x55,0x57,0x75,0xBB,0xAA,
  0xAF,0xDC,0x00,0x00,0x00,0x00,0x00,0x00,0x81,0x08,0x88,0x28,
  0x54,0x22,0x82,0x00,0x84,0x52,0x04,0x8A,0x22,0x51,0x4A,0x10,
  0x10,0x08,0x46,0x15,0x4A,0x25,0x09,0x28,0x84,0x04,0x94,0x20,
  0x94,0x42,0x24,0x21,0x24,0xA4,0xA2,0x09,0x42,0x11,0x04,0xB5,
  0x6A,0xA8,0x00,0x00,0xAA,0xFF,0xFF,0xFB,0x6D,0xFD,0x4A,0x95,
  0x4A,0x15,0x49,0x2A,0xAA,0xDE,0xED,0xFF,0xFB,0xE0,0x00,0x00,
  0x00,0x00,0x00,0x00,0x54,0x52,0x22,0x82,0x02,0x90,0x51,0x54,
  0x51,0x04,0xA8,0x51,0x14,0x88,0x11,0x4A,0xA5,0x52,0xA9,0x44,
  0x91,0x48,0xA4,0x85,0x29,0x51,0x21,0x4A,0x42,0x28,0xA9,0x4A,
  0x49,0x12,0x14,0xA4,0x29,0x4A,0xF6,0x88,0x80,0x00,0x00,0xAF,
  0xFF,0xFF,0xEE,0xDF,0xFF,0x44,0x24,0xA0,0xA5,0x55,0x2A,0xAA,
  0xAD,0xB5,0xBE,0xAA,0xDE,0x00,0x00,0x00,0x00,0x00,0x00,0x00,
  0x51,0x08,0x88,0x29,0x54,0x4A,0x88,0x09,0x0C,0x54,0x02,0x84,
  0xA1,0x25,0x4A,0x24,0x92,0x24,0x12,0x2A,0x4A,0x25,0x12,0x50,
  0x92,0x4A,0x4A,0x22,0x29,0x52,0x24,0x91,0x24,0xA4,0xA2,0x55,
  0xAA,0xB5,0x00,0x00,0x00,0x2B,0xFF,0xFF,0x7F,0xB6,0xBF,0xFF,
  0x68,0x92,0xAA,0x4D,0x15,0x4A,0xAA,0xAB,0x76,0xEF,0xEB,0xFF,
  0xE0,0x00,0x00,0x00,0x00,0x00,0x00,0x00,0x2D,0x62,0x22,0x80,
  0x01,0x21,0x25,0x52,0x55,0x25,0x54,0x52,0x14,0x92,0x44,0x92,
  0x49,0x49,0x4A,0x96,0x91,0x48,0xA9,0x2A,0x44,0x91,0x21,0x49,
  0x49,0x2D,0xE9,0x24,0x92,0x55,0x5B,0x52,0x00,0x00,0x00,0x15,
  0x5F,0xFF,0xFF,0xFB,0xD5,0xFF,0xFF,0x68,0x85,0x2A,0x91,0x52,
  0xAA,0xAB,0x55,0x6D,0xAF,0x7A,0xBE,0xDD,0x00,0x00,0x00,0x00,
  0x00,0x00,0x00,0x00,0x35,0x54,0x94,0x55,0x5C,0x8A,0x12,0x44,
  0x87,0xFC,0x89,0x09,0x44,0x49,0x29,0x49,0x24,0x92,0xA7,0xFA,
  0x4A,0x25,0x14,0x95,0x55,0x54,0x94,0x24,0x94,0x9B,0x64,0x95,
  0x5A,0x92,0x00,0x00,0x00,0x4A,0xB7,0xFF,0xFF,0xFE,0xDB,0x6F,
  0x7F,0x6D,0xE9,0x05,0x28,0xA4,0xAA,0xAA,0xAB,0xFE,0xAB,0xB6,
  0xF5,0xAF,0xEF,0xE0,0x00,0x00,0x00,0x00,0x00,0x00,0x00,0x00,
  0x0A,0xAA,0xA2,0x09,0x25,0x24,0xA4,0x91,0x28,0x02,0x52,0xA4,
  0xAA,0x92,0x92,0x24,0x92,0x49,0x10,0x02,0xA4,0x92,0x42,0xA0,
  0x20,0x95,0x55,0x92,0x22,0x44,0x9B,0x52,0x20,0x00,0x00,0x00,
  0x55,0xFD,0xFE,0xFB,0xF7,0xB7,0xFF,0xFD,0xF7,0xFB,0x10,0xB2,
  0x55,0x2A,0x95,0x55,0x55,0x25,0xFD,0x6F,0x5F,0xFB,0x7D,0x00,
  0x00,0x00,0x00,0x00,0x00,0x00,0x00,0x00,0x0F,0xB6,0xAA,0xD2,
  0x42,0x52,0x49,0x24,0x92,0xA9,0x08,0x52,0x11,0x28,0x49,0x52,
  0x49,0x24,0xAA,0xA9,0x12,0xA9,0x54,0x04,0x84,0x00,0x02,0x6D,
  0xAD,0xB5,0x20,0x00,0x00,0x00,0x55,0x7F,0xFF,0x40,0x5F,0xDF,
  0x7D,0xFE,0xDD,0xB7,0xDD,0x04,0x4A,0x89,0x22,0xA5,0x55,0x2A,
  0xAA,0xDA,0xA7,0xBB,0xF5,0x6F,0xD0,0x00,0x00,0x00,0x00,0x00,
  0x00,0x00,0x00,0x00,0x02,0xDA,0xAA,0xA9,0x29,0x09,0x24,0x92,
  0x48,0x44,0xA5,0x29,0x4A,0x45,0x55,0x2A,0xAA,0x95,0x25,0x4A,
  0x54,0x84,0x00,0x00,0x00,0x02,0x55,0x52,0x52,0x00,0x00,0x00,
  0x02,0xAF,0xFF,0xFF,0x40,0x0B,0x5B,0xFF,0xEF,0xF7,0xFF,0xFF,
  0xA2,0x55,0x52,0x55,0x55,0x54,0xAA,0xAA,0xDD,0xB7,0x7A,0xED,
  0x5F,0xFC,0x00,0x00,0x00,0x00,0x00,0x00,0x00,0x00,0x00,0x00,
  0x01,0xEB,0x76,0xAD,0x54,0xAA,0x92,0x49,0x25,0x2A,0x52,0x8A,
  0xA9,0x2A,0x92,0x92,0x52,0x52,0x92,0x29,0x4A,0x50,0x00,0x24,
  0x95,0xFA,0xA8,0x00,0x00,0x08,0x00,0x55,0xFF,0xFD,0xB6,0x80,
  0x1B,0xB5,0xB6,0xDB,0x7F,0x7F,0xF7,0xFE,0xD9,0x29,0x29,0x52,
  0x94,0x95,0x55,0xB7,0x6B,0x7B,0xAF,0x7F,0xFF,0xA0,0x00,0x00,
  0x00,0x00,0x00,0x00,0x00,0x00,0x00,0x00,0x00,0x7D,0xAB,0x6A,
  0xAB,0x54,0x49,0x25,0x52,0x91,0x09,0x52,0x4A,0xA4,0x49,0x49,
  0x29,0x49,0x55,0x54,0xA9,0x00,0xAB,0xAB,0x55,0x00,0x01,0x10,
  0x09,0x71,0x57,0xFF,0xB6,0xF7,0xFD,0x2A,0xEA,0xD6,0xDF,0xFF,
  0xFB,0xDD,0xBE,0xEF,0x56,0xA4,0x95,0x2A,0x55,0x6B,0x6E,0xDA,
  0xBD,0xD6,0xF5,0xD5,0xF4,0x00,0x00,0x00,0x00,0x00,0x00,0x00,
  0x00,0x00,0x00,0x00,0x00,0x2B,0x7D,0xAB,0x55,0x6B,0xB6,0xDA,
  0xAA,0xAA,0xED,0x55,0x55,0x55,0xAD,0x35,0xA6,0xB5,0x55,0x53,
  0x50,0x05,0x54,0x48,0xA0,0x00,0x00,0x02,0xF6,0xDF,0xFF,0xDF,
  0xFF,0xDF,0x52,0xD5,0xBE,0xAB,0x6A,0xB5,0xAF,0xF7,0xFB,0xFB,
  0xE9,0xAB,0x6A,0xD5,0xAB,0x5D,0xB5,0x6D,0xD7,0x7D,0xBF,0x7F,
  0xA0,0x00,0x00,0x00,0x00,0x00,0x00,0x00,0x00,0x00,0x00,0x00,
  0x00,0x0F,0xD6,0xDD,0xBE,0xAC,0xAA,0xAA,0xAA,0xAD,0x2A,0xAA,
  0xAA,0xAA,0xB5,0xD6,0xBA,0xD6,0xAA,0xAD,0x22,0x2A,0x89,0x25,
  0x08,0x00,0x12,0xAA,0x00,0xFF,0x7B,0x7B,0x77,0xF0,0x00,0x00,
  0x0A,0xFD,0xB7,0xFF,0xFD,0xBF,0x6F,0xBF,0x7F,0x5A,0xAB,0x56,
  0xDD,0xB6,0xDB,0xB7,0x7B,0xAF,0xDB,0xFA,0x00,0x00,0x00,0x00,
  0x00,0x00,0x00,0x00,0x00,0x00,0x00,0x00,0x00,0x03,0x7B,0x6A,
  0xD5,0xD6,0xD5,0x55,0x56,0xB5,0xAA,0xDB,0x6D,0x6D,0x55,0x55,
  0x4B,0x5A,0xDB,0x68,0x88,0x52,0x40,0x80,0x00,0x57,0xD4,0x40,
  0x5E,0xAD,0xEF,0xFF,0xFE,0xB0,0x01,0x02,0x40,0x06,0xDA,0xAD,
  0xBF,0xFB,0xFF,0xFB,0xEA,0xEA,0xDA,0xBA,0xB5,0x6B,0x6E,0xDD,
  0xDD,0xF5,0x7F,0xA0,0x00,0x00,0x00,0x00,0x00,0x00,0x00,0x00,
  0x00,0x00,0x00,0x00,0x00,0x01,0xEF,0xBF,0x6E,0xB5,0x6E,0xDB,
  0x6A,0xD5,0x5B,0x55,0xB5,0xB6,0xDA,0xAD,0xB5,0x6B,0x55,0x55,
  0x01,0x00,0x00,0x14,0x57,0x68,0x01,0x2F,0x65,0x77,0xFF,0xFF,
  0xBB,0xD1,0x04,0x08,0x09,0x49,0x77,0x7F,0xED,0xAF,0x65,0x4D,
  0x2D,0x57,0x56,0xD5,0xD7,0xBD,0xB5,0xF7,0x6E,0xBF,0xF4,0x00,
  0x00,0x00,0x00,0x00,0x00,0x00,0x00,0x00,0x00,0x00,0x00,0x00,
  0x00,0x00,0x3D,0xEA,0xDA,0xDB,0xB3,0x55,0x5B,0x55,0x6D,0x6D,
  0x56,0xAB,0x6B,0x76,0xDB,0x55,0x6D,0xA2,0x51,0x04,0x95,0x7F,
  0xFD,0xA5,0x6E,0xD5,0x5B,0xAE,0xBD,0xB6,0xFF,0xD8,0x00,0x00,
  0x00,0x00,0x3D,0xD6,0xFF,0xFD,0xDA,0xB5,0xD6,0xB5,0x6B,0x6E,
  0xBA,0xD6,0xEF,0x5D,0xFB,0xEF,0xA0,0x00,0x00,0x00,0x00,0x00,
  0x00,0x00,0x00,0x00,0x00,0x00,0x00,0x00,0x00,0x00,0x0F,0x7F,
  0xBD,0xB6,0xAD,0x6D,0xAD,0x5B,0xAA,0xB6,0xDA,0xDA,0xAD,0xAA,
  0xAD,0xBB,0xB6,0x94,0x8A,0x52,0xB6,0xFB,0x42,0x12,0xAB,0xBA,
  0xAD,0x77,0xEF,0xFF,0xEF,0xE0,0x00,0x00,0x00,0x24,0x9F,0x7F,
  0x56,0xDF,0xAE,0xD6,0xBB,0x5B,0x5D,0xB5,0xD7,0x7B,0xBB,0xF7,
  0x5F,0xBA,0x00,0x00,0x00,0x00,0x00,0x00,0x00,0x00,0x00,0x00,
  0x00,0x00,0x00,0x00,0x00,0x00,0x01,0xD5,0xEF,0xDB,0x76,0xB6,
  0xD5,0xAD,0x6D,0xD5,0x6B,0x6D,0xB6,0xB7,0x76,0xD6,0xDA,0x42,
  0x23,0xBE,0xFF,0xDE,0x00,0x00,0x00,0x4F,0xF6,0xDA,0xFB,0x6D,
  0xFF,0xC8,0x00,0x00,0x00,0x00,0x1F,0xEB,0xFF,0xF6,0xE1,0xB5,
  0x55,0xED,0xEA,0xDB,0x6D,0xAE,0xEE,0xBD,0xFE,0xE0,0x00,0x00,
  0x00,0x00,0x00,0x00,0x00,0x00,0x00,0x00,0x00,0x00,0x00,0x00,
  0x00,0x00,0x00,0x7F,0x75,0x7D,0xDB,0xDA,0xBA,0xF6,0xB6,0xBB,
  0xB6,0xB6,0xDA,0xDB,0xAD,0x6D,0x6D,0x29,0x55,0xEF,0xDD,0xFB,
  0x10,0x10,0x09,0x00,0x1D,0xAF,0x6F,0xFF,0xBB,0xE4,0x00,0x00,
  0x08,0x00,0x1A,0xFF,0xFF,0x7F,0xFE,0xDB,0xEE,0xB6,0xBF,0x6E,
  0xDE,0xFB,0xBF,0xEF,0xF5,0x00,0x00,0x00,0x00,0x00,0x00,0x00,
  0x00,0x00,0x00,0x00,0x00,0x00,0x00,0x00,0x00,0x00,0x00,0x0F,
  0xDF,0xD7,0x6D,0x6D,0xD7,0x5B,0xDB,0x56,0xDB,0xDB,0x6D,0xAD,
  0x77,0xB7,0xB1,0x4A,0x24,0xFB,0xFF,0xFD,0x01,0x01,0x00,0x21,
  0x43,0x75,0xFD,0xB6,0xEF,0xE0,0x08,0x91,0x21,0x41,0x1D,0xBE,
  0xF7,0xFB,0xBB,0x6D,0x5B,0x5B,0x6A,0xDB,0xB7,0xAE,0xF5,0xBE,
  0x8C,0x00,0x00,0x00,0x00,0x00,0x00,0x00,0x00,0x00,0x00,0x00,
  0x00,0x00,0x00,0x00,0x00,0x00,0x00,0x01,0x7D,0xFD,0xFF,0xB7,
  0x7D,0xAD,0x6D,0xFB,0x6D,0x6D,0xD7,0x77,0xDD,0xDD,0x6D,0x55,
  0xAA,0xBF,0x7F,0xBD,0x00,0x00,0x00,0x84,0x13,0xDE,0xAF,0xFF,
  0xFF,0xEC,0x40,0x04,0x04,0x14,0x55,0x7F,0xDD,0xAE,0xED,0xB7,
  0x6D,0xED,0xDD,0xFE,0xFD,0xFB,0xDF,0xF4,0x00,0x00,0x00,0x00,
  0x00,0x00,0x00,0x00,0x00,0x00,0x00,0x00,0x00,0x00,0x00,0x00,
  0x00,0x00,0x00,0x00,0x2F,0x6F,0x55,0xFD,0xD6,0xF7,0xB7,0x57,
  0xBB,0xB6,0xFB,0xDD,0x6E,0xB7,0xAA,0xAA,0xB6,0xBF,0xF6,0xFC,
  0x80,0x00,0x00,0x00,0x43,0xF7,0xFA,0xDB,0xBE,0xF4,0x04,0x80,
  0x01,0x00,0x1C,0x97,0xE6,0xF7,0x77,0xDB,0xBB,0x77,0x77,0x57,
  0xAE,0xDF,0x7E,0x80,0x00,0x00,0x00,0x00,0x00,0x00,0x00,0x00,
  0x00,0x00,0x00,0x00,0x00,0x00,0x00,0x00,0x00,0x00,0x00,0x00,
  0x02,0xFB,0xFF,0x57,0x7B,0xBD,0x7D,0xFD,0x6E,0xDD,0xAD,0x7F,
  0xBB,0xFA,0xED,0x6D,0x55,0x57,0xDF,0xFC,0x00,0x00,0x00,0x00,
  0x01,0xBD,0x5F,0xFE,0xF7,0xE8,0x50,0x52,0xAA,0x55,0x0E,0xAD,
  0x6B,0xBB,0xAD,0x7D,0xEF,0xBD,0xDD,0xFA,0xFB,0xF7,0xE8,0x00,
  0x00,0x00,0x00,0x00,0x00,0x00,0x00,0x00,0x00,0x00,0x00,0x00,
  0x00,0x00,0x00,0x00,0x00,0x00,0x00,0x00,0x00,0x1F,0xB7,0xFF,
  0xDE,0xEF,0xD7,0x57,0xFB,0xF7,0xFF,0xD5,0xED,0x5F,0xB7,0xB5,
  0xAA,0xD5,0x7F,0xFC,0x80,0x10,0x20,0x82,0x05,0xD7,0xED,0xEF,
  0xFF,0xF5,0x05,0x08,0x14,0x88,0xBB,0xFB,0xFA,0xDD,0xFF,0xD6,
  0xBA,0xD7,0x77,0xBF,0xEF,0x7D,0x00,0x00,0x00,0x00,0x00,0x00,
  0x00,0x00,0x00,0x00,0x00,0x00,0x00,0x00,0x00,0x00,0x00,0x00,
  0x00,0x00,0x00,0x00,0x00,0x00,0xFD,0x6D,0x77,0xBA,0xFD,0xFD,
  0x5E,0xBD,0x55,0x7E,0xBF,0xF5,0xDA,0xDE,0xDD,0xB7,0xEA,0xDE,
  0x84,0x44,0x84,0x10,0x91,0xBF,0xF7,0xBF,0xFE,0xF4,0x50,0xA2,
  0xA2,0x52,0x4E,0xEE,0xBF,0x77,0x55,0x7F,0xEF,0xFD,0xFE,0xED,
  0xBF,0xD0,0x00,0x00,0x00,0x00,0x00,0x00,0x00,0x00,0x00,0x00,
  0x00,0x00,0x00,0x00,0x00,0x00,0x00,0x00,0x00,0x00,0x00,0x00,
  0x00,0x00,0x07,0xFF,0xDD,0xFF,0xB7,0x6F,0xF7,0xD7,0xFF,0xDB,
  0xEB,0x7F,0x77,0x6B,0x76,0xDA,0xBF,0xBE,0xA0,0x00,0x00,0x42,
  0x05,0x83,0x7F,0xFF,0x6F,0xFD,0x0A,0x10,0x4A,0x8A,0xBF,0xBF,
  0xFF,0xFD,0xFF,0xDB,0x7D,0x6F,0xAF,0xFF,0xF8,0x00,0x00,0x00,
  0x00,0x00,0x00,0x00,0x00,0x00,0x00,0x00,0x00,0x00,0x00,0x00,
  0x00,0x00,0x00,0x00,0x00,0x00,0x00,0x00,0x00,0x00,0x00,0x0B,
  0xFF,0xAB,0xFF,0xFB,0x6D,0x7E,0xDB,0x7F,0x7F,0xD7,0xDD,0xFD,
  0xDB,0xBF,0xED,0xFE,0x82,0x49,0x24,0x88,0x51,0x55,0xFF,0xFB,
  0xFD,0xED,0x65,0x57,0x55,0x6B,0x5F,0xFF,0xFA,0xAF,0xB6,0xFD,
  0xEF,0xFD,0xFB,0x76,0x80,0x00,0x00,0x00,0x00,0x00,0x00,0x00,
  0x00,0x00,0x00,0x00,0x00,0x00,0x00,0x00,0x00,0x00,0x00,0x00,
  0x00,0x00,0x00,0x00,0x00,0x00,0x00,0x00,0x0A,0xFF,0x6D,0xAF,
  0xFF,0xED,0xF7,0xD5,0xED,0x7D,0x7F,0xB7,0xFE,0xEA,0xBE,0xFE,
  0x91,0x12,0x12,0x45,0x05,0xEA,0x97,0x7F,0xFF,0xFD,0x55,0x54,
  0xAD,0xAD,0x5F,0xFF,0xEF,0xFB,0xFF,0xAF,0xBD,0xB7,0xFF,0xD0,
  0x00,0x00,0x00,0x00,0x00,0x00,0x00,0x00,0x00,0x00,0x00,0x00,
  0x00,0x00,0x00,0x00,0x00,0x00,0x00,0x00,0x00,0x00,0x00,0x00,
  0x00,0x00,0x00,0x00,0x00,0x00,0xAE,0xFD,0xBB,0xFF,0xBF,0x7F,
  0xFF,0xFF,0xF6,0xFE,0xD7,0xBF,0xEB,0xBE,0xC8,0x40,0xA8,0x90,
  0xA9,0xBF,0xFB,0xEF,0x6D,0xF5,0x55,0x55,0x55,0x55,0x5E,0xFF,
  0xFD,0xDE,0xDB,0xFD,0xF7,0xFF,0x50,0x00,0x00,0x00,0x00,0x00,
  0x00,0x00,0x00,0x00,0x00,0x00,0x00,0x00,0x00,0x00,0x00,0x00,
  0x00,0x00,0x00,0x00,0x00,0x00,0x00,0x00,0x00,0x00,0x00,0x00,
  0x00,0x00,0x00,0x00,0x04,0x00,0xC0,0x90,0x01,0x01,0x5F,0xEF,
  0xFE,0xF6,0xBF,0x6F,0xA5,0x15,0x04,0x55,0x25,0xF6,0xDF,0xFB,
  0xFE,0xFD,0x55,0x55,0xAA,0xB5,0xBF,0xFF,0xDF,0x7F,0xFE,0xF7,
  0xFF,0x50,0x00,0x00,0x00,0x00,0x00,0x00,0x00,0x00,0x00,0x00,
  0x00,0x00,0x00,0x00,0x00,0x00,0x00,0x00,0x00,0x00,0x00,0x00,
  0x00,0x00,0x00,0x00,0x00,0x00,0x00,0x00,0x00,0x00,0x00,0x00,
  0x00,0x00,0x60,0x00,0x00,0x00,0x00,0x15,0xBF,0xFF,0xF7,0xFE,
  0xC8,0xAA,0xB3,0x55,0x55,0xFF,0xFF,0xFE,0xB6,0xFD,0x55,0x56,
  0xAD,0xAE,0xDF,0xFE,0xFF,0xF7,0x77,0xDE,0x80,0x00,0x00,0x00,
  0x00,0x00,0x00,0x00,0x00,0x00,0x00,0x00,0x00,0x00,0x00,0x00,
  0x00,0x00,0x00,0x00,0x00,0x00,0x00,0x00,0x00,0x00,0x00,0x00,
  0x00,0x00,0x00,0x00,0x00,0x00,0x00,0x00,0x00,0x00,0x00,0x00,
  0x00,0x00,0x00,0x00,0x02,0xDF,0xDD,0xBF,0xAB,0x52,0xAA,0xAA,
  0xDB,0xFF,0xFF,0x57,0xFF,0xED,0x5B,0x6A,0xD6,0xF5,0xFF,0xF7,
  0xEA,0x49,0x80,0x00,0x00,0x00,0x00,0x00,0x00,0x00,0x00,0x00,
  0x00,0x00,0x00,0x00,0x00,0x00,0x00,0x00,0x00,0x00,0x00,0x00,
  0x00,0x00,0x00,0x00,0x00,0x00,0x00,0x00,0x00,0x00,0x00,0x00,
  0x00,0x00,0x00,0x00,0x00,0x00,0x00,0x00,0x00,0x00,0x00,0x00,
  0x00,0x00,0x7F,0xEE,0xD4,0xAA,0xAA,0xAA,0xAB,0xDF,0xBD,0xFD,
  0xAA,0xFF,0xED,0xBF,0x7B,0x5F,0x5F,0xFD,0x00,0x01,0x80,0x00,
  0x00,0x00,0x00,0x00,0x00,0x00,0x00,0x00,0x00,0x00,0x00,0x00,
  0x00,0x00,0x00,0x00,0x00,0x00,0x00,0x00,0x00,0x00,0x00,0x00,
  0x00,0x00,0x00,0x00,0x00,0x00,0x00,0x00,0x00,0x00,0x00,0x00,
  0x00,0x00,0x00,0x00,0x00,0x00,0x00,0x00,0x00,0x00,0x00,0x3F,
  0xAA,0xAA,0xAA,0xD5,0x55,0xFD,0xFF,0xEF,0xFF,0x7A,0xB6,0xD5,
  0xAE,0xEB,0xFE,0x80,0x00,0x00,0x00,0x00,0x00,0x00,0x00,0x00,
  0x00,0x00,0x00,0x00,0x00,0x00,0x00,0x00,0x00,0x00,0x00,0x00,
  0x00,0x00,0x00,0x00,0x00,0x00,0x00,0x00,0x00,0x00,0x00,0x00,
  0x00,0x00,0x00,0x00,0x00,0x00,0x00,0x00,0x00,0x00,0x00,0x00,
  0x00,0x00,0x00,0x00,0x00,0x00,0x00,0x2F,0xD5,0x55,0x55,0x5B,
  0xB5,0xFF,0xFF,0x7D,0xBD,0xFF,0x6F,0xFF,0xFB,0xBE,0xA0,0x00,
  0x00,0x00,0x00,0x00,0x00,0x00,0x00,0x00,0x00,0x00,0x00,0x00,
  0x00,0x00,0x00,0x00,0x00,0x00,0x00,0x00,0x00,0x00,0x00,0x00,
  0x00,0x00,0x00,0x00,0x00,0x00,0x00,0x00,0x00,0x00,0x00,0x00,
  0x00,0x00,0x00,0x00,0x00,0x00,0x00,0x00,0x00,0x00,0x00,0x00,
  0x00,0x00,0x00,0x1F,0xAA,0xAB,0x6D,0xAD,0x6F,0xFF,0xFD,0xFF,
  0xF7,0x7B,0xFA,0xB5,0x5E,0xF7,0xE0,0x00,0x00,0x00,0x00,0x00,
  0x00,0x00,0x00,0x00,0x00,0x00,0x00,0x00,0x00,0x00,0x00,0x00,
  0x00,0x00,0x00,0x00,0x00,0x00,0x00,0x00,0x00,0x00,0x00,0x00,
  0x00,0x00,0x00,0x00,0x00,0x00,0x00,0x00,0x00,0x00,0x00,0x00,
  0x00,0x00,0x00,0x00,0x00,0x00,0x00,0x00,0x00,0x00,0x00,0x2E,
  0xFF,0x7D,0xB6,0xF6,0xDB,0xFD,0x56,0xA5,0x5B,0xBE,0xBF,0xFF,
  0xF7,0xDF,0xE0,0x00,0x00,0x00,0x00,0x00,0x00,0x00,0x00,0x00,
  0x00,0x00,0x00,0x00,0x00,0x00,0x00,0x00,0x00,0x00,0x00,0x00,
  0x00,0x00,0x00,0x00,0x00,0x00,0x00,0x00,0x00,0x00,0x00,0x00,
  0x00,0x00,0x00,0x00,0x00,0x00,0x00,0x00,0x00,0x00,0x00,0x00,
  0x00,0x00,0x00,0x00,0x00,0x00,0x00,0x1F,0xAA,0xD6,0xED,0xAD,
  0xEF,0xE8,0x00,0x00,0x00,0xFB,0xED,0xAE,0xFF,0xFA,0x00,0x00,
  0x00,0x00,0x00,0x00,0x00,0x00,0x00,0x00,0x00,0x00,0x00,0x00,
  0x00,0x00,0x00,0x00,0x00,0x00,0x00,0x00,0x00,0x00,0x00,0x00,
  0x00,0x00,0x00,0x00,0x00,0x00,0x00,0x00,0x00,0x00,0x00,0x00,
  0x00,0x00,0x00,0x00,0x00,0x00,0x00,0x00,0x00,0x00,0x00,0x00,
  0x00,0x00,0x00,0x1F,0xF7,0x7B,0xBB,0xFB,0x7B,0x00,0x00,0x00,
  0x00,0x3F,0xFF,0xFF,0xFA,0x00,0x00,0x00,0x00,0x00,0x00,0x00,
  0x00,0x00,0x00,0x00,0x00,0x00,0x00,0x00,0x00,0x00,0x00,0x00,
  0x00,0x00,0x00,0x00,0x00,0x00,0x00,0x00,0x00,0x00,0x00,0x00,
  0x00,0x00,0x00,0x00,0x00,0x00,0x00,0x00,0x00,0x00,0x00,0x00,
  0x00,0x00,0x00,0x00,0x00,0x00,0x00,0x00,0x00,0x00,0x00,0x17,
  0xBD,0xD7,0xEE,0xAF,0xAE,0x00,0x00,0x00,0x00,0x00,0x55,0x6A,
  0x04,0x00,0x00,0x00,0x00,0x00,0x00,0x00,0x00,0x00,0x00,0x00,
  0x00,0x00,0x00,0x00,0x00,0x00,0x00,0x00,0x00,0x00,0x00,0x00,
  0x00,0x00,0x00,0x00,0x00,0x00,0x00,0x00,0x00,0x00,0x00,0x00,
  0x00,0x00,0x00,0x00,0x00,0x00,0x00,0x00,0x00,0x00,0x00,0x00,
  0x00,0x00,0x00,0x00,0x00,0x00,0x00,0x1F,0xD7,0x7D,0x7B,0xFD,
  0xFC,0x00,0x00,0x00,0x00,0x00,0x00,0x00,0x04,0x00,0x00,0x00,
  0x00,0x00,0x00,0x00,0x00,0x00,0x00,0x00,0x00,0x00,0x00,0x00,
  0x00,0x00,0x00,0x00,0x00,0x00,0x00,0x00,0x00,0x00,0x00,0x00,
  0x00,0x00,0x00,0x00,0x00,0x00,0x00,0x00,0x00,0x00,0x00,0x00,
  0x00,0x00,0x00,0x00,0x00,0x00,0x00,0x00,0x00,0x00,0x00,0x00,
  0x00,0x00,0x00,0x0F,0x7D,0xEF,0xDF,0x6F,0xFE,0x00,0x00,0x00,
  0x00,0x00,0x00,0x00,0x00,0x00,0x00,0x00,0x00,0x00,0x00,0x00,
  0x00,0x00,0x00,0x00,0x00,0x00,0x00,0x00,0x00,0x00,0x00,0x00,
  0x00,0x00,0x00,0x00,0x00,0x00,0x00,0x00,0x00,0x00,0x00,0x00,
  0x00,0x00,0x00,0x00,0x00,0x00,0x00,0x00,0x00,0x00,0x00,0x00,
  0x00,0x00,0x00,0x00,0x00,0x00,0x00,0x00,0x00,0x00,0x00,0x05,
  0xFF,0xBE,0xFF,0xFA,0x00,0x00,0x00,0x00,0x00,0x00,0x00,0x00,
  0x00,0x00,0x00,0x00,0x00,0x00,0x00,0x00,0x00,0x00,0x00,0x00,
  0x00,0x00,0x00,0x00,0x00,0x00,0x00,0x00,0x00,0x00,0x00,0x00,
  0x00,0x00,0x00,0x00,0x00,0x00,0x00,0x00,0x00,0x00,0x00,0x00,
  0x00,0x00,0x00,0x00,0x00,0x00,0x00,0x00,0x00,0x00,0x00,0x00,
  0x00,0x00,0x00,0x00,0x00,0x00,0x00,0x00,0xAB,0xFF,0xD4,0x80,
  0x00,0x00,0x00,0x00,0x00,0x00,0x00,0x00,0x00,0x00,0x00,0x00,
  0x00,0x00,0x00,0x00,0x00,0x00,0x00,0x00,0x00,0x00,0x00,0x00,
  0x00,0x00,0x00,0x00,0x00,0x00,0x00,0x00,0x00,0x00,0x00,0x00,
  0x00,0x00,0x00,0x00,0x00,0x00,0x00,0x00,0x00,0x00,0x00,0x00,
  0x00,0x00,0x00,0x00,0x00,0x00,0x00,0x00,0x00,0x00,0x00,0x00,
  0x00,0x00,0x00,0x00,0x00,0x00,0x00,0x00,0x00,0x00,0x00,0x00,
  0x00,0x00,0x00,0x00,0x00,0x00,0x00,0x00,0x00,0x00,0x00,0x00,
  0x00,0x00,0x00,0x00,0x00,0x00,0x00,0x00,0x00,0x00,0x00,0x00,
  0x00,0x00,0x00,0x00,0x00,0x00,0x00,0x00,0x00,0x00,0x00,0x00,
};

// DoubleDecker.png  (540x180)
static const uint8_t art_doubledecker[] PROGMEM = {
  0x00,0x00,0x00,0x00,0x00,0x00,0x00,0x00,0x00,0x00,0x00,0x00,
  0x00,0x00,0x00,0x00,0x00,0x00,0x00,0x00,0x00,0x00,0x00,0x00,
  0x00,0x00,0x00,0x00,0x00,0x00,0x00,0x00,0x00,0x00,0x00,0x00,
  0x00,0x00,0x00,0x00,0x00,0x00,0x00,0x00,0x00,0x00,0x00,0x00,
  0x00,0x00,0x00,0x00,0x00,0x00,0x00,0x00,0x00,0x00,0x00,0x00,
  0x00,0x00,0x00,0x00,0x12,0xAA,0xA9,0x00,0x00,0x00,0x00,0x00,
  0x00,0x00,0x00,0x00,0x00,0x00,0x00,0x00,0x00,0x00,0x00,0x00,
  0x00,0x00,0x00,0x00,0x00,0x00,0x00,0x00,0x00,0x00,0x00,0x00,
  0x00,0x00,0x00,0x00,0x00,0x00,0x00,0x00,0x00,0x00,0x00,0x00,
  0x00,0x00,0x00,0x00,0x00,0x00,0x00,0x00,0x00,0x00,0x00,0x00,
  0x00,0x00,0x00,0x00,0x00,0x00,0x00,0x00,0x00,0x00,0x00,0x0A,
  0xA0,0x12,0x55,0x00,0x00,0x00,0x00,0x00,0x00,0x00,0x00,0x00,
  0x00,0x00,0x00,0x00,0x00,0x00,0x00,0x00,0x00,0x00,0x00,0x00,
  0x00,0x00,0x00,0x00,0x00,0x00,0x00,0x00,0x00,0x00,0x00,0x00,
  0x00,0x00,0x00,0x00,0x00,0x00,0x00,0x00,0x00,0x00,0x00,0x00,
  0x00,0x00,0x00,0x00,0x00,0x00,0x00,0x00,0x00,0x00,0x00,0x00,
  0x00,0x00,0x00,0x00,0x00,0x00,0x01,0x20,0x15,0x69,0x25,0x00,
  0x00,0x00,0x00,0x00,0x00,0x00,0x00,0x00,0x00,0x00,0x00,0x00,
  0x00,0x00,0x00,0x00,0x00,0x00,0x00,0x00,0x00,0x00,0x00,0x00,
  0x00,0x00,0x00,0x00,0x00,0x00,0x00,0x00,0x00,0x00,0x00,0x00,
  0x00,0x00,0x00,0x00,0x00,0x00,0x00,0x00,0x00,0x00,0x00,0x00,
  0x00,0x00,0x00,0x00,0x00,0x00,0x00,0x00,0x00,0x00,0x00,0x00,
  0x00,0x00,0x04,0x4A,0xA5,0x15,0x54,0x00,0x00,0x00,0x00,0x00,
  0x00,0x00,0x00,0x00,0x00,0x00,0x00,0x00,0x00,0x00,0x00,0x00,
  0x00,0x00,0x00,0x00,0x00,0x00,0x00,0x00,0x00,0x00,0x00,0x00,
  0x00,0x00,0x00,0x00,0x00,0x00,0x00,0x00,0x00,0x00,0x00,0x00,
  0x00,0x00,0x00,0x00,0x00,0x00,0x00,0x00,0x00,0x00,0x00,0x00,
  0x00,0x00,0x00,0x00,0x00,0x00,0x00,0x00,0x00,0x00,0x25,0x11,
  0x52,0xC4,0xAA,0x00,0x00,0x00,0x00,0x00,0x00,0x00,0x00,0x00,
  0x00,0x00,0x00,0x00,0x00,0x00,0x00,0x00,0x00,0x00,0x00,0x00,
  0x00,0x00,0x00,0x00,0x00,0x00,0x00,0x00,0x00,0x00,0x00,0x00,
  0x00,0x00,0x00,0x00,0x00,0x00,0x00,0x00,0x00,0x00,0x00,0x00,
  0x00,0x00,0x00,0x00,0x00,0x00,0x00,0x00,0x00,0x00,0x00,0x00,
  0x00,0x00,0x00,0x00,0x00,0x00,0x48,0x44,0x0A,0x77,0x54,0x00,
  0x00,0x00,0x00,0x00,0x00,0x00,0x00,0x00,0x00,0x00,0x00,0x00,
  0x00,0x00,0x00,0x00,0x00,0x00,0x00,0x00,0x00,0x00,0x00,0x00,
  0x00,0x00,0x00,0x00,0x00,0x00,0x00,0x00,0x00,0x00,0x00,0x00,
  0x00,0x00,0x00,0x00,0x00,0x00,0x00,0x00,0x00,0x00,0x00,0x00,
  0x00,0x00,0x00,0x00,0x00,0x00,0x00,0x00,0x00,0x00,0x00,0x00,
  0x00,0x00,0x92,0x25,0xA9,0x91,0x48,0x00,0x00,0x00,0x00,0x00,
  0x00,0x00,0x00,0x00,0x00,0x00,0x00,0x00,0x00,0x00,0x00,0x00,
  0x00,0x00,0x00,0x00,0x00,0x00,0x00,0x00,0x00,0x00,0x00,0x00,
  0x00,0x00,0x00,0x00,0x00,0x00,0x00,0x00,0x00,0x00,0x00,0x00,
  0x00,0x00,0x00,0x00,0x00,0x00,0x00,0x00,0x00,0x00,0x00,0x00,
  0x00,0x00,0x00,0x00,0x00,0x00,0x00,0x00,0x00,0x01,0x21,0x12,
  0x55,0x4C,0xA8,0x00,0x00,0x00,0x00,0x00,0x00,0x00,0x00,0x00,
  0x00,0x00,0x00,0x00,0x00,0x00,0x00,0x00,0x00,0x00,0x00,0x00,
  0x00,0x00,0x00,0x00,0x00,0x00,0x00,0x00,0x00,0x00,0x00,0x00,
  0x00,0x00,0x00,0x00,0x00,0x00,0x00,0x00,0x00,0x00,0x00,0x00,
  0x00,0x00,0x00,0x00,0x00,0x00,0x00,0x00,0x00,0x00,0x00,0x00,
  0x00,0x00,0x00,0x00,0x00,0x02,0x48,0xA9,0x2A,0xA5,0x28,0x00,
  0x00,0x00,0x00,0x00,0x00,0x00,0x00,0x00,0x00,0x00,0x00,0x00,
  0x00,0x00,0x00,0x00,0x00,0x00,0x00,0x00,0x00,0x00,0x00,0x00,
  0x00,0x00,0x00,0x00,0x00,0x00,0x00,0x00,0x00,0x00,0x00,0x00,
  0x00,0x00,0x00,0x00,0x00,0x00,0x00,0x00,0x00,0x00,0x00,0x00,
  0x00,0x00,0x00,0x00,0x00,0x00,0x00,0x00,0x00,0x00,0x00,0x00,
  0x00,0x04,0x84,0x44,0x92,0x54,0x90,0x00,0x00,0x00,0x00,0x00,
  0x00,0x00,0x00,0x00,0x00,0x00,0x00,0x00,0x00,0x00,0x00,0x00,
  0x00,0x00,0x00,0x00,0x00,0x00,0x00,0x00,0x00,0x00,0x00,0x00,
  0x00,0x00,0x00,0x00,0x00,0x00,0x00,0x00,0x00,0x00,0x00,0x00,
  0x00,0x00,0x00,0x00,0x00,0x00,0x00,0x00,0x00,0x00,0x00,0x00,
  0x00,0x00,0x00,0x00,0x00,0x00,0x00,0x00,0x00,0x09,0x22,0x92,
  0x55,0x52,0xB0,0x00,0x00,0x00,0x00,0x00,0x00,0x00,0x00,0x00,
  0x00,0x00,0x00,0x00,0x00,0x00,0x00,0x00,0x00,0x00,0x00,0x00,
  0x00,0x00,0x00,0x00,0x00,0x00,0x00,0x00,0x00,0x00,0x00,0x00,
  0x00,0x00,0x00,0x00,0x00,0x00,0x00,0x00,0x00,0x00,0x00,0x00,
  0x00,0x00,0x00,0x00,0x00,0x00,0x00,0x00,0x00,0x00,0x00,0x00,
  0x00,0x00,0x00,0x00,0x00,0x12,0x10,0x4A,0xA5,0x2A,0x90,0x00,
  0x00,0x00,0x00,0x00,0x00,0x00,0x00,0x00,0x00,0x00,0x00,0x00,
  0x00,0x00,0x00,0x00,0x00,0x00,0x00,0x00,0x00,0x00,0x00,0x00,
  0x00,0x00,0x00,0x00,0x00,0x00,0x00,0x00,0x00,0x00,0x00,0x00,
  0x00,0x00,0x00,0x00,0x00,0x00,0x00,0x00,0x00,0x00,0x00,0x00,
  0x00,0x00,0x00,0x00,0x00,0x00,0x00,0x00,0x00,0x00,0x00,0x00,
  0x00,0x24,0x8A,0xA4,0x9A,0xA5,0x60,0x00,0x00,0x00,0x00,0x00,
  0x00,0x00,0x00,0x00,0x00,0x00,0x00,0x00,0x00,0x00,0x00,0x00,
  0x00,0x00,0x00,0x00,0x00,0x00,0x00,0x00,0x00,0x00,0x00,0x00,
  0x00,0x00,0x00,0x00,0x00,0x00,0x00,0x00,0x00,0x00,0x00,0x00,
  0x00,0x00,0x00,0x00,0x00,0x00,0x00,0x00,0x00,0x00,0x00,0x00,
  0x00,0x00,0x00,0x00,0x00,0x00,0x00,0x00,0x00,0x48,0x40,0x12,
  0x49,0x54,0xA0,0x00,0x00,0x00,0x00,0x00,0x00,0x00,0x00,0x00,
  0x00,0x00,0x00,0x00,0x00,0x00,0x00,0x00,0x00,0x00,0x00,0x00,
  0x00,0x00,0x00,0x00,0x00,0x00,0x00,0x00,0x00,0x00,0x00,0x00,
  0x00,0x00,0x00,0x00,0x00,0x00,0x00,0x00,0x00,0x00,0x00,0x00,
  0x00,0x00,0x00,0x00,0x00,0x00,0x00,0x00,0x00,0x00,0x00,0x00,
  0x00,0x00,0x00,0x00,0x00,0x11,0x2B,0x55,0x55,0x25,0x20,0x00,
  0x00,0x00,0x00,0x00,0x00,0x00,0x00,0x00,0x00,0x00,0x00,0x00,
  0x00,0x00,0x00,0x00,0x00,0x00,0x00,0x00,0x00,0x00,0x00,0x00,
  0x00,0x00,0x00,0x00,0x00,0x00,0x00,0x00,0x00,0x00,0x00,0x00,
  0x00,0x00,0x00,0x00,0x00,0x00,0x00,0x00,0x00,0x00,0x00,0x00,
  0x00,0x00,0x00,0x00,0x00,0x00,0x00,0x00,0x00,0x00,0x00,0x00,
  0x01,0x44,0x04,0x92,0xA9,0x54,0xC0,0x00,0x00,0x00,0x00,0x00,
  0x00,0x00,0x00,0x00,0x00,0x00,0x00,0x00,0x00,0x00,0x00,0x00,
  0x00,0x00,0x00,0x00,0x00,0x00,0x00,0x00,0x00,0x00,0x00,0x00,
  0x00,0x00,0x00,0x00,0x00,0x00,0x00,0x00,0x00,0x00,0x00,0x00,
  0x00,0x00,0x00,0x00,0x00,0x00,0x00,0x00,0x00,0x00,0x00,0x00,
  0x00,0x00,0x00,0x00,0x00,0x00,0x00,0x00,0x01,0x21,0x52,0x49,
  0x25,0x25,0x40,0x00,0x00,0x00,0x00,0x00,0x00,0x00,0x00,0x00,
  0x00,0x00,0x00,0x00,0x00,0x00,0x00,0x00,0x00,0x00,0x00,0x00,
  0x00,0x00,0x00,0x00,0x00,0x00,0x00,0x00,0x00,0x00,0x00,0x00,
  0x00,0x00,0x00,0x00,0x00,0x00,0x00,0x00,0x00,0x00,0x00,0x00,
  0x00,0x00,0x00,0x00,0x00,0x00,0x00,0x00,0x00,0x00,0x00,0x00,
  0x00,0x00,0x00,0x00,0x04,0x48,0x09,0x2A,0xAA,0x94,0x80,0x00,
  0x00,0x00,0x00,0x00,0x00,0x00,0x00,0x00,0x00,0x00,0x00,0x00,
  0x00,0x00,0x00,0x00,0x00,0x00,0x00,0x00,0x00,0x00,0x00,0x00,
  0x00,0x00,0x00,0x00,0x00,0x00,0x00,0x00,0x00,0x00,0x00,0x00,
  0x00,0x00,0x00,0x00,0x00,0x00,0x00,0x00,0x00,0x00,0x00,0x00,
  0x00,0x00,0x00,0x00,0x00,0x00,0x00,0x00,0x00,0x00,0x00,0x00,
  0x05,0x05,0x54,0xA4,0x54,0xAA,0x80,0x00,0x00,0x00,0x00,0x00,
  0x00,0x00,0x00,0x00,0x00,0x00,0x00,0x00,0x00,0x00,0x00,0x00,
  0x00,0x00,0x00,0x00,0x00,0x00,0x00,0x00,0x00,0x00,0x00,0x00,
  0x00,0x00,0x00,0x00,0x00,0x00,0x00,0x00,0x00,0x00,0x00,0x00,
  0x00,0x00,0x00,0x00,0x00,0x00,0x00,0x00,0x00,0x00,0x00,0x00,
  0x00,0x00,0x00,0x00,0x00,0x00,0x00,0x00,0x08,0xA0,0x22,0x52,
  0xA5,0x52,0x80,0x00,0x00,0x00,0x00,0x00,0x00,0x00,0x00,0x00,
  0x00,0x00,0x00,0x00,0x00,0x00,0x00,0x00,0x00,0x00,0x00,0x00,
  0x00,0x00,0x00,0x00,0x00,0x00,0x00,0x00,0x00,0x00,0x00,0x00,
  0x00,0x00,0x00,0x00,0x00,0x00,0x00,0x00,0x00,0x00,0x00,0x00,
  0x00,0x00,0x00,0x00,0x00,0x00,0x00,0x00,0x00,0x00,0x00,0x00,
  0x00,0x00,0x00,0x00,0x12,0x15,0x49,0x0A,0x94,0x95,0x00,0x00,
  0x00,0x00,0x00,0x00,0x00,0x00,0x00,0x00,0x00,0x00,0x00,0x00,
  0x00,0x00,0x00,0x00,0x00,0x00,0x00,0x00,0x00,0x00,0x00,0x00,
  0x00,0x00,0x00,0x00,0x00,0x00,0x00,0x00,0x00,0x00,0x00,0x00,
  0x00,0x00,0x00,0x00,0x00,0x00,0x00,0x00,0x00,0x00,0x00,0x00,
  0x00,0x00,0x00,0x00,0x00,0x00,0x00,0x00,0x00,0x00,0x00,0x00,
  0x24,0x80,0x24,0xD5,0x52,0xAA,0x00,0x00,0x00,0x00,0x00,0x00,
  0x00,0x00,0x00,0x00,0x00,0x00,0x00,0x00,0x00,0x00,0x00,0x00,
  0x00,0x00,0x00,0x00,0x00,0x00,0x00,0x00,0x00,0x00,0x00,0x00,
  0x00,0x00,0x00,0x00,0x00,0x00,0x00,0x00,0x00,0x00,0x00,0x00,
  0x00,0x00,0x00,0x00,0x00,0x00,0x00,0x00,0x00,0x00,0x00,0x00,
  0x00,0x00,0x00,0x00,0x00,0x00,0x00,0x00,0x48,0x2A,0x92,0x29,
  0x4A,0x4A,0x00,0x00,0x00,0x00,0x00,0x00,0x00,0x00,0x00,0x00,
  0x00,0x00,0x00,0x00,0x00,0x00,0x00,0x00,0x00,0x00,0x00,0x00,
  0x00,0x00,0x00,0x00,0x00,0x00,0x00,0x00,0x00,0x00,0x00,0x00,
  0x00,0x00,0x00,0x00,0x00,0x00,0x00,0x00,0x00,0x00,0x00,0x00,
  0x00,0x00,0x00,0x00,0x00,0x00,0x00,0x00,0x00,0x00,0x00,0x00,
  0x00,0x00,0x00,0x00,0x92,0x81,0x4A,0xA5,0x29,0x52,0x00,0x00,
  0x00,0x00,0x00,0x00,0x00,0x00,0x00,0x00,0x00,0x00,0x00,0x00,
  0x00,0x00,0x00,0x00,0x00,0x00,0x00,0x00,0x00,0x00,0x00,0x00,
  0x00,0x00,0x00,0x00,0x00,0x00,0x00,0x00,0x00,0x00,0x00,0x00,
  0x00,0x00,0x00,0x00,0x00,0x00,0x00,0x00,0x00,0x00,0x00,0x00,
  0x00,0x00,0x00,0x00,0x00,0x00,0x00,0x00,0x00,0x00,0x00,0x01,
  0x20,0x2A,0x24,0x95,0x55,0x4A,0x00,0x00,0x00,0x00,0x00,0x00,
  0x00,0x00,0x00,0x00,0x00,0x00,0x00,0x00,0x00,0x00,0x00,0x00,
  0x00,0x00,0x00,0x00,0x00,0x00,0x00,0x00,0x00,0x00,0x00,0x00,
  0x00,0x00,0x00,0x00,0x00,0x00,0x00,0x00,0x00,0x00,0x00,0x00,
  0x00,0x00,0x00,0x00,0x00,0x00,0x00,0x00,0x00,0x00,0x00,0x00,
  0x00,0x00,0x00,0x00,0x00,0x00,0x00,0x02,0x45,0x01,0x52,0x54,
  0xA4,0xAC,0x00,0x00,0x00,0x00,0x00,0x00,0x00,0x00,0x00,0x00,
  0x00,0x00,0x00,0x00,0x00,0x00,0x00,0x00,0x00,0x00,0x00,0x00,
  0x00,0x00,0x00,0x00,0x00,0x00,0x00,0x00,0x00,0x00,0x00,0x00,
  0x00,0x00,0x00,0x00,0x00,0x00,0x00,0x00,0x00,0x00,0x00,0x00,
  0x00,0x00,0x00,0x00,0x00,0x00,0x00,0x00,0x00,0x00,0x00,0x00,
  0x00,0x00,0x00,0x04,0x10,0xAA,0x09,0x4A,0x95,0x24,0x00,0x00,
  0x00,0x00,0x00,0x00,0x00,0x00,0x00,0x00,0x00,0x00,0x00,0x00,
  0x00,0x00,0x00,0x00,0x00,0x00,0x00,0x00,0x00,0x00,0x00,0x00,
  0x00,0x00,0x00,0x00,0x00,0x00,0x00,0x00,0x00,0x00,0x00,0x00,
  0x00,0x00,0x00,0x00,0x00,0x00,0x00,0x00,0x00,0x00,0x00,0x00,
  0x00,0x00,0x00,0x00,0x00,0x00,0x00,0x00,0x00,0x00,0x00,0x09,
  0x44,0x11,0x54,0xAA,0x52,0x98,0x00,0x00,0x00,0x00,0x00,0x00,
  0x00,0x00,0x00,0x00,0x00,0x00,0x00,0x00,0x00,0x00,0x00,0x00,
  0x00,0x00,0x00,0x00,0x00,0x00,0x00,0x00,0x00,0x00,0x00,0x00,
  0x00,0x00,0x00,0x00,0x00,0x00,0x00,0x00,0x00,0x00,0x00,0x00,
  0x00,0x00,0x00,0x00,0x00,0x00,0x00,0x00,0x00,0x00,0x00,0x00,
  0x00,0x00,0x00,0x00,0x00,0x00,0x00,0x11,0x11,0x44,0x92,0x49,
  0x4A,0x48,0x00,0x00,0x00,0x00,0x00,0x00,0x00,0x00,0x00,0x00,
  0x00,0x00,0x00,0x00,0x00,0x00,0x00,0x00,0x00,0x00,0x00,0x00,
  0x00,0x00,0x00,0x00,0x00,0x00,0x00,0x00,0x00,0x00,0x00,0x00,
  0x00,0x00,0x00,0x00,0x00,0x00,0x00,0x00,0x00,0x00,0x00,0x00,
  0x00,0x00,0x00,0x00,0x00,0x00,0x00,0x00,0x00,0x00,0x00,0x00,
  0x00,0x00,0x00,0x24,0x04,0x12,0x49,0x35,0x29,0x50,0x00,0x00,
  0x00,0x00,0x00,0x00,0x00,0x00,0x00,0x00,0x00,0x00,0x00,0x00,
  0x00,0x00,0x00,0x00,0x00,0x00,0x00,0x00,0x00,0x00,0x00,0x00,
  0x00,0x00,0x00,0x00,0x00,0x00,0x00,0x00,0x00,0x00,0x00,0x00,
  0x00,0x00,0x00,0x00,0x00,0x00,0x00,0x00,0x00,0x00,0x00,0x00,
  0x00,0x00,0x00,0x00,0x00,0x00,0x00,0x00,0x00,0x00,0x00,0x04,
  0xA1,0x49,0x25,0x44,0xAA,0xB0,0x00,0x00,0x00,0x00,0x00,0x00,
  0x00,0x00,0x00,0x00,0x00,0x00,0x00,0x00,0x00,0x00,0x00,0x00,
  0x00,0x00,0x00,0x00,0x00,0x00,0x00,0x00,0x00,0x00,0x00,0x00,
  0x00,0x00,0x00,0x00,0x00,0x00,0x00,0x00,0x00,0x00,0x00,0x00,
  0x00,0x00,0x00,0x00,0x00,0x00,0x00,0x00,0x00,0x00,0x00,0x00,
  0x00,0x00,0x00,0x00,0x00,0x00,0x00,0xA8,0x14,0x24,0xAA,0x55,
  0x4A,0x50,0x00,0x00,0x00,0x00,0x00,0x00,0x00,0x00,0x00,0x00,
  0x00,0x00,0x00,0x00,0x00,0x00,0x00,0x00,0x00,0x00,0x00,0x00,
  0x00,0x00,0x00,0x00,0x00,0x00,0x00,0x00,0x00,0x00,0x00,0x00,
  0x00,0x00,0x00,0x00,0x00,0x00,0x00,0x00,0x00,0x00,0x00,0x00,
  0x00,0x00,0x00,0x00,0x00,0x00,0x00,0x00,0x00,0x00,0x00,0x00,
  0x00,0x00,0x00,0x12,0x81,0x12,0x91,0x52,0x52,0xA0,0x00,0x00,
  0x00,0x00,0x00,0x00,0x00,0x00,0x00,0x00,0x00,0x00,0x00,0x00,
  0x00,0x00,0x00,0x00,0x00,0x00,0x00,0x00,0x00,0x00,0x00,0x00,
  0x00,0x00,0x00,0x00,0x00,0x00,0x00,0x00,0x00,0x00,0x00,0x00,
  0x00,0x00,0x00,0x00,0x00,0x00,0x00,0x00,0x00,0x00,0x00,0x00,
  0x00,0x00,0x00,0x00,0x00,0x00,0x00,0x00,0x00,0x00,0x01,0x40,
  0x2A,0x49,0x2A,0x4A,0xA9,0x20,0x00,0x00,0x00,0x00,0x00,0x00,
  0x00,0x00,0x00,0x00,0x00,0x00,0x00,0x00,0x00,0x00,0x00,0x00,
  0x00,0x00,0x00,0x00,0x00,0x00,0x00,0x00,0x00,0x00,0x00,0x00,
  0x00,0x00,0x00,0x00,0x00,0x00,0x00,0x00,0x00,0x00,0x00,0x00,
  0x00,0x00,0x00,0x00,0x00,0x00,0x00,0x00,0x00,0x00,0x00,0x00,
  0x00,0x00,0x00,0x00,0x00,0x00,0x02,0x4A,0x80,0xA4,0x89,0xA9,
  0x25,0x40,0x00,0x00,0x00,0x00,0x00,0x00,0x00,0x00,0x00,0x00,
  0x00,0x00,0x00,0x00,0x00,0x00,0x00,0x00,0x00,0x00,0x00,0x00,
  0x00,0x00,0x00,0x00,0x00,0x00,0x00,0x00,0x00,0x00,0x00,0x00,
  0x00,0x00,0x00,0x00,0x00,0x00,0x00,0x00,0x00,0x00,0x00,0x00,
  0x00,0x00,0x00,0x00,0x00,0x00,0x00,0x00,0x00,0x00,0x00,0x00,
  0x00,0x00,0x04,0x80,0x2A,0x12,0x54,0x95,0x55,0x40,0x00,0x00,
  0x00,0x00,0x00,0x00,0x00,0x00,0x00,0x00,0x00,0x00,0x00,0x00,
  0x00,0x00,0x00,0x00,0x00,0x00,0x00,0x00,0x00,0x00,0x00,0x00,
  0x00,0x00,0x00,0x00,0x00,0x00,0x00,0x00,0x00,0x00,0x00,0x00,
  0x00,0x00,0x00,0x00,0x00,0x00,0x00,0x00,0x00,0x00,0x00,0x00,
  0x00,0x00,0x00,0x00,0x00,0x00,0x00,0x00,0x00,0x00,0x09,0x29,
  0x01,0x49,0x53,0x52,0x92,0x80,0x00,0x00,0x00,0x00,0x00,0x00,
  0x00,0x00,0x00,0x00,0x00,0x00,0x00,0x00,0x00,0x00,0x00,0x00,
  0x00,0x00,0x00,0x00,0x00,0x00,0x00,0x00,0x00,0x00,0x00,0x00,
  0x00,0x00,0x00,0x00,0x00,0x00,0x00,0x00,0x00,0x00,0x00,0x00,
  0x00,0x00,0x00,0x00,0x00,0x00,0x00,0x00,0x00,0x00,0x00,0x00,
  0x00,0x00,0x00,0x00,0x00,0x00,0x12,0x02,0x54,0xA5,0x29,0x2A,
  0x4A,0x80,0x00,0x00,0x00,0x00,0x00,0x00,0x00,0x00,0x00,0x00,
  0x00,0x00,0x00,0x00,0x00,0x00,0x00,0x00,0x00,0x00,0x00,0x00,
  0x00,0x00,0x00,0x00,0x00,0x00,0x00,0x00,0x00,0x00,0x00,0x00,
  0x00,0x00,0x00,0x00,0x00,0x00,0x00,0x00,0x00,0x00,0x00,0x00,
  0x00,0x00,0x00,0x00,0x00,0x00,0x00,0x00,0x00,0x00,0x00,0x00,
  0x00,0x00,0x22,0x50,0x82,0x14,0x86,0x92,0xA8,0x80,0x00,0x00,
  0x00,0x00,0x00,0x00,0x00,0x00,0x00,0x00,0x00,0x00,0x00,0x00,
  0x00,0x00,0x00,0x00,0x00,0x00,0x00,0x00,0x00,0x00,0x00,0x00,
  0x00,0x00,0x00,0x00,0x00,0x00,0x00,0x00,0x00,0x00,0x00,0x00,
  0x00,0x00,0x00,0x00,0x00,0x00,0x00,0x00,0x00,0x00,0x00,0x00,
  0x00,0x00,0x00,0x00,0x00,0x00,0x00,0x00,0x00,0x00,0x48,0x04,
  0x29,0x52,0x52,0x54,0x95,0x00,0x00,0x00,0x00,0x00,0x00,0x00,
  0x00,0x00,0x00,0x00,0x00,0x00,0x00,0x00,0x00,0x00,0x00,0x00,
  0x00,0x00,0x00,0x00,0x00,0x00,0x00,0x00,0x00,0x00,0x00,0x00,
  0x00,0x00,0x00,0x00,0x00,0x00,0x00,0x00,0x00,0x00,0x00,0x00,
  0x00,0x00,0x00,0x00,0x00,0x00,0x00,0x00,0x00,0x00,0x00,0x00,
  0x00,0x00,0x00,0x00,0x00,0x00,0x89,0x52,0x84,0x89,0x55,0x4A,
  0x53,0x00,0x00,0x00,0x00,0x00,0x00,0x00,0x00,0x00,0x00,0x00,
  0x00,0x00,0x00,0x00,0x00,0x00,0x00,0x00,0x00,0x00,0x00,0x00,
  0x00,0x00,0x00,0x00,0x00,0x00,0x00,0x00,0x00,0x00,0x00,0x00,
  0x00,0x00,0x00,0x00,0x00,0x00,0x00,0x00,0x00,0x00,0x00,0x00,
  0x00,0x00,0x00,0x00,0x00,0x00,0x00,0x00,0x00,0x00,0x00,0x00,
  0x00,0x01,0x20,0x00,0x52,0x54,0x8A,0x52,0xA9,0x00,0x00,0x00,
  0x00,0x00,0x00,0x00,0x00,0x00,0x00,0x00,0x00,0x00,0x00,0x00,
  0x00,0x00,0x00,0x00,0x00,0x00,0x00,0x00,0x00,0x00,0x00,0x00,
  0x00,0x00,0x00,0x00,0x00,0x00,0x00,0x00,0x00,0x00,0x00,0x00,
  0x00,0x00,0x00,0x00,0x00,0x00,0x00,0x00,0x00,0x00,0x00,0x00,
  0x00,0x00,0x00,0x00,0x00,0x00,0x00,0x00,0x00,0x02,0x25,0x55,
  0x09,0x22,0x55,0x4A,0x96,0x00,0x00,0x00,0x00,0x00,0x00,0x00,
  0x00,0x00,0x00,0x00,0x00,0x00,0x00,0x00,0x00,0x00,0x00,0x00,
  0x00,0x00,0x00,0x00,0x00,0x00,0x00,0x00,0x00,0x00,0x00,0x00,
  0x00,0x00,0x00,0x00,0x00,0x00,0x00,0x00,0x00,0x00,0x00,0x00,
  0x00,0x00,0x00,0x00,0x00,0x00,0x00,0x00,0x00,0x00,0x00,0x00,
  0x00,0x00,0x00,0x00,0x00,0x04,0x80,0x00,0x54,0x95,0x52,0x54,
  0xA2,0x00,0x00,0x00,0x00,0x00,0x00,0x00,0x00,0x00,0x00,0x00,
  0x00,0x00,0x00,0x00,0x00,0x00,0x00,0x00,0x00,0x00,0x00,0x00,
  0x00,0x00,0x00,0x00,0x00,0x00,0x00,0x00,0x00,0x00,0x00,0x00,
  0x00,0x00,0x00,0x00,0x00,0x00,0x00,0x00,0x00,0x00,0x00,0x00,
  0x00,0x00,0x00,0x00,0x00,0x00,0x00,0x00,0x00,0x00,0x00,0x00,
  0x00,0x00,0x54,0x95,0x22,0x52,0x29,0x52,0x94,0x00,0x00,0x00,
  0x00,0x00,0x00,0x00,0x00,0x00,0x00,0x00,0x00,0x00,0x00,0x00,
  0x00,0x00,0x00,0x00,0x00,0x00,0x00,0x00,0x00,0x00,0x00,0x00,
  0x00,0x00,0x00,0x00,0x00,0x00,0x00,0x00,0x00,0x00,0x00,0x00,
  0x00,0x00,0x00,0x00,0x00,0x00,0x00,0x00,0x00,0x00,0x00,0x00,
  0x00,0x00,0x00,0x00,0x00,0x00,0x00,0x00,0x00,0x15,0x01,0x20,
  0x95,0x29,0x55,0x2A,0x54,0x00,0x00,0x00,0x00,0x00,0x00,0x00,
  0x00,0x00,0x00,0x00,0x00,0x00,0x00,0x00,0x00,0x00,0x00,0x00,
  0x00,0x00,0x00,0x00,0x00,0x00,0x00,0x00,0x00,0x00,0x00,0x00,
  0x00,0x00,0x00,0x00,0x00,0x00,0x00,0x00,0x00,0x00,0x00,0x00,
  0x00,0x00,0x00,0x00,0x00,0x00,0x00,0x00,0x00,0x00,0x00,0x00,
  0x00,0x00,0x00,0x00,0x00,0x10,0x48,0x0A,0x42,0x8A,0xA4,0xA5,
  0x4C,0x00,0x00,0x00,0x00,0x00,0x00,0x00,0x00,0x00,0x00,0x00,
  0x00,0x00,0x00,0x00,0x00,0x00,0x00,0x00,0x00,0x00,0x00,0x00,
  0x00,0x00,0x00,0x00,0x00,0x00,0x00,0x00,0x00,0x00,0x00,0x00,
  0x00,0x00,0x00,0x00,0x00,0x00,0x00,0x00,0x00,0x00,0x00,0x00,
  0x00,0x00,0x00,0x00,0x00,0x00,0x00,0x00,0x00,0x00,0x00,0x00,
  0x00,0x25,0x05,0x41,0x28,0x52,0x55,0x52,0xA8,0x00,0x00,0x00,
  0x00,0x00,0x00,0x00,0x00,0x00,0x00,0x00,0x00,0x00,0x00,0x00,
  0x00,0x00,0x00,0x00,0x00,0x00,0x00,0x00,0x00,0x00,0x00,0x00,
  0x00,0x00,0x00,0x00,0x00,0x00,0x00,0x00,0x00,0x00,0x00,0x00,
  0x00,0x00,0x00,0x00,0x00,0x00,0x00,0x00,0x00,0x00,0x00,0x00,
  0x00,0x00,0x00,0x00,0x00,0x00,0x00,0x00,0x00,0x48,0x50,0x2A,
  0x4A,0xA9,0x49,0x2A,0x50,0x00,0x00,0x00,0x00,0x00,0x00,0x00,
  0x00,0x00,0x00,0x00,0x00,0x00,0x00,0x00,0x00,0x00,0x00,0x00,
  0x00,0x00,0x00,0x00,0x00,0x00,0x00,0x00,0x00,0x00,0x00,0x00,
  0x00,0x00,0x00,0x00,0x00,0x00,0x00,0x00,0x00,0x00,0x00,0x00,
  0x00,0x00,0x00,0x00,0x00,0x00,0x00,0x00,0x00,0x00,0x00,0x00,
  0x00,0x00,0x00,0x00,0x00,0x91,0x02,0x81,0x25,0x14,0xAA,0x95,
  0x28,0x00,0x00,0x00,0x00,0x00,0x00,0x00,0x00,0x00,0x00,0x00,
  0x00,0x00,0x00,0x00,0x00,0x00,0x00,0x00,0x00,0x00,0x00,0x00,
  0x00,0x00,0x00,0x00,0x00,0x00,0x00,0x00,0x00,0x00,0x00,0x00,
  0x00,0x00,0x00,0x00,0x00,0x00,0x00,0x00,0x00,0x00,0x00,0x00,
  0x00,0x00,0x00,0x00,0x00,0x00,0x00,0x00,0x00,0x00,0x00,0x00,
  0x01,0x10,0x28,0x2A,0x48,0xA2,0xA4,0xA2,0x90,0x00,0x00,0x00,
  0x00,0x00,0x00,0x00,0x00,0x00,0x00,0x00,0x00,0x00,0x00,0x00,
  0x00,0x00,0x00,0x00,0x00,0x00,0x00,0x00,0x00,0x00,0x00,0x00,
  0x00,0x00,0x00,0x00,0x00,0x00,0x00,0x00,0x00,0x00,0x00,0x00,
  0x00,0x00,0x00,0x00,0x00,0x00,0x00,0x00,0x00,0x00,0x00,0x00,
  0x00,0x00,0x00,0x00,0x00,0x00,0x00,0x00,0x02,0x45,0x02,0x84,
  0x92,0x95,0x2A,0xAA,0x50,0x00,0x00,0x00,0x00,0x00,0x00,0x00,
  0x00,0x00,0x00,0x00,0x00,0x00,0x00,0x00,0x00,0x00,0x00,0x00,
  0x00,0x00,0x00,0x00,0x00,0x00,0x00,0x00,0x00,0x00,0x00,0x00,
  0x00,0x00,0x00,0x00,0x00,0x00,0x00,0x00,0x00,0x00,0x00,0x00,
  0x00,0x00,0x00,0x00,0x00,0x00,0x00,0x00,0x00,0x00,0x00,0x00,
  0x00,0x00,0x00,0x00,0x04,0x40,0x48,0x29,0x24,0x52,0xA5,0x29,
  0x60,0x00,0x00,0x00,0x00,0x00,0x00,0x00,0x00,0x00,0x00,0x00,
  0x00,0x00,0x00,0x00,0x00,0x00,0x00,0x00,0x00,0x00,0x00,0x00,
  0x00,0x00,0x00,0x00,0x00,0x00,0x00,0x00,0x00,0x00,0x00,0x00,
  0x00,0x00,0x00,0x00,0x00,0x00,0x00,0x00,0x00,0x00,0x00,0x00,
  0x00,0x00,0x00,0x00,0x00,0x00,0x00,0x00,0x00,0x00,0x00,0x00,
  0x09,0x14,0x22,0x84,0x92,0xAA,0x52,0x95,0x20,0x00,0x00,0x00,
  0x00,0x00,0x00,0x00,0x00,0x00,0x00,0x00,0x00,0x00,0x00,0x00,
  0x00,0x00,0x00,0x00,0x00,0x00,0x00,0x00,0x00,0x00,0x00,0x00,
  0x00,0x00,0x00,0x00,0x00,0x00,0x00,0x00,0x00,0x00,0x00,0x00,
  0x00,0x00,0x00,0x00,0x00,0x00,0x00,0x00,0x00,0x00,0x00,0x00,
  0x00,0x00,0x00,0x00,0x00,0x00,0x00,0x00,0x11,0x01,0x08,0x29,
  0x29,0x45,0x4A,0x49,0x40,0x00,0x00,0x00,0x00,0x00,0x00,0x00,
  0x00,0x00,0x00,0x00,0x00,0x00,0x00,0x00,0x00,0x00,0x00,0x00,
  0x00,0x00,0x00,0x00,0x00,0x00,0x00,0x00,0x00,0x00,0x00,0x00,
  0x00,0x00,0x00,0x00,0x00,0x00,0x00,0x00,0x00,0x00,0x00,0x00,
  0x00,0x00,0x00,0x00,0x00,0x00,0x00,0x00,0x00,0x00,0x00,0x00,
  0x00,0x00,0x00,0x00,0x24,0x50,0xA2,0x92,0x45,0x2A,0xA9,0x55,
  0x40,0x00,0x00,0x00,0x00,0x00,0x00,0x00,0x00,0x00,0x00,0x00,
  0x00,0x00,0x00,0x00,0x00,0x00,0x00,0x00,0x00,0x00,0x00,0x00,
  0x00,0x00,0x00,0x00,0x00,0x00,0x00,0x00,0x00,0x00,0x00,0x00,
  0x00,0x00,0x00,0x00,0x00,0x00,0x00,0x00,0x00,0x00,0x00,0x00,
  0x00,0x00,0x00,0x00,0x00,0x00,0x00,0x00,0x00,0x00,0x00,0x00,
  0x44,0x04,0x08,0x49,0x28,0x94,0x4A,0xA4,0x80,0x00,0x00,0x00,
  0x00,0x00,0x00,0x00,0x00,0x00,0x00,0x00,0x00,0x00,0x00,0x00,
  0x00,0x00,0x00,0x00,0x00,0x00,0x00,0x00,0x00,0x00,0x00,0x00,
  0x00,0x00,0x00,0x00,0x00,0x00,0x00,0x00,0x00,0x00,0x00,0x00,
  0x00,0x00,0x00,0x00,0x00,0x00,0x00,0x00,0x00,0x00,0x00,0x00,
  0x00,0x00,0x00,0x00,0x00,0x00,0x00,0x00,0x11,0x49,0x45,0x24,
  0x95,0x4A,0xA4,0x92,0x80,0x00,0x00,0x00,0x00,0x00,0x00,0x00,
  0x00,0x00,0x00,0x00,0x00,0x00,0x00,0x00,0x00,0x00,0x00,0x00,
  0x00,0x00,0x00,0x00,0x00,0x00,0x00,0x00,0x00,0x00,0x00,0x00,
  0x00,0x00,0x00,0x00,0x00,0x00,0x00,0x00,0x00,0x00,0x00,0x00,
  0x00,0x00,0x00,0x00,0x00,0x00,0x00,0x00,0x00,0x00,0x00,0x00,
  0x00,0x00,0x00,0x01,0x48,0x00,0x20,0x92,0x44,0x55,0x2A,0x55,
  0x00,0x00,0x00,0x00,0x00,0x00,0x00,0x00,0x00,0x00,0x00,0x00,
  0x00,0x00,0x00,0x00,0x00,0x00,0x00,0x00,0x00,0x00,0x00,0x00,
  0x00,0x00,0x00,0x00,0x00,0x00,0x00,0x00,0x00,0x00,0x00,0x00,
  0x00,0x00,0x00,0x00,0x00,0x00,0x00,0x00,0x00,0x00,0x00,0x00,
  0x00,0x00,0x00,0x00,0x00,0x00,0x00,0x00,0x00,0x00,0x00,0x01,
  0x22,0x55,0x15,0x25,0x2A,0x92,0xA5,0x4A,0x80,0x00,0x00,0x00,
  0x00,0x00,0x00,0x00,0x00,0x00,0x00,0x00,0x00,0x00,0x00,0x00,
  0x00,0x00,0x00,0x00,0x00,0x00,0x00,0x00,0x00,0x00,0x00,0x00,
  0x00,0x00,0x00,0x00,0x00,0x00,0x00,0x00,0x00,0x00,0x00,0x00,
  0x00,0x00,0x00,0x00,0x00,0x00,0x00,0x00,0x00,0x00,0x00,0x00,
  0x00,0x00,0x00,0x00,0x00,0x00,0x00,0x04,0x20,0x00,0x82,0x48,
  0x92,0x69,0x29,0x29,0x00,0x00,0x00,0x00,0x00,0x00,0x00,0x00,
  0x00,0x00,0x00,0x00,0x00,0x00,0x00,0x00,0x00,0x00,0x00,0x00,
  0x00,0x00,0x00,0x00,0x00,0x00,0x00,0x00,0x00,0x00,0x00,0x00,
  0x00,0x00,0x00,0x00,0x00,0x00,0x00,0x00,0x00,0x00,0x00,0x00,
  0x00,0x00,0x00,0x00,0x00,0x00,0x00,0x00,0x00,0x00,0x00,0x00,
  0x00,0x00,0x00,0x01,0x4A,0x94,0x54,0x92,0x49,0x24,0xA5,0x55,
  0x00,0x00,0x00,0x00,0x00,0x00,0x00,0x00,0x00,0x00,0x00,0x00,
  0x00,0x00,0x00,0x00,0x00,0x00,0x00,0x00,0x00,0x00,0x00,0x00,
  0x00,0x00,0x00,0x00,0x00,0x00,0x00,0x00,0x00,0x00,0x00,0x00,
  0x00,0x00,0x00,0x00,0x00,0x00,0x00,0x00,0x00,0x00,0x00,0x00,
  0x00,0x00,0x00,0x00,0x00,0x00,0x00,0x00,0x00,0x00,0x00,0x08,
  0x80,0x21,0x09,0x25,0x2A,0xAA,0x94,0x92,0x00,0x00,0x00,0x00,
  0x00,0x00,0x00,0x00,0x00,0x00,0x00,0x00,0x00,0x00,0x00,0x00,
  0x00,0x00,0x00,0x00,0x00,0x00,0x00,0x00,0x00,0x00,0x00,0x00,
  0x00,0x00,0x00,0x00,0x00,0x00,0x00,0x00,0x00,0x00,0x00,0x00,
  0x00,0x00,0x00,0x00,0x00,0x00,0x00,0x00,0x00,0x00,0x00,0x00,
  0x00,0x00,0x00,0x00,0x00,0x00,0x00,0x12,0x12,0x04,0x50,0x91,
  0x50,0x92,0x52,0xAA,0x00,0x00,0x00,0x00,0x00,0x00,0x00,0x00,
  0x00,0x00,0x00,0x00,0x00,0x00,0x00,0x00,0x00,0x00,0x00,0x00,
  0x00,0x00,0x00,0x00,0x00,0x00,0x00,0x00,0x00,0x00,0x00,0x00,
  0x00,0x00,0x00,0x00,0x00,0x00,0x00,0x00,0x00,0x00,0x00,0x00,
  0x00,0x00,0x00,0x00,0x00,0x00,0x00,0x00,0x00,0x00,0x00,0x00,
  0x00,0x00,0x00,0x25,0x00,0xA2,0x25,0x2A,0x4A,0xAA,0xAA,0x4A,
  0x00,0x00,0x00,0x00,0x00,0x00,0x00,0x00,0x00,0x00,0x00,0x00,
  0x00,0x00,0x00,0x00,0x00,0x00,0x00,0x00,0x00,0x00,0x00,0x00,
  0x00,0x00,0x00,0x00,0x00,0x00,0x00,0x00,0x00,0x00,0x00,0x00,
  0x00,0x00,0x00,0x00,0x00,0x00,0x00,0x00,0x00,0x00,0x00,0x00,
  0x00,0x00,0x00,0x00,0x00,0x00,0x00,0x00,0x00,0x00,0x00,0x44,
  0x54,0x11,0x48,0x84,0x95,0x49,0x49,0x54,0x00,0x00,0x00,0x00,
  0x00,0x00,0x00,0x00,0x00,0x00,0x00,0x00,0x00,0x00,0x00,0x00,
  0x00,0x00,0x00,0x00,0x00,0x00,0x00,0x00,0x00,0x00,0x00,0x00,
  0x00,0x00,0x00,0x00,0x00,0x00,0x00,0x00,0x00,0x00,0x00,0x00,
  0x00,0x00,0x00,0x00,0x00,0x00,0x00,0x00,0x00,0x00,0x00,0x00,
  0x00,0x00,0x00,0x00,0x00,0x00,0x00,0x90,0x01,0x44,0x12,0x52,
  0x49,0x2A,0x25,0x28,0x00,0x00,0x00,0x00,0x00,0x00,0x00,0x00,
  0x00,0x00,0x00,0x00,0x00,0x00,0x00,0x00,0x00,0x00,0x00,0x00,
  0x00,0x00,0x00,0x00,0x00,0x00,0x00,0x00,0x00,0x00,0x00,0x00,
  0x00,0x00,0x00,0x00,0x00,0x00,0x00,0x00,0x00,0x00,0x00,0x00,
  0x00,0x00,0x00,0x00,0x00,0x00,0x00,0x00,0x00,0x00,0x00,0x00,
  0x00,0x00,0x01,0x09,0x48,0x11,0x49,0x29,0x25,0x52,0xAA,0xA8,
  0x00,0x00,0x00,0x00,0x00,0x00,0x00,0x00,0x00,0x00,0x00,0x00,
  0x00,0x00,0x00,0x00,0x00,0x00,0x00,0x00,0x00,0x00,0x00,0x00,
  0x00,0x00,0x00,0x00,0x00,0x00,0x00,0x00,0x00,0x00,0x00,0x00,
  0x00,0x00,0x00,0x00,0x00,0x00,0x00,0x00,0x00,0x00,0x00,0x00,
  0x00,0x00,0x00,0x00,0x00,0x00,0x00,0x00,0x00,0x00,0x02,0x20,
  0x02,0x84,0x92,0x84,0xAA,0x89,0x54,0x88,0x00,0x00,0x00,0x00,
  0x00,0x00,0x00,0x00,0x00,0x00,0x00,0x00,0x00,0x00,0x00,0x00,
  0x00,0x00,0x00,0x00,0x00,0x00,0x00,0x00,0x00,0x00,0x00,0x00,
  0x00,0x00,0x00,0x00,0x00,0x00,0x00,0x00,0x00,0x00,0x00,0x00,
  0x00,0x00,0x00,0x00,0x00,0x00,0x00,0x00,0x00,0x00,0x00,0x00,
  0x00,0x00,0x00,0x00,0x00,0x00,0x04,0xA5,0x28,0x29,0x24,0x52,
  0x94,0x6A,0x4A,0x50,0x00,0x00,0x00,0x00,0x00,0x00,0x00,0x00,
  0x00,0x00,0x00,0x00,0x00,0x00,0x00,0x00,0x00,0x00,0x00,0x00,
  0x00,0x00,0x00,0x00,0x00,0x00,0x00,0x00,0x00,0x00,0x00,0x00,
  0x00,0x00,0x00,0x00,0x00,0x00,0x00,0x00,0x00,0x00,0x00,0x00,
  0x00,0x00,0x00,0x00,0x00,0x00,0x00,0x00,0x00,0x00,0x00,0x00,
  0x00,0x00,0x00,0x40,0x42,0x82,0x49,0x2A,0x45,0x15,0x22,0xB0,
  0x00,0x00,0x00,0x00,0x00,0x00,0x00,0x00,0x00,0x00,0x00,0x00,
  0x00,0x00,0x00,0x00,0x00,0x00,0x00,0x00,0x00,0x00,0x00,0x00,
  0x00,0x00,0x00,0x00,0x00,0x00,0x00,0x00,0x00,0x00,0x00,0x00,
  0x00,0x00,0x00,0x00,0x00,0x00,0x00,0x00,0x00,0x00,0x00,0x00,
  0x00,0x00,0x00,0x00,0x00,0x00,0x00,0x00,0x00,0x00,0x12,0x89,
  0x08,0x29,0x12,0x91,0x2A,0xC9,0x59,0x50,0x00,0x00,0x00,0x00,
  0x00,0x00,0x00,0x00,0x00,0x00,0x00,0x00,0x00,0x00,0x00,0x00,
  0x00,0x00,0x00,0x00,0x00,0x00,0x00,0x00,0x00,0x00,0x00,0x00,
  0x00,0x00,0x00,0x00,0x00,0x00,0x00,0x00,0x00,0x00,0x00,0x00,
  0x00,0x00,0x00,0x00,0x00,0x00,0x00,0x00,0x00,0x00,0x00,0x00,
  0x00,0x00,0x00,0x00,0x00,0x00,0x11,0x02,0x22,0x84,0x48,0xA5,
  0x5A,0x24,0x85,0x20,0x00,0x00,0x00,0x00,0x00,0x00,0x00,0x00,
  0x00,0x00,0x00,0x00,0x00,0x00,0x00,0x00,0x00,0x00,0x00,0x00,
  0x00,0x00,0x00,0x00,0x00,0x00,0x00,0x00,0x00,0x00,0x00,0x00,
  0x00,0x00,0x00,0x00,0x00,0x00,0x00,0x00,0x00,0x00,0x00,0x00,
  0x00,0x00,0x00,0x00,0x00,0x00,0x00,0x00,0x00,0x00,0x00,0x00,
  0x00,0x00,0x24,0x50,0x88,0x29,0x25,0x14,0x89,0x55,0x6A,0xA0,
  0x00,0x00,0x00,0x00,0x00,0x00,0x00,0x00,0x00,0x00,0x00,0x00,
  0x00,0x00,0x00,0x00,0x00,0x00,0x00,0x00,0x00,0x00,0x00,0x00,
  0x00,0x00,0x00,0x00,0x00,0x00,0x00,0x00,0x00,0x00,0x00,0x00,
  0x00,0x00,0x00,0x00,0x00,0x00,0x00,0x00,0x00,0x00,0x00,0x00,
  0x00,0x00,0x00,0x00,0x00,0x00,0x00,0x00,0x00,0x00,0x44,0x04,
  0x02,0x82,0x92,0x52,0x55,0x52,0x2A,0xC0,0x00,0x00,0x00,0x00,
  0x00,0x00,0x00,0x00,0x00,0x00,0x00,0x00,0x00,0x00,0x00,0x00,
  0x00,0x00,0x00,0x00,0x00,0x00,0x00,0x00,0x00,0x00,0x00,0x00,
  0x00,0x00,0x00,0x00,0x00,0x00,0x00,0x00,0x00,0x00,0x00,0x00,
  0x00,0x00,0x00,0x00,0x00,0x00,0x00,0x00,0x00,0x00,0x00,0x00,
  0x00,0x00,0x00,0x00,0x00,0x00,0x91,0x41,0x50,0x28,0x49,0x25,
  0x2B,0x5D,0xD7,0x40,0x00,0x00,0x00,0x00,0x00,0x00,0x00,0x00,
  0x00,0x00,0x00,0x00,0x00,0x00,0x00,0x00,0x00,0x00,0x00,0x00,
  0x00,0x00,0x00,0x00,0x00,0x00,0x00,0x00,0x00,0x00,0x00,0x00,
  0x00,0x00,0x00,0x00,0x00,0x00,0x00,0x00,0x00,0x00,0x00,0x00,
  0x00,0x00,0x00,0x00,0x00,0x00,0x00,0x00,0x00,0x00,0x00,0x00,
  0x00,0x01,0x14,0x14,0x0A,0x92,0xA4,0x92,0xA8,0xA2,0x50,0x80,
  0x00,0x00,0x00,0x00,0x00,0x00,0x00,0x00,0x00,0x00,0x00,0x00,
  0x00,0x00,0x00,0x00,0x00,0x00,0x00,0x00,0x00,0x00,0x00,0x00,
  0x00,0x00,0x00,0x00,0x00,0x00,0x00,0x00,0x00,0x00,0x00,0x00,
  0x00,0x00,0x00,0x00,0x00,0x00,0x00,0x00,0x00,0x00,0x00,0x00,
  0x00,0x00,0x00,0x00,0x00,0x00,0x00,0x00,0x00,0x02,0x40,0x81,
  0x20,0x49,0x12,0x48,0xA6,0x95,0x4D,0x00,0x00,0x00,0x00,0x00,
  0x00,0x00,0x00,0x00,0x00,0x00,0x00,0x00,0x00,0x00,0x00,0x00,
  0x00,0x00,0x00,0x00,0x00,0x00,0x00,0x00,0x00,0x00,0x00,0x00,
  0x00,0x00,0x00,0x00,0x00,0x00,0x00,0x00,0x00,0x00,0x00,0x00,
  0x00,0x00,0x00,0x00,0x00,0x00,0x00,0x00,0x00,0x00,0x00,0x00,
  0x00,0x00,0x00,0x00,0x00,0x04,0x24,0x24,0x4A,0x92,0x49,0x55,
  0x51,0x52,0xA5,0x80,0x00,0x00,0x00,0x00,0x00,0x00,0x00,0x00,
  0x00,0x00,0x00,0x00,0x00,0x00,0x00,0x00,0x00,0x00,0x00,0x00,
  0x00,0x00,0x00,0x00,0x00,0x00,0x00,0x00,0x00,0x00,0x00,0x00,
  0x00,0x00,0x00,0x00,0x00,0x00,0x00,0x00,0x00,0x00,0x00,0x00,
  0x00,0x00,0x00,0x00,0x00,0x00,0x00,0x00,0x00,0x00,0x00,0x00,
  0x00,0x09,0x41,0x09,0x00,0x44,0xA5,0x24,0x95,0x29,0x14,0x00,
  0x00,0x00,0x00,0x00,0x00,0x00,0x00,0x00,0x00,0x00,0x00,0x00,
  0x00,0x00,0x00,0x00,0x00,0x00,0x00,0x00,0x00,0x00,0x00,0x00,
  0x00,0x00,0x00,0x00,0x00,0x00,0x00,0x00,0x00,0x00,0x00,0x00,
  0x00,0x00,0x00,0x00,0x00,0x00,0x00,0x00,0x00,0x00,0x00,0x00,
  0x00,0x00,0x00,0x00,0x00,0x00,0x00,0x00,0x00,0x10,0x88,0x40,
  0x55,0x29,0x12,0x92,0xAA,0x94,0xAB,0x00,0x00,0x00,0x00,0x00,
  0x00,0x00,0x00,0x00,0x00,0x00,0x00,0x00,0x00,0x00,0x00,0x00,
  0x00,0x00,0x00,0x00,0x00,0x00,0x00,0x00,0x00,0x00,0x00,0x00,
  0x00,0x00,0x00,0x00,0x00,0x00,0x00,0x00,0x00,0x00,0x00,0x00,
  0x00,0x00,0x00,0x00,0x00,0x00,0x00,0x00,0x00,0x00,0x00,0x00,
  0x00,0x00,0x00,0x00,0x00,0x22,0x02,0x15,0x02,0x44,0xA8,0x49,
  0x44,0x4A,0xA2,0x00,0x00,0x00,0x00,0x00,0x00,0x00,0x00,0x00,
  0x00,0x00,0x00,0x00,0x00,0x00,0x00,0x00,0x00,0x00,0x00,0x00,
  0x00,0x00,0x00,0x00,0x00,0x00,0x00,0x00,0x00,0x00,0x00,0x00,
  0x00,0x00,0x00,0x00,0x00,0x00,0x00,0x00,0x00,0x00,0x00,0x00,
  0x00,0x00,0x00,0x00,0x00,0x00,0x00,0x00,0x00,0x00,0x00,0x00,
  0x00,0x09,0x28,0x80,0x54,0x92,0x15,0x55,0x32,0xA4,0x94,0x00,
  0x00,0x00,0x00,0x00,0x00,0x00,0x00,0x00,0x00,0x00,0x00,0x00,
  0x00,0x00,0x00,0x00,0x00,0x00,0x00,0x00,0x00,0x00,0x00,0x00,
  0x00,0x00,0x00,0x00,0x00,0x00,0x00,0x00,0x00,0x00,0x00,0x00,
  0x00,0x00,0x00,0x00,0x00,0x00,0x00,0x00,0x00,0x00,0x00,0x00,
  0x00,0x00,0x00,0x00,0x00,0x00,0x00,0x00,0x00,0x94,0x00,0x29,
  0x02,0x24,0xC2,0x8A,0x8A,0xAA,0x56,0x00,0x00,0x00,0x00,0x00,
  0x00,0x00,0x00,0x00,0x00,0x00,0x00,0x00,0x00,0x00,0x00,0x00,
  0x00,0x00,0x00,0x00,0x00,0x00,0x00,0x00,0x00,0x00,0x00,0x00,
  0x00,0x00,0x00,0x00,0x00,0x00,0x00,0x00,0x00,0x00,0x00,0x00,
  0x00,0x00,0x00,0x00,0x00,0x00,0x00,0x00,0x00,0x00,0x00,0x00,
  0x00,0x00,0x00,0x00,0x00,0x80,0x92,0x82,0x54,0x92,0x2A,0x54,
  0xA9,0x25,0x48,0x00,0x00,0x00,0x00,0x00,0x00,0x00,0x00,0x00,
  0x00,0x00,0x00,0x00,0x00,0x00,0x00,0x00,0x00,0x00,0x00,0x00,
  0x00,0x00,0x00,0x00,0x00,0x00,0x00,0x00,0x00,0x00,0x00,0x00,
  0x00,0x00,0x00,0x00,0x00,0x00,0x00,0x00,0x00,0x00,0x00,0x00,
  0x00,0x00,0x00,0x00,0x00,0x00,0x00,0x00,0x00,0x00,0x00,0x00,
  0x01,0x28,0x04,0x28,0x09,0x25,0x49,0x25,0x54,0x92,0x54,0x00,
  0x00,0x00,0x00,0x00,0x00,0x00,0x00,0x00,0x00,0x00,0x00,0x00,
  0x00,0x00,0x00,0x00,0x00,0x00,0x00,0x00,0x00,0x00,0x00,0x00,
  0x00,0x00,0x00,0x00,0x00,0x00,0x00,0x00,0x00,0x00,0x00,0x00,
  0x00,0x00,0x00,0x00,0x00,0x00,0x00,0x00,0x00,0x00,0x00,0x00,
  0x00,0x00,0x00,0x00,0x00,0x00,0x00,0x00,0x02,0x12,0x50,0x82,
  0xA2,0x48,0x24,0x94,0x92,0xA9,0x48,0x00,0x00,0x00,0x00,0x00,
  0x00,0x00,0x00,0x00,0x00,0x00,0x00,0x00,0x00,0x00,0x00,0x00,
  0x00,0x00,0x00,0x00,0x00,0x00,0x00,0x00,0x00,0x00,0x00,0x00,
  0x00,0x00,0x00,0x00,0x00,0x00,0x00,0x00,0x00,0x00,0x00,0x00,
  0x00,0x00,0x00,0x00,0x00,0x00,0x00,0x00,0x00,0x00,0x00,0x00,
  0x00,0x00,0x00,0x00,0x04,0x40,0x02,0x24,0x29,0x25,0x52,0x4A,
  0x4A,0x55,0x28,0x00,0x00,0x00,0x00,0x00,0x00,0x00,0x00,0x00,
  0x00,0x00,0x00,0x00,0x00,0x00,0x00,0x00,0x00,0x00,0x00,0x00,
  0x00,0x00,0x00,0x00,0x00,0x00,0x00,0x00,0x00,0x00,0x00,0x00,
  0x00,0x00,0x00,0x00,0x00,0x00,0x00,0x00,0x00,0x00,0x00,0x00,
  0x00,0x00,0x00,0x00,0x00,0x00,0x00,0x00,0x00,0x00,0x00,0x00,
  0x09,0x09,0x48,0x89,0x44,0x92,0x49,0x55,0x55,0x4A,0xA8,0x00,
  0x00,0x00,0x00,0x00,0x00,0x00,0x00,0x00,0x00,0x00,0x00,0x00,
  0x00,0x00,0x00,0x00,0x00,0x00,0x00,0x00,0x00,0x00,0x00,0x00,
  0x00,0x00,0x00,0x00,0x00,0x00,0x00,0x00,0x00,0x00,0x00,0x00,
  0x00,0x00,0x00,0x00,0x00,0x00,0x00,0x00,0x00,0x00,0x00,0x00,
  0x00,0x00,0x00,0x00,0x00,0x00,0x00,0x00,0x10,0xA0,0x02,0x20,
  0x22,0x49,0x24,0x92,0x49,0x24,0x90,0x00,0x00,0x00,0x00,0x00,
  0x00,0x00,0x00,0x00,0x00,0x00,0x00,0x00,0x00,0x00,0x00,0x00,
  0x00,0x00,0x00,0x00,0x00,0x00,0x00,0x00,0x00,0x00,0x00,0x00,
  0x00,0x00,0x00,0x00,0x00,0x00,0x00,0x00,0x00,0x00,0x00,0x00,
  0x00,0x00,0x00,0x00,0x00,0x00,0x00,0x00,0x00,0x00,0x00,0x00,
  0x00,0x00,0x00,0x00,0x25,0x05,0x28,0x8A,0x94,0x92,0x52,0x55,
  0x24,0xAA,0x50,0x00,0x00,0x00,0x00,0x00,0x00,0x00,0x00,0x00,
  0x00,0x00,0x00,0x00,0x00,0x00,0x00,0x00,0x00,0x00,0x00,0x00,
  0x00,0x00,0x00,0x00,0x00,0x00,0x00,0x00,0x00,0x00,0x00,0x00,
  0x00,0x00,0x00,0x00,0x00,0x00,0x00,0x00,0x00,0x00,0x00,0x00,
  0x00,0x00,0x00,0x00,0x00,0x00,0x00,0x00,0x00,0x00,0x00,0x00,
  0x42,0x10,0x02,0x21,0x22,0x49,0x09,0x48,0xAA,0x91,0x50,0x00,
  0x00,0x00,0x00,0x00,0x00,0x00,0x00,0x00,0x00,0x00,0x00,0x00,
  0x00,0x00,0x00,0x00,0x00,0x00,0x00,0x00,0x00,0x00,0x00,0x00,
  0x00,0x00,0x00,0x00,0x00,0x00,0x00,0x00,0x00,0x00,0x00,0x00,
  0x00,0x00,0x00,0x00,0x00,0x00,0x00,0x00,0x00,0x00,0x00,0x00,
  0x00,0x00,0x00,0x00,0x00,0x00,0x00,0x00,0x88,0x42,0x50,0x8A,
  0x49,0x24,0xA5,0x55,0x52,0x4D,0x20,0x00,0x00,0x00,0x00,0x00,
  0x00,0x00,0x00,0x00,0x00,0x00,0x00,0x00,0x00,0x00,0x00,0x00,
  0x00,0x00,0x00,0x00,0x00,0x00,0x00,0x00,0x00,0x00,0x00,0x00,
  0x00,0x00,0x00,0x00,0x00,0x00,0x00,0x00,0x00,0x00,0x00,0x00,
  0x00,0x00,0x00,0x00,0x00,0x00,0x00,0x00,0x00,0x00,0x00,0x00,
  0x00,0x00,0x00,0x01,0x24,0x08,0x04,0x24,0x92,0x49,0x28,0x92,
  0x89,0x52,0xA0,0x00,0x00,0x00,0x00,0x00,0x00,0x00,0x00,0x00,
  0x00,0x00,0x00,0x00,0x00,0x00,0x00,0x00,0x00,0x00,0x00,0x00,
  0x00,0x00,0x00,0x00,0x00,0x00,0x00,0x00,0x00,0x00,0x00,0x00,
  0x00,0x00,0x00,0x00,0x00,0x00,0x00,0x00,0x00,0x00,0x00,0x00,
  0x00,0x00,0x00,0x00,0x00,0x00,0x00,0x00,0x00,0x00,0x00,0x02,
  0x11,0x21,0x52,0x88,0x49,0x24,0x95,0x4A,0x55,0x29,0x40,0x00,
  0x00,0x00,0x00,0x00,0x00,0x00,0x00,0x00,0x00,0x00,0x00,0x00,
  0x00,0x00,0x00,0x00,0x00,0x00,0x00,0x00,0x00,0x00,0x00,0x00,
  0x00,0x00,0x00,0x00,0x00,0x00,0x00,0x00,0x00,0x00,0x00,0x00,
  0x00,0x00,0x00,0x00,0x00,0x00,0x00,0x00,0x00,0x00,0x00,0x00,
  0x00,0x00,0x00,0x00,0x00,0x00,0x00,0x08,0x90,0x04,0x00,0x52,
  0x92,0x4A,0x42,0xA9,0x4A,0x94,0x80,0x00,0x00,0x00,0x00,0x00,
  0x00,0x00,0x00,0x00,0x00,0x00,0x00,0x00,0x00,0x00,0x00,0x00,
  0x00,0x00,0x00,0x10,0x00,0x00,0x00,0x00,0x00,0x00,0x00,0x00,
  0x00,0x00,0x00,0x00,0x00,0x20,0x00,0x00,0x00,0x00,0x00,0x00,
  0x00,0x00,0x00,0x00,0x00,0x00,0x00,0x00,0x00,0x00,0x00,0x00,
  0x00,0x00,0x00,0x22,0x42,0xA0,0x95,0x04,0x44,0x91,0x29,0x24,
  0xA4,0x4A,0x80,0x00,0x00,0x00,0x00,0x00,0x00,0x00,0x00,0x00,
  0x00,0x00,0x00,0x00,0x00,0x00,0x00,0x00,0x00,0x00,0x00,0x20,
  0x00,0x00,0x00,0x00,0x00,0x00,0x00,0x00,0x00,0x00,0x00,0x00,
  0x00,0x00,0x00,0x00,0x00,0x00,0x00,0x00,0x00,0x00,0x00,0x00,
  0x00,0x00,0x00,0x00,0x00,0x00,0x00,0x00,0x00,0x00,0x08,0xC9,
  0x20,0x0A,0x20,0x52,0x29,0x24,0xA5,0x52,0x52,0xA4,0x80,0x00,
  0x00,0x00,0x00,0x00,0x00,0x00,0x00,0x00,0x00,0x00,0x00,0x00,
  0x00,0x00,0x00,0x4A,0xAA,0xAA,0xAA,0xAA,0xAA,0xAA,0xAA,0xAA,
  0xAA,0xAE,0xAA,0xAA,0xAA,0xAA,0xAA,0xAA,0xAA,0xD5,0x55,0x55,
  0x55,0x55,0x55,0x55,0x54,0x92,0x49,0x24,0x88,0x88,0x8A,0xC8,
  0x88,0x80,0x00,0x00,0x00,0x20,0x1F,0x00,0x0A,0x40,0x8A,0x89,
  0x44,0x95,0x15,0x15,0x2A,0x92,0x80,0x00,0x00,0x00,0x00,0x00,
  0x00,0x00,0x00,0x00,0x00,0x00,0x00,0x00,0x00,0x02,0xAD,0xA1,
  0x00,0x01,0x00,0x00,0x00,0x40,0x01,0x00,0x00,0x00,0x04,0x00,
  0x00,0x00,0x00,0x01,0x01,0x12,0x00,0x02,0x00,0x00,0x02,0x00,
  0x02,0x49,0x24,0x92,0x55,0x55,0x52,0x55,0x55,0x5F,0x6D,0xAA,
  0xA9,0x40,0xA0,0x11,0x20,0x14,0x20,0x52,0x29,0x22,0x44,0xA4,
  0x92,0x55,0x00,0x00,0x00,0x00,0x00,0x00,0x00,0x00,0x00,0x00,
  0x00,0x00,0x00,0x00,0x02,0xB8,0x00,0x04,0x25,0x28,0x29,0x2A,
  0x92,0x0A,0x54,0x24,0xA5,0x49,0x50,0x94,0xA4,0xA5,0x24,0x94,
  0x24,0x00,0x52,0x90,0x49,0x24,0x90,0x49,0x20,0x00,0x00,0x00,
  0x00,0x00,0x00,0x00,0x00,0x00,0x00,0x01,0x04,0xBF,0x48,0x80,
  0x01,0x01,0xB5,0x08,0x84,0x94,0xAA,0x92,0xA9,0x4A,0x00,0x00,
  0x00,0x00,0x00,0x00,0x00,0x00,0x00,0x00,0x00,0x00,0x00,0x00,
  0x58,0x01,0x20,0x10,0x00,0x00,0x80,0x00,0x00,0x40,0x00,0x00,
  0x00,0x00,0x00,0x00,0x00,0x00,0x00,0x00,0x00,0x48,0x00,0x01,
  0x00,0x00,0x01,0x00,0x09,0x24,0x92,0x49,0x20,0x00,0x24,0x84,
  0x22,0x20,0x20,0x48,0x20,0x00,0x25,0x6D,0x10,0x04,0xE0,0xA5,
  0x52,0x49,0x29,0x55,0x25,0x2A,0x00,0x00,0x00,0x00,0x00,0x00,
  0x00,0x00,0x00,0x00,0x00,0x00,0x00,0x0B,0x01,0x04,0x09,0x01,
  0x24,0x44,0x04,0x80,0x49,0x01,0x00,0x89,0x10,0x24,0x04,0x91,
  0x12,0x10,0x92,0x41,0x22,0x01,0x08,0x48,0x12,0x49,0x24,0x12,
  0x40,0x00,0x00,0x00,0x04,0xA5,0x00,0x21,0x00,0x82,0x09,0x00,
  0x84,0x00,0x80,0x00,0xA5,0x55,0x44,0x00,0x29,0x24,0x8A,0x48,
  0x94,0xA4,0x00,0x00,0x00,0x00,0x00,0x00,0x00,0x00,0x00,0x00,
  0x00,0x00,0x01,0x60,0x20,0x40,0x40,0x44,0x00,0x00,0x20,0x12,
  0x00,0x10,0x48,0x00,0x02,0x00,0x90,0x00,0x00,0x82,0x00,0x08,
  0x08,0x20,0x41,0x00,0x80,0x00,0x00,0x40,0x00,0x89,0x24,0x88,
  0x80,0x00,0x11,0x00,0x10,0x08,0x80,0x12,0x01,0x24,0x00,0x12,
  0x00,0xAB,0x92,0x95,0x05,0x52,0x55,0x25,0x52,0x94,0x00,0x00,
  0x00,0x00,0x00,0x00,0x00,0x00,0x00,0x00,0x00,0x00,0x0C,0x00,
  0x04,0x08,0x04,0x00,0x11,0x24,0x81,0x00,0x22,0x04,0x02,0x48,
  0x40,0x88,0x00,0x44,0x88,0x08,0x11,0x00,0x80,0x84,0x04,0x08,
  0x08,0x92,0x44,0x00,0x12,0x00,0x00,0x02,0x12,0x10,0x80,0x08,
  0x84,0x20,0x11,0x00,0x10,0x00,0x24,0x80,0x02,0x5A,0x08,0x40,
  0xA0,0x49,0x29,0x55,0x29,0x48,0x00,0x00,0x00,0x00,0x00,0x00,
  0x00,0x00,0x00,0x00,0x00,0x00,0xA0,0x09,0x00,0x81,0x20,0x21,
  0x00,0x00,0x08,0x22,0x00,0x40,0x88,0x01,0x08,0x01,0x04,0x00,
  0x20,0x40,0x40,0x24,0x02,0x00,0x90,0x21,0x20,0x00,0x00,0x8A,
  0x80,0x24,0x42,0x20,0x00,0x42,0x08,0x82,0x01,0x02,0x40,0x44,
  0x42,0x11,0x00,0x04,0x49,0x6E,0x41,0x15,0x2A,0x8A,0x96,0x24,
  0x94,0xA8,0x00,0x00,0x00,0x00,0x00,0x00,0x00,0x00,0x00,0x00,
  0x00,0x02,0x01,0x20,0x48,0x10,0x01,0x04,0x04,0x00,0x00,0x00,
  0x08,0x02,0x00,0x00,0x01,0x10,0x20,0x90,0x02,0x01,0x02,0x00,
  0x20,0x10,0x00,0x80,0x01,0x00,0x10,0x00,0x00,0x80,0x08,0x00,
  0x41,0x00,0x20,0x10,0x24,0x08,0x04,0x00,0x00,0x40,0x11,0x20,
  0x15,0x54,0x00,0x00,0x04,0x52,0x49,0x4A,0x4A,0x48,0x00,0x00,
  0x00,0x00,0x00,0x00,0x00,0x00,0x00,0x00,0x00,0x14,0x44,0x01,
  0x00,0x40,0x04,0x00,0x20,0x92,0x41,0x08,0x80,0x10,0x01,0x22,
  0x54,0x00,0x00,0x02,0x00,0x10,0x00,0x01,0x00,0x02,0x02,0x04,
  0x04,0x12,0x42,0x21,0x54,0x01,0x00,0x12,0x08,0x00,0x02,0x00,
  0x00,0xA0,0x00,0x11,0x11,0x02,0x00,0x02,0x55,0x58,0x92,0x44,
  0x90,0x04,0xAA,0xF5,0xA5,0x28,0x00,0x00,0x00,0x00,0x00,0x00,
  0x00,0x00,0x00,0x00,0x00,0x40,0x00,0x08,0x02,0x02,0x40,0x10,
  0x00,0x00,0x04,0x00,0x01,0x00,0x20,0x00,0x00,0x42,0x08,0x00,
  0x48,0x40,0x10,0x48,0x09,0x00,0x20,0x00,0x40,0x00,0x00,0x04,
  0x02,0x10,0x00,0x80,0x00,0x12,0x00,0x21,0x02,0x02,0x21,0x00,
  0x00,0x08,0x44,0x08,0xAB,0x70,0x00,0x10,0x01,0x00,0x01,0x0A,
  0xB5,0xB0,0x00,0x00,0x00,0x00,0x00,0x00,0x00,0x00,0x00,0x00,
  0x02,0x81,0x10,0x80,0x10,0x00,0x00,0x41,0x02,0x00,0x00,0x20,
  0x00,0x00,0x84,0x0A,0x02,0x00,0x41,0x20,0x00,0x02,0x01,0x00,
  0x00,0x20,0x80,0x20,0x00,0x40,0x08,0x02,0x00,0x40,0x22,0x00,
  0x20,0x40,0x40,0x80,0x22,0x00,0x84,0x04,0x04,0x00,0x00,0x82,
  0xAA,0xC1,0x08,0x00,0x84,0x22,0x24,0x20,0x0A,0x50,0x00,0x00,
  0x00,0x00,0x00,0x00,0x00,0x00,0x00,0x00,0x08,0x08,0x02,0x01,
  0x00,0x20,0x00,0x00,0x08,0x00,0x40,0x00,0x40,0x48,0x00,0x20,
  0x20,0x08,0x00,0x00,0x02,0x08,0x44,0x00,0x40,0x02,0x04,0x02,
  0x09,0x00,0x80,0x40,0x29,0x00,0x80,0x08,0x81,0x00,0x08,0x04,
  0x00,0x22,0x00,0x20,0x40,0x40,0x00,0x15,0x55,0x80,0x21,0x04,
  0x10,0x08,0x00,0x04,0x81,0x14,0x00,0x00,0x00,0x00,0x00,0x00,
  0x00,0x00,0x00,0x00,0x20,0x20,0x40,0x24,0x02,0x04,0x81,0x00,
  0x00,0x01,0x04,0x00,0x08,0x00,0x00,0x02,0x04,0x20,0x08,0x00,
  0x10,0x00,0x00,0x00,0x04,0x80,0x00,0x00,0x00,0x00,0x00,0x08,
  0x00,0x00,0x04,0x00,0x00,0x01,0x00,0x00,0x0A,0x00,0x00,0x00,
  0x00,0x02,0x40,0x55,0x56,0x90,0x00,0x20,0x40,0x80,0x81,0x00,
  0x24,0x25,0xD0,0x00,0x00,0x00,0x00,0x00,0x00,0x00,0x00,0x00,
  0x41,0x01,0x00,0x00,0x20,0x00,0x18,0x98,0xC6,0x22,0x19,0x8C,
  0xC6,0x23,0x19,0x80,0x4C,0x05,0x23,0x29,0x88,0xC4,0x42,0x23,
  0x18,0x08,0x54,0x44,0x62,0x21,0x14,0x82,0x46,0x04,0x21,0x11,
  0x08,0x04,0x21,0x11,0x40,0x0C,0x00,0x80,0x12,0x00,0x05,0x55,
  0x55,0x82,0x04,0x01,0x02,0x10,0x10,0x24,0x00,0x80,0x16,0x80,
  0x95,0x50,0x00,0x00,0x00,0x00,0x00,0x01,0x00,0x00,0x08,0x80,
  0x00,0x90,0x39,0xCC,0xEE,0x73,0x99,0xCC,0xE6,0x73,0x39,0x82,
  0x0C,0x06,0x73,0x39,0x9C,0xCE,0xE7,0x39,0x99,0x4C,0xE6,0x57,
  0x67,0x3B,0x99,0xC1,0x0C,0x0E,0x67,0x39,0xCC,0xE7,0x33,0x19,
  0x82,0x26,0x4E,0x73,0x59,0x8D,0x6D,0x2A,0xAA,0x80,0x40,0x44,
  0x00,0x02,0x04,0x01,0x24,0x05,0x01,0x76,0xA2,0x2F,0xFF,0x60,
  0x00,0x00,0x00,0x04,0x04,0x08,0x00,0x04,0x08,0x01,0x19,0x9C,
  0xC6,0x73,0xB9,0xCC,0xE7,0x33,0xB9,0xC1,0x22,0x47,0x73,0x3B,
  0x99,0xCE,0x67,0x33,0x98,0x1E,0xEE,0x46,0x73,0x33,0x99,0xC0,
  0x01,0x26,0x73,0x31,0x9C,0xE6,0x73,0xB9,0xC0,0x08,0x06,0x77,
  0x39,0xD4,0x84,0xAA,0xAA,0x88,0x11,0x00,0x10,0x40,0x00,0x80,
  0x00,0x10,0xAA,0x2F,0xDF,0xF6,0xAD,0x80,0x00,0x00,0x00,0x08,
  0x00,0x40,0x42,0x10,0x40,0x00,0x11,0x88,0x44,0x21,0x10,0x88,
  0x44,0x22,0x11,0x04,0x00,0x04,0x22,0x11,0x08,0x84,0x62,0x31,
  0x18,0x88,0x44,0x26,0x62,0x31,0x18,0x89,0x22,0x06,0x63,0x19,
  0x8C,0x66,0x33,0x19,0x81,0x22,0x0E,0x23,0xAA,0x0A,0xFF,0xD5,
  0x55,0x01,0x00,0x00,0x8A,0x88,0x40,0x12,0x02,0xAA,0x2B,0xFD,
  0xFD,0xDF,0xFA,0x00,0x00,0x00,0x00,0x20,0x10,0x00,0x00,0x00,
  0x02,0x24,0x00,0x00,0x00,0x00,0x00,0x00,0x00,0x00,0x00,0x10,
  0x22,0x00,0x00,0x00,0x00,0x00,0x00,0x00,0x00,0x00,0x00,0x00,
  0x00,0x00,0x00,0x00,0x00,0x00,0x00,0x00,0x00,0x00,0x00,0x00,
  0x02,0x00,0x80,0xB6,0x55,0xFF,0xFF,0x7A,0xAB,0x80,0x04,0x12,
  0x2A,0xA5,0x12,0x00,0x58,0x45,0xFF,0xF7,0x77,0xFF,0xA0,0x00,
  0x00,0x00,0x00,0x00,0x01,0x04,0x10,0x41,0x08,0x00,0x04,0x00,
  0x01,0x00,0x00,0x02,0x00,0x00,0x00,0x02,0x02,0x20,0x00,0x40,
  0x20,0x20,0x01,0x00,0x00,0x81,0x00,0x00,0x04,0x00,0x00,0x42,
  0x01,0x20,0x00,0x00,0x00,0x80,0x00,0x00,0x08,0x22,0x2A,0x8D,
  0xFF,0xF7,0x77,0xED,0x6C,0x92,0x20,0x80,0xA4,0x52,0x40,0xAA,
  0x85,0xBF,0xDD,0xBF,0xDF,0x7A,0x00,0x00,0x00,0x00,0x00,0x80,
  0x40,0x00,0x80,0x00,0x00,0x00,0x80,0x01,0x24,0x02,0x24,0x00,
  0x00,0x40,0x90,0x00,0x00,0x01,0x01,0x04,0x82,0x00,0x08,0x00,
  0x42,0x04,0x10,0x80,0x10,0x04,0x89,0x08,0x24,0x04,0x88,0x92,
  0x04,0x00,0x01,0x20,0x22,0x05,0x50,0x7F,0xFB,0x5D,0xFE,0x83,
  0x55,0x80,0x08,0x2A,0x2A,0x95,0x5D,0x01,0x7F,0xFF,0x7F,0xF6,
  0xFB,0xC0,0x00,0x00,0x00,0x00,0x01,0x00,0x00,0x10,0x02,0x08,
  0x40,0x92,0x10,0x44,0x00,0x20,0x00,0x48,0x49,0x04,0x02,0x4A,
  0x42,0x08,0x24,0x00,0x00,0x09,0x20,0x22,0x00,0x10,0x00,0x10,
  0x40,0x80,0x00,0x01,0x01,0x00,0x00,0x00,0x40,0x12,0x48,0x02,
  0x01,0x74,0x2F,0xFF,0xAF,0xFF,0xD0,0x00,0xAA,0x88,0x82,0x81,
  0x52,0x55,0x40,0xBF,0xDD,0xF7,0xF6,0xDF,0xDE,0x00,0x00,0x00,
  0x00,0x00,0x04,0x04,0x00,0x00,0x08,0x20,0x04,0x00,0x01,0x00,
  0x00,0x00,0x80,0x00,0x00,0x00,0x00,0x00,0x00,0x80,0x00,0x10,
  0x08,0x80,0x01,0x00,0x10,0x00,0x42,0x02,0x00,0x10,0x20,0x02,
  0x00,0x10,0x22,0x00,0x08,0x80,0x00,0x00,0x56,0x83,0xFF,0xED,
  0xFE,0xFF,0x40,0x00,0x55,0x00,0x29,0x5D,0x55,0xA8,0x2F,0xEE,
  0xFF,0xBD,0xDF,0xFB,0x78,0x00,0x00,0x00,0x00,0x00,0x00,0x00,
  0x00,0x81,0x20,0x01,0x00,0x00,0x00,0x00,0x44,0x88,0x09,0x02,
  0x00,0x10,0x90,0x06,0x06,0x10,0x80,0x41,0x20,0x10,0x04,0x08,
  0x81,0x01,0x08,0x40,0x02,0x01,0x04,0x48,0x12,0x01,0x00,0x49,
  0x00,0x01,0x10,0x57,0x40,0xBF,0xED,0xBF,0x7B,0xD8,0x05,0x24,
  0x36,0xA5,0x02,0x22,0xAA,0x03,0xFB,0x7F,0xEE,0xF7,0x7B,0x6F,
  0xD4,0x00,0x00,0x00,0x00,0x00,0x10,0x00,0x04,0x00,0x00,0x00,
  0x10,0x88,0x90,0x24,0x00,0x00,0x20,0x20,0x48,0x82,0x02,0x41,
  0xF4,0x02,0x09,0x04,0x01,0x02,0x40,0x20,0x04,0x24,0x00,0x08,
  0x88,0x44,0x00,0x01,0xDA,0x20,0x08,0x00,0x22,0x24,0x07,0x50,
  0x3F,0xFE,0xFF,0xF7,0xEF,0xE0,0x10,0x00,0x0A,0x80,0x55,0x5A,
  0x00,0xFF,0xBF,0xF6,0xFB,0xFF,0xFF,0xF9,0x58,0x00,0x00,0x00,
  0x00,0x00,0x00,0x20,0x40,0x00,0x02,0x44,0x02,0x00,0x02,0x00,
  0x88,0x22,0x00,0x01,0x00,0x00,0x00,0x10,0x00,0x40,0x00,0x00,
  0x04,0x08,0x08,0x81,0x10,0x00,0x01,0x00,0x00,0x00,0x22,0x20,
  0x00,0x04,0x41,0x04,0x00,0x01,0x74,0x0B,0xFF,0xF7,0xDB,0x7D,
  0xBE,0x02,0x80,0x22,0x4D,0x95,0x08,0x80,0xAF,0xBE,0xF7,0xBF,
  0xBF,0xB7,0x6D,0x85,0xBC,0x00,0x00,0x00,0x00,0x00,0x7B,0xD0,
  0x00,0x14,0x90,0x00,0x40,0x11,0x00,0x10,0x01,0x00,0x84,0x94,
  0x04,0x24,0x48,0x82,0x02,0x08,0x44,0x20,0x90,0x40,0x20,0x04,
  0x00,0x80,0x90,0x22,0x42,0x10,0x80,0x84,0x41,0x10,0x00,0x20,
  0x88,0xBD,0x01,0xFF,0xEE,0xDF,0x7F,0xEF,0xF0,0x00,0x04,0x88,
  0x06,0x80,0xA2,0xAF,0xFF,0xF7,0xFE,0xFB,0xEE,0xFD,0xFA,0x2B,
  0xF8,0x00,0x00,0x00,0x00,0x00,0xFF,0xF8,0x00,0x41,0x00,0x01,
  0x08,0x40,0x24,0x82,0x20,0x08,0x10,0x00,0x21,0x00,0x02,0x00,
  0x10,0x01,0x10,0x84,0x00,0x02,0x02,0x10,0x42,0x12,0x04,0x88,
  0x10,0x42,0x08,0x01,0x08,0x41,0x24,0x02,0x27,0x40,0xBF,0xFF,
  0xFF,0xFD,0xFF,0xBF,0x00,0x94,0xA0,0x02,0x40,0x2A,0x15,0x7E,
  0xFB,0xFF,0xBB,0xEF,0xFF,0xFF,0xA0,0xA5,0xF8,0x00,0x00,0x00,
  0x00,0x01,0xEF,0x78,0x04,0x02,0x54,0x90,0x00,0x04,0x00,0x08,
  0x04,0x42,0x01,0x2A,0x90,0x49,0x20,0x24,0x84,0xA4,0x00,0x10,
  0x89,0x28,0x88,0x41,0x08,0x00,0x20,0x25,0x42,0x08,0x21,0x10,
  0x22,0x04,0x00,0x95,0xA8,0x17,0xFF,0x6E,0xFB,0xF7,0xED,0xF8,
  0x44,0x00,0x55,0x20,0x12,0x80,0xA1,0x3B,0xDF,0x6E,0xFF,0xFF,
  0x7B,0xA4,0x8D,0x57,0xBC,0x00,0x00,0x00,0x00,0x03,0xBF,0xFC,
  0x80,0x04,0x02,0x02,0x12,0x10,0x89,0x20,0x91,0x08,0x48,0x10,
  0x12,0x00,0x08,0x80,0x20,0x00,0x44,0x82,0x20,0x00,0x20,0x04,
  0x00,0x92,0x04,0x20,0x08,0x40,0x84,0x04,0x80,0x10,0x4A,0xBA,
  0x05,0xFF,0xF7,0xFF,0xDF,0x7F,0xFF,0xC1,0x10,0x92,0x88,0x8A,
  0x88,0x2A,0x14,0x8F,0xFF,0xFF,0xFF,0xFF,0xEF,0xD2,0xAA,0xA9,
  0xF8,0x00,0x00,0x00,0x00,0x06,0xCF,0xBC,0x00,0x80,0x00,0x08,
  0x40,0x80,0x20,0x02,0x00,0x20,0x02,0x41,0x10,0x92,0x42,0x12,
  0x09,0x11,0x10,0x10,0x04,0x84,0x82,0x90,0x52,0x00,0x91,0x09,
  0x21,0x08,0x00,0xA0,0x11,0x45,0xB6,0x40,0xFF,0xFF,0x7F,0xFF,
  0xFF,0xFF,0xFE,0x04,0x02,0x00,0x42,0x40,0x22,0x81,0x42,0xA5,
  0x6D,0xFB,0xED,0xB6,0xFE,0xFD,0x55,0x57,0xF8,0x00,0x00,0x00,
  0x00,0x10,0x03,0x74,0x04,0x08,0x44,0x80,0x00,0x09,0x02,0x48,
  0x49,0x02,0x90,0x14,0x4A,0x00,0x10,0x40,0xA0,0x44,0x02,0x42,
  0x40,0x20,0x10,0x02,0x00,0x48,0x00,0x62,0x24,0x22,0x52,0x04,
  0x8D,0x5A,0x09,0x5F,0xFF,0xFD,0xFF,0xFF,0xFF,0xFF,0xF1,0x50,
  0xA0,0x4A,0x90,0x4A,0x88,0x2A,0x29,0x52,0xFF,0x5E,0xFF,0xFF,
  0xB7,0x57,0x55,0xFF,0xC0,0x00,0x00,0x00,0x00,0x20,0x00,0x00,
  0x10,0x24,0x04,0x11,0x14,0xA0,0x24,0x01,0x00,0x48,0x04,0x91,
  0x10,0x49,0x44,0x0A,0x05,0x00,0xA4,0x10,0x95,0x15,0x44,0xA8,
  0x94,0x85,0x49,0x04,0x00,0x80,0x00,0x56,0xF2,0x00,0x55,0x7F,
  0xFF,0xDF,0xFE,0xF6,0xF7,0xFF,0x80,0x02,0x0A,0x20,0x0D,0x00,
  0x22,0x84,0x90,0xAA,0xD7,0xEF,0xAD,0x55,0xFD,0xFD,0xEF,0x5A,
  0x00,0x00,0x00,0x00,0x00,0x40,0x00,0x00,0x80,0x81,0x2A,0x40,
  0x40,0x02,0x01,0x24,0x2A,0x01,0x50,0x20,0xA1,0x04,0x02,0x80,
  0x90,0x28,0x01,0x44,0x00,0x40,0x00,0x00,0x00,0x20,0x00,0x52,
  0xD2,0x09,0x5F,0xB4,0x00,0x49,0xE0,0xB7,0x7F,0x7F,0xF7,0xDF,
  0xDF,0x6E,0xF5,0x48,0x41,0x09,0x41,0x55,0x08,0x51,0x0A,0x05,
  0x7D,0x7A,0xFF,0xFF,0xB7,0xDF,0xBD,0xF4,0x00,0x00,0x00,0x00,
  0x00,0x80,0x00,0x00,0x00,0x04,0x4C,0x0E,0x67,0x31,0xB9,0x8C,
  0xC6,0x73,0x19,0x15,0x74,0x6B,0x39,0x5C,0xC6,0xC7,0x35,0x18,
  0xCE,0x33,0x9D,0x75,0xAA,0xCD,0x56,0x40,0xC2,0xB6,0xD0,0x00,
  0x17,0xBF,0x57,0x6D,0xEB,0xFF,0x7F,0xFF,0xFF,0xFF,0x9A,0x22,
  0x1A,0x50,0x95,0x80,0xA2,0x08,0x50,0x90,0x17,0xDF,0xD5,0xBB,
  0xFF,0x7B,0xFF,0x80,0x00,0x00,0x00,0x00,0x02,0x00,0x00,0x24,
  0x09,0x04,0x08,0x8C,0xE7,0x77,0x9D,0xDC,0xEE,0x73,0x9C,0x41,
  0x20,0x23,0xB9,0x9D,0xCE,0x76,0x73,0x9D,0xE6,0xB3,0x8C,0x73,
  0x9D,0xCE,0x4E,0x2B,0xEF,0x50,0x00,0x57,0xFE,0xFB,0xF5,0xBF,
  0xBF,0xED,0xDA,0xFB,0xFD,0xFB,0xEB,0x33,0x9C,0xE4,0xA5,0xAA,
  0x11,0x52,0x84,0x44,0xAD,0x76,0xFF,0xEE,0xAD,0xEF,0x74,0x00,
  0x00,0x00,0x00,0x00,0x00,0x00,0x10,0x84,0x00,0x22,0xA4,0x2E,
  0x67,0x33,0xB9,0x8C,0xE7,0x33,0x39,0x18,0x95,0x57,0x39,0xDC,
  0xCE,0xE7,0x3B,0xB8,0xCE,0x73,0x2E,0xF3,0x9C,0xEE,0x9F,0x6D,
  0x20,0x02,0x5F,0xFF,0xD7,0xDE,0x9A,0xD5,0xFB,0x7F,0xFF,0xAF,
  0x6F,0xBF,0xFF,0x7B,0xBC,0xE2,0x08,0x91,0x4A,0x04,0x22,0x11,
  0x27,0xDD,0xB5,0x7F,0xFF,0xFF,0xE8,0x00,0x00,0x00,0x00,0x00,
  0x04,0x00,0x00,0x00,0x22,0x04,0x02,0x04,0x64,0x32,0x10,0xAD,
  0x46,0x63,0x58,0x45,0x20,0x23,0x13,0x14,0xCC,0x66,0x61,0x19,
  0xCE,0x31,0x98,0x51,0x58,0xC6,0xD5,0x10,0x08,0xBF,0xFF,0xE8,
  0x55,0x6A,0xAF,0xFE,0xDF,0xDB,0xEF,0xFF,0xFF,0xFE,0xEA,0x33,
  0x9A,0xE4,0xD5,0x48,0x21,0x52,0x91,0x44,0x11,0x77,0xDF,0xDB,
  0xF7,0x7D,0x00,0x00,0x00,0x00,0x00,0x00,0x08,0x10,0x02,0x00,
  0x80,0x48,0xA8,0xA2,0x09,0x49,0x45,0x00,0x20,0x14,0x05,0x20,
  0x95,0x14,0xA4,0x42,0x21,0x01,0x14,0x84,0x20,0x84,0x05,0x00,
  0x05,0x5A,0x20,0x42,0xBF,0xFF,0xFF,0x93,0xBF,0xBA,0xFD,0xBF,
  0xF6,0xFE,0xBD,0xFB,0xFA,0xC4,0x05,0x01,0x08,0x10,0x82,0x52,
  0x94,0x28,0x4A,0x11,0x45,0xBD,0x7B,0x7E,0xBF,0xE8,0x00,0x00,
  0x00,0x00,0x00,0x00,0x10,0x00,0x48,0x12,0x15,0x04,0x04,0x14,
  0xA2,0x24,0x90,0xAA,0x95,0x42,0xA0,0x95,0x10,0xA1,0x11,0x29,
  0x14,0xA8,0xA2,0x52,0x92,0x52,0xA2,0x57,0xFD,0x20,0x0B,0x7F,
  0xFF,0xF7,0xD2,0xFF,0xEA,0xED,0xEF,0xFB,0xFF,0xDB,0xFF,0x5F,
  0x69,0x11,0x50,0xAA,0xA5,0x4A,0xA9,0x4A,0xAA,0xA5,0x51,0x4A,
  0xAA,0xD7,0xEF,0xEF,0xF7,0x40,0x00,0x00,0x00,0x00,0x00,0x00,
  0x00,0x01,0x00,0x40,0x00,0x25,0x52,0x80,0x11,0x11,0x0A,0x12,
  0x40,0x28,0x4A,0x24,0x55,0x14,0x4A,0x44,0xA2,0x05,0x11,0x08,
  0x09,0x00,0x5B,0x6A,0x00,0x05,0xFF,0xFF,0xFF,0xDC,0x00,0x08,
  0x11,0x17,0x7E,0xEF,0xFF,0xFF,0xD7,0xFA,0x84,0xA4,0x4A,0x48,
  0x50,0xA4,0x94,0xA2,0x45,0x55,0x56,0xAA,0x55,0x7D,0xBD,0xFB,
  0xFC,0x00,0x00,0x00,0x00,0x00,0x00,0x00,0x20,0x00,0x01,0x01,
  0x4A,0x88,0x04,0x55,0x4A,0x44,0x51,0x49,0x2A,0x85,0x25,0x52,
  0x92,0x42,0xA4,0x92,0x14,0xA8,0x8A,0x52,0xA2,0x5F,0xAC,0x00,
  0x4B,0xFF,0xFF,0xDB,0xF7,0x70,0x44,0x40,0x44,0x00,0x2B,0xFF,
  0xBF,0xD6,0xFD,0x74,0x29,0x12,0x91,0x25,0x2A,0x12,0xA5,0x55,
  0x29,0x2A,0xA9,0x55,0xAD,0xAF,0xF7,0xBF,0xA0,0x00,0x00,0x00,
  0x00,0x00,0x00,0x00,0x40,0x48,0x50,0x0C,0x10,0x25,0x52,0x00,
  0x91,0x29,0x24,0x92,0x44,0xA9,0x10,0x94,0x49,0x29,0x12,0x24,
  0xA2,0x55,0x50,0x8A,0xAD,0xA0,0x21,0x57,0x7E,0xFF,0x76,0xFF,
  0xBF,0xF9,0x00,0x04,0x00,0x40,0x80,0xBF,0xFF,0xFF,0x6F,0xD6,
  0x92,0x49,0x24,0x92,0x85,0x54,0xA9,0x4A,0xAA,0xA5,0x56,0xB6,
  0xF6,0xFB,0x7F,0xFC,0x00,0x00,0x00,0x00,0x00,0x00,0x00,0x00,
  0x02,0x01,0x24,0xA5,0x22,0x88,0x05,0x55,0x24,0x84,0x92,0x49,
  0x29,0x12,0xAA,0x22,0x94,0x94,0xA4,0xAA,0xAA,0xA4,0xAF,0x75,
  0x50,0x29,0x15,0x2F,0xFF,0xDD,0xFF,0xFF,0xFF,0xF0,0x11,0x10,
  0x81,0x08,0x04,0xF7,0xFF,0xB7,0xFB,0xF5,0xA4,0xA4,0x92,0xA9,
  0x54,0xA5,0x54,0xAA,0xAA,0xAA,0xAB,0x5B,0x5F,0xAF,0xDD,0xD0,
  0x00,0x00,0x00,0x00,0x00,0x00,0x00,0x00,0x80,0x10,0x20,0x00,
  0x88,0x57,0xFC,0x92,0x49,0x32,0x49,0x24,0x92,0x48,0x89,0x5F,
  0x72,0x4A,0x52,0x90,0x00,0x0A,0xA9,0x49,0x09,0x02,0xF0,0x4B,
  0xEF,0xFF,0xFF,0xFF,0xFF,0xE8,0x40,0x00,0x10,0x02,0x20,0x7F,
  0x7E,0xFF,0xFF,0xFE,0xD2,0x52,0x4A,0x4A,0x55,0x54,0xDB,0xD5,
  0x55,0x5B,0x75,0xED,0xEB,0xFE,0xFE,0x00,0x00,0x00,0x00,0x00,
  0x00,0x00,0x00,0x00,0x49,0x45,0x55,0x56,0x22,0x02,0x4A,0x49,
  0x24,0x89,0x24,0x92,0x49,0x55,0x55,0x29,0xA9,0x2A,0x88,0x02,
  0x57,0xF5,0x04,0x92,0x20,0x7F,0x6B,0x6A,0xBD,0xFF,0xFF,0xFF,
  0xFB,0xF8,0x00,0x00,0x00,0x10,0x80,0xFF,0xFB,0xFF,0xFF,0x6B,
  0x5A,0x95,0x55,0x55,0x4A,0x95,0x76,0xAA,0xAA,0xAD,0x9E,0xB7,
  0x7E,0xFB,0xE0,0x00,0x00,0x00,0x00,0x00,0x00,0x00,0x00,0x00,
  0x82,0x10,0x20,0x8C,0x91,0x54,0x91,0x24,0x92,0x55,0x55,0x55,
  0x25,0x24,0x92,0xA4,0x94,0xA8,0x42,0xFD,0xA8,0x00,0xA9,0x00,
  0x57,0xDB,0xFA,0xAD,0xF7,0xBF,0xF7,0xFF,0xEF,0x68,0x00,0x80,
  0x00,0x00,0x08,0xE5,0xFF,0xFF,0xDF,0xFF,0xFD,0x4A,0x52,0xAA,
  0xA9,0x55,0x4A,0xAA,0xAD,0xD6,0xEB,0xDF,0xDF,0xBF,0x00,0x00,
  0x00,0x00,0x00,0x00,0x00,0x00,0x00,0x00,0x94,0xA5,0x4A,0x52,
  0xA6,0x49,0x4A,0x95,0x4A,0xAA,0x92,0xAA,0xAA,0xAA,0xAA,0x55,
  0x53,0x42,0x15,0x00,0x05,0x54,0x00,0x15,0x57,0xEE,0x95,0x56,
  0xDE,0xF5,0xBE,0xDB,0x7F,0xF4,0x00,0x00,0x01,0x00,0x00,0x7D,
  0x2F,0xFE,0xFB,0xFF,0xEA,0x55,0x4A,0x49,0x55,0x55,0x5B,0x56,
  0xD6,0xBB,0x7E,0xFB,0x7B,0xE8,0x00,0x00,0x00,0x00,0x00,0x00,
  0x00,0x00,0x00,0x00,0x49,0x12,0x29,0x25,0x11,0x24,0x52,0x54,
  0xAA,0xA4,0xAA,0x95,0x55,0x55,0x55,0x55,0x54,0x08,0xEA,0x25,
  0x6A,0x01,0x24,0x55,0x5D,0x35,0x6F,0xFA,0xBB,0xFF,0xF7,0xFF,
  0xFF,0xF0,0x00,0x00,0x00,0x00,0x00,0xFF,0xFF,0xFE,0xAC,0x2A,
  0x2A,0xAA,0xB5,0xB6,0xAA,0xB5,0xAD,0x6B,0x7B,0xDD,0xDB,0xDF,
  0xFF,0x00,0x00,0x00,0x00,0x00,0x00,0x00,0x00,0x00,0x00,0x00,
  0x52,0x55,0x4A,0x94,0xD5,0x55,0x4A,0xAA,0xAA,0x55,0x55,0x52,
  0xAA,0xAA,0xAA,0xAA,0xA2,0xA2,0x91,0x49,0x10,0x20,0x95,0xAF,
  0xED,0xDA,0xFB,0xFF,0xFF,0xAD,0xBF,0xEF,0xDD,0xE8,0x04,0x09,
  0x49,0x24,0x00,0x7F,0xFF,0xEF,0xB7,0xA9,0xAA,0xAA,0xAA,0xAA,
  0xD6,0xD6,0xB5,0xBD,0xAD,0x77,0xFF,0x7D,0xE8,0x00,0x00,0x00,
  0x00,0x00,0x00,0x00,0x00,0x00,0x00,0x00,0x6A,0xA4,0xA9,0x55,
  0x2A,0xAA,0xAA,0xA5,0x55,0x55,0x55,0x55,0x55,0x55,0x55,0x55,
  0x14,0x0A,0xAA,0x2C,0xA6,0x8D,0x42,0xB4,0x2A,0x6E,0xDE,0xB7,
  0xFF,0xFF,0xFB,0x7D,0xFF,0x75,0x21,0x40,0x04,0x81,0x4A,0xF7,
  0xFD,0xBD,0xD9,0xAA,0xAA,0xAA,0xAA,0xAB,0x5B,0x5A,0xD6,0xD6,
  0xF7,0xFE,0xDD,0xFF,0x00,0x00,0x00,0x00,0x00,0x00,0x00,0x00,
  0x00,0x00,0x00,0x00,0x35,0x55,0x55,0x55,0x55,0x55,0x55,0x55,
  0x55,0x55,0x55,0x55,0x55,0x55,0x55,0x54,0x42,0xAC,0x49,0x55,
  0x2A,0x70,0x10,0x00,0x80,0x01,0x77,0xFF,0x7F,0xEB,0x6F,0xF7,
  0xBF,0xFC,0x48,0x15,0x51,0x28,0x20,0x77,0xDF,0xFF,0xFF,0xAA,
  0xAB,0x55,0xB6,0xDA,0xAD,0x6D,0xBB,0x6D,0xBE,0xDB,0xF7,0xE8,
  0x00,0x00,0x00,0x00,0x00,0x00,0x00,0x00,0x00,0x00,0x00,0x00,
  0x3A,0xAA,0xAA,0xAA,0xAA,0xAA,0xAA,0xAA,0xAA,0xAA,0xAA,0xAA,
  0xAA,0xAA,0xAA,0xB2,0xA9,0x33,0x25,0x5D,0xDD,0xB2,0x02,0x42,
  0x02,0x24,0x0A,0xFB,0xF7,0xFF,0xFD,0xBF,0xFF,0x75,0x02,0x80,
  0x08,0x85,0x4A,0xFB,0xF5,0x6D,0xF6,0xAD,0xB5,0x6E,0xAB,0x6D,
  0xB6,0xD6,0xD6,0xFF,0xEF,0xFF,0xBF,0x40,0x00,0x00,0x00,0x00,
  0x00,0x00,0x00,0x00,0x00,0x00,0x00,0x00,0x1F,0x55,0x55,0x55,
  0x55,0x55,0x55,0x5B,0x55,0x6D,0x5B,0x5B,0x6D,0xB6,0xDD,0xCA,
  0x24,0xCA,0xB6,0xDE,0xFF,0xF8,0x88,0x08,0x28,0x80,0x00,0xAF,
  0xFF,0x6A,0xB7,0xEF,0xFF,0xFC,0x50,0x5D,0x52,0x52,0x24,0xFF,
  0xBE,0x00,0x1A,0xD5,0x5B,0x55,0x6D,0x56,0xDB,0x7B,0x7B,0xAB,
  0x7B,0x77,0xF8,0x00,0x00,0x00,0x00,0x00,0x00,0x00,0x00,0x00,
  0x00,0x00,0x00,0x00,0x0B,0xEE,0xDB,0xB6,0xAB,0x6A,0xDB,0x6D,
  0x6D,0xAB,0xAD,0x6D,0xB6,0xDB,0x6B,0x29,0x95,0x5B,0x6D,0xFB,
  0xFF,0x68,0x01,0x00,0x00,0x08,0x90,0xFF,0xDF,0xFF,0xFF,0x7F,
  0xFF,0x75,0x0A,0x92,0x49,0x29,0x52,0xFF,0xFF,0xEA,0xA6,0xB6,
  0xD5,0xBB,0xB6,0xEB,0x6D,0xAF,0xDF,0xFF,0xEF,0xFF,0x40,0x00,
  0x00,0x00,0x00,0x00,0x00,0x00,0x00,0x00,0x00,0x00,0x00,0x00,
  0x06,0xBB,0x6D,0x5B,0x7D,0xB7,0x6D,0xAB,0xB6,0xDD,0x75,0xB6,
  0xD5,0x55,0xB6,0xA5,0x54,0xFE,0xFF,0xDF,0xDF,0xF8,0x20,0x00,
  0x01,0x00,0x00,0xFE,0xFF,0xFF,0xFF,0xFF,0xFF,0xFC,0xA9,0x55,
  0x25,0x4A,0xAA,0xF7,0xFF,0xB1,0x12,0xDB,0x6E,0xD5,0x5B,0x5D,
  0xBB,0xFA,0xF6,0xDD,0xFF,0xE8,0x00,0x00,0x00,0x00,0x00,0x00,
  0x00,0x00,0x00,0x00,0x00,0x00,0x00,0x00,0x03,0xFF,0xF7,0xED,
  0xAA,0xDA,0xB6,0xDD,0x5B,0x6B,0xAE,0xDB,0x6F,0xBE,0xDB,0x5A,
  0xAA,0x6F,0xF7,0xFF,0xFD,0xE8,0x00,0x00,0x00,0x01,0x08,0x6B,
  0xFF,0xFF,0xFF,0xFF,0xFF,0x7E,0x54,0x94,0xAA,0xAA,0x95,0x7F,
  0xFF,0xE4,0xA9,0x6A,0xB5,0x7E,0xED,0xF7,0x6E,0xBF,0xBF,0xFF,
  0xBE,0x80,0x00,0x00,0x00,0x00,0x00,0x00,0x00,0x00,0x00,0x00,
  0x00,0x00,0x00,0x00,0x00,0xEB,0x5D,0x77,0xF7,0x6F,0xDB,0x76,
  0xED,0xBD,0x75,0xB5,0xB5,0x6B,0x6D,0x6A,0xAB,0x7F,0xDF,0x7F,
  0x7F,0xE8,0x00,0x00,0x00,0x00,0x02,0xF5,0x7F,0xFF,0xFB,0xFF,
  0x77,0x7A,0x8A,0xAA,0xA9,0x55,0x6A,0xFF,0xF2,0x15,0x4A,0x9F,
  0xDF,0xAB,0xB6,0xAD,0xFF,0xED,0xFB,0xB7,0xF0,0x00,0x00,0x00,
  0x00,0x00,0x00,0x00,0x00,0x00,0x00,0x00,0x00,0x00,0x00,0x00,
  0x00,0x3F,0xFF,0xDE,0xBF,0xFA,0xEE,0xDF,0xBF,0x6F,0xBF,0x7F,
  0x7F,0xFD,0xDE,0xAD,0x55,0x17,0xFF,0xFB,0xFF,0x70,0x00,0x00,
  0x01,0x00,0x00,0x7D,0xAB,0xFF,0xFF,0xFD,0xFF,0xBE,0xAA,0x95,
  0x55,0x55,0x55,0x7F,0xCA,0xD5,0x55,0x55,0x75,0xF6,0xFF,0xFF,
  0xB6,0xFF,0xDF,0xFE,0x80,0x00,0x00,0x00,0x00,0x00,0x00,0x00,
  0x00,0x00,0x00,0x00,0x00,0x00,0x00,0x00,0x00,0x0E,0xF7,0x7B,
  0xED,0x5F,0xBF,0xF5,0xF7,0xFA,0xEB,0xD7,0xD5,0x57,0xF7,0xF6,
  0xEA,0xE9,0x7F,0xFF,0xFB,0xE8,0x01,0x25,0x54,0x08,0x00,0xFF,
  0xFF,0xEF,0xDF,0xFF,0xFF,0x7D,0x55,0x55,0x55,0x5B,0x5B,0xFF,
  0x2A,0xAA,0xAA,0xAF,0xDE,0xBF,0xAB,0x6D,0xFF,0xF7,0x7E,0xE8,
  0x00,0x00,0x00,0x00,0x00,0x00,0x00,0x00,0x00,0x00,0x00,0x00,
  0x00,0x00,0x00,0x00,0x00,0x01,0xDD,0xFF,0xFF,0xF6,0xF6,0xDF,
  0xBD,0xBF,0xFF,0x7D,0xFF,0xFE,0xBE,0xBB,0x5F,0x56,0xFF,0xEF,
  0xFF,0xF4,0x48,0x00,0x01,0x42,0xA4,0x77,0xFF,0xFF,0x7F,0xEF,
  0xFF,0xBE,0xAA,0xAA,0xAD,0xD5,0xED,0xFE,0xD5,0x55,0x55,0x6A,
  0xFB,0xED,0xFF,0xFF,0xDB,0xBF,0xFF,0x00,0x00,0x00,0x00,0x00,
  0x00,0x00,0x00,0x00,0x00,0x00,0x00,0x00,0x00,0x00,0x00,0x00,
  0x00,0x00,0x3F,0xDE,0xDB,0xFF,0xFF,0xFE,0xFF,0xED,0xBB,0xFF,
  0x7B,0xDF,0xFB,0xEF,0xF5,0xBB,0x5E,0xFF,0xDF,0x75,0x02,0xAA,
  0x48,0x28,0x11,0x7F,0xFF,0xFF,0xFF,0xFF,0xDB,0xBD,0x6D,0xDD,
  0xD6,0xBE,0xB6,0xFD,0x55,0x55,0xBB,0xBF,0xDF,0xFF,0xBD,0xB6,
  0xFF,0xF7,0xD0,0x00,0x00,0x00,0x00,0x00,0x00,0x00,0x00,0x00,
  0x00,0x00,0x00,0x00,0x00,0x00,0x00,0x00,0x00,0x00,0x03,0xFB,
  0xFF,0x6E,0xDB,0x77,0xED,0xFF,0xEF,0xB7,0xDF,0x7B,0xDF,0xFE,
  0xDF,0xED,0xEB,0xFF,0x7F,0xF4,0x50,0x00,0x93,0x05,0x44,0xF3,
  0xFF,0xFF,0xFF,0xFE,0xFF,0xFE,0xB6,0xB6,0xBD,0xD5,0xDF,0xF6,
  0xAD,0xB6,0xD6,0xED,0xFD,0xB6,0xF7,0xFF,0xEE,0xFC,0x00,0x00,
  0x00,0x00,0x00,0x00,0x00,0x00,0x00,0x00,0x00,0x00,0x00,0x00,
  0x00,0x00,0x00,0x00,0x00,0x00,0x00,0x2F,0xFD,0xFB,0xFF,0xFF,
  0xBF,0x6E,0xFE,0xFE,0xFD,0xFE,0xFE,0xDB,0xFD,0x7F,0x7F,0xBF,
  0xFE,0xFA,0x0A,0xAA,0x24,0xA8,0x2A,0xFF,0xFF,0x7F,0xFF,0x7B,
  0xFF,0xBF,0xDB,0x6B,0xD7,0x7F,0x7B,0xEA,0xD6,0xDB,0x7F,0xFF,
  0xB7,0xFF,0xFF,0xBF,0x7F,0x80,0x00,0x00,0x00,0x00,0x00,0x00,
  0x00,0x00,0x00,0x00,0x00,0x00,0x00,0x00,0x00,0x00,0x00,0x00,
  0x00,0x00,0x00,0x00,0x2F,0xFF,0xEE,0xDD,0xFF,0xFB,0xFB,0xFB,
  0xEF,0xDB,0xEF,0xFF,0xF7,0xEF,0xDD,0xF7,0xFF,0x74,0xA1,0x15,
  0x49,0x45,0x90,0xFF,0xAF,0xFD,0xFF,0xFF,0xFB,0xFD,0x77,0xFE,
  0xFD,0xDB,0xFF,0xB7,0x7B,0xEF,0xED,0xB7,0xFF,0x7B,0xDD,0xF7,
  0xF0,0x00,0x00,0x00,0x00,0x00,0x00,0x00,0x00,0x00,0x00,0x00,
  0x00,0x00,0x00,0x00,0x00,0x00,0x00,0x00,0x00,0x00,0x00,0x00,
  0x00,0x15,0xBF,0xFF,0xF7,0xBF,0xAF,0xDF,0xBF,0x7F,0xBD,0xFE,
  0xDF,0xFD,0xF7,0xDE,0xF7,0xFD,0x14,0xA4,0xA5,0x34,0xAA,0xF7,
  0xFF,0xFF,0xFF,0xFF,0xDF,0xBF,0xFD,0xAF,0xB7,0xFF,0xDD,0xAD,
  0xAF,0x7E,0xFF,0xFE,0xEF,0xEF,0x7F,0xFD,0x00,0x00,0x00,0x00,
  0x00,0x00,0x00,0x00,0x00,0x00,0x00,0x00,0x00,0x00,0x00,0x00,
  0x00,0x00,0x00,0x00,0x00,0x00,0x00,0x00,0x00,0x00,0x00,0x4A,
  0xBD,0xFF,0xFF,0xFF,0xFF,0xFF,0xFF,0xEF,0xFF,0xB7,0xBF,0xFF,
  0xDF,0x7C,0xAA,0xB5,0x2A,0x8A,0xAA,0xFF,0xFF,0xFF,0xF7,0xFF,
  0xFF,0xDF,0xBF,0xFB,0xFF,0x76,0xFF,0xFE,0xFD,0xF7,0xDE,0xFF,
  0xFD,0xFF,0xFE,0x80,0x00,0x00,0x00,0x00,0x00,0x00,0x00,0x00,
  0x00,0x00,0x00,0x00,0x00,0x00,0x00,0x00,0x00,0x00,0x00,0x00,
  0x00,0x00,0x00,0x00,0x00,0x00,0x00,0x00,0x00,0x00,0x24,0x52,
  0x52,0xA4,0xAA,0xAA,0xA9,0xFF,0xFF,0x7F,0xFF,0x7D,0x49,0x55,
  0x55,0x6A,0xAA,0xFF,0xFF,0xF7,0xFF,0xBB,0xFD,0xFD,0xF7,0x7E,
  0xEF,0xFF,0xF7,0x6F,0xF7,0xDF,0xFB,0xDB,0xBF,0xFD,0xA0,0x00,
  0x00,0x00,0x00,0x00,0x00,0x00,0x00,0x00,0x00,0x00,0x00,0x00,
  0x00,0x00,0x00,0x00,0x00,0x00,0x00,0x00,0x00,0x00,0x00,0x00,
  0x00,0x00,0x00,0x00,0x00,0x00,0x00,0x00,0x08,0x00,0x00,0x00,
  0x00,0x05,0x7F,0xF6,0xFF,0x76,0xAA,0x95,0x55,0x2A,0xAD,0xFF,
  0xFF,0x7F,0xDF,0xFF,0x77,0xFF,0xDF,0xEF,0xFD,0xDF,0xDF,0xFD,
  0xDF,0xFD,0xBF,0xFF,0xF6,0x80,0x00,0x00,0x00,0x00,0x00,0x00,
  0x00,0x00,0x00,0x00,0x00,0x00,0x00,0x00,0x00,0x00,0x00,0x00,
  0x00,0x00,0x00,0x00,0x00,0x00,0x00,0x00,0x00,0x00,0x00,0x00,
  0x00,0x00,0x00,0x00,0x00,0x00,0x04,0x00,0x00,0x00,0x01,0x7F,
  0xFD,0xFD,0x55,0x55,0x55,0xB6,0xD6,0xFF,0xFD,0xFF,0xFF,0xFF,
  0xFF,0xBF,0xFF,0xFF,0xBF,0xFD,0xFB,0x77,0xFF,0x7F,0xFE,0xD4,
  0x00,0x00,0x00,0x00,0x00,0x00,0x00,0x00,0x00,0x00,0x00,0x00,
  0x00,0x00,0x00,0x00,0x00,0x00,0x00,0x00,0x00,0x00,0x00,0x00,
  0x00,0x00,0x00,0x00,0x00,0x00,0x00,0x00,0x00,0x00,0x00,0x00,
  0x00,0x00,0x00,0x00,0x00,0x00,0x00,0x00,0x4B,0x7D,0x55,0x6A,
  0xDD,0x5B,0x7A,0xFF,0xF7,0xFF,0xFE,0xFF,0xFF,0xF7,0x7E,0xFE,
  0xFF,0xFF,0xBF,0xDF,0xFD,0xD0,0x00,0x00,0x00,0x00,0x00,0x00,
  0x00,0x00,0x00,0x00,0x00,0x00,0x00,0x00,0x00,0x00,0x00,0x00,
  0x00,0x00,0x00,0x00,0x00,0x00,0x00,0x00,0x00,0x00,0x00,0x00,
  0x00,0x00,0x00,0x00,0x00,0x00,0x00,0x00,0x00,0x00,0x00,0x00,
  0x00,0x00,0x00,0x00,0x00,0xBE,0xAB,0x5D,0x6B,0xED,0xAF,0xFF,
  0xBF,0xFE,0xFF,0xF7,0xEF,0xFF,0xFF,0xEF,0xFF,0xF7,0xFF,0xFF,
  0x46,0x00,0x00,0x00,0x00,0x00,0x00,0x00,0x00,0x00,0x00,0x00,
  0x00,0x00,0x00,0x00,0x00,0x00,0x00,0x00,0x00,0x00,0x00,0x00,
  0x00,0x00,0x00,0x00,0x00,0x00,0x00,0x00,0x00,0x00,0x00,0x00,
  0x00,0x00,0x00,0x00,0x00,0x00,0x00,0x00,0x00,0x00,0x00,0x00,
  0x00,0xFD,0xDD,0xAB,0xBD,0x56,0xF5,0xFF,0xFF,0xFB,0xFF,0xFF,
  0x7E,0xFF,0xFB,0xFF,0xFF,0xFF,0xEA,0x40,0x01,0x00,0x00,0x00,
  0x00,0x00,0x00,0x00,0x00,0x00,0x00,0x00,0x00,0x00,0x00,0x00,
  0x00,0x00,0x00,0x00,0x00,0x00,0x00,0x00,0x00,0x00,0x00,0x00,
  0x00,0x00,0x00,0x00,0x00,0x00,0x00,0x00,0x00,0x00,0x00,0x00,
  0x00,0x00,0x00,0x00,0x00,0x00,0x00,0x00,0x00,0x7E,0xB6,0xFD,
  0xD7,0x7F,0xBF,0xEA,0xFF,0xFF,0xFF,0xFF,0xFF,0xFF,0xFF,0xFF,
  0xEA,0x90,0x00,0x00,0x01,0x00,0x00,0x00,0x00,0x00,0x00,0x00,
  0x00,0x00,0x00,0x00,0x00,0x00,0x00,0x00,0x00,0x00,0x00,0x00,
  0x00,0x00,0x00,0x00,0x00,0x00,0x00,0x00,0x00,0x00,0x00,0x00,
  0x00,0x00,0x00,0x00,0x00,0x00,0x00,0x00,0x00,0x00,0x00,0x00,
  0x00,0x00,0x00,0x00,0x00,0xBF,0xDD,0xAE,0xBD,0xEB,0xEE,0x80,
  0x00,0x00,0x00,0x01,0x55,0x40,0x04,0x00,0x00,0x00,0x00,0x00,
  0x00,0x00,0x00,0x00,0x00,0x00,0x00,0x00,0x00,0x00,0x00,0x00,
  0x00,0x00,0x00,0x00,0x00,0x00,0x00,0x00,0x00,0x00,0x00,0x00,
  0x00,0x00,0x00,0x00,0x00,0x00,0x00,0x00,0x00,0x00,0x00,0x00,
  0x00,0x00,0x00,0x00,0x00,0x00,0x00,0x00,0x00,0x00,0x00,0x00,
  0x00,0x7D,0x7F,0xF7,0xF7,0xBE,0xFF,0x80,0x00,0x00,0x00,0x00,
  0x00,0x00,0x00,0x00,0x00,0x00,0x00,0x00,0x00,0x00,0x00,0x00,
  0x00,0x00,0x00,0x00,0x00,0x00,0x00,0x00,0x00,0x00,0x00,0x00,
  0x00,0x00,0x00,0x00,0x00,0x00,0x00,0x00,0x00,0x00,0x00,0x00,
  0x00,0x00,0x00,0x00,0x00,0x00,0x00,0x00,0x00,0x00,0x00,0x00,
  0x00,0x00,0x00,0x00,0x00,0x00,0x00,0x00,0x00,0x7F,0xF7,0x7D,
  0xDF,0xFF,0xF7,0x00,0x00,0x00,0x00,0x00,0x00,0x00,0x00,0x00,
  0x00,0x00,0x00,0x00,0x00,0x00,0x00,0x00,0x00,0x00,0x00,0x00,
  0x00,0x00,0x00,0x00,0x00,0x00,0x00,0x00,0x00,0x00,0x00,0x00,
  0x00,0x00,0x00,0x00,0x00,0x00,0x00,0x00,0x00,0x00,0x00,0x00,
  0x00,0x00,0x00,0x00,0x00,0x00,0x00,0x00,0x00,0x00,0x00,0x00,
  0x00,0x00,0x00,0x00,0x00,0x3F,0xDF,0xDF,0xFD,0xF7,0xBF,0x00,
  0x00,0x00,0x00,0x00,0x00,0x00,0x00,0x00,0x00,0x00,0x00,0x00,
  0x00,0x00,0x00,0x00,0x00,0x00,0x00,0x00,0x00,0x00,0x00,0x00,
  0x00,0x00,0x00,0x00,0x00,0x00,0x00,0x00,0x00,0x00,0x00,0x00,
  0x00,0x00,0x00,0x00,0x00,0x00,0x00,0x00,0x00,0x00,0x00,0x00,
  0x00,0x00,0x00,0x00,0x00,0x00,0x00,0x00,0x00,0x00,0x00,0x00,
  0x00,0x3D,0xFD,0xFB,0x7F,0xBF,0xF0,0x00,0x00,0x00,0x00,0x00,
  0x00,0x00,0x00,0x00,0x00,0x00,0x00,0x00,0x00,0x00,0x00,0x00,
  0x00,0x00,0x00,0x00,0x00,0x00,0x00,0x00,0x00,0x00,0x00,0x00,
  0x00,0x00,0x00,0x00,0x00,0x00,0x00,0x00,0x00,0x00,0x00,0x00,
  0x00,0x00,0x00,0x00,0x00,0x00,0x00,0x00,0x00,0x00,0x00,0x00,
  0x00,0x00,0x00,0x00,0x00,0x00,0x00,0x00,0x00,0x07,0xFF,0xFF,
  0xF7,0xFD,0x00,0x00,0x00,0x00,0x00,0x00,0x00,0x00,0x00,0x00,
  0x00,0x00,0x00,0x00,0x00,0x00,0x00,0x00,0x00,0x00,0x00,0x00,
  0x00,0x00,0x00,0x00,0x00,0x00,0x00,0x00,0x00,0x00,0x00,0x00,
  0x00,0x00,0x00,0x00,0x00,0x00,0x00,0x00,0x00,0x00,0x00,0x00,
  0x00,0x00,0x00,0x00,0x00,0x00,0x00,0x00,0x00,0x00,0x00,0x00,
  0x00,0x00,0x00,0x00,0x00,0x00,0x16,0xEF,0xDD,0x00,0x00,0x00,
  0x00,0x00,0x00,0x00,0x00,0x00,0x00,0x00,0x00,0x00,0x00,0x00,
  0x00,0x00,0x00,0x00,0x00,0x00,0x00,0x00,0x00,0x00,0x00,0x00,
  0x00,0x00,0x00,0x00,0x00,0x00,0x00,0x00,0x00,0x00,0x00,0x00,
  0x00,0x00,0x00,0x00,0x00,0x00,0x00,0x00,0x00,0x00,0x00,0x00,
  0x00,0x00,0x00,0x00,0x00,0x00,0x00,0x00,0x00,0x00,0x00,0x00,
  0x00,0x00,0x00,0x00,0x00,0x00,0x00,0x00,0x00,0x00,0x00,0x00,
  0x00,0x00,0x00,0x00,0x00,0x00,0x00,0x00,0x00,0x00,0x00,0x00,
  0x00,0x00,0x00,0x00,0x00,0x00,0x00,0x00,0x00,0x00,0x00,0x00,
  0x00,0x00,0x00,0x00,0x00,0x00,0x00,0x00,0x00,0x00,0x00,0x00,
};

// BussniessJet.png  (540x127)
static const uint8_t art_bussniessjet[] PROGMEM = {
  0x00,0x00,0x00,0x00,0x00,0x00,0x00,0x00,0x00,0x00,0x00,0x00,
  0x00,0x00,0x00,0x00,0x00,0x00,0x00,0x00,0x00,0x00,0x00,0x00,
  0x00,0x00,0x00,0x00,0x00,0x00,0x00,0x00,0x00,0x00,0x00,0x00,
  0x00,0x00,0x00,0x00,0x00,0x00,0x00,0x00,0x00,0x00,0x00,0x00,
  0x00,0x00,0x00,0x00,0x00,0x00,0x00,0x01,0x2A,0x48,0x00,0x00,
  0x00,0x00,0x00,0x00,0x00,0x00,0x00,0x00,0x00,0x00,0x00,0x00,
  0x00,0x00,0x00,0x00,0x00,0x00,0x00,0x00,0x00,0x00,0x00,0x00,
  0x00,0x00,0x00,0x00,0x00,0x00,0x00,0x00,0x00,0x00,0x00,0x00,
  0x00,0x00,0x00,0x00,0x00,0x00,0x00,0x00,0x00,0x00,0x00,0x00,
  0x00,0x00,0x00,0x00,0x00,0x00,0x00,0x00,0x00,0x00,0x00,0x00,
  0x00,0x00,0x00,0x54,0x00,0x02,0xA8,0x00,0x00,0x00,0x00,0x00,
  0x00,0x00,0x00,0x00,0x00,0x00,0x00,0x00,0x00,0x00,0x00,0x00,
  0x00,0x00,0x00,0x00,0x00,0x00,0x00,0x00,0x00,0x00,0x00,0x00,
  0x00,0x00,0x00,0x00,0x00,0x00,0x00,0x00,0x00,0x00,0x00,0x00,
  0x00,0x00,0x00,0x00,0x00,0x00,0x00,0x00,0x00,0x00,0x00,0x00,
  0x00,0x00,0x00,0x00,0x00,0x00,0x00,0x00,0x00,0x00,0x05,0x00,
  0x00,0x00,0x01,0x50,0x00,0x00,0x00,0x00,0x00,0x00,0x00,0x00,
  0x00,0x00,0x00,0x00,0x00,0x00,0x00,0x00,0x00,0x00,0x00,0x00,
  0x00,0x00,0x00,0x00,0x00,0x00,0x00,0x00,0x00,0x00,0x00,0x00,
  0x00,0x00,0x00,0x00,0x00,0x00,0x00,0x00,0x00,0x00,0x00,0x00,
  0x00,0x00,0x00,0x00,0x00,0x00,0x00,0x00,0x00,0x00,0x00,0x00,
  0x00,0x00,0x00,0x00,0x00,0x00,0x14,0x00,0x01,0x10,0x00,0x05,
  0x40,0x00,0x12,0xAA,0xAB,0x55,0x5F,0xD0,0x00,0x00,0x00,0x00,
  0x00,0x00,0x00,0x00,0x00,0x00,0x00,0x00,0x00,0x00,0x00,0x00,
  0x00,0x00,0x00,0x00,0x00,0x00,0x00,0x00,0x00,0x00,0x00,0x00,
  0x00,0x00,0x00,0x00,0x00,0x00,0x00,0x00,0x00,0x00,0x00,0x00,
  0x00,0x00,0x00,0x00,0x00,0x00,0x00,0x00,0x00,0x00,0x00,0x00,
  0x00,0x00,0x42,0x01,0x48,0x01,0x54,0x10,0xB5,0x5B,0x54,0x44,
  0xAC,0xAF,0xE8,0x00,0x00,0x00,0x00,0x00,0x00,0x00,0x00,0x00,
  0x00,0x00,0x00,0x00,0x00,0x00,0x00,0x00,0x00,0x00,0x00,0x00,
  0x00,0x00,0x00,0x00,0x00,0x00,0x00,0x00,0x00,0x00,0x00,0x00,
  0x00,0x00,0x00,0x00,0x00,0x00,0x00,0x00,0x00,0x00,0x00,0x00,
  0x00,0x00,0x00,0x00,0x00,0x00,0x00,0x00,0x00,0x00,0x1C,0x08,
  0x00,0xAA,0x4A,0xCA,0x80,0x20,0x93,0xBF,0xFF,0xFA,0x00,0x00,
  0x00,0x00,0x00,0x00,0x00,0x00,0x00,0x00,0x00,0x00,0x00,0x00,
  0x00,0x00,0x00,0x00,0x00,0x00,0x00,0x00,0x00,0x00,0x00,0x00,
  0x00,0x00,0x00,0x00,0x00,0x00,0x00,0x00,0x00,0x00,0x00,0x00,
  0x00,0x00,0x00,0x00,0x00,0x00,0x00,0x00,0x00,0x00,0x00,0x00,
  0x00,0x00,0x00,0x00,0x00,0x00,0xA8,0x40,0x55,0x49,0x22,0x24,
  0x5B,0xBF,0xFF,0xFF,0x50,0x00,0x00,0x00,0x00,0x00,0x00,0x00,
  0x00,0x00,0x00,0x00,0x00,0x00,0x00,0x00,0x00,0x00,0x00,0x00,
  0x00,0x00,0x00,0x00,0x00,0x00,0x00,0x00,0x00,0x00,0x00,0x00,
  0x00,0x00,0x00,0x00,0x00,0x00,0x00,0x00,0x00,0x00,0x00,0x00,
  0x00,0x00,0x00,0x00,0x00,0x00,0x00,0x00,0x00,0x00,0x00,0x00,
  0x00,0x01,0x38,0x17,0xAA,0x54,0x89,0x5B,0xFF,0xFF,0xFE,0xA0,
  0x00,0x00,0x00,0x00,0x00,0x00,0x00,0x00,0x00,0x00,0x00,0x00,
  0x00,0x00,0x00,0x00,0x00,0x00,0x00,0x00,0x00,0x00,0x00,0x00,
  0x00,0x00,0x00,0x00,0x00,0x00,0x00,0x00,0x00,0x00,0x00,0x00,
  0x00,0x00,0x00,0x00,0x00,0x00,0x00,0x00,0x00,0x00,0x00,0x00,
  0x00,0x00,0x00,0x00,0x00,0x00,0x00,0x00,0x00,0x00,0x60,0x54,
  0x01,0x05,0x7F,0xFF,0xEF,0xDA,0x80,0x00,0x00,0x00,0x00,0x00,
  0x00,0x00,0x00,0x00,0x00,0x00,0x00,0x00,0x00,0x00,0x00,0x00,
  0x00,0x00,0x00,0x00,0x00,0x00,0x00,0x00,0x00,0x00,0x00,0x00,
  0x00,0x00,0x00,0x00,0x00,0x00,0x00,0x00,0x00,0x00,0x00,0x00,
  0x00,0x00,0x00,0x00,0x00,0x00,0x00,0x00,0x00,0x00,0x00,0x00,
  0x00,0x00,0x00,0x00,0x00,0x02,0x62,0x02,0xFF,0xFF,0xFF,0xFE,
  0xBD,0x20,0x00,0x00,0x00,0x00,0x00,0x00,0x00,0x00,0x00,0x00,
  0x00,0x00,0x00,0x00,0x00,0x00,0x00,0x00,0x00,0x00,0x00,0x00,
  0x00,0x00,0x00,0x00,0x00,0x00,0x00,0x00,0x00,0x00,0x00,0x00,
  0x00,0x00,0x00,0x00,0x00,0x00,0x00,0x00,0x00,0x00,0x00,0x00,
  0x00,0x00,0x00,0x00,0x00,0x00,0x00,0x00,0x00,0x00,0x00,0x00,
  0x00,0x00,0xA0,0xFF,0xFF,0xFF,0xDB,0x77,0xE5,0x00,0x00,0x00,
  0x00,0x00,0x00,0x00,0x00,0x00,0x00,0x00,0x00,0x00,0x00,0x00,
  0x00,0x00,0x00,0x00,0x00,0x00,0x00,0x00,0x00,0x00,0x00,0x00,
  0x00,0x00,0x00,0x00,0x00,0x00,0x00,0x00,0x00,0x00,0x00,0x00,
  0x00,0x00,0x00,0x00,0x00,0x00,0x00,0x00,0x00,0x00,0x00,0x00,
  0x00,0x00,0x00,0x00,0x00,0x00,0x00,0x00,0x00,0x02,0xC9,0x7F,
  0xFE,0xFB,0x7F,0xFF,0x5B,0x00,0x00,0x00,0x00,0x00,0x00,0x00,
  0x00,0x00,0x00,0x00,0x00,0x00,0x00,0x00,0x00,0x00,0x00,0x00,
  0x00,0x00,0x00,0x00,0x00,0x00,0x00,0x00,0x00,0x00,0x00,0x00,
  0x00,0x00,0x00,0x00,0x00,0x00,0x00,0x00,0x00,0x00,0x00,0x00,
  0x00,0x00,0x00,0x00,0x00,0x00,0x00,0x00,0x00,0x00,0x00,0x00,
  0x00,0x00,0x00,0x00,0x00,0x04,0x82,0x17,0x6F,0xDF,0xFF,0xDB,
  0xFC,0x00,0x00,0x00,0x00,0x00,0x00,0x00,0x00,0x00,0x00,0x00,
  0x00,0x00,0x00,0x00,0x00,0x00,0x00,0x00,0x00,0x00,0x00,0x00,
  0x00,0x00,0x00,0x00,0x00,0x00,0x00,0x00,0x00,0x00,0x00,0x00,
  0x00,0x00,0x00,0x00,0x00,0x00,0x00,0x00,0x00,0x00,0x00,0x00,
  0x00,0x00,0x00,0x00,0x00,0x00,0x00,0x00,0x00,0x00,0x00,0x00,
  0x00,0x01,0xA0,0x95,0xBB,0x7F,0xED,0x7F,0xD0,0x00,0x00,0x00,
  0x00,0x00,0x00,0x00,0x00,0x00,0x00,0x00,0x00,0x00,0x00,0x00,
  0x00,0x00,0x00,0x00,0x00,0x00,0x00,0x00,0x00,0x00,0x00,0x00,
  0x00,0x00,0x00,0x00,0x00,0x00,0x00,0x00,0x00,0x00,0x00,0x00,
  0x00,0x00,0x00,0x00,0x00,0x00,0x00,0x00,0x00,0x00,0x00,0x00,
  0x00,0x00,0x00,0x00,0x00,0x00,0x00,0x00,0x00,0x09,0x0A,0x4B,
  0xEF,0xF6,0xFF,0xFD,0x00,0x00,0x00,0x00,0x00,0x00,0x00,0x00,
  0x00,0x00,0x00,0x00,0x00,0x00,0x00,0x00,0x00,0x00,0x00,0x00,
  0x00,0x00,0x00,0x00,0x00,0x00,0x00,0x00,0x00,0x00,0x00,0x00,
  0x00,0x00,0x00,0x00,0x00,0x00,0x00,0x00,0x00,0x00,0x00,0x00,
  0x00,0x00,0x00,0x00,0x00,0x00,0x00,0x00,0x00,0x00,0x00,0x00,
  0x00,0x00,0x00,0x00,0x00,0x03,0x01,0x2A,0xBA,0xDF,0xB7,0xA0,
  0x00,0x00,0x00,0x00,0x00,0x00,0x00,0x00,0x00,0x00,0x00,0x00,
  0x00,0x00,0x00,0x00,0x00,0x00,0x00,0x00,0x00,0x00,0x00,0x00,
  0x00,0x00,0x00,0x00,0x00,0x00,0x00,0x00,0x00,0x00,0x00,0x00,
  0x00,0x00,0x00,0x00,0x00,0x00,0x00,0x00,0x00,0x00,0x00,0x00,
  0x00,0x00,0x00,0x00,0x00,0x00,0x00,0x00,0x00,0x00,0x00,0x00,
  0x00,0x0A,0x54,0x89,0x57,0xF5,0xFE,0xD8,0x00,0x00,0x00,0x00,
  0x00,0x00,0x00,0x00,0x00,0x00,0x00,0x00,0x00,0x00,0x00,0x00,
  0x00,0x00,0x00,0x00,0x00,0x00,0x00,0x00,0x00,0x00,0x00,0x00,
  0x00,0x00,0x00,0x00,0x00,0x00,0x00,0x00,0x00,0x00,0x00,0x00,
  0x00,0x00,0x00,0x00,0x00,0x00,0x00,0x00,0x00,0x00,0x00,0x00,
  0x00,0x00,0x00,0x00,0x00,0x00,0x00,0x00,0x00,0x16,0x02,0x55,
  0x7E,0xBF,0xFB,0xF0,0x00,0x00,0x00,0x00,0x00,0x00,0x00,0x00,
  0x00,0x00,0x00,0x00,0x00,0x00,0x00,0x00,0x00,0x00,0x00,0x00,
  0x00,0x00,0x00,0x00,0x00,0x00,0x00,0x00,0x00,0x00,0x00,0x00,
  0x00,0x00,0x00,0x00,0x00,0x00,0x00,0x00,0x00,0x00,0x00,0x00,
  0x00,0x00,0x00,0x00,0x00,0x00,0x00,0x00,0x00,0x00,0x00,0x00,
  0x00,0x00,0x00,0x00,0x00,0x04,0x55,0x55,0xDB,0xEE,0xAF,0x60,
  0x00,0x00,0x00,0x00,0x00,0x00,0x00,0x00,0x00,0x00,0x00,0x00,
  0x00,0x00,0x00,0x00,0x00,0x00,0x00,0x00,0x00,0x00,0x00,0x00,
  0x00,0x00,0x00,0x00,0x00,0x00,0x00,0x00,0x00,0x00,0x00,0x00,
  0x00,0x00,0x00,0x00,0x00,0x00,0x00,0x00,0x00,0x00,0x00,0x00,
  0x00,0x00,0x00,0x00,0x00,0x00,0x00,0x00,0x00,0x00,0x00,0x00,
  0x00,0x2C,0x12,0xAA,0x6E,0xBB,0xFD,0xE0,0x00,0x00,0x00,0x00,
  0x00,0x00,0x00,0x00,0x00,0x00,0x00,0x00,0x00,0x00,0x00,0x00,
  0x00,0x00,0x00,0x00,0x00,0x00,0x00,0x00,0x00,0x00,0x00,0x00,
  0x00,0x00,0x00,0x00,0x00,0x00,0x00,0x00,0x00,0x00,0x00,0x00,
  0x00,0x00,0x00,0x00,0x00,0x00,0x00,0x00,0x00,0x00,0x00,0x00,
  0x00,0x00,0x00,0x00,0x00,0x00,0x00,0x00,0x00,0x11,0x48,0x02,
  0xAB,0xEE,0xD7,0x60,0x00,0x00,0x00,0x00,0x00,0x00,0x00,0x00,
  0x00,0x00,0x00,0x00,0x00,0x00,0x00,0x00,0x00,0x00,0x00,0x00,
  0x00,0x00,0x00,0x00,0x00,0x00,0x00,0x00,0x00,0x00,0x00,0x00,
  0x00,0x00,0x00,0x00,0x00,0x00,0x00,0x00,0x00,0x00,0x00,0x00,
  0x00,0x00,0x00,0x00,0x00,0x00,0x00,0x00,0x00,0x00,0x00,0x00,
  0x00,0x00,0x00,0x00,0x00,0x58,0x02,0xA9,0x3A,0xBB,0xBD,0xC0,
  0x00,0x00,0x00,0x00,0x00,0x00,0x00,0x00,0x00,0x00,0x00,0x00,
  0x00,0x00,0x00,0x00,0x00,0x00,0x00,0x00,0x00,0x00,0x00,0x00,
  0x00,0x00,0x00,0x00,0x00,0x00,0x00,0x00,0x00,0x00,0x00,0x00,
  0x00,0x00,0x00,0x00,0x00,0x00,0x00,0x00,0x00,0x00,0x00,0x00,
  0x00,0x00,0x00,0x00,0x00,0x00,0x00,0x00,0x00,0x00,0x00,0x00,
  0x00,0xA0,0x91,0x2A,0x8F,0x6E,0xF7,0x80,0x00,0x00,0x00,0x00,
  0x00,0x00,0x00,0x00,0x00,0x00,0x00,0x00,0x00,0x00,0x00,0x00,
  0x00,0x00,0x00,0x00,0x00,0x00,0x00,0x00,0x00,0x00,0x00,0x00,
  0x00,0x00,0x00,0x00,0x00,0x00,0x00,0x00,0x00,0x00,0x00,0x00,
  0x00,0x00,0x00,0x00,0x00,0x00,0x00,0x00,0x00,0x00,0x00,0x00,
  0x00,0x00,0x00,0x00,0x00,0x00,0x00,0x00,0x00,0x22,0x08,0x84,
  0xB2,0xF7,0xBD,0x80,0x00,0x00,0x00,0x00,0x00,0x00,0x00,0x00,
  0x00,0x00,0x00,0x00,0x00,0x00,0x00,0x00,0x00,0x00,0x00,0x00,
  0x00,0x00,0x00,0x00,0x00,0x00,0x00,0x00,0x00,0x00,0x00,0x00,
  0x00,0x00,0x00,0x00,0x00,0x00,0x00,0x00,0x00,0x00,0x00,0x00,
  0x00,0x00,0x00,0x00,0x00,0x00,0x00,0x00,0x00,0x00,0x00,0x00,
  0x00,0x00,0x00,0x00,0x01,0x40,0x44,0x52,0x4D,0xAD,0x6E,0x80,
  0x00,0x00,0x00,0x00,0x00,0x00,0x00,0x00,0x00,0x00,0x00,0x00,
  0x00,0x00,0x00,0x00,0x00,0x00,0x00,0x00,0x00,0x00,0x00,0x00,
  0x00,0x00,0x00,0x00,0x00,0x00,0x00,0x00,0x00,0x00,0x00,0x00,
  0x00,0x00,0x00,0x00,0x00,0x00,0x00,0x00,0x00,0x00,0x00,0x00,
  0x00,0x00,0x00,0x00,0x00,0x00,0x00,0x00,0x00,0x00,0x00,0x00,
  0x02,0x91,0x22,0x95,0x57,0x77,0xDB,0x00,0x00,0x00,0x00,0x00,
  0x00,0x00,0x00,0x00,0x00,0x00,0x00,0x00,0x00,0x00,0x00,0x00,
  0x00,0x00,0x00,0x00,0x00,0x00,0x00,0x00,0x00,0x00,0x00,0x00,
  0x00,0x00,0x00,0x00,0x00,0x00,0x00,0x00,0x00,0x00,0x00,0x00,
  0x00,0x00,0x00,0x00,0x00,0x00,0x00,0x00,0x00,0x00,0x00,0x00,
  0x00,0x00,0x00,0x00,0x00,0x00,0x00,0x00,0x04,0x84,0x14,0x49,
  0x49,0xBA,0xF7,0x00,0x00,0x00,0x00,0x00,0x00,0x00,0x00,0x00,
  0x00,0x00,0x00,0x00,0x00,0x00,0x00,0x00,0x00,0x00,0x00,0x00,
  0x00,0x00,0x00,0x00,0x00,0x00,0x00,0x00,0x00,0x00,0x00,0x00,
  0x00,0x00,0x00,0x00,0x00,0x00,0x00,0x00,0x00,0x00,0x00,0x00,
  0x00,0x00,0x00,0x00,0x00,0x00,0x00,0x00,0x00,0x00,0x00,0x00,
  0x00,0x00,0x00,0x00,0x03,0x01,0x42,0x94,0xAA,0xD7,0x5D,0x00,
  0x00,0x00,0x00,0x00,0x00,0x00,0x00,0x00,0x00,0x00,0x00,0x00,
  0x00,0x00,0x00,0x00,0x00,0x00,0x00,0x00,0x00,0x00,0x00,0x00,
  0x00,0x00,0x00,0x00,0x00,0x00,0x00,0x00,0x00,0x00,0x00,0x00,
  0x00,0x00,0x00,0x00,0x00,0x00,0x00,0x00,0x00,0x00,0x00,0x00,
  0x00,0x00,0x00,0x00,0x00,0x00,0x00,0x00,0x00,0x00,0x00,0x00,
  0x0A,0x10,0x10,0x42,0xAA,0xBA,0xEE,0x00,0x00,0x00,0x00,0x00,
  0x00,0x00,0x00,0x00,0x00,0x00,0x00,0x00,0x00,0x00,0x00,0x00,
  0x00,0x00,0x00,0x00,0x00,0x00,0x00,0x00,0x00,0x00,0x00,0x00,
  0x00,0x00,0x00,0x00,0x00,0x00,0x00,0x00,0x00,0x00,0x00,0x00,
  0x00,0x00,0x00,0x00,0x00,0x00,0x00,0x00,0x00,0x00,0x00,0x00,
  0x00,0x00,0x00,0x00,0x00,0x00,0x00,0x00,0x14,0x05,0x4A,0xAA,
  0x95,0x57,0xB4,0x00,0x00,0x00,0x00,0x00,0x00,0x00,0x00,0x00,
  0x00,0x00,0x00,0x00,0x00,0x00,0x00,0x00,0x00,0x00,0x00,0x00,
  0x00,0x00,0x00,0x00,0x00,0x00,0x00,0x00,0x00,0x00,0x00,0x00,
  0x00,0x00,0x00,0x00,0x00,0x00,0x00,0x00,0x00,0x00,0x00,0x00,
  0x00,0x00,0x00,0x00,0x00,0x00,0x00,0x00,0x00,0x00,0x00,0x00,
  0x00,0x00,0x00,0x00,0x24,0x40,0x11,0x15,0x55,0x6D,0x6C,0x00,
  0x00,0x00,0x00,0x00,0x00,0x00,0x00,0x00,0x00,0x00,0x00,0x00,
  0x00,0x00,0x00,0x00,0x00,0x00,0x00,0x00,0x00,0x00,0x00,0x00,
  0x00,0x00,0x00,0x00,0x00,0x00,0x00,0x00,0x00,0x00,0x00,0x00,
  0x00,0x00,0x00,0x00,0x00,0x00,0x00,0x00,0x00,0x00,0x00,0x00,
  0x00,0x00,0x00,0x00,0x00,0x00,0x00,0x00,0x00,0x00,0x00,0x00,
  0x08,0x15,0x44,0xA4,0xAA,0xB6,0xD8,0x00,0x00,0x00,0x00,0x00,
  0x00,0x00,0x00,0x00,0x00,0x00,0x00,0x00,0x00,0x00,0x00,0x00,
  0x00,0x00,0x00,0x00,0x00,0x00,0x00,0x00,0x00,0x00,0x00,0x00,
  0x00,0x00,0x00,0x00,0x00,0x00,0x00,0x00,0x00,0x00,0x00,0x00,
  0x00,0x00,0x00,0x00,0x00,0x00,0x00,0x00,0x00,0x00,0x00,0x00,
  0x00,0x00,0x00,0x00,0x00,0x00,0x00,0x00,0x58,0x80,0x2A,0x4A,
  0x55,0x5B,0x78,0x00,0x00,0x00,0x00,0x00,0x00,0x00,0x00,0x00,
  0x00,0x00,0x00,0x00,0x00,0x00,0x00,0x00,0x00,0x00,0x00,0x00,
  0x00,0x00,0x00,0x00,0x00,0x00,0x00,0x00,0x00,0x00,0x00,0x00,
  0x00,0x00,0x00,0x00,0x00,0x00,0x00,0x00,0x00,0x00,0x00,0x00,
  0x00,0x00,0x00,0x00,0x00,0x00,0x00,0x00,0x00,0x00,0x00,0x00,
  0x00,0x00,0x00,0x00,0xA0,0x2A,0x81,0x29,0x2A,0xAD,0xA8,0x00,
  0x00,0x00,0x00,0x00,0x00,0x00,0x00,0x00,0x00,0x00,0x00,0x00,
  0x00,0x00,0x00,0x00,0x00,0x00,0x00,0x00,0x00,0x00,0x00,0x00,
  0x00,0x00,0x00,0x00,0x00,0x00,0x00,0x00,0x00,0x00,0x00,0x00,
  0x00,0x00,0x00,0x00,0x00,0x00,0x00,0x00,0x00,0x00,0x00,0x00,
  0x00,0x00,0x00,0x00,0x00,0x00,0x00,0x00,0x00,0x00,0x00,0x01,
  0x21,0x00,0x54,0x95,0x55,0x6A,0xF0,0x00,0x00,0x00,0x00,0x00,
  0x00,0x00,0x00,0x00,0x00,0x00,0x00,0x00,0x00,0x00,0x00,0x00,
  0x00,0x00,0x00,0x00,0x00,0x00,0x00,0x00,0x00,0x00,0x00,0x00,
  0x00,0x00,0x00,0x00,0x00,0x00,0x00,0x00,0x00,0x00,0x00,0x00,
  0x00,0x00,0x00,0x00,0x00,0x00,0x00,0x00,0x00,0x00,0x00,0x00,
  0x00,0x00,0x00,0x00,0x00,0x00,0x00,0x00,0x44,0x25,0x09,0x52,
  0x4A,0xAF,0x50,0x00,0x00,0x00,0x00,0x00,0x00,0x00,0x00,0x00,
  0x00,0x00,0x00,0x00,0x00,0x00,0x00,0x00,0x00,0x00,0x00,0x00,
  0x00,0x00,0x00,0x00,0x00,0x00,0x00,0x00,0x00,0x00,0x00,0x00,
  0x00,0x00,0x00,0x00,0x00,0x00,0x00,0x00,0x00,0x00,0x00,0x00,
  0x00,0x00,0x00,0x00,0x00,0x00,0x00,0x00,0x00,0x00,0x00,0x00,
  0x00,0x00,0x00,0x02,0xC0,0x88,0x52,0x2A,0xAA,0xAA,0xE0,0x00,
  0x00,0x00,0x00,0x00,0x00,0x00,0x00,0x00,0x00,0x00,0x00,0x00,
  0x00,0x00,0x00,0x00,0x00,0x00,0x00,0x00,0x00,0x00,0x00,0x00,
  0x00,0x00,0x00,0x00,0x00,0x00,0x00,0x00,0x00,0x00,0x00,0x00,
  0x00,0x00,0x00,0x00,0x00,0x00,0x00,0x00,0x00,0x00,0x00,0x00,
  0x00,0x00,0x00,0x00,0x00,0x00,0x00,0x00,0x00,0x00,0x00,0x05,
  0x02,0x22,0x89,0x49,0x55,0x55,0x40,0x00,0x00,0x00,0x00,0x00,
  0x00,0x00,0x00,0x00,0x00,0x00,0x00,0x00,0x00,0x00,0x00,0x00,
  0x00,0x00,0x00,0x00,0x00,0x00,0x00,0x00,0x00,0x00,0x00,0x00,
  0x00,0x00,0x00,0x00,0x00,0x00,0x00,0x00,0x00,0x00,0x00,0x00,
  0x00,0x00,0x00,0x00,0x00,0x00,0x00,0x00,0x00,0x00,0x00,0x00,
  0x00,0x00,0x00,0x00,0x00,0x00,0x00,0x09,0x08,0x08,0x44,0xA5,
  0x55,0x5B,0xC0,0x00,0x00,0x00,0x00,0x00,0x00,0x00,0x00,0x00,
  0x00,0x00,0x00,0x00,0x00,0x00,0x00,0x00,0x00,0x00,0x00,0x00,
  0x00,0x00,0x00,0x00,0x00,0x00,0x00,0x00,0x00,0x00,0x00,0x00,
  0x00,0x00,0x00,0x00,0x00,0x00,0x00,0x00,0x00,0x00,0x00,0x00,
  0x00,0x00,0x00,0x00,0x00,0x00,0x00,0x00,0x00,0x00,0x00,0x00,
  0x00,0x00,0x00,0x02,0x21,0x42,0x2A,0x55,0x54,0xAD,0x40,0x00,
  0x00,0x00,0x00,0x00,0x00,0x00,0x00,0x00,0x00,0x00,0x00,0x00,
  0x00,0x00,0x00,0x00,0x00,0x00,0x00,0x00,0x00,0x00,0x00,0x00,
  0x00,0x00,0x00,0x00,0x00,0x00,0x00,0x00,0x00,0x00,0x00,0x00,
  0x00,0x00,0x00,0x00,0x00,0x00,0x00,0x00,0x00,0x00,0x00,0x00,
  0x00,0x00,0x00,0x00,0x00,0x00,0x00,0x00,0x00,0x00,0x00,0x16,
  0x00,0x14,0x91,0x25,0x53,0x56,0x80,0x00,0x00,0x00,0x00,0x00,
  0x00,0x00,0x00,0x00,0x00,0x00,0x00,0x00,0x00,0x00,0x00,0x00,
  0x00,0x00,0x00,0x00,0x00,0x00,0x00,0x00,0x00,0x00,0x00,0x00,
  0x00,0x00,0x00,0x00,0x00,0x00,0x00,0x00,0x00,0x00,0x00,0x00,
  0x00,0x00,0x00,0x00,0x00,0x00,0x00,0x00,0x00,0x00,0x00,0x00,
  0x00,0x00,0x00,0x00,0x00,0x00,0x00,0x24,0x14,0x82,0x4A,0x94,
  0xAA,0xAA,0x80,0x00,0x00,0x00,0x00,0x00,0x00,0x00,0x00,0x00,
  0x00,0x00,0x00,0x00,0x00,0x00,0x00,0x00,0x00,0x00,0x00,0x00,
  0x00,0x00,0x00,0x00,0x00,0x00,0x00,0x00,0x00,0x00,0x00,0x00,
  0x00,0x00,0x00,0x00,0x00,0x00,0x00,0x00,0x00,0x00,0x00,0x00,
  0x00,0x00,0x00,0x00,0x00,0x00,0x00,0x00,0x00,0x00,0x00,0x00,
  0x00,0x00,0x00,0x48,0x01,0x29,0x24,0xA5,0x55,0x55,0x00,0x00,
  0x00,0x00,0x00,0x00,0x00,0x00,0x00,0x00,0x00,0x00,0x00,0x00,
  0x00,0x00,0x00,0x00,0x00,0x00,0x00,0x00,0x00,0x00,0x00,0x00,
  0x00,0x00,0x00,0x00,0x00,0x00,0x00,0x00,0x00,0x00,0x00,0x00,
  0x00,0x00,0x00,0x00,0x00,0x00,0x00,0x00,0x00,0x00,0x00,0x00,
  0x00,0x00,0x00,0x00,0x00,0x00,0x00,0x00,0x00,0x00,0x00,0x18,
  0x48,0x04,0x92,0x55,0x4A,0xAB,0x00,0x00,0x00,0x00,0x00,0x00,
  0x00,0x00,0x00,0x00,0x00,0x00,0x00,0x00,0x00,0x00,0x00,0x00,
  0x00,0x00,0x00,0x00,0x00,0x00,0x00,0x00,0x00,0x00,0x00,0x00,
  0x00,0x00,0x00,0x00,0x00,0x00,0x00,0x00,0x00,0x00,0x00,0x00,
  0x00,0x00,0x00,0x00,0x00,0x00,0x00,0x00,0x00,0x00,0x00,0x00,
  0x00,0x00,0x00,0x00,0x00,0x00,0x00,0xB1,0xA2,0xA9,0x2A,0x95,
  0x2A,0xAA,0x00,0x00,0x00,0x00,0x00,0x00,0x00,0x00,0x00,0x00,
  0x00,0x00,0x00,0x00,0x00,0x00,0x00,0x00,0x00,0x00,0x00,0x00,
  0x00,0x00,0x00,0x00,0x00,0x00,0x00,0x00,0x00,0x00,0x00,0x00,
  0x00,0x00,0x00,0x00,0x00,0x00,0x00,0x00,0x00,0x00,0x00,0x00,
  0x00,0x00,0x00,0x00,0x00,0x00,0x00,0x00,0x00,0x00,0x00,0x00,
  0x00,0x00,0x01,0x60,0x48,0x04,0x49,0x52,0xAA,0xAA,0x00,0x00,
  0x00,0x00,0x00,0x00,0x00,0x00,0x00,0x00,0x00,0x00,0x00,0x00,
  0x00,0x00,0x00,0x00,0x00,0x00,0x00,0x00,0x00,0x00,0x00,0x00,
  0x00,0x00,0x00,0x00,0x00,0x00,0x00,0x00,0x00,0x00,0x00,0x00,
  0x00,0x00,0x00,0x00,0x00,0x00,0x00,0x00,0x00,0x00,0x00,0x00,
  0x00,0x00,0x00,0x00,0x00,0x00,0x00,0x00,0x00,0x00,0x02,0x42,
  0x02,0xA9,0x24,0x95,0x55,0x54,0x00,0x00,0x00,0x00,0x00,0x00,
  0x00,0x00,0x00,0x00,0x00,0x00,0x00,0x00,0x00,0x00,0x00,0x00,
  0x00,0x00,0x00,0x00,0x00,0x00,0x00,0x00,0x00,0x00,0x00,0x00,
  0x00,0x00,0x00,0x00,0x00,0x00,0x00,0x00,0x00,0x00,0x00,0x00,
  0x00,0x00,0x00,0x00,0x00,0x00,0x00,0x00,0x00,0x00,0x00,0x00,
  0x00,0x00,0x00,0x00,0x00,0x00,0x04,0x80,0xA0,0x12,0x95,0x54,
  0xAA,0xAA,0x00,0x00,0x00,0x00,0x00,0x00,0x00,0x00,0x00,0x00,
  0x00,0x00,0x00,0x00,0x00,0x00,0x00,0x00,0x00,0x00,0x00,0x00,
  0x00,0x00,0x00,0x00,0x00,0x00,0x00,0x00,0x00,0x00,0x00,0x00,
  0x00,0x00,0x00,0x00,0x00,0x00,0x00,0x00,0x00,0x00,0x00,0x00,
  0x00,0x00,0x00,0x00,0x00,0x00,0x00,0x00,0x00,0x00,0x00,0x00,
  0x00,0x00,0x05,0x84,0x0A,0xA0,0x52,0x4A,0xAA,0xA8,0x00,0x00,
  0x00,0x00,0x00,0x00,0x00,0x00,0x00,0x00,0x00,0x00,0x00,0x00,
  0x00,0x00,0x00,0x00,0x00,0x00,0x00,0x00,0x00,0x00,0x00,0x00,
  0x00,0x00,0x00,0x00,0x00,0x00,0x00,0x00,0x00,0x00,0x00,0x00,
  0x00,0x00,0x00,0x00,0x00,0x00,0x00,0x00,0x00,0x00,0x00,0x00,
  0x00,0x00,0x00,0x00,0x00,0x00,0x00,0x00,0x00,0x00,0x09,0x10,
  0x90,0x0A,0xA9,0x55,0x55,0x54,0x00,0x00,0x00,0x00,0x00,0x00,
  0x00,0x00,0x00,0x00,0x00,0x00,0x00,0x00,0x00,0x00,0x00,0x00,
  0x00,0x00,0x00,0x00,0x00,0x00,0x00,0x00,0x00,0x00,0x00,0x00,
  0x00,0x00,0x00,0x00,0x00,0x00,0x00,0x00,0x00,0x00,0x00,0x00,
  0x00,0x00,0x00,0x00,0x00,0x00,0x00,0x00,0x00,0x00,0x00,0x00,
  0x00,0x00,0x00,0x00,0x00,0x00,0x12,0x02,0x05,0x52,0x45,0x52,
  0x95,0x50,0x00,0x00,0x00,0x00,0x00,0x00,0x00,0x00,0x00,0x00,
  0x00,0x00,0x00,0x00,0x00,0x00,0x00,0x00,0x00,0x00,0x00,0x00,
  0x00,0x00,0x00,0x00,0x00,0x00,0x00,0x00,0x00,0x00,0x00,0x00,
  0x00,0x00,0x00,0x00,0x00,0x00,0x00,0x00,0x00,0x00,0x00,0x00,
  0x00,0x00,0x00,0x00,0x00,0x00,0x00,0x00,0x00,0x00,0x00,0x00,
  0x00,0x00,0x26,0x08,0x50,0x24,0xAA,0xAA,0x55,0x50,0x00,0x00,
  0x00,0x00,0x00,0x00,0x00,0x00,0x00,0x00,0x00,0x00,0x00,0x00,
  0x00,0x00,0x00,0x00,0x00,0x00,0x00,0x00,0x00,0x00,0x00,0x00,
  0x00,0x00,0x00,0x00,0x00,0x00,0x00,0x00,0x00,0x00,0x00,0x00,
  0x00,0x00,0x00,0x00,0x00,0x00,0x00,0x00,0x00,0x00,0x00,0x00,
  0x00,0x00,0x00,0x00,0x00,0x00,0x00,0x00,0x00,0x00,0x8C,0x21,
  0x05,0x49,0x12,0x95,0x55,0x50,0x00,0x00,0x00,0x00,0x00,0x00,
  0x00,0x00,0x00,0x00,0x00,0x00,0x00,0x00,0x00,0x00,0x00,0x00,
  0x00,0x00,0x00,0x00,0x00,0x00,0x00,0x00,0x00,0x00,0x00,0x00,
  0x00,0x00,0x00,0x00,0x00,0x00,0x00,0x00,0x00,0x00,0x00,0x00,
  0x00,0x00,0x00,0x00,0x00,0x00,0x00,0x00,0x00,0x00,0x00,0x00,
  0x00,0x00,0x00,0x00,0x00,0x01,0x30,0x04,0x50,0x92,0xAA,0x52,
  0xAA,0xA0,0x00,0x00,0x00,0x00,0x00,0x00,0x00,0x00,0x00,0x00,
  0x00,0x00,0x00,0x00,0x00,0x00,0x00,0x00,0x00,0x00,0x00,0x00,
  0x00,0x00,0x00,0x00,0x00,0x00,0x00,0x00,0x00,0x00,0x00,0x00,
  0x00,0x00,0x00,0x00,0x00,0x00,0x00,0x00,0x00,0x00,0x00,0x00,
  0x00,0x00,0x00,0x00,0x00,0x00,0x00,0x00,0x00,0x00,0x00,0x00,
  0x00,0x14,0x80,0x10,0x05,0x09,0x25,0x55,0x55,0x40,0x00,0x00,
  0x00,0x00,0x00,0x00,0x00,0x00,0x00,0x00,0x00,0x00,0x00,0x00,
  0x00,0x00,0x00,0x00,0x00,0x00,0x00,0x00,0x00,0x00,0x00,0x00,
  0x00,0x00,0x00,0x00,0x00,0x00,0x00,0x00,0x00,0x00,0x00,0x00,
  0x00,0x00,0x00,0x00,0x00,0x00,0x00,0x00,0x00,0x00,0x00,0x00,
  0x00,0x00,0x00,0x00,0x00,0x00,0x00,0x00,0x0A,0x82,0x00,0x82,
  0xA0,0xA4,0x94,0xAA,0xAA,0xA0,0x00,0x00,0x00,0x00,0x00,0x00,
  0x00,0x00,0x00,0x00,0x00,0x00,0x00,0x00,0x00,0x00,0x00,0x00,
  0x00,0x00,0x00,0x00,0x00,0x00,0x00,0x00,0x00,0x00,0x00,0x00,
  0x00,0x00,0x00,0x00,0x00,0x00,0x00,0x00,0x00,0x00,0x00,0x00,
  0x00,0x00,0x00,0x00,0x00,0x00,0x00,0x00,0x00,0x00,0x00,0x00,
  0x00,0x00,0x00,0x05,0x40,0x00,0x20,0x28,0x15,0x15,0x4A,0x92,
  0x55,0x40,0x00,0x00,0x00,0x00,0x00,0x00,0x00,0x00,0x00,0x00,
  0x00,0x00,0x00,0x00,0x00,0x00,0x00,0x00,0x00,0x00,0x00,0x00,
  0x00,0x00,0x00,0x00,0x00,0x00,0x00,0x00,0x00,0x00,0x00,0x00,
  0x00,0x00,0x00,0x00,0x00,0x00,0x00,0x00,0x00,0x00,0x00,0x00,
  0x00,0x00,0x00,0x00,0x00,0x00,0x00,0x00,0x00,0x00,0x05,0x50,
  0x00,0x10,0x82,0x02,0x84,0xA4,0xAA,0xAA,0xAA,0x80,0x00,0x00,
  0x00,0x00,0x00,0x00,0x00,0x00,0x00,0x00,0x00,0x00,0x00,0x00,
  0x00,0x00,0x00,0x00,0x00,0x00,0x00,0x00,0x00,0x00,0x00,0x00,
  0x00,0x00,0x50,0x00,0x00,0x00,0x00,0x00,0x00,0x00,0x00,0x00,
  0x00,0x00,0x00,0x00,0x00,0x00,0x00,0x00,0x00,0x00,0x00,0x00,
  0x00,0x00,0x00,0x00,0x00,0x05,0x50,0x00,0x08,0x44,0x00,0xA0,
  0x52,0x12,0x52,0x55,0x54,0x80,0x00,0x00,0x00,0x00,0x00,0x00,
  0x00,0x00,0x00,0x00,0x00,0x00,0x00,0x00,0x00,0x00,0x00,0x00,
  0x00,0x00,0x00,0x00,0x00,0x00,0x00,0x00,0x00,0x00,0x20,0x00,
  0x00,0x00,0x00,0x00,0x00,0x00,0x00,0x00,0x00,0x00,0x00,0x00,
  0x00,0x00,0x00,0x00,0x00,0x00,0x00,0x00,0x00,0x00,0x00,0x00,
  0x05,0x50,0x00,0x09,0x42,0x11,0x08,0x0A,0x09,0x55,0x15,0x4A,
  0xAB,0x00,0x00,0x00,0x00,0x00,0x00,0x00,0x00,0x00,0x00,0x00,
  0x00,0x00,0x00,0x00,0x00,0x00,0x00,0x00,0x00,0x00,0x00,0x00,
  0x00,0x00,0x00,0x00,0x00,0x01,0x40,0x00,0x00,0x00,0x00,0x00,
  0x00,0x00,0x00,0x00,0x00,0x00,0x00,0x00,0x00,0x00,0x00,0x00,
  0x00,0x00,0x00,0x00,0x00,0x00,0x09,0x55,0x5A,0xA4,0x02,0xA0,
  0x29,0x44,0x02,0x41,0x52,0x48,0xD2,0xA9,0x49,0x00,0x00,0x00,
  0x00,0x00,0x00,0x00,0x00,0x00,0x00,0x00,0x00,0x00,0x00,0x00,
  0x00,0x00,0x00,0x00,0x00,0x00,0x00,0x00,0x00,0x00,0x00,0x00,
  0x00,0x02,0x40,0x00,0x00,0x00,0x00,0x00,0x00,0x00,0x00,0x00,
  0x00,0x00,0x00,0x00,0x00,0x00,0x04,0x00,0x00,0x00,0x00,0x00,
  0x00,0x02,0xA0,0x00,0x00,0x02,0xE8,0x04,0x80,0x00,0x48,0x94,
  0x24,0xA5,0x2A,0x55,0x2A,0x00,0x00,0x00,0x00,0x00,0x00,0x00,
  0x00,0x00,0x00,0x00,0x00,0x00,0x00,0x00,0x00,0x00,0x00,0x00,
  0x00,0x00,0x00,0x00,0x00,0x00,0x00,0x00,0x00,0x01,0x40,0x00,
  0x00,0x00,0x00,0x00,0x00,0x00,0x00,0x00,0x00,0x00,0x00,0x00,
  0x00,0x00,0x08,0x00,0x00,0x00,0x00,0x00,0x01,0x58,0x00,0x00,
  0x00,0x00,0x05,0xA8,0x12,0x50,0x01,0x02,0x89,0x14,0xD5,0x4A,
  0xAA,0x00,0x00,0x00,0x00,0x00,0x00,0x00,0x00,0x00,0x00,0x00,
  0x00,0x00,0x00,0x00,0x00,0x00,0x00,0x00,0x00,0x00,0x00,0x01,
  0x10,0x00,0x00,0x2A,0x80,0x1A,0x80,0x00,0x00,0x05,0x00,0x00,
  0x00,0x00,0x00,0x00,0x00,0x00,0x00,0x00,0x00,0x00,0x24,0x00,
  0x00,0x00,0x00,0x0A,0xAA,0xA4,0x00,0x00,0x00,0x00,0x00,0x0B,
  0x40,0x81,0x28,0x50,0x52,0x52,0x92,0xAA,0xAA,0x00,0x00,0x00,
  0x00,0x00,0x00,0x00,0x00,0x00,0x00,0x00,0x00,0x00,0x00,0x00,
  0x00,0x00,0x00,0x00,0x00,0x15,0x56,0xDA,0xAA,0xD5,0x56,0xA5,
  0x56,0xC5,0x5B,0xB6,0xAA,0xB4,0xDA,0xDB,0x5B,0x6D,0xB6,0xDB,
  0x6D,0xB6,0xED,0xB6,0xDB,0x6D,0xAB,0x6D,0xB6,0xDB,0x6D,0xF5,
  0x25,0x96,0x00,0x00,0x00,0x00,0x00,0x00,0xAA,0x00,0x02,0x0A,
  0x89,0x4A,0xAA,0x55,0x54,0x00,0x00,0x00,0x00,0x00,0x00,0x00,
  0x00,0x00,0x00,0x00,0x00,0x00,0x00,0x00,0x00,0x00,0x00,0x00,
  0x05,0x40,0x00,0x00,0x00,0x00,0x00,0x00,0x00,0x00,0x00,0x00,
  0x00,0x00,0x00,0x00,0x00,0x00,0x00,0x00,0x00,0x00,0x00,0x00,
  0x00,0x00,0x00,0x00,0x00,0x00,0x00,0x00,0x07,0xE5,0x00,0x00,
  0x00,0x00,0x00,0x00,0x0A,0x8A,0x49,0x50,0x52,0xA9,0x25,0x52,
  0xA8,0x00,0x00,0x00,0x00,0x00,0x00,0x00,0x00,0x00,0x00,0x00,
  0x00,0x00,0x00,0x00,0x00,0x00,0x00,0x00,0xA8,0x00,0x00,0x00,
  0x00,0x00,0x10,0x80,0x00,0x10,0x40,0x00,0x00,0x00,0x00,0x00,
  0x00,0x00,0x00,0x00,0x00,0x00,0x00,0x00,0x00,0x00,0x00,0x00,
  0x00,0x00,0x00,0x00,0x07,0xE0,0x80,0x00,0x00,0x00,0x00,0x10,
  0x00,0x60,0x20,0x25,0x24,0x45,0x55,0x4A,0xA8,0x00,0x00,0x00,
  0x00,0x00,0x00,0x00,0x00,0x00,0x00,0x00,0x00,0x00,0x00,0x00,
  0x00,0x00,0x00,0x05,0x00,0x00,0x90,0x88,0x44,0x49,0x02,0x12,
  0x24,0x82,0x09,0x24,0xAA,0x49,0x24,0x92,0x49,0x24,0x92,0x49,
  0x24,0x92,0x4A,0x49,0x24,0x92,0x92,0x49,0x24,0x92,0x24,0x92,
  0x4F,0xF2,0x00,0x00,0x00,0x00,0x00,0x00,0x00,0x0D,0x0A,0x89,
  0x4A,0xAA,0xA9,0x35,0x50,0x00,0x00,0x00,0x00,0x00,0x00,0x00,
  0x00,0x00,0x00,0x00,0x00,0x00,0x00,0x00,0x00,0x00,0x00,0x28,
  0x00,0x02,0x02,0x02,0x01,0x00,0x40,0x00,0x80,0x20,0x20,0x00,
  0x00,0x00,0x00,0x00,0x00,0x00,0x00,0x00,0x00,0x00,0x00,0x00,
  0x00,0x00,0x00,0x00,0x00,0x00,0x80,0x00,0x0F,0xF0,0x00,0x04,
  0x00,0x00,0x00,0x00,0x00,0x01,0x01,0x24,0x92,0x54,0x95,0x4A,
  0x90,0x00,0x00,0x00,0x00,0x00,0x00,0x00,0x00,0x00,0x00,0x00,
  0x00,0x00,0x00,0x00,0x00,0x00,0x01,0x40,0x00,0x08,0x00,0x00,
  0x20,0x00,0x00,0x40,0x01,0x00,0x80,0x00,0x00,0x20,0x82,0x00,
  0x20,0x80,0x00,0x00,0x10,0x42,0x20,0x84,0x08,0x08,0x21,0x10,
  0x42,0x08,0x02,0x44,0x9F,0xF0,0x40,0x00,0x00,0x00,0x00,0x09,
  0x02,0x00,0xE0,0x12,0x49,0x25,0x52,0xAA,0xA0,0x00,0x00,0x00,
  0x00,0x00,0x00,0x00,0x00,0x00,0x00,0x00,0x00,0x00,0x00,0x00,
  0x00,0x00,0x08,0x00,0x00,0x00,0x00,0x0A,0xAD,0x50,0x00,0x00,
  0x00,0x00,0x00,0x00,0x00,0x00,0x00,0x00,0x00,0x00,0x00,0x00,
  0x00,0x00,0x00,0x00,0x00,0x00,0x00,0x00,0x00,0x00,0x00,0x00,
  0x0F,0xF8,0x00,0x04,0x11,0x24,0x92,0x40,0x20,0x00,0xFC,0x41,
  0x2A,0x95,0x4A,0x55,0x50,0x00,0x00,0x00,0x00,0x00,0x00,0x00,
  0x00,0x00,0x00,0x00,0x00,0x00,0x00,0x00,0x00,0x00,0x20,0x00,
  0x00,0x00,0x00,0x00,0x00,0x00,0x00,0x00,0x00,0x00,0x00,0x00,
  0x00,0x00,0x00,0x00,0x00,0x00,0x00,0x00,0x00,0x00,0x00,0x00,
  0x00,0x00,0x00,0x00,0x00,0x00,0x00,0x00,0x1F,0xF1,0x40,0x40,
  0x40,0x00,0x00,0x08,0x01,0x00,0x6F,0x04,0x4A,0xAA,0xAA,0xAA,
  0xA0,0x00,0x00,0x00,0x00,0x00,0x00,0x00,0x00,0x00,0x00,0x00,
  0x00,0x00,0x00,0x00,0x00,0x00,0x89,0x20,0x00,0x00,0x00,0x08,
  0x00,0x10,0x00,0x00,0x00,0x00,0x00,0x00,0x00,0x00,0x00,0x00,
  0x00,0x00,0x00,0x00,0x00,0x00,0x00,0x00,0x00,0x00,0x00,0x00,
  0x00,0x00,0x00,0x00,0x1B,0xF8,0x41,0x04,0x04,0x92,0x49,0x22,
  0x88,0x24,0xEB,0x00,0x11,0x54,0x95,0x52,0x40,0x00,0x00,0x00,
  0x00,0x00,0x00,0x00,0x00,0x00,0x00,0x00,0x00,0x00,0x00,0x00,
  0x00,0x03,0xFE,0xCF,0xFC,0x00,0x00,0x08,0x00,0x08,0x00,0x00,
  0x00,0x00,0x00,0x00,0x00,0x00,0x00,0x00,0x00,0x00,0x00,0x00,
  0x00,0x00,0x00,0x00,0x00,0x00,0x00,0x00,0x00,0x00,0x00,0x00,
  0x1F,0xF9,0x44,0x11,0x20,0x00,0x00,0x08,0x20,0x80,0x64,0x81,
  0x04,0x4A,0x52,0x4A,0xC0,0x00,0x00,0x00,0x00,0x00,0x00,0x00,
  0x00,0x00,0x00,0x00,0x00,0x00,0x00,0x00,0x00,0x0E,0xFB,0x9F,
  0xFC,0x00,0x00,0x04,0x00,0x00,0x00,0x00,0x00,0x00,0x00,0x00,
  0x00,0x00,0x00,0x00,0x00,0x00,0x00,0x00,0x00,0x00,0x00,0x00,
  0x00,0x00,0x00,0x00,0x00,0x00,0x00,0x00,0x1F,0xF9,0x40,0x40,
  0x0A,0xAA,0xAA,0xA2,0x0A,0x15,0x20,0x94,0x20,0x27,0x4A,0xAA,
  0x80,0x00,0x00,0x00,0x00,0x00,0x00,0x00,0x00,0x00,0x00,0x00,
  0x00,0x00,0x00,0x00,0x00,0x1B,0xBF,0x3D,0xBC,0x00,0x00,0x00,
  0x00,0x08,0x00,0x00,0x00,0x00,0x00,0x00,0x00,0x00,0x00,0x00,
  0x00,0x00,0x00,0x00,0x00,0x00,0x00,0x00,0x00,0x00,0x00,0x00,
  0x00,0x00,0x00,0x00,0x2F,0xFD,0x49,0x0A,0xA0,0x00,0x00,0x09,
  0x40,0x80,0x70,0x40,0x02,0x00,0xFA,0xAA,0x80,0x00,0x00,0x00,
  0x00,0x00,0x00,0x00,0x00,0x00,0x00,0x00,0x00,0x00,0x00,0x00,
  0x00,0x7D,0xF6,0x7F,0xFE,0x00,0x00,0x08,0x00,0x08,0x00,0x00,
  0x00,0x00,0x00,0x00,0x00,0x00,0x00,0x00,0x00,0x00,0x00,0x00,
  0x00,0x00,0x00,0x00,0x00,0x00,0x00,0x00,0x00,0x00,0x00,0x00,
  0x1F,0xF9,0xA0,0x20,0x0A,0xAA,0xAA,0xA4,0x2A,0x55,0x6A,0x40,
  0x00,0x90,0x07,0x55,0x00,0x00,0x00,0x00,0x00,0x00,0x00,0x00,
  0x00,0x00,0x00,0x00,0x00,0x00,0x00,0x00,0x01,0xEE,0xFC,0xF7,
  0xFC,0x00,0x00,0x04,0x00,0x00,0x00,0x00,0x00,0x00,0x00,0x00,
  0x00,0x00,0x00,0x00,0x00,0x00,0x00,0x00,0x00,0x00,0x00,0x00,
  0x00,0x00,0x00,0x00,0x00,0x00,0x00,0x00,0x2F,0xFD,0x65,0x0A,
  0xA0,0x04,0x24,0x55,0x49,0x24,0x75,0x80,0x00,0x02,0x00,0xBA,
  0x00,0x00,0x00,0x00,0x00,0x00,0x00,0x00,0x00,0x00,0x00,0x00,
  0x00,0x00,0x00,0x00,0x07,0xB7,0xD3,0xFF,0xFE,0x00,0x00,0x04,
  0x00,0x08,0x00,0x00,0x00,0x00,0x00,0x00,0x00,0x00,0x00,0x00,
  0x00,0x00,0x00,0x00,0x00,0x00,0x00,0x00,0x00,0x00,0x00,0x00,
  0x00,0x00,0x01,0x04,0x1F,0xFB,0xC8,0xA5,0x56,0xD5,0x95,0x28,
  0xA4,0x92,0xBB,0x40,0x00,0x00,0x20,0x05,0x00,0x00,0x00,0x00,
  0x00,0x00,0x00,0x00,0x00,0x00,0x00,0x00,0x00,0x00,0x00,0x00,
  0x0D,0x7F,0x77,0xFF,0xFE,0x00,0x00,0x04,0x10,0x09,0x01,0x38,
  0x00,0x68,0x00,0xE8,0x89,0xC0,0x05,0x80,0x8D,0x80,0x1E,0x88,
  0x3C,0x00,0x28,0x00,0x68,0x02,0x2A,0x00,0x00,0x04,0x24,0x20,
  0x2B,0xFA,0xE2,0x12,0x49,0x28,0xA9,0x55,0x2A,0xAA,0xBF,0xD5,
  0x10,0x00,0x00,0x90,0xA0,0x00,0x00,0x00,0x00,0x00,0x00,0x00,
  0x00,0x00,0x00,0x00,0x00,0x00,0x00,0x00,0x3F,0xFB,0xCF,0xFF,
  0xFE,0x00,0x44,0x04,0x41,0x24,0x24,0x7E,0x49,0xFC,0x41,0xF8,
  0x03,0xF1,0x27,0xE4,0x0F,0xC9,0x1F,0x81,0x3F,0x24,0x7E,0x88,
  0xFC,0x20,0x7E,0x49,0x24,0x90,0x80,0x81,0x2F,0xFF,0xC9,0x4A,
  0xA4,0xA6,0xA5,0x4A,0xAA,0xAA,0x7F,0xC0,0x82,0x92,0x08,0x00,
  0x08,0x00,0x00,0x00,0x00,0x00,0x12,0x00,0x00,0x00,0x00,0x00,
  0x00,0x00,0x00,0x00,0xFF,0xFF,0xBF,0xFF,0xFE,0x49,0x00,0x92,
  0x04,0x08,0x00,0x7F,0x00,0xFE,0x0B,0xF8,0x47,0xF8,0x0F,0xF0,
  0x1F,0xC0,0x3F,0x84,0x77,0x00,0xFE,0x01,0xFE,0x08,0x7F,0x00,
  0x00,0x00,0x08,0x12,0x27,0xFB,0x64,0xAA,0x55,0x52,0x55,0x55,
  0x55,0x55,0x7D,0x80,0x28,0x00,0xA2,0x44,0x04,0x00,0x00,0x00,
  0x00,0x00,0xD4,0x00,0x00,0x00,0x00,0x00,0x00,0x00,0x00,0x01,
  0xF5,0x4A,0x95,0xAD,0xBA,0x00,0x10,0x04,0x10,0x24,0x90,0xEF,
  0x11,0xFC,0x81,0xBD,0x13,0xF2,0x07,0xE1,0x5F,0x62,0x3B,0xA0,
  0x7F,0x90,0xFF,0x20,0xDC,0x81,0x7E,0x04,0x49,0x24,0x42,0x40,
  0xAB,0x7B,0xD5,0x25,0x55,0x2A,0xAA,0xAA,0xAA,0xAA,0xFF,0xC5,
  0x04,0xAA,0x09,0x11,0x50,0x00,0x00,0x00,0x00,0x03,0x2C,0x00,
  0x00,0x00,0x00,0x00,0x00,0x00,0x00,0x06,0x08,0x00,0x44,0x52,
  0x44,0x04,0x04,0x84,0x81,0x08,0x04,0x7D,0x04,0xAE,0x13,0xEC,
  0x07,0x58,0x4E,0xB0,0x0D,0xC8,0x9E,0xC2,0x5D,0x04,0x6E,0x09,
  0xF6,0x24,0x77,0x50,0x00,0x01,0x08,0x14,0x23,0xFF,0xCA,0xAA,
  0xAA,0xAA,0xAA,0xAA,0xAA,0xAB,0x7F,0xD5,0x7A,0x11,0x52,0x4A,
  0x88,0x00,0x00,0x00,0x00,0x06,0xD0,0x00,0x00,0x00,0x00,0x00,
  0x00,0x00,0x00,0x28,0x00,0x00,0x00,0x00,0x01,0x50,0x90,0x24,
  0x48,0x44,0x90,0xDF,0x21,0xFE,0x42,0xF8,0x83,0xF8,0x0B,0xE4,
  0x9F,0xE0,0x3B,0x90,0x77,0x91,0x7B,0x20,0xDE,0x00,0xFF,0x02,
  0xA4,0x94,0x21,0x42,0xA3,0xFB,0x69,0x55,0x55,0x55,0x55,0x55,
  0x55,0x6D,0xFF,0xBB,0xFA,0xCA,0xA9,0x55,0x68,0x00,0x00,0x00,
  0x00,0x1A,0x50,0x00,0x00,0x00,0x00,0x00,0x00,0x00,0x00,0xA0,
  0x00,0x00,0x01,0x00,0x48,0x00,0x02,0x06,0x02,0x14,0x42,0x7B,
  0x08,0xFC,0x09,0xDC,0x2B,0xF2,0xAF,0xF0,0x1E,0xC4,0x9F,0xC5,
  0x7F,0x00,0xFF,0x0A,0xFE,0x92,0x6E,0x48,0x02,0x20,0x88,0x28,
  0x53,0xFF,0xD6,0xAA,0xAA,0xAA,0xAD,0xBB,0x7B,0xBF,0xFF,0xEF,
  0xAA,0x55,0x56,0xAA,0xB8,0x00,0x00,0x00,0x00,0x1A,0xB0,0x00,
  0x00,0x00,0x00,0x00,0x00,0x00,0x02,0x00,0x00,0x00,0x24,0x12,
  0x01,0x0A,0xA0,0xA4,0xA8,0x8A,0x10,0xFF,0x22,0xF6,0xA3,0xFD,
  0x07,0xF8,0x0F,0xE5,0x5B,0xE2,0x3F,0x90,0x7F,0xAA,0x7E,0xA1,
  0xFC,0x48,0xFF,0x02,0xA8,0x8A,0x22,0x85,0x25,0xF7,0xD5,0x55,
  0x55,0xB6,0xD6,0xD6,0xD7,0xEA,0xFD,0xBE,0xD5,0xAA,0xAB,0x77,
  0xF0,0x00,0x00,0x00,0x00,0x75,0x40,0x00,0x00,0x00,0x00,0x00,
  0x00,0x00,0x08,0x00,0x00,0x02,0x00,0x40,0x94,0x40,0x0A,0x14,
  0x02,0x45,0x45,0x7E,0x89,0xFE,0x11,0xF8,0xAB,0xF2,0xA7,0xF0,
  0x0F,0xD0,0x9F,0xC5,0x3F,0x00,0xFE,0x08,0xFE,0x02,0x7F,0x54,
  0x02,0x20,0x89,0x51,0x57,0xFF,0xDB,0xB6,0xB6,0xDB,0x7B,0x6F,
  0xBE,0xBF,0xF7,0xFB,0x6A,0xB6,0xDD,0xDE,0xC0,0x00,0x00,0x00,
  0x00,0xD5,0x40,0x00,0x00,0x00,0x00,0x00,0x00,0x00,0x20,0x00,
  0x00,0x08,0x41,0x0A,0x00,0x2A,0x40,0x86,0xAC,0x2C,0x10,0x3E,
  0x24,0x7C,0x8A,0xFA,0x13,0xE8,0x0B,0xC5,0x57,0x8A,0x2F,0x28,
  0xBE,0x55,0x3D,0x52,0x79,0x54,0x3C,0x09,0x54,0x95,0x24,0x2A,
  0x53,0xEF,0xB6,0xDB,0xDB,0x6D,0xDD,0xBA,0xF7,0xFD,0xFF,0x6D,
  0xB6,0xDB,0x77,0x7F,0x00,0x00,0x00,0x00,0x01,0xAA,0x80,0x00,
  0x00,0x00,0x00,0x00,0x00,0x00,0x40,0x00,0x00,0x40,0x14,0x20,
  0x52,0x81,0x2A,0x54,0x16,0x85,0x4A,0x81,0x49,0x01,0x51,0x01,
  0x44,0x05,0x50,0x28,0x89,0x51,0x48,0x84,0x01,0x08,0x82,0x09,
  0x0A,0x22,0x82,0xA2,0x09,0x20,0x92,0x91,0x3A,0xFF,0xFB,0x6E,
  0xBD,0xBB,0x6F,0xFF,0xDE,0xD7,0xFD,0xDE,0xDB,0x6F,0xDF,0xE8,
  0x00,0x00,0x00,0x00,0x03,0x55,0x80,0x00,0x00,0x00,0x00,0x00,
  0x00,0x01,0x00,0x00,0x00,0x02,0x40,0x85,0x08,0x54,0x44,0x86,
  0xA1,0x5C,0x21,0x54,0x24,0xAA,0x24,0xAA,0x52,0xB2,0x4A,0x92,
  0x54,0x4A,0x25,0x2A,0xAA,0x52,0x54,0xA4,0xA4,0x94,0xA9,0x29,
  0x52,0x4A,0x49,0x4A,0xA9,0xDF,0x5D,0xFB,0xEF,0xEF,0xF5,0x6D,
  0xFB,0xFF,0xAF,0x75,0xEF,0xFA,0xFD,0x00,0x00,0x00,0x00,0x00,
  0x0E,0xAA,0x00,0x00,0x00,0x00,0x00,0x00,0x00,0x04,0x00,0x00,
  0x05,0xA8,0x04,0x20,0x45,0x02,0x92,0x54,0x94,0x25,0x54,0x25,
  0x52,0x54,0x92,0x55,0x29,0x09,0x24,0xA5,0x22,0x91,0x50,0xA1,
  0x49,0x49,0x22,0x92,0x92,0xA2,0x54,0x94,0xA5,0x2A,0xA4,0xAA,
  0x56,0xBF,0xF7,0x5E,0xF5,0x7D,0x5F,0xFF,0x6F,0x7D,0xFB,0xDF,
  0x75,0x5F,0xF4,0x00,0x00,0x00,0x00,0x00,0x15,0x57,0x00,0x00,
  0x00,0x00,0x00,0x00,0x00,0x10,0x00,0x00,0x21,0x81,0x22,0x8A,
  0x90,0xA9,0x29,0x26,0x4A,0x8C,0x8A,0x92,0x89,0x22,0xAA,0x88,
  0x8A,0xAA,0x92,0x52,0x95,0x4A,0x4A,0x55,0x24,0xA5,0x54,0x54,
  0x54,0x95,0x22,0xA5,0x12,0x92,0x55,0x25,0x4B,0xFE,0xDF,0xF7,
  0xBF,0xD7,0xFF,0x6B,0xFF,0xEF,0xBD,0x75,0xDF,0xF7,0x40,0x00,
  0x00,0x00,0x00,0x00,0x2D,0x54,0x00,0x00,0x00,0x00,0x00,0x00,
  0x00,0x20,0x00,0x00,0x84,0x24,0x48,0x24,0x4A,0x54,0x84,0x95,
  0x25,0x6A,0x52,0xA9,0x55,0x55,0x24,0xAA,0xA9,0x54,0xAA,0x8A,
  0x54,0xA9,0x2A,0x8A,0x52,0x54,0x93,0x4A,0xA5,0x52,0x95,0x52,
  0xA9,0x55,0x2A,0xA9,0x29,0x7B,0xF5,0x7D,0xEE,0xFF,0xEB,0xFF,
  0xBD,0xFB,0xEF,0xDF,0x7D,0xFC,0x00,0x00,0x00,0x00,0x00,0x00,
  0x5A,0xA8,0x00,0x00,0x00,0x00,0x00,0x00,0x00,0x80,0x00,0x12,
  0x10,0x81,0x12,0x92,0xA5,0x0A,0x55,0x4D,0x52,0x6D,0x49,0x24,
  0xA4,0x94,0xAA,0xA5,0x54,0x92,0xAA,0x69,0x52,0x55,0x52,0x69,
  0x4A,0x92,0x48,0xA5,0x54,0x94,0xAA,0x4A,0x55,0x29,0x52,0xAA,
  0xAA,0xDF,0x5F,0xD7,0xBB,0xDD,0x7E,0xDE,0xF7,0xBE,0xBB,0x7B,
  0xEF,0xA0,0x00,0x00,0x00,0x00,0x00,0x01,0x6A,0xAC,0x00,0x00,
  0x00,0x00,0x00,0x00,0x01,0x00,0x01,0x00,0x04,0x2A,0x49,0x49,
  0x12,0xA5,0x52,0x55,0x55,0x54,0xAA,0xAA,0x95,0x52,0xAA,0x55,
  0x25,0x55,0x52,0x95,0x4A,0xA5,0x4A,0x94,0xA4,0xA9,0x56,0x54,
  0x92,0xAA,0xA9,0x55,0x55,0x55,0x4A,0x95,0x55,0x57,0xFB,0x7E,
  0xFF,0x77,0xDF,0xFF,0xFF,0xEF,0xEF,0xEF,0xBD,0x00,0x00,0x00,
  0x00,0x00,0x00,0x01,0xD5,0x50,0x00,0x00,0x00,0x00,0x00,0x00,
  0x04,0x00,0x04,0x49,0x52,0x89,0x24,0x24,0xAA,0x52,0x4A,0xA6,
  0x94,0xAD,0x55,0x55,0x55,0x55,0x55,0x54,0xAA,0xAA,0xAA,0xAA,
  0xAA,0xAA,0xA9,0x4A,0x52,0x45,0x29,0x52,0xAA,0xA5,0x55,0x55,
  0x55,0x55,0x55,0x6A,0xAA,0xB6,0xFF,0xF7,0xD7,0xFF,0xFF,0xF7,
  0xDD,0xBB,0x7D,0xBE,0xF0,0x00,0x00,0x00,0x00,0x00,0x00,0x05,
  0xAA,0xA8,0x00,0x00,0x00,0x00,0x00,0x00,0x08,0x00,0x20,0x04,
  0x04,0x52,0x92,0xAA,0xA9,0x55,0x55,0x55,0x55,0x55,0x4A,0xAA,
  0xAA,0xAA,0xAA,0xAB,0x55,0x55,0x55,0x55,0x55,0x54,0x95,0x25,
  0x2A,0xAA,0xA5,0x4A,0xAA,0xAA,0xAA,0xAA,0xAA,0xAA,0xB5,0x55,
  0x55,0x5B,0xBF,0xFF,0xFF,0xFE,0xF6,0xDE,0xFF,0xFF,0xEF,0xFF,
  0x00,0x00,0x00,0x00,0x00,0x00,0x00,0x0B,0x55,0x60,0x00,0x00,
  0x00,0x00,0x00,0x00,0x10,0x00,0x89,0x51,0x55,0x24,0x55,0x55,
  0x25,0x55,0x55,0x56,0xAA,0xAD,0x55,0x55,0x55,0x55,0x55,0x55,
  0x5A,0xAA,0xAA,0xAA,0x48,0x02,0x20,0x90,0x80,0x00,0x10,0x24,
  0x44,0x12,0x4A,0xAA,0xD5,0x55,0x56,0xAA,0xAD,0xAD,0xEB,0x7D,
  0xBE,0xDB,0xDF,0xFF,0xDB,0x6D,0xBD,0xE8,0x00,0x00,0x00,0x00,
  0x00,0x00,0x00,0x16,0xAA,0xA0,0x00,0x00,0x00,0x00,0x00,0x00,
  0x20,0x04,0x22,0x0A,0x7C,0x92,0xA4,0xA4,0xAA,0xAA,0xAA,0xAD,
  0x55,0x5A,0xB5,0x55,0x55,0x55,0xAA,0xAA,0xAB,0x55,0x11,0x00,
  0x02,0xA0,0x84,0x02,0x12,0x95,0x45,0x01,0x11,0x40,0x10,0x12,
  0x2B,0x76,0xDA,0xDD,0xD6,0xD6,0xBF,0xDF,0xFF,0xFF,0xFD,0xED,
  0xFF,0xFF,0xFF,0x00,0x00,0x00,0x00,0x00,0x00,0x00,0x00,0x5D,
  0x55,0x40,0x00,0x00,0x00,0x00,0x00,0x00,0x40,0x52,0x89,0x51,
  0x09,0x55,0x55,0x55,0x55,0x55,0x55,0x56,0xAB,0x6D,0x55,0x56,
  0xDB,0x6D,0x6D,0xBB,0xD5,0x48,0x84,0x52,0x48,0x08,0x11,0x48,
  0x40,0x00,0x00,0x48,0x00,0x15,0x42,0x80,0x84,0x8B,0x6D,0xB6,
  0xBB,0x7B,0x6D,0xF7,0xF7,0xBE,0xEF,0x7F,0x6D,0xB6,0xE8,0x00,
  0x00,0x00,0x00,0x00,0x00,0x00,0x00,0xBA,0xAA,0x80,0x00,0x00,
  0x00,0x00,0x00,0x00,0x8A,0x08,0xA4,0xAA,0xD5,0x55,0x55,0x56,
  0xB6,0xDB,0xBB,0xBD,0xFD,0xBF,0xDF,0xBB,0x6D,0xB7,0xB6,0xD5,
  0x28,0x22,0x21,0x09,0x21,0x22,0x40,0x01,0x09,0x21,0x24,0x02,
  0x4A,0x40,0x08,0x2A,0x20,0x20,0x2B,0x7B,0xDD,0xAD,0xFF,0x7E,
  0xDD,0xF7,0xBD,0xED,0xFF,0xFF,0x80,0x00,0x00,0x00,0x00,0x00,
  0x00,0x00,0x01,0x75,0x55,0x80,0x00,0x00,0x00,0x00,0x00,0x00,
  0x69,0xAA,0xAA,0x95,0x2A,0xAA,0xAA,0xB5,0xDB,0x6D,0x6E,0xD7,
  0xB7,0xF5,0x6A,0xED,0xB6,0xDA,0xDB,0x54,0x85,0x08,0x88,0x20,
  0x08,0x00,0x0A,0x50,0x22,0x08,0x09,0x28,0x00,0x04,0x81,0x00,
  0x09,0x0A,0x84,0x96,0xEB,0x77,0x55,0xDB,0xFF,0x7D,0xF7,0xBF,
  0xDB,0x78,0x00,0x00,0x00,0x00,0x00,0x00,0x00,0x00,0x02,0xEA,
  0xB5,0x00,0x00,0x00,0x00,0x00,0x00,0x00,0x3E,0xB5,0x55,0x6A,
  0xD5,0x55,0xB7,0xDB,0x6D,0xB7,0xDB,0x6E,0xFE,0xDD,0xBD,0xB6,
  0xEF,0x77,0x6D,0x52,0x50,0xA2,0x22,0x05,0x22,0x49,0x20,0x05,
  0x00,0x00,0x00,0x01,0x52,0x40,0x24,0x49,0x40,0x90,0x51,0x49,
  0x5F,0xDD,0xFF,0x7F,0x6D,0xD7,0xBF,0xFB,0xFF,0xC0,0x00,0x00,
  0x00,0x00,0x00,0x00,0x00,0x00,0x0B,0xAA,0xD6,0x00,0x00,0x00,
  0x00,0x00,0x00,0x00,0x0D,0xDE,0xDB,0xAD,0x7B,0x7E,0xDA,0xAD,
  0xB6,0xDD,0x6D,0xBB,0x55,0xB6,0xEB,0x6F,0x5A,0xDD,0xA9,0x29,
  0x25,0x08,0x08,0xA0,0x08,0x00,0x05,0x00,0x4A,0xAA,0xD2,0x40,
  0x00,0x12,0x00,0x00,0x14,0x05,0x08,0x25,0x55,0x77,0x55,0xED,
  0xFF,0xFE,0xFB,0x6F,0x7A,0x00,0x00,0x00,0x00,0x00,0x00,0x00,
  0x00,0x00,0x17,0x55,0x2A,0x00,0x00,0x00,0x00,0x00,0x00,0x00,
  0x03,0xF5,0xB6,0xF7,0xAD,0xD5,0x6E,0xF6,0xDB,0xB6,0xDB,0x6D,
  0xEF,0x6F,0x77,0xBA,0xF7,0xB6,0xAA,0x94,0x92,0x42,0xA0,0x09,
  0x42,0x55,0x50,0x2A,0x90,0x12,0x2B,0x7E,0xAA,0xA4,0xAA,0xAA,
  0x81,0x50,0xA5,0x54,0xAA,0xDF,0xFF,0xBF,0xB7,0x7F,0xEF,0xFF,
  0xC0,0x00,0x10,0x40,0x00,0x00,0x00,0x00,0x00,0x02,0x5E,0xAA,
  0xD4,0x00,0x00,0x00,0x00,0x00,0x00,0x00,0x00,0xDF,0xFD,0xAD,
  0xDB,0xEF,0xBB,0x5F,0x76,0xFB,0xBD,0xDE,0xBB,0xFB,0xAD,0xEF,
  0xBD,0xDA,0xAA,0x4A,0x48,0x94,0x05,0x20,0x10,0x00,0x02,0xFB,
  0x55,0x40,0x80,0x00,0x04,0x91,0x29,0x55,0x5A,0xAD,0x55,0x55,
  0x55,0x54,0xAA,0xAA,0xAA,0xA2,0xAA,0xA9,0x2A,0xB6,0xCB,0x5B,
  0x6D,0xDB,0xBF,0xFE,0xFF,0xD9,0xBB,0xDF,0xB8,0x00,0x00,0x00,
  0x00,0x00,0x00,0x00,0x00,0x3D,0x57,0xFE,0xF7,0x7A,0xEF,0xF5,
  0xDF,0xAE,0xEF,0x77,0xEE,0xAD,0xFE,0xBA,0xEE,0xAA,0xAA,0xA9,
  0x55,0x21,0x50,0x89,0x09,0x20,0x1D,0x96,0xEF,0xBF,0x7D,0xAA,
  0xD2,0x44,0x84,0x00,0x00,0x00,0x00,0x01,0x09,0x01,0x00,0x40,
  0x91,0x14,0x54,0x94,0xAA,0xAA,0x54,0xA4,0x92,0x24,0x40,0x01,
  0x01,0x22,0xFF,0x7D,0xC0,0x00,0x00,0x00,0x00,0x00,0x00,0x00,
  0x00,0x03,0xFE,0xDB,0xBD,0xDF,0xBA,0xBF,0x7A,0xFB,0xF5,0xFA,
  0xDD,0xFF,0x5B,0xEF,0xBB,0xFD,0xDA,0xD5,0x48,0x94,0x04,0x24,
  0xA0,0x40,0x52,0x55,0x28,0xD5,0xA6,0xDD,0xBD,0xFB,0x7F,0xFF,
  0xFF,0xFF,0xFF,0xFE,0xF6,0xFE,0xFF,0xBF,0x6D,0x6B,0x25,0x22,
  0x41,0x01,0x02,0x12,0x4A,0xD7,0xBF,0xFF,0xFF,0xFF,0xEA,0xC0,
  0x00,0x00,0x00,0x00,0x00,0x00,0x00,0x00,0x00,0x00,0x5F,0xFF,
  0xEF,0xF6,0xFF,0xED,0xEF,0xDF,0x5F,0xAF,0xFF,0xB7,0xFF,0x7D,
  0xEE,0xAB,0x6F,0x6A,0xAA,0xA2,0xA2,0x92,0x4A,0x00,0x85,0x22,
  0x85,0x24,0x51,0x22,0x45,0x09,0x40,0x80,0x00,0x00,0x00,0x01,
  0x01,0x00,0x00,0x00,0x00,0x00,0x12,0x55,0x5E,0xFF,0xFF,0xFF,
  0xFF,0xFF,0xFF,0xFF,0xEA,0x90,0x00,0x00,0x00,0x00,0x00,0x00,
  0x00,0x00,0x00,0x00,0x00,0x00,0x02,0xED,0xBF,0x7F,0xEE,0xFF,
  0xFF,0x7B,0xFE,0xFF,0x6D,0xFD,0xB7,0xEF,0xBB,0xFF,0xF5,0xBF,
  0x6A,0x9A,0x54,0x48,0x01,0x01,0x00,0x00,0x00,0x00,0x00,0x00,
  0x00,0x00,0x00,0x00,0x22,0x40,0x02,0x20,0x4A,0x55,0xAB,0xF7,
  0xFF,0xFF,0xFF,0xFF,0xFF,0xFF,0xFF,0xFF,0xFF,0xFD,0xFC,0x00,
  0x00,0x00,0x00,0x00,0x00,0x00,0x00,0x00,0x00,0x00,0x00,0x00,
  0x00,0x00,0x00,0x1F,0xFB,0xDB,0xBF,0xDE,0xDB,0xFF,0xF7,0xFB,
  0xFF,0xDF,0xFD,0xBE,0xFF,0x6D,0xBF,0x6A,0xDB,0x65,0x49,0x22,
  0xAA,0x09,0x54,0xA8,0x40,0x12,0x20,0x01,0x10,0x45,0x2D,0x5B,
  0x5B,0x5F,0xFF,0xFF,0xFF,0xFF,0xFF,0xFF,0xFF,0xFF,0xFF,0xFF,
  0xFB,0xDB,0x7B,0x6A,0xAA,0xAF,0xA0,0x00,0x00,0x00,0x00,0x00,
  0x00,0x00,0x00,0x00,0x00,0x00,0x00,0x00,0x00,0x00,0x00,0x00,
  0x5F,0xFF,0xFB,0x77,0xFF,0xDB,0x5F,0xBF,0xBB,0x7B,0x6F,0xFB,
  0xEF,0xFF,0xED,0xFF,0xBD,0xBA,0xAA,0x95,0x21,0x65,0xFF,0xFF,
  0xFF,0xFD,0xFF,0xFF,0xFF,0xFF,0xFF,0xFF,0xFF,0xFF,0xFF,0xFF,
  0xFF,0xFF,0xFF,0xBE,0xDB,0xFF,0xED,0xB7,0x6F,0x75,0x40,0x00,
  0x00,0x00,0x00,0x00,0x00,0x00,0x00,0x00,0x00,0x00,0x00,0x00,
  0x00,0x00,0x00,0x00,0x00,0x00,0x00,0x00,0x00,0x2A,0xEF,0xFF,
  0xFE,0xFF,0xFE,0xF7,0xFF,0xFF,0xFF,0xFF,0xFD,0xDD,0xBF,0xDA,
  0xEE,0xD6,0xAA,0xA9,0x54,0xBB,0xEF,0xFF,0xBF,0xF7,0xEF,0xFF,
  0xFF,0xFF,0xFF,0xFF,0xFF,0xFF,0xFF,0xFF,0xFF,0xFF,0x7D,0xFB,
  0xFF,0x6D,0xBE,0xD9,0x10,0x00,0x00,0x00,0x00,0x00,0x00,0x00,
  0x00,0x00,0x00,0x00,0x00,0x00,0x00,0x00,0x00,0x00,0x00,0x00,
  0x00,0x00,0x00,0x00,0x00,0x00,0x01,0xE0,0x45,0x55,0x53,0x54,
  0x95,0x4A,0xB9,0x0A,0x97,0x7F,0xFB,0x7F,0xFB,0xFD,0xF6,0xAA,
  0x95,0x5D,0x7F,0xFB,0xFF,0xFF,0xFF,0xFF,0xFF,0xFF,0xFF,0xFF,
  0xFF,0xFB,0x6D,0xB6,0xD5,0xAB,0xD7,0xB7,0x6F,0xFF,0xC0,0x00,
  0x00,0x00,0x00,0x00,0x00,0x00,0x00,0x00,0x00,0x00,0x00,0x00,
  0x00,0x00,0x00,0x00,0x00,0x00,0x00,0x00,0x00,0x00,0x00,0x00,
  0x00,0x00,0x00,0x20,0x00,0x00,0x00,0x00,0x00,0x00,0x2C,0x00,
  0x00,0x01,0x6F,0xF7,0xBF,0x6F,0x7F,0x76,0xD5,0x27,0xFF,0x7F,
  0xFF,0xFF,0xFF,0xFF,0x6E,0xDB,0x6A,0xDB,0x6D,0x6F,0xFF,0xFF,
  0xFF,0x7E,0xFF,0xFD,0xB6,0xDD,0x80,0x00,0x00,0x00,0x00,0x00,
  0x00,0x00,0x00,0x00,0x00,0x00,0x00,0x00,0x00,0x00,0x00,0x00,
  0x00,0x00,0x00,0x00,0x00,0x00,0x00,0x00,0x00,0x00,0x00,0x00,
  0x00,0x00,0x00,0x00,0x00,0x00,0x14,0x00,0x00,0x00,0x01,0x7E,
  0xED,0xFB,0xDF,0xDB,0x6A,0xD5,0x5D,0xFF,0xFF,0x7F,0xBD,0xB7,
  0xFB,0xFF,0xFF,0xFF,0xFF,0xDE,0xDA,0xAB,0x6F,0xFF,0xFE,0x0B,
  0xFB,0xF7,0x00,0x00,0x00,0x00,0x00,0x00,0x00,0x00,0x00,0x00,
  0x00,0x00,0x00,0x00,0x00,0x00,0x00,0x00,0x00,0x00,0x00,0x00,
  0x00,0x00,0x00,0x00,0x00,0x00,0x00,0x00,0x00,0x00,0x00,0x00,
  0x00,0x00,0x16,0x00,0x00,0x00,0x00,0x03,0xFF,0xDF,0xEB,0xED,
  0xBF,0x55,0x6F,0xEE,0xED,0xED,0xF7,0xFD,0xBF,0xDD,0xBF,0x6F,
  0x6D,0xFF,0xFF,0xFF,0xFD,0xDB,0xD0,0x00,0x0E,0xDE,0x00,0x00,
  0x00,0x00,0x00,0x00,0x00,0x00,0x00,0x00,0x00,0x00,0x00,0x00,
  0x00,0x00,0x00,0x00,0x00,0x00,0x00,0x00,0x00,0x00,0x00,0x00,
  0x00,0x00,0x00,0x00,0x00,0x00,0x00,0x00,0x00,0x00,0x0A,0x00,
  0x00,0x00,0x00,0x00,0x17,0xFB,0x7E,0xFF,0xD5,0xFF,0xB5,0xBF,
  0xFF,0xFF,0x7F,0x6F,0xF6,0xF7,0xED,0xFB,0xFB,0x7B,0xFF,0xFD,
  0xDF,0xFE,0x00,0x00,0x00,0x00,0x00,0x00,0x00,0x00,0x00,0x00,
  0x00,0x00,0x00,0x00,0x00,0x00,0x00,0x00,0x00,0x00,0x00,0x00,
  0x00,0x00,0x00,0x00,0x00,0x00,0x00,0x00,0x00,0x00,0x00,0x00,
  0x00,0x00,0x00,0x00,0x00,0x00,0x02,0x00,0x00,0x00,0x00,0x00,
  0x00,0x3F,0xF7,0xB6,0xFF,0x55,0x7E,0xEB,0x6F,0x77,0xED,0xFE,
  0xDF,0xDE,0xFF,0xDD,0x2D,0xBF,0x6D,0xF7,0xFF,0x40,0x00,0x00,
  0x00,0x00,0x00,0x00,0x00,0x00,0x00,0x00,0x00,0x00,0x00,0x00,
  0x00,0x00,0x00,0x00,0x00,0x00,0x00,0x00,0x00,0x00,0x00,0x00,
  0x00,0x00,0x00,0x00,0x00,0x00,0x00,0x00,0x00,0x00,0x00,0x00,
  0x00,0x00,0x00,0x00,0x00,0x00,0x00,0x00,0x00,0x02,0xFF,0xFF,
  0xF7,0xFF,0xD7,0xBE,0xFB,0xDE,0xFF,0xF7,0xFF,0x7F,0xEF,0xFF,
  0xD6,0xDB,0xFF,0xBF,0xF0,0x00,0x00,0x00,0x00,0x00,0x00,0x00,
  0x00,0x00,0x00,0x00,0x00,0x00,0x00,0x00,0x00,0x00,0x00,0x00,
  0x00,0x00,0x00,0x00,0x00,0x00,0x00,0x00,0x00,0x00,0x00,0x00,
  0x00,0x00,0x00,0x00,0x00,0x00,0x00,0x00,0x00,0x00,0x00,0x00,
  0x00,0x00,0x00,0x00,0x00,0x00,0x0B,0x7B,0x7E,0xF6,0xFD,0xF7,
  0xAE,0xFB,0xDF,0x7F,0xF7,0xFF,0xBE,0xF7,0xFD,0xAF,0x6D,0xFD,
  0x00,0x00,0x00,0x00,0x00,0x00,0x00,0x00,0x00,0x00,0x00,0x00,
  0x00,0x00,0x00,0x00,0x00,0x00,0x00,0x00,0x00,0x00,0x00,0x00,
  0x00,0x00,0x00,0x00,0x00,0x00,0x00,0x00,0x00,0x00,0x00,0x00,
  0x00,0x00,0x00,0x00,0x00,0x00,0x00,0x00,0x00,0x00,0x00,0x00,
  0x00,0x00,0x00,0xAF,0xEF,0xDF,0xF7,0xDF,0xFF,0xDF,0xFB,0xDD,
  0xBD,0xF6,0xFF,0xDE,0xFF,0x75,0xFF,0x40,0x00,0x00,0x00,0x00,
  0x00,0x00,0x00,0x00,0x00,0x00,0x00,0x00,0x00,0x00,0x00,0x00,
  0x00,0x00,0x00,0x00,0x00,0x00,0x00,0x00,0x00,0x00,0x00,0x00,
  0x00,0x00,0x00,0x00,0x00,0x00,0x00,0x00,0x00,0x00,0x00,0x00,
  0x00,0x00,0x00,0x00,0x00,0x00,0x00,0x00,0x00,0x00,0x00,0x00,
  0xBF,0x7F,0x7F,0x7D,0xFB,0xFE,0xEF,0xFF,0xFF,0xBF,0xFB,0xFF,
  0xEF,0xFF,0x54,0x00,0x00,0x00,0x00,0x00,0x00,0x00,0x00,0x00,
  0x00,0x00,0x00,0x00,0x00,0x00,0x00,0x00,0x00,0x00,0x00,0x00,
  0x00,0x00,0x00,0x00,0x00,0x00,0x00,0x00,0x00,0x00,0x00,0x00,
  0x00,0x00,0x00,0x00,0x00,0x00,0x00,0x00,0x00,0x00,0x00,0x00,
  0x00,0x00,0x00,0x00,0x00,0x00,0x00,0x00,0x00,0xB7,0xDF,0xFF,
  0xBF,0x77,0xFE,0xF7,0xDF,0xFF,0xFF,0xFF,0xFD,0xA7,0xF8,0x00,
  0x00,0x00,0x00,0x00,0x00,0x00,0x00,0x00,0x00,0x00,0x00,0x00,
  0x00,0x00,0x00,0x00,0x00,0x00,0x00,0x00,0x00,0x00,0x00,0x00,
  0x00,0x00,0x00,0x00,0x00,0x00,0x00,0x00,0x00,0x00,0x00,0x00,
  0x00,0x00,0x00,0x00,0x00,0x00,0x00,0x00,0x00,0x00,0x00,0x00,
  0x00,0x00,0x00,0x00,0x00,0x00,0x7A,0xEF,0xFF,0xFF,0xFF,0xFF,
  0x7D,0xF7,0x6E,0xA8,0x00,0x00,0x00,0x00,0x00,0x00,0x00,0x00,
  0x00,0x00,0x00,0x00,0x00,0x00,0x00,0x00,0x00,0x00,0x00,0x00,
  0x00,0x00,0x00,0x00,0x00,0x00,0x00,0x00,0x00,0x00,0x00,0x00,
  0x00,0x00,0x00,0x00,0x00,0x00,0x00,0x00,0x00,0x00,0x00,0x00,
  0x00,0x00,0x00,0x00,0x00,0x00,0x00,0x00,0x00,0x00,0x00,0x00,
  0x00,0x00,0x28,0x00,0x00,0x92,0x25,0x24,0xA2,0x08,0x00,0x00,
  0x00,0x00,0x00,0x00,0x00,0x00,0x00,0x00,0x00,0x00,0x00,0x00,
  0x00,0x00,0x00,0x00,0x00,0x00,0x00,0x00,0x00,0x00,0x00,0x00,
  0x00,0x00,0x00,0x00,0x00,0x00,0x00,0x00,
};

// Cargo.png  (540x149)
static const uint8_t art_cargo[] PROGMEM = {
  0x00,0x00,0x00,0x00,0x00,0x00,0x00,0x00,0x00,0x00,0x00,0x00,
  0x00,0x00,0x00,0x00,0x00,0x00,0x00,0x00,0x00,0x00,0x00,0x00,
  0x00,0x00,0x00,0x00,0x00,0x00,0x00,0x00,0x00,0x00,0x00,0x00,
  0x00,0x00,0x00,0x00,0x00,0x00,0x00,0x00,0x00,0x00,0x00,0x00,
  0x00,0x00,0x00,0x00,0x00,0x00,0x00,0x00,0x00,0x00,0x00,0x00,
  0x00,0x00,0x00,0x00,0x00,0x00,0x00,0x00,0x00,0x00,0x00,0x00,
  0x00,0x00,0x00,0x00,0x00,0x00,0x00,0x00,0x00,0x00,0x00,0x00,
  0x00,0x00,0x00,0x00,0x00,0x00,0x00,0x00,0x00,0x00,0x00,0x00,
  0x00,0x00,0x00,0x00,0x00,0x00,0x00,0x00,0x00,0x00,0x00,0x00,
  0x00,0x00,0x00,0x00,0x00,0x00,0x00,0x00,0x00,0x00,0x00,0x00,
  0x00,0x00,0x00,0x00,0x00,0x00,0x00,0x00,0x00,0x00,0x00,0x17,
  0xFF,0xFF,0xC0,0x00,0x00,0x00,0x00,0x00,0x00,0x00,0x00,0x00,
  0x00,0x00,0x00,0x00,0x00,0x00,0x00,0x00,0x00,0x00,0x00,0x00,
  0x00,0x00,0x00,0x00,0x00,0x00,0x00,0x00,0x00,0x00,0x00,0x00,
  0x00,0x00,0x00,0x00,0x00,0x00,0x00,0x00,0x00,0x00,0x00,0x00,
  0x00,0x00,0x00,0x00,0x00,0x00,0x00,0x00,0x00,0x00,0x00,0x00,
  0x00,0x00,0x00,0x00,0x00,0x00,0x00,0x68,0x00,0xBB,0xC0,0x00,
  0x00,0x00,0x00,0x00,0x00,0x00,0x00,0x00,0x00,0x00,0x00,0x00,
  0x00,0x00,0x00,0x00,0x00,0x00,0x00,0x00,0x00,0x00,0x00,0x00,
  0x00,0x00,0x00,0x00,0x00,0x00,0x00,0x00,0x00,0x00,0x00,0x00,
  0x00,0x00,0x00,0x00,0x00,0x00,0x00,0x00,0x00,0x00,0x00,0x00,
  0x00,0x00,0x00,0x00,0x00,0x00,0x00,0x00,0x00,0x00,0x00,0x00,
  0x00,0x00,0x01,0x85,0xEE,0xEE,0xC0,0x00,0x00,0x00,0x00,0x00,
  0x00,0x00,0x00,0x00,0x00,0x00,0x00,0x00,0x00,0x00,0x00,0x00,
  0x00,0x00,0x00,0x00,0x00,0x00,0x00,0x00,0x00,0x00,0x00,0x00,
  0x00,0x00,0x00,0x00,0x00,0x00,0x00,0x00,0x00,0x00,0x00,0x00,
  0x00,0x00,0x00,0x00,0x00,0x00,0x00,0x00,0x00,0x00,0x00,0x00,
  0x00,0x00,0x00,0x00,0x00,0x00,0x00,0x00,0x00,0x00,0x02,0x35,
  0x13,0xFB,0x80,0x00,0x00,0x00,0x00,0x00,0x00,0x00,0x00,0x00,
  0x00,0x00,0x00,0x00,0x00,0x00,0x00,0x00,0x00,0x00,0x00,0x00,
  0x00,0x00,0x00,0x00,0x00,0x00,0x00,0x00,0x00,0x00,0x00,0x00,
  0x00,0x00,0x00,0x00,0x00,0x00,0x00,0x00,0x00,0x00,0x00,0x00,
  0x00,0x00,0x00,0x00,0x00,0x00,0x00,0x00,0x00,0x00,0x00,0x00,
  0x00,0x00,0x00,0x00,0x00,0x00,0x04,0x95,0x56,0xAE,0x80,0x00,
  0x00,0x00,0x00,0x00,0x00,0x00,0x00,0x00,0x00,0x00,0x00,0x00,
  0x00,0x00,0x00,0x00,0x00,0x00,0x00,0x00,0x00,0x00,0x00,0x00,
  0x00,0x00,0x00,0x00,0x00,0x00,0x00,0x00,0x00,0x00,0x00,0x00,
  0x00,0x00,0x00,0x00,0x00,0x00,0x00,0x00,0x00,0x00,0x00,0x00,
  0x00,0x00,0x00,0x00,0x00,0x00,0x00,0x00,0x00,0x00,0x00,0x00,
  0x00,0x00,0x09,0x55,0x57,0xF7,0x80,0x00,0x00,0x00,0x00,0x00,
  0x00,0x00,0x00,0x00,0x00,0x00,0x00,0x00,0x00,0x00,0x00,0x00,
  0x00,0x00,0x00,0x00,0x00,0x00,0x00,0x00,0x00,0x00,0x00,0x00,
  0x00,0x00,0x00,0x00,0x00,0x00,0x00,0x00,0x00,0x00,0x00,0x00,
  0x00,0x00,0x00,0x00,0x00,0x00,0x00,0x00,0x00,0x00,0x00,0x00,
  0x00,0x00,0x00,0x00,0x00,0x00,0x00,0x00,0x00,0x00,0x12,0x54,
  0xAA,0xBB,0x00,0x00,0x00,0x00,0x00,0x00,0x00,0x00,0x00,0x00,
  0x00,0x00,0x00,0x00,0x00,0x00,0x00,0x00,0x00,0x00,0x00,0x00,
  0x00,0x00,0x00,0x00,0x00,0x00,0x00,0x00,0x00,0x00,0x00,0x00,
  0x00,0x00,0x00,0x00,0x00,0x00,0x00,0x00,0x00,0x00,0x00,0x00,
  0x00,0x00,0x00,0x00,0x00,0x00,0x00,0x00,0x00,0x00,0x00,0x00,
  0x00,0x00,0x00,0x00,0x00,0x00,0x12,0xAA,0xAF,0xDD,0x00,0x00,
  0x00,0x00,0x00,0x00,0x00,0x00,0x00,0x00,0x00,0x00,0x00,0x00,
  0x00,0x00,0x00,0x00,0x00,0x00,0x00,0x00,0x00,0x00,0x00,0x00,
  0x00,0x00,0x00,0x00,0x00,0x00,0x00,0x00,0x00,0x00,0x00,0x00,
  0x00,0x00,0x00,0x00,0x00,0x00,0x00,0x00,0x00,0x00,0x00,0x00,
  0x00,0x00,0x00,0x00,0x00,0x00,0x00,0x00,0x00,0x00,0x00,0x00,
  0x00,0x00,0x65,0x55,0x55,0x6B,0x00,0x00,0x00,0x00,0x00,0x00,
  0x00,0x00,0x00,0x00,0x00,0x00,0x00,0x00,0x00,0x00,0x00,0x00,
  0x00,0x00,0x00,0x00,0x00,0x00,0x00,0x00,0x00,0x00,0x00,0x00,
  0x00,0x00,0x00,0x00,0x00,0x00,0x00,0x00,0x00,0x00,0x00,0x00,
  0x00,0x00,0x00,0x00,0x00,0x00,0x00,0x00,0x00,0x00,0x00,0x00,
  0x00,0x00,0x00,0x00,0x00,0x00,0x00,0x00,0x00,0x00,0x4A,0xA5,
  0x5F,0xBE,0x00,0x00,0x00,0x00,0x00,0x00,0x00,0x00,0x00,0x00,
  0x00,0x00,0x00,0x00,0x00,0x00,0x00,0x00,0x00,0x00,0x00,0x00,
  0x00,0x00,0x00,0x00,0x00,0x00,0x00,0x00,0x00,0x00,0x00,0x00,
  0x00,0x00,0x00,0x00,0x00,0x00,0x00,0x00,0x00,0x00,0x00,0x00,
  0x00,0x00,0x00,0x00,0x00,0x00,0x00,0x00,0x00,0x00,0x00,0x00,
  0x00,0x00,0x00,0x00,0x00,0x00,0x89,0x2A,0xAA,0xEB,0x00,0x00,
  0x00,0x00,0x00,0x00,0x00,0x00,0x00,0x00,0x00,0x00,0x00,0x00,
  0x00,0x00,0x00,0x00,0x00,0x00,0x00,0x00,0x00,0x00,0x00,0x00,
  0x00,0x00,0x00,0x00,0x00,0x00,0x00,0x00,0x00,0x00,0x00,0x00,
  0x00,0x00,0x00,0x00,0x00,0x00,0x00,0x00,0x00,0x00,0x00,0x00,
  0x00,0x00,0x00,0x00,0x00,0x00,0x00,0x00,0x00,0x00,0x00,0x00,
  0x00,0x01,0x2A,0xAA,0x5F,0x7E,0x00,0x00,0x00,0x00,0x00,0x00,
  0x00,0x00,0x00,0x00,0x00,0x00,0x00,0x00,0x00,0x00,0x00,0x00,
  0x00,0x00,0x00,0x00,0x00,0x00,0x00,0x00,0x00,0x00,0x00,0x00,
  0x00,0x00,0x00,0x00,0x00,0x00,0x00,0x00,0x00,0x00,0x00,0x00,
  0x00,0x00,0x00,0x00,0x00,0x00,0x00,0x00,0x00,0x00,0x00,0x00,
  0x00,0x00,0x00,0x00,0x00,0x00,0x00,0x00,0x00,0x02,0xAA,0xA9,
  0x75,0xD4,0x00,0x00,0x00,0x00,0x00,0x00,0x00,0x00,0x00,0x00,
  0x00,0x00,0x00,0x00,0x00,0x00,0x00,0x00,0x00,0x00,0x00,0x00,
  0x00,0x00,0x00,0x00,0x00,0x00,0x00,0x00,0x00,0x00,0x00,0x00,
  0x00,0x00,0x00,0x00,0x00,0x00,0x00,0x00,0x00,0x00,0x00,0x00,
  0x00,0x00,0x00,0x00,0x00,0x00,0x00,0x00,0x00,0x00,0x00,0x00,
  0x00,0x00,0x00,0x00,0x00,0x04,0x55,0x55,0x5E,0xEC,0x00,0x00,
  0x00,0x00,0x00,0x00,0x00,0x00,0x00,0x00,0x00,0x00,0x00,0x00,
  0x00,0x00,0x00,0x00,0x00,0x00,0x00,0x00,0x00,0x00,0x00,0x00,
  0x00,0x00,0x00,0x00,0x00,0x00,0x00,0x00,0x00,0x00,0x00,0x00,
  0x00,0x00,0x00,0x00,0x00,0x00,0x00,0x00,0x00,0x00,0x00,0x00,
  0x00,0x00,0x00,0x00,0x00,0x00,0x00,0x00,0x00,0x00,0x00,0x00,
  0x00,0x0A,0xAA,0x4A,0xEB,0x7C,0x00,0x00,0x00,0x00,0x00,0x00,
  0x00,0x00,0x00,0x00,0x00,0x00,0x00,0x00,0x00,0x00,0x00,0x00,
  0x00,0x00,0x00,0x00,0x00,0x00,0x00,0x00,0x00,0x00,0x00,0x00,
  0x00,0x00,0x00,0x00,0x00,0x00,0x00,0x00,0x00,0x00,0x00,0x00,
  0x00,0x00,0x00,0x00,0x00,0x00,0x00,0x00,0x00,0x00,0x00,0x00,
  0x00,0x00,0x00,0x00,0x00,0x00,0x00,0x00,0x00,0x11,0x49,0x55,
  0x7F,0xAC,0x00,0x00,0x00,0x00,0x00,0x00,0x00,0x00,0x00,0x00,
  0x00,0x00,0x00,0x00,0x00,0x00,0x00,0x00,0x00,0x00,0x00,0x00,
  0x00,0x00,0x00,0x00,0x00,0x00,0x00,0x00,0x00,0x00,0x00,0x00,
  0x00,0x00,0x00,0x00,0x00,0x00,0x00,0x00,0x00,0x00,0x00,0x00,
  0x00,0x00,0x00,0x00,0x00,0x00,0x00,0x00,0x00,0x00,0x00,0x00,
  0x00,0x00,0x00,0x00,0x00,0x2A,0xAA,0xA9,0xAA,0xF4,0x00,0x00,
  0x00,0x00,0x00,0x00,0x00,0x00,0x00,0x00,0x00,0x00,0x00,0x00,
  0x00,0x00,0x00,0x00,0x00,0x00,0x00,0x00,0x00,0x00,0x00,0x00,
  0x00,0x00,0x00,0x00,0x00,0x00,0x00,0x00,0x00,0x00,0x00,0x00,
  0x00,0x00,0x00,0x00,0x00,0x00,0x00,0x00,0x00,0x00,0x00,0x00,
  0x00,0x00,0x00,0x00,0x00,0x00,0x00,0x00,0x00,0x00,0x00,0x00,
  0x00,0x42,0x55,0x55,0x7F,0x58,0x00,0x00,0x00,0x00,0x00,0x00,
  0x00,0x00,0x00,0x00,0x00,0x00,0x00,0x00,0x00,0x00,0x00,0x00,
  0x00,0x00,0x00,0x00,0x00,0x00,0x00,0x00,0x00,0x00,0x00,0x00,
  0x00,0x00,0x00,0x00,0x00,0x00,0x00,0x00,0x00,0x00,0x00,0x00,
  0x00,0x00,0x00,0x00,0x00,0x00,0x00,0x00,0x00,0x00,0x00,0x00,
  0x00,0x00,0x00,0x00,0x00,0x00,0x00,0x00,0x00,0x55,0x55,0x4B,
  0xD5,0xE8,0x00,0x00,0x00,0x00,0x00,0x00,0x00,0x00,0x00,0x00,
  0x00,0x00,0x00,0x00,0x00,0x00,0x00,0x00,0x00,0x00,0x00,0x00,
  0x00,0x00,0x00,0x00,0x00,0x00,0x00,0x00,0x00,0x00,0x00,0x00,
  0x00,0x00,0x00,0x00,0x00,0x00,0x00,0x00,0x00,0x00,0x00,0x00,
  0x00,0x00,0x00,0x00,0x00,0x00,0x00,0x00,0x00,0x00,0x00,0x00,
  0x00,0x00,0x00,0x00,0x01,0x8A,0xAA,0xA9,0x7E,0xB8,0x00,0x00,
  0x00,0x00,0x00,0x00,0x00,0x00,0x00,0x00,0x00,0x00,0x00,0x00,
  0x00,0x00,0x00,0x00,0x00,0x00,0x00,0x00,0x00,0x00,0x00,0x00,
  0x00,0x00,0x00,0x00,0x00,0x00,0x00,0x00,0x00,0x00,0x00,0x00,
  0x00,0x00,0x00,0x00,0x00,0x00,0x00,0x00,0x00,0x00,0x00,0x00,
  0x00,0x00,0x00,0x00,0x00,0x00,0x00,0x00,0x00,0x00,0x00,0x00,
  0x01,0x2A,0xA5,0x57,0xAB,0xD0,0x00,0x00,0x00,0x00,0x00,0x00,
  0x00,0x00,0x00,0x00,0x00,0x00,0x00,0x00,0x00,0x00,0x00,0x00,
  0x00,0x00,0x00,0x00,0x00,0x00,0x00,0x00,0x00,0x00,0x00,0x00,
  0x00,0x00,0x00,0x00,0x00,0x00,0x00,0x00,0x00,0x00,0x00,0x00,
  0x00,0x00,0x00,0x00,0x00,0x00,0x00,0x00,0x00,0x00,0x00,0x00,
  0x00,0x00,0x00,0x00,0x00,0x00,0x00,0x00,0x02,0x15,0x54,0xAA,
  0xFD,0x70,0x00,0x00,0x00,0x00,0x00,0x00,0x00,0x00,0x00,0x00,
  0x00,0x00,0x00,0x00,0x00,0x00,0x00,0x00,0x00,0x00,0x00,0x00,
  0x00,0x00,0x00,0x00,0x00,0x00,0x00,0x00,0x00,0x00,0x00,0x00,
  0x00,0x00,0x00,0x00,0x00,0x00,0x00,0x00,0x00,0x00,0x00,0x00,
  0x00,0x00,0x00,0x00,0x00,0x00,0x00,0x00,0x00,0x00,0x00,0x00,
  0x00,0x00,0x00,0x00,0x04,0xAA,0x55,0x4F,0x57,0xD0,0x00,0x00,
  0x00,0x00,0x00,0x00,0x00,0x00,0x00,0x00,0x00,0x00,0x00,0x00,
  0x00,0x00,0x00,0x00,0x00,0x00,0x00,0x00,0x00,0x00,0x00,0x00,
  0x00,0x00,0x00,0x00,0x00,0x00,0x00,0x00,0x00,0x00,0x00,0x00,
  0x00,0x00,0x00,0x00,0x00,0x00,0x00,0x00,0x00,0x00,0x00,0x00,
  0x00,0x00,0x00,0x00,0x00,0x00,0x00,0x00,0x00,0x00,0x00,0x00,
  0x0A,0x55,0x4A,0xAB,0xFA,0xA0,0x00,0x00,0x00,0x00,0x00,0x00,
  0x00,0x00,0x00,0x00,0x00,0x00,0x00,0x00,0x00,0x00,0x00,0x00,
  0x00,0x00,0x00,0x00,0x00,0x00,0x00,0x00,0x00,0x00,0x00,0x00,
  0x00,0x00,0x00,0x00,0x00,0x00,0x00,0x00,0x00,0x00,0x00,0x00,
  0x00,0x00,0x00,0x00,0x00,0x00,0x00,0x00,0x00,0x00,0x00,0x00,
  0x00,0x00,0x00,0x00,0x00,0x00,0x00,0x00,0x11,0x55,0x55,0x2D,
  0x5F,0xE0,0x00,0x00,0x00,0x00,0x00,0x00,0x00,0x00,0x00,0x00,
  0x00,0x00,0x00,0x00,0x00,0x00,0x00,0x00,0x00,0x00,0x00,0x00,
  0x00,0x00,0x00,0x00,0x00,0x00,0x00,0x00,0x00,0x00,0x00,0x00,
  0x00,0x00,0x00,0x00,0x00,0x00,0x00,0x00,0x00,0x00,0x00,0x00,
  0x00,0x00,0x00,0x00,0x00,0x00,0x00,0x00,0x00,0x00,0x00,0x00,
  0x00,0x00,0x00,0x00,0x29,0x52,0xAA,0xAF,0xEA,0xA0,0x00,0x00,
  0x00,0x00,0x00,0x00,0x00,0x00,0x00,0x00,0x00,0x00,0x00,0x00,
  0x00,0x00,0x00,0x00,0x00,0x00,0x00,0x00,0x00,0x00,0x00,0x00,
  0x00,0x00,0x00,0x00,0x00,0x00,0x00,0x00,0x00,0x00,0x00,0x00,
  0x00,0x00,0x00,0x00,0x00,0x00,0x00,0x00,0x00,0x00,0x00,0x00,
  0x00,0x00,0x00,0x00,0x00,0x00,0x00,0x00,0x00,0x00,0x00,0x00,
  0x45,0x55,0x52,0x5A,0xBF,0xC0,0x00,0x00,0x00,0x00,0x00,0x00,
  0x00,0x00,0x00,0x00,0x00,0x00,0x00,0x00,0x00,0x00,0x00,0x00,
  0x00,0x00,0x00,0x00,0x00,0x00,0x00,0x00,0x00,0x00,0x00,0x00,
  0x00,0x00,0x00,0x00,0x00,0x00,0x00,0x00,0x00,0x00,0x00,0x00,
  0x00,0x00,0x00,0x00,0x00,0x00,0x00,0x00,0x00,0x00,0x00,0x00,
  0x00,0x00,0x00,0x00,0x00,0x00,0x00,0x00,0x92,0xAA,0x95,0x5F,
  0x6A,0xC0,0x00,0x00,0x00,0x00,0x00,0x00,0x00,0x00,0x00,0x00,
  0x00,0x00,0x00,0x00,0x00,0x00,0x00,0x00,0x00,0x00,0x00,0x00,
  0x00,0x00,0x00,0x00,0x00,0x00,0x00,0x00,0x00,0x00,0x00,0x00,
  0x00,0x00,0x00,0x00,0x00,0x00,0x00,0x00,0x00,0x00,0x00,0x00,
  0x00,0x00,0x00,0x00,0x00,0x00,0x00,0x00,0x00,0x00,0x00,0x00,
  0x00,0x00,0x00,0x00,0xA5,0x55,0x55,0x6A,0xFD,0xC0,0x00,0x00,
  0x00,0x00,0x00,0x00,0x00,0x00,0x00,0x00,0x00,0x00,0x00,0x00,
  0x00,0x00,0x00,0x00,0x00,0x00,0x00,0x00,0x00,0x00,0x00,0x00,
  0x00,0x00,0x00,0x00,0x00,0x00,0x00,0x00,0x00,0x00,0x00,0x00,
  0x00,0x00,0x00,0x00,0x00,0x00,0x00,0x00,0x00,0x00,0x00,0x00,
  0x00,0x00,0x00,0x00,0x00,0x00,0x00,0x00,0x00,0x00,0x00,0x03,
  0x0A,0x94,0xAA,0xBF,0xAB,0x40,0x00,0x00,0x00,0x00,0x00,0x00,
  0x00,0x00,0x00,0x00,0x00,0x00,0x00,0x00,0x00,0x00,0x00,0x00,
  0x00,0x00,0x00,0x00,0x00,0x00,0x00,0x00,0x00,0x00,0x00,0x00,
  0x00,0x00,0x00,0x00,0x00,0x00,0x00,0x00,0x00,0x00,0x00,0x00,
  0x00,0x00,0x00,0x00,0x00,0x00,0x00,0x00,0x00,0x00,0x00,0x00,
  0x00,0x00,0x00,0x00,0x00,0x00,0x00,0x02,0x55,0x55,0x54,0xAA,
  0xFE,0x80,0x00,0x00,0x00,0x00,0x00,0x00,0x00,0x00,0x00,0x00,
  0x00,0x00,0x00,0x00,0x00,0x00,0x00,0x00,0x00,0x00,0x00,0x00,
  0x00,0x00,0x00,0x00,0x00,0x00,0x00,0x00,0x00,0x00,0x00,0x00,
  0x00,0x00,0x00,0x00,0x00,0x00,0x00,0x00,0x00,0x00,0x00,0x00,
  0x00,0x00,0x00,0x00,0x00,0x00,0x00,0x00,0x00,0x00,0x00,0x00,
  0x00,0x00,0x00,0x04,0x15,0x55,0x4A,0xFF,0x57,0x80,0x00,0x00,
  0x00,0x00,0x00,0x00,0x00,0x00,0x00,0x00,0x00,0x00,0x00,0x00,
  0x00,0x00,0x00,0x00,0x00,0x00,0x00,0x00,0x00,0x00,0x00,0x00,
  0x00,0x00,0x00,0x00,0x00,0x00,0x00,0x00,0x00,0x00,0x00,0x00,
  0x00,0x00,0x00,0x00,0x00,0x00,0x00,0x00,0x00,0x00,0x00,0x00,
  0x00,0x00,0x00,0x00,0x00,0x00,0x00,0x00,0x00,0x00,0x00,0x09,
  0x55,0x52,0xAA,0xAB,0xFA,0x80,0x00,0x00,0x00,0x00,0x00,0x00,
  0x00,0x00,0x00,0x00,0x00,0x00,0x00,0x00,0x00,0x00,0x00,0x00,
  0x00,0x00,0x00,0x00,0x00,0x00,0x00,0x00,0x00,0x00,0x00,0x00,
  0x00,0x00,0x00,0x00,0x00,0x00,0x00,0x00,0x00,0x00,0x00,0x00,
  0x00,0x00,0x00,0x00,0x00,0x00,0x00,0x00,0x00,0x00,0x00,0x00,
  0x00,0x00,0x00,0x00,0x00,0x00,0x00,0x14,0x55,0x2A,0xA9,0xFD,
  0x57,0x00,0x00,0x00,0x00,0x00,0x00,0x00,0x00,0x00,0x00,0x00,
  0x00,0x00,0x00,0x00,0x00,0x00,0x00,0x00,0x00,0x00,0x00,0x00,
  0x00,0x00,0x00,0x00,0x00,0x00,0x00,0x00,0x00,0x00,0x00,0x00,
  0x00,0x00,0x00,0x00,0x00,0x00,0x00,0x00,0x00,0x00,0x00,0x00,
  0x00,0x00,0x00,0x00,0x00,0x00,0x00,0x00,0x00,0x00,0x00,0x00,
  0x00,0x00,0x00,0x21,0x54,0xAA,0x55,0x57,0xFD,0x00,0x00,0x00,
  0x00,0x00,0x00,0x00,0x00,0x00,0x00,0x00,0x00,0x00,0x00,0x00,
  0x00,0x00,0x00,0x00,0x00,0x00,0x00,0x00,0x00,0x00,0x00,0x00,
  0x00,0x00,0x00,0x00,0x00,0x00,0x00,0x00,0x00,0x00,0x00,0x00,
  0x00,0x00,0x00,0x00,0x00,0x00,0x00,0x00,0x00,0x00,0x00,0x00,
  0x00,0x00,0x00,0x00,0x00,0x00,0x00,0x00,0x00,0x00,0x00,0x4A,
  0xAA,0xAA,0xA5,0xFA,0xAF,0x00,0x00,0x00,0x00,0x00,0x00,0x00,
  0x00,0x00,0x00,0x00,0x00,0x00,0x00,0x00,0x00,0x00,0x00,0x00,
  0x00,0x00,0x00,0x00,0x00,0x00,0x00,0x00,0x00,0x00,0x00,0x00,
  0x00,0x00,0x00,0x00,0x00,0x00,0x00,0x00,0x00,0x00,0x00,0x00,
  0x00,0x00,0x00,0x00,0x00,0x00,0x00,0x00,0x00,0x00,0x00,0x00,
  0x00,0x00,0x00,0x00,0x00,0x00,0x00,0x91,0x55,0x55,0x55,0xAF,
  0xDA,0x00,0x00,0x00,0x00,0x00,0x00,0x00,0x00,0x00,0x00,0x00,
  0x00,0x00,0x00,0x00,0x00,0x00,0x00,0x00,0x00,0x00,0x00,0x00,
  0x00,0x00,0x00,0x00,0x00,0x00,0x00,0x00,0x00,0x00,0x00,0x00,
  0x00,0x00,0x00,0x00,0x00,0x00,0x00,0x00,0x00,0x00,0x00,0x00,
  0x00,0x00,0x00,0x00,0x00,0x00,0x00,0x00,0x00,0x00,0x00,0x00,
  0x00,0x00,0x01,0x25,0x52,0xAA,0xAB,0x75,0x76,0x00,0x00,0x00,
  0x00,0x00,0x00,0x00,0x00,0x00,0x00,0x00,0x00,0x00,0x00,0x00,
  0x00,0x00,0x00,0x00,0x00,0x00,0x00,0x00,0x00,0x00,0x00,0x00,
  0x00,0x00,0x00,0x00,0x00,0x00,0x00,0x00,0x00,0x00,0x00,0x00,
  0x00,0x00,0x00,0x00,0x00,0x00,0x00,0x00,0x00,0x00,0x00,0x00,
  0x00,0x00,0x00,0x00,0x00,0x00,0x00,0x00,0x00,0x00,0x01,0x0A,
  0xAA,0xA4,0x96,0xDF,0xBE,0x00,0x00,0x00,0x00,0x00,0x00,0x00,
  0x00,0x00,0x00,0x00,0x00,0x00,0x00,0x00,0x00,0x00,0x00,0x00,
  0x00,0x00,0x00,0x00,0x00,0x00,0x00,0x00,0x00,0x00,0x00,0x00,
  0x00,0x00,0x00,0x00,0x00,0x00,0x00,0x00,0x00,0x00,0x00,0x00,
  0x00,0x00,0x00,0x00,0x00,0x00,0x00,0x00,0x00,0x00,0x00,0x00,
  0x00,0x00,0x00,0x00,0x00,0x00,0x02,0xA5,0x55,0x55,0x57,0xB5,
  0x6A,0x00,0x00,0x00,0x00,0x00,0x00,0x00,0x00,0x00,0x00,0x00,
  0x00,0x00,0x00,0x00,0x00,0x00,0x00,0x00,0x00,0x00,0x00,0x00,
  0x00,0x00,0x00,0x00,0x00,0x00,0x00,0x00,0x00,0x00,0x00,0x00,
  0x00,0x00,0x00,0x00,0x00,0x00,0x00,0x00,0x00,0x00,0x00,0x00,
  0x00,0x00,0x00,0x00,0x00,0x00,0x00,0x00,0x00,0x00,0x00,0x00,
  0x00,0x00,0x04,0x15,0x4A,0xAA,0xAA,0xFF,0xDC,0x00,0x00,0x00,
  0x00,0x00,0x00,0x00,0x00,0x00,0x00,0x00,0x00,0x00,0x00,0x00,
  0x00,0x00,0x00,0x00,0x00,0x00,0x00,0x00,0x00,0x00,0x00,0x00,
  0x00,0x00,0x00,0x00,0x00,0x00,0x00,0x00,0x00,0x00,0x00,0x00,
  0x00,0x00,0x00,0x00,0x00,0x00,0x00,0x00,0x00,0x00,0x00,0x00,
  0x00,0x00,0x00,0x00,0x00,0x00,0x00,0x00,0x00,0x00,0x09,0x55,
  0x2A,0x55,0x5F,0x55,0x74,0x00,0x00,0x00,0x00,0x00,0x00,0x00,
  0x00,0x00,0x00,0x00,0x00,0x00,0x00,0x00,0x00,0x00,0x00,0x00,
  0x00,0x00,0x00,0x00,0x00,0x00,0x00,0x00,0x00,0x00,0x00,0x00,
  0x00,0x00,0x00,0x00,0x00,0x00,0x00,0x00,0x00,0x00,0x00,0x00,
  0x00,0x00,0x00,0x00,0x00,0x00,0x00,0x00,0x00,0x00,0x00,0x00,
  0x00,0x00,0x00,0x00,0x00,0x00,0x12,0x2A,0xAA,0xA4,0xAB,0xFB,
  0xBC,0x00,0x00,0x00,0x00,0x00,0x00,0x00,0x00,0x00,0x00,0x00,
  0x00,0x00,0x00,0x00,0x00,0x00,0x00,0x00,0x00,0x00,0x00,0x00,
  0x00,0x00,0x00,0x00,0x00,0x00,0x00,0x00,0x00,0x00,0x00,0x00,
  0x00,0x00,0x00,0x00,0x00,0x00,0x00,0x00,0x00,0x00,0x00,0x00,
  0x00,0x00,0x00,0x00,0x00,0x00,0x00,0x00,0x00,0x00,0x00,0x00,
  0x00,0x00,0x24,0xAA,0xAA,0xAA,0x9D,0x56,0xD8,0x00,0x00,0x00,
  0x00,0x00,0x00,0x00,0x00,0x00,0x00,0x00,0x00,0x00,0x00,0x00,
  0x00,0x00,0x00,0x00,0x00,0x00,0x00,0x00,0x00,0x00,0x00,0x00,
  0x00,0x00,0x00,0x00,0x00,0x00,0x00,0x00,0x00,0x00,0x00,0x00,
  0x00,0x00,0x00,0x00,0x00,0x00,0x00,0x00,0x00,0x00,0x00,0x00,
  0x00,0x00,0x00,0x00,0x00,0x00,0x00,0x00,0x00,0x00,0x61,0x55,
  0x55,0x55,0x6F,0xBF,0x68,0x00,0x00,0x00,0x00,0x00,0x00,0x00,
  0x00,0x00,0x00,0x00,0x00,0x00,0x00,0x00,0x00,0x00,0x00,0x00,
  0x00,0x00,0x00,0x00,0x00,0x00,0x00,0x00,0x00,0x00,0x00,0x00,
  0x00,0x00,0x00,0x00,0x00,0x00,0x00,0x00,0x00,0x00,0x00,0x00,
  0x00,0x00,0x00,0x00,0x00,0x00,0x00,0x00,0x00,0x00,0x00,0x00,
  0x00,0x00,0x00,0x00,0x00,0x00,0x8A,0xAA,0xAA,0x95,0x35,0x6B,
  0xF8,0x00,0x00,0x00,0x00,0x00,0x00,0x00,0x00,0x00,0x00,0x00,
  0x00,0x00,0x00,0x00,0x00,0x00,0x00,0x00,0x00,0x00,0x00,0x00,
  0x00,0x00,0x00,0x00,0x00,0x00,0x00,0x00,0x00,0x00,0x00,0x00,
  0x00,0x00,0x00,0x00,0x00,0x00,0x00,0x00,0x00,0x00,0x00,0x00,
  0x00,0x00,0x00,0x00,0x00,0x00,0x00,0x00,0x00,0x00,0x00,0x00,
  0x00,0x01,0x22,0x54,0xA4,0xA9,0x7E,0xFD,0x50,0x00,0x00,0x00,
  0x00,0x00,0x00,0x00,0x00,0x00,0x00,0x00,0x00,0x00,0x00,0x00,
  0x00,0x00,0x00,0x00,0x00,0x00,0x00,0x00,0x00,0x00,0x00,0x00,
  0x00,0x00,0x00,0x00,0x00,0x00,0x00,0x00,0x00,0x00,0x00,0x00,
  0x00,0x00,0x00,0x00,0x00,0x00,0x00,0x00,0x00,0x00,0x00,0x00,
  0x00,0x00,0x00,0x00,0x00,0x00,0x00,0x00,0x00,0x01,0x15,0x52,
  0x95,0x55,0x55,0xAB,0xF0,0x00,0x00,0x00,0x00,0x00,0x00,0x00,
  0x00,0x00,0x00,0x00,0x00,0x00,0x00,0x00,0x00,0x00,0x00,0x00,
  0x00,0x00,0x00,0x00,0x00,0x00,0x00,0x00,0x00,0x00,0x00,0x00,
  0x00,0x00,0x00,0x00,0x00,0x00,0x00,0x00,0x00,0x00,0x00,0x00,
  0x00,0x00,0x00,0x00,0x00,0x00,0x00,0x00,0x00,0x00,0x00,0x00,
  0x00,0x00,0x00,0x00,0x00,0x06,0x45,0x4D,0x55,0x55,0x7F,0xFE,
  0xB0,0x00,0x00,0x00,0x00,0x00,0x00,0x00,0x00,0x00,0x00,0x00,
  0x00,0x00,0x00,0x00,0x00,0x00,0x00,0x00,0x00,0x00,0x00,0x00,
  0x00,0x00,0x00,0x00,0x00,0x00,0x00,0x00,0x00,0x00,0x00,0x00,
  0x00,0x00,0x00,0x00,0x00,0x00,0x00,0x00,0x00,0x00,0x00,0x00,
  0x00,0x00,0x00,0x00,0x00,0x00,0x00,0x00,0x00,0x00,0x00,0x00,
  0x00,0x04,0x15,0x52,0xAA,0xA4,0xD5,0x57,0xD0,0x00,0x00,0x00,
  0x00,0x00,0x00,0x00,0x00,0x00,0x00,0x00,0x00,0x00,0x00,0x00,
  0x00,0x00,0x00,0x00,0x00,0x00,0x00,0x00,0x00,0x00,0x00,0x00,
  0x00,0x00,0x00,0x00,0x00,0x00,0x00,0x00,0x00,0x00,0x00,0x00,
  0x00,0x00,0x00,0x00,0x00,0x00,0x00,0x00,0x00,0x00,0x00,0x00,
  0x00,0x00,0x00,0x00,0x00,0x00,0x00,0x00,0x00,0x09,0x55,0x55,
  0x55,0x55,0xFE,0xFA,0xA0,0x00,0x00,0x00,0x00,0x00,0x00,0x00,
  0x00,0x00,0x00,0x00,0x00,0x00,0x00,0x00,0x00,0x00,0x00,0x00,
  0x00,0x00,0x00,0x00,0x00,0x00,0x00,0x00,0x00,0x00,0x00,0x00,
  0x00,0x00,0x00,0x00,0x00,0x00,0x00,0x00,0x00,0x00,0x00,0x00,
  0x00,0x00,0x00,0x00,0x00,0x00,0x00,0x00,0x00,0x00,0x00,0x00,
  0x00,0x00,0x00,0x00,0x00,0x10,0x2A,0xAA,0xAA,0x55,0x55,0xAF,
  0xE0,0x00,0x00,0x00,0x00,0x00,0x00,0x00,0x00,0x00,0x00,0x00,
  0x00,0x00,0x00,0x00,0x00,0x00,0x00,0x00,0x00,0x00,0x00,0x00,
  0x00,0x00,0x00,0x00,0x00,0x00,0x00,0x00,0x00,0x00,0x00,0x00,
  0x00,0x00,0x00,0x00,0x00,0x00,0x00,0x00,0x00,0x00,0x00,0x00,
  0x00,0x00,0x00,0x00,0x00,0x00,0x00,0x00,0x00,0x00,0x00,0x00,
  0x00,0x25,0x55,0x55,0x52,0xAB,0xEF,0xF5,0x60,0x00,0x00,0x00,
  0x00,0x00,0x00,0x00,0x00,0x00,0x00,0x00,0x00,0x00,0x00,0x00,
  0x00,0x00,0x00,0x00,0x00,0x00,0x00,0x00,0x00,0x00,0x00,0x00,
  0x00,0x00,0x00,0x00,0x00,0x00,0x00,0x00,0x00,0x00,0x00,0x00,
  0x00,0x00,0x00,0x00,0x00,0x00,0x00,0x00,0x00,0x00,0x00,0x00,
  0x00,0x00,0x00,0x00,0x00,0x00,0x00,0x00,0x00,0x48,0xA9,0x2A,
  0x4A,0x92,0xBA,0xAF,0xC0,0x00,0x00,0x00,0x00,0x00,0x00,0x00,
  0x00,0x00,0x00,0x00,0x00,0x00,0x00,0x00,0x00,0x00,0x00,0x00,
  0x00,0x00,0x00,0x00,0x00,0x00,0x00,0x00,0x00,0x00,0x00,0x00,
  0x00,0x00,0x00,0x00,0x00,0x00,0x00,0x00,0x00,0x00,0x00,0x00,
  0x00,0x00,0x00,0x00,0x00,0x00,0x00,0x00,0x00,0x00,0x00,0x05,
  0xB8,0x00,0x00,0x00,0x00,0xC5,0x55,0x52,0xAA,0xAB,0xDF,0xFA,
  0xC0,0x00,0x00,0x00,0x00,0x00,0x00,0x00,0x00,0x00,0x00,0x00,
  0x00,0x00,0x00,0x00,0x00,0x00,0x00,0x00,0x00,0x00,0x00,0x00,
  0x00,0x00,0x00,0x00,0x00,0x00,0x00,0x00,0x00,0x00,0x00,0x00,
  0x00,0x00,0x00,0x00,0x00,0x00,0x00,0x00,0x00,0x00,0x00,0x00,
  0x00,0x00,0x00,0x00,0x00,0x00,0x00,0xFF,0xF0,0x00,0x00,0x00,
  0x01,0x11,0x4A,0xAA,0xAA,0xAE,0xEA,0xAF,0x40,0x00,0x00,0x00,
  0x00,0x00,0x00,0x00,0x00,0x00,0x00,0x00,0x00,0x00,0x00,0x00,
  0x00,0x00,0x00,0x00,0x00,0x00,0x00,0x00,0x00,0x00,0x00,0x00,
  0x00,0x00,0x00,0x00,0x00,0x00,0x00,0x00,0x00,0x00,0x00,0x00,
  0x00,0x00,0x00,0x00,0x00,0x00,0x00,0x00,0x00,0x00,0x00,0x00,
  0x00,0x00,0x07,0x7D,0xC0,0x00,0x00,0x00,0x01,0x05,0x35,0x55,
  0x54,0xA5,0xBD,0xDA,0x80,0x00,0x00,0x00,0x00,0x00,0x00,0x00,
  0x00,0x00,0x00,0x00,0x00,0x00,0x00,0x00,0x00,0x00,0x00,0x00,
  0x00,0x00,0x00,0x00,0x00,0x00,0x00,0x00,0x00,0x00,0x00,0x00,
  0x00,0x00,0x00,0x00,0x00,0x00,0x00,0x00,0x00,0x00,0x00,0x00,
  0x00,0x00,0x00,0x00,0x00,0x00,0x00,0x00,0x00,0x00,0x3D,0xDF,
  0x80,0x00,0x00,0x00,0x02,0x52,0xCA,0xAA,0x92,0x9E,0xD7,0x77,
  0x80,0x00,0x00,0x00,0x00,0x00,0x00,0x00,0x00,0x00,0x00,0x00,
  0x00,0x00,0x00,0x00,0x00,0x00,0x00,0x00,0x00,0x00,0x00,0x00,
  0x00,0x00,0x00,0x00,0x00,0x00,0x00,0x00,0x00,0x00,0x00,0x00,
  0x00,0x00,0x00,0x00,0x00,0x00,0x00,0x00,0x00,0x00,0x00,0x00,
  0x00,0x00,0x00,0x00,0x00,0x00,0x8F,0xF6,0x00,0x00,0x00,0x00,
  0x04,0x0A,0x55,0x24,0xAA,0xAB,0xBD,0xBD,0x80,0x00,0x00,0x00,
  0x00,0x00,0x00,0x00,0x00,0x00,0x00,0x00,0x00,0x00,0x00,0x00,
  0x00,0x00,0x00,0x00,0x00,0x00,0x00,0x00,0x00,0x00,0x00,0x00,
  0x00,0x00,0x00,0x00,0x00,0x00,0x00,0x00,0x00,0x00,0x00,0x00,
  0x00,0x00,0x00,0x00,0x00,0x00,0x00,0x00,0x00,0x00,0x00,0x00,
  0x00,0x02,0xBD,0xBC,0x00,0x00,0x00,0x00,0x09,0x55,0x54,0xAA,
  0xAA,0xAE,0xEB,0xD7,0x00,0x00,0x00,0x00,0x00,0x00,0x00,0x00,
  0x00,0x00,0x00,0x00,0x00,0x00,0x00,0x00,0x00,0x00,0x00,0x00,
  0x00,0x00,0x00,0x00,0x00,0x00,0x00,0x00,0x00,0x00,0x00,0x00,
  0x00,0x00,0x00,0x00,0x00,0x00,0x00,0x00,0x00,0x00,0x00,0x00,
  0x00,0x00,0x00,0x00,0x00,0x00,0x00,0x00,0x00,0x0A,0xF7,0xF8,
  0x00,0x00,0x00,0x00,0x18,0x15,0x55,0x55,0x55,0x5B,0x7E,0xBB,
  0x00,0x00,0x00,0x00,0x00,0x00,0x00,0x00,0x00,0x00,0x00,0x00,
  0x00,0x00,0x00,0x00,0x00,0x00,0x00,0x00,0x00,0x00,0x00,0x00,
  0x00,0x00,0x00,0x00,0x00,0x00,0x00,0x00,0x00,0x00,0x00,0x00,
  0x00,0x00,0x00,0x00,0x00,0x00,0x00,0x00,0x00,0x00,0x00,0x00,
  0x00,0x00,0x00,0x00,0x00,0x2B,0xFE,0xE0,0x00,0x00,0x00,0x00,
  0x22,0xAA,0xAA,0xAA,0xA9,0x37,0xAB,0xEF,0x00,0x00,0x00,0x00,
  0x00,0x00,0x00,0x00,0x00,0x00,0x00,0x00,0x00,0x00,0x00,0x00,
  0x00,0x00,0x00,0x00,0x00,0x00,0x00,0x00,0x00,0x00,0x00,0x00,
  0x00,0x00,0x00,0x00,0x00,0x00,0x00,0x00,0x00,0x00,0x00,0x00,
  0x00,0x00,0x00,0x00,0x00,0x00,0x00,0x00,0x00,0x00,0x00,0x00,
  0x00,0xD7,0xB7,0xC0,0x00,0x00,0x00,0x00,0x48,0x55,0x55,0x55,
  0x25,0x5D,0x7D,0x5A,0x00,0x00,0x00,0x00,0x00,0x00,0x00,0x00,
  0x00,0x00,0x00,0x00,0x00,0x00,0x00,0x00,0x00,0x00,0x00,0x00,
  0x00,0x00,0x00,0x00,0x00,0x00,0x00,0x00,0x00,0x00,0x00,0x00,
  0x00,0x00,0x00,0x00,0x00,0x00,0x00,0x00,0x00,0x00,0x00,0x00,
  0x00,0x00,0x00,0x00,0x00,0x00,0x00,0x00,0x02,0x3E,0xFF,0x00,
  0x00,0x00,0x00,0x00,0x85,0x55,0x52,0xAA,0xAA,0xB7,0xD7,0xFE,
  0x00,0x00,0x00,0x00,0x00,0x00,0x00,0x00,0x00,0x00,0x00,0x00,
  0x00,0x00,0x00,0x00,0x00,0x00,0x00,0x00,0x00,0x00,0x00,0x00,
  0x00,0x00,0x00,0x00,0x00,0x00,0x00,0x00,0x00,0x00,0x00,0x00,
  0x00,0x00,0x00,0x00,0x00,0x00,0x00,0x00,0x00,0x00,0x00,0x00,
  0x00,0x00,0x00,0x00,0x0A,0xF7,0xDB,0x00,0x00,0x00,0x00,0x03,
  0x00,0xAA,0xAA,0x92,0xAA,0xED,0x7A,0xAA,0x00,0x00,0x00,0x00,
  0x00,0x00,0x00,0x00,0x00,0x00,0x00,0x00,0x00,0x00,0x00,0x00,
  0x00,0x00,0x00,0x00,0x00,0x00,0x00,0x00,0x00,0x00,0x00,0x00,
  0x00,0x00,0x00,0x00,0x00,0x00,0x00,0x00,0x00,0x00,0x00,0x00,
  0x00,0x00,0x00,0x00,0x00,0x00,0x00,0x00,0x00,0x00,0x00,0x00,
  0x33,0xDE,0xFC,0x00,0x00,0x00,0x00,0x04,0x15,0x55,0x55,0x55,
  0x55,0x5E,0xD7,0xF6,0x00,0x00,0x00,0x00,0x00,0x00,0x00,0x00,
  0x00,0x00,0x00,0x00,0x00,0x00,0x00,0x00,0x00,0x00,0x00,0x00,
  0x00,0x00,0x00,0x00,0x00,0x00,0x00,0x00,0x00,0x00,0x00,0x00,
  0x00,0x00,0x00,0x00,0x00,0x00,0x00,0x00,0x00,0x00,0x00,0x00,
  0x00,0x00,0x00,0x00,0x00,0x00,0x00,0x00,0x8F,0x7B,0xD8,0x00,
  0x00,0x00,0x00,0x08,0x45,0x52,0x95,0x55,0x2A,0xF5,0xED,0x5C,
  0x00,0x00,0x00,0x00,0x00,0x00,0x00,0x00,0x00,0x00,0x00,0x00,
  0x00,0x00,0x00,0x00,0x00,0x00,0x00,0x00,0x00,0x00,0x00,0x00,
  0x00,0x00,0x00,0x00,0x00,0x00,0x00,0x00,0x00,0x00,0x00,0x00,
  0x00,0x00,0x00,0x00,0x00,0x00,0x00,0x00,0x00,0x00,0x00,0x00,
  0x00,0x00,0x00,0x02,0xBD,0xFF,0x70,0x00,0x00,0x00,0x00,0x31,
  0x12,0xAA,0x54,0xAA,0xA5,0x5F,0x5F,0xB4,0x00,0x00,0x00,0x00,
  0x00,0x00,0x00,0x00,0x00,0x00,0x00,0x00,0x00,0x00,0x00,0x00,
  0x00,0x00,0x00,0x00,0x00,0x00,0x00,0x00,0x00,0x00,0x00,0x00,
  0x00,0x00,0x00,0x00,0x00,0x00,0x00,0x00,0x00,0x00,0x00,0x00,
  0x00,0x00,0x00,0x00,0x00,0x00,0x00,0x00,0x00,0x00,0x00,0x04,
  0xFF,0xDB,0xE0,0x00,0x00,0x00,0x00,0xC4,0xA5,0x55,0xAA,0xA9,
  0x55,0xEA,0xF5,0x7C,0x00,0x00,0x00,0x00,0x00,0x00,0x00,0x00,
  0x00,0x00,0x00,0x00,0x00,0x00,0x00,0x00,0x00,0x00,0x00,0x00,
  0x00,0x00,0x00,0x00,0x00,0x00,0x00,0x00,0x00,0x00,0x00,0x00,
  0x00,0x00,0x00,0x00,0x00,0x00,0x00,0x00,0x00,0x00,0x00,0x00,
  0x00,0x00,0x00,0x00,0x00,0x00,0x00,0x1B,0xB6,0xFF,0x80,0x00,
  0x00,0x00,0x03,0x02,0x0A,0xAA,0x55,0x55,0x55,0x7F,0xAF,0xD4,
  0x00,0x00,0x00,0x00,0x00,0x00,0x00,0x00,0x00,0x00,0x00,0x00,
  0x00,0x00,0x00,0x00,0x00,0x00,0x00,0x00,0x00,0x00,0x00,0x00,
  0x00,0x00,0x00,0x00,0x00,0x00,0x00,0x00,0x00,0x00,0x00,0x00,
  0x00,0x00,0x00,0x00,0x00,0x00,0x00,0x00,0x00,0x00,0x00,0x00,
  0x00,0x00,0x00,0x66,0xFF,0xAD,0x00,0x00,0x00,0x00,0x18,0x11,
  0x55,0x55,0x55,0x4A,0xAB,0xAA,0xFA,0xB8,0x00,0x00,0x00,0x00,
  0x00,0x00,0x00,0x00,0x00,0x00,0x00,0x00,0x00,0x00,0x00,0x00,
  0x00,0x00,0x00,0x00,0x00,0x00,0x00,0x00,0x00,0x00,0x00,0x00,
  0x00,0x00,0x00,0x00,0x00,0x00,0x00,0x00,0x00,0x00,0x00,0x00,
  0x00,0x00,0x00,0x00,0x00,0x00,0x00,0x00,0x00,0x00,0x01,0x9F,
  0xDB,0xFE,0x00,0x00,0x00,0x00,0xA1,0x4A,0x2A,0xAA,0xAA,0xAA,
  0x95,0xF7,0x57,0xE8,0x00,0x00,0x00,0x00,0x00,0x00,0x00,0x00,
  0x00,0x00,0x00,0x00,0x00,0x00,0x00,0x00,0x00,0x00,0x00,0x00,
  0x00,0x00,0x00,0x00,0x00,0x04,0x00,0x00,0x00,0x00,0x00,0x00,
  0x00,0x00,0x00,0x00,0x00,0x00,0x00,0x00,0x00,0x00,0x00,0x00,
  0x00,0x00,0x00,0x00,0x00,0x00,0x06,0x7B,0x7E,0xD8,0x00,0x00,
  0x00,0x05,0x04,0x20,0xAA,0xAA,0xA9,0x55,0x56,0xAD,0xFD,0x58,
  0x00,0x00,0x00,0x00,0x00,0x00,0x00,0x00,0x00,0x00,0x00,0x00,
  0x00,0x00,0x00,0x00,0x00,0x00,0x00,0x00,0x00,0x00,0x00,0x00,
  0x00,0x08,0x00,0x00,0x00,0x00,0x00,0x00,0x00,0x00,0x00,0x00,
  0x00,0x00,0x00,0x00,0x00,0x00,0x00,0x00,0x00,0x00,0x18,0x00,
  0x00,0x00,0x19,0xDF,0xEF,0xF0,0x00,0x00,0x00,0x34,0x52,0x8A,
  0xAA,0xAA,0xAA,0xAA,0xAB,0xFB,0x57,0xF0,0x00,0x00,0x00,0x00,
  0x00,0x00,0x00,0x00,0x00,0x00,0x00,0x00,0x00,0x00,0x00,0x00,
  0x00,0x00,0x00,0x00,0x00,0x00,0x00,0x00,0x00,0x14,0x00,0x00,
  0x00,0x00,0x00,0x00,0x00,0x00,0x00,0x00,0x00,0x00,0x00,0x00,
  0x00,0x00,0x00,0x00,0x00,0x00,0x28,0x00,0x00,0x00,0x66,0xFB,
  0xBB,0x60,0x00,0x00,0x01,0xC1,0x08,0x41,0x55,0x55,0x55,0x54,
  0xAE,0xAE,0xFA,0xB0,0x00,0x00,0x00,0x00,0x00,0x00,0x00,0x00,
  0x00,0x00,0x00,0x00,0x00,0x02,0x55,0x55,0x55,0x55,0x7A,0xAA,
  0x95,0x55,0x55,0x2A,0xAA,0xBA,0xA5,0x24,0x92,0x49,0x24,0x92,
  0x49,0x24,0x92,0x22,0x22,0x10,0x01,0x00,0x00,0x00,0x00,0x00,
  0x00,0x00,0x70,0x00,0x00,0x01,0x8F,0xBE,0xFE,0xC0,0x00,0x00,
  0x1E,0x0A,0x52,0x2A,0xAA,0xAA,0xAA,0xAA,0xAB,0xDB,0xAF,0xD0,
  0x00,0x00,0x00,0x00,0x00,0x00,0x00,0x00,0x00,0x00,0x00,0x01,
  0x5F,0xFB,0x55,0x55,0x55,0x54,0x8A,0x95,0x54,0xAA,0xAA,0xAA,
  0xA5,0x4A,0xAA,0xB5,0x6A,0xB5,0x5A,0xAD,0x6A,0xD6,0xAA,0xDD,
  0xDD,0xEF,0xFE,0xFF,0xFF,0xFF,0xFF,0xFF,0xFF,0xFF,0xAF,0xFF,
  0xFF,0xFE,0x3D,0xEF,0xEF,0xBF,0xFF,0x7F,0xF0,0x20,0x05,0x45,
  0x55,0x4A,0x95,0x52,0x9D,0x76,0xF5,0x60,0x00,0x00,0x00,0x00,
  0x00,0x00,0x00,0x00,0x00,0x00,0x01,0x7D,0x20,0x00,0x00,0x00,
  0x00,0x00,0x00,0x00,0x00,0x00,0x00,0x00,0x00,0x00,0x00,0x00,
  0x00,0x00,0x00,0x00,0x00,0x00,0x00,0x00,0x00,0x00,0x00,0x00,
  0x00,0x00,0x00,0x00,0x00,0x00,0x00,0x00,0x00,0x08,0xFF,0xFD,
  0xFC,0x00,0x00,0x00,0x17,0xDF,0xB0,0x14,0xAA,0xAA,0x6A,0xAA,
  0xB7,0xBD,0xAF,0xA0,0x00,0x00,0x00,0x00,0x00,0x00,0x00,0x00,
  0x00,0x00,0x5D,0x00,0x00,0x00,0x00,0x00,0x00,0x00,0x00,0x00,
  0x00,0x00,0x00,0x00,0x00,0x00,0x00,0x00,0x00,0x00,0x00,0x00,
  0x00,0x00,0x00,0x00,0x00,0x00,0x00,0x00,0x00,0x00,0x00,0x00,
  0x00,0x00,0x00,0x00,0x00,0x23,0xF7,0x7F,0xBA,0x00,0x00,0x00,
  0x00,0x00,0xAF,0xEA,0x00,0x2A,0xAA,0x95,0x5D,0xD7,0xFA,0xE0,
  0x00,0x00,0x00,0x00,0x00,0x00,0x00,0x00,0x00,0x05,0x80,0x00,
  0x00,0x00,0x00,0x00,0x00,0x00,0x00,0x00,0x00,0x00,0x00,0x00,
  0x00,0x00,0x00,0x00,0x00,0x00,0x00,0x00,0x00,0x00,0x00,0x00,
  0x00,0x00,0x00,0x00,0x00,0x00,0x00,0x00,0x00,0x00,0x00,0x00,
  0x01,0x97,0xFF,0xEF,0xF0,0x00,0x00,0x00,0x00,0x00,0x00,0x15,
  0xED,0x81,0x2A,0xAA,0xB6,0xFA,0xAD,0x80,0x00,0x00,0x00,0x00,
  0x00,0x00,0x00,0x00,0x00,0x74,0x00,0x00,0x00,0x00,0x00,0x00,
  0x00,0x00,0x00,0x00,0x00,0x00,0x00,0x00,0x00,0x00,0x00,0x00,
  0x00,0x00,0x00,0x00,0x00,0x00,0x00,0x00,0x00,0x00,0x00,0x00,
  0x00,0x00,0x00,0x00,0x00,0x00,0x00,0x00,0x05,0x7F,0xDD,0xFD,
  0xE0,0x00,0x00,0x00,0x00,0x00,0x00,0x00,0x02,0xFE,0x81,0x55,
  0x7B,0x57,0xB7,0x40,0x00,0x00,0x00,0x00,0x00,0x00,0x00,0x00,
  0x03,0x80,0x00,0x00,0x00,0x00,0x00,0x00,0x00,0x00,0x00,0x00,
  0x00,0x00,0x00,0x00,0x00,0x00,0x00,0x00,0x00,0x00,0x00,0x00,
  0x00,0x00,0x00,0x00,0x00,0x00,0x00,0x00,0x00,0x00,0x00,0x00,
  0x00,0x00,0x00,0x00,0x2A,0xFF,0xFF,0xFF,0x80,0x00,0x00,0x00,
  0x00,0x00,0x00,0x00,0x00,0x00,0xFE,0xAA,0xAE,0xFD,0x7B,0xC0,
  0x00,0x02,0xDB,0x60,0x00,0x00,0x00,0x00,0x1C,0x00,0x00,0x00,
  0x00,0xAA,0xAA,0xAA,0xAA,0xA8,0x00,0x00,0x00,0x00,0x00,0x00,
  0x00,0x00,0x00,0x00,0x00,0x00,0x00,0x00,0x00,0x00,0x00,0x00,
  0x00,0x00,0x00,0x00,0x00,0x00,0x00,0x00,0x00,0x00,0x00,0x02,
  0xD7,0xFE,0xFF,0xDE,0x00,0x00,0x00,0x00,0x00,0x00,0x00,0x00,
  0x00,0x00,0x00,0xB7,0x7B,0xAB,0xD6,0x80,0x00,0xBF,0xFF,0xC0,
  0x00,0x00,0x00,0x00,0xE0,0x00,0x00,0x00,0x02,0x89,0x11,0x12,
  0x44,0x44,0x00,0x00,0x00,0x00,0x00,0x00,0x00,0x00,0x00,0x00,
  0x00,0x00,0x00,0x00,0x00,0x00,0x00,0x00,0x00,0x00,0x00,0x00,
  0x00,0x00,0x00,0x00,0x00,0x00,0x00,0x3A,0x7F,0xEF,0xFF,0x78,
  0x00,0x00,0x00,0x00,0x00,0x00,0x00,0x00,0x00,0x00,0x00,0x00,
  0x97,0xFE,0xBD,0x80,0x2F,0xDF,0xFE,0x00,0x00,0x00,0x00,0x03,
  0x00,0x00,0x00,0x00,0x02,0x00,0x00,0x00,0x00,0x04,0x00,0x00,
  0x00,0x00,0x00,0x00,0x00,0x00,0x00,0x00,0x00,0x00,0x00,0x00,
  0x00,0x00,0x00,0x00,0x00,0x00,0x00,0x00,0x00,0x00,0x00,0x00,
  0x00,0x00,0x03,0x83,0xFF,0xBF,0xF7,0xC0,0x00,0x00,0x00,0x00,
  0x00,0x00,0x00,0x00,0x00,0x00,0x00,0x00,0x00,0x2B,0xF7,0x8B,
  0xB5,0xFD,0xF0,0x00,0x00,0x00,0x00,0x0C,0x00,0x00,0x00,0x00,
  0x00,0x00,0x00,0x00,0x00,0x00,0x00,0x00,0x00,0x00,0x00,0x00,
  0x00,0x00,0x00,0x00,0x00,0x00,0x00,0x00,0x00,0x00,0x00,0x00,
  0x00,0x00,0x00,0x00,0x00,0x00,0x00,0x00,0x00,0x00,0x38,0x7F,
  0xFD,0xFF,0xDE,0x00,0x00,0x00,0x00,0x00,0x00,0x00,0x00,0x00,
  0x00,0x00,0x00,0x00,0x00,0x00,0x1F,0xF4,0xDF,0xFF,0x80,0x00,
  0x00,0x00,0x00,0x30,0x00,0x00,0x00,0x00,0x02,0x00,0x00,0x00,
  0x00,0x14,0x00,0x00,0x00,0x00,0x00,0x00,0x00,0x00,0x00,0x00,
  0x00,0x00,0x00,0x00,0x00,0x00,0x00,0x00,0x00,0x00,0x00,0x00,
  0x00,0x00,0x00,0x00,0x00,0x05,0xC7,0xFF,0xF7,0xFD,0xF0,0x00,
  0x00,0x00,0x00,0x00,0x00,0x00,0x00,0x00,0x00,0x00,0x00,0x00,
  0x00,0x00,0x24,0x2F,0xFF,0xEE,0x00,0x00,0x00,0x00,0x00,0xC0,
  0x00,0x00,0x00,0x00,0x03,0x00,0x00,0x00,0x00,0x0C,0x00,0x00,
  0x00,0x00,0x00,0x00,0x00,0x00,0x00,0x00,0x00,0x00,0x00,0x00,
  0x00,0x00,0x00,0x00,0x00,0x00,0x00,0x00,0x00,0x00,0x00,0x00,
  0x00,0x58,0x3F,0xFF,0xFF,0xF7,0x80,0x00,0x00,0x00,0x00,0x00,
  0x00,0x00,0x00,0x00,0x00,0x00,0x00,0x00,0x00,0x05,0xD5,0xFF,
  0xFF,0x78,0x00,0x00,0x00,0x00,0x03,0x00,0x00,0x00,0x00,0x00,
  0x01,0x00,0x00,0x00,0x00,0x02,0x00,0x00,0x00,0x00,0x00,0x00,
  0x00,0x00,0x00,0x00,0x00,0x00,0x00,0x00,0x00,0x00,0x00,0x00,
  0x00,0x00,0x00,0x00,0x00,0x00,0x00,0x00,0x07,0x43,0xFE,0xEE,
  0xFF,0xBC,0x00,0x00,0x00,0x00,0x00,0x00,0x00,0x00,0x00,0x00,
  0x00,0x00,0x00,0x5A,0x81,0x74,0x5F,0xFF,0xFB,0xE0,0x00,0x00,
  0x00,0x00,0x04,0x00,0x00,0x00,0x00,0x00,0x02,0x00,0x00,0x00,
  0x00,0x04,0x00,0x00,0x00,0x00,0x00,0x00,0x00,0x00,0x00,0x00,
  0x00,0x00,0x00,0x00,0x00,0x00,0x00,0x00,0x00,0x00,0x00,0x00,
  0x00,0x00,0x00,0x00,0x70,0x3F,0xFB,0xFF,0xDF,0xE0,0x00,0x00,
  0x00,0x00,0x00,0x00,0x00,0x00,0x00,0x00,0x00,0x00,0x00,0x84,
  0x7E,0x8B,0xFF,0xFF,0xBF,0x00,0x00,0x00,0x00,0x00,0x08,0x00,
  0x00,0x00,0x09,0x00,0x00,0x00,0x00,0x00,0x00,0x02,0x00,0x00,
  0x00,0x00,0x0A,0xA0,0x00,0x00,0x00,0x00,0x00,0x00,0x00,0x00,
  0x00,0x00,0x00,0x00,0x00,0x00,0x00,0x00,0x00,0x00,0x00,0x07,
  0x05,0xFF,0xFF,0xFF,0xFD,0x00,0x00,0x00,0x00,0x00,0x00,0x00,
  0x00,0x00,0x00,0x00,0x00,0x00,0x01,0x37,0xA0,0xFF,0xFF,0xFB,
  0xFC,0x00,0x00,0x00,0x00,0x00,0x1A,0x52,0x80,0x00,0x10,0x00,
  0x02,0x00,0x00,0x00,0x00,0x04,0x00,0x00,0x00,0x00,0x20,0x18,
  0x00,0x00,0x00,0x00,0x00,0x00,0x00,0x00,0x00,0x00,0x00,0x00,
  0x00,0x00,0x00,0x00,0x00,0x00,0x00,0x70,0x5F,0xFF,0xDF,0xDB,
  0x74,0x00,0x00,0x00,0x00,0x00,0x00,0x00,0x00,0x00,0x00,0x00,
  0x00,0x00,0x02,0xD8,0x1F,0xFF,0xFF,0x6F,0xD7,0x80,0x00,0x00,
  0x00,0x00,0x3F,0xFF,0xC0,0x00,0x00,0x00,0x02,0x00,0x00,0x00,
  0x00,0x02,0x00,0x00,0x00,0x00,0x00,0x00,0x00,0x00,0x00,0x00,
  0x00,0x00,0x00,0x00,0x00,0x00,0x00,0x00,0x00,0x00,0x00,0x00,
  0x00,0x00,0x0B,0x05,0xFF,0xFF,0x7F,0x7F,0xC0,0x00,0x00,0x00,
  0x00,0x00,0x00,0x00,0x00,0x00,0x00,0x00,0x00,0x00,0x2E,0x82,
  0xFF,0xDF,0xF7,0xFE,0x3A,0xC0,0x00,0x00,0x00,0x00,0x7F,0xFF,
  0xC0,0x00,0x10,0x00,0x01,0x00,0x00,0x00,0x00,0x04,0x00,0x00,
  0x00,0x00,0x20,0x08,0x00,0x00,0x00,0x00,0x00,0x00,0x00,0x00,
  0x00,0x00,0x00,0x00,0x00,0x00,0x00,0x00,0x00,0x00,0xB0,0x5F,
  0xFF,0xF7,0xFD,0xFF,0x00,0x00,0x00,0x00,0x00,0x00,0x00,0x00,
  0x00,0x00,0x00,0x00,0x00,0x49,0x90,0x3F,0xFF,0xFF,0xBE,0xF4,
  0x1D,0x80,0x00,0x00,0x00,0x00,0xFD,0xF7,0xC0,0x00,0x00,0x00,
  0x02,0x00,0x00,0x00,0x00,0x00,0x00,0x00,0x00,0x00,0x10,0x08,
  0x00,0x00,0x00,0x00,0x00,0x00,0x00,0x00,0x00,0x00,0x00,0x00,
  0x00,0x00,0x00,0x00,0x00,0x0E,0x85,0xFF,0xFF,0xBF,0xF7,0xF4,
  0xF0,0x00,0x00,0x00,0x00,0x00,0x00,0x00,0x00,0x00,0x00,0x00,
  0x12,0x02,0x05,0xFF,0xFD,0xFB,0xFF,0xC1,0x5F,0x80,0x00,0x00,
  0x00,0x01,0xFF,0xFF,0xC0,0x00,0x00,0x00,0x00,0x00,0x00,0x00,
  0x00,0x04,0x00,0x00,0x00,0x00,0x20,0x08,0x00,0x00,0x00,0x00,
  0x00,0x00,0x00,0x00,0x00,0x00,0x00,0x00,0x00,0x00,0x00,0x00,
  0x01,0x60,0x3F,0xFF,0xFB,0xFE,0xDF,0x5F,0xB8,0x00,0x00,0x00,
  0x00,0x00,0x00,0x00,0x00,0x00,0x00,0x09,0x40,0x91,0xFF,0xFB,
  0xF7,0xEF,0xEF,0x14,0x3F,0xC0,0x00,0x00,0x00,0x07,0xF7,0xFF,
  0x80,0x00,0x10,0x00,0x02,0x00,0x00,0x00,0x00,0x02,0x00,0x00,
  0x00,0x00,0x01,0x08,0x00,0x00,0x00,0x00,0x00,0x00,0x00,0x00,
  0x00,0x00,0x00,0x00,0x00,0x00,0x00,0x00,0x1D,0x05,0xFF,0xFF,
  0xBF,0xFB,0xFF,0xFD,0x40,0x00,0x00,0x00,0x00,0x00,0x00,0x00,
  0x00,0x00,0x24,0xA0,0x08,0x00,0xFF,0xEF,0xFF,0xFE,0xBB,0xD5,
  0xDF,0x80,0x00,0x00,0x00,0x08,0x01,0xEE,0x00,0x00,0x00,0x00,
  0x02,0x00,0x00,0x00,0x00,0x04,0x00,0x00,0x00,0x00,0x20,0x08,
  0x00,0x00,0x00,0x00,0x00,0x00,0x00,0x00,0x00,0x00,0x00,0x00,
  0x00,0x00,0x00,0x02,0xC0,0x3F,0xFF,0xFB,0xFF,0x6F,0xF8,0x00,
  0x00,0x00,0x00,0x00,0x00,0x00,0x00,0x00,0x00,0x2A,0x80,0x04,
  0x42,0x4A,0x7F,0xFF,0xDF,0x7B,0xFD,0x7F,0x7E,0xC0,0x00,0x00,
  0x00,0x30,0x00,0x30,0x00,0x00,0x10,0x40,0x01,0x00,0x00,0x00,
  0x00,0x02,0x00,0x00,0x00,0x00,0x00,0x60,0x00,0x01,0x11,0x10,
  0x84,0x44,0x44,0x44,0x44,0x42,0x11,0x11,0x10,0x88,0x81,0x5A,
  0x07,0xFF,0xFF,0x7F,0xFB,0xFF,0xA0,0x40,0x01,0x08,0x40,0x10,
  0x84,0x00,0x00,0x04,0x49,0x00,0x12,0x41,0x08,0x00,0x15,0x5D,
  0x75,0xDE,0xD7,0xD5,0xFF,0x80,0x00,0x00,0x00,0xC0,0x00,0x00,
  0x00,0x00,0x00,0x40,0x02,0x00,0x00,0x00,0x00,0x04,0x00,0x00,
  0x00,0x00,0x24,0xC9,0x24,0xA8,0x44,0x44,0x21,0x11,0x11,0x11,
  0x11,0x10,0x84,0x44,0x44,0x22,0x16,0xA0,0x7F,0xFF,0xED,0xFF,
  0xBF,0xFE,0x05,0x0A,0xA8,0x42,0x15,0x44,0x21,0x55,0x55,0x51,
  0x00,0x49,0x00,0x10,0x21,0x21,0x1B,0xF7,0xDF,0x77,0xBE,0xFF,
  0x7E,0x00,0x00,0x00,0x01,0x00,0x00,0x00,0x00,0x00,0x10,0x10,
  0x02,0x00,0x08,0x91,0x12,0x44,0x92,0x49,0x24,0x92,0x20,0x28,
  0x01,0x02,0x00,0x01,0x08,0x00,0x00,0x00,0x00,0x04,0x20,0x00,
  0x01,0x00,0xE8,0x07,0xFF,0xFF,0x7F,0xEE,0xFD,0xB0,0x90,0x20,
  0x02,0x10,0x80,0x01,0x08,0x00,0x00,0x00,0x2A,0x00,0x55,0x44,
  0x84,0x08,0x4E,0xBD,0xFB,0xDD,0xF7,0x55,0xF0,0x00,0x00,0x00,
  0x06,0x00,0x00,0x00,0x00,0x00,0x02,0x85,0x52,0x55,0x42,0x04,
  0x40,0x12,0x00,0x00,0x00,0x00,0xAA,0x08,0x94,0x10,0x95,0x28,
  0x42,0x4A,0x4A,0x4A,0xAA,0xA1,0x0A,0xAA,0xA8,0x5E,0x00,0xBF,
  0xFE,0xED,0xFF,0xFF,0xEF,0xE0,0x02,0x44,0x48,0x84,0x24,0xA8,
  0x42,0x49,0x24,0x94,0x80,0xAA,0x00,0x00,0x10,0x82,0x05,0xEF,
  0x5E,0xF7,0x5D,0xFF,0x80,0x00,0x00,0x00,0x08,0x00,0x00,0x00,
  0x00,0x09,0x28,0x20,0x02,0x00,0x10,0x40,0x09,0x04,0x49,0x52,
  0x49,0x48,0x20,0x88,0x20,0x84,0x00,0x02,0x10,0x20,0x20,0x20,
  0x00,0x08,0x40,0x00,0x03,0xA0,0x17,0xFF,0xFB,0xFF,0xFF,0xBB,
  0xBE,0xFD,0x28,0x11,0x00,0x21,0x00,0x02,0x10,0x84,0x00,0x01,
  0x12,0x00,0x92,0x2A,0x40,0x28,0x22,0xBB,0xF7,0x5D,0xF6,0xBC,
  0x00,0x00,0x00,0x00,0x10,0x00,0x00,0x00,0x4A,0xA0,0x20,0x89,
  0x2A,0x21,0x04,0x12,0x40,0x44,0x00,0x00,0x00,0x02,0x22,0x22,
  0x82,0x21,0x52,0xA0,0x84,0x84,0x85,0x04,0x44,0x42,0x12,0x44,
  0xBC,0x01,0xFF,0xFF,0x7F,0xFF,0xED,0xFE,0xFB,0xD6,0x81,0x00,
  0x25,0x08,0x55,0x20,0x84,0x21,0x55,0x50,0x40,0x48,0x00,0x80,
  0x0A,0x01,0x0B,0xDD,0x5D,0xF7,0x7B,0xF0,0x00,0x00,0x00,0x00,
  0x20,0x00,0x20,0x12,0x00,0x04,0x92,0x00,0x01,0x08,0x41,0x00,
  0x12,0x12,0x4A,0x4A,0xAA,0x50,0xA0,0x08,0x10,0x08,0x00,0x0A,
  0x10,0x10,0x10,0x41,0x11,0x10,0x80,0x16,0x80,0x17,0xFF,0xFD,
  0xFF,0xEF,0x7F,0x6F,0xEF,0x72,0xE4,0x4A,0x80,0x42,0x00,0x0A,
  0x21,0x08,0x00,0x05,0x09,0x02,0xA8,0x12,0x80,0xAA,0x52,0xF7,
  0xF7,0x7D,0xDF,0x80,0x00,0x00,0x00,0x00,0x20,0x00,0x49,0x40,
  0xA4,0x40,0x00,0x55,0x42,0x42,0x10,0x55,0x40,0x84,0x00,0x00,
  0x00,0x04,0x12,0x92,0x44,0xA2,0x49,0x00,0x42,0x42,0x41,0x14,
  0x00,0x42,0x15,0xE8,0x02,0xFF,0x7F,0xDF,0xEF,0xBD,0xEB,0xFB,
  0x7D,0xFD,0xA1,0x10,0x29,0x10,0x92,0xA0,0x88,0x42,0x49,0x20,
  0x20,0x50,0x02,0x40,0x2A,0x44,0xA7,0xBD,0xBD,0xD7,0xFA,0x00,
  0x00,0x00,0x00,0x00,0x40,0x00,0x00,0x08,0x01,0x12,0xB1,0x00,
  0x12,0x08,0x44,0x00,0x08,0x25,0x52,0x92,0x44,0x91,0x20,0x08,
  0x01,0x00,0x00,0x52,0x08,0x08,0x08,0x00,0xA5,0x11,0x6A,0x00,
  0x3F,0xFF,0xED,0xFF,0xFE,0xFF,0xFF,0xBF,0xF7,0xDF,0x48,0x02,
  0x00,0x04,0x00,0x04,0x05,0x10,0x00,0x09,0x0A,0x09,0x10,0x95,
  0x52,0x92,0x4A,0xEF,0x6F,0x7F,0xC0,0x00,0x00,0x00,0x00,0x00,
  0x80,0x04,0xAA,0x22,0x48,0x04,0x14,0xB2,0x43,0x21,0x01,0x48,
  0x82,0xF4,0x00,0x00,0x10,0x00,0x24,0x49,0x28,0x15,0x55,0x04,
  0x81,0x42,0xD7,0xFF,0x5D,0xEF,0x40,0x03,0xFF,0xFF,0xFF,0xFF,
  0xFF,0xFF,0xBE,0xF6,0xDE,0xA0,0x01,0x48,0x94,0xA1,0x49,0x11,
  0x20,0x05,0x55,0x40,0x40,0x84,0x4A,0x49,0x09,0x55,0x3F,0xBB,
  0xFB,0xDD,0x00,0x00,0x00,0x00,0x00,0x00,0x80,0x90,0x00,0x80,
  0x02,0x50,0x0A,0x40,0x09,0x60,0x28,0x02,0x28,0xA4,0x94,0xAA,
  0x85,0x55,0x21,0x08,0x85,0x40,0x08,0xA9,0x58,0x3D,0x68,0x00,
  0x82,0x04,0x00,0xBF,0xED,0xDD,0xFF,0xBB,0x77,0xF6,0xF7,0xC0,
  0x20,0x0A,0xA8,0x22,0x21,0x08,0x12,0x44,0x4A,0xA0,0x00,0x2A,
  0x95,0x29,0x25,0x24,0xAA,0x22,0xED,0xEE,0xAE,0xF0,0x00,0x00,
  0x00,0x00,0x00,0x00,0x82,0x02,0x44,0x15,0x51,0x05,0x51,0x2A,
  0xA6,0xEA,0x85,0x54,0x84,0xF6,0x49,0x10,0x50,0x88,0xB5,0x6D,
  0x28,0xAB,0x65,0x24,0x02,0xC0,0x00,0x00,0x00,0x10,0x0B,0xFF,
  0xFF,0xFF,0xDE,0xFF,0xFF,0x7F,0xFF,0x55,0x92,0xA8,0x45,0x49,
  0x4A,0x55,0x49,0x2A,0x91,0x2D,0x5B,0x49,0x24,0x9A,0x91,0x52,
  0x51,0x5F,0xFB,0x7B,0xFF,0x80,0x00,0x00,0x00,0x00,0x00,0x00,
  0x94,0xA9,0x12,0xA2,0x2A,0xA9,0x24,0x92,0x52,0x24,0x52,0x52,
  0x52,0x52,0xA4,0xA5,0x4A,0x52,0x7F,0xF8,0xA5,0x14,0x12,0x92,
  0x5F,0x55,0x05,0x55,0x77,0xE1,0x7F,0xEF,0x7F,0xFF,0xFF,0xFF,
  0xDF,0xEF,0xDC,0x24,0x49,0x45,0x2A,0xAA,0x25,0x24,0xA4,0xA1,
  0x4A,0x42,0xA4,0x94,0x92,0x48,0xAA,0x09,0x0D,0xF6,0xAF,0xDE,
  0xF4,0x00,0x00,0x00,0x00,0x00,0x00,0x00,0x52,0x44,0xA9,0x14,
  0x88,0x94,0x92,0x49,0x0B,0x12,0x24,0x89,0x29,0x06,0x12,0x4A,
  0x2A,0x8A,0x84,0x05,0x12,0x42,0xA8,0xBB,0xA1,0x2A,0xFF,0xEA,
  0x99,0x2F,0xFF,0xBF,0xFF,0x77,0x7B,0xF7,0x7B,0xBF,0x72,0x92,
  0xA4,0xAA,0xA4,0x11,0x50,0x92,0x52,0x94,0x29,0x29,0x12,0x42,
  0x4A,0xA5,0x12,0xAA,0xF7,0x5F,0xFD,0x77,0x80,0x00,0x00,0x00,
  0x00,0x00,0x00,0x00,0x64,0x92,0x54,0xA2,0xA5,0x42,0x49,0x54,
  0xA5,0xED,0xDB,0x76,0xD7,0xFC,0xA9,0x25,0x44,0x51,0x29,0x6A,
  0xA9,0x29,0x27,0xC0,0x00,0x00,0x00,0x1F,0x6A,0xBF,0xFE,0xFF,
  0xED,0xFF,0xFF,0xDF,0xFE,0xFB,0xFC,0x49,0x15,0x11,0x12,0xCA,
  0x96,0xA9,0x2A,0x4B,0x44,0xAA,0x49,0x2A,0xA9,0x29,0x49,0x4A,
  0xBD,0xFA,0xD7,0xFC,0x00,0x00,0x00,0x00,0x00,0x00,0x00,0x00,
  0x39,0x29,0x22,0x54,0x54,0x2A,0xA5,0x0A,0x52,0xAB,0x6D,0xAB,
  0x7A,0xA9,0x45,0x50,0xA9,0x4A,0x92,0x90,0x44,0xA4,0x9A,0x00,
  0x00,0x00,0x00,0x00,0xBD,0x5B,0x6F,0xFD,0xFF,0xFF,0xF6,0xFD,
  0xB7,0xDE,0xF3,0xA4,0xA2,0x4A,0xA9,0x24,0x48,0x95,0x44,0xA4,
  0xAA,0x89,0x54,0xA9,0x14,0x94,0xA4,0xBF,0xEF,0xBF,0xBF,0xA0,
  0x00,0x00,0x00,0x00,0x00,0x00,0x00,0x00,0x1E,0x95,0x49,0x12,
  0x92,0xA9,0x14,0xA1,0x28,0x04,0x00,0x10,0x80,0x44,0x28,0x8A,
  0x25,0x24,0x49,0x25,0x2A,0x52,0x6C,0x00,0x00,0x00,0x00,0x00,
  0x02,0xF7,0xFB,0xF7,0xBF,0xFB,0xDF,0xB7,0xFD,0xFB,0xDC,0xB2,
  0x55,0x28,0x94,0x92,0xA5,0x42,0x2A,0x52,0x24,0x54,0x92,0x94,
  0xA2,0x4A,0x2F,0xED,0xBB,0xEB,0xFC,0x00,0x00,0x00,0x00,0x00,
  0x00,0x00,0x00,0x00,0x0B,0x62,0x2A,0xA9,0x49,0x44,0xA2,0x55,
  0x45,0x52,0xAA,0xCA,0x56,0x92,0xA5,0x29,0x92,0x52,0xA4,0x95,
  0x51,0x09,0x36,0x00,0x00,0x00,0x00,0x00,0x00,0x1E,0xEF,0x7F,
  0xF7,0x6E,0xFF,0xFE,0xDF,0x6F,0xFA,0x99,0x10,0xA5,0x45,0x55,
  0x28,0x99,0x51,0x15,0x52,0xA2,0x4A,0x42,0x55,0x52,0xFB,0x7F,
  0xFE,0xBF,0xD0,0x00,0x00,0x00,0x00,0x00,0x00,0x00,0x00,0x00,
  0x06,0xDD,0x44,0x44,0xA4,0x92,0x55,0x24,0x29,0x54,0x95,0x25,
  0x11,0x55,0x12,0xA4,0x49,0x14,0x92,0x48,0x8A,0xAA,0xF5,0x00,
  0x00,0x00,0x00,0x00,0x00,0x2F,0xBF,0xDD,0xBD,0xFF,0xBF,0xFB,
  0xF7,0xFE,0xBF,0xFA,0xAA,0x92,0x28,0x88,0x95,0x24,0x8A,0xA0,
  0x89,0x15,0x25,0x2A,0x89,0x5F,0xDF,0xD5,0x6B,0xFD,0x00,0x00,
  0x00,0x00,0x00,0x00,0x00,0x00,0x00,0x00,0x01,0xF7,0x52,0x95,
  0x12,0x55,0x08,0x92,0x94,0x22,0x48,0x92,0xAA,0x22,0xA8,0x4A,
  0xA4,0xA2,0x4A,0xA5,0x52,0x49,0x3A,0x00,0x00,0x00,0x00,0x00,
  0x04,0xBF,0xFB,0x77,0xFF,0xDB,0xFD,0xDF,0xDF,0xBF,0xF6,0xA1,
  0x24,0x49,0x55,0x25,0x44,0x92,0x52,0x56,0x54,0xA8,0xA8,0xA9,
  0x6E,0xF6,0xF5,0x7F,0xFF,0xE0,0x00,0x00,0x00,0x00,0x00,0x00,
  0x00,0x00,0x00,0x00,0x00,0xDD,0xEA,0x52,0x4A,0x88,0xA5,0x49,
  0x42,0x95,0x25,0x48,0x89,0x48,0x45,0x24,0x52,0x95,0x29,0x12,
  0x29,0x24,0x75,0x00,0x00,0x00,0x00,0x00,0x00,0x3E,0xDF,0xFF,
  0x6E,0xFF,0xFF,0xFE,0xFD,0xF0,0x91,0x14,0x92,0xAA,0x82,0xAA,
  0x52,0x55,0x49,0x21,0x22,0x85,0x4B,0x5F,0xBB,0xDF,0xBF,0xFF,
  0xBE,0x00,0x00,0x00,0x00,0x00,0x00,0x00,0x00,0x00,0x00,0x00,
  0x00,0x3B,0x5F,0xA9,0x29,0x55,0x54,0xA5,0x2A,0xA2,0x52,0x25,
  0x54,0xAB,0x2A,0x92,0x8A,0x48,0xA4,0xA9,0x44,0x94,0x7A,0x00,
  0x00,0x00,0x00,0x00,0x02,0x3B,0xF6,0xED,0xFB,0xEF,0xEE,0xEF,
  0xF7,0xF8,0x05,0x45,0x4A,0x44,0x58,0x49,0x29,0x42,0x2A,0x95,
  0x55,0x7B,0xFF,0xF6,0xFF,0x7A,0xF7,0xDB,0xE0,0x00,0x00,0x00,
  0x00,0x00,0x00,0x00,0x00,0x00,0x00,0x00,0x00,0x0F,0xFA,0xF6,
  0xD4,0x42,0x22,0x12,0x50,0x49,0x09,0x54,0x42,0x10,0x91,0x49,
  0x29,0x25,0x12,0x4A,0xAA,0xA8,0x7A,0x80,0x00,0x00,0x00,0x00,
  0x00,0xBF,0x7F,0xFF,0xDF,0xBF,0xFF,0xFB,0xBF,0x40,0x10,0xB2,
  0x55,0x33,0x4B,0x55,0x56,0xBA,0xD5,0x7E,0xFF,0xDF,0x6D,0x5F,
  0xDB,0xFF,0xFE,0xFE,0x00,0x00,0x00,0x00,0x00,0x00,0x00,0x00,
  0x00,0x00,0x00,0x00,0x00,0x02,0xEF,0xDF,0xFF,0xFD,0xDD,0xED,
  0xAF,0xB6,0xF6,0xAB,0xBD,0xEF,0xEE,0xFE,0xF7,0xFF,0xFF,0xFF,
  0x7F,0xF5,0x7A,0x00,0x00,0x00,0x00,0x00,0x00,0x3F,0xF7,0x6E,
  0xFF,0xFF,0xFF,0xFF,0xFE,0x2B,0x4A,0x5F,0xFB,0xFF,0xFF,0xFF,
  0xFD,0xEF,0xFF,0xEB,0xAD,0x7B,0xFF,0xFB,0x7F,0xEF,0xEF,0xE0,
  0x00,0x00,0x00,0x00,0x00,0x00,0x00,0x00,0x00,0x00,0x00,0x00,
  0x00,0x00,0xBF,0xFD,0x56,0xDF,0xF7,0x7F,0xFD,0xFF,0xFF,0xFF,
  0xFF,0xFE,0xBF,0xB7,0xDE,0xB6,0xEF,0x6D,0xD5,0xAA,0xFD,0x00,
  0x00,0x00,0x00,0x00,0x04,0x9F,0xFF,0xFF,0xFF,0xFF,0xFF,0x7F,
  0xFF,0xA4,0xA9,0x06,0xDE,0xDA,0xB5,0x55,0xAF,0xBE,0xDB,0xBF,
  0xFF,0xEE,0xAD,0xFF,0xFF,0x7F,0x7E,0x00,0x00,0x00,0x00,0x00,
  0x00,0x00,0x00,0x00,0x00,0x00,0x00,0x00,0x00,0x00,0x1F,0x77,
  0xFF,0xF6,0xBF,0xD5,0x6F,0x5B,0x5B,0x7B,0x6B,0x6B,0xF6,0xFD,
  0xFB,0xFF,0xBB,0xFF,0xFF,0xFA,0xF9,0x00,0x00,0x00,0x00,0x00,
  0x00,0x3D,0xFF,0xFF,0xFF,0xFF,0xFD,0xF7,0xFB,0x92,0x45,0x75,
  0xEF,0xFF,0xFF,0xFF,0xFB,0xF7,0xFE,0xF6,0xD5,0xBF,0xFF,0xBF,
  0xF7,0xFF,0xE0,0x00,0x00,0x00,0x00,0x00,0x00,0x00,0x00,0x00,
  0x00,0x00,0x00,0x00,0x00,0x00,0x03,0xFF,0xFD,0xBF,0xEA,0xFF,
  0xFB,0xFF,0xFF,0xDF,0xDF,0xFF,0xBF,0xD7,0x6F,0x6A,0xFE,0xAA,
  0xB6,0xAF,0xFC,0x80,0x00,0x00,0x00,0x00,0x12,0x3E,0xFF,0xFF,
  0xFF,0xFF,0xBF,0xFF,0x6F,0xCA,0xB5,0x56,0xBA,0xAB,0x6D,0xDD,
  0x6E,0xBD,0x6F,0xDF,0xFF,0xFD,0xFF,0xF6,0xFF,0xFA,0x00,0x00,
  0x00,0x00,0x00,0x00,0x00,0x00,0x00,0x00,0x00,0x00,0x00,0x00,
  0x00,0x00,0x00,0xBF,0xB7,0xFB,0xBF,0xBB,0x5F,0xDA,0xD5,0xF5,
  0x7B,0x5A,0xED,0x7F,0xFD,0xFF,0xDB,0xFF,0xFF,0xDB,0x7A,0x00,
  0x0A,0x20,0x00,0x00,0x80,0x9B,0xBF,0xFF,0xFD,0xFE,0xF7,0xDF,
  0xFF,0x75,0x55,0xBB,0x7F,0xFF,0xFF,0x77,0xFF,0xEF,0xFB,0x7B,
  0x7F,0xEF,0xDB,0xFF,0xDE,0xA0,0x00,0x00,0x00,0x00,0x00,0x00,
  0x00,0x00,0x00,0x00,0x00,0x00,0x00,0x00,0x00,0x00,0x00,0x0E,
  0xFF,0xEF,0xFF,0xFF,0xFB,0x7F,0xFF,0x5F,0xEF,0xFF,0xFF,0xF6,
  0xB7,0xB7,0x7F,0x7E,0xDB,0x7F,0xFD,0x00,0x00,0x84,0x92,0x48,
  0x12,0x3E,0xAF,0xFD,0xEF,0xDB,0xFF,0xFD,0xFF,0xF6,0xDE,0xEF,
  0xD6,0xED,0xAB,0xFF,0x6D,0xBD,0xBF,0xFF,0xED,0xBF,0xFF,0x6F,
  0xF4,0x00,0x00,0x00,0x00,0x00,0x00,0x00,0x00,0x00,0x00,0x00,
  0x00,0x00,0x00,0x00,0x00,0x00,0x00,0x01,0xFE,0xFF,0xFD,0xEF,
  0xFF,0xF7,0x7F,0xFF,0xFE,0xEF,0xBB,0xDF,0xFF,0xFF,0xF7,0xEF,
  0xFF,0xFD,0xFD,0x80,0x08,0x00,0x00,0x02,0x40,0x1D,0x52,0xFF,
  0xFF,0xFF,0xFE,0xFF,0xDD,0xFD,0xF7,0xBD,0xFF,0xFF,0xFF,0xBD,
  0xFF,0xFF,0xF7,0xDF,0xBF,0xFF,0x7F,0xFD,0x00,0x00,0x00,0x00,
  0x00,0x00,0x00,0x00,0x00,0x00,0x00,0x00,0x00,0x00,0x00,0x00,
  0x00,0x00,0x00,0x00,0x17,0xFD,0xB7,0xFD,0xDF,0xDF,0xED,0xFB,
  0x7F,0xFD,0xFF,0x7F,0xFD,0xFD,0xFF,0xFD,0xFF,0xEF,0xFE,0x80,
  0x00,0x24,0x48,0x88,0x04,0x3E,0xAD,0xFF,0xBF,0x7F,0xDB,0xEF,
  0x7F,0xDF,0xBF,0xFF,0xFF,0xBF,0xFE,0xF7,0xFF,0xF7,0xFE,0xFB,
  0xFF,0xF7,0xF7,0xA0,0x00,0x00,0x00,0x00,0x00,0x00,0x00,0x00,
  0x00,0x00,0x00,0x00,0x00,0x00,0x00,0x00,0x00,0x00,0x00,0x00,
  0x00,0xBF,0xFF,0xBF,0xFB,0x7F,0xFF,0xDF,0xED,0xBF,0xEF,0xFD,
  0xB7,0xB7,0xBD,0xBF,0xDB,0x7F,0xFD,0x00,0x49,0x01,0x00,0x20,
  0x91,0x3B,0xF6,0xDF,0xFD,0xFF,0x7F,0xFD,0xFF,0xFF,0xFD,0xF7,
  0x7B,0xF6,0xDF,0xFF,0xDB,0x7F,0x7F,0xFF,0x7B,0x7F,0xF8,0x00,
  0x00,0x00,0x00,0x00,0x00,0x00,0x00,0x00,0x00,0x00,0x00,0x00,
  0x00,0x00,0x00,0x00,0x00,0x00,0x00,0x00,0x00,0x02,0xFF,0xF7,
  0x7F,0xFB,0x7F,0x7E,0xFF,0xF7,0x7D,0xF7,0xFF,0xFF,0xF7,0xF7,
  0x7F,0xFB,0x7F,0x92,0x10,0x54,0x25,0x04,0x04,0x9F,0x5F,0xFF,
  0xF7,0xF7,0xFF,0xBF,0xF6,0xF6,0xEF,0xBF,0xEF,0x7F,0xFB,0xDF,
  0x7F,0xFD,0xED,0xDD,0xFF,0xFA,0x00,0x00,0x00,0x00,0x00,0x00,
  0x00,0x00,0x00,0x00,0x00,0x00,0x00,0x00,0x00,0x00,0x00,0x00,
  0x00,0x00,0x00,0x00,0x00,0x00,0x05,0x7F,0xFF,0xFF,0xED,0xFB,
  0xFF,0xFF,0xFF,0xDF,0xFF,0xFF,0xFF,0xFF,0xFF,0xEF,0xFF,0x81,
  0x4A,0x88,0x88,0xA2,0xA8,0x7F,0xFF,0xFF,0xDF,0xFF,0xFD,0xFF,
  0xFF,0xDF,0xFE,0xFD,0xFF,0xFD,0xEF,0x7D,0xFF,0xB7,0xFF,0xFF,
  0xED,0x00,0x00,0x00,0x00,0x00,0x00,0x00,0x00,0x00,0x00,0x00,
  0x00,0x00,0x00,0x00,0x00,0x00,0x00,0x00,0x00,0x00,0x00,0x00,
  0x00,0x00,0x00,0x00,0x95,0x5F,0x7F,0xDF,0x55,0x5B,0xAD,0xFD,
  0xAD,0x55,0x5D,0xB6,0xEA,0xBF,0xFD,0xA8,0x10,0x22,0x22,0x10,
  0x45,0x3F,0xFE,0xFE,0xFF,0xDE,0xEF,0xED,0xBF,0xFF,0x7F,0xFF,
  0xFF,0xEF,0xFF,0xFF,0xFB,0xFF,0xFE,0xD5,0x00,0x00,0x00,0x00,
  0x00,0x00,0x00,0x00,0x00,0x00,0x00,0x00,0x00,0x00,0x00,0x00,
  0x00,0x00,0x00,0x00,0x00,0x00,0x00,0x00,0x00,0x00,0x00,0x00,
  0x00,0x03,0x00,0x00,0x00,0x00,0x00,0x00,0x00,0x00,0x00,0x00,
  0x00,0x00,0x5F,0x82,0x8A,0x89,0x11,0x4B,0x2A,0xDF,0xFF,0xFB,
  0xFF,0x7F,0xFF,0xFF,0xFD,0xFD,0xF4,0x00,0x00,0x00,0x00,0x00,
  0x00,0x00,0x00,0x00,0x00,0x00,0x00,0x00,0x00,0x00,0x00,0x00,
  0x00,0x00,0x00,0x00,0x00,0x00,0x00,0x00,0x00,0x00,0x00,0x00,
  0x00,0x00,0x00,0x00,0x00,0x00,0x00,0x00,0x00,0x03,0x00,0x00,
  0x00,0x00,0x00,0x00,0x00,0x00,0x00,0x00,0x00,0x00,0x7F,0x10,
  0x29,0x54,0xCA,0x29,0x57,0x7F,0xFF,0xFF,0xFD,0xFB,0xFE,0xFF,
  0xF7,0x52,0x38,0x00,0x00,0x00,0x00,0x00,0x00,0x00,0x00,0x00,
  0x00,0x00,0x00,0x00,0x00,0x00,0x00,0x00,0x00,0x00,0x00,0x00,
  0x00,0x00,0x00,0x00,0x00,0x00,0x00,0x00,0x00,0x00,0x00,0x00,
  0x00,0x00,0x00,0x00,0x00,0x00,0x00,0x00,0x00,0x00,0x00,0x00,
  0x00,0x00,0x00,0x00,0x00,0x00,0x7F,0xEA,0x94,0x2A,0x2A,0xD7,
  0xFA,0xFF,0xFF,0x80,0x00,0x00,0x00,0x00,0x00,0x00,0x1C,0x00,
  0x00,0x00,0x00,0x00,0x00,0x00,0x00,0x00,0x00,0x00,0x00,0x00,
  0x00,0x00,0x00,0x00,0x00,0x00,0x00,0x00,0x00,0x00,0x00,0x00,
  0x00,0x00,0x00,0x00,0x00,0x00,0x00,0x00,0x00,0x00,0x00,0x00,
  0x00,0x00,0x00,0x00,0x00,0x00,0x00,0x00,0x00,0x00,0x00,0x00,
  0x00,0x00,0x5F,0xBF,0xFB,0xD7,0xDB,0x7D,0x57,0xBF,0xFF,0x80,
  0x00,0x00,0x00,0x00,0x00,0x00,0x0C,0x00,0x00,0x00,0x00,0x00,
  0x00,0x00,0x00,0x00,0x00,0x00,0x00,0x00,0x00,0x00,0x00,0x00,
  0x00,0x00,0x00,0x00,0x00,0x00,0x00,0x00,0x00,0x00,0x00,0x00,
  0x00,0x00,0x00,0x00,0x00,0x00,0x00,0x00,0x00,0x00,0x00,0x00,
  0x00,0x00,0x00,0x00,0x00,0x00,0x00,0x00,0x00,0x00,0x7F,0xD5,
  0x5E,0xFD,0x6E,0xD6,0xDD,0x7F,0xF4,0x00,0x00,0x00,0x00,0x00,
  0x00,0x00,0x00,0x00,0x00,0x00,0x00,0x00,0x00,0x00,0x00,0x00,
  0x00,0x00,0x00,0x00,0x00,0x00,0x00,0x00,0x00,0x00,0x00,0x00,
  0x00,0x00,0x00,0x00,0x00,0x00,0x00,0x00,0x00,0x00,0x00,0x00,
  0x00,0x00,0x00,0x00,0x00,0x00,0x00,0x00,0x00,0x00,0x00,0x00,
  0x00,0x00,0x00,0x00,0x00,0x00,0x3D,0xBF,0xEB,0x56,0xF7,0x7B,
  0x76,0xFF,0xA0,0x00,0x00,0x00,0x00,0x00,0x00,0x00,0x00,0x00,
  0x00,0x00,0x00,0x00,0x00,0x00,0x00,0x00,0x00,0x00,0x00,0x00,
  0x00,0x00,0x00,0x00,0x00,0x00,0x00,0x00,0x00,0x00,0x00,0x00,
  0x00,0x00,0x00,0x00,0x00,0x00,0x00,0x00,0x00,0x00,0x00,0x00,
  0x00,0x00,0x00,0x00,0x00,0x00,0x00,0x00,0x00,0x00,0x00,0x00,
  0x00,0x00,0x5F,0xEA,0xBD,0xED,0xAD,0xD7,0xAD,0xBD,0x00,0x00,
  0x00,0x00,0x00,0x00,0x00,0x00,0x00,0x00,0x00,0x00,0x00,0x00,
  0x00,0x00,0x00,0x00,0x00,0x00,0x00,0x00,0x00,0x00,0x00,0x00,
  0x00,0x00,0x00,0x00,0x00,0x00,0x00,0x00,0x00,0x00,0x00,0x00,
  0x00,0x00,0x00,0x00,0x00,0x00,0x00,0x00,0x00,0x00,0x00,0x00,
  0x00,0x00,0x00,0x00,0x00,0x00,0x00,0x00,0x00,0x00,0x3F,0xBD,
  0xD6,0xBF,0x76,0xBA,0xF7,0x60,0x00,0x00,0x00,0x00,0x00,0x00,
  0x00,0x00,0x00,0x00,0x00,0x00,0x00,0x00,0x00,0x00,0x00,0x00,
  0x00,0x00,0x00,0x00,0x00,0x00,0x00,0x00,0x00,0x00,0x00,0x00,
  0x00,0x00,0x00,0x00,0x00,0x00,0x00,0x00,0x00,0x00,0x00,0x00,
  0x00,0x00,0x00,0x00,0x00,0x00,0x00,0x00,0x00,0x00,0x00,0x00,
  0x00,0x00,0x00,0x00,0x00,0x00,0x3F,0xD7,0x7B,0xD5,0xDB,0xDF,
  0x5A,0xF0,0x00,0x00,0x00,0x00,0x00,0x00,0x00,0x00,0x00,0x00,
  0x00,0x00,0x00,0x00,0x00,0x00,0x00,0x00,0x00,0x00,0x00,0x00,
  0x00,0x00,0x00,0x00,0x00,0x00,0x00,0x00,0x00,0x00,0x00,0x00,
  0x00,0x00,0x00,0x00,0x00,0x00,0x00,0x00,0x00,0x00,0x00,0x00,
  0x00,0x00,0x00,0x00,0x00,0x00,0x00,0x00,0x00,0x00,0x00,0x00,
  0x00,0x00,0x3F,0x7A,0xDD,0x7E,0xBD,0x6A,0xEF,0xB8,0x00,0x00,
  0x00,0x00,0x00,0x00,0x00,0x00,0x00,0x00,0x00,0x00,0x00,0x00,
  0x00,0x00,0x00,0x00,0x00,0x00,0x00,0x00,0x00,0x00,0x00,0x00,
  0x00,0x00,0x00,0x00,0x00,0x00,0x00,0x00,0x00,0x00,0x00,0x00,
  0x00,0x00,0x00,0x00,0x00,0x00,0x00,0x00,0x00,0x00,0x00,0x00,
  0x00,0x00,0x00,0x00,0x00,0x00,0x00,0x00,0x00,0x00,0x17,0xAF,
  0x6B,0xAB,0xD7,0xBB,0xB5,0x70,0x00,0x00,0x00,0x00,0x00,0x00,
  0x00,0x00,0x00,0x00,0x00,0x00,0x00,0x00,0x00,0x00,0x00,0x00,
  0x00,0x00,0x00,0x00,0x00,0x00,0x00,0x00,0x00,0x00,0x00,0x00,
  0x00,0x00,0x00,0x00,0x00,0x00,0x00,0x00,0x00,0x00,0x00,0x00,
  0x00,0x00,0x00,0x00,0x00,0x00,0x00,0x00,0x00,0x00,0x00,0x00,
  0x00,0x00,0x00,0x00,0x00,0x00,0x1F,0xF5,0xDE,0xFA,0xBA,0xEE,
  0xDF,0xE0,0x00,0x00,0x00,0x00,0x00,0x00,0x00,0x00,0x00,0x00,
  0x00,0x00,0x00,0x00,0x00,0x00,0x00,0x00,0x00,0x00,0x00,0x00,
  0x00,0x00,0x00,0x00,0x00,0x00,0x00,0x00,0x00,0x00,0x00,0x00,
  0x00,0x00,0x00,0x00,0x00,0x00,0x00,0x00,0x00,0x00,0x00,0x00,
  0x00,0x00,0x00,0x00,0x00,0x00,0x00,0x00,0x00,0x00,0x00,0x00,
  0x00,0x00,0x1F,0xBE,0xFB,0xDF,0xFF,0xFF,0xFD,0x00,0x00,0x00,
  0x00,0x00,0x00,0x00,0x00,0x00,0x00,0x00,0x00,0x00,0x00,0x00,
  0x00,0x00,0x00,0x00,0x00,0x00,0x00,0x00,0x00,0x00,0x00,0x00,
  0x00,0x00,0x00,0x00,0x00,0x00,0x00,0x00,0x00,0x00,0x00,0x00,
  0x00,0x00,0x00,0x00,0x00,0x00,0x00,0x00,0x00,0x00,0x00,0x00,
  0x00,0x00,0x00,0x00,0x00,0x00,0x00,0x00,0x00,0x00,0x01,0xEF,
  0xFF,0xFF,0xED,0x51,0x00,0x00,0x00,0x00,0x00,0x00,0x00,0x00,
  0x00,0x00,0x00,0x00,0x00,0x00,0x00,0x00,0x00,0x00,0x00,0x00,
  0x00,0x00,0x00,0x00,0x00,0x00,0x00,0x00,0x00,0x00,0x00,0x00,
  0x00,0x00,0x00,0x00,0x00,0x00,0x00,0x00,0x00,0x00,0x00,0x00,
  0x00,0x00,0x00,0x00,0x00,0x00,0x00,0x00,0x00,0x00,0x00,0x00,
  0x00,0x00,0x00,0x00,0x00,0x00,0x00,0x01,0x15,0x20,0x00,0x00,
  0x00,0x00,0x00,0x00,0x00,0x00,0x00,0x00,0x00,0x00,0x00,0x00,
  0x00,0x00,0x00,0x00,0x00,0x00,0x00,0x00,0x00,0x00,0x00,0x00,
  0x00,0x00,0x00,0x00,0x00,0x00,0x00,0x00,0x00,0x00,0x00,0x00,
  0x00,0x00,0x00,0x00,
};

// Piston.png  (540x216)
static const uint8_t art_piston[] PROGMEM = {
  0x00,0x00,0x00,0x00,0x00,0x00,0x00,0x00,0x00,0x00,0x00,0x00,
  0x00,0x00,0x00,0x00,0x00,0x00,0x00,0x00,0x00,0x00,0x00,0x00,
  0x00,0x00,0x00,0x00,0x00,0x00,0x00,0x00,0x00,0x00,0x00,0x00,
  0x00,0x00,0x00,0x00,0x00,0x00,0x00,0x00,0x00,0x00,0x00,0x00,
  0x00,0x00,0x00,0x00,0x00,0x00,0x00,0x00,0x00,0x00,0x00,0x00,
  0x00,0x00,0x01,0x5B,0xB6,0xA4,0x00,0x00,0x00,0x00,0x00,0x00,
  0x00,0x00,0x00,0x00,0x00,0x00,0x00,0x00,0x00,0x00,0x00,0x00,
  0x00,0x00,0x00,0x00,0x00,0x00,0x00,0x00,0x00,0x00,0x00,0x00,
  0x00,0x00,0x00,0x00,0x00,0x00,0x00,0x00,0x00,0x00,0x00,0x00,
  0x00,0x00,0x00,0x00,0x00,0x00,0x00,0x00,0x00,0x00,0x00,0x00,
  0x00,0x00,0x00,0x00,0x00,0x00,0x00,0x00,0x00,0x00,0x3F,0xFE,
  0xFF,0xFF,0xF4,0x00,0x00,0x00,0x00,0x00,0x00,0x00,0x00,0x00,
  0x00,0x00,0x00,0x00,0x00,0x00,0x00,0x00,0x00,0x00,0x00,0x00,
  0x00,0x00,0x00,0x00,0x00,0x00,0x00,0x00,0x00,0x00,0x00,0x00,
  0x00,0x00,0x00,0x00,0x00,0x00,0x00,0x00,0x00,0x00,0x00,0x00,
  0x00,0x00,0x00,0x00,0x00,0x00,0x00,0x00,0x00,0x00,0x00,0x00,
  0x00,0x00,0x00,0x00,0x00,0x01,0xFE,0xD7,0x55,0xBB,0xDC,0x00,
  0x00,0x00,0x00,0x00,0x00,0x00,0x00,0x00,0x00,0x00,0x00,0x00,
  0x00,0x00,0x00,0x00,0x00,0x00,0x00,0x00,0x00,0x00,0x00,0x00,
  0x00,0x00,0x00,0x00,0x00,0x00,0x00,0x00,0x00,0x00,0x00,0x00,
  0x00,0x00,0x00,0x00,0x00,0x00,0x00,0x00,0x00,0x00,0x00,0x00,
  0x00,0x00,0x00,0x00,0x00,0x00,0x00,0x00,0x00,0x00,0x00,0x00,
  0x00,0x07,0xD5,0xFD,0xFF,0xEF,0x7C,0x00,0x00,0x00,0x00,0x00,
  0x00,0x00,0x00,0x00,0x00,0x00,0x00,0x00,0x00,0x00,0x00,0x00,
  0x00,0x00,0x00,0x00,0x00,0x00,0x00,0x00,0x00,0x00,0x00,0x00,
  0x00,0x00,0x00,0x00,0x00,0x00,0x00,0x00,0x00,0x00,0x00,0x00,
  0x00,0x00,0x00,0x00,0x00,0x00,0x00,0x00,0x00,0x00,0x00,0x00,
  0x00,0x00,0x00,0x00,0x00,0x00,0x00,0x00,0x00,0x0E,0xBF,0xB7,
  0xFF,0x7F,0xFC,0x00,0x00,0x00,0x00,0x00,0x00,0x00,0x00,0x00,
  0x00,0x00,0x00,0x00,0x00,0x00,0x00,0x00,0x00,0x00,0x00,0x00,
  0x00,0x00,0x00,0x00,0x00,0x00,0x00,0x00,0x00,0x00,0x00,0x00,
  0x00,0x00,0x00,0x00,0x00,0x00,0x00,0x00,0x00,0x00,0x00,0x00,
  0x00,0x00,0x00,0x00,0x00,0x00,0x00,0x00,0x00,0x00,0x00,0x00,
  0x00,0x00,0x00,0x00,0x00,0x1B,0xF7,0xFF,0xB7,0xFB,0x68,0x00,
  0x00,0x00,0x00,0x00,0x00,0x00,0x00,0x00,0x00,0x00,0x00,0x00,
  0x00,0x00,0x00,0x00,0x00,0x00,0x00,0x00,0x00,0x00,0x00,0x00,
  0x00,0x00,0x00,0x00,0x00,0x00,0x00,0x00,0x00,0x00,0x00,0x00,
  0x00,0x00,0x00,0x00,0x00,0x00,0x00,0x00,0x00,0x00,0x00,0x00,
  0x00,0x00,0x00,0x00,0x00,0x00,0x00,0x00,0x00,0x00,0x00,0x00,
  0x00,0x3D,0x5E,0xDE,0xFD,0xDF,0xF8,0x00,0x00,0x00,0x00,0x00,
  0x00,0x00,0x00,0x00,0x00,0x00,0x00,0x00,0x00,0x00,0x00,0x00,
  0x00,0x00,0x00,0x00,0x00,0x00,0x00,0x00,0x00,0x00,0x00,0x00,
  0x00,0x00,0x00,0x00,0x00,0x00,0x00,0x00,0x00,0x00,0x00,0x00,
  0x00,0x00,0x00,0x00,0x00,0x00,0x00,0x00,0x00,0x00,0x00,0x00,
  0x00,0x00,0x00,0x00,0x00,0x00,0x00,0x00,0x00,0x37,0xFF,0xFB,
  0xFF,0xFF,0xB8,0x00,0x00,0x00,0x00,0x00,0x00,0x00,0x00,0x00,
  0x00,0x00,0x00,0x00,0x00,0x00,0x00,0x00,0x00,0x00,0x00,0x00,
  0x00,0x00,0x00,0x00,0x00,0x00,0x00,0x00,0x00,0x00,0x00,0x00,
  0x00,0x00,0x00,0x00,0x00,0x00,0x00,0x00,0x00,0x00,0x00,0x00,
  0x00,0x00,0x00,0x00,0x00,0x00,0x00,0x00,0x00,0x00,0x00,0x00,
  0x00,0x00,0x00,0x00,0x00,0x7B,0x7B,0xBF,0xDB,0x54,0xD8,0x00,
  0x00,0x00,0x00,0x00,0x00,0x00,0x00,0x00,0x00,0x00,0x00,0x00,
  0x00,0x00,0x00,0x00,0x00,0x00,0x00,0x00,0x00,0x00,0x00,0x00,
  0x00,0x00,0x00,0x00,0x00,0x00,0x00,0x00,0x00,0x00,0x00,0x00,
  0x00,0x00,0x00,0x00,0x00,0x00,0x00,0x00,0x00,0x00,0x00,0x00,
  0x00,0x00,0x00,0x00,0x00,0x00,0x00,0x00,0x00,0x00,0x00,0x00,
  0x00,0x6F,0xDF,0xFD,0x44,0x00,0x08,0x00,0x00,0x00,0x00,0x00,
  0x00,0x00,0x00,0x00,0x00,0x00,0x00,0x00,0x00,0x00,0x00,0x00,
  0x00,0x00,0x00,0x00,0x00,0x00,0x00,0x00,0x00,0x00,0x00,0x00,
  0x00,0x00,0x00,0x00,0x00,0x00,0x00,0x00,0x00,0x00,0x00,0x00,
  0x00,0x00,0x00,0x00,0x00,0x00,0x00,0x00,0x00,0x00,0x00,0x00,
  0x00,0x00,0x00,0x00,0x00,0x00,0x00,0x00,0x00,0xFB,0x7E,0xA0,
  0x11,0x55,0x50,0x00,0x00,0x00,0x00,0x00,0x00,0x00,0x00,0x00,
  0x00,0x00,0x00,0x00,0x00,0x00,0x00,0x00,0x00,0x00,0x00,0x00,
  0x00,0x00,0x00,0x00,0x00,0x00,0x00,0x00,0x00,0x00,0x00,0x00,
  0x00,0x00,0x00,0x00,0x00,0x00,0x00,0x00,0x00,0x00,0x00,0x00,
  0x00,0x00,0x00,0x00,0x00,0x00,0x00,0x00,0x00,0x00,0x00,0x00,
  0x00,0x00,0x00,0x00,0x01,0xDF,0xF7,0x4A,0x88,0x00,0x10,0x00,
  0x00,0x00,0x00,0x00,0x00,0x00,0x00,0x00,0x00,0x00,0x00,0x00,
  0x00,0x00,0x00,0x00,0x00,0x00,0x00,0x00,0x00,0x00,0x00,0x00,
  0x00,0x00,0x00,0x00,0x00,0x00,0x00,0x00,0x00,0x00,0x00,0x00,
  0x00,0x00,0x00,0x00,0x00,0x00,0x00,0x00,0x00,0x00,0x00,0x00,
  0x00,0x00,0x00,0x00,0x00,0x00,0x00,0x00,0x00,0x00,0x00,0x00,
  0x01,0xED,0xC0,0xA8,0x45,0x55,0x50,0x00,0x00,0x00,0x00,0x00,
  0x00,0x00,0x00,0x00,0x00,0x00,0x00,0x00,0x00,0x00,0x00,0x00,
  0x00,0x00,0x00,0x00,0x00,0x00,0x00,0x00,0x00,0x00,0x00,0x00,
  0x00,0x00,0x00,0x00,0x00,0x00,0x00,0x00,0x00,0x00,0x00,0x00,
  0x00,0x00,0x00,0x00,0x00,0x00,0x00,0x00,0x00,0x00,0x00,0x00,
  0x00,0x00,0x00,0x00,0x00,0x00,0x00,0x00,0x03,0xBF,0x2E,0x97,
  0xA8,0x00,0x10,0x00,0x00,0x00,0x00,0x00,0x00,0x00,0x00,0x00,
  0x00,0x00,0x00,0x00,0x00,0x00,0x00,0x00,0x00,0x00,0x00,0x00,
  0x00,0x00,0x00,0x00,0x00,0x00,0x00,0x00,0x00,0x00,0x00,0x00,
  0x00,0x00,0x00,0x00,0x00,0x00,0x00,0x00,0x00,0x00,0x00,0x00,
  0x00,0x00,0x00,0x00,0x00,0x00,0x00,0x00,0x00,0x00,0x00,0x00,
  0x00,0x00,0x00,0x00,0x07,0x7E,0x80,0x40,0x52,0xAA,0x90,0x00,
  0x00,0x00,0x00,0x00,0x00,0x00,0x00,0x00,0x00,0x00,0x00,0x00,
  0x00,0x00,0x00,0x00,0x00,0x00,0x00,0x00,0x00,0x00,0x00,0x00,
  0x00,0x00,0x00,0x00,0x00,0x00,0x00,0x00,0x00,0x00,0x00,0x00,
  0x00,0x00,0x00,0x00,0x00,0x00,0x00,0x00,0x00,0x00,0x00,0x00,
  0x00,0x00,0x00,0x00,0x00,0x00,0x00,0x00,0x00,0x00,0x00,0x00,
  0x07,0xEC,0x2A,0x29,0x2D,0x44,0x30,0x00,0x00,0x00,0x00,0x00,
  0x00,0x00,0x00,0x00,0x00,0x00,0x00,0x00,0x00,0x00,0x00,0x00,
  0x00,0x00,0x00,0x00,0x00,0x00,0x00,0x00,0x00,0x00,0x00,0x00,
  0x00,0x00,0x00,0x00,0x00,0x00,0x00,0x00,0x00,0x00,0x00,0x00,
  0x00,0x00,0x00,0x00,0x00,0x00,0x00,0x00,0x00,0x00,0x00,0x00,
  0x00,0x00,0x00,0x00,0x00,0x00,0x00,0x00,0x0D,0x79,0x01,0x04,
  0x92,0xB5,0xE0,0x00,0x00,0x00,0x00,0x00,0x00,0x00,0x00,0x00,
  0x00,0x00,0x00,0x00,0x00,0x00,0x00,0x00,0x00,0x00,0x00,0x00,
  0x00,0x00,0x00,0x00,0x00,0x00,0x00,0x00,0x00,0x00,0x00,0x00,
  0x00,0x00,0x00,0x00,0x00,0x00,0x00,0x00,0x00,0x00,0x00,0x00,
  0x00,0x00,0x00,0x00,0x00,0x00,0x00,0x00,0x00,0x00,0x00,0x00,
  0x00,0x00,0x00,0x00,0x0F,0xF8,0xA8,0xA1,0x18,0x00,0xA0,0x00,
  0x00,0x00,0x00,0x00,0x00,0x00,0x00,0x00,0x00,0x00,0x00,0x00,
  0x00,0x00,0x00,0x00,0x00,0x00,0x00,0x00,0x00,0x00,0x00,0x00,
  0x00,0x00,0x00,0x00,0x00,0x00,0x00,0x00,0x00,0x00,0x00,0x00,
  0x00,0x00,0x00,0x00,0x00,0x00,0x00,0x00,0x00,0x00,0x00,0x00,
  0x00,0x00,0x00,0x00,0x00,0x00,0x00,0x00,0x00,0x00,0x00,0x00,
  0x1D,0xB2,0x04,0x14,0x49,0x25,0x60,0x00,0x00,0x00,0x00,0x00,
  0x00,0x00,0x00,0x00,0x00,0x00,0x00,0x00,0x00,0x00,0x00,0x00,
  0x00,0x00,0x00,0x00,0x00,0x00,0x00,0x00,0x00,0x00,0x00,0x00,
  0x00,0x00,0x00,0x00,0x00,0x00,0x00,0x00,0x00,0x00,0x00,0x00,
  0x00,0x00,0x00,0x00,0x00,0x00,0x00,0x00,0x00,0x00,0x00,0x00,
  0x00,0x00,0x00,0x00,0x00,0x00,0x00,0x00,0x3F,0xE4,0xA2,0x81,
  0x20,0x88,0x40,0x00,0x00,0x00,0x00,0x00,0x00,0x00,0x00,0x00,
  0x00,0x00,0x00,0x00,0x00,0x00,0x00,0x00,0x00,0x00,0x00,0x00,
  0x00,0x00,0x00,0x00,0x00,0x00,0x00,0x00,0x00,0x00,0x00,0x00,
  0x00,0x00,0x00,0x00,0x00,0x00,0x00,0x00,0x00,0x00,0x00,0x00,
  0x00,0x00,0x00,0x00,0x00,0x00,0x00,0x00,0x00,0x00,0x00,0x00,
  0x00,0x00,0x00,0x00,0x35,0xE0,0x10,0x54,0x94,0x22,0x40,0x00,
  0x00,0x00,0x00,0x00,0x00,0x00,0x00,0x00,0x00,0x00,0x00,0x00,
  0x00,0x00,0x00,0x00,0x00,0x00,0x00,0x00,0x00,0x00,0x00,0x00,
  0x00,0x00,0x00,0x00,0x00,0x00,0x00,0x00,0x00,0x00,0x00,0x00,
  0x00,0x00,0x00,0x00,0x00,0x00,0x00,0x00,0x00,0x00,0x00,0x00,
  0x00,0x00,0x00,0x00,0x00,0x00,0x00,0x00,0x00,0x00,0x00,0x00,
  0x7F,0x4A,0x8A,0x02,0x22,0x88,0x40,0x00,0x00,0x00,0x00,0x00,
  0x00,0x00,0x00,0x00,0x00,0x00,0x00,0x00,0x00,0x00,0x00,0x00,
  0x00,0x00,0x00,0x00,0x00,0x00,0x00,0x00,0x00,0x00,0x00,0x00,
  0x00,0x00,0x00,0x00,0x00,0x00,0x00,0x00,0x00,0x00,0x00,0x00,
  0x00,0x00,0x00,0x00,0x00,0x00,0x00,0x00,0x00,0x00,0x00,0x00,
  0x00,0x00,0x00,0x00,0x00,0x00,0x00,0x00,0xEB,0xC0,0x41,0x50,
  0xA0,0x22,0xC0,0x00,0x00,0x00,0x00,0x00,0x00,0x00,0x00,0x00,
  0x00,0x00,0x00,0x00,0x00,0x00,0x00,0x00,0x00,0x00,0x00,0x00,
  0x00,0x00,0x00,0x00,0x00,0x00,0x00,0x00,0x00,0x00,0x00,0x00,
  0x00,0x00,0x00,0x00,0x00,0x00,0x00,0x00,0x00,0x00,0x00,0x00,
  0x00,0x00,0x00,0x00,0x00,0x00,0x00,0x00,0x00,0x00,0x00,0x00,
  0x00,0x00,0x00,0x00,0xDF,0x95,0x28,0x0A,0x0A,0x88,0x40,0x00,
  0x00,0x00,0x00,0x00,0x00,0x00,0x00,0x00,0x00,0x00,0x00,0x00,
  0x00,0x00,0x00,0x00,0x00,0x00,0x00,0x00,0x00,0x00,0x00,0x00,
  0x00,0x00,0x00,0x00,0x00,0x00,0x00,0x00,0x00,0x00,0x00,0x00,
  0x00,0x00,0x00,0x00,0x00,0x00,0x00,0x00,0x00,0x00,0x00,0x00,
  0x00,0x00,0x00,0x00,0x00,0x00,0x00,0x00,0x00,0x00,0x00,0x01,
  0xF7,0x00,0x85,0x40,0xA0,0x22,0x80,0x00,0x00,0x00,0x00,0x00,
  0x00,0x00,0x00,0x00,0x00,0x00,0x00,0x00,0x00,0x00,0x00,0x00,
  0x00,0x00,0x00,0x00,0x00,0x00,0x00,0x00,0x00,0x00,0x00,0x00,
  0x00,0x00,0x00,0x00,0x00,0x00,0x00,0x00,0x00,0x00,0x00,0x00,
  0x00,0x00,0x00,0x00,0x00,0x00,0x00,0x00,0x00,0x00,0x00,0x00,
  0x00,0x00,0x00,0x00,0x00,0x00,0x00,0x01,0xBE,0x54,0x20,0x2A,
  0x55,0x94,0x80,0x00,0x00,0x00,0x00,0x00,0x00,0x00,0x00,0x00,
  0x00,0x00,0x00,0x00,0x00,0x00,0x00,0x00,0x00,0x00,0x00,0x00,
  0x00,0x00,0x00,0x00,0x00,0x00,0x00,0x00,0x00,0x00,0x00,0x00,
  0x00,0x00,0x00,0x00,0x00,0x00,0x00,0x00,0x00,0x00,0x00,0x00,
  0x00,0x00,0x00,0x00,0x00,0x00,0x00,0x00,0x00,0x00,0x00,0x00,
  0x00,0x00,0x00,0x03,0xDE,0x02,0x8A,0x80,0x82,0x02,0x80,0x00,
  0x00,0x00,0x00,0x00,0x00,0x00,0x00,0x00,0x00,0x00,0x00,0x00,
  0x00,0x00,0x00,0x00,0x00,0x00,0x00,0x00,0x00,0x00,0x00,0x00,
  0x00,0x00,0x00,0x00,0x00,0x00,0x00,0x00,0x00,0x00,0x00,0x00,
  0x00,0x00,0x00,0x00,0x00,0x00,0x00,0x00,0x00,0x00,0x00,0x00,
  0x00,0x00,0x00,0x00,0x00,0x00,0x00,0x00,0x00,0x00,0x00,0x07,
  0x7A,0x50,0x20,0x2A,0x50,0xA8,0x80,0x00,0x00,0x00,0x00,0x00,
  0x00,0x00,0x00,0x00,0x00,0x00,0x00,0x00,0x00,0x00,0x00,0x00,
  0x00,0x00,0x00,0x00,0x00,0x00,0x00,0x00,0x00,0x00,0x00,0x00,
  0x00,0x00,0x00,0x00,0x00,0x00,0x00,0x00,0x00,0x00,0x00,0x00,
  0x00,0x00,0x00,0x00,0x00,0x00,0x00,0x00,0x00,0x00,0x00,0x00,
  0x00,0x00,0x00,0x00,0x00,0x00,0x00,0x07,0xDC,0x8A,0x8A,0x80,
  0x8A,0x05,0x00,0x00,0x00,0x00,0x00,0x00,0x00,0x00,0x00,0x00,
  0x00,0x00,0x00,0x00,0x00,0x00,0x00,0x00,0x00,0x00,0x00,0x00,
  0x00,0x00,0x00,0x00,0x00,0x00,0x00,0x00,0x00,0x00,0x00,0x00,
  0x00,0x00,0x00,0x00,0x00,0x00,0x00,0x00,0x00,0x00,0x00,0x00,
  0x00,0x00,0x00,0x00,0x00,0x00,0x00,0x00,0x00,0x00,0x00,0x00,
  0x00,0x00,0x00,0x0E,0xF8,0x20,0x40,0x2A,0x41,0x51,0x80,0x00,
  0x00,0x00,0x00,0x00,0x00,0x00,0x00,0x00,0x00,0x00,0x00,0x00,
  0x00,0x00,0x00,0x00,0x00,0x00,0x00,0x00,0x00,0x00,0x00,0x00,
  0x00,0x00,0x00,0x00,0x00,0x00,0x00,0x00,0x00,0x00,0x00,0x00,
  0x00,0x00,0x00,0x00,0x00,0x00,0x00,0x00,0x00,0x00,0x00,0x00,
  0x00,0x00,0x00,0x00,0x00,0x00,0x00,0x00,0x00,0x00,0x00,0x0F,
  0x71,0x0A,0x2A,0x81,0x14,0x05,0x00,0x00,0x00,0x00,0x00,0x00,
  0x00,0x00,0x00,0x00,0x00,0x00,0x00,0x00,0x00,0x00,0x00,0x00,
  0x00,0x00,0x00,0x00,0x00,0x00,0x00,0x00,0x00,0x00,0x00,0x00,
  0x00,0x00,0x00,0x00,0x00,0x00,0x00,0x00,0x00,0x00,0x00,0x00,
  0x00,0x00,0x00,0x00,0x00,0x00,0x00,0x00,0x00,0x00,0x00,0x00,
  0x00,0x00,0x00,0x00,0x00,0x00,0x00,0x1B,0xD4,0xA1,0x00,0x29,
  0x41,0x51,0x00,0x00,0x00,0x00,0x00,0x00,0x00,0x00,0x00,0x00,
  0x00,0x00,0x00,0x00,0x00,0x00,0x00,0x00,0x00,0x00,0x00,0x00,
  0x00,0x00,0x00,0x00,0x00,0x00,0x00,0x00,0x00,0x00,0x00,0x00,
  0x00,0x00,0x00,0x00,0x00,0x00,0x00,0x00,0x00,0x00,0x00,0x00,
  0x00,0x00,0x00,0x00,0x00,0x00,0x00,0x00,0x00,0x00,0x00,0x00,
  0x00,0x00,0x00,0x3D,0x60,0x08,0xAA,0x84,0x14,0x05,0x00,0x00,
  0x00,0x00,0x00,0x00,0x00,0x00,0x00,0x00,0x00,0x00,0x00,0x00,
  0x00,0x00,0x00,0x00,0x00,0x00,0x00,0x00,0x00,0x00,0x00,0x00,
  0x00,0x00,0x00,0x00,0x00,0x00,0x00,0x00,0x00,0x00,0x00,0x00,
  0x00,0x00,0x00,0x00,0x00,0x00,0x00,0x00,0x00,0x00,0x00,0x00,
  0x00,0x00,0x00,0x00,0x00,0x00,0x00,0x00,0x00,0x00,0x00,0x37,
  0xE5,0x44,0x00,0x22,0x81,0x51,0x00,0x00,0x00,0x00,0x00,0x00,
  0x00,0x00,0x00,0x00,0x00,0x00,0x00,0x00,0x00,0x00,0x00,0x00,
  0x00,0x00,0x00,0x00,0x00,0x00,0x00,0x00,0x00,0x00,0x00,0x00,
  0x00,0x00,0x00,0x00,0x00,0x00,0x00,0x00,0x00,0x00,0x00,0x00,
  0x00,0x00,0x00,0x00,0x00,0x00,0x00,0x00,0x00,0x00,0x00,0x00,
  0x00,0x00,0x00,0x00,0x00,0x00,0x00,0x7D,0xC8,0x22,0xAA,0x92,
  0x54,0x06,0x00,0x00,0x00,0x00,0x00,0x00,0x00,0x00,0x00,0x00,
  0x00,0x00,0x00,0x00,0x00,0x00,0x00,0x00,0x00,0x00,0x00,0x00,
  0x00,0x00,0x00,0x00,0x00,0x00,0x00,0x00,0x00,0x00,0x00,0x00,
  0x00,0x00,0x00,0x00,0x00,0x00,0x00,0x00,0x00,0x00,0x00,0x00,
  0x00,0x00,0x00,0x00,0x00,0x00,0x00,0x00,0x00,0x00,0x00,0x00,
  0x00,0x00,0x00,0xEF,0x82,0x90,0x00,0x08,0x01,0x52,0x00,0x00,
  0x00,0x00,0x00,0x00,0x00,0x00,0x00,0x00,0x00,0x00,0x00,0x00,
  0x00,0x00,0x00,0x00,0x00,0x00,0x00,0x00,0x00,0x00,0x00,0x00,
  0x00,0x00,0x00,0x00,0x00,0x00,0x00,0x00,0x00,0x00,0x00,0x00,
  0x00,0x00,0x00,0x00,0x00,0x00,0x00,0x00,0x00,0x00,0x00,0x00,
  0x00,0x00,0x00,0x00,0x00,0x00,0x00,0x00,0x00,0x00,0x00,0xF7,
  0x90,0x0A,0xAA,0xA2,0xA8,0x02,0x00,0x00,0x00,0x00,0x00,0x00,
  0x00,0x00,0x00,0x00,0x00,0x00,0x00,0x00,0x00,0x00,0x00,0x00,
  0x00,0x00,0x00,0x00,0x00,0x00,0x00,0x00,0x00,0x00,0x00,0x00,
  0x00,0x00,0x00,0x00,0x00,0x00,0x00,0x00,0x00,0x00,0x00,0x00,
  0x00,0x00,0x00,0x00,0x00,0x00,0x00,0x00,0x00,0x00,0x00,0x00,
  0x00,0x00,0x00,0x00,0x00,0x00,0x01,0xDE,0x0A,0xA0,0x00,0x0A,
  0x05,0x52,0x00,0x00,0x00,0x00,0x00,0x00,0x00,0x00,0x00,0x00,
  0x00,0x00,0x00,0x00,0x00,0x00,0x00,0x00,0x00,0x00,0x00,0x00,
  0x00,0x00,0x00,0x00,0x00,0x00,0x00,0x00,0x00,0x00,0x00,0x00,
  0x00,0x00,0x00,0x00,0x00,0x00,0x00,0x00,0x00,0x00,0x00,0x00,
  0x00,0x00,0x00,0x00,0x00,0x00,0x00,0x00,0x00,0x00,0x00,0x00,
  0x00,0x00,0x01,0xEF,0x20,0x15,0x55,0x44,0xA0,0x0A,0x00,0x00,
  0x00,0x00,0x00,0x00,0x00,0x00,0x00,0x00,0x00,0x00,0x00,0x00,
  0x00,0x00,0x00,0x00,0x00,0x00,0x00,0x00,0x00,0x00,0x00,0x00,
  0x00,0x00,0x00,0x00,0x00,0x00,0x00,0x00,0x00,0x00,0x00,0x00,
  0x00,0x00,0x00,0x00,0x00,0x00,0x00,0x00,0x00,0x00,0x00,0x00,
  0x00,0x00,0x00,0x00,0x00,0x00,0x00,0x00,0x00,0x00,0x03,0xBC,
  0x15,0x40,0x00,0x24,0x15,0x44,0x00,0x00,0x00,0x00,0x00,0x00,
  0x00,0x00,0x00,0x00,0x00,0x00,0x00,0x00,0x00,0x00,0x00,0x00,
  0x00,0x00,0x00,0x00,0x00,0x00,0x00,0x00,0x00,0x00,0x00,0x00,
  0x00,0x00,0x00,0x00,0x00,0x00,0x00,0x00,0x00,0x00,0x00,0x00,
  0x00,0x00,0x00,0x00,0x00,0x00,0x00,0x00,0x00,0x00,0x00,0x00,
  0x00,0x00,0x00,0x00,0x00,0x00,0x07,0xF6,0x40,0x15,0x55,0x12,
  0x80,0x24,0x00,0x00,0x00,0x00,0x00,0x00,0x00,0x00,0x00,0x00,
  0x00,0x00,0x00,0x00,0x00,0x00,0x00,0x00,0x00,0x00,0x00,0x00,
  0x00,0x00,0x00,0x00,0x00,0x00,0x00,0x00,0x00,0x00,0x00,0x00,
  0x00,0x00,0x00,0x00,0x00,0x00,0x00,0x00,0x00,0x00,0x00,0x00,
  0x00,0x00,0x00,0x00,0x00,0x00,0x00,0x00,0x00,0x00,0x00,0x00,
  0x00,0x00,0x06,0xBC,0x2A,0x80,0x00,0x88,0x55,0x14,0x00,0x00,
  0x00,0x00,0x00,0x00,0x00,0x00,0x00,0x00,0x00,0x00,0x00,0x00,
  0x00,0x00,0x00,0x00,0x00,0x00,0x00,0x00,0x00,0x00,0x00,0x00,
  0x00,0x00,0x00,0x00,0x00,0x00,0x00,0x00,0x00,0x00,0x00,0x00,
  0x00,0x00,0x00,0x00,0x00,0x00,0x00,0x00,0x00,0x00,0x00,0x00,
  0x00,0x00,0x00,0x00,0x00,0x00,0x00,0x00,0x00,0x00,0x0F,0xF8,
  0x80,0x55,0x54,0x4A,0x00,0x84,0x00,0x00,0x00,0x00,0x00,0x00,
  0x00,0x00,0x00,0x00,0x00,0x00,0x00,0x00,0x00,0x00,0x00,0x00,
  0x00,0x00,0x00,0x00,0x00,0x00,0x00,0x00,0x00,0x00,0x00,0x00,
  0x00,0x00,0x00,0x00,0x00,0x00,0x00,0x00,0x00,0x00,0x00,0x00,
  0x00,0x00,0x00,0x00,0x00,0x00,0x00,0x00,0x00,0x00,0x00,0x00,
  0x00,0x00,0x00,0x00,0x00,0x00,0x1D,0x70,0x55,0x00,0x02,0x21,
  0x54,0x54,0x00,0x00,0x00,0x00,0x00,0x00,0x00,0x00,0x00,0x00,
  0x00,0x00,0x00,0x00,0x00,0x00,0x00,0x00,0x00,0x00,0x00,0x00,
  0x00,0x00,0x00,0x00,0x00,0x00,0x00,0x00,0x00,0x00,0x00,0x00,
  0x00,0x00,0x00,0x00,0x00,0x00,0x00,0x00,0x00,0x00,0x00,0x00,
  0x00,0x00,0x00,0x00,0x00,0x00,0x00,0x00,0x00,0x00,0x00,0x00,
  0x00,0x00,0x1F,0xE2,0x00,0x55,0x51,0x14,0x02,0x08,0x00,0x00,
  0x00,0x00,0x00,0x60,0x00,0x00,0x00,0x00,0x00,0x00,0x00,0x00,
  0x00,0x00,0x00,0x00,0x00,0x00,0x00,0x00,0x00,0x00,0x00,0x00,
  0x00,0x00,0x00,0x00,0x00,0x00,0x00,0x00,0x00,0x00,0x00,0x00,
  0x00,0x00,0x00,0x00,0x00,0x00,0x00,0x00,0x00,0x00,0x00,0x00,
  0x00,0x00,0x00,0x00,0x00,0x00,0x00,0x00,0x00,0x00,0x35,0xA1,
  0x55,0x00,0x08,0x91,0x51,0x48,0x00,0x00,0x00,0x00,0x00,0x50,
  0x00,0x00,0x00,0x00,0x00,0x00,0x00,0x00,0x00,0x00,0x00,0x00,
  0x00,0x00,0x00,0x00,0x00,0x00,0x00,0x00,0x00,0x00,0x00,0x00,
  0x00,0x00,0x00,0x00,0x00,0x00,0x00,0x00,0x00,0x00,0x00,0x00,
  0x00,0x00,0x00,0x00,0x00,0x00,0x00,0x00,0x00,0x00,0x00,0x00,
  0x00,0x00,0x00,0x00,0x00,0x00,0x3F,0xE4,0x00,0x55,0x44,0x24,
  0x08,0x28,0x00,0x00,0x00,0x00,0x00,0xA0,0x00,0x00,0x00,0x00,
  0x00,0x00,0x00,0x00,0x00,0x00,0x00,0x00,0x00,0x00,0x00,0x00,
  0x00,0x00,0x00,0x00,0x00,0x00,0x00,0x00,0x00,0x00,0x00,0x00,
  0x00,0x00,0x00,0x00,0x00,0x00,0x00,0x00,0x00,0x00,0x00,0x00,
  0x00,0x00,0x00,0x00,0x00,0x00,0x00,0x00,0x00,0x00,0x00,0x00,
  0x00,0x00,0x76,0xC2,0xAA,0x00,0x22,0x91,0x45,0x08,0x00,0x00,
  0x00,0x00,0x00,0x90,0x00,0x00,0x00,0x00,0x00,0x00,0x00,0x00,
  0x00,0x00,0x00,0x00,0x00,0x00,0x00,0x00,0x00,0x00,0x00,0x00,
  0x00,0x00,0x00,0x00,0x00,0x00,0x00,0x00,0x00,0x00,0x00,0x00,
  0x00,0x00,0x00,0x00,0x00,0x00,0x00,0x00,0x00,0x00,0x00,0x00,
  0x00,0x00,0x00,0x00,0x00,0x00,0x00,0x00,0x00,0x00,0xFF,0x88,
  0x01,0x55,0x10,0x24,0x20,0xA8,0x00,0x00,0x00,0x00,0x00,0xF0,
  0x00,0x00,0x00,0x00,0x00,0x00,0x00,0x00,0x00,0x00,0x00,0x00,
  0x00,0x00,0x00,0x00,0x00,0x00,0x00,0x00,0x00,0x00,0x00,0x00,
  0x00,0x00,0x00,0x00,0x00,0x00,0x00,0x00,0x00,0x00,0x00,0x00,
  0x00,0x00,0x00,0x00,0x00,0x00,0x00,0x00,0x00,0x00,0x00,0x00,
  0x00,0x00,0x00,0x00,0x00,0x00,0xD7,0x02,0xA8,0x00,0x8A,0xA9,
  0x15,0x10,0x00,0x00,0x00,0x00,0x00,0xF0,0x00,0x00,0x00,0x00,
  0x00,0x00,0x00,0x00,0x00,0x00,0x00,0x00,0x00,0x00,0x00,0x00,
  0x00,0x00,0x00,0x00,0x00,0x00,0x00,0x00,0x00,0x00,0x00,0x00,
  0x00,0x00,0x00,0x00,0x00,0x00,0x00,0x00,0x00,0x00,0x00,0x00,
  0x00,0x00,0x00,0x00,0x00,0x00,0x00,0x00,0x00,0x00,0x00,0x00,
  0x00,0x01,0xFD,0x50,0x05,0x54,0x40,0x22,0x40,0x98,0x00,0x00,
  0x00,0x00,0x01,0xD0,0x00,0x00,0x00,0x00,0x00,0x00,0x00,0x00,
  0x00,0x00,0x00,0x00,0x00,0x00,0x00,0x00,0x00,0x00,0x00,0x00,
  0x00,0x00,0x00,0x00,0x00,0x00,0x00,0x00,0x00,0x00,0x00,0x00,
  0x00,0x00,0x00,0x00,0x00,0x00,0x00,0x00,0x00,0x00,0x00,0x00,
  0x00,0x00,0x00,0x00,0x00,0x00,0x00,0x00,0x00,0x01,0xAF,0x0A,
  0xA0,0x02,0x2A,0x88,0x94,0x50,0x00,0x00,0x00,0x00,0x00,0x88,
  0x00,0x00,0x00,0x00,0x00,0x00,0x00,0x00,0x00,0x00,0x00,0x00,
  0x00,0x00,0x00,0x00,0x00,0x00,0x00,0x00,0x00,0x00,0x00,0x00,
  0x00,0x00,0x00,0x00,0x00,0x00,0x00,0x00,0x00,0x00,0x30,0x00,
  0x00,0x00,0x00,0x00,0x00,0x00,0x00,0x00,0x00,0x00,0x00,0x00,
  0x00,0x00,0x00,0x00,0x00,0x03,0xFC,0x20,0x15,0x51,0x00,0x42,
  0x02,0x10,0x00,0x00,0x00,0x00,0x01,0x10,0x00,0x00,0x00,0x00,
  0x00,0x00,0x00,0x00,0x00,0x00,0x00,0x00,0x00,0x00,0x00,0x00,
  0x00,0x00,0x00,0x00,0x00,0x00,0x00,0x00,0x00,0x00,0x00,0x00,
  0x00,0x00,0x00,0x00,0x00,0x00,0x20,0x00,0x00,0x00,0x00,0x00,
  0x00,0x00,0x00,0x00,0x00,0x00,0x00,0x00,0x00,0x00,0x00,0x00,
  0x00,0x07,0x74,0x0A,0x80,0x08,0xAA,0x90,0xA9,0x50,0x00,0x00,
  0x00,0x00,0x01,0x78,0x00,0x00,0x00,0x00,0x00,0x00,0x00,0x00,
  0x00,0x00,0x00,0x00,0x00,0x00,0x00,0x00,0x00,0x00,0x00,0x00,
  0x00,0x00,0x00,0x00,0x00,0x00,0x00,0x00,0x00,0x00,0x00,0x00,
  0x00,0x00,0x40,0x00,0x00,0x00,0x00,0x00,0x00,0x00,0x00,0x00,
  0x00,0x00,0x00,0x00,0x00,0x00,0x00,0x00,0x00,0x07,0xBC,0xA0,
  0x55,0x44,0x00,0x8A,0x10,0x20,0x00,0x00,0x00,0x00,0x01,0x78,
  0x00,0x00,0x00,0x00,0x00,0x00,0x00,0x00,0x00,0x00,0x00,0x00,
  0x00,0x00,0x00,0x00,0x00,0x00,0x00,0x00,0x00,0x00,0x00,0x00,
  0x00,0x00,0x00,0x00,0x00,0x00,0x00,0x00,0x00,0x00,0x80,0x00,
  0x00,0x00,0x00,0x00,0x00,0x00,0x00,0x00,0x00,0x00,0x00,0x00,
  0x00,0x00,0x00,0x00,0x00,0x0E,0xF8,0x0A,0x00,0x22,0xAA,0x41,
  0x45,0x20,0x00,0x00,0x00,0x00,0x01,0xF8,0x00,0x00,0x00,0x00,
  0x00,0x00,0x00,0x00,0x00,0x00,0x00,0x00,0x00,0x00,0x00,0x00,
  0x00,0x00,0x00,0x00,0x00,0x00,0x00,0x00,0x00,0x00,0x00,0x00,
  0x00,0x00,0x00,0x00,0x00,0x01,0x80,0x00,0x00,0x00,0x00,0x00,
  0x00,0x00,0x00,0x00,0x00,0x00,0x00,0x00,0x00,0x00,0x00,0x00,
  0x00,0x1F,0xE1,0x50,0xAA,0x88,0x00,0x94,0x10,0xA0,0x00,0x00,
  0x00,0x00,0x01,0xF8,0x00,0x00,0x00,0x00,0x00,0x00,0x00,0x00,
  0x00,0x00,0x00,0x00,0x00,0x00,0x00,0x00,0x00,0x00,0x00,0x00,
  0x00,0x00,0x00,0x00,0x00,0x00,0x00,0x00,0x00,0x00,0x00,0x00,
  0x00,0x02,0x00,0x00,0x00,0x00,0x00,0x00,0x00,0x00,0x00,0x00,
  0x00,0x00,0x00,0x00,0x00,0x00,0x00,0x00,0x00,0x1A,0xB4,0x04,
  0x00,0x22,0xAA,0x42,0x8A,0x20,0x00,0x00,0x00,0x00,0x01,0xF8,
  0x00,0x00,0x00,0x00,0x00,0x00,0x00,0x00,0x00,0x00,0x00,0x00,
  0x00,0x00,0x00,0x00,0x00,0x00,0x00,0x00,0x00,0xAA,0xAA,0xA0,
  0x00,0x00,0x00,0x00,0x00,0x00,0x00,0x00,0x00,0x06,0x00,0x00,
  0x00,0x00,0x00,0x00,0x00,0x00,0x00,0x00,0x00,0x00,0x00,0x00,
  0x00,0x00,0x00,0x00,0x00,0x3F,0xE1,0x51,0x55,0x08,0x01,0x10,
  0x40,0xA0,0x00,0x00,0x00,0x00,0x01,0xF8,0x00,0x00,0x00,0x00,
  0x00,0x00,0x00,0x00,0x00,0x00,0x00,0x00,0x00,0x00,0x00,0x00,
  0x00,0x00,0x00,0x05,0xBE,0xA5,0x25,0x2F,0xFD,0x40,0x00,0x00,
  0x00,0x00,0x00,0x00,0x00,0x0C,0x00,0x00,0x00,0x00,0x00,0x00,
  0x00,0x00,0x00,0x00,0x00,0x00,0x00,0x00,0x00,0x00,0x00,0x00,
  0x00,0x35,0xC2,0x04,0x00,0xA2,0xA9,0x4A,0x2A,0x40,0x00,0x00,
  0x00,0x00,0x01,0xF8,0x00,0x00,0x00,0x00,0x00,0x00,0x00,0x00,
  0x00,0x00,0x00,0x00,0x00,0x00,0x00,0x00,0x00,0x00,0x01,0x7A,
  0x00,0x00,0x00,0x00,0x01,0x7F,0x40,0x00,0x00,0x00,0x00,0x00,
  0x00,0x10,0x00,0x00,0x00,0x00,0x00,0x00,0x00,0x00,0x00,0x00,
  0x00,0x00,0x00,0x00,0x00,0x00,0x00,0x00,0x00,0x7F,0x90,0xA2,
  0xAA,0x08,0x04,0x01,0x01,0x40,0x00,0x00,0x00,0x00,0x03,0xF8,
  0x00,0x00,0x00,0x00,0x00,0x00,0x00,0x00,0x00,0x00,0x00,0x00,
  0x00,0x00,0x00,0x00,0x00,0x00,0x3E,0x80,0xAA,0xB5,0xB5,0x55,
  0x48,0x00,0xBF,0x40,0x00,0x00,0x00,0x00,0x00,0x30,0x00,0x00,
  0x00,0x00,0x00,0x00,0x00,0x00,0x00,0x00,0x00,0x00,0x00,0x00,
  0x00,0x00,0x00,0x00,0x00,0xED,0x84,0x10,0x00,0xA2,0xA2,0xA8,
  0xA8,0x40,0x00,0x00,0x00,0x00,0x01,0xFC,0x00,0x00,0x00,0x00,
  0x00,0x00,0x00,0x00,0x00,0x00,0x00,0x00,0x00,0x00,0x00,0x00,
  0x00,0x02,0xC0,0x2A,0xA0,0x00,0x00,0x00,0x05,0xA0,0x00,0x7E,
  0x80,0x00,0x00,0x00,0x00,0x40,0x00,0x00,0x00,0x00,0x00,0x00,
  0x00,0x00,0x00,0x00,0x00,0x00,0x00,0x00,0x00,0x00,0x00,0x00,
  0x00,0xFF,0x12,0x8A,0xAA,0x08,0x12,0x04,0x05,0x40,0x00,0x00,
  0x00,0x00,0x03,0xF8,0x00,0x00,0x00,0x00,0x00,0x00,0x00,0x00,
  0x00,0x00,0x00,0x00,0x00,0x00,0x00,0x00,0x00,0x1A,0x00,0x80,
  0x04,0x00,0x00,0x48,0x70,0x24,0x00,0x01,0x7D,0x00,0x00,0x00,
  0x00,0xC0,0x00,0x00,0x00,0x00,0x00,0x00,0x00,0x00,0x00,0x00,
  0x00,0x00,0x00,0x00,0x00,0x00,0x00,0x00,0x01,0xD6,0x00,0x40,
  0x00,0xA2,0x8A,0x52,0xA0,0x40,0x00,0x00,0x00,0x00,0x01,0xFC,
  0x00,0x00,0x00,0x00,0x00,0x00,0x00,0x00,0x00,0x00,0x00,0x00,
  0x00,0x00,0x00,0x00,0x00,0xE0,0x05,0x10,0x10,0x84,0x44,0x01,
  0x30,0x10,0x91,0x00,0x02,0xE8,0x00,0x00,0x00,0x80,0x00,0x00,
  0x00,0x00,0x00,0x00,0x00,0x00,0x00,0x00,0x00,0x00,0x00,0x00,
  0x00,0x00,0x00,0x00,0x03,0xFC,0x4A,0x2A,0xAA,0x08,0x24,0x08,
  0x15,0x40,0x00,0x00,0x00,0x00,0x03,0xFC,0x00,0x00,0x00,0x00,
  0x00,0x00,0x00,0x00,0x00,0x00,0x00,0x00,0x00,0x00,0x00,0x00,
  0x07,0xFE,0x90,0x41,0x02,0x52,0x91,0x00,0x29,0x20,0x00,0x24,
  0x00,0x0F,0xA0,0x00,0x03,0x00,0x00,0x00,0x00,0x00,0x00,0x00,
  0x00,0x00,0x00,0x00,0x00,0x00,0x00,0x00,0x00,0x00,0x00,0x00,
  0x03,0x78,0x11,0x00,0x00,0xA2,0x82,0xA2,0x80,0x80,0x00,0x00,
  0x00,0x00,0x03,0xFC,0x00,0x00,0x00,0x00,0x00,0x00,0x00,0x00,
  0x00,0x00,0x00,0x00,0x00,0x00,0x00,0x00,0x3E,0x9F,0x82,0x05,
  0xFF,0xFF,0xFF,0xFE,0x80,0x02,0x24,0x80,0x90,0x00,0x5E,0x80,
  0x02,0x00,0x00,0x00,0x00,0x00,0x00,0x00,0x00,0x00,0x00,0x00,
  0x00,0x00,0x00,0x00,0x00,0x00,0x00,0x00,0x07,0xA2,0x84,0xAA,
  0xAA,0x08,0x28,0x08,0x54,0x80,0x00,0x00,0x00,0x00,0x03,0xFC,
  0x00,0x00,0x00,0x00,0x00,0x00,0x00,0x00,0x00,0x00,0x00,0x00,
  0x00,0x00,0x00,0x00,0xE5,0xFF,0xC0,0x3F,0xFF,0xFF,0xFF,0xFF,
  0xF2,0x20,0x00,0x00,0x02,0x40,0x01,0x74,0x0A,0x00,0x00,0x00,
  0x00,0x00,0x00,0x00,0x00,0x00,0x00,0x00,0x00,0x00,0x00,0x00,
  0x00,0x00,0x00,0x00,0x06,0xE0,0x22,0x00,0x00,0xA2,0x8A,0xA2,
  0x02,0x80,0x00,0x00,0x00,0x00,0x03,0xFC,0x00,0x00,0x00,0x00,
  0x00,0x00,0x00,0x00,0x00,0x00,0x00,0x00,0x00,0x00,0x00,0x07,
  0x9B,0xFB,0xC4,0xBF,0x6D,0xBE,0xEF,0x77,0xF0,0x22,0x50,0x12,
  0x08,0x08,0x80,0x0B,0xB6,0x00,0x00,0x00,0x00,0x00,0x00,0x00,
  0x00,0x00,0x00,0x00,0x00,0x00,0x00,0x00,0x00,0x00,0x00,0x00,
  0x0F,0x89,0x10,0xAA,0xAA,0x08,0x20,0x08,0xA8,0x80,0x00,0x00,
  0x00,0x00,0x03,0xFC,0x00,0x00,0x00,0x00,0x00,0x00,0x00,0x00,
  0x00,0x00,0x00,0x00,0x00,0x00,0x00,0x3C,0xAF,0xDF,0x88,0x5F,
  0xFF,0xF7,0xBD,0xFE,0xF9,0x09,0xFF,0x40,0x40,0x20,0x10,0x80,
  0x5B,0x00,0x00,0x00,0x00,0x00,0x00,0x00,0x00,0x00,0x00,0x00,
  0x00,0x00,0x00,0x00,0x00,0x00,0x00,0x00,0x1E,0x00,0x4A,0x00,
  0x00,0xA2,0x8A,0xA2,0x05,0x80,0x00,0x00,0x00,0x00,0x03,0xDC,
  0x00,0x00,0x00,0x00,0x00,0x00,0x00,0x00,0x00,0x00,0x00,0x00,
  0x00,0x00,0x00,0xD2,0xFE,0xFF,0x91,0x7A,0xAA,0xAA,0xEB,0xAF,
  0xB0,0x42,0xFF,0xFA,0x01,0x02,0x04,0x04,0x81,0xF4,0x00,0x00,
  0x00,0x00,0x00,0x00,0x00,0x00,0x00,0x00,0x00,0x00,0x00,0x00,
  0x00,0x00,0x00,0x00,0x18,0x12,0x20,0xAA,0xAA,0x08,0x28,0x08,
  0xA1,0x00,0x00,0x00,0x00,0x00,0x03,0xFE,0x00,0x00,0x00,0x00,
  0x00,0x00,0x00,0x00,0x00,0x00,0x00,0x00,0x00,0x00,0x03,0x57,
  0xBB,0xAB,0x24,0x6B,0x76,0xDD,0x5D,0x77,0xF2,0x2B,0xF7,0xFF,
  0xE8,0x08,0x40,0x90,0x08,0x0B,0x40,0x00,0x00,0x00,0x00,0x00,
  0x00,0x00,0x00,0x00,0x00,0x00,0x00,0x00,0x00,0x00,0x00,0x00,
  0x21,0x00,0x8A,0x00,0x00,0xA2,0x82,0xA2,0x15,0x00,0x00,0x00,
  0x00,0x00,0x03,0xFC,0x00,0x00,0x00,0x00,0x00,0x00,0x00,0x00,
  0x00,0x00,0x00,0x00,0x00,0x00,0x1E,0xAD,0xEE,0xD7,0x10,0xD6,
  0xDB,0x6B,0xAB,0xAD,0xB0,0x43,0xDF,0xBF,0xFF,0x40,0x02,0x00,
  0x40,0x01,0x7A,0x00,0x00,0x00,0x00,0x00,0x00,0x00,0x00,0x00,
  0x00,0x00,0x00,0x00,0x00,0x00,0x00,0x00,0x40,0x52,0x40,0xAA,
  0xAA,0x08,0x30,0x08,0x81,0x00,0x00,0x00,0x00,0x00,0x03,0xFE,
  0x00,0x00,0x00,0x00,0x00,0x00,0x00,0x00,0x00,0x00,0x00,0x00,
  0x00,0x00,0x6A,0xBF,0xBB,0x7E,0x21,0xBB,0x6D,0xB6,0xF6,0xDF,
  0xE9,0x42,0xBE,0xF6,0xFF,0xF4,0x10,0x44,0x02,0x24,0x05,0xD0,
  0x00,0x00,0x00,0x00,0x00,0x00,0x00,0x00,0x00,0x00,0x00,0x00,
  0x00,0x00,0x00,0x00,0xA4,0x01,0x14,0x00,0x00,0xA2,0x8A,0xA2,
  0x55,0x00,0x00,0x00,0x00,0x00,0x03,0xFC,0x00,0x00,0x00,0x00,
  0x00,0x00,0x00,0x00,0x00,0x00,0x00,0x00,0x00,0x01,0xD5,0x76,
  0xED,0xAE,0x41,0xD5,0xAA,0xDB,0x5B,0x6B,0x60,0x0B,0xEB,0xFF,
  0xDB,0xFF,0x80,0x81,0x10,0x00,0x00,0x2E,0x80,0x00,0x00,0x00,
  0x00,0x00,0x00,0x00,0x00,0x00,0x00,0x00,0x00,0x00,0x00,0x01,
  0x00,0x94,0x42,0xAA,0xAA,0x08,0x20,0x08,0x02,0x00,0x00,0x00,
  0x00,0x00,0x03,0xFE,0x00,0x00,0x00,0x00,0x00,0x00,0x00,0x00,
  0x00,0x00,0x00,0x00,0x00,0x07,0x55,0xFF,0xB5,0x5C,0x05,0x6E,
  0xDD,0x6D,0x6D,0xBF,0xE4,0xA2,0xBD,0x57,0xFF,0x7F,0xE2,0x10,
  0x01,0x22,0x42,0x01,0x70,0x00,0x00,0x00,0x00,0x00,0x00,0x00,
  0x00,0x00,0x00,0x00,0x00,0x00,0x00,0x02,0x82,0x01,0x10,0x00,
  0x00,0xA2,0x95,0x52,0xA9,0x00,0x00,0x00,0x00,0x00,0x03,0xFE,
  0x00,0x00,0x00,0x00,0x00,0x00,0x00,0x00,0x00,0x00,0x00,0x00,
  0x00,0x1D,0x57,0xDA,0xAD,0xF8,0x83,0xB5,0x6B,0xB5,0xB6,0xD6,
  0xE0,0x47,0xD7,0xBA,0xBF,0xED,0xF0,0x42,0x04,0x00,0x08,0x20,
  0x0F,0x80,0x00,0x00,0x00,0x00,0x00,0x00,0x00,0x00,0x00,0x00,
  0x00,0x00,0x00,0x04,0x10,0x48,0x4A,0xAA,0x54,0x08,0x40,0x00,
  0x02,0x00,0x00,0x00,0x00,0x00,0x07,0xFC,0x00,0x00,0x00,0x00,
  0x00,0x00,0x00,0x00,0x00,0x00,0x00,0x00,0x00,0x75,0x7F,0x76,
  0xD6,0xB9,0x16,0xDB,0xB6,0xDB,0x5B,0x6F,0xA8,0x82,0xBA,0xEF,
  0x6A,0xFF,0xD0,0x00,0xF0,0x11,0x00,0x84,0x90,0x7C,0x00,0x00,
  0x00,0x00,0x00,0x00,0x00,0x00,0x00,0x00,0x00,0x00,0x00,0x18,
  0x02,0x05,0x00,0x01,0x01,0x45,0x2A,0xAA,0xAA,0x00,0x00,0x00,
  0x00,0x00,0x03,0xEE,0x00,0x00,0x00,0x00,0x00,0x00,0x00,0x00,
  0x00,0x00,0x00,0x00,0x01,0xD5,0xB7,0xED,0xBB,0x71,0x07,0x6D,
  0x5B,0x6D,0xED,0xBD,0xE2,0x07,0xD7,0x75,0xDB,0x7F,0x79,0x2B,
  0xFF,0x80,0x20,0x00,0x01,0x03,0xE0,0x00,0x00,0x00,0x00,0x00,
  0x00,0x00,0x00,0x00,0x00,0x00,0x00,0x21,0x10,0x50,0xAA,0xA8,
  0x54,0x20,0x48,0x81,0x02,0x00,0x00,0x00,0x00,0x00,0x07,0xFE,
  0x00,0x00,0x00,0x00,0x00,0x00,0x00,0x00,0x00,0x00,0x00,0x00,
  0x07,0x55,0xFD,0xB6,0xD5,0xF2,0x0D,0xB7,0xED,0xB6,0xBE,0xDF,
  0xC0,0x86,0xBD,0xAE,0xB7,0xB7,0xF0,0x43,0xDF,0xF4,0x04,0x22,
  0x44,0x08,0x1F,0x00,0x00,0x00,0x00,0x00,0x00,0x00,0x00,0x00,
  0x00,0x00,0x00,0xC0,0x04,0x04,0x00,0x05,0x01,0x15,0x52,0x2A,
  0x56,0x00,0x00,0x00,0x00,0x00,0x03,0xFE,0x00,0x00,0x00,0x00,
  0x00,0x00,0x00,0x00,0x00,0x00,0x00,0x00,0x1D,0x57,0x6E,0xDB,
  0x6E,0xA0,0x4D,0x6D,0x5E,0xDB,0xEF,0xBB,0xAA,0xA7,0x6B,0xFB,
  0xDD,0x7D,0xF4,0x03,0x7D,0xFF,0xA0,0x80,0x00,0x40,0x40,0xF8,
  0x00,0x00,0x00,0x00,0x00,0x00,0x00,0x00,0x00,0x00,0x02,0x84,
  0x41,0x22,0xAA,0xA0,0x54,0x80,0x41,0x00,0x8A,0x00,0x00,0x00,
  0x00,0x00,0x07,0xFE,0x00,0x00,0x00,0x00,0x00,0x00,0x00,0x00,
  0x00,0x00,0x00,0x00,0x75,0x5B,0xFD,0x6D,0xB5,0xE5,0x1F,0xBB,
  0xB5,0xEF,0xFF,0xEF,0xC0,0x8D,0xFE,0xAD,0x77,0xFF,0xB1,0x53,
  0xF7,0x6F,0xFA,0x08,0x91,0x02,0x02,0x07,0xA0,0x00,0x00,0x00,
  0x00,0x00,0x00,0x00,0x00,0x00,0x0C,0x00,0x10,0x48,0x00,0x15,
  0x00,0x55,0x14,0xAA,0x24,0x00,0x00,0x00,0x00,0x00,0x03,0xFE,
  0x00,0x00,0x00,0x00,0x00,0x00,0x00,0x00,0x00,0x00,0x00,0x01,
  0xCA,0xBF,0xFF,0xB5,0x5F,0xC8,0x5D,0x6E,0xEF,0x5F,0xBD,0xBF,
  0xA9,0x0F,0x57,0xF7,0xBA,0xB7,0xD8,0x06,0xAF,0xFD,0xDF,0xA0,
  0x00,0x10,0x10,0x10,0x5D,0x00,0x00,0x00,0x00,0x00,0x00,0x00,
  0x00,0x00,0x50,0x21,0x05,0x12,0xAA,0x80,0x55,0x00,0x80,0x01,
  0x14,0x00,0x00,0x00,0x00,0x00,0x07,0xFE,0x00,0x00,0x00,0x00,
  0x00,0x00,0x00,0x00,0x00,0x00,0x00,0x07,0x55,0x7F,0xED,0x5B,
  0xEB,0xC9,0x3B,0xDB,0x7A,0xF6,0xFF,0xFE,0xC4,0xAD,0xFA,0xBD,
  0xDF,0xDE,0xF0,0x43,0xFA,0xB7,0x7F,0xFC,0x44,0x40,0x80,0x80,
  0x02,0xE0,0x00,0x00,0x00,0x00,0x00,0x00,0x00,0x03,0xA1,0x04,
  0x50,0x40,0x00,0x55,0x00,0x55,0x55,0x54,0x44,0x00,0x00,0x00,
  0x00,0x00,0x07,0xEE,0x00,0x00,0x00,0x00,0x00,0x00,0x00,0x00,
  0x00,0x00,0x00,0x1D,0x55,0xFB,0x7E,0xED,0x7F,0x92,0x3D,0x77,
  0xAF,0xBF,0xFF,0xBB,0xA1,0x0F,0x5F,0xD6,0xEA,0xFF,0xF9,0x13,
  0x5F,0xDD,0xEB,0x7E,0x00,0x04,0x04,0x04,0x90,0x1F,0x40,0x00,
  0x00,0x00,0x00,0x00,0x00,0xBC,0x00,0x10,0x01,0x15,0x55,0x00,
  0x55,0x01,0x00,0x02,0x24,0x00,0x00,0x00,0x00,0x00,0x07,0xFE,
  0x00,0x00,0x00,0x00,0x00,0x00,0x00,0x00,0x00,0x00,0x00,0x75,
  0x57,0xFF,0xFD,0xB7,0xF7,0x20,0x77,0xBD,0x75,0xDF,0xF7,0xEF,
  0x95,0x2D,0xEA,0xFF,0x7F,0x7F,0xD0,0x43,0xEA,0xEF,0xBF,0xEF,
  0x11,0x00,0x40,0x40,0x02,0x00,0xB8,0x00,0x00,0x00,0x00,0x00,
  0x5F,0x40,0x04,0x42,0x48,0x40,0x00,0x55,0x00,0x54,0x55,0x51,
  0x0C,0x00,0x00,0x00,0x00,0x00,0x07,0xFE,0x00,0x00,0x00,0x00,
  0x00,0x00,0x00,0x00,0x00,0x00,0x01,0xD5,0x5F,0xFF,0xEF,0xDD,
  0xFF,0x14,0xFA,0xEB,0xDE,0xEF,0xDF,0x7F,0x81,0x1F,0x7F,0x55,
  0xD5,0xF7,0xFA,0x03,0x7F,0x7A,0xFF,0xFD,0x84,0x22,0x09,0x08,
  0x40,0x40,0x07,0xD0,0x00,0x00,0x00,0x5F,0xA0,0x00,0x11,0x00,
  0x02,0x15,0x55,0x00,0x55,0x02,0x80,0x08,0xA8,0x00,0x00,0x00,
  0x00,0x00,0x07,0x7E,0x00,0x00,0x00,0x00,0x00,0x00,0x00,0x00,
  0x00,0x00,0x03,0x55,0xBF,0xED,0xBF,0xF7,0x76,0xA2,0xDF,0xBE,
  0xF7,0x7D,0xFF,0xFF,0xAA,0x4B,0xAB,0xFF,0x7F,0x7F,0xF8,0xAB,
  0xB5,0xDF,0xD6,0xF7,0xA1,0x08,0x00,0x01,0x09,0x04,0x80,0x2E,
  0x00,0x00,0xBF,0xD0,0x00,0x02,0x40,0x29,0x21,0x40,0x00,0xAA,
  0x00,0x52,0x2A,0xA4,0x08,0x00,0x00,0x00,0x00,0x00,0x07,0xFC,
  0x00,0x00,0x00,0x00,0x00,0x00,0x00,0x00,0x00,0x00,0x0F,0x56,
  0xFF,0x7F,0xFF,0xFD,0xFE,0x28,0xEA,0xEB,0xBB,0xAF,0xFF,0x7E,
  0x82,0x1E,0xFE,0xB5,0xED,0xFE,0xF2,0x03,0xEF,0xEB,0x7F,0xDF,
  0x94,0x41,0x20,0x24,0x00,0x10,0x10,0x01,0xFF,0x7F,0x40,0x00,
  0x08,0x20,0x09,0x00,0x08,0x2A,0xAA,0x01,0x55,0x09,0x00,0x12,
  0xA8,0x00,0x00,0x00,0x00,0x00,0x07,0xFE,0x00,0x00,0x00,0x00,
  0x00,0x00,0x00,0x00,0x00,0x00,0x33,0xDB,0xFB,0xFF,0xFE,0xEF,
  0x7E,0x41,0xFF,0xBE,0xDD,0xFF,0xFF,0xEF,0x52,0x5F,0xB7,0xEF,
  0xBF,0xDF,0xF8,0xA6,0xFE,0xBF,0xDB,0xFF,0x81,0x28,0x8A,0x00,
  0x20,0x40,0x42,0x20,0x02,0x80,0x00,0x00,0x42,0x89,0x20,0x24,
  0xA2,0x80,0x10,0xA8,0x00,0x42,0x55,0x40,0x08,0x00,0x00,0x00,
  0x00,0x00,0x07,0xFC,0x00,0x00,0x00,0x00,0x00,0x00,0x00,0x00,
  0x00,0x0A,0xC8,0x75,0xFF,0xF7,0xFB,0xF5,0xFC,0x4B,0xAA,0xEB,
  0xEF,0x6F,0xBB,0xBF,0x04,0x9A,0xFD,0xBE,0xF6,0xFF,0xF2,0x13,
  0xB7,0xFA,0xFF,0xFF,0xA4,0x04,0x20,0xA0,0x84,0x02,0x00,0x09,
  0x00,0x55,0x24,0x92,0x10,0x00,0x04,0x80,0x04,0x2A,0xA4,0x05,
  0x55,0x28,0x80,0x15,0x58,0x00,0x00,0x00,0x00,0x00,0x07,0xFC,
  0x00,0x00,0x00,0x00,0x00,0x00,0x00,0x00,0x57,0xF5,0x21,0x0F,
  0xFF,0xBF,0x7F,0xFF,0xF8,0x83,0xFF,0xBE,0xBB,0xDF,0xFF,0xFF,
  0x52,0x3F,0xD7,0xF7,0xDF,0xFF,0xD8,0x83,0xFD,0xAF,0xD6,0xFD,
  0x89,0x51,0x0A,0x0A,0x01,0x08,0x11,0x00,0x12,0x00,0xD5,0x00,
  0x84,0x4A,0x90,0x12,0x49,0x00,0x02,0xA0,0x00,0x05,0x15,0x40,
  0x10,0x00,0x00,0x00,0x00,0x00,0x07,0x7C,0x00,0x00,0x00,0x00,
  0x00,0x00,0x01,0x6F,0xA8,0x00,0x54,0x03,0xEE,0xFF,0xFF,0xFB,
  0xBA,0x26,0xDB,0xF7,0xFE,0xFF,0xFF,0xFE,0x84,0x9B,0x7E,0xDD,
  0xFB,0xFF,0xF8,0x57,0x6F,0xFE,0xFF,0xDF,0xA0,0x04,0xA0,0xA1,
  0x54,0x20,0x40,0x48,0x40,0x44,0x09,0x6A,0x21,0x00,0x02,0x40,
  0x00,0xAA,0xA8,0x15,0x55,0x54,0x40,0x2A,0x90,0x00,0x00,0x00,
  0x00,0x00,0x07,0xFC,0x00,0x00,0x00,0x00,0x00,0x05,0x7E,0x90,
  0x00,0x11,0x02,0x24,0x7F,0xFF,0xFF,0xFF,0xF9,0x07,0xF6,0xBD,
  0xAB,0xBF,0xFF,0xFF,0x12,0x3F,0xEF,0xFF,0x6E,0xFD,0xFA,0x43,
  0xFB,0x77,0xDB,0xFF,0x8A,0xA0,0x0A,0x08,0x01,0x04,0x04,0x02,
  0x01,0x00,0x00,0x0A,0x90,0x24,0x48,0x09,0x2A,0x00,0x02,0x80,
  0x00,0x01,0x15,0x00,0x50,0x00,0x00,0x00,0x00,0x00,0x03,0xFC,
  0x00,0x00,0x00,0x00,0x05,0xFA,0x80,0x00,0x92,0x88,0x11,0x08,
  0x1F,0xFF,0xF7,0xFF,0xF1,0x57,0x5F,0xEF,0xFF,0xFF,0xFF,0xFE,
  0x44,0xBB,0x7B,0x6D,0xFF,0xF7,0xF8,0x93,0xBF,0xDE,0xFF,0xFF,
  0xC0,0x0A,0xA0,0xA5,0x54,0x51,0x41,0x08,0x08,0x11,0x20,0x00,
  0x56,0x80,0x01,0x20,0x41,0x55,0x54,0x55,0x55,0x54,0x40,0xAA,
  0x10,0x00,0x00,0x00,0x00,0x00,0x07,0xF8,0x00,0x00,0x00,0x05,
  0xFA,0x00,0x02,0x4A,0x00,0x00,0x40,0x51,0x03,0xFB,0xDF,0xDF,
  0xE4,0x0F,0xFB,0x7B,0x76,0xFE,0xEF,0x76,0x14,0x3F,0xDF,0xFF,
  0xB7,0xFF,0xF2,0x47,0xED,0xFF,0xDF,0xFF,0x95,0x40,0x0A,0x00,
  0x01,0x04,0x28,0x40,0x80,0x00,0x04,0x91,0x00,0xBA,0xA4,0x04,
  0x14,0x00,0x01,0x00,0x00,0x09,0x14,0x01,0x50,0x00,0x00,0x00,
  0x00,0x00,0x07,0xFC,0x00,0x00,0x05,0xFA,0x00,0x09,0x28,0x00,
  0x08,0x4A,0x04,0x08,0x40,0x7F,0xFF,0xFF,0x62,0x8D,0x6F,0xDF,
  0xDF,0xFF,0xFF,0xFE,0x84,0xB6,0xFB,0x5B,0xFD,0xFF,0xF8,0x13,
  0x7F,0x76,0xF7,0xED,0x00,0x2A,0xA0,0xAA,0xA8,0xA2,0x85,0x2A,
  0x24,0x88,0x80,0x00,0x00,0x02,0x91,0x11,0x41,0x55,0x54,0x55,
  0x55,0x52,0x42,0xA8,0x20,0x00,0x00,0x00,0x00,0x00,0x03,0xF8,
  0x00,0x01,0x7A,0x01,0x25,0x40,0x00,0x40,0x41,0x00,0x10,0x86,
  0x08,0x0F,0xFF,0xFD,0xE4,0x5F,0xFD,0xFB,0x7B,0x7F,0xFF,0xFE,
  0x28,0x7F,0xDF,0xFE,0xDF,0xFF,0xF9,0x43,0xED,0xFF,0xFF,0x7F,
  0x55,0x00,0x0A,0x00,0x04,0x10,0x20,0x00,0x90,0x20,0x11,0x08,
  0x49,0x00,0x2A,0xC4,0x14,0x02,0x01,0x00,0x00,0x10,0x10,0x05,
  0x20,0x00,0x00,0x00,0x00,0x00,0x03,0xF8,0x00,0x2E,0x80,0x94,
  0x00,0x00,0x81,0x09,0x04,0x09,0x00,0x10,0xC2,0x80,0xFF,0xFB,
  0xC4,0x1D,0xB7,0x6F,0xEF,0xFF,0xFF,0xFD,0x0A,0x76,0xFB,0x6F,
  0xF7,0xBF,0xF4,0x23,0xBF,0xDF,0xFF,0xFC,0x00,0x55,0x40,0xAA,
  0xA2,0x8A,0x95,0x55,0x05,0x45,0x00,0x21,0x00,0x20,0x00,0x2A,
  0xD1,0x28,0xAA,0x55,0x55,0x55,0x45,0x50,0xA0,0x00,0x00,0x00,
  0x00,0x00,0x03,0xF8,0x05,0xD0,0x14,0x00,0x40,0x12,0x10,0x00,
  0x10,0x24,0x22,0x00,0x34,0x22,0x1F,0xFF,0x91,0x5F,0xFF,0xFD,
  0xBD,0xFB,0xFF,0xFC,0xA8,0x7F,0xDF,0xFB,0x7F,0xFF,0x71,0x49,
  0xFF,0xFD,0xA9,0x01,0x55,0x00,0x2A,0x00,0x08,0x40,0x00,0x00,
  0x50,0x10,0x54,0x80,0x04,0x05,0x00,0x00,0x16,0x82,0x00,0x00,
  0x00,0x10,0x10,0x04,0x20,0x00,0x00,0x00,0x00,0x00,0x03,0xF0,
  0x3A,0x00,0x80,0x41,0x09,0x00,0x02,0x22,0x00,0x80,0x00,0x44,
  0x02,0x88,0x40,0xBF,0x08,0x1E,0xDB,0x6F,0xFF,0xFF,0xFF,0x7C,
  0x09,0x6D,0xFD,0xFF,0xFF,0xFF,0xE4,0x00,0xFA,0xA2,0x04,0x54,
  0x00,0x55,0x00,0xAA,0xA2,0x2A,0xAA,0xAA,0x05,0x45,0x02,0x14,
  0x40,0x80,0x24,0x80,0x00,0x7A,0xAA,0xAA,0xAA,0xA4,0x8A,0xA2,
  0xA0,0x00,0x00,0x00,0x00,0x00,0x03,0xF9,0xC0,0x04,0x29,0x04,
  0x00,0x21,0x08,0x00,0x42,0x08,0x89,0x01,0x08,0x51,0x00,0x00,
  0x52,0x5F,0xFF,0xFF,0xF7,0xFF,0xF7,0xFA,0xA0,0x3F,0xFF,0xFF,
  0xFF,0xFB,0xC9,0x54,0x00,0x08,0x51,0x01,0x52,0x00,0x54,0x00,
  0x08,0x80,0x00,0x04,0xA0,0x10,0x50,0x81,0x14,0x24,0x00,0x12,
  0x40,0x01,0x54,0x40,0x00,0x38,0x40,0x10,0x60,0x00,0x00,0x00,
  0x00,0x00,0x01,0xDB,0x00,0x12,0x00,0x10,0x20,0x84,0x20,0x88,
  0x08,0x04,0x00,0x10,0x41,0x0A,0x4A,0x52,0x20,0x87,0xFF,0xFF,
  0xFF,0xFF,0xFF,0xF0,0x1A,0x1F,0xF7,0xAA,0x90,0x04,0x10,0x02,
  0x95,0x41,0x04,0x48,0x04,0xAA,0x02,0xAA,0xA2,0x2A,0xAA,0xA8,
  0x15,0x45,0x0A,0x2A,0x42,0x89,0x22,0x00,0x04,0x80,0x03,0x2D,
  0xB5,0x5A,0x95,0x45,0x40,0x00,0x00,0x00,0x00,0x00,0x0E,0x2B,
  0x04,0x20,0x44,0x00,0x04,0x00,0x00,0x01,0x00,0x40,0x92,0x44,
  0x08,0x21,0x28,0x81,0x2A,0x00,0x00,0x48,0x15,0x24,0x95,0x44,
  0x81,0x40,0x08,0x00,0x05,0x20,0x84,0xD0,0x20,0x28,0x51,0x12,
  0x90,0x00,0xA8,0x00,0x08,0x80,0x00,0x05,0x40,0x10,0x40,0x80,
  0x28,0x20,0x88,0xA4,0x90,0x08,0x08,0x40,0x42,0x65,0x6A,0xAA,
  0xC0,0x00,0x00,0x00,0x00,0x00,0x71,0x45,0x10,0x88,0x00,0x82,
  0x40,0x11,0x09,0x24,0x52,0x15,0x08,0x11,0x42,0x88,0x46,0xA8,
  0x40,0x55,0x55,0x02,0x40,0x00,0x00,0x01,0x34,0x15,0x20,0xAA,
  0xA0,0x8A,0x22,0x25,0x0A,0x85,0x04,0x40,0x45,0x54,0x02,0xAA,
  0xA2,0x2A,0xAA,0xA0,0x2A,0x8A,0x2A,0x2A,0x82,0x8A,0x22,0x09,
  0x02,0xEF,0xF5,0xBF,0x6A,0xA9,0x10,0x10,0x40,0x00,0x00,0x00,
  0x00,0x03,0x80,0x03,0x40,0x81,0x04,0x10,0x04,0x84,0x44,0x11,
  0x04,0x08,0x42,0x84,0x28,0x22,0x10,0x4E,0xA5,0x00,0x00,0x51,
  0x12,0xAA,0xA5,0x54,0x11,0x40,0x8A,0x00,0x14,0x20,0x90,0x80,
  0xA0,0x20,0x51,0x0A,0x10,0x01,0x50,0x00,0x08,0x80,0x00,0x15,
  0x00,0x41,0x00,0x80,0x28,0x20,0x88,0xA0,0x74,0x00,0x00,0x00,
  0x09,0x15,0x57,0xEF,0xFF,0xED,0x00,0x00,0x00,0x0C,0x00,0x11,
  0x01,0x04,0x10,0x42,0x51,0x21,0x21,0x44,0x50,0xA5,0x28,0x51,
  0x02,0x89,0x45,0x00,0x88,0xAA,0xAA,0x08,0x44,0x00,0x10,0x01,
  0x52,0x14,0x21,0x55,0x42,0x8A,0x0A,0x54,0x0A,0x8A,0x04,0x21,
  0x45,0x54,0x0A,0xAA,0xA2,0x2A,0xAA,0x84,0xAA,0x28,0xAA,0x2A,
  0x82,0x8A,0x22,0x0A,0xDB,0x40,0x00,0x00,0x00,0x00,0x00,0x00,
  0x00,0x12,0xF4,0x00,0x00,0x30,0x24,0x43,0x82,0x20,0x02,0x08,
  0x04,0x14,0x14,0x11,0x01,0x84,0x02,0x04,0x50,0x20,0x20,0x54,
  0xA2,0x00,0x01,0x45,0x11,0x54,0x85,0x54,0x20,0x82,0x88,0x00,
  0x28,0x41,0x40,0x42,0xA0,0x21,0x50,0x88,0x10,0x01,0x40,0x00,
  0x08,0x80,0x00,0x50,0x01,0x04,0x00,0x80,0x28,0x20,0x88,0xA2,
  0x7F,0xFF,0xFF,0xFF,0xFF,0xEF,0xEE,0xE8,0x00,0x40,0x07,0xE0,
  0x00,0xC1,0x00,0x01,0x04,0x00,0x90,0xA2,0xA1,0x41,0x41,0x44,
  0x49,0x11,0x51,0x51,0x0A,0x8A,0x8A,0x02,0x08,0xAA,0xA8,0x20,
  0x44,0x01,0x29,0x02,0x94,0x50,0x45,0x55,0x02,0x28,0x2A,0x48,
  0x09,0x08,0x04,0x45,0x45,0x54,0x2A,0xAA,0xA2,0x2A,0xAA,0x05,
  0x54,0x51,0x54,0x2A,0x82,0x8A,0x22,0x14,0xFF,0xFF,0xFF,0xFF,
  0xFE,0xFF,0xFF,0xD7,0xBF,0xBF,0xF9,0x70,0x03,0x00,0x00,0x0B,
  0x89,0xC2,0x0A,0x08,0x14,0x12,0x10,0x11,0x10,0x08,0x08,0x04,
  0x40,0x20,0x21,0x51,0x42,0x00,0x05,0x15,0x11,0x28,0x14,0xA8,
  0x21,0x0A,0x20,0x00,0xA9,0x05,0x01,0x22,0xA2,0x45,0x51,0x10,
  0x10,0x02,0x80,0x00,0x08,0x80,0x01,0x50,0x01,0x04,0x02,0x80,
  0x28,0x20,0x88,0x87,0xFF,0xFF,0xFF,0xFF,0xDF,0xFE,0xFF,0xFD,
  0xF7,0xFF,0x6F,0x00,0x0C,0x04,0x25,0x41,0x27,0xF0,0x40,0xA2,
  0x81,0x20,0x85,0x44,0x45,0x4A,0xA2,0xA1,0x15,0x0A,0x88,0x09,
  0x28,0xAA,0xA0,0x80,0x84,0x45,0x7B,0xEE,0xA4,0x41,0x15,0x55,
  0x04,0x50,0xA8,0x48,0x08,0x20,0x04,0x45,0x45,0x50,0x2A,0xAA,
  0xA2,0x25,0x54,0x0A,0xA8,0x51,0x50,0x2A,0x82,0x8A,0x22,0x51,
  0xFB,0x55,0x55,0x55,0x6A,0xAB,0xAB,0xFF,0xDF,0xDA,0x90,0x00,
  0x10,0x10,0x80,0x13,0x8F,0xF1,0x14,0x08,0x28,0x4A,0x20,0x10,
  0x10,0x24,0x08,0x14,0x40,0xA0,0x25,0x45,0x02,0x00,0x14,0x54,
  0x51,0x10,0x6E,0xBE,0x22,0x28,0x80,0x00,0x51,0x0A,0x05,0x22,
  0xA2,0x8A,0x41,0x10,0x29,0x2D,0xAA,0xAA,0xAD,0xAA,0xA5,0x54,
  0x45,0x08,0x0A,0x80,0x28,0x20,0x88,0x08,0x5F,0xED,0xFF,0xFF,
  0xFF,0xFF,0x7D,0x00,0xA0,0x00,0x00,0x00,0x60,0x42,0x2A,0x41,
  0x95,0xF4,0x45,0x42,0x82,0x00,0x95,0x42,0x85,0x08,0xA2,0x81,
  0x14,0x0A,0x80,0x22,0x51,0x55,0x42,0x02,0x04,0x45,0x39,0x6A,
  0xA8,0x84,0x55,0x55,0x04,0x40,0xA0,0x80,0x08,0x51,0x5D,0x6F,
  0xDE,0xD6,0xDB,0x5B,0x56,0xDD,0x5B,0xB7,0xBA,0xEF,0xA9,0x2A,
  0x82,0x8A,0x25,0x45,0x6A,0xB7,0x55,0x6B,0x55,0x48,0x82,0x6A,
  0xC0,0x00,0x00,0x00,0x45,0x08,0x00,0x95,0x1F,0xF0,0x10,0x28,
  0x29,0x54,0x00,0x10,0x50,0xA4,0x08,0x54,0x42,0xA0,0x2A,0x94,
  0x08,0x00,0x29,0x51,0x51,0x10,0x96,0x84,0x42,0x22,0x00,0x00,
  0xA1,0x2A,0x15,0x5B,0xEF,0xAF,0xB7,0xB5,0x6B,0x75,0x6D,0xAD,
  0x7A,0xAB,0xB5,0x5A,0xD7,0x54,0xF6,0xDA,0xBA,0x50,0x80,0x20,
  0x15,0x6D,0xDF,0xBD,0xFB,0xAA,0xB5,0x55,0x40,0x00,0x00,0x00,
  0xA9,0x52,0xDA,0xAB,0xA3,0xF2,0x86,0x82,0x80,0x02,0xAA,0x8A,
  0x04,0x12,0xA2,0x01,0x10,0x0A,0x80,0x05,0x45,0x55,0x00,0x08,
  0x04,0x44,0x41,0x28,0x48,0x91,0x55,0x54,0x14,0x92,0xD6,0xED,
  0x55,0x75,0x6A,0xDD,0xB5,0xBF,0xF6,0xFB,0xDF,0xFE,0xFF,0xEF,
  0x6D,0xF7,0x5B,0x6D,0xD5,0xBF,0x7E,0xAA,0x9B,0xBB,0x75,0x6B,
  0x56,0xD5,0x4A,0x94,0x80,0x00,0x00,0x00,0x75,0x55,0x55,0x55,
  0x9B,0xF8,0x29,0x59,0x5B,0x6A,0x49,0x52,0xD5,0xA8,0x08,0xA8,
  0x45,0x40,0x2A,0xA8,0x20,0x00,0xAA,0xA5,0x51,0x12,0x28,0x82,
  0x44,0x44,0x02,0x25,0xD7,0x6D,0x7B,0x56,0xBB,0xBF,0xFF,0x77,
  0xFF,0xF7,0x7F,0xFF,0xFB,0xFF,0xEE,0xFD,0xFF,0xBF,0xEF,0xF7,
  0x7E,0xD2,0xD5,0xDE,0xED,0x56,0xAD,0xBD,0xBB,0xD2,0xAA,0x52,
  0x80,0x00,0x00,0x00,0x1D,0x55,0x55,0x55,0x95,0xF2,0x84,0x04,
  0x00,0x08,0x84,0x08,0x08,0x09,0x42,0x02,0x10,0x2A,0x80,0x05,
  0x15,0x54,0x00,0x10,0x04,0x41,0x04,0x50,0x52,0x2A,0xFD,0xDA,
  0xB5,0x57,0xAD,0xFB,0xFF,0xF6,0xDF,0xFF,0x5F,0xFF,0xFF,0xDF,
  0x7F,0x6D,0xFF,0xFF,0xFE,0xFD,0xFE,0xDF,0xEF,0xFF,0xEE,0xEB,
  0x57,0xFF,0xF6,0xD6,0xD6,0xAA,0x55,0x55,0x80,0x00,0x00,0x00,
  0x0F,0xB6,0xAA,0xAB,0x97,0xF8,0x2A,0xA1,0x55,0x42,0x21,0x42,
  0xA2,0xA4,0x28,0xA9,0x45,0x00,0x2A,0xA8,0x80,0x02,0xAA,0x85,
  0x51,0x14,0x52,0x2A,0xD5,0xD5,0x95,0x6E,0xDF,0xFD,0xFF,0xBF,
  0xDD,0xDF,0xF4,0x00,0x00,0x00,0xAF,0x77,0xEF,0xFF,0xBB,0xAF,
  0xB7,0xF7,0xBF,0xFF,0xFD,0xFF,0x7F,0xBF,0xFE,0xED,0x5F,0xFB,
  0xFB,0xEA,0xA9,0x4A,0x80,0x00,0x00,0x00,0x03,0xDB,0x6D,0xB7,
  0x52,0xF2,0x80,0x14,0x00,0x28,0x94,0x28,0x08,0x09,0x02,0x00,
  0x20,0xAA,0x80,0x0A,0x2A,0xA8,0x00,0x50,0x04,0x42,0xAB,0xD6,
  0xDB,0x5B,0x77,0xBB,0xF6,0xFF,0xBB,0xEE,0xFF,0x7E,0x00,0x00,
  0x00,0x00,0x00,0xFD,0x5A,0xAA,0xD6,0xF5,0x6D,0xBE,0xEB,0x7B,
  0x77,0xDB,0xFF,0xFD,0xBF,0xFF,0xFB,0x5F,0x5F,0x55,0x55,0x55,
  0x00,0x00,0x00,0x00,0x00,0x7D,0xDA,0xDB,0x9B,0xE0,0x55,0x41,
  0x55,0x02,0x01,0x05,0x45,0x44,0xA8,0xAA,0x8A,0x00,0x2A,0xA8,
  0x80,0x02,0xAA,0x0A,0xB5,0xBD,0x55,0x5A,0xED,0xFF,0xFE,0xFF,
  0xDF,0xDB,0xEF,0x7B,0xAB,0xE0,0x00,0x80,0x49,0x2A,0x90,0x07,
  0xB7,0xFF,0x7D,0xAE,0xDE,0xD5,0xBD,0xAD,0xBE,0xFF,0xDB,0xF7,
  0xFB,0xFF,0xFF,0xFD,0xFB,0xFA,0xAA,0xA9,0x80,0x00,0x00,0x00,
  0x00,0x37,0x7F,0x6F,0x28,0xAA,0x08,0x28,0x00,0xA8,0xA8,0xA0,
  0x20,0x12,0x02,0x00,0x20,0xAA,0x80,0x08,0x2A,0xA8,0x45,0xEB,
  0x5A,0xD6,0xFF,0xFF,0xFF,0xBD,0xDF,0xF7,0x7D,0x6E,0xBA,0xDD,
  0xFD,0x00,0x02,0x2B,0x6E,0xFB,0x6E,0x90,0xED,0x55,0xD6,0xDB,
  0x75,0xBB,0xD6,0xF7,0x6B,0x55,0x6D,0x5E,0xEF,0xBB,0xFF,0xFF,
  0xFF,0xDF,0xD5,0x55,0x00,0x00,0x00,0x00,0x00,0x0B,0xD5,0xFB,
  0xA6,0x01,0x45,0x05,0x54,0x02,0x04,0x15,0x15,0x48,0xA8,0xAA,
  0x8A,0x00,0x2A,0xAA,0xAA,0xAF,0xBA,0xBD,0xFF,0xFF,0xDB,0x77,
  0xBF,0xF7,0xF5,0xBA,0xD7,0xBB,0xDD,0xB7,0xA2,0x02,0xA9,0xB5,
  0xBB,0xAF,0xA9,0x6A,0x7E,0xFB,0x7B,0xBD,0xDB,0x6E,0xBB,0xAD,
  0xDD,0xFE,0xFF,0xB7,0x7A,0xEF,0xBD,0xFF,0xFF,0xFE,0xFF,0xB6,
  0x00,0x00,0x00,0x00,0x00,0x00,0xFF,0xBF,0xB5,0xAA,0x20,0xA0,
  0x02,0xA8,0xA2,0x80,0x40,0x04,0x02,0x01,0x24,0xB7,0xAB,0x6F,
  0xFF,0xFB,0xFF,0xFF,0xEF,0xFF,0xFF,0xDD,0xEA,0xAD,0x5B,0x57,
  0xBA,0xD6,0xAB,0xFC,0x00,0x28,0x56,0xDA,0xD0,0xB5,0xB5,0x55,
  0xFB,0xDF,0xEF,0xF7,0xFF,0xFB,0xFE,0xFE,0xEE,0xAB,0xAA,0xED,
  0xAF,0xBE,0xEF,0xAD,0xDB,0x7F,0xFE,0xFE,0x00,0x00,0x00,0x00,
  0x00,0x00,0x16,0xFB,0xD2,0x91,0x14,0x15,0x50,0x02,0x14,0xAD,
  0xAF,0xFF,0xFF,0xFF,0xFF,0xFD,0xFF,0xFE,0xEE,0xFF,0xEF,0xEE,
  0xFA,0xAA,0xAA,0xF7,0x5D,0xF7,0x6E,0xFD,0xEF,0x7D,0xFE,0x80,
  0x08,0x45,0xDF,0x6F,0xFB,0xFF,0xFF,0xFF,0xEF,0xFF,0xFF,0xFF,
  0xBF,0xFF,0xEF,0xF7,0xFB,0xFE,0xFF,0xBE,0xF5,0x77,0xFD,0xFF,
  0x7F,0xFB,0xB7,0xF4,0x00,0x00,0x00,0x00,0x00,0x00,0x03,0xDF,
  0x7D,0x6D,0xD7,0xF7,0xFF,0xFF,0xFF,0xFF,0xFD,0xBB,0xFD,0xFE,
  0xEF,0xB7,0xBB,0xBB,0xBB,0xAA,0xBA,0xB5,0xAF,0x76,0xFF,0x5B,
  0xF7,0x5D,0xB7,0xAF,0x7D,0xF7,0xD0,0x02,0x40,0x9F,0x7B,0xFE,
  0xFF,0xFF,0xD5,0x5F,0xFF,0xFB,0xBE,0xDF,0xFB,0x6F,0x7F,0xDF,
  0xBF,0xFF,0xF6,0xFB,0xFF,0xFE,0xDF,0xB7,0xF7,0xEE,0xEF,0x7C,
  0x00,0x00,0x00,0x00,0x00,0x00,0x01,0xF9,0xE5,0xAA,0x54,0x9A,
  0x4B,0x75,0xAA,0xB5,0x56,0xED,0x56,0xAB,0x5A,0xDD,0x6D,0x6D,
  0x6D,0x6D,0xAD,0xDB,0x6A,0xDB,0x55,0xB6,0xAD,0xF7,0xFD,0xFF,
  0xF7,0xFE,0x01,0x28,0x0A,0xF7,0xEE,0xDB,0xAF,0xFF,0xFF,0xF7,
  0x7F,0x6F,0xFF,0xFD,0xEF,0xFF,0xFB,0x7E,0xFF,0xDB,0xDF,0xFF,
  0xDF,0xFF,0xFF,0xFF,0xDF,0x7F,0xBB,0xD8,0x00,0x00,0x00,0x00,
  0x00,0x00,0x03,0xF8,0x35,0x6A,0xAA,0xA5,0x54,0x95,0x55,0x55,
  0x5A,0xAA,0xAA,0xAD,0xB5,0x6A,0xAB,0x56,0xAA,0xB6,0xD6,0xB6,
  0xDD,0xAD,0xDA,0xEF,0xFF,0xBF,0xFF,0xFD,0xDF,0x80,0x04,0x00,
  0xAD,0xBD,0x7B,0xFF,0xFD,0xB6,0xB7,0x7F,0xF7,0xFF,0xF7,0xFF,
  0xFF,0xFB,0xEF,0xFF,0xF7,0x7F,0xFF,0xEF,0x7F,0xB7,0xFD,0xFF,
  0x7F,0xFF,0xFE,0xF0,0x00,0x00,0x00,0x00,0x00,0x00,0x03,0xF8,
  0x1A,0xB5,0x55,0x55,0x55,0x55,0x55,0x55,0x55,0x55,0x55,0x52,
  0x4A,0x95,0x54,0xAA,0xAB,0x5B,0x7B,0xDB,0x6B,0x77,0x7F,0xFF,
  0xFE,0xFE,0xDF,0xF7,0xFA,0x20,0x90,0x05,0x5F,0x6F,0xDF,0x55,
  0x6F,0xFB,0xFD,0xFF,0xDF,0xFE,0xDE,0xEF,0x7E,0xDF,0x7F,0xF7,
  0xFF,0xFE,0xFB,0xBF,0xFD,0xFF,0xFF,0xFF,0xFF,0xFE,0xEF,0xC0,
  0x00,0x00,0x00,0x00,0x00,0x00,0x03,0xF8,0x0B,0x5A,0xAA,0xAA,
  0xAA,0xAA,0x55,0x55,0x52,0xAA,0xAA,0xAA,0xB5,0x55,0x55,0x5A,
  0xDA,0xED,0xAD,0x6D,0xBE,0xFF,0xFF,0xFF,0x6F,0xFB,0xFB,0x7F,
  0x40,0x04,0x00,0xAB,0xF5,0xF5,0xF7,0xFF,0xFB,0x5F,0x5F,0xF6,
  0xFE,0xDF,0xFF,0xFF,0xF7,0xFF,0xFF,0x7F,0x7D,0xF7,0xDF,0xFD,
  0xF7,0xFE,0xEF,0xFB,0xFF,0xFB,0xFF,0x80,0x00,0x00,0x00,0x00,
  0x00,0x00,0x03,0xF8,0x0D,0x6A,0xAA,0xAA,0xAA,0xA5,0x4A,0xA5,
  0x55,0x4A,0xAA,0xAA,0xAA,0xAA,0xAB,0x6D,0x6F,0x76,0xD6,0xBF,
  0xF7,0xFD,0xED,0xBB,0xFF,0xEF,0xFF,0xE8,0x00,0x80,0x0A,0xBE,
  0xBE,0xAF,0x5D,0x6D,0xAF,0xF5,0xFF,0xDF,0xFF,0xFB,0xFF,0xBB,
  0xDF,0xFB,0xED,0xFD,0xEF,0xDF,0xFE,0xF7,0xFF,0xF7,0xFF,0xDF,
  0xFE,0xFF,0xFE,0x00,0x00,0x00,0x00,0x00,0x00,0x00,0x07,0xFC,
  0x06,0xB6,0xAD,0x7F,0xF5,0x55,0x54,0x95,0x55,0x55,0x55,0x55,
  0x55,0x55,0x6D,0xB7,0xB5,0xAB,0x7F,0xF7,0xFF,0xDF,0xFF,0xFF,
  0xFB,0xBF,0xBD,0x00,0x12,0x10,0xAB,0xEB,0xD5,0xFA,0xEB,0xBB,
  0x7A,0xBF,0x7B,0x7F,0xDB,0xFF,0x76,0xFF,0x7F,0x6F,0xBF,0xEF,
  0xFF,0x7E,0xF7,0xDF,0xDF,0xDF,0xFF,0x7F,0xFB,0xFF,0xF8,0x00,
  0x00,0x00,0x00,0x00,0x00,0x00,0x03,0xFC,0x02,0xDA,0xAA,0x8A,
  0xFA,0x54,0xAA,0xAA,0xAA,0xAA,0xAA,0xAA,0xAA,0xAD,0xB6,0xD5,
  0x5A,0xDF,0xFB,0xFE,0xDF,0xFF,0x7F,0xFF,0xBF,0xFF,0xE0,0x02,
  0x40,0x05,0x7E,0xBD,0x7B,0x57,0xBD,0xD7,0xAF,0x6A,0xEF,0xFD,
  0xFF,0x6F,0xFF,0xFF,0xFD,0xFF,0xFF,0xFF,0xFB,0xFF,0xDF,0xFF,
  0xFF,0xFF,0xFF,0xFF,0xEF,0xFF,0xA0,0x00,0x00,0x00,0x00,0x00,
  0x00,0x00,0x07,0xFC,0x01,0x55,0xAA,0xAA,0xB2,0xAA,0xAA,0xAA,
  0x95,0x55,0x55,0x55,0x56,0xF6,0xDB,0x6E,0xEF,0xFF,0xDF,0xDF,
  0xFD,0xF7,0xED,0xDB,0xFE,0xFA,0x02,0x20,0x00,0xAF,0xAB,0xD7,
  0xAE,0xFD,0x6B,0x7D,0x75,0xB7,0xFF,0xF7,0xFF,0xFF,0xDF,0xED,
  0xFF,0xFE,0xFB,0x7B,0x6F,0xFB,0xFF,0xFF,0xFF,0x7F,0xDD,0xFF,
  0xBF,0xE8,0x00,0x00,0x00,0x00,0x00,0x00,0x00,0x00,0x03,0xFC,
  0x00,0xAD,0x6A,0xAA,0xBA,0x92,0x95,0x55,0x54,0xAA,0xA9,0x56,
  0xEB,0x55,0xAD,0xB7,0xFF,0x7B,0x7F,0x7F,0xFF,0xBF,0xFF,0xFF,
  0xEF,0xC0,0x08,0x04,0x15,0x7A,0xFD,0x6D,0x77,0xAB,0xBE,0xD6,
  0xDE,0xDF,0xFD,0xDF,0xB7,0xFB,0x7B,0x7F,0xEF,0xEF,0xEF,0xEF,
  0xFF,0xFF,0xFF,0xFF,0x7D,0xFF,0x7F,0xFF,0xFC,0x00,0x00,0x00,
  0x00,0x00,0x00,0x00,0x00,0x00,0x07,0xFE,0x00,0xD6,0xDA,0xAA,
  0xAA,0xAA,0xA9,0x54,0xAA,0xAA,0xAD,0x6B,0x5D,0x5E,0xF6,0xFF,
  0xBD,0xFF,0xFF,0xFD,0xDF,0xFD,0xBF,0xFE,0xFA,0x00,0x80,0x80,
  0xAB,0xDF,0x57,0x76,0xDA,0xDD,0xD5,0xBB,0xB5,0xBD,0xB7,0xFF,
  0xFE,0xDF,0xFF,0xFF,0xBE,0xFF,0xBF,0xFF,0xFF,0xDF,0xFE,0xFB,
  0xFF,0xFF,0xFF,0x47,0xFC,0x00,0x00,0x00,0x00,0x00,0x00,0x00,
  0x00,0x00,0x03,0xFC,0x00,0x2B,0x6A,0xAA,0xB4,0xAA,0x55,0x2A,
  0xAA,0xAA,0xAB,0xBD,0xB6,0xEB,0x5F,0xFD,0xFF,0xFF,0xFB,0xFF,
  0xFB,0xF7,0xFD,0xBF,0x80,0x08,0x20,0x12,0xFF,0x6A,0xFA,0xDB,
  0xB7,0x76,0xBE,0xD6,0xDB,0x7F,0xFF,0xFD,0xFF,0xFF,0xFF,0xED,
  0xFF,0xFB,0xFF,0xFF,0xFF,0x7F,0xFB,0xEF,0xFF,0xF4,0x80,0x01,
  0xFC,0x00,0x00,0x00,0x00,0x00,0x00,0x00,0x00,0x00,0x07,0xFE,
  0x00,0x15,0x56,0xAA,0xB5,0x55,0x55,0x52,0xAA,0xAF,0x75,0x55,
  0x55,0xBF,0xFF,0xDF,0xF7,0xDB,0xEF,0xDF,0x7F,0x7F,0xF7,0xF0,
  0x00,0x21,0x04,0x97,0xAD,0xFD,0xAD,0xB6,0xED,0xAD,0xEB,0xBB,
  0x6D,0xF7,0xFF,0x6F,0xB7,0xFB,0x6D,0xBF,0xFB,0xBF,0xFF,0xBF,
  0xFD,0xFF,0x6F,0xFF,0xD0,0x00,0x00,0x00,0x7E,0x00,0x00,0x00,
  0x00,0x00,0x00,0x00,0x00,0x00,0x03,0xFE,0x00,0x0D,0xBB,0x55,
  0x5A,0xA5,0x4A,0xAA,0xAB,0xFA,0xDF,0xEE,0xFF,0xFB,0xFB,0x7F,
  0xDF,0xFF,0x7F,0x7B,0xFF,0xFF,0x7F,0x00,0x49,0x00,0x02,0xFE,
  0xF7,0x57,0xDB,0xDB,0x5E,0xF7,0x5D,0x6D,0xB7,0xFF,0x6D,0xFF,
  0xFE,0xDF,0xFF,0xFF,0xEF,0xFF,0xFE,0xFE,0xEF,0xFD,0xFF,0xD4,
  0x00,0x00,0x00,0x00,0x3C,0x00,0x00,0x00,0x00,0x00,0x00,0x00,
  0x00,0x00,0x07,0xFE,0x00,0x06,0x55,0xA8,0xB2,0x55,0x54,0xAA,
  0xDE,0xAF,0xB5,0x5B,0xEF,0xEF,0xBF,0xFB,0x7E,0xFF,0xFF,0xFF,
  0xED,0xDF,0xE8,0x24,0x00,0x08,0xBD,0xB7,0x5D,0xDA,0xB6,0xB7,
  0xF5,0xBB,0xEB,0xDE,0xFF,0xFD,0xFF,0xFD,0xFF,0xFF,0xFF,0xFF,
  0x7F,0xFF,0x7B,0xFF,0xFF,0xFF,0xD0,0x00,0x00,0x00,0x00,0x00,
  0x00,0x00,0x00,0x00,0x00,0x00,0x00,0x00,0x00,0x00,0x03,0xFE,
  0x00,0x01,0xAD,0x76,0x95,0x54,0xAA,0xAF,0xB7,0xF5,0x6E,0xFF,
  0xBE,0xFF,0xFF,0xFF,0xFF,0xDB,0xED,0xFF,0xBE,0xBA,0x00,0x81,
  0x04,0x42,0xAF,0xED,0xF7,0x7F,0xEF,0x6D,0x5B,0x6D,0x5E,0xB5,
  0xBF,0xB7,0xFF,0xB7,0xDB,0xF6,0xDB,0xF7,0xFF,0xFB,0xFF,0xFB,
  0xFF,0xD0,0x00,0x00,0x00,0x00,0x00,0x00,0x00,0x00,0x00,0x00,
  0x00,0x00,0x00,0x00,0x00,0x00,0x07,0xFE,0x00,0x00,0xD6,0xAA,
  0xAA,0xAA,0xA5,0x54,0xDA,0xAF,0xF7,0xEF,0xFF,0xFE,0xF6,0xDF,
  0xFB,0xFF,0x7F,0xD4,0x82,0xE0,0x00,0x00,0x20,0x9F,0xFA,0xBB,
  0x5B,0xD5,0x7B,0xFE,0xEE,0xDB,0xB5,0xEE,0xF6,0xFF,0xDB,0xFF,
  0xFF,0xBF,0xFF,0xBF,0xFF,0xEF,0xFF,0xFF,0xD0,0x00,0x00,0x00,
  0x00,0x00,0x00,0x00,0x00,0x00,0x00,0x00,0x00,0x00,0x00,0x00,
  0x00,0x00,0x03,0xFE,0x00,0x00,0x6B,0x6D,0xAA,0x95,0x54,0xAA,
  0x55,0x5A,0xBF,0x7E,0xFB,0xB7,0xFF,0xFB,0xDF,0xFF,0xFA,0x50,
  0xBE,0x84,0x92,0x10,0x8A,0xF6,0xDF,0xEF,0xED,0x7F,0xDD,0xB7,
  0xBB,0xB6,0xEE,0xB7,0xFF,0xFF,0x7F,0xFF,0x7F,0xFF,0xFF,0xFF,
  0xFF,0x7F,0xFF,0xD4,0x00,0x00,0x00,0x00,0x00,0x00,0x00,0x00,
  0x00,0x00,0x00,0x00,0x00,0x00,0x00,0x00,0x00,0x00,0x03,0xFA,
  0x00,0x00,0x15,0xB6,0xEA,0x52,0x95,0x4A,0xA4,0xAA,0x7B,0xFF,
  0xEF,0xFF,0xDF,0xFF,0x7F,0x6E,0x84,0x8F,0xC0,0x00,0x00,0x42,
  0x2F,0xBD,0xB5,0x7A,0xBF,0xAA,0xB7,0xFD,0xEE,0xEF,0x77,0xDF,
  0xFF,0xEF,0xFE,0xDD,0xFE,0xFF,0xFF,0xFF,0xFB,0xFF,0xE8,0x00,
  0x00,0x00,0x00,0x00,0x00,0x00,0x00,0x00,0x00,0x00,0x00,0x00,
  0x00,0x00,0x00,0x00,0x00,0x00,0x03,0xFE,0x00,0x00,0x0C,0xAB,
  0x5D,0xAA,0x55,0x29,0x55,0x55,0xDE,0xF7,0xFF,0xFF,0x7D,0xDF,
  0xFD,0xF9,0x50,0x74,0x11,0x10,0x41,0x09,0xFA,0xEF,0x7F,0xAF,
  0xD5,0xFF,0xFD,0x56,0xB7,0xFA,0xAD,0x7F,0x6E,0xFD,0xFB,0xFF,
  0xF7,0xFF,0xFF,0xFE,0xDF,0xFA,0x00,0x00,0x00,0x00,0x00,0x00,
  0x00,0x00,0x00,0x00,0x00,0x00,0x00,0x00,0x00,0x00,0x00,0x00,
  0x00,0x00,0x03,0xFE,0x00,0x00,0x03,0x5D,0x6B,0x6A,0xAA,0xAA,
  0xAA,0xAB,0x77,0xFE,0xFE,0xDB,0xFF,0xFD,0xF7,0xA4,0x0B,0x80,
  0x00,0x02,0x08,0x2E,0xAF,0xB5,0xD5,0x75,0x7E,0xAA,0xAA,0xAA,
  0xAA,0xDF,0xFB,0xFB,0xFF,0xFF,0xEF,0xFF,0xFF,0xFB,0xBB,0x7B,
  0xFE,0x00,0x00,0x00,0x00,0x00,0x00,0x00,0x00,0x00,0x00,0x00,
  0x00,0x00,0x00,0x00,0x00,0x00,0x00,0x00,0x00,0x00,0x03,0xFE,
  0x00,0x00,0x00,0xE5,0xB6,0xDD,0xA5,0x55,0x49,0x2B,0xDD,0xBF,
  0xDF,0xFF,0xF7,0x77,0xDE,0x90,0x7E,0x11,0x24,0x40,0x23,0xFB,
  0xFA,0xDE,0xEF,0xDF,0xAB,0xFF,0xF6,0x95,0x5D,0x75,0x5E,0xDF,
  0xFB,0xDF,0xFF,0xFF,0xFF,0xFF,0xFF,0xFF,0x40,0x00,0x00,0x00,
  0x00,0x00,0x00,0x00,0x00,0x00,0x00,0x00,0x00,0x00,0x00,0x00,
  0x00,0x00,0x00,0x00,0x00,0x00,0x03,0xFE,0x00,0x00,0x00,0x3A,
  0xDB,0x6B,0x7A,0xA4,0xAA,0xAB,0x7F,0xF7,0xFB,0xFF,0xBF,0xFF,
  0xF1,0x41,0xD0,0x40,0x00,0x09,0x1D,0x6F,0x5F,0x77,0x7A,0xB5,
  0x7D,0x55,0x5F,0xEA,0xAB,0xDF,0xEF,0xFF,0xBF,0xFF,0xFF,0xFF,
  0xDF,0xDF,0xFF,0xA0,0x00,0x00,0x00,0x00,0x00,0x00,0x00,0x00,
  0x00,0x00,0x00,0x00,0x00,0x00,0x00,0x00,0x00,0x00,0x00,0x00,
  0x00,0x00,0x03,0xFE,0x00,0x00,0x00,0x0F,0x56,0xBD,0xAD,0xB5,
  0x55,0x57,0xEA,0xFF,0x7F,0xBB,0xFF,0xDF,0xAA,0x0F,0x50,0x02,
  0x02,0x22,0xF7,0xDA,0xEA,0xDA,0xD7,0xEF,0xD7,0xEF,0xB5,0xBA,
  0xAA,0xB5,0x5F,0xFE,0xFF,0xFD,0xFF,0xED,0xFF,0x7F,0xA0,0x00,
  0x00,0x00,0x00,0x00,0x00,0x00,0x00,0x00,0x00,0x00,0x00,0x00,
  0x00,0x00,0x00,0x00,0x00,0x00,0x00,0x00,0x00,0x00,0x03,0xFE,
  0x00,0x00,0x00,0x01,0xDB,0xD6,0xD6,0xDE,0xAA,0x97,0xBF,0xDF,
  0xFE,0xFF,0xF6,0xFE,0x40,0x15,0x42,0x08,0x48,0x9F,0x6E,0xBF,
  0xBF,0xBF,0xBD,0x5A,0xFD,0x7A,0xFF,0x6F,0xAB,0xDB,0x7E,0xFB,
  0xFF,0xFF,0xDF,0x7F,0xFF,0xF4,0x00,0x00,0x00,0x00,0x00,0x00,
  0x00,0x00,0x00,0x00,0x00,0x00,0x00,0x00,0x00,0x00,0x00,0x00,
  0x00,0x00,0x00,0x00,0x00,0x00,0x03,0xFE,0x00,0x00,0x00,0x00,
  0x3A,0x6B,0x7B,0x6B,0xF6,0xD6,0xFF,0x7D,0xEF,0xFE,0xDF,0xF9,
  0x28,0x7F,0xC0,0x80,0x12,0xEB,0xDB,0xD5,0x6A,0xEA,0xEB,0xFF,
  0x57,0xAD,0xAA,0xB5,0xFD,0x6D,0xFF,0xEF,0xFE,0xEF,0xFD,0xFF,
  0xF4,0x80,0x00,0x00,0x00,0x00,0x00,0x00,0x00,0x00,0x00,0x00,
  0x00,0x00,0x00,0x00,0x00,0x00,0x00,0x00,0x00,0x00,0x00,0x00,
  0x00,0x00,0x03,0xFE,0x00,0x00,0x00,0x00,0x07,0xDD,0xDD,0xDD,
  0x5D,0xBB,0xFF,0xFF,0xBF,0xEF,0xFF,0xD4,0x82,0x6D,0x08,0x22,
  0xAF,0xBE,0xBD,0x7B,0xDF,0x77,0x7E,0xAA,0xFA,0xA5,0x7F,0xDA,
  0xAE,0xB7,0xFF,0xFF,0xFF,0xFF,0xFF,0xFF,0x40,0x00,0x00,0x00,
  0x00,0x00,0x00,0x00,0x00,0x00,0x00,0x00,0x00,0x00,0x00,0x00,
  0x00,0x00,0x00,0x00,0x00,0x00,0x00,0x00,0x00,0x00,0x03,0xF6,
  0x00,0x00,0x00,0x00,0x01,0xF7,0x6F,0x77,0xEB,0x6D,0xFF,0xFF,
  0xFD,0xBF,0xFD,0xEA,0x21,0xDF,0x01,0x09,0x77,0xF5,0xD7,0xAE,
  0xF5,0xBD,0xAB,0xDF,0xAF,0x55,0x44,0xAF,0x75,0xDF,0xFF,0xFF,
  0xF7,0xFF,0xFF,0x81,0xC0,0x00,0x00,0x00,0x00,0x00,0x00,0x00,
  0x00,0x00,0x00,0x00,0x00,0x00,0x00,0x00,0x00,0x00,0x00,0x00,
  0x00,0x00,0x00,0x00,0x00,0x00,0x01,0xFE,0x00,0x00,0x00,0x00,
  0x01,0x3F,0xDA,0xDA,0xBE,0xF7,0xFB,0xF7,0xFF,0xFD,0xB7,0x91,
  0x09,0x75,0x44,0x57,0xDD,0x5F,0x7A,0xF5,0x5E,0xD7,0xFD,0x75,
  0x75,0xFF,0xFB,0x75,0xDE,0xBF,0xFB,0xFF,0xFF,0xFE,0x80,0x00,
  0xC0,0x00,0x00,0x00,0x00,0x00,0x00,0x00,0x00,0x00,0x00,0x00,
  0x00,0x00,0x00,0x00,0x00,0x00,0x00,0x00,0x00,0x00,0x00,0x00,
  0x00,0x00,0x03,0xFE,0x00,0x00,0x00,0x00,0x00,0xD5,0x7F,0xB7,
  0x6B,0xAD,0x5F,0xDF,0xFF,0xFF,0xFF,0xA4,0x23,0xDF,0x21,0x7F,
  0x7F,0xFB,0xEF,0xBF,0xEB,0xFA,0xAB,0xBA,0x95,0x5A,0xAD,0xDE,
  0xF7,0xFF,0xDF,0xBF,0xFF,0xA0,0x00,0x00,0x60,0x00,0x00,0x00,
  0x00,0x00,0x00,0x00,0x00,0x00,0x00,0x00,0x00,0x00,0x00,0x00,
  0x00,0x00,0x00,0x00,0x00,0x00,0x00,0x00,0x00,0x00,0x01,0xFC,
  0x00,0x00,0x00,0x00,0x00,0x6F,0xD5,0xFF,0xB6,0xFE,0xFF,0xFF,
  0xBF,0xFF,0xFF,0x55,0x47,0xFE,0x5F,0xED,0xED,0xB6,0xFD,0xEF,
  0x7F,0x6F,0xFE,0xD7,0x6D,0xF7,0xDB,0x6B,0x5B,0xFF,0x47,0xFF,
  0x50,0x00,0x00,0x00,0x20,0x00,0x00,0x00,0x00,0x00,0x00,0x00,
  0x00,0x00,0x00,0x00,0x00,0x00,0x00,0x00,0x00,0x00,0x00,0x00,
  0x00,0x00,0x00,0x00,0x00,0x00,0x03,0xFE,0x00,0x00,0x00,0x00,
  0x00,0x35,0x7E,0xAD,0xFF,0x55,0xAF,0xFF,0xFB,0xD5,0x7F,0xDF,
  0xBF,0xF7,0xED,0xBF,0x7B,0xFF,0xB7,0x7D,0xFF,0xFF,0xFF,0xFF,
  0xFB,0x5D,0x76,0xDD,0xEF,0xFB,0xFF,0xE0,0x00,0x00,0x00,0x00,
  0x30,0x00,0x00,0x00,0x00,0x00,0x00,0x00,0x00,0x00,0x00,0x00,
  0x00,0x00,0x00,0x00,0x00,0x00,0x00,0x00,0x00,0x00,0x00,0x00,
  0x00,0x00,0x01,0xFC,0x00,0x00,0x00,0x00,0x00,0x1B,0xD7,0xFB,
  0x5B,0xFF,0x6A,0xFF,0xFF,0xFF,0xFF,0xFB,0xFF,0xFF,0xFF,0xF5,
  0xDE,0xDB,0xFF,0xF7,0xF7,0xFE,0xDB,0xFE,0xDF,0xEB,0xAF,0x77,
  0x5F,0xFF,0xD4,0x00,0x00,0x00,0x00,0x00,0x18,0x00,0x00,0x00,
  0x00,0x00,0x00,0x00,0x00,0x00,0x00,0x00,0x00,0x00,0x00,0x00,
  0x00,0x00,0x00,0x00,0x00,0x00,0x00,0x00,0x00,0x00,0x01,0xFC,
  0x00,0x00,0x00,0x00,0x00,0x0E,0xFA,0xAE,0xED,0xBB,0xFF,0xFD,
  0xFF,0xFF,0xFD,0xFF,0x77,0xFF,0xFA,0xBF,0xEF,0xFE,0xDB,0x7D,
  0x7D,0xB7,0xFF,0xFF,0xFF,0xFE,0xDA,0xDA,0xFF,0x54,0x00,0x00,
  0x00,0x00,0x00,0x00,0x18,0x00,0x00,0x00,0x00,0x00,0x00,0x00,
  0x00,0x00,0x00,0x00,0x00,0x00,0x00,0x00,0x00,0x00,0x00,0x00,
  0x00,0x00,0x00,0x00,0x00,0x00,0x01,0xFC,0x00,0x00,0x00,0x00,
  0x00,0x03,0xBF,0xFB,0xBE,0xEF,0x74,0x57,0xFF,0xFF,0xFF,0xFF,
  0xFE,0xFF,0xAA,0xD6,0xBD,0xB7,0xFF,0xDF,0x5F,0xFF,0x6E,0xDB,
  0xB6,0xDF,0xFD,0xB7,0xD0,0x00,0x00,0x00,0x00,0x00,0x00,0x00,
  0x08,0x00,0x00,0x00,0x00,0x00,0x00,0x00,0x00,0x00,0x00,0x00,
  0x00,0x00,0x00,0x00,0x00,0x00,0x00,0x00,0x00,0x00,0x00,0x00,
  0x00,0x00,0x01,0xFC,0x00,0x00,0x00,0x00,0x00,0x03,0xEF,0xEF,
  0xF7,0xBA,0x80,0x00,0x0E,0xFF,0xFF,0xDF,0xDB,0xBC,0xAB,0x52,
  0xD6,0xFF,0x7E,0xFB,0xED,0xB7,0xFB,0xFF,0xFF,0xFF,0xFF,0xFE,
  0x00,0x00,0x00,0x00,0x00,0x00,0x00,0x00,0x04,0x00,0x00,0x00,
  0x00,0x00,0x00,0x00,0x00,0x00,0x00,0x00,0x00,0x00,0x00,0x00,
  0x00,0x00,0x00,0x00,0x00,0x00,0x00,0x00,0x00,0x00,0x01,0xFC,
  0x00,0x00,0x00,0x00,0x00,0x06,0xFD,0xC0,0x2A,0xE0,0x00,0x00,
  0x03,0xF1,0x5B,0xFF,0xFF,0xEF,0xDA,0xAA,0x52,0x41,0xEF,0xFF,
  0xAF,0xFD,0xBF,0xB6,0xDF,0xFB,0xA0,0x04,0x00,0x00,0x00,0x00,
  0x00,0x00,0x00,0x00,0x06,0x00,0x00,0x00,0x00,0x00,0x00,0x00,
  0x00,0x00,0x00,0x00,0x00,0x00,0x00,0x00,0x00,0x00,0x00,0x00,
  0x00,0x00,0x00,0x00,0x00,0x00,0x01,0xFC,0x00,0x00,0x00,0x00,
  0x00,0x0B,0x5F,0x40,0x00,0x00,0x00,0x00,0x01,0x50,0x00,0x12,
  0xBF,0xFE,0xFF,0x55,0x55,0x5E,0xFB,0x6D,0x7F,0x7F,0xFF,0xFF,
  0xFE,0x8F,0x80,0x00,0x00,0x00,0x00,0x00,0x00,0x00,0x00,0x00,
  0x02,0x00,0x00,0x00,0x00,0x00,0x00,0x00,0x00,0x00,0x00,0x00,
  0x00,0x00,0x00,0x00,0x00,0x00,0x00,0x00,0x00,0x00,0x00,0x00,
  0x00,0x00,0x01,0xFC,0x00,0x00,0x00,0x00,0x00,0x0B,0xF7,0x00,
  0x00,0x00,0x00,0x00,0x00,0x00,0x00,0x00,0x00,0x7F,0xEF,0xFF,
  0xB5,0x6B,0xBF,0xFF,0xFB,0xD6,0xF6,0xD4,0x03,0x03,0xC0,0x00,
  0x00,0x00,0x00,0x00,0x00,0x00,0x00,0x00,0x00,0x00,0x00,0x00,
  0x00,0x00,0x00,0x00,0x00,0x00,0x00,0x00,0x00,0x00,0x00,0x00,
  0x00,0x00,0x00,0x00,0x00,0x00,0x00,0x00,0x00,0x00,0x01,0xF8,
  0x00,0x00,0x00,0x00,0x00,0x1B,0x7E,0x00,0x00,0x00,0x00,0x00,
  0x00,0x00,0x00,0x00,0x00,0x03,0xBF,0xFF,0xFF,0xFF,0xFD,0xFB,
  0x5D,0xFD,0xC0,0x00,0x01,0x03,0x40,0x00,0x00,0x00,0x00,0x00,
  0x00,0x00,0x00,0x00,0x00,0x00,0x00,0x00,0x00,0x00,0x00,0x00,
  0x00,0x00,0x00,0x00,0x00,0x00,0x00,0x00,0x00,0x00,0x00,0x00,
  0x00,0x00,0x00,0x00,0x00,0x00,0x01,0xFC,0x00,0x00,0x00,0x00,
  0x00,0x2D,0xD4,0x00,0x00,0x00,0x00,0x00,0x00,0x00,0x00,0x00,
  0x00,0x00,0x00,0x55,0x7F,0xD1,0xDF,0xB0,0x05,0x57,0x40,0x00,
  0x01,0x81,0xE0,0x00,0x00,0x00,0x00,0x00,0x00,0x00,0x00,0x00,
  0x00,0x00,0x00,0x00,0x00,0x00,0x00,0x00,0x00,0x00,0x00,0x00,
  0x00,0x00,0x00,0x00,0x00,0x00,0x00,0x00,0x00,0x00,0x00,0x00,
  0x00,0x00,0x00,0xF8,0x00,0x00,0x00,0x00,0x00,0x6B,0x7C,0x00,
  0x00,0x00,0x00,0x00,0x00,0x00,0x00,0x00,0x00,0x00,0x00,0x00,
  0x00,0x01,0x7B,0xF0,0x06,0xFF,0xC0,0x00,0x00,0x80,0xE0,0x00,
  0x00,0x00,0x00,0x00,0x00,0x00,0x00,0x00,0x00,0x00,0x00,0x00,
  0x00,0x00,0x00,0x00,0x00,0x00,0x00,0x00,0x00,0x00,0x00,0x00,
  0x00,0x00,0x00,0x00,0x00,0x00,0x00,0x00,0x00,0x00,0x01,0xF8,
  0x00,0x00,0x00,0x00,0x00,0x9E,0xD8,0x00,0x00,0x00,0x00,0x00,
  0x00,0x00,0x00,0x00,0x00,0x00,0x00,0x00,0x00,0x01,0xFF,0xF0,
  0x05,0xAA,0xE0,0x00,0x00,0x00,0xF0,0x00,0x00,0x00,0x00,0x00,
  0x00,0x00,0x00,0x00,0x00,0x00,0x00,0x00,0x00,0x00,0x00,0x00,
  0x00,0x00,0x00,0x00,0x00,0x00,0x00,0x00,0x00,0x00,0x00,0x00,
  0x00,0x00,0x00,0x00,0x00,0x00,0x00,0xF8,0x00,0x00,0x00,0x00,
  0x00,0xAB,0xF0,0x00,0x00,0x00,0x00,0x00,0x00,0x00,0x00,0x00,
  0x00,0x00,0x00,0x00,0x00,0x03,0xDB,0x60,0x06,0xDB,0x40,0x00,
  0x00,0x00,0x30,0x00,0x00,0x00,0x00,0x00,0x00,0x00,0x00,0x00,
  0x00,0x00,0x00,0x00,0x00,0x00,0x00,0x00,0x00,0x00,0x00,0x00,
  0x00,0x00,0x00,0x00,0x00,0x00,0x00,0x00,0x00,0x00,0x00,0x00,
  0x00,0x00,0x00,0xF8,0x00,0x00,0x00,0x00,0x01,0x6D,0x60,0x00,
  0x00,0x00,0x00,0x00,0x00,0x00,0x00,0x00,0x00,0x00,0x00,0x00,
  0x00,0x02,0xFF,0xE0,0x02,0xB6,0xE0,0x00,0x00,0x00,0x38,0x00,
  0x00,0x00,0x00,0x00,0x00,0x00,0x00,0x00,0x00,0x00,0x00,0x00,
  0x00,0x00,0x00,0x00,0x00,0x00,0x00,0x00,0x00,0x00,0x00,0x00,
  0x00,0x00,0x00,0x00,0x00,0x00,0x00,0x00,0x00,0x00,0x01,0xE8,
  0x00,0x00,0x00,0x00,0x03,0x56,0xC0,0x00,0x00,0x00,0x00,0x00,
  0x00,0x00,0x00,0x00,0x00,0x00,0x00,0x00,0x00,0x07,0xB6,0xE0,
  0x06,0xDB,0x60,0x00,0x00,0x00,0x10,0x00,0x00,0x00,0x00,0x00,
  0x00,0x00,0x00,0x00,0x00,0x00,0x00,0x00,0x00,0x00,0x00,0x00,
  0x00,0x00,0x00,0x00,0x00,0x00,0x00,0x00,0x00,0x00,0x00,0x00,
  0x00,0x00,0x00,0x00,0x00,0x00,0x00,0x88,0x00,0x00,0x00,0x00,
  0x04,0xB5,0xC0,0x00,0x00,0x00,0x00,0x00,0x00,0x00,0x00,0x00,
  0x00,0x00,0x00,0x00,0x00,0x06,0xFF,0xC0,0x02,0xAD,0xA0,0x00,
  0x00,0x00,0x00,0x00,0x00,0x00,0x00,0x00,0x00,0x00,0x00,0x00,
  0x00,0x00,0x00,0x00,0x00,0x00,0x00,0x00,0x00,0x00,0x00,0x00,
  0x00,0x00,0x00,0x00,0x00,0x00,0x00,0x00,0x00,0x00,0x00,0x00,
  0x00,0x00,0x00,0xA8,0x00,0x00,0x00,0x00,0x05,0xAD,0x80,0x00,
  0x00,0x00,0x00,0x00,0x00,0x00,0x00,0x00,0x00,0x00,0x00,0x00,
  0x00,0x1B,0xDB,0x60,0x02,0xB6,0xE0,0x00,0x00,0x00,0x00,0x00,
  0x00,0x00,0x00,0x00,0x00,0x00,0x00,0x00,0x00,0x00,0x00,0x00,
  0x00,0x00,0x00,0x00,0x00,0x00,0x00,0x00,0x00,0x00,0x00,0x00,
  0x00,0x00,0x00,0x00,0x00,0x00,0x00,0x00,0x00,0x00,0x00,0xB8,
  0x00,0x00,0x00,0x00,0x1A,0xD7,0x00,0x00,0x00,0x00,0x00,0x00,
  0x00,0x00,0x00,0x00,0x00,0x00,0x00,0x00,0x00,0x3F,0xFF,0xF0,
  0x02,0xDB,0x60,0x00,0x00,0x00,0x00,0x00,0x00,0x00,0x00,0x00,
  0x00,0x00,0x00,0x00,0x00,0x00,0x00,0x00,0x00,0x00,0x00,0x00,
  0x00,0x00,0x00,0x00,0x00,0x00,0x00,0x00,0x00,0x00,0x00,0x00,
  0x00,0x00,0x00,0x00,0x00,0x00,0x00,0xF8,0x00,0x00,0x00,0x00,
  0x65,0x7A,0x00,0x00,0x00,0x00,0x00,0x00,0x00,0x00,0x00,0x00,
  0x00,0x00,0x00,0x00,0x01,0xED,0xBD,0xF8,0x02,0x6A,0xB0,0x00,
  0x00,0x00,0x00,0x00,0x00,0x00,0x00,0x00,0x00,0x00,0x00,0x00,
  0x00,0x00,0x00,0x00,0x00,0x00,0x00,0x00,0x00,0x00,0x00,0x00,
  0x00,0x00,0x00,0x00,0x00,0x00,0x00,0x00,0x00,0x00,0x00,0x00,
  0x00,0x00,0x00,0x70,0x00,0x00,0x00,0x00,0x8A,0xAE,0x00,0x00,
  0x00,0x00,0x00,0x00,0x00,0x00,0x00,0x00,0x00,0x00,0x00,0x00,
  0x0F,0xB6,0xEB,0x5F,0x83,0x56,0xD0,0x00,0x00,0x00,0x00,0x00,
  0x00,0x00,0x00,0x00,0x00,0x00,0x00,0x00,0x00,0x00,0x00,0x00,
  0x00,0x00,0x00,0x00,0x00,0x00,0x00,0x00,0x00,0x00,0x00,0x00,
  0x00,0x00,0x00,0x00,0x00,0x00,0x00,0x00,0x00,0x00,0x00,0xF0,
  0x00,0x00,0x00,0x03,0x77,0x6B,0x00,0x00,0x00,0x00,0x00,0x00,
  0x00,0x00,0x00,0x00,0x00,0x00,0x00,0x00,0x7D,0x7F,0xBF,0xEF,
  0xF9,0x5A,0xB0,0x00,0x00,0x00,0x00,0x00,0x00,0x00,0x00,0x00,
  0x00,0x00,0x00,0x00,0x00,0x00,0x00,0x00,0x00,0x00,0x00,0x00,
  0x00,0x00,0x00,0x00,0x00,0x00,0x00,0x00,0x00,0x00,0x00,0x00,
  0x00,0x00,0x00,0x00,0x00,0x00,0x00,0x70,0x00,0x00,0x00,0x1D,
  0x48,0xAD,0xC0,0x00,0x00,0x00,0x00,0x00,0x00,0x00,0x00,0x00,
  0x00,0x00,0x00,0x01,0xEB,0xAA,0xEA,0xBA,0xDF,0x55,0xD0,0x00,
  0x00,0x00,0x00,0x00,0x00,0x00,0x00,0x00,0x00,0x00,0x00,0x00,
  0x00,0x00,0x00,0x00,0x00,0x00,0x00,0x00,0x00,0x00,0x00,0x00,
  0x00,0x00,0x00,0x00,0x00,0x00,0x00,0x00,0x00,0x00,0x00,0x00,
  0x00,0x00,0x00,0x70,0x00,0x00,0x00,0xE0,0x00,0x00,0x7A,0x00,
  0x00,0x00,0x00,0x00,0x00,0x00,0x00,0x00,0x00,0x00,0x00,0x07,
  0xAD,0x7F,0x7F,0xEF,0x76,0x5B,0x78,0x00,0x00,0x00,0x00,0x00,
  0x00,0x00,0x00,0x00,0x00,0x00,0x00,0x00,0x00,0x00,0x00,0x00,
  0x00,0x00,0x00,0x00,0x00,0x00,0x00,0x00,0x00,0x00,0x00,0x00,
  0x00,0x00,0x00,0x00,0x00,0x00,0x00,0x00,0x00,0x00,0x00,0x20,
  0x00,0x00,0x07,0x00,0x00,0x00,0x05,0x80,0x00,0x00,0x00,0x00,
  0x00,0x00,0x00,0x00,0x00,0x00,0x00,0x1D,0x57,0xD5,0xAA,0xB5,
  0xDC,0xA5,0x28,0x00,0x00,0x00,0x00,0x00,0x00,0x00,0x00,0x00,
  0x00,0x00,0x00,0x00,0x00,0x00,0x00,0x00,0x00,0x00,0x00,0x00,
  0x00,0x00,0x00,0x00,0x00,0x00,0x00,0x00,0x00,0x00,0x00,0x00,
  0x00,0x00,0x00,0x00,0x00,0x00,0x00,0x00,0x00,0x00,0x18,0x00,
  0x25,0x21,0x00,0x70,0x00,0x00,0x00,0x00,0x00,0x00,0x00,0x00,
  0x00,0x00,0x00,0x36,0xFA,0xBE,0xFF,0x7F,0x6D,0x7B,0xDC,0x00,
  0x00,0x00,0x00,0x00,0x00,0x00,0x00,0x00,0x00,0x00,0x00,0x00,
  0x00,0x00,0x00,0x00,0x00,0x00,0x00,0x00,0x00,0x00,0x00,0x00,
  0x00,0x00,0x00,0x00,0x00,0x00,0x00,0x00,0x00,0x00,0x00,0x00,
  0x00,0x00,0x00,0x00,0x00,0x00,0x20,0x12,0x80,0x08,0x00,0x0E,
  0x00,0x00,0x00,0x00,0x00,0x00,0x00,0x00,0x00,0x00,0x00,0xEB,
  0x5D,0xEB,0xAA,0xD5,0xFA,0x8A,0xB6,0x00,0x00,0x00,0x00,0x00,
  0x00,0x00,0x00,0x00,0x00,0x00,0x00,0x00,0x00,0x00,0x00,0x00,
  0x00,0x00,0x00,0x00,0x00,0x00,0x00,0x00,0x00,0x00,0x00,0x00,
  0x00,0x00,0x00,0x00,0x00,0x00,0x00,0x00,0x00,0x00,0x00,0x00,
  0x00,0x00,0xC0,0x40,0x15,0x42,0x52,0x01,0x80,0x00,0x00,0x00,
  0x00,0x00,0x00,0x00,0x00,0x00,0x01,0xBA,0xEB,0x5E,0xFF,0xEF,
  0x40,0x20,0x05,0xE8,0x00,0x00,0x00,0x00,0x00,0x00,0x00,0x00,
  0x00,0x00,0x00,0x00,0x00,0x00,0x00,0x00,0x00,0x00,0x00,0x00,
  0x00,0x00,0x00,0x00,0x00,0x00,0x00,0x00,0x00,0x00,0x00,0x00,
  0x00,0x00,0x00,0x00,0x00,0x00,0x00,0x00,0x00,0x01,0x04,0x09,
  0x40,0x11,0x08,0x20,0x70,0x00,0x00,0x00,0x00,0x00,0x00,0x00,
  0x00,0x00,0x03,0x57,0xBE,0xF5,0xAA,0xB8,0x02,0x00,0x10,0x16,
  0x80,0x00,0x00,0x00,0x00,0x00,0x00,0x00,0x00,0x00,0x00,0x00,
  0x00,0x00,0x00,0x00,0x00,0x00,0x00,0x00,0x00,0x00,0x00,0x00,
  0x00,0x00,0x00,0x00,0x00,0x00,0x00,0x00,0x00,0x00,0x00,0x00,
  0x00,0x00,0x00,0x00,0x00,0x02,0x11,0x20,0x12,0x48,0x41,0x09,
  0x0E,0x00,0x00,0x00,0x00,0x00,0x00,0x00,0x00,0x00,0x02,0xED,
  0x6B,0xBF,0xFF,0xE0,0x08,0x04,0x80,0x01,0x60,0x00,0x00,0x00,
  0x00,0x00,0x00,0x00,0x00,0x00,0x00,0x00,0x00,0x00,0x00,0x00,
  0x00,0x00,0x00,0x00,0x00,0x00,0x00,0x00,0x00,0x00,0x00,0x00,
  0x00,0x00,0x00,0x00,0x00,0x00,0x00,0x00,0x00,0x00,0x00,0x00,
  0x00,0x04,0x80,0x45,0x01,0x05,0x12,0x40,0x01,0xC0,0x00,0x00,
  0x00,0x00,0x00,0x00,0x00,0x00,0x07,0x5F,0xB6,0xD5,0xBF,0x02,
  0x40,0x90,0x00,0x04,0x3C,0x00,0x00,0x00,0x00,0x00,0x00,0x00,
  0x00,0x00,0x00,0x00,0x00,0x00,0x00,0x00,0x00,0x00,0x00,0x00,
  0x00,0x00,0x00,0x00,0x00,0x00,0x00,0x00,0x00,0x00,0x00,0x00,
  0x00,0x00,0x00,0x00,0x00,0x00,0x00,0x00,0x00,0x08,0x09,0x10,
  0x54,0x20,0x49,0x2A,0xA4,0x38,0x00,0x00,0x00,0x00,0x00,0x00,
  0x00,0x00,0x05,0x6A,0xDD,0xFF,0xFD,0x00,0x04,0x22,0x55,0x50,
  0x03,0x80,0x00,0x00,0x00,0x00,0x00,0x00,0x00,0x00,0x00,0x00,
  0x00,0x00,0x00,0x00,0x00,0x00,0x00,0x00,0x00,0x00,0x00,0x00,
  0x00,0x00,0x00,0x00,0x00,0x00,0x00,0x00,0x00,0x00,0x00,0x00,
  0x00,0x00,0x00,0x00,0x00,0x12,0x22,0x05,0x01,0x5F,0x6E,0xF7,
  0xFB,0xE8,0x00,0x00,0x00,0x00,0x00,0x00,0x00,0x00,0x0F,0xBD,
  0xFF,0xFF,0xF8,0x21,0x21,0x08,0x00,0x01,0x00,0x70,0x00,0x00,
  0x00,0x00,0x00,0x00,0x00,0x00,0x00,0x00,0x00,0x00,0x00,0x00,
  0x00,0x00,0x00,0x00,0x00,0x00,0x00,0x00,0x00,0x00,0x00,0x00,
  0x00,0x00,0x00,0x00,0x00,0x00,0x00,0x00,0x00,0x00,0x00,0x00,
  0x00,0x10,0x08,0xA0,0x5F,0xEB,0xFF,0xDE,0xDF,0x78,0x00,0x00,
  0x00,0x00,0x00,0x00,0x00,0x00,0x0A,0xD7,0xFF,0xFF,0xE0,0x04,
  0x08,0x42,0xAA,0x48,0x40,0x1E,0x00,0x00,0x00,0x00,0x00,0x00,
  0x00,0x00,0x00,0x00,0x00,0x00,0x00,0x00,0x00,0x00,0x00,0x00,
  0x00,0x00,0x00,0x00,0x00,0x00,0x00,0x00,0x00,0x00,0x00,0x00,
  0x00,0x00,0x00,0x00,0x00,0x00,0x00,0x00,0x00,0x11,0x40,0x17,
  0xFE,0xFF,0x77,0xFF,0xFD,0xF0,0x00,0x00,0x00,0x00,0x00,0x00,
  0x00,0x00,0x0D,0x6E,0xAB,0x5B,0x60,0x10,0x92,0x10,0x00,0x85,
  0x15,0x01,0xC0,0x00,0x00,0x00,0x00,0x00,0x00,0x00,0x00,0x00,
  0x00,0x00,0x00,0x00,0x00,0x00,0x00,0x00,0x00,0x00,0x00,0x00,
  0x00,0x00,0x00,0x00,0x00,0x00,0x00,0x00,0x00,0x00,0x00,0x00,
  0x00,0x00,0x00,0x00,0x00,0x24,0x0A,0xFF,0xF7,0xDD,0xFD,0xBB,
  0xF7,0xF0,0x00,0x00,0x00,0x00,0x00,0x00,0x00,0x00,0x07,0xBB,
  0xFD,0xEF,0xC0,0x82,0x01,0x44,0x92,0x20,0x00,0x40,0x38,0x00,
  0x00,0x00,0x00,0x00,0x00,0x00,0x00,0x00,0x00,0x00,0x00,0x00,
  0x00,0x00,0x00,0x00,0x00,0x00,0x00,0x00,0x00,0x00,0x00,0x00,
  0x00,0x00,0x00,0x00,0x00,0x00,0x00,0x00,0x00,0x00,0x00,0x00,
  0x00,0x10,0x97,0xDA,0xBD,0x77,0xAF,0xEF,0x5F,0x60,0x00,0x00,
  0x00,0x00,0x00,0x00,0x00,0x00,0x06,0xDD,0x57,0x7A,0x82,0x28,
  0xA4,0x10,0x00,0x8A,0xD5,0x2A,0x07,0x00,0x00,0x00,0x00,0x00,
  0x00,0x00,0x00,0x00,0x00,0x00,0x00,0x00,0x00,0x00,0x00,0x00,
  0x00,0x00,0x00,0x00,0x00,0x00,0x00,0x00,0x00,0x00,0x00,0x00,
  0x00,0x00,0x00,0x00,0x00,0x00,0x00,0x00,0x00,0x15,0x28,0x4A,
  0x92,0x94,0xA0,0x29,0x40,0xA0,0x00,0x00,0x00,0x00,0x00,0x00,
  0x00,0x00,0x03,0x77,0xFD,0xDF,0x08,0x02,0x08,0x42,0xFF,0xFF,
  0xFF,0xFF,0xFF,0x80,0x00,0x00,0x00,0x00,0x00,0x00,0x00,0x00,
  0x00,0x00,0x00,0x00,0x00,0x00,0x00,0x00,0x00,0x00,0x00,0x00,
  0x00,0x00,0x00,0x00,0x00,0x00,0x00,0x00,0x00,0x00,0x00,0x00,
  0x00,0x00,0x00,0x00,0x00,0x18,0x95,0x55,0x69,0x52,0x9D,0xAA,
  0xAB,0xE0,0x00,0x00,0x00,0x00,0x00,0x00,0x00,0x00,0x01,0xFD,
  0xAF,0x6A,0x00,0xA0,0x41,0x3F,0xFF,0x7D,0xFF,0xB7,0xFD,0x00,
  0x00,0x00,0x00,0x00,0x00,0x00,0x00,0x00,0x00,0x00,0x00,0x00,
  0x00,0x00,0x00,0x00,0x00,0x00,0x00,0x00,0x00,0x00,0x00,0x00,
  0x00,0x00,0x00,0x00,0x00,0x00,0x00,0x00,0x00,0x00,0x00,0x00,
  0x00,0x0A,0x4A,0xA9,0x2A,0xAA,0x52,0x55,0x5E,0x80,0x00,0x00,
  0x00,0x00,0x00,0x00,0x00,0x00,0x00,0xDF,0xFB,0xFE,0x12,0x09,
  0x2F,0xFF,0xB7,0xF7,0xDD,0xFF,0xDF,0x00,0x00,0x00,0x00,0x00,
  0x00,0x00,0x00,0x00,0x00,0x00,0x00,0x00,0x00,0x00,0x00,0x00,
  0x00,0x00,0x00,0x00,0x00,0x00,0x00,0x00,0x00,0x00,0x00,0x00,
  0x00,0x00,0x00,0x00,0x00,0x00,0x00,0x00,0x00,0x0D,0xA9,0x25,
  0x55,0x2A,0xAA,0xAF,0xF0,0x00,0x00,0x00,0x00,0x00,0x00,0x00,
  0x00,0x00,0x00,0x75,0x6E,0xAC,0x40,0x82,0xFF,0xF7,0xFF,0xDF,
  0x7F,0xFD,0xFB,0x00,0x00,0x00,0x00,0x00,0x00,0x00,0x00,0x00,
  0x00,0x00,0x00,0x00,0x00,0x00,0x00,0x00,0x00,0x00,0x00,0x00,
  0x00,0x00,0x00,0x00,0x00,0x00,0x00,0x00,0x00,0x00,0x00,0x00,
  0x00,0x00,0x00,0x00,0x00,0x06,0xD5,0x55,0x54,0xA5,0x55,0xFD,
  0x00,0x00,0x00,0x00,0x00,0x00,0x00,0x00,0x00,0x00,0x00,0x1F,
  0xFF,0xFE,0x04,0x5F,0xFF,0xDE,0xFD,0xFF,0xF7,0xF7,0xFE,0x00,
  0x00,0x00,0x00,0x00,0x00,0x00,0x00,0x00,0x00,0x00,0x00,0x00,
  0x00,0x00,0x00,0x00,0x00,0x00,0x00,0x00,0x00,0x00,0x00,0x00,
  0x00,0x00,0x00,0x00,0x00,0x00,0x00,0x00,0x00,0x00,0x00,0x00,
  0x00,0x03,0xBA,0xAA,0x4A,0xB5,0xBF,0xD0,0x00,0x00,0x00,0x00,
  0x00,0x00,0x00,0x00,0x00,0x00,0x00,0x03,0xFF,0xFC,0x93,0xFD,
  0xAA,0xFB,0xAB,0x55,0x5A,0x9A,0x96,0x00,0x00,0x00,0x00,0x00,
  0x00,0x00,0x00,0x00,0x00,0x00,0x00,0x00,0x00,0x00,0x00,0x00,
  0x00,0x00,0x00,0x00,0x00,0x00,0x00,0x00,0x00,0x00,0x00,0x00,
  0x00,0x00,0x00,0x00,0x00,0x00,0x00,0x00,0x00,0x00,0xFF,0xDB,
  0x6D,0xDE,0xFF,0x00,0x00,0x00,0x00,0x00,0x00,0x00,0x00,0x00,
  0x00,0x00,0x00,0x00,0xFF,0xFE,0x48,0x02,0x55,0x04,0x4A,0x55,
  0x45,0x44,0x54,0x00,0x00,0x00,0x00,0x00,0x00,0x00,0x00,0x00,
  0x00,0x00,0x00,0x00,0x00,0x00,0x00,0x00,0x00,0x00,0x00,0x00,
  0x00,0x00,0x00,0x00,0x00,0x00,0x00,0x00,0x00,0x00,0x00,0x00,
  0x00,0x00,0x00,0x00,0x00,0x00,0x3F,0x7D,0xBF,0xF7,0xF4,0x00,
  0x00,0x00,0x00,0x00,0x00,0x00,0x00,0x00,0x00,0x00,0x00,0x00,
  0xFF,0xFF,0x25,0xAA,0xA4,0xD5,0x55,0x4A,0x54,0xB3,0xFC,0x00,
  0x00,0x00,0x00,0x00,0x00,0x00,0x00,0x00,0x00,0x00,0x00,0x00,
  0x00,0x00,0x00,0x00,0x00,0x00,0x00,0x00,0x00,0x00,0x00,0x00,
  0x00,0x00,0x00,0x00,0x00,0x00,0x00,0x00,0x00,0x00,0x00,0x00,
  0x00,0x00,0x07,0xFF,0xFF,0x7F,0xC0,0x00,0x00,0x00,0x00,0x00,
  0x00,0x00,0x00,0x00,0x00,0x00,0x00,0x00,0x1F,0xF1,0x54,0xAA,
  0x95,0x2A,0xA4,0xA9,0x55,0x5F,0x40,0x00,0x00,0x00,0x00,0x00,
  0x00,0x00,0x00,0x00,0x00,0x00,0x00,0x00,0x00,0x00,0x00,0x00,
  0x00,0x00,0x00,0x00,0x00,0x00,0x00,0x00,0x00,0x00,0x00,0x00,
  0x00,0x00,0x00,0x00,0x00,0x00,0x00,0x00,0x00,0x00,0x07,0xFF,
  0xFD,0xFF,0x80,0x00,0x00,0x00,0x00,0x00,0x00,0x00,0x00,0x00,
  0x00,0x00,0x00,0x00,0x00,0x81,0xAA,0x49,0x55,0x55,0x2A,0x95,
  0x57,0xF4,0x00,0x00,0x00,0x00,0x00,0x00,0x00,0x00,0x00,0x00,
  0x00,0x00,0x00,0x00,0x00,0x00,0x00,0x00,0x00,0x00,0x00,0x00,
  0x00,0x00,0x00,0x00,0x00,0x00,0x00,0x00,0x00,0x00,0x00,0x00,
  0x00,0x00,0x00,0x00,0x00,0x00,0x03,0xFF,0x57,0xFF,0x80,0x00,
  0x00,0x00,0x00,0x00,0x00,0x00,0x00,0x00,0x00,0x00,0x00,0x00,
  0x00,0x00,0xD5,0x55,0x52,0xAA,0xA4,0xAB,0x7E,0x80,0x00,0x00,
  0x00,0x00,0x00,0x00,0x00,0x00,0x00,0x00,0x00,0x00,0x00,0x00,
  0x00,0x00,0x00,0x00,0x00,0x00,0x00,0x00,0x00,0x00,0x00,0x00,
  0x00,0x00,0x00,0x00,0x00,0x00,0x00,0x00,0x00,0x00,0x00,0x00,
  0x00,0x00,0x03,0xFF,0xFF,0xFF,0x80,0x00,0x00,0x00,0x00,0x00,
  0x00,0x00,0x00,0x00,0x00,0x00,0x00,0x00,0x00,0x00,0x7D,0xAA,
  0x4A,0x52,0x55,0x77,0xF0,0x00,0x00,0x00,0x00,0x00,0x00,0x00,
  0x00,0x00,0x00,0x00,0x00,0x00,0x00,0x00,0x00,0x00,0x00,0x00,
  0x00,0x00,0x00,0x00,0x00,0x00,0x00,0x00,0x00,0x00,0x00,0x00,
  0x00,0x00,0x00,0x00,0x00,0x00,0x00,0x00,0x00,0x00,0x01,0xFF,
  0xFF,0xFF,0x00,0x00,0x00,0x00,0x00,0x00,0x00,0x00,0x00,0x00,
  0x00,0x00,0x00,0x00,0x00,0x00,0x1F,0xDB,0x6A,0xAB,0x5F,0xBF,
  0x40,0x00,0x00,0x00,0x00,0x00,0x00,0x00,0x00,0x00,0x00,0x00,
  0x00,0x00,0x00,0x00,0x00,0x00,0x00,0x00,0x00,0x00,0x00,0x00,
  0x00,0x00,0x00,0x00,0x00,0x00,0x00,0x00,0x00,0x00,0x00,0x00,
  0x00,0x00,0x00,0x00,0x00,0x00,0x01,0xFF,0xFF,0xFE,0x00,0x00,
  0x00,0x00,0x00,0x00,0x00,0x00,0x00,0x00,0x00,0x00,0x00,0x00,
  0x00,0x00,0x07,0x7D,0xBD,0xFD,0xF6,0xF8,0x00,0x00,0x00,0x00,
  0x00,0x00,0x00,0x00,0x00,0x00,0x00,0x00,0x00,0x00,0x00,0x00,
  0x00,0x00,0x00,0x00,0x00,0x00,0x00,0x00,0x00,0x00,0x00,0x00,
  0x00,0x00,0x00,0x00,0x00,0x00,0x00,0x00,0x00,0x00,0x00,0x00,
  0x00,0x00,0x00,0xFF,0xFF,0xFC,0x00,0x00,0x00,0x00,0x00,0x00,
  0x00,0x00,0x00,0x00,0x00,0x00,0x00,0x00,0x00,0x00,0x01,0xFF,
  0xF7,0xDF,0xFF,0xC0,0x00,0x00,0x00,0x00,0x00,0x00,0x00,0x00,
  0x00,0x00,0x00,0x00,0x00,0x00,0x00,0x00,0x00,0x00,0x00,0x00,
  0x00,0x00,0x00,0x00,0x00,0x00,0x00,0x00,0x00,0x00,0x00,0x00,
  0x00,0x00,0x00,0x00,0x00,0x00,0x00,0x00,0x00,0x00,0x00,0x3F,
  0xFF,0xF8,0x00,0x00,0x00,0x00,0x00,0x00,0x00,0x00,0x00,0x00,
  0x00,0x00,0x00,0x00,0x00,0x00,0x00,0x7F,0xFF,0x7F,0xFC,0x00,
  0x00,0x00,0x00,0x00,0x00,0x00,0x00,0x00,0x00,0x00,0x00,0x00,
  0x00,0x00,0x00,0x00,0x00,0x00,0x00,0x00,0x00,0x00,0x00,0x00,
  0x00,0x00,0x00,0x00,0x00,0x00,0x00,0x00,0x00,0x00,0x00,0x00,
  0x00,0x00,0x00,0x00,0x00,0x00,0x00,0x3F,0xFF,0xF0,0x00,0x00,
  0x00,0x00,0x00,0x00,0x00,0x00,0x00,0x00,0x00,0x00,0x00,0x00,
  0x00,0x00,0x00,0x3F,0xFF,0xFF,0xFC,0x00,0x00,0x00,0x00,0x00,
  0x00,0x00,0x00,0x00,0x00,0x00,0x00,0x00,0x00,0x00,0x00,0x00,
  0x00,0x00,0x00,0x00,0x00,0x00,0x00,0x00,0x00,0x00,0x00,0x00,
  0x00,0x00,0x00,0x00,0x00,0x00,0x00,0x00,0x00,0x00,0x00,0x00,
  0x00,0x00,0x00,0x0F,0xFF,0xC0,0x00,0x00,0x00,0x00,0x00,0x00,
  0x00,0x00,0x00,0x00,0x00,0x00,0x00,0x00,0x00,0x00,0x00,0x3F,
  0xFF,0xFF,0xF8,0x00,0x00,0x00,0x00,0x00,0x00,0x00,0x00,0x00,
  0x00,0x00,0x00,0x00,0x00,0x00,0x00,0x00,0x00,0x00,0x00,0x00,
  0x00,0x00,0x00,0x00,0x00,0x00,0x00,0x00,0x00,0x00,0x00,0x00,
  0x00,0x00,0x00,0x00,0x00,0x00,0x00,0x00,0x00,0x00,0x00,0x01,
  0x7D,0x00,0x00,0x00,0x00,0x00,0x00,0x00,0x00,0x00,0x00,0x00,
  0x00,0x00,0x00,0x00,0x00,0x00,0x00,0x1B,0xFF,0xFF,0xF0,0x00,
  0x00,0x00,0x00,0x00,0x00,0x00,0x00,0x00,0x00,0x00,0x00,0x00,
  0x00,0x00,0x00,0x00,0x00,0x00,0x00,0x00,0x00,0x00,0x00,0x00,
  0x00,0x00,0x00,0x00,0x00,0x00,0x00,0x00,0x00,0x00,0x00,0x00,
  0x00,0x00,0x00,0x00,0x00,0x00,0x00,0x00,0x00,0x00,0x00,0x00,
  0x00,0x00,0x00,0x00,0x00,0x00,0x00,0x00,0x00,0x00,0x00,0x00,
  0x00,0x00,0x00,0x0F,0xFF,0xDF,0xF0,0x00,0x00,0x00,0x00,0x00,
  0x00,0x00,0x00,0x00,0x00,0x00,0x00,0x00,0x00,0x00,0x00,0x00,
  0x00,0x00,0x00,0x00,0x00,0x00,0x00,0x00,0x00,0x00,0x00,0x00,
  0x00,0x00,0x00,0x00,0x00,0x00,0x00,0x00,0x00,0x00,0x00,0x00,
  0x00,0x00,0x00,0x00,0x00,0x00,0x00,0x00,0x00,0x00,0x00,0x00,
  0x00,0x00,0x00,0x00,0x00,0x00,0x00,0x00,0x00,0x00,0x00,0x07,
  0xFF,0xFF,0xC0,0x00,0x00,0x00,0x00,0x00,0x00,0x00,0x00,0x00,
  0x00,0x00,0x00,0x00,0x00,0x00,0x00,0x00,0x00,0x00,0x00,0x00,
  0x00,0x00,0x00,0x00,0x00,0x00,0x00,0x00,0x00,0x00,0x00,0x00,
  0x00,0x00,0x00,0x00,0x00,0x00,0x00,0x00,0x00,0x00,0x00,0x00,
  0x00,0x00,0x00,0x00,0x00,0x00,0x00,0x00,0x00,0x00,0x00,0x00,
  0x00,0x00,0x00,0x00,0x00,0x00,0x00,0x03,0xFF,0xFF,0x80,0x00,
  0x00,0x00,0x00,0x00,0x00,0x00,0x00,0x00,0x00,0x00,0x00,0x00,
  0x00,0x00,0x00,0x00,0x00,0x00,0x00,0x00,0x00,0x00,0x00,0x00,
  0x00,0x00,0x00,0x00,0x00,0x00,0x00,0x00,0x00,0x00,0x00,0x00,
  0x00,0x00,0x00,0x00,0x00,0x00,0x00,0x00,0x00,0x00,0x00,0x00,
  0x00,0x00,0x00,0x00,0x00,0x00,0x00,0x00,0x00,0x00,0x00,0x00,
  0x00,0x00,0x00,0x01,0xFF,0xFE,0x00,0x00,0x00,0x00,0x00,0x00,
  0x00,0x00,0x00,0x00,0x00,0x00,0x00,0x00,0x00,0x00,0x00,0x00,
  0x00,0x00,0x00,0x00,0x00,0x00,0x00,0x00,0x00,0x00,0x00,0x00,
  0x00,0x00,0x00,0x00,0x00,0x00,0x00,0x00,0x00,0x00,0x00,0x00,
  0x00,0x00,0x00,0x00,0x00,0x00,0x00,0x00,0x00,0x00,0x00,0x00,
  0x00,0x00,0x00,0x00,0x00,0x00,0x00,0x00,0x00,0x00,0x00,0x00,
  0x3F,0xFA,0x00,0x00,0x00,0x00,0x00,0x00,0x00,0x00,0x00,0x00,
  0x00,0x00,0x00,0x00,0x00,0x00,0x00,0x00,0x00,0x00,0x00,0x00,
  0x00,0x00,0x00,0x00,0x00,0x00,0x00,0x00,0x00,0x00,0x00,0x00,
  0x00,0x00,0x00,0x00,0x00,0x00,0x00,0x00,0x00,0x00,0x00,0x00,
  0x00,0x00,0x00,0x00,0x00,0x00,0x00,0x00,0x00,0x00,0x00,0x00,
  0x00,0x00,0x00,0x00,0x00,0x00,0x00,0x00,0x05,0x40,0x00,0x00,
  0x00,0x00,0x00,0x00,0x00,0x00,0x00,0x00,0x00,0x00,0x00,0x00,
  0x00,0x00,0x00,0x00,0x00,0x00,0x00,0x00,0x00,0x00,0x00,0x00,
  0x00,0x00,0x00,0x00,0x00,0x00,0x00,0x00,0x00,0x00,0x00,0x00,
};

// Seaplane.png  (459x232)
static const uint8_t art_seaplane[] PROGMEM = {
  0x00,0x00,0x00,0x00,0x00,0x00,0x00,0x00,0x00,0x00,0x00,0x00,
  0x00,0x00,0x00,0x00,0x00,0x00,0x00,0x00,0x00,0x00,0x00,0x00,
  0x00,0x00,0x00,0x00,0x00,0x00,0x00,0x00,0x00,0x00,0x00,0x00,
  0x00,0x00,0x00,0x00,0x00,0x00,0x00,0x00,0x00,0x00,0x00,0x00,
  0x00,0x00,0x00,0x00,0x00,0x06,0x00,0x00,0x00,0x00,0x00,0x00,
  0x00,0x00,0x00,0x00,0x00,0x00,0x00,0x00,0x00,0x00,0x00,0x00,
  0x00,0x00,0x00,0x00,0x00,0x00,0x00,0x00,0x00,0x00,0x00,0x00,
  0x00,0x00,0x00,0x00,0x00,0x00,0x00,0x00,0x00,0x00,0x00,0x00,
  0x00,0x00,0x00,0x00,0x00,0x00,0x00,0x00,0x00,0x00,0x00,0x00,
  0x00,0x00,0x00,0x0A,0x00,0x00,0x00,0x00,0x00,0x00,0x00,0x00,
  0x00,0x00,0x00,0x00,0x00,0x00,0x00,0x00,0x00,0x00,0x00,0x00,
  0x00,0x00,0x00,0x00,0x00,0x00,0x00,0x00,0x00,0x00,0x00,0x00,
  0x00,0x00,0x00,0x00,0x00,0x00,0x00,0x00,0x00,0x00,0x00,0x00,
  0x00,0x00,0x00,0x00,0x00,0x00,0x00,0x00,0x00,0x00,0x00,0x00,
  0x00,0x0F,0x00,0x00,0x00,0x00,0x00,0x00,0x00,0x00,0x00,0x00,
  0x00,0x00,0x00,0x00,0x00,0x00,0x00,0x00,0x00,0x00,0x00,0x00,
  0x00,0x00,0x00,0x00,0x00,0x00,0x00,0x00,0x00,0x00,0x00,0x00,
  0x00,0x00,0x00,0x00,0x00,0x00,0x00,0x00,0x00,0x00,0x00,0x00,
  0x00,0x00,0x00,0x00,0x00,0x00,0x00,0x00,0x00,0x00,0x00,0x69,
  0xDA,0xA8,0x00,0x00,0x00,0x00,0x00,0x00,0x00,0x00,0x00,0x00,
  0x00,0x00,0x00,0x00,0x00,0x00,0x00,0x00,0x00,0x00,0x00,0x00,
  0x00,0x00,0x00,0x00,0x00,0x00,0x00,0x00,0x00,0x00,0x00,0x00,
  0x00,0x00,0x00,0x00,0x00,0x00,0x00,0x00,0x00,0x00,0x00,0x00,
  0x00,0x00,0x00,0x00,0x00,0x00,0x00,0x00,0x00,0x88,0x00,0x05,
  0xD0,0x00,0x00,0x00,0x00,0x00,0x00,0x00,0x00,0x00,0x00,0x00,
  0x00,0x00,0x00,0x00,0x00,0x00,0x00,0x00,0x00,0x00,0x00,0x00,
  0x00,0x00,0x00,0x00,0x00,0x00,0x00,0x00,0x00,0x00,0x00,0x00,
  0x00,0x00,0x00,0x00,0x00,0x00,0x00,0x00,0x00,0x00,0x00,0x00,
  0x00,0x00,0x00,0x00,0x00,0x00,0x01,0x13,0x25,0x50,0x0C,0x00,
  0x00,0x00,0x00,0x00,0x00,0x00,0x00,0x00,0x00,0x00,0x00,0x00,
  0x00,0x00,0x00,0x00,0x00,0x00,0x00,0x00,0x00,0x00,0x00,0x00,
  0x00,0x00,0x00,0x00,0x00,0x00,0x00,0x00,0x00,0x00,0x00,0x00,
  0x00,0x00,0x00,0x00,0x00,0x00,0x00,0x00,0x00,0x00,0x00,0x00,
  0x00,0x00,0x00,0x00,0x03,0xE1,0x50,0x05,0x20,0x00,0x00,0x00,
  0x00,0x00,0x00,0x00,0x00,0x00,0x00,0x00,0x00,0x00,0x00,0x00,
  0x00,0x00,0x00,0x00,0x00,0x00,0x00,0x00,0x00,0x00,0x00,0x00,
  0x00,0x00,0x00,0x00,0x00,0x00,0x00,0x00,0x00,0x00,0x00,0x00,
  0x00,0x00,0x00,0x00,0x00,0x00,0x00,0x00,0x00,0x00,0x00,0x00,
  0x00,0x00,0x02,0xE8,0x0B,0xFA,0xA8,0x00,0x00,0x00,0x00,0x00,
  0x00,0x00,0x00,0x00,0x00,0x00,0x00,0x00,0x00,0x00,0x00,0x00,
  0x00,0x00,0x00,0x00,0x00,0x00,0x00,0x00,0x00,0x00,0x00,0x00,
  0x00,0x00,0x00,0x00,0x00,0x00,0x00,0x00,0x00,0x00,0x00,0x00,
  0x00,0x00,0x00,0x00,0x00,0x00,0x00,0x00,0x00,0x00,0x00,0x00,
  0x07,0xC5,0x44,0x45,0x58,0x00,0x00,0x00,0x00,0x00,0x00,0x00,
  0x00,0x00,0x00,0x00,0x00,0x00,0x00,0x00,0x00,0x00,0x00,0x00,
  0x00,0x00,0x00,0x00,0x00,0x00,0x00,0x00,0x00,0x00,0x00,0x00,
  0x00,0x00,0x00,0x00,0x00,0x00,0x00,0x00,0x00,0x00,0x00,0x00,
  0x00,0x00,0x00,0x00,0x00,0x00,0x00,0x00,0x00,0x00,0x05,0xD0,
  0x20,0x90,0x28,0x00,0x00,0x00,0x00,0x00,0x00,0x00,0x00,0x00,
  0x00,0x00,0x00,0x00,0x00,0x00,0x00,0x00,0x00,0x00,0x00,0x00,
  0x00,0x00,0x00,0x00,0x00,0x00,0x00,0x00,0x00,0x00,0x00,0x00,
  0x00,0x00,0x00,0x00,0x00,0x00,0x00,0x00,0x00,0x00,0x00,0x00,
  0x00,0x00,0x00,0x00,0x00,0x00,0x00,0x00,0x0F,0x85,0x15,0x45,
  0x08,0x00,0x00,0x00,0x00,0x00,0x00,0x00,0x00,0x00,0x00,0x00,
  0x00,0x00,0x00,0x00,0x00,0x00,0x00,0x00,0x00,0x00,0x00,0x00,
  0x00,0x00,0x00,0x00,0x00,0x00,0x00,0x00,0x00,0x00,0x00,0x00,
  0x00,0x00,0x00,0x00,0x00,0x00,0x00,0x00,0x00,0x00,0x00,0x00,
  0x00,0x00,0x00,0x00,0x00,0x00,0x0F,0x90,0x80,0x90,0xA8,0x00,
  0x00,0x00,0x00,0x00,0x00,0x00,0x00,0x00,0x00,0x00,0x00,0x00,
  0x00,0x00,0x00,0x00,0x00,0x00,0x00,0x00,0x00,0x00,0x00,0x00,
  0x00,0x00,0x00,0x00,0x00,0x00,0x00,0x00,0x00,0x00,0x00,0x00,
  0x00,0x00,0x00,0x00,0x00,0x00,0x00,0x00,0x00,0x00,0x00,0x00,
  0x00,0x00,0x00,0x00,0x1D,0x24,0x55,0x04,0x08,0x00,0x00,0x00,
  0x00,0x00,0x00,0x00,0x00,0x00,0x00,0x00,0x00,0x00,0x00,0x00,
  0x00,0x00,0x00,0x00,0x00,0x00,0x00,0x00,0x00,0x00,0x00,0x00,
  0x00,0x00,0x00,0x00,0x00,0x00,0x00,0x00,0x00,0x00,0x00,0x00,
  0x00,0x00,0x00,0x00,0x00,0x00,0x00,0x00,0x00,0x00,0x00,0x00,
  0x00,0x00,0x1F,0x82,0x00,0xA9,0x50,0x00,0x00,0x00,0x00,0x00,
  0x00,0x00,0x00,0x00,0x00,0x00,0x00,0x00,0x00,0x00,0x00,0x00,
  0x00,0x00,0x00,0x00,0x00,0x00,0x00,0x00,0x00,0x00,0x00,0x00,
  0x00,0x00,0x00,0x00,0x00,0x00,0x00,0x00,0x00,0x00,0x00,0x00,
  0x00,0x00,0x00,0x00,0x00,0x00,0x00,0x00,0x00,0x00,0x00,0x00,
  0x3E,0x28,0xAA,0x82,0x08,0x00,0x00,0x00,0x00,0x00,0x00,0x00,
  0x00,0x00,0x00,0x00,0x00,0x00,0x00,0x00,0x00,0x00,0x00,0x00,
  0x00,0x00,0x00,0x00,0x00,0x00,0x00,0x00,0x00,0x00,0x00,0x00,
  0x00,0x00,0x00,0x00,0x00,0x00,0x00,0x00,0x00,0x00,0x00,0x00,
  0x00,0x00,0x00,0x00,0x00,0x00,0x00,0x00,0x00,0x00,0x77,0x44,
  0x01,0x28,0xA8,0x00,0x00,0x00,0x00,0x00,0x00,0x00,0x00,0x00,
  0x00,0x00,0x00,0x00,0x00,0x00,0x00,0x00,0x00,0x00,0x00,0x00,
  0x00,0x00,0x00,0x00,0x00,0x00,0x00,0x00,0x00,0x00,0x00,0x00,
  0x00,0x00,0x00,0x00,0x00,0x00,0x00,0x00,0x00,0x00,0x00,0x00,
  0x00,0x00,0x00,0x00,0x00,0x00,0x00,0x00,0x5C,0xB5,0xF5,0x42,
  0x10,0x00,0x00,0x00,0x00,0x00,0x00,0x00,0x00,0x00,0x00,0x00,
  0x00,0x00,0x00,0x00,0x00,0x00,0x00,0x00,0x00,0x00,0x00,0x00,
  0x00,0x00,0x00,0x00,0x00,0x00,0x00,0x00,0x00,0x00,0x00,0x00,
  0x00,0x00,0x00,0x00,0x00,0x00,0x00,0x00,0x00,0x00,0x00,0x00,
  0x00,0x00,0x00,0x00,0x00,0x00,0xFC,0x80,0x0B,0xC8,0x90,0x00,
  0x00,0x00,0x00,0x00,0x00,0x00,0x00,0x00,0x00,0x00,0x00,0x00,
  0x00,0x00,0x00,0x00,0x00,0x00,0x00,0x00,0x00,0x00,0x00,0x00,
  0x00,0x00,0x00,0x00,0x00,0x00,0x00,0x00,0x00,0x00,0x00,0x00,
  0x00,0x00,0x00,0x00,0x00,0x00,0x00,0x00,0x00,0x00,0x00,0x00,
  0x00,0x00,0x00,0x00,0xF9,0x15,0x21,0x52,0x48,0x00,0x00,0x00,
  0x00,0x00,0x00,0x00,0x00,0x00,0x00,0x00,0x00,0x00,0x00,0x00,
  0x00,0x00,0x00,0x00,0x00,0x00,0x00,0x00,0x00,0x00,0x00,0x00,
  0x00,0x00,0x00,0x00,0x00,0x00,0x00,0x00,0x00,0x00,0x00,0x00,
  0x00,0x00,0x00,0x00,0x00,0x00,0x00,0x00,0x00,0x00,0x00,0x00,
  0x00,0x01,0xB8,0x80,0x8A,0x81,0x10,0x00,0x00,0x00,0x00,0x00,
  0x00,0x00,0x00,0x00,0x00,0x00,0x00,0x00,0x00,0x00,0x00,0x00,
  0x00,0x00,0x00,0x00,0x00,0x00,0x00,0x00,0x00,0x00,0x00,0x00,
  0x00,0x00,0x00,0x00,0x00,0x00,0x00,0x00,0x00,0x00,0x00,0x00,
  0x00,0x00,0x00,0x00,0x00,0x00,0x00,0x00,0x00,0x00,0x00,0x01,
  0xF2,0x54,0x22,0x54,0x50,0x00,0x00,0x00,0x00,0x00,0x00,0x00,
  0x00,0x00,0x00,0x00,0x00,0x00,0x00,0x00,0x00,0x00,0x00,0x00,
  0x00,0x00,0x00,0x00,0x00,0x00,0x00,0x00,0x00,0x00,0x00,0x00,
  0x00,0x00,0x00,0x00,0x00,0x00,0x00,0x00,0x00,0x00,0x00,0x00,
  0x00,0x00,0x00,0x00,0x00,0x00,0x00,0x00,0x00,0x03,0xF1,0x01,
  0x0B,0x02,0x10,0x00,0x00,0x00,0x00,0x00,0x00,0x00,0x00,0x00,
  0x00,0x00,0x00,0x00,0x00,0x00,0x00,0x00,0x00,0x00,0x00,0x00,
  0x00,0x00,0x00,0x00,0x00,0x00,0x00,0x00,0x00,0x00,0x00,0x00,
  0x00,0x00,0x00,0x00,0x00,0x00,0x00,0x00,0x00,0x00,0x00,0x00,
  0x00,0x00,0x00,0x00,0x00,0x00,0x00,0x06,0xD2,0x48,0xA2,0x51,
  0x50,0x00,0x00,0x00,0x00,0x00,0x00,0x00,0x00,0x00,0x00,0x00,
  0x00,0x00,0x00,0x00,0x00,0x00,0x00,0x00,0x00,0x00,0x00,0x00,
  0x00,0x00,0x00,0x00,0x00,0x00,0x00,0x00,0x00,0x00,0x00,0x00,
  0x00,0x00,0x00,0x00,0x00,0x00,0x00,0x00,0x00,0x00,0x00,0x00,
  0x00,0x00,0x00,0x00,0x00,0x07,0xE0,0x12,0x0A,0x08,0x10,0x00,
  0x00,0x00,0x00,0x00,0x00,0x00,0x00,0x00,0x00,0x00,0x00,0x00,
  0x00,0x00,0x00,0x00,0x00,0x00,0x00,0x00,0x00,0x00,0x00,0x00,
  0x00,0x00,0x00,0x00,0x00,0x00,0x00,0x00,0x00,0x00,0x00,0x00,
  0x00,0x00,0x00,0x00,0x00,0x00,0x00,0x00,0x00,0x00,0x00,0x00,
  0x00,0x00,0x00,0x0B,0xCA,0x81,0x46,0xA5,0x50,0x00,0x00,0x00,
  0x00,0x00,0x00,0x00,0x00,0x00,0x00,0x00,0x00,0x00,0x00,0x00,
  0x00,0x00,0x00,0x00,0x00,0x00,0x00,0x00,0x00,0x00,0x00,0x00,
  0x00,0x00,0x00,0x00,0x00,0x00,0x00,0x00,0x00,0x00,0x00,0x00,
  0x00,0x00,0x00,0x00,0x00,0x00,0x00,0x00,0x00,0x00,0x00,0x00,
  0x00,0x0F,0x42,0x28,0x2A,0x10,0x10,0x00,0x00,0x00,0x00,0x00,
  0x00,0x00,0x00,0x00,0x00,0x00,0x00,0x00,0x00,0x00,0x00,0x00,
  0x00,0x00,0x00,0x00,0x00,0x00,0x00,0x00,0x00,0x00,0x00,0x00,
  0x00,0x00,0x00,0x00,0x00,0x00,0x00,0x00,0x00,0x00,0x00,0x00,
  0x00,0x00,0x00,0x00,0x00,0x00,0x00,0x00,0x00,0x00,0x00,0x1D,
  0xD4,0x85,0x04,0x85,0x50,0x00,0x00,0x00,0x00,0x00,0x00,0x00,
  0x00,0x00,0x00,0x00,0x00,0x00,0x00,0x00,0x00,0x00,0x00,0x00,
  0x00,0x00,0x00,0x00,0x00,0x00,0x00,0x00,0x00,0x00,0x00,0x00,
  0x00,0x00,0x00,0x00,0x00,0x00,0x00,0x00,0x00,0x00,0x00,0x00,
  0x00,0x00,0x00,0x00,0x00,0x00,0x00,0x00,0x00,0x17,0x80,0x20,
  0x54,0x50,0x20,0x00,0x00,0x00,0x00,0x00,0x00,0x00,0x00,0x00,
  0x00,0x00,0x00,0x00,0x00,0x00,0x00,0x00,0x00,0x00,0x00,0x00,
  0x00,0x00,0x00,0x00,0x00,0x00,0x00,0x00,0x00,0x00,0x00,0x00,
  0x00,0x00,0x00,0x00,0x00,0x00,0x00,0x00,0x00,0x00,0x00,0x00,
  0x00,0x00,0x00,0x00,0x00,0x00,0x00,0x3F,0x2A,0x8A,0x0D,0x0A,
  0xB8,0x00,0x00,0x00,0x00,0x00,0x00,0x00,0x00,0x00,0x00,0x00,
  0x00,0x00,0x00,0x00,0x00,0x00,0x00,0x00,0x00,0x00,0x00,0x00,
  0x00,0x00,0x00,0x00,0x00,0x00,0x00,0x00,0x00,0x00,0x00,0x00,
  0x00,0x00,0x00,0x00,0x00,0x00,0x00,0x00,0x00,0x00,0x00,0x00,
  0x00,0x00,0x00,0x00,0x00,0x3F,0x00,0x21,0x48,0xA0,0x00,0x00,
  0x00,0x00,0x00,0x00,0x00,0x00,0x00,0x00,0x00,0x00,0x00,0x00,
  0x00,0x00,0x00,0x00,0x00,0x00,0x00,0x00,0x00,0x00,0x00,0x00,
  0x00,0x00,0x00,0x00,0x00,0x00,0x00,0x00,0x00,0x00,0x00,0x00,
  0x00,0x00,0x00,0x00,0x00,0x00,0x00,0x00,0x00,0x00,0x00,0x00,
  0x00,0x00,0x00,0x76,0xAA,0x88,0x2C,0x0A,0xB0,0x00,0x00,0x00,
  0x00,0x00,0x00,0x00,0x00,0x00,0x00,0x00,0x00,0x00,0x00,0x00,
  0x00,0x00,0x00,0x00,0x00,0x00,0x00,0x00,0x00,0x00,0x00,0x00,
  0x00,0x00,0x00,0x00,0x00,0x00,0x00,0x00,0x00,0x00,0x00,0x00,
  0x00,0x00,0x00,0x00,0x00,0x00,0x00,0x00,0x00,0x00,0x00,0x00,
  0x00,0xDE,0x08,0x22,0x89,0x50,0x20,0x00,0x00,0x00,0x00,0x00,
  0x00,0x00,0x00,0x00,0x00,0x00,0x00,0x00,0x00,0x00,0x00,0x00,
  0x00,0x00,0x00,0x00,0x00,0x00,0x00,0x00,0x00,0x00,0x00,0x00,
  0x00,0x00,0x00,0x00,0x00,0x00,0x00,0x00,0x00,0x00,0x00,0x00,
  0x00,0x00,0x00,0x00,0x00,0x00,0x00,0x00,0x00,0x00,0x00,0xFD,
  0x42,0x88,0x28,0x05,0x20,0x00,0x00,0x00,0x00,0x00,0x00,0x00,
  0x00,0x00,0x00,0x00,0x00,0x00,0x00,0x00,0x00,0x00,0x00,0x00,
  0x00,0x00,0x00,0x00,0x00,0x00,0x00,0x00,0x00,0x00,0x00,0x00,
  0x00,0x00,0x00,0x00,0x00,0x00,0x00,0x00,0x00,0x00,0x00,0x00,
  0x00,0x00,0x00,0x00,0x00,0x00,0x00,0x00,0x01,0x7C,0x28,0x22,
  0x8F,0x50,0xA0,0x00,0x00,0x00,0x00,0x00,0x00,0x00,0x00,0x00,
  0x00,0x00,0x00,0x00,0x00,0x00,0x00,0x00,0x00,0x00,0x00,0x00,
  0x00,0x00,0x00,0x00,0x00,0x00,0x00,0x00,0x00,0x00,0x00,0x00,
  0x00,0x00,0x00,0x00,0x00,0x00,0x00,0x00,0x00,0x00,0x00,0x00,
  0x00,0x00,0x00,0x00,0x00,0x00,0x01,0xEC,0x82,0x48,0x3E,0x0A,
  0x20,0x00,0x00,0x00,0x00,0x00,0x00,0x00,0x00,0x00,0x00,0x00,
  0x00,0x00,0x00,0x00,0x00,0x00,0x00,0x00,0x00,0x00,0x00,0x00,
  0x00,0x00,0x00,0x00,0x00,0x00,0x00,0x00,0x00,0x00,0x00,0x00,
  0x00,0x00,0x00,0x00,0x00,0x00,0x00,0x00,0x00,0x00,0x00,0x00,
  0x00,0x00,0x00,0x00,0x03,0xB8,0x28,0x82,0x88,0xA1,0x20,0x00,
  0x00,0x00,0x00,0x00,0x00,0x00,0x00,0x00,0x00,0x00,0x00,0x00,
  0x00,0x00,0x00,0x00,0x00,0x00,0x00,0x00,0x00,0x00,0x00,0x00,
  0x00,0x00,0x00,0x00,0x00,0x00,0x00,0x00,0x00,0x00,0x00,0x00,
  0x00,0x00,0x00,0x00,0x00,0x00,0x00,0x00,0x00,0x00,0x00,0x00,
  0x00,0x00,0x03,0xFA,0x82,0x28,0x32,0x14,0xA0,0x00,0x00,0x00,
  0x00,0x00,0x00,0x00,0x00,0x00,0x00,0x00,0x00,0x00,0x00,0x00,
  0x00,0x00,0x00,0x00,0x00,0x00,0x00,0x00,0x00,0x00,0x00,0x00,
  0x00,0x00,0x00,0x00,0x00,0x00,0x01,0x76,0xF7,0xDA,0x80,0x00,
  0x00,0x00,0x00,0x00,0x00,0x00,0x00,0x00,0x00,0x00,0x00,0x00,
  0x06,0xF0,0x50,0x82,0x11,0x42,0x20,0x00,0x00,0x00,0x00,0x00,
  0x00,0x00,0x00,0x00,0x00,0x00,0x00,0x00,0x00,0x00,0x00,0x00,
  0x00,0x00,0x00,0x00,0x00,0x00,0x00,0x00,0x00,0x00,0x00,0x00,
  0x00,0x00,0x00,0x00,0x2D,0x00,0x00,0x00,0x7D,0xA0,0x00,0x00,
  0x00,0x00,0x00,0x00,0x00,0x00,0x00,0x00,0x00,0x00,0x0F,0xE4,
  0x0A,0x21,0x54,0x28,0xA0,0x00,0x00,0x00,0x00,0x00,0x00,0x00,
  0x00,0x00,0x00,0x00,0x00,0x00,0x00,0x00,0x00,0x00,0x00,0x00,
  0x00,0x00,0x00,0x00,0x00,0x00,0x00,0x00,0x00,0x00,0x00,0x00,
  0x00,0x01,0x80,0x0F,0xF0,0x00,0x00,0x1A,0x80,0x00,0x00,0x00,
  0x00,0x00,0x00,0x00,0x00,0x00,0x00,0x00,0x0B,0xB1,0x40,0x88,
  0x31,0x04,0x20,0x00,0x00,0x00,0x00,0x00,0x00,0x00,0x00,0x00,
  0x00,0x00,0x00,0x00,0x00,0x00,0x00,0x00,0x00,0x00,0x00,0x00,
  0x00,0x00,0x00,0x00,0x00,0x00,0x00,0x00,0x00,0x00,0x00,0x0A,
  0x00,0x5A,0x5A,0xAA,0x80,0x00,0x6A,0x00,0x00,0x00,0x00,0x00,
  0x00,0x00,0x00,0x00,0x00,0x00,0x1E,0xE4,0x94,0x25,0x24,0xA2,
  0xA0,0x00,0x00,0x00,0x00,0x00,0x00,0x00,0x00,0x00,0x00,0x00,
  0x00,0x00,0x00,0x00,0x00,0x00,0x00,0x00,0x00,0x00,0x00,0x00,
  0x00,0x00,0x00,0x00,0x00,0x00,0x00,0x00,0x00,0x30,0x2A,0x9F,
  0xAC,0x00,0x55,0x44,0x01,0xA0,0x00,0x00,0x00,0x00,0x00,0x00,
  0x00,0x00,0x00,0x00,0x17,0xC0,0x21,0x00,0xB2,0x10,0x40,0x00,
  0x00,0x00,0x00,0x00,0x00,0x00,0x00,0x00,0x00,0x00,0x00,0x00,
  0x00,0x00,0x00,0x00,0x00,0x00,0x00,0x00,0x00,0x00,0x00,0x00,
  0x00,0x00,0x00,0x00,0x00,0x00,0x01,0xC0,0x80,0x2E,0xF9,0x55,
  0x02,0x29,0x48,0x1D,0x00,0x00,0x00,0x00,0x00,0x00,0x00,0x00,
  0x00,0x00,0x3F,0xD5,0x08,0xAA,0x20,0xA5,0x20,0x00,0x00,0x00,
  0x00,0x00,0x00,0x00,0x00,0x00,0x00,0x00,0x00,0x00,0x00,0x00,
  0x00,0x00,0x00,0x00,0x00,0x00,0x00,0x00,0x00,0x00,0x00,0x00,
  0x00,0x00,0x00,0x00,0x07,0x45,0x6F,0xBF,0xF6,0xAA,0xFD,0xAA,
  0xB6,0xC2,0xD0,0x00,0x00,0x00,0x00,0x00,0x00,0x00,0x00,0x00,
  0x2E,0x81,0x42,0x00,0xAA,0x08,0x40,0x00,0x00,0x00,0x00,0x00,
  0x00,0x00,0x00,0x00,0x00,0x00,0x00,0x00,0x00,0x00,0x00,0x00,
  0x00,0x00,0x00,0x00,0x00,0x00,0x00,0x00,0x00,0x00,0x00,0x00,
  0x00,0x00,0x3D,0xBF,0xBA,0xD5,0xBD,0xFF,0xAE,0xFF,0xDF,0x7F,
  0xE0,0x00,0x00,0x00,0x00,0x00,0x00,0x00,0x00,0x00,0x7F,0x94,
  0x10,0xAA,0x61,0x42,0x40,0x00,0x00,0x00,0x00,0x00,0x00,0x00,
  0x00,0x00,0x00,0x00,0x00,0x00,0x00,0x00,0x00,0x00,0x00,0x00,
  0x00,0x00,0x00,0x00,0x00,0x00,0x00,0x00,0x00,0x00,0x00,0x00,
  0xEB,0xEA,0xEF,0x7F,0x6F,0x55,0xF7,0xAB,0x75,0xFD,0x00,0x00,
  0x00,0x00,0x00,0x00,0x00,0x00,0x00,0x00,0x7B,0x21,0x4A,0x00,
  0x48,0x29,0x40,0x00,0x00,0x00,0x00,0x00,0x00,0x00,0x00,0x00,
  0x00,0x00,0x00,0x00,0x00,0x00,0x00,0x00,0x00,0x00,0x00,0x00,
  0x00,0x00,0x00,0x00,0x00,0x00,0x00,0x00,0x00,0x07,0xBF,0xFF,
  0xBB,0xAB,0xD5,0xFE,0xBA,0xFF,0xFF,0xAE,0x00,0x00,0x00,0x00,
  0x00,0x00,0x00,0x00,0x00,0x00,0xDF,0x04,0x00,0x95,0x65,0x44,
  0x40,0x00,0x00,0x00,0x00,0x00,0x00,0x00,0x00,0x00,0x00,0x00,
  0x00,0x00,0x00,0x00,0x00,0x00,0x00,0x00,0x00,0x00,0x00,0x00,
  0x00,0x00,0x00,0x00,0x00,0x00,0x00,0x1D,0x7F,0xFA,0xEE,0xFD,
  0x7E,0xAB,0xEF,0xBB,0x5B,0xFA,0x00,0x00,0x00,0x00,0x00,0x00,
  0x00,0x00,0x00,0x01,0xFE,0x52,0xAA,0x20,0x40,0x92,0x40,0x00,
  0x00,0x00,0x00,0x00,0x00,0x00,0x00,0x00,0x00,0x00,0x00,0x00,
  0x00,0x00,0x00,0x00,0x00,0x00,0x00,0x00,0x00,0x00,0x00,0x00,
  0x00,0x00,0x00,0x00,0x00,0xF7,0xFF,0xDF,0x7B,0xAF,0xDB,0xFE,
  0xBA,0xEE,0xFE,0xB0,0x00,0x00,0x00,0x00,0x00,0x00,0x00,0x00,
  0x00,0x01,0x76,0x04,0x00,0x8A,0xD5,0x09,0x40,0x00,0x00,0x00,
  0x00,0x00,0x00,0x00,0x00,0x00,0x00,0x00,0x00,0x00,0x00,0x00,
  0x00,0x00,0x00,0x00,0x00,0x00,0x00,0x00,0x00,0x00,0x00,0x00,
  0x00,0x00,0x07,0xBF,0xFE,0xEB,0xAE,0xF5,0x6E,0xAB,0xDF,0xFB,
  0xD7,0xE0,0x00,0x00,0x00,0x00,0x00,0x00,0x00,0x00,0x00,0x03,
  0xDC,0xA1,0x2A,0x20,0xA2,0x44,0x40,0x00,0x00,0x00,0x00,0x00,
  0x00,0x00,0x00,0x00,0x00,0x00,0x00,0x00,0x00,0x00,0x00,0x00,
  0x00,0x00,0x00,0x00,0x00,0x00,0x00,0x00,0x00,0x00,0x00,0x00,
  0x1D,0x7F,0xFB,0x7D,0xF7,0x5F,0xBB,0xFE,0xEB,0xDE,0xFA,0x80,
  0x00,0x00,0x00,0x00,0x00,0x00,0x00,0x00,0x00,0x02,0xFC,0x14,
  0x40,0x8A,0xF8,0x29,0x40,0x00,0x00,0x00,0x00,0x00,0x00,0x00,
  0x00,0x00,0x00,0x00,0x00,0x00,0x00,0x00,0x00,0x00,0x00,0x00,
  0x00,0x00,0x00,0x00,0x00,0x00,0x00,0x00,0x00,0x00,0xF7,0xFF,
  0xD7,0xAE,0xBA,0xF5,0xEE,0xAB,0x7E,0xB7,0x5F,0x00,0x00,0x00,
  0x00,0x00,0x00,0x00,0x00,0x00,0x00,0x07,0xF9,0x41,0x08,0x20,
  0x92,0x82,0x40,0x00,0x00,0x00,0x00,0x00,0x00,0x00,0x00,0x00,
  0x00,0x00,0x00,0x00,0x00,0x00,0x00,0x00,0x00,0x00,0x00,0x00,
  0x00,0x00,0x00,0x00,0x00,0x00,0x00,0x03,0xAF,0xFE,0xFD,0x77,
  0xDF,0xAE,0xBB,0xFD,0xB7,0xED,0xEC,0x00,0x00,0x00,0x00,0x00,
  0x00,0x00,0x00,0x00,0x00,0x07,0xB8,0x14,0x45,0x0A,0xC4,0x54,
  0x40,0x00,0x00,0x00,0x01,0x00,0x00,0x00,0x00,0x00,0x00,0x00,
  0x00,0x00,0x00,0x00,0x00,0x00,0x00,0x00,0x00,0x00,0x00,0x00,
  0x00,0x00,0x00,0x00,0x00,0x1E,0xFF,0xFB,0x57,0xDA,0xB5,0x7B,
  0xDD,0x57,0xFD,0x7B,0x78,0x00,0x00,0x00,0x00,0x00,0x00,0x00,
  0x00,0x00,0x00,0x0D,0xF2,0x81,0x10,0xA1,0x91,0x01,0x40,0x00,
  0x00,0x00,0x02,0x80,0x00,0x00,0x00,0x00,0x00,0x00,0x00,0x00,
  0x00,0x00,0x00,0x00,0x00,0x00,0x00,0x00,0x00,0x00,0x00,0x00,
  0x00,0x00,0x00,0xF5,0xFF,0xED,0xFA,0xFF,0xEF,0xDD,0x6F,0xFA,
  0xFB,0xAF,0xB0,0x00,0x00,0x00,0x00,0x00,0x00,0x00,0x00,0x00,
  0x00,0x1B,0xF0,0x54,0x44,0x08,0x84,0x54,0x80,0x00,0x00,0x00,
  0x02,0x80,0x00,0x00,0x00,0x00,0x00,0x00,0x00,0x00,0x00,0x00,
  0x00,0x00,0x00,0x00,0x00,0x00,0x00,0x03,0x00,0x00,0x00,0x00,
  0x03,0xAF,0xFF,0x5B,0x57,0x55,0x5A,0xB7,0xBA,0xAF,0x5E,0xFA,
  0xE0,0x00,0x00,0x00,0x00,0x00,0x00,0x00,0x00,0x00,0x00,0x17,
  0xA5,0x01,0x11,0x45,0xA9,0x02,0x40,0x00,0x00,0x00,0x02,0x80,
  0x00,0x00,0x00,0x00,0x00,0x00,0x00,0x00,0x00,0x00,0x00,0x00,
  0x00,0x00,0x00,0x00,0x00,0x02,0x00,0x00,0x00,0x00,0x1E,0xFF,
  0xFD,0xEF,0xBD,0xFB,0xF7,0xED,0xEF,0xF6,0xEB,0xAF,0x80,0x00,
  0x00,0x00,0x00,0x00,0x00,0x00,0x00,0x00,0x00,0x3F,0xE0,0x54,
  0x44,0x11,0x02,0x54,0x80,0x00,0x00,0x00,0x03,0x80,0x00,0x00,
  0x00,0x00,0x00,0x00,0x00,0x00,0x00,0x00,0x00,0x00,0x00,0x00,
  0x00,0x00,0x00,0x04,0x00,0x00,0x00,0x02,0xF5,0xFF,0xF6,0xBA,
  0xF7,0x56,0xAD,0x5E,0xBA,0xBF,0xBE,0xFB,0x00,0x00,0x00,0x00,
  0x00,0x00,0x00,0x00,0x00,0x00,0x00,0x2E,0xD5,0x01,0x11,0x45,
  0xA9,0x20,0xC0,0x00,0x00,0x00,0x07,0x40,0x00,0x00,0x00,0x00,
  0x00,0x00,0x00,0x00,0x00,0x00,0x00,0x00,0x00,0x00,0x00,0x00,
  0x00,0x08,0x00,0x00,0x00,0x07,0xAF,0xFF,0xDF,0xEF,0xBD,0xFF,
  0xFF,0xF7,0xEF,0x76,0xF7,0xBE,0x00,0x00,0x00,0x00,0x00,0x00,
  0x00,0x00,0x00,0x00,0x00,0x7F,0xC0,0x54,0x44,0x13,0x04,0x95,
  0x40,0x00,0x00,0x00,0x04,0x40,0x00,0x00,0x00,0x00,0x00,0x00,
  0x00,0x00,0x00,0x00,0x00,0x00,0x00,0x00,0x00,0x00,0x00,0x08,
  0x00,0x00,0x02,0x1E,0xBF,0xFE,0xB5,0x5D,0xD7,0x55,0x55,0x5D,
  0x75,0xFF,0xBA,0xEC,0x00,0x00,0x00,0x00,0x00,0x00,0x00,0x00,
  0x00,0x00,0x00,0x5B,0x95,0x21,0x11,0x41,0x28,0x40,0x80,0x00,
  0x00,0x00,0x04,0xC0,0x00,0x00,0x00,0x00,0x00,0x00,0x00,0x00,
  0x00,0x00,0x00,0x00,0x00,0x00,0x00,0x00,0x00,0x10,0x00,0x00,
  0x04,0x75,0xFF,0xF7,0xDE,0xF6,0xFD,0xEF,0xFB,0xF7,0xBF,0xDA,
  0xEF,0xB0,0x00,0x00,0x00,0x00,0x00,0x00,0x00,0x00,0x00,0x00,
  0x00,0xFF,0x80,0x44,0x44,0x16,0x82,0x95,0x00,0x00,0x00,0x00,
  0x07,0xC0,0x00,0x00,0x00,0x00,0x00,0x00,0x00,0x00,0x00,0x00,
  0x00,0x00,0x00,0x00,0x00,0x00,0x00,0x28,0x00,0x00,0x0F,0xDF,
  0xFF,0xDA,0xB5,0xBF,0x57,0x5A,0xAE,0xAD,0x6E,0xF7,0xBB,0xE0,
  0x00,0x00,0x00,0x00,0x00,0x00,0x00,0x00,0x00,0x00,0x01,0xBF,
  0x29,0x11,0x11,0x43,0x28,0x02,0x80,0x00,0x00,0x00,0x07,0xC0,
  0x00,0x00,0x00,0x00,0x00,0x00,0x00,0x00,0x00,0x00,0x00,0x00,
  0x00,0x00,0x00,0x00,0x00,0x20,0x00,0x00,0x16,0xBF,0xFF,0x5F,
  0xEF,0xEB,0xFD,0xF7,0xDB,0xFB,0xDD,0xDF,0xF5,0x00,0x00,0x00,
  0x00,0x00,0x00,0x00,0x00,0x00,0x00,0x00,0x01,0x7B,0x02,0x44,
  0x44,0x12,0x45,0x54,0x80,0x00,0x00,0x00,0x0F,0xC0,0x00,0x00,
  0x00,0x00,0x00,0x00,0x00,0x00,0x00,0x00,0x00,0x00,0x00,0x00,
  0x00,0x00,0x00,0xA0,0x00,0x00,0x7B,0xFF,0xFA,0xEA,0xBA,0xBD,
  0x57,0x5D,0x76,0xAE,0xFF,0xFA,0xD4,0x00,0x00,0x00,0x00,0x00,
  0x00,0x00,0x00,0x00,0x00,0x00,0x03,0xEE,0x50,0x91,0x11,0x4A,
  0x10,0x21,0x00,0x00,0x00,0x00,0x07,0xC0,0x00,0x00,0x00,0x00,
  0x00,0x00,0x00,0x00,0x00,0x00,0x00,0x00,0x00,0x00,0x00,0x00,
  0x00,0x40,0x00,0x01,0xD7,0xFF,0xEF,0xBD,0xDF,0xEF,0xFD,0xEE,
  0xDF,0xF7,0x7E,0xAD,0x5F,0x40,0x00,0x00,0x00,0x00,0x00,0x00,
  0x00,0x00,0x00,0x00,0x02,0xFE,0x0A,0x04,0x44,0x06,0xA5,0x4A,
  0x80,0x00,0x00,0x00,0x0F,0x40,0x00,0x00,0x00,0x00,0x00,0x00,
  0x00,0x00,0x00,0x00,0x00,0x00,0x00,0x00,0x00,0x00,0x01,0x40,
  0x00,0x0F,0x5F,0xEB,0xBA,0xD7,0x6A,0xBA,0xAE,0xB5,0xEA,0xAD,
  0xFB,0xFF,0xFB,0xC0,0x00,0x00,0x00,0x00,0x00,0x00,0x00,0x00,
  0x00,0x00,0x07,0xFD,0x40,0xA1,0x11,0x54,0x42,0x10,0x80,0x00,
  0x00,0x00,0x0F,0xC0,0x00,0x00,0x00,0x00,0x00,0x00,0x00,0x00,
  0x00,0x00,0x00,0x00,0x00,0x00,0x12,0x40,0x02,0x80,0x00,0x3A,
  0xFF,0xFF,0xEF,0x7D,0xBF,0xEF,0xFB,0xDF,0x7F,0xFF,0xEE,0xD7,
  0x6F,0x00,0x00,0x00,0x00,0x00,0x00,0x00,0x00,0x00,0x00,0x00,
  0x05,0xBC,0x2A,0x14,0x44,0x06,0x94,0xA5,0x00,0x00,0x00,0x00,
  0x0F,0xC0,0x00,0x00,0x00,0x00,0x00,0x00,0x00,0x00,0x00,0x00,
  0x00,0x00,0x00,0x02,0xEF,0xFF,0xAF,0xC8,0x01,0xEB,0xFF,0xFE,
  0xBA,0xEF,0xEB,0x7A,0xDD,0x6B,0xAA,0xAF,0xB7,0xFD,0xFC,0x00,
  0x00,0x00,0x00,0x00,0x00,0x00,0x00,0x00,0x00,0x00,0x0F,0xF9,
  0x01,0x42,0x92,0xAB,0x01,0x08,0x80,0x00,0x00,0x00,0x0D,0xE0,
  0x00,0x00,0x00,0x00,0x00,0x00,0x00,0x00,0x00,0x00,0x00,0x00,
  0x00,0x17,0x50,0x08,0x50,0x77,0xFF,0xBF,0xFF,0xAB,0xEF,0xBA,
  0xBE,0xDF,0xF7,0xBD,0xF7,0xBD,0x5B,0x77,0xB0,0x00,0x00,0x00,
  0x00,0x00,0x00,0x00,0x00,0x00,0x00,0x00,0x0D,0xD8,0xAA,0x10,
  0x08,0x0E,0xAA,0x42,0x80,0x00,0x00,0x00,0x0F,0xC0,0x00,0x00,
  0x00,0x00,0x00,0x00,0x00,0x00,0x00,0x00,0x00,0x00,0x02,0xD0,
  0x04,0x21,0x00,0x00,0x1D,0x7F,0xFE,0xFE,0xBE,0xEF,0xD7,0xF6,
  0xBA,0xD6,0xBE,0xF7,0xFF,0xDE,0xC0,0x00,0x00,0x00,0x00,0x00,
  0x00,0x00,0x00,0x00,0x00,0x00,0x1F,0xF2,0x00,0x8A,0xA2,0xAD,
  0x49,0x29,0x00,0x00,0x00,0x00,0x0F,0xE0,0x00,0x00,0x00,0x00,
  0x00,0x00,0x00,0x00,0x00,0x00,0x00,0x00,0x29,0x00,0x00,0x00,
  0x00,0x00,0xF5,0xFF,0xF5,0x5B,0xEB,0xFD,0x7A,0xBD,0xEF,0x7F,
  0xFD,0xED,0x55,0x7B,0x80,0x00,0x00,0x00,0x00,0x00,0x00,0x00,
  0x00,0x00,0x00,0x00,0x37,0x70,0xAA,0x40,0x10,0x08,0x24,0x95,
  0x00,0x00,0x00,0x00,0x0F,0x40,0x00,0x00,0x00,0x00,0x00,0x00,
  0x00,0x00,0x00,0x00,0x00,0x01,0x40,0x04,0x00,0x00,0x54,0x87,
  0xAF,0xFF,0xDF,0xEF,0x7F,0xBF,0xFF,0xEF,0xBD,0xF6,0xD7,0xDB,
  0xFF,0xEE,0x00,0x00,0x00,0x00,0x00,0x00,0x00,0x00,0x00,0x00,
  0x00,0x00,0x2F,0xE4,0x01,0x15,0x45,0x4D,0x10,0x41,0x00,0x00,
  0x00,0x00,0x0F,0xE0,0x00,0x00,0x00,0x00,0x00,0x00,0x00,0x00,
  0x00,0x00,0x00,0x06,0x14,0x00,0x00,0x4A,0x92,0x3E,0xFF,0xFF,
  0x6A,0xBD,0xD5,0x6A,0xAF,0xBB,0xFF,0x5B,0xBF,0xFE,0xDD,0xB8,
  0x00,0x00,0x00,0x00,0x00,0x00,0x00,0x00,0x00,0x00,0x00,0x00,
  0x75,0xE2,0xA8,0x40,0x10,0x28,0xA5,0x2A,0x80,0x00,0x00,0x00,
  0x1F,0xE0,0x00,0x00,0x00,0x00,0x00,0x00,0x00,0x00,0x00,0x00,
  0x00,0x3D,0x80,0x00,0x01,0x20,0x10,0xBB,0x7F,0xFB,0xFB,0xEF,
  0xBB,0xF7,0xFB,0xFE,0xAB,0xED,0x6B,0xBB,0xF7,0xE0,0x00,0x00,
  0x00,0x00,0x00,0x00,0x00,0x00,0x00,0x00,0x00,0x00,0x80,0x08,
  0x05,0x15,0x45,0x1A,0x08,0x85,0x00,0x00,0x00,0x00,0x0E,0xE0,
  0x00,0x00,0x00,0x00,0x00,0x00,0x00,0x00,0x00,0x00,0x00,0xCF,
  0xFA,0x20,0x02,0x04,0x95,0x57,0xFF,0xEE,0xAD,0x7B,0x76,0xBD,
  0x5E,0xD7,0xFD,0xFF,0xFF,0xFF,0x7F,0x00,0x00,0x00,0x00,0x00,
  0x00,0x00,0x00,0x00,0x00,0x00,0x00,0x05,0x05,0x22,0x90,0x40,
  0x10,0x98,0xA2,0x51,0x00,0x00,0x00,0x00,0x1F,0xE0,0x00,0x00,
  0x00,0x00,0x00,0x00,0x00,0x00,0x00,0x00,0x03,0x77,0xFF,0x00,
  0x10,0x90,0x11,0x7F,0xFF,0xBF,0xDF,0xDE,0xEF,0xEF,0xF7,0xBD,
  0x57,0x55,0xB7,0x6D,0xDA,0x00,0x00,0x00,0x00,0x00,0x00,0x00,
  0x00,0x00,0x00,0x00,0x00,0x50,0x00,0x08,0x25,0x15,0x44,0x4A,
  0x14,0x89,0x00,0x00,0x00,0x00,0x1F,0xC0,0x00,0x00,0x00,0x00,
  0x00,0x00,0x00,0x00,0x00,0x00,0x0D,0xBF,0xFA,0xE0,0x8A,0x05,
  0x49,0x7F,0xFD,0xF5,0x75,0xF7,0xBD,0xF5,0x5D,0xEF,0xFE,0xFE,
  0xDD,0xFF,0xF8,0x00,0x00,0x00,0x00,0x00,0x00,0x00,0x00,0x00,
  0x00,0x00,0x02,0x80,0x15,0x44,0x88,0x40,0x12,0x31,0x42,0x25,
  0x00,0x00,0x00,0x00,0x0D,0xE0,0x00,0x00,0x00,0x00,0x00,0x00,
  0x00,0x00,0x00,0x00,0x35,0xFE,0xEF,0xF8,0x21,0x50,0x11,0xFF,
  0xF7,0xBF,0xAF,0x5D,0xDF,0xAF,0xEE,0xBA,0xB5,0xAB,0x7F,0xAB,
  0x60,0x00,0x00,0x00,0x00,0x00,0x00,0x00,0x00,0x00,0x00,0x00,
  0x28,0x01,0x00,0x21,0x22,0x15,0x41,0x58,0x29,0x49,0x00,0x00,
  0x00,0x00,0x1F,0xE0,0x00,0x00,0x00,0x00,0x00,0x00,0x00,0x00,
  0x00,0x00,0x6E,0x77,0xDB,0xFD,0x1C,0x24,0x94,0xFF,0xDD,0xFB,
  0x7B,0xFF,0xB5,0xFA,0xBB,0xEF,0xDF,0x7D,0xED,0xFF,0x80,0x00,
  0x00,0x00,0x00,0x00,0x00,0x00,0x00,0x00,0x00,0x02,0x80,0x08,
  0xA9,0x14,0x10,0x80,0x14,0x15,0x44,0x22,0x00,0x00,0x00,0x00,
  0x1F,0xE0,0x00,0x00,0x00,0x00,0x00,0x00,0x00,0x00,0x00,0x01,
  0x9A,0xFF,0x7F,0xFC,0x63,0xAA,0x52,0x5E,0xB7,0x5E,0xEE,0xB5,
  0xBF,0xAF,0xDD,0x77,0x6A,0xD7,0xBF,0x76,0x00,0x00,0x00,0x00,
  0x00,0x00,0x00,0x00,0x00,0x00,0x00,0x18,0x00,0x22,0x02,0x41,
  0x44,0x55,0x42,0xB0,0x91,0x4A,0x00,0x00,0x00,0x00,0x1F,0x60,
  0x00,0x00,0x00,0x00,0x00,0x00,0x00,0x00,0x00,0x03,0x6B,0xF4,
  0xFF,0xFC,0x44,0x55,0x29,0x3F,0xFB,0xEB,0xDB,0xEF,0x6B,0xFA,
  0xEF,0xDD,0xFF,0xFE,0xF7,0xDC,0x00,0x00,0x00,0x00,0x00,0x40,
  0x00,0x00,0x00,0x00,0x01,0x40,0x02,0x89,0x48,0x12,0x12,0x00,
  0x10,0x35,0x0A,0x12,0x00,0x00,0x00,0x00,0x1B,0xE0,0x00,0x00,
  0x00,0x00,0x00,0x00,0x00,0x00,0x00,0x0D,0xD5,0xB5,0x5F,0xF9,
  0x80,0x05,0xD4,0x95,0xDE,0xBF,0x7E,0xBA,0xBD,0x5F,0xBA,0xFF,
  0x55,0x5B,0xDD,0xF0,0x00,0x00,0x00,0x00,0x00,0xC0,0x00,0x00,
  0x00,0x00,0x15,0x00,0x28,0x20,0x82,0x88,0x41,0x55,0x4A,0xA2,
  0x51,0x49,0x00,0x00,0x00,0x00,0x1F,0xE0,0x00,0x00,0x00,0x00,
  0x00,0x00,0x00,0x00,0x00,0x1A,0xB7,0xD5,0xBF,0xD2,0x1F,0xA0,
  0x2A,0xDE,0xB7,0xF5,0xEB,0xEE,0xD7,0xF6,0xFF,0xFB,0xBB,0xFF,
  0x7F,0x40,0x00,0x00,0x00,0x00,0x01,0x00,0x00,0x00,0x00,0x00,
  0xC0,0x01,0x02,0x84,0x28,0x22,0x28,0x00,0x20,0x30,0x8A,0x56,
  0x00,0x00,0x00,0x00,0x1F,0xE0,0x00,0x00,0x00,0x00,0x00,0x00,
  0x00,0x00,0x00,0x67,0x5F,0x56,0xDE,0xF3,0x5F,0xF4,0xA1,0x27,
  0xFD,0xDF,0xBF,0x7D,0x7E,0xDF,0xD7,0x7E,0xEE,0xD7,0xF6,0x80,
  0x00,0x00,0x00,0x00,0x03,0x00,0x00,0x00,0x00,0x0A,0x00,0x08,
  0x90,0x11,0x42,0x88,0x85,0x55,0x0A,0xAA,0x51,0x02,0x00,0x00,
  0x00,0x00,0x1D,0xC0,0x00,0x00,0x00,0x00,0x00,0x00,0x00,0x00,
  0x00,0xDD,0x6D,0xAB,0x7F,0xC4,0x3F,0xFF,0x14,0x49,0x57,0x7E,
  0xFF,0xF9,0xD7,0xFB,0x7F,0xD7,0xFB,0xFD,0xBD,0x40,0x00,0x00,
  0x00,0x00,0x04,0x00,0x00,0x00,0x00,0x60,0x00,0xA2,0x24,0x84,
  0x88,0x22,0x50,0x00,0xA0,0x61,0x0A,0x52,0x00,0x00,0x00,0x00,
  0x1F,0xE0,0x00,0x00,0x00,0x00,0x00,0x00,0x00,0x00,0x03,0x35,
  0xBE,0xB6,0xFF,0x88,0xFF,0xFF,0x22,0x95,0xBB,0xD7,0xED,0xDB,
  0x6F,0x7F,0xFF,0xFD,0xBF,0xBF,0xF0,0xBE,0x80,0x00,0x00,0x00,
  0x04,0x00,0x00,0x00,0x07,0x00,0x14,0x08,0x81,0x21,0x22,0x40,
  0x85,0x54,0x15,0x54,0xA1,0x2A,0x00,0x00,0x00,0x00,0x1F,0xE0,
  0x00,0x00,0x00,0x00,0x00,0x00,0x00,0x00,0x06,0xD5,0x7A,0xDB,
  0xFD,0x59,0xBF,0x7F,0x16,0x44,0xD6,0xBA,0xB7,0x75,0xBD,0xDB,
  0x6B,0x77,0xFE,0xF6,0xC0,0x00,0xDA,0x00,0x00,0x00,0x08,0x00,
  0x00,0x00,0x58,0x02,0x82,0x82,0x14,0x14,0x08,0x14,0x20,0x02,
  0x80,0x62,0x14,0x82,0x00,0x00,0x00,0x00,0x1F,0xC0,0x00,0x00,
  0x00,0x00,0x00,0x00,0x00,0x00,0x0D,0xB6,0xFB,0x6E,0xEE,0x11,
  0x6D,0xFF,0x51,0xFF,0xFD,0xEF,0xDD,0xD6,0xDF,0xFF,0xFF,0xDE,
  0xEF,0xFF,0xAA,0x00,0x02,0xEA,0x00,0x00,0x14,0x00,0x00,0x03,
  0x40,0x10,0x28,0x28,0x81,0x41,0x42,0x82,0x95,0x50,0x55,0x49,
  0x49,0x2A,0x00,0x00,0x00,0x00,0x1D,0xC0,0x00,0x00,0x00,0x00,
  0x00,0x00,0x00,0x00,0x33,0x6F,0xEB,0xBB,0xFA,0x63,0xBF,0xF7,
  0x29,0xFF,0xFF,0xFA,0xF6,0xEB,0x75,0x55,0x5D,0xFF,0xBB,0xB6,
  0xA5,0x40,0x00,0x05,0xE8,0x00,0x28,0x00,0x00,0x38,0x00,0x85,
  0x02,0x82,0x28,0x08,0x90,0x51,0x00,0x0A,0x80,0xD2,0x24,0x97,
  0x80,0x00,0x00,0x00,0x1F,0xC0,0x00,0x00,0x00,0x00,0x00,0x00,
  0x00,0x00,0x6E,0xFF,0xFE,0xEF,0xFC,0x86,0xDF,0xDF,0x25,0xFF,
  0xFF,0xFD,0xAF,0xCD,0xEF,0xFF,0xF7,0x55,0xFE,0xFB,0xB5,0x5A,
  0x90,0x00,0x1F,0xD1,0xD0,0x00,0x02,0xC0,0x04,0x20,0x50,0x28,
  0x82,0x42,0x0A,0x08,0xAA,0xA0,0x2A,0x48,0x92,0x42,0x00,0x00,
  0x00,0x00,0x0F,0xC0,0x00,0x00,0x00,0x00,0x00,0x00,0x00,0x00,
  0xDF,0xFD,0xFF,0xBF,0xE8,0x9D,0xAD,0xFF,0x21,0xB7,0xBF,0xFB,
  0x77,0xDB,0x7D,0x55,0x5D,0xFF,0x57,0x5D,0xD5,0x25,0x4A,0x20,
  0x00,0x16,0xBC,0x00,0x2C,0x00,0x91,0x15,0x05,0x02,0x28,0x91,
  0x41,0x45,0x00,0x15,0x41,0x52,0x49,0x2A,0x00,0x00,0x00,0x00,
  0x1F,0xC0,0x00,0x00,0x00,0x00,0x00,0x00,0x00,0x03,0x1F,0xEF,
  0xB7,0xEF,0xF3,0x16,0xFF,0x6F,0x2A,0xED,0xFF,0xFD,0xAF,0x9D,
  0xFF,0xFF,0xEE,0xAA,0xFA,0xE5,0x24,0xAA,0x51,0x4A,0x00,0xA0,
  0x05,0xD5,0x90,0x04,0x24,0x40,0x50,0x50,0x82,0x08,0x28,0x20,
  0x55,0x42,0x14,0xC9,0x24,0x8A,0x00,0x00,0x00,0x00,0x0F,0x80,
  0x00,0x00,0x00,0x00,0x0A,0xDF,0xFF,0xFF,0x47,0x7F,0xFF,0x7F,
  0x62,0x5B,0xAF,0xFF,0x21,0xBF,0x7F,0xFB,0xFF,0x36,0xFF,0xD5,
  0x7F,0xFF,0xAD,0xAD,0x40,0x09,0x2A,0x21,0x50,0x20,0x00,0x15,
  0x40,0x91,0x01,0x12,0x05,0x04,0x20,0xA2,0x82,0x8A,0x80,0x28,
  0xA2,0xA4,0x92,0x52,0x00,0x00,0x00,0x00,0x1F,0x80,0x00,0x00,
  0x00,0xB7,0xFF,0xF5,0x5B,0x75,0x83,0xFE,0xFF,0xFF,0xC4,0x7E,
  0xFB,0x6F,0x2B,0xF7,0xF7,0x6D,0x57,0x6B,0xFF,0xFF,0xBF,0xFF,
  0xFE,0xAA,0xAA,0xA0,0x01,0x54,0x25,0x00,0x00,0x00,0x2F,0x54,
  0x94,0x44,0xA0,0x52,0x8A,0x08,0x90,0x22,0x2A,0x84,0x14,0xD1,
  0x21,0x0A,0x00,0x00,0x00,0x00,0x0F,0x80,0x00,0x00,0xBF,0xFD,
  0xB5,0x5F,0xFF,0xFF,0xF0,0xFB,0xFF,0xFD,0x88,0xD7,0x5F,0xFD,
  0x21,0xBD,0xBF,0xFE,0xDE,0xBF,0xFF,0xD5,0x7B,0xFF,0xFE,0xAB,
  0xD4,0x09,0x54,0x01,0x12,0x54,0x00,0x00,0x00,0x0A,0xA1,0x00,
  0x15,0x00,0x20,0xA2,0x0A,0x88,0x81,0x29,0x41,0x8A,0x94,0xA4,
  0x00,0x00,0x00,0x00,0x0F,0x80,0x00,0x5F,0xF7,0x5F,0xFF,0xFF,
  0xEE,0xDE,0xF0,0x3F,0xFF,0xBF,0x12,0xFB,0xFF,0x77,0x29,0xEF,
  0xFF,0xFB,0x6E,0xD7,0xF6,0xEE,0xDF,0xFF,0xFF,0x53,0xFF,0xF6,
  0x01,0x24,0x84,0x2B,0x6A,0x00,0x00,0x00,0x1A,0xDA,0x80,0x55,
  0x0A,0x09,0x40,0x24,0x28,0x42,0x54,0xA4,0x4A,0xAA,0x00,0x00,
  0x00,0x00,0x0F,0x00,0x07,0xA1,0x2A,0xE4,0xAA,0xA9,0x5B,0xFB,
  0xFC,0x1F,0xFF,0xFA,0x69,0xDE,0xDB,0xDF,0x23,0xBE,0xFF,0xFD,
  0xBC,0xB7,0xFF,0xDB,0x7E,0xDD,0xFE,0xAB,0xFF,0xFF,0xD0,0xA8,
  0x21,0x10,0x15,0x55,0x00,0x00,0x00,0x0A,0xB5,0x00,0xA0,0xA0,
  0x95,0x12,0x92,0x94,0x82,0xD2,0x21,0x14,0x00,0x00,0x00,0x00,
  0x0F,0x80,0xB8,0x00,0x00,0x00,0x00,0x00,0x00,0x08,0x0A,0x87,
  0xFB,0xFE,0x47,0xF7,0xFF,0xFF,0x29,0xFB,0xDE,0xFA,0xC9,0xDF,
  0xBB,0xED,0xB7,0xF7,0xDB,0x27,0x6E,0xFF,0xC5,0xFF,0xD4,0x42,
  0x40,0x21,0x55,0x20,0x00,0x00,0x0A,0xB4,0x0A,0x0A,0x20,0x89,
  0x49,0x22,0x55,0xF1,0x4A,0x44,0x00,0x00,0x00,0x00,0x0F,0x06,
  0x90,0x44,0x00,0x00,0x00,0x00,0x04,0x08,0x80,0x01,0xEF,0xE8,
  0x97,0xBD,0xBE,0xFF,0x23,0xEF,0xFF,0xFD,0x7A,0xBF,0xFF,0xB6,
  0xFF,0x7F,0xFE,0xAB,0xBB,0xB6,0xC9,0xB7,0xFF,0x28,0x09,0x08,
  0x12,0x55,0x40,0x00,0x00,0x0B,0xD0,0xA1,0x0A,0x48,0x24,0x95,
  0x13,0x24,0x94,0xAA,0x00,0x00,0x00,0x00,0x0F,0xB8,0x40,0x20,
  0x92,0x24,0x89,0x24,0x90,0x48,0x20,0x80,0x7F,0xF9,0x4F,0xF7,
  0xFB,0xDE,0xA9,0xBF,0x7F,0xFB,0x93,0xDB,0xEF,0xDB,0x5B,0xEF,
  0xFE,0x96,0xEE,0xFF,0xC1,0xFF,0x7F,0x22,0xA0,0x42,0x40,0x01,
  0x2A,0xA8,0x00,0x00,0x17,0x4A,0xA1,0x25,0x11,0x08,0xA5,0x92,
  0x42,0x14,0x00,0x00,0x00,0x00,0x0F,0xD1,0x09,0x00,0x00,0x00,
  0x00,0x00,0x00,0x00,0x82,0x10,0x1F,0xE3,0x1D,0xDF,0xBF,0xFF,
  0x23,0xFF,0xFF,0xFA,0xF6,0xBF,0xFF,0xED,0xBF,0xBF,0xBB,0x4B,
  0xFB,0xB7,0x4B,0x7B,0xED,0x10,0x0A,0x11,0x0A,0x92,0x01,0x05,
  0x68,0x80,0x00,0x2A,0xA8,0x10,0xA4,0x52,0x13,0x49,0x29,0x44,
  0x00,0x00,0x00,0x00,0x6F,0x78,0x10,0x24,0x00,0x80,0x20,0x00,
  0x02,0x08,0x00,0x00,0x05,0xCA,0x3F,0xFE,0xFF,0xFE,0x29,0xFB,
  0xFD,0xDA,0xAB,0xFF,0xFF,0xD6,0xFE,0xFE,0xFE,0x57,0x5E,0xFF,
  0xC1,0xEF,0xBF,0x4A,0x80,0x88,0x40,0x00,0x94,0x20,0x05,0x28,
  0x00,0x00,0x57,0xA5,0x09,0x24,0xA5,0x24,0xAD,0x54,0x00,0x00,
  0x00,0x03,0x55,0xBC,0x48,0x20,0x00,0x00,0x00,0x89,0x20,0x28,
  0x08,0x02,0x40,0x04,0x9F,0xFF,0xFF,0xBF,0x23,0xEF,0xFF,0xFA,
  0xCD,0x6F,0xFF,0xDA,0xB7,0xFF,0xFF,0x43,0xF7,0xDD,0xC9,0xFE,
  0xFF,0x20,0x2A,0x22,0x15,0x54,0x00,0x89,0x50,0x45,0xAA,0x40,
  0x00,0x55,0x52,0x91,0x13,0x57,0x52,0xAC,0x00,0x00,0x00,0x0C,
  0xA5,0x17,0x04,0x00,0x00,0x00,0x00,0x00,0x00,0x04,0x00,0x80,
  0x12,0xA8,0x0B,0x77,0xFF,0xFE,0x29,0xFF,0xFF,0xFA,0xD6,0xFF,
  0xFF,0xED,0xBF,0xEF,0xFE,0xAE,0xFE,0xFF,0xC5,0xBB,0xF7,0x24,
  0x80,0x88,0x80,0x01,0x52,0x20,0x05,0x10,0x01,0x35,0x20,0x00,
  0x94,0x56,0xFF,0xFD,0x48,0xC2,0xD4,0x00,0x00,0x72,0x80,0x1B,
  0x00,0x20,0x00,0x00,0x00,0x00,0x00,0x00,0x00,0x08,0x04,0x12,
  0x40,0x08,0x12,0xEC,0xA3,0xFF,0xBF,0xFA,0x9B,0xFF,0xBB,0xB6,
  0xFE,0xFF,0xFE,0x43,0xDB,0xEF,0x91,0xFF,0xDF,0x11,0x24,0x22,
  0x2A,0x92,0x04,0x0A,0xA0,0x44,0xA8,0x80,0x4A,0x29,0x2F,0xFD,
  0xDD,0xFF,0xFF,0xBD,0x2B,0xA0,0x01,0x48,0x00,0x0B,0x84,0x00,
  0x00,0x00,0x00,0x00,0x00,0x08,0x00,0x00,0x01,0x58,0x92,0x42,
  0x80,0x01,0x24,0x5B,0xFF,0xF2,0xAD,0xBF,0xFF,0xD5,0x5B,0xFF,
  0xFF,0x2F,0xFF,0xFE,0xC9,0xEF,0xFF,0x24,0x09,0x08,0x80,0x20,
  0x49,0x40,0x0A,0x10,0x04,0x12,0x05,0xFF,0xFB,0xB7,0xFF,0xFF,
  0xDE,0xFF,0xFF,0xC0,0x03,0x00,0x02,0x5B,0x80,0x20,0x00,0x00,
  0x00,0x00,0x00,0x04,0x00,0x00,0x92,0x32,0x08,0x10,0x2A,0x90,
  0x49,0x04,0x52,0xD5,0x37,0xFF,0xFF,0xED,0xBF,0xFF,0xF6,0xA6,
  0xFF,0xFF,0xC5,0xFF,0x7D,0x21,0x40,0x40,0x25,0x0A,0x10,0x12,
  0x90,0x85,0x51,0x51,0x55,0xAD,0xFF,0xFF,0xFF,0x55,0x77,0xF7,
  0xFD,0x80,0x0C,0x02,0x55,0x1B,0x84,0x00,0x00,0x00,0x00,0x00,
  0x00,0x04,0x00,0x22,0x08,0x98,0x42,0x8A,0x80,0x25,0x20,0xA1,
  0x09,0x09,0x6D,0xFD,0xFF,0xB6,0xFF,0xBF,0xDF,0x27,0xDF,0xDF,
  0xD1,0xFF,0xFF,0x50,0x15,0x15,0x08,0x90,0x84,0x88,0x22,0x20,
  0x04,0x08,0x07,0xFF,0xFF,0xFF,0xB5,0xFF,0xFD,0xBD,0x68,0x00,
  0x10,0xA9,0x24,0xAB,0x04,0x30,0x00,0x00,0x00,0x00,0x00,0x08,
  0x00,0x80,0xA2,0x2A,0xC8,0x40,0x2A,0x80,0x54,0x14,0xA4,0xA6,
  0xDA,0x96,0xAE,0xD5,0x5F,0xFF,0x7E,0x97,0xFB,0xFF,0xCB,0xFF,
  0xFF,0x25,0x40,0x40,0xA2,0x22,0x21,0x22,0x44,0x8A,0x91,0x25,
  0x55,0xFF,0xFF,0xDA,0xEF,0x6B,0x5F,0x6F,0xE0,0x00,0x65,0x25,
  0x52,0x9B,0xA9,0x44,0x94,0x80,0x00,0x00,0x00,0x24,0x4A,0x15,
  0x08,0x93,0xB5,0x2A,0x80,0x2A,0x22,0x82,0x55,0x2A,0xB6,0xD5,
  0xB3,0x5B,0x6D,0xFF,0xFE,0xA6,0xFF,0xFF,0x81,0xDF,0xF7,0x10,
  0x12,0x14,0x08,0x88,0x88,0x08,0x10,0x20,0x24,0x50,0x03,0xFF,
  0xD5,0x77,0xBB,0xDF,0xF5,0xF6,0x00,0x00,0x3F,0xDD,0xAD,0x7B,
  0x84,0x28,0x42,0x2A,0xAA,0xAA,0xAA,0x89,0x10,0x82,0x42,0x13,
  0xEC,0x40,0x55,0x4A,0xD4,0x54,0x82,0x95,0x6D,0x55,0x5D,0x6D,
  0xAA,0x92,0xFA,0x93,0xFF,0xFB,0xD5,0xFE,0xFF,0x45,0x44,0x81,
  0x44,0x22,0x22,0xA2,0x85,0x09,0x01,0x12,0xAB,0xFD,0x7F,0xDE,
  0xEE,0xFA,0xDF,0x58,0x00,0x00,0x1D,0x7F,0xFF,0xDD,0xAA,0xA2,
  0x90,0x80,0x40,0x00,0x00,0x48,0x44,0x50,0x28,0x94,0xA9,0x15,
  0x00,0x02,0x62,0xAA,0x5A,0x49,0xBA,0xB6,0xD5,0xAA,0xAB,0x6D,
  0x4A,0xA5,0x57,0xFF,0x83,0xFF,0xFF,0x20,0x10,0x54,0x12,0x88,
  0x88,0x08,0x50,0x44,0x54,0x44,0x11,0x5F,0xFD,0xFB,0xFF,0xB7,
  0xB5,0xE8,0x00,0x00,0x0F,0xEA,0xB5,0x7B,0x8A,0x24,0x0A,0x55,
  0x15,0x55,0x55,0x25,0x12,0x0A,0x82,0x50,0x24,0x40,0x55,0x50,
  0x88,0x01,0x25,0x5B,0x6A,0xDA,0xAA,0xAB,0x6D,0x55,0x55,0x48,
  0x00,0x04,0x28,0xFF,0xFE,0x2A,0x85,0x01,0x42,0x22,0x22,0xA1,
  0x05,0x11,0x01,0x11,0x4A,0xF7,0xEF,0xFF,0xBB,0xFE,0xFF,0x08,
  0x00,0x00,0x03,0xFF,0xEF,0xFF,0xA5,0x22,0xA1,0x02,0x42,0x00,
  0x00,0x08,0x89,0x42,0x28,0x15,0x11,0x15,0x00,0x0A,0x65,0x54,
  0x90,0xB5,0xB2,0xAD,0xDD,0xB5,0x55,0x56,0xB6,0xA5,0x54,0x91,
  0x42,0x25,0x6E,0xA0,0x50,0x54,0x14,0x08,0x88,0x08,0x50,0x44,
  0x54,0x52,0x24,0xAD,0xBE,0xDF,0xFF,0xB7,0xFE,0xF8,0x00,0x00,
  0x01,0xFF,0x7D,0xBB,0x88,0xA8,0x14,0x50,0x94,0xAA,0xAA,0xAA,
  0x24,0x28,0x82,0x90,0x84,0x40,0x55,0x40,0x48,0x22,0x4A,0x26,
  0xEA,0xB6,0x6A,0xDE,0xDB,0x6A,0xD5,0x50,0x89,0x24,0x11,0x00,
  0x00,0x25,0x05,0x01,0x41,0x42,0x22,0x45,0x04,0x91,0x01,0x10,
  0x92,0xDE,0xEB,0xF5,0xEE,0xFF,0x83,0x58,0x00,0x00,0x00,0x5D,
  0xF7,0xDF,0x2D,0x25,0x42,0x0A,0x20,0x10,0x00,0x08,0x88,0x82,
  0x28,0x52,0x21,0x15,0x00,0x2A,0x42,0x94,0xA5,0x6B,0x49,0x55,
  0xAB,0x6A,0xAD,0xB6,0xAB,0x4A,0x42,0x01,0x48,0xAA,0xA9,0x20,
  0x50,0x54,0x14,0x28,0x88,0x90,0x48,0x04,0x54,0x4A,0x49,0x77,
  0xBE,0xBF,0x7F,0xDD,0xD0,0xA4,0x00,0x00,0x00,0x1F,0xFF,0x7B,
  0xA0,0xA0,0x94,0xA1,0x15,0x45,0x55,0x4A,0x22,0x28,0x82,0x10,
  0x94,0x40,0x55,0x01,0x54,0x42,0x12,0x4D,0xD4,0xAA,0xAD,0x55,
  0xB5,0x55,0x5A,0xAA,0xA9,0x54,0x12,0x00,0x04,0xAA,0x85,0x02,
  0xA5,0x12,0x22,0x25,0x12,0xA9,0x02,0x24,0x94,0xAA,0xEB,0xEB,
  0xB5,0x76,0xAA,0x4E,0x00,0x00,0x00,0x03,0xDF,0xFF,0x8D,0x2A,
  0x42,0x4A,0x41,0x28,0x88,0x28,0x88,0x84,0x51,0x52,0x02,0x15,
  0x00,0xA8,0x42,0x29,0x49,0x9A,0xA2,0x55,0x6A,0xAD,0x55,0x55,
  0xAA,0xC9,0x14,0x4A,0xA4,0xAA,0xA8,0x20,0x20,0x50,0x02,0x41,
  0x11,0x10,0xA4,0x42,0x54,0xA9,0x22,0xBF,0xBE,0xBE,0xFF,0xDF,
  0x55,0x5C,0x00,0x00,0x00,0x00,0xFF,0xFF,0x50,0xA5,0x29,0x24,
  0x94,0x42,0x25,0x4A,0x24,0x52,0x08,0x10,0xA8,0x80,0x54,0x05,
  0x51,0x44,0x54,0xB7,0x95,0x5B,0x56,0xD5,0xAA,0xAD,0x6D,0x52,
  0x42,0x90,0x49,0x08,0x42,0x8A,0x8A,0x8A,0xA8,0x94,0x88,0x84,
  0x01,0x14,0x89,0x12,0x4A,0x55,0xD7,0xEB,0xAD,0x75,0xD5,0xB0,
  0x00,0x00,0x00,0x00,0x1F,0xFB,0xAD,0x22,0x04,0x91,0x22,0x94,
  0x96,0x08,0x89,0x01,0x45,0x54,0x02,0x55,0x02,0xA0,0x4A,0x11,
  0x23,0x2D,0x49,0x2A,0xB5,0x6D,0x5B,0x6A,0xAA,0xA4,0xA8,0x25,
  0x10,0x45,0x11,0x20,0x20,0x20,0x04,0x42,0x45,0x29,0x54,0xA1,
  0x22,0x51,0x25,0x5A,0xBA,0xBE,0xFF,0xDA,0xAA,0xF0,0x00,0x00,
  0x00,0x00,0x1F,0x6F,0x2A,0x54,0xA9,0x0A,0x48,0x21,0x2E,0xA9,
  0x22,0x54,0x20,0x11,0x54,0x00,0x50,0x15,0x40,0xA4,0x95,0x76,
  0x54,0xAA,0xD6,0xAA,0xD5,0x55,0xAB,0x52,0x12,0x88,0x8A,0x20,
  0x8A,0x55,0x4A,0x8A,0xAA,0x14,0x28,0x44,0x22,0x0A,0x14,0x94,
  0x91,0x2F,0xEF,0xD7,0xAA,0xB7,0x77,0x80,0x00,0x00,0x00,0x00,
  0x3F,0x0D,0x49,0x6A,0x44,0x51,0x15,0x4A,0x46,0x48,0x14,0x02,
  0x95,0x52,0x01,0x55,0x0A,0xA0,0x55,0x12,0x4A,0xAE,0x8A,0x8B,
  0x55,0x5B,0x55,0x56,0xB5,0x49,0x49,0x22,0x51,0x4A,0x40,0xA0,
  0x10,0x40,0x01,0x41,0x42,0x22,0x89,0x50,0xA2,0x42,0x4A,0xAA,
  0xB5,0x7A,0xFF,0xDD,0xAE,0x80,0x00,0x00,0x00,0x00,0x1F,0x0F,
  0x55,0x26,0xB5,0x48,0xA1,0x11,0x15,0x15,0x41,0x54,0x00,0x10,
  0xAA,0x00,0xA0,0x0A,0xA0,0x89,0x24,0xDA,0x51,0x55,0x5A,0xD5,
  0x5B,0x6A,0xAA,0xE4,0xA4,0x94,0x04,0x11,0x2A,0x25,0x45,0x2A,
  0xAC,0x2A,0x14,0x90,0x52,0x0A,0x54,0xB5,0x29,0x55,0xDF,0xAF,
  0x55,0x76,0xFC,0x00,0x00,0x00,0x00,0x00,0x3F,0x07,0xAA,0x55,
  0x0A,0xAA,0x94,0xA4,0xA4,0x88,0x2A,0x02,0xAA,0xA5,0x10,0xAA,
  0x0A,0xA2,0x4A,0x52,0x95,0x6D,0x2A,0x4A,0xAB,0x5A,0xAA,0xAA,
  0xD6,0x92,0x12,0x41,0x52,0xA4,0x04,0x90,0x20,0x81,0x02,0x81,
  0x42,0x4A,0x88,0xA1,0x12,0x00,0x94,0x97,0x6A,0xFB,0xFE,0xDB,
  0xD0,0x00,0x00,0x00,0x00,0x00,0x3F,0x06,0xDA,0xA2,0x64,0x45,
  0x4A,0x95,0x12,0xAA,0x94,0xA8,0x44,0x28,0x45,0x09,0x51,0x14,
  0x91,0x08,0x5B,0xB8,0x92,0xAA,0xD5,0x6B,0x6D,0x5B,0x5A,0xD5,
  0x48,0x94,0x88,0x09,0x51,0x45,0x15,0x2A,0x54,0x54,0x29,0x24,
  0x45,0x14,0xA4,0xB6,0x4A,0xBA,0xDF,0x56,0xAB,0xEF,0x00,0x00,
  0x00,0x00,0x00,0x00,0x3F,0x87,0x6D,0x55,0x15,0x28,0x24,0x52,
  0xD5,0x98,0x88,0x4A,0x91,0x22,0x90,0x50,0x24,0x41,0x4A,0x52,
  0x92,0xD5,0x49,0x25,0x5A,0xAA,0xAA,0xD5,0x55,0x50,0xA5,0x09,
  0x25,0x50,0x24,0x28,0xA0,0x40,0x89,0x09,0x44,0x89,0x28,0xA5,
  0x12,0x91,0x6B,0x6F,0x75,0xFD,0xFE,0xB8,0x00,0x00,0x00,0x00,
  0x00,0x00,0x3F,0x03,0xBB,0x6A,0xAA,0xA5,0xAA,0x89,0x2A,0xD5,
  0x53,0x24,0x24,0xA8,0x4A,0x8A,0x89,0x2A,0x51,0x25,0x55,0x72,
  0x54,0x95,0x6B,0x55,0x55,0x55,0x56,0xAA,0x10,0xA4,0x50,0x85,
  0x49,0x42,0x0A,0x95,0x24,0xA4,0x92,0x24,0x92,0x48,0xA8,0x6E,
  0xBD,0xB5,0xDE,0xAB,0x5B,0xC0,0x00,0x00,0x00,0x00,0x00,0x00,
  0x3F,0x83,0xED,0xFD,0x55,0x2A,0x49,0x54,0x84,0xD2,0xA8,0xA9,
  0x4A,0x65,0x21,0x22,0x52,0x91,0x4A,0x48,0xA7,0xA9,0x25,0x52,
  0xAA,0xB6,0xDB,0x5A,0xDA,0xD5,0x4A,0x12,0x8A,0x28,0x84,0x54,
  0xA1,0x08,0x92,0x22,0x49,0x52,0x49,0x25,0x57,0xB5,0xD6,0xDB,
  0x6B,0xFF,0xFE,0x00,0x00,0x00,0x00,0x00,0x00,0x00,0x3D,0x82,
  0xDE,0xAB,0xFD,0x55,0x24,0xA5,0x52,0xD9,0x05,0x14,0xA1,0x72,
  0x94,0x94,0x88,0x4A,0x44,0x92,0x5A,0xE5,0x52,0xAA,0xAD,0x55,
  0x55,0x6B,0x55,0x51,0x24,0xA4,0x21,0x45,0x29,0x42,0x14,0x52,
  0x49,0x54,0x94,0x89,0x24,0x95,0x5A,0xAE,0xB5,0xBF,0xBE,0xB6,
  0xA0,0x00,0x00,0x00,0x00,0x00,0x00,0x00,0x3F,0x81,0xF7,0xFD,
  0x57,0x6A,0xD5,0x14,0xAA,0x94,0xB2,0xA2,0x14,0x24,0x4A,0x49,
  0x25,0x24,0xD2,0x4A,0xCF,0x52,0x4A,0x49,0x55,0xAA,0xAA,0xAA,
  0xAA,0xAA,0x92,0x49,0x54,0x20,0x92,0x54,0xA2,0x89,0x24,0x89,
  0x22,0x54,0xAA,0xAA,0xEA,0xDB,0x6F,0x6A,0xEF,0xF8,0x00,0x00,
  0x00,0x00,0x00,0x00,0x00,0x00,0x3F,0x80,0xDD,0x57,0xB5,0xBB,
  0x6D,0xD5,0x25,0x55,0x28,0x95,0x52,0xB2,0xA5,0x24,0xA9,0x52,
  0x95,0x24,0x9A,0x95,0x29,0x2A,0x6A,0xB6,0xDB,0x55,0x6D,0xB4,
  0x49,0x24,0x0B,0x4A,0x44,0x42,0x49,0x24,0x95,0x24,0x95,0x22,
  0xAB,0x7D,0xAF,0x6D,0xDB,0xFF,0xFD,0x40,0x00,0x00,0x00,0x00,
  0x00,0x00,0x00,0x00,0x3F,0xC0,0x7F,0xFD,0xFF,0xD6,0xB6,0xB6,
  0xDA,0xBA,0x95,0x48,0x89,0x15,0x28,0xAA,0x94,0x89,0xC8,0xAA,
  0xB7,0xA9,0x55,0x52,0x9F,0xD5,0x55,0x6D,0xAA,0xAA,0xA4,0x92,
  0xA4,0x24,0xBB,0x54,0x94,0x92,0x48,0x92,0x48,0x9B,0x5A,0xD6,
  0xDA,0xDB,0x7D,0xBD,0x46,0x80,0x00,0x00,0x00,0x00,0x00,0x00,
  0x00,0x00,0x3D,0x80,0x0D,0xF7,0x55,0xFD,0xDB,0x6B,0x6D,0xD5,
  0x6A,0x2A,0xAA,0xA8,0x95,0x52,0x4A,0x54,0xA5,0x49,0x5A,0x95,
  0x24,0xAA,0x54,0xB5,0xAD,0xAA,0xAA,0xD2,0x52,0x49,0x29,0x49,
  0x09,0x22,0x42,0x49,0x25,0x4A,0xAB,0x6D,0xAF,0x5B,0x77,0x7F,
  0xEF,0xD0,0x01,0xC0,0x00,0x00,0x00,0x00,0x00,0x00,0x00,0x00,
  0x3F,0xC0,0x03,0xBE,0xAE,0xBF,0xB5,0xBD,0xB6,0xBB,0xB5,0xAA,
  0x52,0x4F,0x52,0x29,0x52,0xA5,0xAA,0x2B,0x6F,0x52,0x95,0x49,
  0x5B,0x5A,0xB5,0x56,0xB6,0xA9,0x2A,0xA4,0xA4,0x24,0xA4,0x94,
  0x95,0x2A,0x94,0xA9,0x56,0xD6,0xF5,0xED,0xBD,0xED,0xB4,0x00,
  0x00,0x00,0x00,0x00,0x00,0x00,0x00,0x00,0x00,0x00,0x3F,0x80,
  0x00,0x7B,0x92,0xD6,0xFE,0xEB,0x5B,0xDD,0x5A,0xD5,0xAA,0xA5,
  0xEF,0xD6,0xA9,0x15,0x25,0x52,0xBA,0x4A,0x55,0x2A,0xAA,0xB6,
  0xD5,0x6A,0xD5,0x6D,0x44,0x52,0x29,0x49,0x53,0x49,0x28,0x92,
  0x55,0x56,0xED,0x7B,0x5A,0xB7,0xEF,0xFA,0x40,0x00,0x00,0x00,
  0x00,0x00,0x00,0x00,0x00,0x00,0x00,0x00,0x3F,0xC0,0x00,0x1F,
  0xFD,0x7B,0xEB,0xBD,0xED,0x75,0xEF,0x6E,0xD5,0x5A,0x11,0x6D,
  0xDE,0xEE,0x94,0xAE,0xD6,0xA9,0x52,0xAA,0xAD,0xDA,0xAB,0x5B,
  0x56,0xB4,0xAA,0x89,0x45,0x24,0x49,0x52,0x92,0xA9,0x55,0x6D,
  0xB7,0xAD,0xB7,0xFD,0xBD,0x00,0x00,0x00,0x00,0x00,0x00,0x00,
  0x00,0x00,0x00,0x00,0x00,0x00,0x3B,0x80,0x00,0x1F,0xFF,0xEE,
  0xBF,0xEF,0x7F,0xB7,0x5A,0xB5,0x6E,0xD5,0xEE,0xAA,0x53,0x72,
  0xAA,0xAB,0xFD,0x25,0x29,0x55,0x56,0xB6,0xDD,0x6A,0xAA,0xD5,
  0x24,0xA5,0x30,0x92,0xA5,0x49,0x4A,0x4A,0xAF,0xB6,0xDA,0xD6,
  0xFE,0xDF,0xD0,0x00,0x00,0x00,0x00,0x00,0x00,0x00,0x00,0x00,
  0x00,0x00,0x00,0x00,0x3F,0xC0,0x00,0x0F,0xFF,0xFF,0xFE,0xFB,
  0xD5,0xDD,0xF7,0xDF,0xB5,0x6E,0xB5,0xB7,0xAD,0x55,0x52,0xAA,
  0xDC,0xBA,0xD6,0x92,0x4A,0xD5,0x6B,0xAD,0xDD,0x54,0x92,0x54,
  0xAA,0xA9,0x55,0x54,0x29,0xB7,0xF5,0x5B,0x6F,0x7F,0xDB,0xE0,
  0x00,0x00,0x00,0x00,0x00,0x00,0x00,0x00,0x00,0x00,0x00,0x00,
  0x00,0x00,0x3F,0x80,0x00,0x07,0x7F,0xFF,0xFF,0xAF,0x7F,0x7F,
  0x5D,0x75,0x5B,0xB5,0x5A,0xDA,0xD5,0xAE,0xDD,0x97,0xF7,0x56,
  0xAA,0xED,0x52,0xAD,0xAA,0xB6,0x6B,0xF6,0xAA,0x92,0x44,0x94,
  0x42,0xA5,0xD6,0xDA,0xAE,0xF7,0xBB,0xED,0xF4,0x00,0x00,0x00,
  0x00,0x00,0x00,0x00,0x00,0x00,0x00,0x00,0x00,0x00,0x00,0x00,
  0x3B,0xC0,0x00,0x03,0xFF,0xFF,0xFE,0xFF,0xFD,0xFA,0xF7,0xFF,
  0xEE,0xDB,0xEF,0x6D,0x7A,0xDB,0x6B,0x2D,0x5B,0x6A,0xAB,0x36,
  0xDB,0x76,0xB5,0x55,0xAD,0x29,0x55,0x6B,0x55,0x45,0x5A,0xDA,
  0xBB,0x6E,0xDB,0xBD,0xFE,0xFE,0x00,0x00,0x00,0x00,0x00,0x00,
  0x00,0x00,0x00,0x00,0x00,0x00,0x00,0x00,0x00,0x00,0x3F,0x80,
  0x00,0x00,0x7F,0xFF,0xF1,0xF5,0xDF,0xFD,0x5F,0xDA,0xFF,0xFE,
  0xB5,0xF6,0xAF,0x6D,0xAD,0xDB,0xFB,0x55,0x55,0xAA,0xAD,0xAA,
  0xD6,0xDA,0xB5,0xAD,0x55,0x1D,0xFE,0xFA,0xB7,0x6F,0x6D,0xB7,
  0x7E,0xEF,0xEF,0x40,0x00,0x00,0x00,0x00,0x00,0x00,0x00,0x00,
  0x00,0x00,0x00,0x00,0x00,0x00,0x00,0x00,0x1F,0xC0,0x00,0x00,
  0x0B,0xFF,0xE0,0xA0,0x27,0xDE,0xFF,0x7F,0xFB,0xB7,0xFF,0x5B,
  0xEA,0xB6,0xDB,0xFF,0x6F,0x55,0x54,0xAA,0xAA,0xDD,0x5B,0x6B,
  0x5A,0xD5,0x2A,0xA4,0x23,0x56,0xDD,0xD5,0xB6,0xED,0xDB,0xFE,
  0xA0,0x00,0x00,0x00,0x00,0x00,0x00,0x00,0x00,0x00,0x00,0x00,
  0x00,0x00,0x00,0x00,0x00,0x00,0x3D,0x80,0x00,0x00,0x00,0x2F,
  0x00,0xE0,0x00,0x7E,0xBF,0xFF,0xAF,0xFF,0xDF,0xFF,0x7F,0xFB,
  0x76,0xEF,0xFE,0xAA,0xAA,0xAA,0xAD,0xB7,0xED,0xAD,0xD6,0xBA,
  0xA4,0xB5,0xAD,0x5B,0x6B,0x7B,0x7B,0xBF,0xFF,0xA8,0x00,0x00,
  0x00,0x00,0x00,0x00,0x00,0x00,0x00,0x00,0x00,0x00,0x00,0x00,
  0x00,0x00,0x00,0x00,0x3F,0x80,0x00,0x00,0x00,0x00,0x00,0x00,
  0x00,0x7E,0x90,0xAB,0xFF,0xFB,0x7B,0xFF,0xFF,0xDF,0xFF,0xBF,
  0xDB,0xD5,0x55,0x55,0x55,0x5A,0xB6,0xDA,0xBB,0x6D,0xB6,0xAE,
  0xDB,0xAF,0xBE,0xDE,0xDF,0xFB,0xE8,0x00,0x00,0x00,0x00,0x00,
  0x00,0x00,0x00,0x00,0x00,0x00,0x00,0x00,0x00,0x00,0x00,0x00,
  0x00,0x00,0x1F,0x80,0x00,0x00,0x00,0x00,0x00,0x00,0x00,0xFB,
  0x50,0x00,0x15,0x5F,0xFF,0xB7,0xED,0xFF,0xED,0xFA,0xFF,0x7E,
  0xFF,0x55,0x55,0x6D,0xDD,0xB7,0xD6,0xD6,0xDB,0xF5,0x6D,0x75,
  0xEB,0xF7,0xFD,0xED,0x00,0x00,0x00,0x00,0x00,0x00,0x00,0x00,
  0x00,0x00,0x00,0x00,0x00,0x00,0x00,0x00,0x00,0x00,0x00,0x00,
  0x1D,0xC0,0x00,0x00,0x00,0x00,0x00,0x00,0x00,0xFD,0x08,0x00,
  0x00,0x00,0xAF,0xFF,0xBF,0xF6,0xFF,0x7F,0xEF,0xEB,0x09,0xEF,
  0xFB,0x5B,0x6B,0x7D,0x7B,0xBB,0x6D,0x5F,0xB7,0xBF,0x7F,0x7F,
  0xF7,0x00,0x00,0x00,0x00,0x00,0x00,0x00,0x00,0x00,0x00,0x00,
  0x00,0x00,0x00,0x00,0x00,0x00,0x00,0x00,0x00,0x00,0x3F,0x80,
  0x00,0x00,0x00,0x00,0x00,0x00,0x00,0xB9,0x28,0x00,0x00,0x00,
  0x00,0x0A,0xFF,0xFF,0xFA,0xEF,0xFF,0xFF,0xFE,0xBD,0x5E,0xFF,
  0xBD,0xD7,0xAD,0xEF,0xB6,0xEA,0xDD,0x6D,0xEF,0xEE,0x80,0x00,
  0x00,0x00,0x00,0x00,0x00,0x00,0x00,0x00,0x00,0x00,0x00,0x00,
  0x00,0x00,0x00,0x00,0x00,0x00,0x00,0x00,0x1F,0x80,0x00,0x00,
  0x00,0x00,0x00,0x00,0x00,0xF8,0x84,0x00,0x00,0x00,0x00,0x00,
  0x00,0x17,0xFF,0xFF,0x7B,0x7F,0xC2,0xFF,0xFB,0xED,0xEF,0x7E,
  0xF7,0x7A,0xEF,0x7D,0xF7,0xFF,0xFF,0xB0,0x00,0x00,0x00,0x00,
  0x00,0x00,0x00,0x00,0x00,0x00,0x00,0x00,0x00,0x00,0x00,0x00,
  0x00,0x00,0x00,0x00,0x00,0x00,0x1F,0x80,0x00,0x00,0x00,0x00,
  0x00,0x00,0x01,0xF0,0x94,0x00,0x00,0x00,0x00,0x00,0x00,0x0F,
  0xDE,0xB7,0xFF,0xFF,0xFB,0x7F,0xFF,0xFF,0xFF,0xF7,0x7F,0xAF,
  0xBD,0xEF,0xBF,0xFF,0xD4,0x00,0x00,0x00,0x00,0x00,0x00,0x00,
  0x00,0x00,0x00,0x00,0x00,0x00,0x00,0x00,0x00,0x00,0x00,0x00,
  0x00,0x00,0x00,0x00,0x1B,0x80,0x00,0x00,0x00,0x00,0x00,0x00,
  0x01,0xD8,0x80,0x00,0x00,0x00,0x00,0x00,0x00,0x3F,0xB4,0x00,
  0x02,0xF7,0xF9,0xBF,0xFF,0xFF,0x7B,0xFD,0xFD,0xFF,0xFF,0xFF,
  0xFD,0xB4,0x00,0x00,0x00,0x00,0x00,0x00,0x00,0x00,0x00,0x00,
  0x00,0x00,0x00,0x00,0x00,0x00,0x00,0x00,0x00,0x00,0x00,0x00,
  0x00,0x00,0x1F,0x80,0x00,0x00,0x00,0x00,0x00,0x00,0x01,0xF0,
  0x46,0x00,0x00,0x00,0x00,0x00,0x00,0xF4,0xE0,0x00,0x00,0xF9,
  0xB4,0x4D,0xBF,0xDD,0xFF,0x6F,0xEF,0xFB,0xF7,0xBB,0xF6,0x80,
  0x00,0x00,0x00,0x00,0x00,0x00,0x00,0x00,0x00,0x00,0x00,0x00,
  0x00,0x00,0x00,0x00,0x00,0x00,0x00,0x00,0x00,0x00,0x00,0x00,
  0x1F,0x80,0x00,0x00,0x00,0x00,0x00,0x00,0x03,0x70,0x40,0x00,
  0x00,0x00,0x00,0x00,0x03,0xEB,0x80,0x00,0x00,0xF8,0xF7,0x04,
  0x0E,0xFF,0xEF,0xFA,0xFF,0xEF,0xFE,0xFF,0x80,0x00,0x00,0x00,
  0x00,0x00,0x00,0x00,0x00,0x00,0x00,0x00,0x00,0x00,0x00,0x00,
  0x00,0x00,0x00,0x00,0x00,0x00,0x00,0x00,0x00,0x00,0x1D,0x80,
  0x00,0x00,0x00,0x00,0x00,0x00,0x03,0xE0,0x42,0x00,0x00,0x00,
  0x00,0x00,0x0F,0x4A,0x00,0x00,0x00,0x7C,0xF9,0x22,0x07,0xFF,
  0x00,0x37,0xFA,0xB5,0x0F,0xFA,0x00,0x00,0x00,0x00,0x00,0x00,
  0x00,0x00,0x00,0x00,0x00,0x00,0x00,0x00,0x00,0x00,0x00,0x00,
  0x00,0x00,0x00,0x00,0x00,0x00,0x00,0x00,0x0F,0x00,0x00,0x00,
  0x00,0x00,0x00,0x00,0x02,0xE0,0x25,0x00,0x00,0x00,0x00,0x00,
  0x3A,0x2C,0x00,0x00,0x00,0x74,0xF8,0xC9,0x03,0x6D,0x00,0x0D,
  0x58,0x00,0x03,0xA0,0x00,0x00,0x00,0x00,0x00,0x00,0x00,0x00,
  0x00,0x00,0x00,0x00,0x00,0x00,0x00,0x00,0x00,0x00,0x00,0x00,
  0x00,0x00,0x00,0x00,0x00,0x00,0x1F,0x80,0x00,0x00,0x00,0x00,
  0x00,0x00,0x03,0xE0,0x20,0x00,0x00,0x00,0x00,0x00,0xF8,0xB0,
  0x00,0x00,0x00,0x3E,0x78,0x60,0xC0,0x00,0x00,0x1A,0xC7,0xC0,
  0x00,0x00,0x00,0x00,0x00,0x00,0x00,0x00,0x00,0x00,0x00,0x00,
  0x00,0x00,0x00,0x00,0x00,0x00,0x00,0x00,0x00,0x00,0x00,0x00,
  0x00,0x00,0x00,0x00,0x0F,0x00,0x00,0x00,0x00,0x00,0x00,0x00,
  0x07,0xA0,0x21,0x80,0x00,0x00,0x00,0x03,0xC3,0x60,0x00,0x00,
  0x00,0x3E,0x6C,0x12,0x20,0x00,0x00,0x0B,0x40,0x60,0x00,0x00,
  0x00,0x00,0x00,0x00,0x00,0x00,0x00,0x00,0x00,0x00,0x00,0x00,
  0x00,0x00,0x00,0x00,0x00,0x00,0x00,0x00,0x00,0x00,0x00,0x00,
  0x00,0x00,0x0F,0x00,0x00,0x00,0x00,0x00,0x00,0x00,0x06,0xC0,
  0x10,0x00,0x00,0x00,0x00,0x0F,0x49,0x80,0x00,0x00,0x00,0x3E,
  0x3E,0x18,0x90,0x00,0x00,0x0C,0xA0,0x00,0x00,0x00,0x00,0x00,
  0x00,0x00,0x00,0x00,0x00,0x00,0x00,0x00,0x00,0x00,0x00,0x00,
  0x00,0x00,0x00,0x00,0x00,0x00,0x00,0x00,0x00,0x00,0x00,0x00,
  0x09,0x00,0x00,0x00,0x00,0x00,0x00,0x00,0x07,0xC0,0x10,0x80,
  0x00,0x00,0x00,0x3D,0x16,0x00,0x00,0x00,0x00,0x1B,0x3C,0x06,
  0x0C,0x00,0x00,0x05,0x40,0x00,0x00,0x00,0x00,0x00,0x00,0x00,
  0x00,0x00,0x00,0x00,0x00,0x00,0x00,0x00,0x00,0x00,0x00,0x00,
  0x00,0x00,0x00,0x00,0x00,0x00,0x00,0x00,0x00,0x00,0x09,0x00,
  0x00,0x00,0x00,0x00,0x00,0x00,0x0F,0xC0,0x12,0x40,0x00,0x00,
  0x00,0xF4,0x2A,0x00,0x00,0x00,0x00,0x1F,0x3E,0x03,0x02,0x00,
  0x00,0x05,0x60,0x00,0x00,0x00,0x00,0x00,0x00,0x00,0x00,0x00,
  0x00,0x00,0x00,0x00,0x00,0x00,0x00,0x00,0x00,0x00,0x00,0x00,
  0x00,0x00,0x00,0x00,0x00,0x00,0x00,0x00,0x0D,0x00,0x00,0x00,
  0x00,0x00,0x00,0x00,0x05,0x80,0x08,0x40,0x00,0x00,0x03,0xD0,
  0x98,0x00,0x00,0x00,0x00,0x0F,0x9F,0x00,0x81,0x00,0x00,0x06,
  0xA0,0x00,0x00,0x00,0x00,0x00,0x00,0x00,0x00,0x00,0x00,0x00,
  0x00,0x00,0x00,0x00,0x00,0x00,0x00,0x00,0x00,0x00,0x00,0x00,
  0x00,0x00,0x00,0x00,0x00,0x00,0x07,0x00,0x00,0x00,0x00,0x00,
  0x00,0x00,0x0F,0x80,0x08,0x00,0x00,0x00,0x1F,0x42,0x60,0x00,
  0x00,0x00,0x00,0x0F,0x9B,0x00,0xC8,0x80,0x00,0x05,0x50,0x00,
  0x00,0x00,0x00,0x00,0x00,0x00,0x00,0x00,0x00,0x00,0x00,0x00,
  0x00,0x00,0x00,0x00,0x00,0x00,0x00,0x00,0x00,0x00,0x00,0x00,
  0x00,0x00,0x00,0x00,0x0B,0x00,0x00,0x00,0x00,0x00,0x00,0x00,
  0x1F,0x80,0x08,0x40,0x00,0x00,0x5C,0x05,0xC0,0x00,0x00,0x00,
  0x00,0x0E,0xCF,0x00,0x30,0x60,0x00,0x02,0x50,0x00,0x00,0x00,
  0x00,0x00,0x00,0x00,0x00,0x00,0x00,0x00,0x00,0x00,0x00,0x00,
  0x00,0x00,0x00,0x00,0x00,0x00,0x00,0x00,0x00,0x00,0x00,0x00,
  0x00,0x00,0x04,0x00,0x00,0x00,0x00,0x00,0x00,0x00,0x0D,0x80,
  0x04,0x20,0x00,0x01,0x70,0x13,0x00,0x00,0x00,0x00,0x00,0x07,
  0xCF,0x80,0x18,0x10,0x00,0x02,0x90,0x00,0x00,0x00,0x00,0x00,
  0x00,0x00,0x00,0x00,0x00,0x00,0x00,0x00,0x00,0x00,0x00,0x00,
  0x00,0x00,0x00,0x00,0x00,0x00,0x00,0x00,0x00,0x00,0x00,0x00,
  0x05,0x00,0x00,0x00,0x00,0x00,0x00,0x00,0x1F,0x00,0x04,0x10,
  0x00,0x05,0xE0,0x4C,0x00,0x00,0x00,0x00,0x00,0x07,0xCE,0x80,
  0x04,0x0C,0x00,0x02,0x50,0x00,0x00,0x00,0x00,0x00,0x00,0x00,
  0x00,0x00,0x00,0x00,0x00,0x00,0x00,0x00,0x00,0x00,0x00,0x00,
  0x00,0x00,0x00,0x00,0x00,0x00,0x00,0x00,0x00,0x00,0x02,0x00,
  0x00,0x00,0x00,0x00,0x00,0x00,0x1B,0x00,0x04,0x10,0x00,0x17,
  0x80,0xB8,0x00,0x00,0x00,0x00,0x00,0x03,0x67,0xC0,0x06,0x02,
  0x00,0x03,0x08,0x00,0x00,0x00,0x00,0x00,0x00,0x00,0x00,0x00,
  0x00,0x00,0x00,0x00,0x00,0x00,0x00,0x00,0x00,0x00,0x00,0x00,
  0x00,0x00,0x00,0x00,0x00,0x00,0x00,0x00,0x00,0x00,0x00,0x00,
  0x00,0x00,0x00,0x00,0x3F,0x00,0x02,0x10,0x00,0x7E,0x02,0x60,
  0x00,0x00,0x00,0x00,0x00,0x03,0xE7,0xC0,0x01,0x81,0x00,0x01,
  0x50,0x00,0x00,0x00,0x00,0x00,0x00,0x00,0x00,0x00,0x00,0x00,
  0x00,0x00,0x00,0x00,0x00,0x00,0x00,0x00,0x00,0x00,0x00,0x00,
  0x00,0x00,0x00,0x00,0x00,0x00,0x00,0x00,0x00,0x00,0x00,0x00,
  0x00,0x00,0x2E,0x00,0x02,0x08,0x01,0xB0,0x05,0xC0,0x00,0x00,
  0x00,0x00,0x00,0x03,0xF3,0x60,0x00,0xC0,0xC0,0x01,0x08,0x00,
  0x00,0x00,0x00,0x00,0x00,0x00,0x00,0x00,0x00,0x00,0x00,0x00,
  0x00,0x00,0x00,0x00,0x00,0x00,0x00,0x00,0x00,0x00,0x00,0x00,
  0x00,0x00,0x00,0x00,0x00,0x00,0x00,0x00,0x00,0x00,0x00,0x00,
  0x3E,0x00,0x01,0x00,0x06,0xC0,0x13,0x00,0x00,0x00,0x00,0x00,
  0x00,0x01,0xF3,0xE0,0x00,0x60,0x20,0x01,0x48,0x00,0x00,0x00,
  0x00,0x00,0x00,0x00,0x00,0x00,0x00,0x00,0x00,0x00,0x00,0x00,
  0x00,0x00,0x00,0x00,0x00,0x00,0x00,0x00,0x00,0x00,0x00,0x00,
  0x00,0x00,0x00,0x00,0x00,0x00,0x00,0x00,0x00,0x00,0x3A,0x00,
  0x01,0x08,0x1B,0x80,0x2E,0x00,0x00,0x00,0x00,0x00,0x00,0x01,
  0xBB,0xE0,0x00,0x12,0x10,0x00,0x84,0x00,0x00,0x00,0x00,0x00,
  0x00,0x00,0x00,0x00,0x00,0x00,0x00,0x00,0x00,0x00,0x00,0x00,
  0x00,0x00,0x00,0x00,0x00,0x00,0x00,0x00,0x00,0x00,0x00,0x00,
  0x00,0x00,0x00,0x00,0x00,0x00,0x00,0x00,0x7E,0x00,0x01,0x04,
  0x6E,0x00,0x98,0x00,0x00,0x00,0x00,0x00,0x00,0x00,0xF9,0xB0,
  0x00,0x1C,0x0C,0x00,0xA4,0x00,0x00,0x00,0x00,0x00,0x00,0x00,
  0x00,0x00,0x00,0x00,0x00,0x00,0x00,0x00,0x00,0x00,0x00,0x00,
  0x00,0x00,0x00,0x00,0x00,0x00,0x00,0x00,0x00,0x00,0x00,0x00,
  0x00,0x00,0x00,0x00,0x00,0x00,0x6C,0x00,0x00,0x85,0xB8,0x01,
  0x60,0x00,0x00,0x00,0x00,0x00,0x00,0x00,0xE9,0xF0,0x00,0x04,
  0x02,0x00,0x8A,0x00,0x00,0x00,0x00,0x00,0x00,0x00,0x00,0x00,
  0x00,0x00,0x00,0x00,0x00,0x00,0x00,0x00,0x00,0x00,0x00,0x00,
  0x00,0x00,0x00,0x00,0x00,0x00,0x00,0x00,0x00,0x00,0x00,0x00,
  0x00,0x00,0x00,0x00,0x7C,0x00,0x00,0x83,0xC0,0x04,0xC0,0x00,
  0x00,0x00,0x00,0x00,0x00,0x00,0xFC,0xF0,0x00,0x03,0x21,0x00,
  0x82,0x00,0x00,0x00,0x00,0x00,0x00,0x00,0x00,0x00,0x00,0x00,
  0x00,0x00,0x00,0x00,0x00,0x00,0x00,0x00,0x00,0x00,0x00,0x00,
  0x00,0x00,0x00,0x00,0x00,0x00,0x00,0x00,0x00,0x00,0x00,0x00,
  0x00,0x00,0xF4,0x00,0x00,0x8B,0x00,0x0B,0x80,0x00,0x00,0x00,
  0x00,0x00,0x00,0x00,0x7C,0xF8,0x00,0x01,0x80,0x80,0x52,0x00,
  0x00,0x00,0x00,0x00,0x00,0x00,0x00,0x00,0x00,0x00,0x00,0x00,
  0x00,0x00,0x00,0x00,0x00,0x00,0x00,0x00,0x00,0x00,0x00,0x00,
  0x00,0x00,0x00,0x00,0x00,0x00,0x00,0x00,0x00,0x00,0x00,0x00,
  0xDC,0x00,0x03,0x82,0x00,0x26,0x00,0x00,0x00,0x00,0x00,0x00,
  0x00,0x00,0x6E,0xD8,0x00,0x00,0x40,0x60,0x41,0x00,0x00,0x00,
  0x00,0x00,0x00,0x00,0x00,0x00,0x00,0x00,0x00,0x00,0x00,0x00,
  0x00,0x00,0x00,0x00,0x00,0x00,0x00,0x00,0x00,0x00,0x00,0x00,
  0x00,0x00,0x00,0x00,0x00,0x00,0x00,0x00,0x00,0x00,0xF8,0x00,
  0x1F,0xC1,0x00,0x58,0x00,0x00,0x00,0x00,0x00,0x00,0x00,0x00,
  0x3E,0x7C,0x00,0x00,0x32,0x10,0x49,0x00,0x00,0x00,0x00,0x00,
  0x00,0x00,0x00,0x00,0x00,0x00,0x00,0x00,0x00,0x00,0x00,0x00,
  0x00,0x00,0x00,0x00,0x00,0x00,0x00,0x00,0x00,0x00,0x00,0x00,
  0x00,0x00,0x00,0x00,0x00,0x00,0x00,0x01,0xFC,0x01,0x7A,0x49,
  0x01,0x30,0x00,0x00,0x00,0x00,0x00,0x00,0x00,0x00,0x3F,0x7C,
  0x00,0x00,0x18,0x08,0x61,0x00,0x00,0x00,0x00,0x00,0x00,0x00,
  0x00,0x00,0x00,0x00,0x00,0x00,0x00,0x00,0x00,0x00,0x00,0x00,
  0x00,0x00,0x00,0x00,0x00,0x00,0x00,0x00,0x00,0x00,0x00,0x00,
  0x00,0x00,0x00,0x00,0x00,0x0B,0x6E,0x8B,0xE8,0x21,0x04,0xC0,
  0x00,0x00,0x00,0x00,0x00,0x00,0x00,0x00,0x3D,0x36,0x00,0x00,
  0x0C,0x06,0x24,0x00,0x00,0x00,0x00,0x00,0x00,0x00,0x00,0x00,
  0x00,0x00,0x00,0x00,0x00,0x00,0x00,0x00,0x00,0x00,0x00,0x00,
  0x00,0x00,0x00,0x00,0x00,0x00,0x00,0x00,0x00,0x00,0x00,0x00,
  0x00,0x00,0x00,0x75,0xFB,0xFF,0x40,0x20,0x8B,0x80,0x00,0x00,
  0x00,0x00,0x00,0x00,0x00,0x00,0x1F,0xBE,0x00,0x00,0x03,0x11,
  0x21,0x80,0x00,0x00,0x00,0x00,0x00,0x00,0x00,0x00,0x00,0x00,
  0x00,0x00,0x00,0x00,0x00,0x00,0x00,0x00,0x00,0x00,0x00,0x00,
  0x00,0x00,0x00,0x00,0x00,0x00,0x00,0x00,0x01,0x57,0x7B,0xF7,
  0x76,0xF7,0xFE,0xBC,0x00,0x2D,0xBE,0x00,0x00,0x00,0x00,0x00,
  0x00,0x00,0x00,0x00,0x1F,0xBE,0x00,0x00,0x01,0x80,0x40,0x00,
  0x00,0x00,0x00,0x00,0x00,0x00,0x00,0x00,0x00,0x00,0x00,0x00,
  0x00,0x00,0x00,0x00,0x00,0x00,0x00,0x00,0x00,0x00,0x00,0x00,
  0x00,0x00,0x00,0x00,0x00,0x05,0xFF,0xFF,0xD6,0xBF,0xFF,0xFF,
  0xFF,0xD5,0xD5,0x72,0xEC,0x00,0x00,0x00,0x00,0x00,0x00,0x00,
  0x00,0x00,0x1B,0xF7,0x00,0x00,0x00,0xC0,0x34,0x80,0x00,0x00,
  0x00,0x00,0x00,0x00,0x00,0x00,0x00,0x00,0x00,0x00,0x00,0x00,
  0x00,0x00,0x00,0x00,0x00,0x00,0x00,0x00,0x00,0x00,0x00,0x00,
  0x00,0x00,0x01,0x7F,0xFD,0x54,0xAD,0xAA,0x95,0x5B,0x6F,0xFE,
  0xFF,0xA2,0x7B,0xEE,0xAA,0x80,0x00,0x00,0x00,0x00,0x00,0x00,
  0x0F,0x9F,0x00,0x00,0x00,0x20,0x92,0x40,0x00,0x00,0x00,0x00,
  0x00,0x00,0x00,0x00,0x00,0x00,0x00,0x00,0x00,0x00,0x00,0x00,
  0x00,0x00,0x00,0x00,0x00,0x00,0x00,0x00,0x00,0x00,0x00,0x00,
  0x3F,0xFA,0x02,0xA5,0x6A,0xD5,0x6E,0xD7,0xDD,0x5B,0x57,0xF2,
  0x7F,0x7B,0xFF,0xFF,0xFF,0xD5,0x50,0x00,0x00,0x00,0x0F,0xFF,
  0x80,0x00,0x00,0x32,0x0C,0x80,0x00,0x00,0x00,0x00,0x00,0x00,
  0x00,0x00,0x00,0x00,0x00,0x00,0x00,0x00,0x00,0x00,0x00,0x00,
  0x00,0x00,0x00,0x00,0x00,0x00,0x00,0x00,0x00,0x05,0xE4,0x45,
  0x50,0x08,0xAA,0xAD,0xAA,0xAA,0xB6,0xED,0xFA,0xA8,0x2B,0xAE,
  0xDA,0xFF,0xED,0x7F,0xFF,0xFF,0xF6,0xAA,0x9D,0xFF,0x80,0x00,
  0x00,0x0C,0x03,0x40,0x00,0x00,0x00,0x00,0x00,0x00,0x00,0x00,
  0x00,0x00,0x00,0x00,0x00,0x00,0x00,0x00,0x00,0x00,0x00,0x00,
  0x00,0x00,0x00,0x00,0x00,0x00,0x00,0x5F,0x92,0xA8,0x05,0x41,
  0x15,0x56,0xBB,0xFF,0xEF,0xB7,0x5F,0x58,0x7D,0x6B,0x6F,0x55,
  0x77,0xFE,0xFF,0xFF,0xFF,0xFF,0xFF,0xFB,0xFD,0x55,0x08,0x06,
  0x5A,0xC0,0x00,0x00,0x00,0x00,0x00,0x00,0x00,0x00,0x00,0x00,
  0x00,0x00,0x00,0x00,0x00,0x00,0x00,0x00,0x00,0x00,0x00,0x00,
  0x00,0x00,0x00,0x00,0x03,0xF4,0x48,0x00,0x90,0x11,0x57,0x7A,
  0xD6,0x94,0x28,0xAA,0xEF,0xEF,0x5F,0xBD,0xDA,0xEE,0xAD,0x53,
  0x55,0x55,0x5B,0xFF,0xFF,0xFF,0xF7,0xFF,0xFF,0xFF,0x40,0x6A,
  0x90,0x00,0x00,0x00,0x00,0x00,0x00,0x00,0x00,0x00,0x00,0x00,
  0x00,0x00,0x00,0x00,0x00,0x00,0x00,0x00,0x00,0x00,0x00,0x00,
  0x00,0x00,0x3F,0x90,0x00,0x24,0x02,0xAE,0xFA,0xCB,0x6D,0x7B,
  0xFF,0xFF,0xFF,0xFF,0xFE,0xD5,0x2B,0x5B,0xDB,0xBF,0xFF,0xFF,
  0xED,0x55,0x57,0x7F,0x7F,0xEE,0xFF,0xFD,0xAA,0x7F,0xFF,0xFF,
  0xFB,0x55,0x00,0x00,0x00,0x00,0x00,0x00,0x00,0x00,0x00,0x00,
  0x00,0x00,0x00,0x00,0x00,0x00,0x00,0x00,0x00,0x00,0x00,0x00,
  0x7F,0x01,0x02,0x01,0x5D,0x5B,0xBF,0xFD,0xB2,0x84,0x80,0x02,
  0x22,0x5A,0xF7,0xFE,0xF5,0xAA,0x55,0x52,0x54,0x95,0x5B,0xDF,
  0xFB,0xEB,0xAA,0xBB,0xAA,0xD7,0xD8,0x1F,0x77,0xFD,0xAF,0xFF,
  0xFF,0xFF,0xF6,0xA9,0x00,0x00,0x00,0x00,0x00,0x00,0x00,0x00,
  0x00,0x00,0x00,0x00,0x00,0x00,0x00,0x00,0x00,0x00,0xEF,0x84,
  0x28,0x56,0xE5,0x6D,0x40,0x00,0x09,0x52,0xAA,0xA9,0x48,0x8C,
  0x18,0x01,0x16,0xB7,0xFF,0xFF,0xFF,0x76,0xAD,0x51,0x2A,0xB5,
  0x7D,0xD6,0xFF,0xFF,0xEA,0xED,0xDD,0x57,0x7D,0xFB,0xFF,0xFE,
  0xDF,0xFF,0xFF,0xFF,0x40,0x00,0x00,0x00,0x00,0x00,0x00,0x00,
  0x00,0x00,0x00,0x00,0x00,0x00,0x00,0x00,0xFF,0x52,0x82,0xE9,
  0x3A,0x84,0x95,0x4A,0x40,0x00,0x00,0x04,0x12,0x25,0xA2,0xAA,
  0x88,0x08,0x00,0x00,0x01,0x4A,0xD6,0xFF,0xEF,0xDF,0xD6,0xBB,
  0x52,0xAE,0xFF,0xBF,0xEF,0xFD,0xD7,0x56,0x4A,0xAB,0x75,0x6D,
  0xFF,0xFF,0xE0,0x00,0x00,0x00,0x00,0x00,0x00,0x00,0x00,0x00,
  0x00,0x00,0x00,0x00,0x00,0x00,0xFF,0x28,0x5D,0x15,0x44,0x24,
  0x00,0x00,0x09,0x12,0x8A,0xA0,0x80,0x00,0x08,0x02,0x21,0x40,
  0x92,0x4A,0xA8,0xA4,0x21,0x00,0x10,0x20,0x55,0x57,0xEF,0xFB,
  0xFD,0xFB,0xBA,0x4A,0xBA,0xFF,0xFD,0xDD,0xDF,0xB6,0xAA,0x5F,
  0xE0,0x00,0x00,0x00,0x00,0x00,0x00,0x00,0x00,0x00,0x00,0x00,
  0x00,0x00,0x00,0x00,0x7F,0x85,0xE5,0xD4,0x80,0x82,0x40,0x01,
  0x00,0x00,0x20,0x04,0x09,0x49,0x20,0x90,0x84,0x14,0x00,0x00,
  0x02,0x11,0x4A,0x4A,0xAA,0x96,0x89,0x28,0x10,0x04,0x06,0xAD,
  0x6F,0xFF,0xEF,0xBF,0xFF,0xFF,0x54,0xDB,0xB7,0xFF,0xF4,0x80,
  0x00,0x00,0x00,0x00,0x00,0x00,0x00,0x00,0x00,0x00,0x00,0x00,
  0x00,0x00,0x7F,0x5F,0xF4,0x20,0x08,0x00,0x08,0x90,0x24,0x90,
  0x88,0x20,0x80,0x00,0x04,0x0A,0x10,0x81,0x49,0x54,0x90,0x84,
  0x00,0x00,0x00,0x48,0x44,0x84,0xA5,0x55,0xAE,0x5A,0x20,0x00,
  0x10,0xA1,0x25,0x6B,0xFF,0xFE,0xED,0xAA,0x5B,0x7F,0xFF,0xB6,
  0xA4,0x00,0x00,0x00,0x00,0x00,0x00,0x00,0x00,0x00,0x00,0x00,
  0x3F,0xFD,0xB2,0x00,0x20,0x14,0x80,0x04,0x80,0x04,0x81,0x04,
  0x24,0x54,0x91,0x40,0x42,0x24,0x02,0x00,0x05,0x20,0x95,0x29,
  0x25,0x02,0x10,0x20,0x00,0x00,0x01,0x11,0x4A,0xAA,0xA5,0x14,
  0x92,0x04,0x00,0x02,0xB6,0xFF,0xEF,0xFE,0xD5,0x6D,0xDF,0xFF,
  0xD5,0x00,0x00,0x00,0x00,0x00,0x00,0x00,0x00,0x00,0x3F,0xF7,
  0xF0,0x02,0x01,0x02,0x04,0x80,0x08,0x90,0x90,0x41,0x01,0x00,
  0x00,0x12,0x08,0x00,0x50,0x49,0x40,0x0A,0x00,0x42,0x00,0x48,
  0x82,0x4A,0x94,0x92,0x50,0x44,0x00,0x00,0x08,0x44,0x89,0x52,
  0xAA,0xA9,0x01,0x00,0x10,0x02,0xAD,0xB6,0xB5,0x6A,0xFE,0xF0,
  0x00,0x00,0x00,0x00,0x00,0x00,0x00,0x00,0x1D,0xFF,0xF0,0x20,
  0x00,0x00,0x20,0x11,0x00,0x02,0x04,0x10,0x28,0x04,0xA4,0x82,
  0x41,0x29,0x04,0x00,0x14,0xA0,0x52,0x08,0xAA,0x12,0x28,0x00,
  0x01,0x04,0x05,0x00,0xAA,0x55,0x41,0x12,0x20,0x00,0x00,0x04,
  0x54,0x49,0x4A,0xD4,0x92,0x49,0x49,0x2A,0x9F,0xF8,0x00,0x00,
  0x00,0x00,0x00,0x00,0x00,0x00,0x0F,0xFF,0xF5,0x4A,0xAA,0x54,
  0x02,0x00,0x22,0x20,0x91,0x04,0x81,0x20,0x00,0x21,0x10,0x00,
  0x21,0x25,0x01,0x04,0x00,0x80,0x00,0x88,0x02,0xA4,0xA8,0x51,
  0x20,0x94,0x00,0x00,0x14,0x04,0x0A,0xA9,0x2A,0xA1,0x01,0x04,
  0x01,0x00,0x21,0x12,0x24,0x92,0x5F,0xFC,0x00,0x00,0x00,0x00,
  0x00,0x00,0x00,0x00,0x07,0xFF,0xE0,0x00,0x01,0x05,0x59,0x54,
  0x80,0x02,0x00,0x40,0x08,0x0A,0x4A,0x88,0x05,0x4A,0x84,0x08,
  0x50,0x91,0x4A,0x2A,0x92,0x24,0xA0,0x02,0x02,0x00,0x0A,0x21,
  0x25,0x49,0x21,0x50,0xA0,0x02,0x00,0x14,0x48,0x51,0x54,0x55,
  0x08,0x40,0x82,0x04,0x1F,0xFC,0x00,0x00,0x00,0x00,0x00,0x00,
  0x00,0x00,0x07,0x7F,0xF2,0x55,0x54,0x52,0x25,0x56,0xBD,0xA8,
  0xA4,0x12,0x41,0x20,0x00,0x02,0x40,0x00,0x10,0xA1,0x04,0x00,
  0x10,0x00,0x00,0x80,0x09,0x28,0x48,0x95,0x41,0x04,0x00,0x00,
  0x04,0x04,0x09,0x24,0xAA,0x81,0x05,0x04,0x02,0x00,0xA5,0x0A,
  0x29,0x55,0xDF,0xFC,0x00,0x00,0x00,0x00,0x00,0x00,0x00,0x00,
  0x01,0xFF,0xF0,0x80,0x01,0x04,0x80,0x21,0x25,0x77,0xAB,0x55,
  0x2A,0x45,0x54,0x92,0x29,0x24,0x42,0x00,0x11,0x4A,0x42,0xA4,
  0xAA,0x15,0x20,0x01,0x02,0x00,0x12,0x51,0x54,0xAA,0xA0,0x92,
  0xA0,0x80,0x00,0x24,0x20,0x41,0x50,0x94,0x10,0xA9,0x55,0x54,
  0xBF,0xFC,0x00,0x00,0x00,0x00,0x00,0x00,0x00,0x00,0x01,0xDF,
  0xFE,0x14,0xA8,0x52,0x55,0x4A,0x42,0x89,0x5D,0xED,0xD5,0x54,
  0xA2,0x4A,0x84,0x92,0x10,0xAA,0x84,0x90,0x88,0x00,0x00,0x40,
  0x05,0x48,0x20,0x49,0x00,0x00,0x00,0x00,0x08,0x04,0x04,0x2A,
  0x49,0x10,0x8A,0x2A,0xAA,0xAB,0xD6,0xAA,0xAA,0x56,0xDF,0xB4,
  0x00,0x00,0x00,0x00,0x00,0x00,0x00,0x00,0x00,0x7F,0xBF,0x82,
  0x05,0x0A,0x92,0x24,0x98,0x54,0xA2,0x2A,0xBF,0xBF,0xBD,0xB5,
  0x75,0x49,0x4A,0x44,0x52,0xA5,0x25,0x5B,0x55,0x2D,0x50,0x25,
  0x4A,0x22,0x55,0x55,0x55,0x55,0x45,0x52,0xA9,0x01,0x25,0x56,
  0xF5,0xDA,0xAA,0xAA,0x55,0x55,0x55,0xFF,0xFE,0xFE,0x00,0x00,
  0x00,0x00,0x00,0x00,0x00,0x00,0x00,0x3F,0xFF,0xF8,0xA0,0xA2,
  0x24,0x92,0x45,0x4A,0xAA,0xD5,0x40,0xA9,0x6B,0xFF,0xDF,0xFF,
  0xFF,0xBF,0xBD,0xDA,0xB5,0x54,0xA4,0x92,0xAD,0x90,0x92,0x94,
  0x92,0x88,0x88,0x88,0xAA,0xAA,0xAE,0xFF,0xFE,0xEB,0x16,0x55,
  0x55,0x55,0x49,0x5F,0xFF,0xFF,0xFB,0xBA,0x00,0x00,0x00,0x00,
  0x00,0x00,0x00,0x00,0x00,0x0E,0xFF,0xFE,0x16,0x55,0x49,0x49,
  0x2A,0xA9,0x55,0x2A,0xB6,0xA5,0x55,0x25,0x6A,0x55,0x55,0xEA,
  0xEF,0x77,0xDF,0xEF,0xDF,0xFF,0x76,0xFF,0x6F,0x7B,0xEF,0x77,
  0x77,0xFF,0xBD,0xFF,0xF5,0xAA,0x49,0x29,0x69,0xAA,0xAA,0x52,
  0xBF,0xFF,0xFF,0xFF,0xDF,0xEB,0x00,0x00,0x00,0x00,0x00,0x00,
  0x00,0x00,0x00,0x07,0xEF,0xFF,0xC9,0x25,0x24,0xA5,0x52,0x55,
  0x55,0x55,0x4A,0xAA,0xAA,0xAA,0x95,0x55,0xAA,0xAD,0xB5,0xAD,
  0x6A,0xB5,0x75,0x55,0xDB,0xAB,0xFA,0xDE,0xBB,0xBD,0xDD,0x55,
  0x6A,0x84,0x15,0x55,0x55,0xAD,0x56,0x49,0x55,0xFF,0xFF,0xFF,
  0xFF,0xFA,0xF6,0xFA,0x00,0x00,0x00,0x00,0x00,0x00,0x00,0x00,
  0x00,0x03,0xFE,0xFF,0xF8,0x94,0xAA,0x94,0xAA,0x95,0x55,0x52,
  0xAA,0xAA,0xAA,0xAA,0xAA,0xAA,0x55,0x2A,0x4A,0xAA,0xAA,0xAA,
  0x95,0x5A,0xAA,0xAC,0x8B,0x62,0xAA,0x4A,0xA5,0x55,0x55,0x6A,
  0xD5,0x55,0x55,0x52,0x91,0x77,0xFF,0xFF,0xFF,0xFE,0xFF,0xAF,
  0xBF,0x4B,0x80,0x00,0x00,0x00,0x00,0x00,0x00,0x00,0x00,0x00,
  0xFB,0xF7,0xFF,0x4A,0xAA,0x55,0x4A,0xAA,0xAA,0xAA,0x55,0x55,
  0x55,0x55,0x55,0x55,0x55,0x55,0x55,0x55,0x55,0x55,0x55,0x55,
  0x55,0x52,0xB4,0x9A,0xAA,0xAA,0xAA,0xAA,0xAA,0x95,0x55,0x55,
  0x54,0xAA,0xFF,0xFF,0xFF,0xFF,0xFF,0xFB,0xED,0xFE,0xF5,0x54,
  0x80,0x00,0x00,0x00,0x00,0x00,0x00,0x00,0x00,0x00,0x3F,0xFF,
  0xFF,0xF2,0x52,0xAA,0xA9,0x55,0x55,0x55,0x55,0x2A,0xAA,0xAA,
  0xAA,0xAA,0xAA,0xAA,0xAA,0xAA,0xAA,0xAA,0xAA,0xAA,0xAA,0xAA,
  0xAA,0xAA,0xAA,0xAA,0xAA,0xAA,0xAA,0xAA,0xAA,0x49,0x57,0xFF,
  0xFF,0xFF,0xFF,0xFF,0xFF,0xEF,0xFF,0xB7,0xDA,0xDB,0x40,0x00,
  0x00,0x00,0x00,0x00,0x00,0x00,0x00,0x00,0x3F,0xBF,0xFF,0xFF,
  0x0A,0xAA,0x55,0x52,0xA9,0x2A,0xAA,0xAA,0x95,0x55,0x55,0x55,
  0x55,0x55,0x55,0x55,0x55,0x55,0x55,0x55,0x2A,0xAA,0xAA,0xAA,
  0xAA,0xAA,0xAA,0xAA,0xAA,0xAD,0x45,0xBF,0xFF,0xFF,0xFF,0xFF,
  0xFF,0xEF,0xDB,0x7F,0xFF,0xFD,0x56,0xAA,0xC0,0x00,0x00,0x00,
  0x00,0x00,0x00,0x00,0x00,0x00,0x0D,0xFF,0x7F,0xFF,0xF1,0x55,
  0x55,0x55,0x55,0x55,0x55,0x55,0x54,0xAA,0xAA,0xAA,0xAA,0xAA,
  0xAA,0xAA,0xAA,0x95,0x55,0x55,0x55,0x55,0x55,0x55,0x55,0x55,
  0x55,0x55,0x49,0x26,0xFF,0xFF,0xFF,0xFF,0xFF,0xFF,0xBD,0xFD,
  0xFF,0xFA,0x05,0xAB,0x6A,0xB5,0x60,0x00,0x00,0x00,0x00,0x00,
  0x00,0x00,0x00,0x00,0x0F,0xED,0xF7,0xFF,0xFE,0x0A,0xAA,0xAA,
  0xAA,0xAA,0xA9,0x55,0x55,0x55,0x54,0x95,0x55,0x55,0x55,0x55,
  0x55,0x54,0xAA,0xAA,0xAA,0xAA,0xAA,0xAA,0xAB,0x55,0x55,0x49,
  0x57,0xFF,0xFF,0xFF,0xFF,0xBF,0xF7,0xDD,0xF7,0xFF,0xF4,0x00,
  0x03,0xED,0x55,0x56,0xA0,0x00,0x00,0x00,0x00,0x00,0x00,0x00,
  0x00,0x00,0x03,0xBF,0xFF,0xBF,0xFF,0xF0,0xAA,0x95,0x55,0x55,
  0x55,0x54,0xAA,0xAA,0xAA,0xAA,0xAA,0xAA,0xAA,0xA9,0x29,0x53,
  0x55,0x55,0x54,0xAA,0xA5,0x55,0x55,0x52,0x25,0x7F,0xFF,0xFF,
  0xFF,0xFF,0xFF,0xFE,0xFF,0x7F,0xFF,0xA8,0x00,0x00,0x01,0xB5,
  0x5B,0x6A,0xB0,0x00,0x00,0x00,0x00,0x00,0x00,0x00,0x00,0x00,
  0x01,0xFF,0xFF,0xFF,0xFF,0xFF,0x05,0x6A,0xAA,0xAA,0x4A,0xAA,
  0xAA,0xAA,0xA5,0x54,0x95,0x55,0x55,0x55,0x55,0x54,0xAA,0xAA,
  0xAA,0xA5,0x55,0x55,0x4A,0xAD,0xFF,0xFF,0xFF,0xFF,0xFF,0xFD,
  0xEE,0xFB,0xDF,0xFF,0xD4,0x00,0x00,0x00,0x00,0xD5,0xAA,0xAB,
  0x50,0x00,0x00,0x00,0x00,0x00,0x00,0x00,0x00,0x00,0x00,0x7B,
  0xBE,0xFB,0xBF,0xFF,0xF8,0x15,0x52,0xA5,0x55,0x55,0x55,0x55,
  0x55,0x55,0x54,0xAA,0xAA,0xAA,0xAA,0xAA,0xA5,0x55,0x55,0x55,
  0x54,0x92,0x5D,0xFF,0xFF,0xFF,0xFF,0xFF,0xDE,0xEF,0xFF,0xFF,
  0xFF,0xD0,0x00,0x00,0x00,0x00,0x00,0x76,0xAD,0x55,0x58,0x00,
  0x00,0x00,0x00,0x00,0x00,0x00,0x00,0x00,0x00,0x3F,0xF7,0xFF,
  0xFF,0xFF,0xFF,0xC1,0x55,0x55,0x55,0x4A,0xAA,0xAA,0xAA,0xAA,
  0xAA,0xA5,0x55,0x55,0x55,0x55,0x55,0x2A,0xAA,0xAA,0x25,0x7F,
  0xFF,0xFF,0xFF,0xFF,0xFF,0xBD,0xFF,0xFF,0xBF,0xFF,0x50,0x00,
  0x00,0x00,0x00,0x00,0x00,0x3A,0xB5,0xB6,0xF0,0x00,0x00,0x00,
  0x00,0x00,0x00,0x00,0x00,0x00,0x00,0x0E,0xFF,0xFF,0xFD,0xFF,
  0xFF,0xFE,0x89,0x2A,0xAA,0xAA,0xAA,0xA5,0x55,0x55,0x55,0x54,
  0xAA,0xAA,0xAA,0xAA,0xAA,0xAA,0xA4,0x4B,0xFF,0xFF,0xFF,0xFF,
  0xFF,0xF7,0xFE,0xFF,0xFB,0xFF,0xFD,0x40,0x00,0x00,0x00,0x00,
  0x00,0x00,0x00,0x1D,0x56,0xDA,0x80,0x00,0x00,0x00,0x00,0x00,
  0x00,0x00,0x00,0x00,0x00,0x07,0xDE,0xDF,0xF7,0xEF,0xFF,0xFF,
  0xFA,0x89,0x55,0x55,0x55,0x56,0xAA,0xAA,0xAA,0xAA,0xAA,0xAA,
  0xAA,0x95,0x55,0x55,0x4B,0xFF,0xFF,0xFF,0xFF,0xFF,0xFF,0xDF,
  0x6F,0xFF,0xBF,0xFA,0x80,0x00,0x00,0x00,0x00,0x00,0x00,0x00,
  0x00,0x0F,0xEA,0x00,0x00,0x00,0x00,0x00,0x00,0x00,0x00,0x00,
  0x00,0x00,0x00,0x01,0xFB,0xFB,0xBF,0xFF,0xFF,0xFF,0xFF,0xFD,
  0x48,0x94,0xAA,0xAA,0xAA,0xAA,0xAA,0xAA,0xAA,0xAA,0xAA,0xAA,
  0xAA,0xAD,0x3F,0xFF,0xFF,0xFF,0xFF,0xFB,0xEE,0xFF,0xFF,0xFF,
  0xFA,0x00,0x00,0x00,0x00,0x00,0x00,0x00,0x00,0x00,0x00,0x00,
  0x00,0x00,0x00,0x00,0x00,0x00,0x00,0x00,0x00,0x00,0x00,0x00,
  0x00,0x00,0x7F,0xFF,0xFF,0xFE,0xEF,0xFF,0xFF,0xFF,0xFF,0xD2,
  0x40,0x12,0x44,0x44,0x44,0x49,0x22,0xA4,0x91,0x52,0x49,0x54,
  0xFF,0xFF,0xFF,0xFB,0xFB,0xBF,0xBF,0xFF,0xFF,0xD0,0x00,0x00,
  0x00,0x00,0x00,0x00,0x00,0x00,0x00,0x00,0x00,0x00,0x00,0x00,
  0x00,0x00,0x00,0x00,0x00,0x00,0x00,0x00,0x00,0x00,0x00,0x00,
  0x1F,0xBE,0xFF,0xFF,0xFF,0x7F,0xFF,0xFF,0xFF,0xFF,0xFF,0xFF,
  0xFF,0xFF,0xFB,0xF7,0xDD,0xDB,0x6E,0xAD,0xB6,0xAF,0xFF,0xFF,
  0xBF,0xEF,0xBF,0xFF,0xFF,0xFF,0x68,0x00,0x00,0x00,0x00,0x00,
  0x00,0x00,0x00,0x00,0x00,0x00,0x00,0x00,0x00,0x00,0x00,0x00,
  0x00,0x00,0x00,0x00,0x00,0x00,0x00,0x00,0x00,0x00,0x06,0xF7,
  0xF7,0x77,0xFF,0xFB,0xFF,0xFF,0xFF,0xFF,0xFF,0xFF,0xFF,0xFF,
  0xFF,0xFF,0xFF,0xFF,0xFF,0xFF,0xFF,0xFF,0xFF,0xFE,0xFB,0xBF,
  0xFF,0xF7,0xFE,0xD0,0x00,0x00,0x00,0x00,0x00,0x00,0x00,0x00,
  0x00,0x00,0x00,0x00,0x00,0x00,0x00,0x00,0x00,0x00,0x00,0x00,
  0x00,0x00,0x00,0x00,0x00,0x00,0x00,0x00,0x01,0xFF,0xDF,0xFF,
  0xFD,0xFF,0xEF,0xFF,0xFF,0xFF,0xFF,0xFF,0xFF,0xFF,0xFF,0xFF,
  0xFF,0xFF,0xFF,0xFF,0xFF,0xFF,0xD7,0x77,0xFF,0xFF,0xF7,0xFE,
  0xA0,0x00,0x00,0x00,0x00,0x00,0x00,0x00,0x00,0x00,0x00,0x00,
  0x00,0x00,0x00,0x00,0x00,0x00,0x00,0x00,0x00,0x00,0x00,0x00,
  0x00,0x00,0x00,0x00,0x00,0x00,0x00,0x3E,0xFF,0xDF,0x7F,0xFF,
  0xBF,0x77,0xFE,0xFF,0xFF,0xFF,0xEE,0xEE,0xFF,0xFF,0xFF,0xFF,
  0xFF,0xFF,0xFF,0xFF,0xFF,0xFF,0xFF,0xFF,0xFE,0x00,0x00,0x00,
  0x00,0x00,0x00,0x00,0x00,0x00,0x00,0x00,0x00,0x00,0x00,0x00,
  0x00,0x00,0x00,0x00,0x00,0x00,0x00,0x00,0x00,0x00,0x00,0x00,
  0x00,0x00,0x00,0x00,0x00,0x07,0xFD,0xFD,0xEF,0xFF,0xFF,0xFF,
  0x77,0xFF,0xFF,0xF7,0x7F,0xFF,0xEF,0xDF,0x7F,0xFF,0xFF,0xFF,
  0xFF,0xFE,0xFF,0xFF,0xFF,0xEA,0x00,0x00,0x00,0x00,0x00,0x00,
  0x00,0x00,0x00,0x00,0x00,0x00,0x00,0x00,0x00,0x00,0x00,0x00,
  0x00,0x00,0x00,0x00,0x00,0x00,0x00,0x00,0x00,0x00,0x00,0x00,
  0x00,0x00,0x00,0x01,0xF7,0xF7,0xFF,0xDD,0xFF,0xFF,0xFF,0xEE,
  0xEF,0xDF,0xFF,0xFF,0xFF,0x7F,0xFD,0xFF,0xFF,0xFF,0xF7,0xBB,
  0xFF,0xFF,0xA8,0x00,0x00,0x00,0x00,0x00,0x00,0x00,0x00,0x00,
  0x00,0x00,0x00,0x00,0x00,0x00,0x00,0x00,0x00,0x00,0x00,0x00,
  0x00,0x00,0x00,0x00,0x00,0x00,0x00,0x00,0x00,0x00,0x00,0x00,
  0x00,0x00,0x1F,0x7F,0xFD,0xFF,0xFF,0xFF,0xFF,0xFF,0xFE,0xFF,
  0xFF,0xFF,0xFF,0xFF,0xF7,0xDB,0xB7,0x77,0x7F,0xFF,0xFF,0xA0,
  0x00,0x00,0x00,0x00,0x00,0x00,0x00,0x00,0x00,0x00,0x00,0x00,
  0x00,0x00,0x00,0x00,0x00,0x00,0x00,0x00,0x00,0x00,0x00,0x00,
  0x00,0x00,0x00,0x00,0x00,0x00,0x00,0x00,0x00,0x00,0x00,0x00,
  0x03,0xFF,0xBF,0xF7,0xED,0xBB,0xFF,0xFF,0xFF,0xFF,0xFF,0xBD,
  0xFF,0xFD,0xFF,0xFF,0xFF,0xFF,0xFF,0xFF,0xFF,0x80,0x00,0x00,
  0x00,0x00,0x00,0x00,0x00,0x00,0x00,0x00,0x00,0x00,0x00,0x00,
  0x00,0x00,0x00,0x00,0x00,0x00,0x00,0x00,0x00,0x00,0x00,0x00,
  0x00,0x00,0x00,0x00,0x00,0x00,0x00,0x00,0x00,0x00,0x00,0x3E,
  0xF7,0xBF,0x7F,0xFF,0xB7,0x7F,0xFF,0xFF,0xDD,0xFF,0xDB,0xFF,
  0xFF,0xFF,0xFF,0xFF,0xFE,0xFF,0xFF,0x80,0x00,0x00,0x00,0x00,
  0x00,0x00,0x00,0x00,0x00,0x00,0x00,0x00,0x00,0x00,0x00,0x00,
  0x00,0x00,0x00,0x00,0x00,0x00,0x00,0x00,0x00,0x00,0x00,0x00,
  0x00,0x00,0x00,0x00,0x00,0x00,0x00,0x00,0x00,0x03,0xFF,0xFF,
  0xFF,0xFF,0xFF,0xF6,0xDF,0xFB,0x7F,0xF7,0xFF,0xBF,0xBF,0xFF,
  0x7F,0xDF,0xDB,0xEE,0xC0,0x00,0x00,0x00,0x00,0x00,0x00,0x00,
  0x00,0x00,0x00,0x00,0x00,0x00,0x00,0x00,0x00,0x00,0x00,0x00,
  0x00,0x00,0x00,0x00,0x00,0x00,0x00,0x00,0x00,0x00,0x00,0x00,
  0x00,0x00,0x00,0x00,0x00,0x00,0x00,0x00,0x1F,0xFB,0xF7,0x6D,
  0xFF,0xDF,0xFB,0x6F,0xFF,0xFF,0xFF,0xF7,0xFB,0x6D,0xFB,0x7D,
  0xFF,0xFF,0xC0,0x00,0x00,0x00,0x00,0x00,0x00,0x00,0x00,0x00,
  0x00,0x00,0x00,0x00,0x00,0x00,0x00,0x00,0x00,0x00,0x00,0x00,
  0x00,0x00,0x00,0x00,0x00,0x00,0x00,0x00,0x00,0x00,0x00,0x00,
  0x00,0x00,0x00,0x00,0x00,0x00,0x00,0x2F,0xFF,0xFF,0xDD,0xFF,
  0xFF,0xFF,0xFB,0xBE,0xDD,0xFE,0xFF,0xFF,0xEF,0xFF,0xFF,0xFF,
  0x80,0x00,0x00,0x00,0x00,0x00,0x00,0x00,0x00,0x00,0x00,0x00,
  0x00,0x00,0x00,0x00,0x00,0x00,0x00,0x00,0x00,0x00,0x00,0x00,
  0x00,0x00,0x00,0x00,0x00,0x00,0x00,0x00,0x00,0x00,0x00,0x00,
  0x00,0x00,0x00,0x00,0x00,0x00,0x2D,0xFF,0xFF,0xFF,0xFF,0xFF,
  0xFF,0xFF,0xFF,0xFF,0xFF,0xFF,0xFF,0xFF,0xFF,0xDF,0x00,0x00,
  0x00,0x00,0x00,0x00,0x00,0x00,0x00,0x00,0x00,0x00,0x00,0x00,
  0x00,0x00,0x00,0x00,0x00,0x00,0x00,0x00,0x00,0x00,0x00,0x00,
  0x00,0x00,0x00,0x00,0x00,0x00,0x00,0x00,0x00,0x00,0x00,0x00,
  0x00,0x00,0x00,0x00,0x00,0x00,0x2A,0xB5,0x56,0xDA,0xAD,0xAB,
  0x6B,0x55,0xAA,0xAA,0xB5,0x55,0x2A,0x6A,0x00,0x00,0x00,0x00,
  0x00,0x00,0x00,0x00,0x00,0x00,0x00,0x00,0x00,0x00,0x00,0x00,
  0x00,0x00,0x00,0x00,0x00,0x00,0x00,0x00,0x00,0x00,0x00,0x00,
  0x00,0x00,0x00,0x00,
};

// PropVintage.png  (540x142)
static const uint8_t art_propvintage[] PROGMEM = {
  0x00,0x00,0x00,0x00,0x00,0x00,0x00,0x00,0x00,0x00,0x00,0x00,
  0x00,0x00,0x00,0x00,0x00,0x00,0x00,0x00,0x00,0x00,0x00,0x00,
  0x00,0x00,0x00,0x00,0x00,0x00,0x00,0x00,0x00,0x00,0x00,0x00,
  0x00,0x00,0x00,0x00,0x00,0x00,0x00,0x00,0x00,0x00,0x00,0x00,
  0x00,0x00,0x00,0x00,0x00,0x00,0x00,0x00,0x00,0x00,0x00,0x00,
  0x00,0x00,0xBB,0x50,0x00,0x00,0x00,0x00,0x00,0x00,0x00,0x00,
  0x00,0x00,0x00,0x00,0x00,0x00,0x00,0x00,0x00,0x00,0x00,0x00,
  0x00,0x00,0x00,0x00,0x00,0x00,0x00,0x00,0x00,0x00,0x00,0x00,
  0x00,0x00,0x00,0x00,0x00,0x00,0x00,0x00,0x00,0x00,0x00,0x00,
  0x00,0x00,0x00,0x00,0x00,0x00,0x00,0x00,0x00,0x00,0x00,0x00,
  0x00,0x00,0x00,0x00,0x00,0x00,0x00,0x00,0x00,0x0F,0x40,0x4D,
  0x00,0x00,0x00,0x00,0x00,0x00,0x00,0x00,0x00,0x00,0x00,0x00,
  0x00,0x00,0x00,0x00,0x00,0x00,0x00,0x00,0x00,0x00,0x00,0x00,
  0x00,0x00,0x00,0x00,0x00,0x00,0x00,0x00,0x00,0x00,0x00,0x00,
  0x00,0x00,0x00,0x00,0x00,0x00,0x00,0x00,0x00,0x00,0x00,0x00,
  0x00,0x00,0x00,0x00,0x00,0x00,0x00,0x00,0x00,0x00,0x00,0x00,
  0x00,0x00,0x00,0x00,0x00,0x30,0x09,0x10,0xA0,0x00,0x00,0x00,
  0x00,0x00,0x00,0x00,0x00,0x00,0x00,0x00,0x00,0x00,0x00,0x00,
  0x00,0x00,0x00,0x00,0x00,0x00,0x00,0x00,0x00,0x00,0x00,0x00,
  0x00,0x00,0x00,0x00,0x00,0x00,0x00,0x00,0x00,0x00,0x00,0x00,
  0x00,0x00,0x00,0x00,0x00,0x00,0x00,0x00,0x00,0x00,0x00,0x00,
  0x00,0x00,0x00,0x00,0x00,0x00,0x00,0x00,0x00,0x00,0x00,0x00,
  0x00,0xC1,0x2A,0xA5,0x30,0x00,0x00,0x00,0x00,0x00,0x00,0x00,
  0x00,0x00,0x00,0x00,0x00,0x00,0x00,0x00,0x00,0x00,0x00,0x00,
  0x00,0x00,0x00,0x00,0x00,0x00,0x00,0x00,0x00,0x00,0x00,0x00,
  0x00,0x00,0x00,0x00,0x00,0x00,0x00,0x00,0x00,0x00,0x00,0x00,
  0x00,0x00,0x00,0x00,0x00,0x00,0x00,0x00,0x00,0x00,0x00,0x00,
  0x00,0x00,0x00,0x00,0x00,0x00,0x00,0x00,0x03,0x14,0x20,0x08,
  0x88,0x00,0x00,0x00,0x00,0x00,0x00,0x00,0x00,0x00,0x00,0x00,
  0x00,0x00,0x00,0x00,0x00,0x00,0x00,0x00,0x00,0x00,0x00,0x00,
  0x00,0x00,0x00,0x00,0x00,0x00,0x00,0x00,0x00,0x00,0x00,0x00,
  0x00,0x00,0x00,0x00,0x00,0x00,0x00,0x00,0x00,0x00,0x00,0x00,
  0x00,0x00,0x00,0x00,0x00,0x00,0x00,0x00,0x00,0x00,0x00,0x00,
  0x00,0x00,0x00,0x00,0x0C,0x42,0xAA,0xA2,0x26,0x00,0x00,0x00,
  0x00,0x00,0x00,0x00,0x00,0x00,0x00,0x00,0x00,0x00,0x00,0x00,
  0x00,0x00,0x00,0x00,0x00,0x00,0x00,0x00,0x00,0x00,0x00,0x00,
  0x00,0x00,0x00,0x00,0x00,0x00,0x00,0x00,0x00,0x00,0x00,0x00,
  0x00,0x00,0x00,0x00,0x00,0x00,0x00,0x00,0x00,0x00,0x00,0x00,
  0x00,0x00,0x00,0x00,0x00,0x00,0x00,0x00,0x00,0x00,0x00,0x00,
  0x19,0x10,0x40,0x10,0x88,0x00,0x00,0x00,0x00,0x00,0x00,0x00,
  0x00,0x00,0x00,0x00,0x00,0x00,0x00,0x00,0x00,0x00,0x00,0x00,
  0x00,0x00,0x00,0x00,0x00,0x00,0x00,0x00,0x00,0x00,0x00,0x00,
  0x00,0x00,0x00,0x00,0x00,0x00,0x00,0x00,0x00,0x00,0x00,0x00,
  0x00,0x00,0x00,0x00,0x00,0x00,0x00,0x00,0x00,0x00,0x00,0x00,
  0x00,0x00,0x00,0x00,0x00,0x00,0x00,0x00,0x30,0x4A,0x95,0x44,
  0x23,0x00,0x00,0x00,0x00,0x00,0x00,0x00,0x00,0x00,0x00,0x00,
  0x00,0x00,0x00,0x00,0x00,0x00,0x00,0x00,0x00,0x00,0x00,0x00,
  0x00,0x00,0x00,0x00,0x00,0x00,0x00,0x00,0x00,0x00,0x00,0x00,
  0x00,0x00,0x00,0x00,0x00,0x00,0x00,0x00,0x00,0x00,0x00,0x00,
  0x00,0x00,0x00,0x00,0x00,0x00,0x00,0x00,0x00,0x00,0x00,0x00,
  0x00,0x00,0x00,0x00,0x65,0x00,0x80,0x22,0x89,0x00,0x00,0x00,
  0x00,0x00,0x00,0x00,0x00,0x00,0x00,0x00,0x00,0x00,0x00,0x00,
  0x00,0x00,0x00,0x00,0x00,0x00,0x00,0x00,0x00,0x00,0x00,0x00,
  0x00,0x00,0x00,0x00,0x00,0x00,0x00,0x00,0x00,0x00,0x00,0x00,
  0x00,0x00,0x00,0x00,0x00,0x00,0x00,0x00,0x00,0x00,0x00,0x00,
  0x00,0x00,0x00,0x00,0x00,0x00,0x00,0x00,0x00,0x00,0x00,0x01,
  0xC0,0x55,0x55,0x10,0x44,0x80,0x00,0x00,0x00,0x00,0x00,0x00,
  0x00,0x00,0x00,0x00,0x00,0x00,0x00,0x00,0x00,0x00,0x00,0x00,
  0x00,0x00,0x00,0x00,0x00,0x00,0x00,0x00,0x00,0x00,0x00,0x00,
  0x00,0x00,0x00,0x00,0x00,0x00,0x00,0x00,0x00,0x00,0x00,0x00,
  0x00,0x00,0x00,0x00,0x00,0x00,0x00,0x00,0x00,0x00,0x00,0x00,
  0x00,0x00,0x00,0x00,0x00,0x00,0x00,0x01,0x95,0x01,0x00,0x8A,
  0x22,0x80,0x00,0x00,0x00,0x00,0x00,0x00,0x00,0x00,0x00,0x00,
  0x00,0x00,0x00,0x00,0x00,0x00,0x00,0x00,0x00,0x00,0x00,0x00,
  0x00,0x00,0x00,0x00,0x00,0x00,0x00,0x00,0x00,0x00,0x00,0x00,
  0x00,0x00,0x00,0x00,0x00,0x00,0x00,0x00,0x00,0x00,0x00,0x00,
  0x00,0x00,0x00,0x00,0x00,0x00,0x00,0x00,0x00,0x00,0x00,0x00,
  0x00,0x00,0x00,0x07,0x20,0xAB,0x55,0x51,0x48,0x80,0x00,0x00,
  0x00,0x00,0x00,0x00,0x00,0x00,0x00,0x00,0x00,0x00,0x00,0x00,
  0x00,0x00,0x00,0x00,0x00,0x00,0x00,0x00,0x00,0x00,0x00,0x00,
  0x00,0x00,0x00,0x00,0x00,0x00,0x00,0x00,0x00,0x00,0x00,0x00,
  0x00,0x00,0x00,0x00,0x00,0x00,0x00,0x00,0x00,0x00,0x00,0x00,
  0x00,0x00,0x00,0x00,0x00,0x00,0x00,0x00,0x00,0x00,0x00,0x06,
  0x96,0x92,0xAA,0x4A,0x95,0x40,0x00,0x00,0x00,0x00,0x00,0x00,
  0x00,0x00,0x00,0x00,0x00,0x00,0x00,0x00,0x00,0x00,0x00,0x00,
  0x00,0x00,0x00,0x00,0x00,0x00,0x00,0x00,0x00,0x00,0x00,0x00,
  0x00,0x00,0x00,0x00,0x00,0x00,0x00,0x00,0x00,0x00,0x00,0x00,
  0x00,0x00,0x00,0x00,0x00,0x00,0x00,0x00,0x00,0x00,0x00,0x00,
  0x00,0x00,0x00,0x00,0x00,0x00,0x00,0x0C,0x80,0x4A,0x01,0x20,
  0x42,0x80,0x00,0x00,0x00,0x00,0x00,0x00,0x00,0x00,0x00,0x00,
  0x00,0x00,0x00,0x00,0x00,0x00,0x00,0x00,0x00,0x00,0x00,0x00,
  0x00,0x00,0x00,0x00,0x00,0x00,0x00,0x00,0x00,0x00,0x00,0x00,
  0x00,0x00,0x00,0x00,0x00,0x00,0x00,0x00,0x00,0x00,0x00,0x00,
  0x00,0x00,0x00,0x00,0x00,0x00,0x00,0x00,0x00,0x00,0x00,0x00,
  0x00,0x00,0x00,0x1D,0x2A,0x22,0xAA,0x15,0x28,0x40,0x00,0x00,
  0x00,0x00,0x00,0x00,0x00,0x00,0x00,0x00,0x00,0x00,0x00,0x00,
  0x00,0x00,0x00,0x00,0x00,0x00,0x00,0x00,0x00,0x00,0x00,0x00,
  0x00,0x00,0x00,0x00,0x00,0x00,0x00,0x00,0x00,0x00,0x00,0x00,
  0x00,0x00,0x00,0x00,0x00,0x00,0x00,0x00,0x00,0x00,0x00,0x00,
  0x00,0x00,0x00,0x00,0x00,0x00,0x00,0x00,0x00,0x00,0x00,0x38,
  0x01,0x0A,0x10,0xA2,0x45,0x40,0x00,0x00,0x00,0x00,0x00,0x00,
  0x00,0x00,0x00,0x00,0x00,0x00,0x00,0x00,0x00,0x00,0x00,0x00,
  0x00,0x00,0x00,0x00,0x00,0x00,0x00,0x00,0x00,0x00,0x00,0x00,
  0x00,0x00,0x00,0x00,0x00,0x00,0x00,0x00,0x00,0x00,0x00,0x00,
  0x00,0x00,0x00,0x00,0x00,0x00,0x00,0x00,0x00,0x00,0x00,0x00,
  0x00,0x00,0x00,0x00,0x00,0x00,0x00,0x72,0xAA,0x52,0xA5,0x14,
  0x90,0x40,0x00,0x00,0x00,0x00,0x00,0x00,0x00,0x00,0x00,0x00,
  0x00,0x00,0x00,0x00,0x00,0x00,0x00,0x00,0x00,0x00,0x00,0x00,
  0x00,0x00,0x00,0x00,0x00,0x00,0x00,0x00,0x00,0x00,0x00,0x00,
  0x00,0x00,0x00,0x00,0x00,0x00,0x00,0x00,0x00,0x00,0x00,0x00,
  0x00,0x00,0x00,0x00,0x00,0x00,0x00,0x00,0x00,0x00,0x00,0x00,
  0x00,0x00,0x00,0xE0,0x00,0x86,0x08,0x82,0x25,0x40,0x00,0x00,
  0x00,0x00,0x00,0x00,0x00,0x00,0x00,0x00,0x00,0x00,0x00,0x00,
  0x00,0x00,0x00,0x00,0x00,0x00,0x00,0x00,0x00,0x00,0x00,0x00,
  0x00,0x00,0x00,0x00,0x00,0x00,0x00,0x00,0x00,0x00,0x00,0x00,
  0x00,0x00,0x00,0x00,0x00,0x00,0x00,0x00,0x00,0x00,0x00,0x00,
  0x00,0x00,0x00,0x00,0x00,0x00,0x00,0x00,0x00,0x00,0x01,0xC5,
  0x54,0x26,0xA2,0x54,0x89,0xC0,0x00,0x00,0x00,0x00,0x00,0x00,
  0x00,0x00,0x00,0x00,0x00,0x00,0x00,0x00,0x00,0x00,0x00,0x00,
  0x00,0x00,0x00,0x00,0x00,0x00,0x00,0x00,0x00,0x00,0x00,0x00,
  0x00,0x00,0x00,0x00,0x00,0x00,0x00,0x00,0x00,0x00,0x00,0x00,
  0x00,0x00,0x00,0x00,0x00,0x00,0x00,0x00,0x00,0x00,0x00,0x00,
  0x00,0x00,0x00,0x00,0x00,0x00,0x03,0x92,0x02,0x92,0x14,0x88,
  0x52,0xA0,0x00,0x00,0x00,0x00,0x00,0x00,0x00,0x00,0x00,0x00,
  0x00,0x00,0x00,0x00,0x00,0x00,0x00,0x00,0x00,0x00,0x00,0x00,
  0x00,0x00,0x00,0x00,0x00,0x00,0x00,0x00,0x00,0x00,0x00,0x00,
  0x00,0x00,0x00,0x00,0x00,0x00,0x00,0x00,0x00,0x00,0x00,0x00,
  0x00,0x00,0x00,0x00,0x00,0x00,0x00,0x00,0x00,0x00,0x00,0x00,
  0x00,0x00,0x03,0x08,0xA8,0x46,0x42,0x52,0x89,0x40,0x00,0x00,
  0x00,0x00,0x00,0x00,0x00,0x00,0x00,0x00,0x00,0x00,0x00,0x00,
  0x00,0x00,0x00,0x00,0x00,0x00,0x00,0x00,0x00,0x00,0x00,0x00,
  0x00,0x00,0x00,0x00,0x00,0x00,0x00,0x00,0x00,0x00,0x00,0x00,
  0x00,0x00,0x00,0x00,0x00,0x00,0x00,0x00,0x00,0x00,0x00,0x00,
  0x00,0x00,0x00,0x00,0x00,0x00,0x00,0x00,0x00,0x00,0x06,0xA4,
  0x05,0x16,0xD0,0x09,0x25,0xA0,0x00,0x00,0x00,0x00,0x00,0x00,
  0x00,0x00,0x00,0x00,0x00,0x00,0x00,0x00,0x00,0x00,0x00,0x00,
  0x00,0x00,0x00,0x00,0x00,0x00,0x00,0x00,0x00,0x00,0x00,0x00,
  0x00,0x00,0x00,0x00,0x00,0x00,0x00,0x00,0x00,0x00,0x00,0x00,
  0x00,0x00,0x00,0x00,0x00,0x00,0x00,0x00,0x00,0x00,0x00,0x00,
  0x00,0x00,0x00,0x00,0x00,0x00,0x0E,0x12,0xA8,0x47,0xEA,0xA2,
  0x49,0x40,0x00,0x00,0x00,0x00,0x00,0x00,0x00,0x00,0x00,0x00,
  0x00,0x00,0x00,0x00,0x00,0x00,0x00,0x00,0x00,0x00,0x00,0x00,
  0x00,0x00,0x00,0x00,0x00,0x00,0x00,0x00,0x00,0x00,0x00,0x00,
  0x00,0x00,0x00,0x00,0x00,0x00,0x00,0x00,0x00,0x00,0x00,0x00,
  0x00,0x00,0x00,0x00,0x00,0x00,0x00,0x00,0x00,0x00,0x00,0x00,
  0x00,0x00,0x1C,0xA4,0x02,0x24,0x01,0x14,0x22,0xA0,0x00,0x00,
  0x00,0x00,0x00,0x00,0x00,0x00,0x00,0x00,0x00,0x00,0x00,0x00,
  0x00,0x00,0x00,0x00,0x00,0x00,0x00,0x00,0x00,0x00,0x00,0x00,
  0x00,0x00,0x00,0x00,0x00,0x00,0x00,0x00,0x00,0x00,0x00,0x00,
  0x00,0x00,0x00,0x00,0x00,0x00,0x00,0x00,0x00,0x00,0x00,0x00,
  0x00,0x00,0x00,0x00,0x00,0x00,0x00,0x00,0x00,0x00,0x39,0x11,
  0x54,0x96,0xAA,0x41,0x49,0x60,0x00,0x00,0x00,0x00,0x00,0x00,
  0x00,0x00,0x00,0x00,0x00,0x00,0x00,0x00,0x00,0x00,0x00,0x00,
  0x00,0x00,0x00,0x00,0x00,0x00,0x00,0x00,0x00,0x00,0x00,0x00,
  0x00,0x00,0x00,0x00,0x00,0x00,0x00,0x00,0x00,0x00,0x00,0x00,
  0x00,0x00,0x00,0x00,0x00,0x00,0x00,0x00,0x00,0x00,0x00,0x00,
  0x00,0x00,0x00,0x00,0x00,0x00,0x70,0x44,0x21,0x04,0x20,0x94,
  0x12,0xA0,0x00,0x00,0x00,0x00,0x00,0x00,0x00,0x00,0x00,0x00,
  0x00,0x00,0x00,0x00,0x00,0x00,0x00,0x00,0x00,0x00,0x00,0x00,
  0x00,0x00,0x00,0x00,0x00,0x00,0x00,0x00,0x00,0x00,0x00,0x00,
  0x00,0x00,0x00,0x00,0x00,0x00,0x00,0x00,0x00,0x00,0x00,0x00,
  0x00,0x00,0x00,0x00,0x00,0x00,0x00,0x00,0x00,0x00,0x00,0x00,
  0x00,0x00,0xE5,0x29,0x48,0x55,0x4A,0x22,0xA1,0xA0,0x00,0x00,
  0x00,0x00,0x00,0x00,0x00,0x00,0x00,0x00,0x00,0x00,0x00,0x00,
  0x00,0x00,0x00,0x00,0x00,0x00,0x00,0x00,0x00,0x00,0x00,0x00,
  0x00,0x00,0x00,0x00,0x00,0x00,0x00,0x00,0x00,0x00,0x00,0x00,
  0x00,0x00,0x00,0x00,0x00,0x00,0x00,0x00,0x00,0x00,0x00,0x00,
  0x00,0x00,0x00,0x00,0x00,0x00,0x00,0x00,0x00,0x01,0xD0,0x82,
  0x05,0x0C,0x11,0x11,0x0A,0xB0,0x00,0x00,0x00,0x00,0x00,0x00,
  0x00,0x00,0x00,0x00,0x00,0x00,0x00,0x00,0x00,0x00,0x00,0x00,
  0x00,0x00,0x00,0x00,0x00,0x00,0x00,0x00,0x00,0x00,0x00,0x00,
  0x00,0x00,0x00,0x00,0x00,0x00,0x00,0x00,0x00,0x00,0x00,0x00,
  0x00,0x00,0x00,0x00,0x00,0x00,0x00,0x00,0x00,0x00,0x00,0x00,
  0x00,0x00,0x00,0x00,0x00,0x01,0x8A,0x54,0xA0,0xA5,0x44,0xA4,
  0x51,0x50,0x00,0x00,0x00,0x00,0x00,0x00,0x00,0x00,0x00,0x00,
  0x00,0x00,0x00,0x00,0x00,0x00,0x00,0x00,0x00,0x00,0x00,0x00,
  0x00,0x00,0x00,0x00,0x00,0x00,0x00,0x00,0x00,0x00,0x00,0x00,
  0x00,0x00,0x00,0x00,0x00,0x00,0x00,0x00,0x00,0x00,0x00,0x00,
  0x00,0x00,0x00,0x00,0x00,0x00,0x00,0x00,0x00,0x00,0x00,0x00,
  0x00,0x03,0xA1,0x00,0x14,0x0D,0x2A,0x4A,0x8B,0x50,0x00,0x00,
  0x00,0x00,0x00,0x00,0x00,0x00,0x00,0x00,0x00,0x00,0x00,0x00,
  0x00,0x00,0x00,0x00,0x00,0x00,0x00,0x00,0x00,0x00,0x00,0x00,
  0x00,0x00,0x00,0x00,0x00,0x00,0x00,0x00,0x00,0x00,0x00,0x00,
  0x00,0x00,0x00,0x00,0x00,0x00,0x00,0x00,0x00,0x00,0x00,0x00,
  0x00,0x00,0x00,0x00,0x00,0x00,0x00,0x00,0x00,0x07,0x14,0xAA,
  0x82,0xA4,0x81,0x10,0x52,0xA0,0x00,0x00,0x00,0x00,0x00,0x00,
  0x00,0x00,0x00,0x00,0x00,0x00,0x00,0x00,0x00,0x00,0x00,0x00,
  0x00,0x00,0x00,0x00,0x00,0x00,0x00,0x00,0x00,0x00,0x00,0x00,
  0x00,0x00,0x00,0x00,0x00,0x00,0x00,0x00,0x00,0x00,0x00,0x00,
  0x00,0x00,0x00,0x00,0x00,0x00,0x00,0x00,0x00,0x00,0x00,0x00,
  0x00,0x00,0x00,0x00,0x00,0x0E,0x42,0x10,0x54,0x1C,0x54,0x45,
  0x09,0x50,0x00,0x00,0x00,0x00,0x00,0x00,0x00,0x00,0x00,0x00,
  0x00,0x00,0x00,0x00,0x00,0x00,0x00,0x00,0x00,0x00,0x00,0x00,
  0x00,0x00,0x00,0x00,0x00,0x00,0x00,0x00,0x00,0x00,0x00,0x00,
  0x00,0x00,0x00,0x00,0x00,0x00,0x00,0x00,0x00,0x00,0x00,0x00,
  0x00,0x00,0x00,0x00,0x00,0x00,0x00,0x00,0x00,0x00,0x00,0x00,
  0x00,0x1C,0x91,0x45,0x01,0x45,0x09,0x28,0xA2,0xB0,0x00,0x00,
  0x00,0x00,0x00,0x00,0x00,0x00,0x00,0x00,0x00,0x00,0x00,0x00,
  0x00,0x00,0x00,0x00,0x00,0x00,0x00,0x00,0x00,0x00,0x00,0x00,
  0x00,0x00,0x00,0x00,0x00,0x00,0x00,0x00,0x00,0x00,0x00,0x00,
  0x00,0x00,0x00,0x00,0x00,0x00,0x00,0x00,0x00,0x00,0x00,0x00,
  0x00,0x00,0x00,0x00,0x00,0x00,0x00,0x00,0x00,0x3A,0x24,0x90,
  0xAA,0x2C,0xA2,0x42,0x13,0x50,0x00,0x00,0x00,0x00,0x00,0x00,
  0x00,0x00,0x00,0x00,0x00,0x00,0x00,0x00,0x00,0x00,0x00,0x00,
  0x00,0x00,0x00,0x00,0x00,0x00,0x00,0x00,0x00,0x00,0x00,0x00,
  0x00,0x00,0x00,0x00,0x00,0x00,0x00,0x00,0x00,0x00,0x00,0x00,
  0x00,0x00,0x00,0x00,0x00,0x00,0x00,0x00,0x00,0x00,0x00,0x00,
  0x00,0x00,0x00,0x00,0x00,0x78,0x8A,0x25,0x00,0x89,0x14,0x94,
  0xA5,0x50,0x00,0x00,0x00,0x00,0x00,0x00,0x00,0x00,0x00,0x00,
  0x00,0x00,0x00,0x00,0x00,0x00,0x00,0x00,0x00,0x00,0x00,0x00,
  0x00,0x00,0x00,0x00,0x00,0x00,0x00,0x00,0x00,0x00,0x00,0x00,
  0x00,0x00,0x00,0x00,0x00,0x00,0x00,0x00,0x00,0x00,0x00,0x00,
  0x00,0x00,0x00,0x00,0x00,0x00,0x00,0x00,0x00,0x00,0x00,0x00,
  0x00,0xE2,0x42,0x80,0x55,0x2C,0x41,0x02,0x11,0x58,0x00,0x00,
  0x00,0x00,0x00,0x00,0x00,0x00,0x00,0x00,0x00,0x00,0x00,0x00,
  0x00,0x00,0x00,0x00,0x00,0x00,0x00,0x00,0x00,0x00,0x00,0x00,
  0x00,0x00,0x00,0x00,0x00,0x00,0x00,0x00,0x00,0x00,0x00,0x00,
  0x00,0x00,0x00,0x00,0x00,0x00,0x00,0x00,0x00,0x00,0x00,0x00,
  0x00,0x00,0x00,0x00,0x00,0x00,0x00,0x00,0x00,0xE9,0x28,0x2A,
  0x00,0x4A,0x2A,0x54,0xA5,0x50,0x00,0x00,0x00,0x00,0x00,0x00,
  0x00,0x00,0x00,0x00,0x00,0x00,0x00,0x00,0x00,0x00,0x00,0x00,
  0x00,0x00,0x00,0x00,0x00,0x00,0x00,0x00,0x00,0x00,0x00,0x00,
  0x00,0x00,0x00,0x00,0x00,0x00,0x00,0x00,0x00,0x00,0x00,0x00,
  0x00,0x00,0x00,0x00,0x00,0x00,0x00,0x00,0x00,0x00,0x00,0x00,
  0x00,0x00,0x00,0x00,0x01,0xC4,0x05,0x04,0xAA,0x19,0x40,0x81,
  0x09,0x58,0x00,0x00,0x00,0x00,0x00,0x00,0x00,0x00,0x00,0x00,
  0x00,0x00,0x00,0x00,0x00,0x00,0x00,0x00,0x00,0x00,0x00,0x00,
  0x00,0x00,0x00,0x00,0x00,0x00,0x00,0x00,0x00,0x00,0x00,0x00,
  0x00,0x00,0x00,0x00,0x00,0x00,0x00,0x00,0x00,0x00,0x00,0x00,
  0x00,0x00,0x00,0x00,0x00,0x00,0x00,0x00,0x00,0x00,0x00,0x00,
  0x03,0x91,0x54,0xA9,0x04,0xAC,0x2A,0x54,0xA5,0x50,0x00,0x00,
  0x00,0x00,0x00,0x00,0x00,0x00,0x00,0x00,0x00,0x00,0x00,0x00,
  0x00,0x00,0x00,0x00,0x00,0x00,0x00,0x00,0x00,0x00,0x00,0x00,
  0x00,0x00,0x00,0x00,0x00,0x00,0x00,0x00,0x00,0x00,0x00,0x00,
  0x00,0x00,0x00,0x00,0x00,0x00,0x00,0x00,0x00,0x00,0x00,0x00,
  0x00,0x00,0x00,0x00,0x00,0x00,0x00,0x00,0x07,0x8A,0x20,0x00,
  0x51,0x09,0x44,0x8A,0x21,0x58,0x00,0x00,0x00,0x00,0x00,0x00,
  0x00,0x00,0x00,0x00,0x00,0x00,0x00,0x00,0x00,0x00,0x00,0x00,
  0x00,0x00,0x00,0x00,0x00,0x00,0x00,0x00,0x00,0x00,0x00,0x00,
  0x00,0x00,0x00,0x00,0x00,0x00,0x00,0x00,0x00,0x00,0x00,0x00,
  0x00,0x00,0x00,0x00,0x00,0x00,0x00,0x00,0x00,0x00,0x00,0x00,
  0x00,0x00,0x00,0x00,0x0F,0x20,0x95,0x55,0x08,0xAA,0x11,0x21,
  0x4B,0x50,0x00,0x00,0x00,0x00,0x00,0x00,0x00,0x00,0x00,0x00,
  0x00,0x00,0x00,0x00,0x00,0x00,0x00,0x00,0x00,0x00,0x00,0x00,
  0x00,0x00,0x00,0x00,0x00,0x00,0x00,0x00,0x00,0x00,0x00,0x00,
  0x00,0x00,0x00,0x00,0x00,0x00,0x00,0x00,0x00,0x00,0x00,0x00,
  0x00,0x00,0x00,0x00,0x00,0x00,0x00,0x00,0x00,0x00,0x00,0x00,
  0x1E,0x15,0x10,0x88,0xA4,0x19,0x4A,0x14,0x11,0x58,0x00,0x00,
  0x00,0x00,0x00,0x00,0x00,0x00,0x00,0x00,0x00,0x00,0x00,0x00,
  0x00,0x00,0x00,0x00,0x00,0x00,0x00,0x00,0x00,0x00,0x00,0x00,
  0x00,0x00,0x00,0x00,0x00,0x00,0x00,0x00,0x00,0x00,0x00,0x00,
  0x00,0x00,0x00,0x00,0x00,0x00,0x00,0x00,0x00,0x00,0x00,0x00,
  0x00,0x00,0x00,0x00,0x00,0x00,0x00,0x00,0x3C,0xA0,0xA5,0x22,
  0x12,0x9A,0x20,0xA2,0xA5,0x54,0x00,0x00,0x00,0x00,0x00,0x00,
  0x00,0x00,0x00,0x00,0x00,0x00,0x00,0x00,0x00,0x00,0x00,0x00,
  0x00,0x00,0x00,0x00,0x00,0x00,0x00,0x00,0x00,0x00,0x00,0x00,
  0x00,0x00,0x00,0x00,0x00,0x00,0x00,0x00,0x00,0x00,0x00,0x00,
  0x00,0x00,0x00,0x00,0x00,0x00,0x00,0x00,0x00,0x00,0x00,0x00,
  0x00,0x00,0x00,0x00,0x38,0x0A,0x10,0x48,0x80,0x58,0x8A,0x10,
  0x09,0x54,0x00,0x00,0x00,0x00,0x00,0x00,0x00,0x00,0x00,0x00,
  0x00,0x00,0x00,0x00,0x00,0x00,0x00,0x00,0x00,0x10,0x00,0x00,
  0x00,0x00,0x00,0x00,0x00,0x00,0x00,0x00,0x00,0x00,0x00,0x00,
  0x00,0x00,0x00,0x00,0x00,0x00,0x00,0x00,0x00,0x00,0x00,0x00,
  0x00,0x00,0x00,0x00,0x00,0x00,0x00,0x00,0x00,0x00,0x00,0x00,
  0xF2,0xA1,0x4A,0x12,0x55,0x1A,0xA1,0x4A,0xA3,0x54,0x00,0x00,
  0x00,0x00,0x00,0x00,0x00,0x00,0x00,0x00,0x00,0x00,0x1F,0xC0,
  0x00,0x00,0x00,0x00,0x00,0x30,0x00,0x00,0x00,0x00,0x00,0x00,
  0x00,0x00,0x00,0x00,0x00,0x00,0x00,0x00,0x00,0x00,0x00,0x00,
  0x00,0x00,0x00,0x00,0x00,0x00,0x00,0x00,0x00,0x00,0x00,0x00,
  0x00,0x00,0x00,0x00,0x00,0x00,0x00,0x00,0xF4,0x4A,0x21,0x41,
  0x02,0x5F,0xCA,0x21,0x11,0xEC,0x00,0x00,0x00,0x00,0x00,0x00,
  0x00,0x00,0x00,0x00,0x00,0x00,0x0C,0x00,0x00,0x00,0x00,0x00,
  0x00,0x30,0x00,0x00,0x00,0x00,0x00,0x00,0x00,0x00,0x00,0x00,
  0x00,0x00,0x00,0x00,0x00,0x00,0x00,0x00,0x00,0x00,0x00,0x00,
  0x00,0x00,0x00,0x00,0x00,0x00,0x00,0x00,0x00,0x00,0x00,0x00,
  0x00,0x00,0x00,0x01,0xEA,0x80,0x94,0x2A,0x54,0x1A,0x84,0x8A,
  0x4A,0x28,0x00,0x00,0x00,0x00,0x00,0x00,0x00,0x00,0x00,0x00,
  0x00,0x00,0x0D,0x12,0xAA,0xAA,0xA9,0x22,0x00,0x60,0x00,0x00,
  0x00,0x00,0x00,0x00,0x00,0x00,0x00,0x00,0x00,0x00,0x00,0x00,
  0x00,0x00,0x00,0x00,0x00,0x00,0x00,0x00,0x00,0x00,0x00,0x00,
  0x00,0x00,0x00,0x00,0x00,0x00,0x00,0x00,0x00,0x00,0x00,0x03,
  0xC1,0x2A,0x42,0x80,0x01,0x50,0x28,0x50,0x91,0xAC,0x00,0x00,
  0x00,0x00,0x00,0x00,0x00,0x00,0x00,0x00,0x01,0x5B,0xF6,0xED,
  0x55,0x55,0x56,0xDD,0xFF,0xBD,0xAA,0x20,0x00,0x00,0x00,0x00,
  0x00,0x00,0x00,0x00,0x00,0x00,0x00,0x00,0x00,0x00,0x00,0x00,
  0x00,0x00,0x00,0x00,0x00,0x00,0x00,0x00,0x00,0x00,0x00,0x00,
  0x00,0x00,0x00,0x00,0x00,0x00,0x00,0x07,0xC8,0x55,0x28,0x55,
  0x54,0x3A,0x82,0x85,0x05,0x54,0x00,0x00,0x00,0x00,0x00,0x00,
  0x00,0x00,0x00,0x01,0x7E,0xA4,0x00,0x00,0x00,0x00,0x00,0x00,
  0x00,0x02,0x55,0xDF,0xDA,0xA8,0x00,0x00,0x00,0x00,0x00,0x00,
  0x00,0x00,0x00,0x00,0x00,0x00,0x00,0x00,0x00,0x00,0x00,0x00,
  0x00,0x00,0x00,0x00,0x00,0x00,0x00,0x00,0x00,0x00,0x00,0x00,
  0x00,0x00,0x00,0x0F,0x25,0x01,0x02,0x00,0x89,0x50,0x54,0x28,
  0x52,0xAC,0x00,0x00,0x00,0x00,0x00,0x00,0x00,0x00,0x00,0x5E,
  0x80,0x11,0x2A,0xAA,0xAA,0xAA,0xAA,0xAA,0x92,0xA8,0x82,0x00,
  0x25,0x57,0xFD,0xAA,0x40,0x00,0x00,0x00,0x00,0x00,0x00,0x00,
  0x00,0x00,0x00,0x00,0x00,0x00,0x00,0x00,0x00,0x00,0x00,0x00,
  0x00,0x00,0x00,0x00,0x00,0x00,0x00,0x00,0x00,0x00,0x00,0x0F,
  0x10,0xA8,0xA9,0x55,0x22,0x1A,0x82,0x82,0x89,0x54,0x00,0x00,
  0x00,0x00,0x00,0x00,0x00,0x00,0x0F,0xA0,0x25,0x44,0x40,0x00,
  0x12,0x04,0x10,0x00,0x48,0x04,0x28,0xA9,0x10,0x08,0x02,0x55,
  0xBF,0xDA,0xA0,0x00,0x00,0x00,0x00,0x00,0x00,0x00,0x00,0x00,
  0x00,0x00,0x00,0x00,0x00,0x00,0x00,0x00,0x00,0x00,0x00,0x00,
  0x00,0x00,0x00,0x00,0x00,0x00,0x00,0x1E,0x8A,0x05,0x04,0x08,
  0x48,0xB1,0x28,0x54,0x53,0x6A,0x00,0x00,0x00,0x00,0x00,0x00,
  0x00,0x00,0x70,0x12,0x90,0x21,0x15,0x55,0x48,0xA9,0x45,0x55,
  0x02,0xA2,0x84,0x04,0x8A,0xA2,0xA9,0x12,0x00,0x25,0x5F,0xED,
  0x52,0x00,0x00,0x00,0x00,0x00,0x00,0x00,0x00,0x00,0x00,0x00,
  0x00,0x00,0x00,0x00,0x00,0x00,0x00,0x00,0x00,0x00,0x00,0x00,
  0x00,0x00,0x00,0x3C,0x51,0x51,0x51,0x52,0x12,0x34,0x4A,0x92,
  0x89,0x54,0x00,0x00,0x00,0x00,0x00,0x00,0x00,0x03,0x84,0x88,
  0x45,0x55,0x55,0x55,0x55,0x00,0x20,0x00,0xA8,0x14,0x52,0xA2,
  0x40,0x48,0x00,0x88,0xAA,0x92,0x20,0x12,0xAD,0xFD,0xA9,0x00,
  0x00,0x00,0x00,0x00,0x00,0x00,0x00,0x00,0x00,0x00,0x00,0x00,
  0x00,0x00,0x00,0x00,0x00,0x00,0x00,0x00,0x00,0x00,0x00,0x7D,
  0x04,0x0A,0x08,0x01,0x41,0x31,0x10,0x44,0x45,0x56,0x00,0x00,
  0x00,0x00,0x00,0x00,0x00,0x0C,0x21,0x25,0x29,0x04,0x00,0x00,
  0x02,0x55,0x4A,0xAA,0x05,0x41,0x08,0x10,0x2A,0x85,0x55,0x22,
  0x00,0x48,0x8A,0xA4,0x90,0x02,0x56,0xFE,0xAA,0x40,0x00,0x00,
  0x00,0x00,0x00,0x03,0xF0,0x00,0x00,0x00,0x00,0x00,0x00,0x00,
  0x00,0x00,0x00,0x00,0x00,0x00,0x00,0xF0,0xA9,0x51,0x45,0x54,
  0x28,0xAA,0x45,0x11,0x29,0x54,0x00,0x00,0x00,0x00,0x00,0x00,
  0x00,0x30,0x88,0x08,0x80,0x49,0x52,0x55,0x50,0x00,0x00,0x41,
  0x50,0x28,0xA2,0xA5,0x40,0x20,0x00,0x48,0xAA,0x22,0x50,0x12,
  0x45,0x54,0x88,0x01,0x55,0xBF,0xB5,0x20,0x00,0x00,0x00,0x02,
  0x80,0x00,0x00,0x00,0x00,0x00,0x00,0x00,0x00,0x00,0x00,0x00,
  0x00,0x00,0x01,0xEA,0x02,0x04,0x28,0x82,0x85,0x30,0x90,0xA4,
  0x43,0x56,0x00,0x00,0x00,0x00,0x00,0x00,0x00,0xC2,0x25,0x42,
  0x2A,0x14,0x01,0x00,0x0A,0xAA,0xAA,0x94,0x0A,0x84,0x08,0x08,
  0x15,0x4A,0xAA,0x12,0x04,0x89,0x05,0x44,0x12,0x02,0x52,0xA8,
  0x22,0x00,0x4A,0xDF,0xAA,0x80,0x00,0x03,0x00,0x00,0x00,0x00,
  0x00,0x00,0x00,0x00,0x00,0x00,0x00,0x00,0x00,0x00,0x07,0xC1,
  0x54,0xAA,0x82,0x28,0x50,0x32,0x4A,0x09,0x15,0x54,0x00,0x00,
  0x00,0x00,0x00,0x00,0x01,0x08,0x80,0x10,0x80,0x81,0x28,0x49,
  0x21,0x12,0x4A,0x4A,0xA4,0x52,0xA2,0xA2,0xA0,0x10,0x04,0xA1,
  0x51,0x22,0x50,0x21,0x48,0xA8,0x04,0x05,0x48,0xAA,0x91,0x00,
  0x55,0x7F,0xD5,0x25,0x80,0x00,0x00,0x00,0x00,0x00,0x00,0x00,
  0x00,0x00,0x00,0x00,0x00,0x00,0x1F,0x14,0x20,0x00,0x51,0x12,
  0x0A,0xA9,0x11,0x50,0x81,0x56,0x00,0x00,0x00,0x00,0x00,0x00,
  0x02,0x00,0x2A,0x44,0x24,0x48,0x05,0x04,0x44,0x40,0x00,0x00,
  0x49,0x14,0x94,0x94,0x95,0x45,0x51,0x08,0x08,0x88,0x0A,0x94,
  0x22,0x12,0xA9,0x50,0x12,0x10,0x4A,0x55,0x24,0x80,0x2A,0xDE,
  0xB5,0x20,0x00,0x00,0x00,0x00,0x00,0x00,0x00,0x00,0x00,0x00,
  0x00,0x01,0x70,0x42,0x8A,0xAA,0x8A,0x44,0xA0,0x64,0x44,0x05,
  0x2A,0xAA,0x00,0x00,0x00,0x00,0x00,0x00,0x05,0xAA,0x80,0x11,
  0x01,0x05,0x50,0x51,0x12,0x15,0x55,0x55,0x00,0x40,0x00,0x02,
  0x22,0x52,0x4A,0x45,0x44,0x22,0xA0,0x42,0x89,0x44,0x40,0x0A,
  0x84,0xA5,0x00,0x20,0x92,0x55,0x44,0x01,0x0A,0xAF,0xB5,0x20,
  0x00,0x00,0x00,0x00,0x00,0x00,0x00,0x00,0x00,0xAE,0x85,0x14,
  0x41,0x08,0x20,0x91,0x15,0x31,0x22,0xA8,0x45,0x55,0x00,0x00,
  0x00,0x00,0x00,0x00,0x0B,0xEF,0xDF,0xF2,0x54,0x50,0x02,0x00,
  0x01,0x40,0x00,0x00,0x55,0x12,0xAA,0xA8,0x88,0x08,0x91,0x29,
  0x2A,0x94,0x4A,0x90,0x44,0x21,0x15,0x50,0x50,0x00,0xAA,0x8A,
  0x44,0x08,0x22,0xA8,0xA0,0x10,0x0A,0xDF,0xFF,0xDA,0xAA,0xA9,
  0x20,0x00,0x00,0x4A,0xBF,0x40,0x10,0x41,0x2A,0x4A,0x8A,0x24,
  0x40,0xAA,0x48,0x45,0x29,0xAA,0x00,0x00,0x00,0x00,0x00,0x00,
  0x17,0xEF,0x9F,0xF8,0x01,0x05,0x48,0x95,0x54,0x09,0x29,0x29,
  0x00,0x40,0x00,0x02,0x02,0xA2,0x04,0x04,0x41,0x49,0x24,0x4A,
  0x21,0x14,0x82,0x0A,0x85,0x54,0x00,0x41,0x11,0x52,0x90,0x04,
  0x4A,0xA2,0xA0,0x00,0x02,0x6A,0xAA,0x56,0xDF,0xFF,0xFF,0xB4,
  0x80,0x12,0xA5,0x2A,0x00,0x90,0x51,0x09,0x2A,0x61,0x25,0x28,
  0x96,0xAD,0x00,0x00,0x00,0x00,0x00,0x00,0x17,0xDF,0xDF,0xF9,
  0x48,0x24,0x12,0x00,0x02,0x44,0x40,0x80,0x49,0x15,0x4A,0x50,
  0x50,0x00,0x40,0xA1,0x14,0x02,0x11,0x22,0x9A,0xA2,0x54,0xA0,
  0x20,0x82,0xAA,0x94,0x44,0x21,0x0A,0xA9,0x11,0x08,0x15,0x52,
  0x50,0x84,0xA9,0x40,0x00,0x00,0x00,0x01,0x51,0x24,0x08,0x80,
  0xAA,0x2A,0x84,0xA2,0x01,0x34,0x92,0x82,0x41,0x55,0x00,0x00,
  0x00,0x00,0x00,0x00,0x2F,0xBE,0x9F,0xF0,0x04,0x84,0x80,0x52,
  0x91,0x11,0x0A,0x25,0x04,0x40,0x10,0x85,0x05,0x2A,0x2A,0x08,
  0x40,0xA8,0x84,0x08,0x40,0x14,0x92,0x4A,0x95,0x28,0x04,0x22,
  0x22,0x8A,0x41,0x04,0xA4,0x52,0xA0,0x09,0x0A,0x29,0x05,0x3F,
  0xB5,0x49,0x55,0x54,0x8A,0x49,0x42,0x2A,0x04,0x80,0x28,0x10,
  0xAA,0x62,0x24,0x29,0x2A,0xAB,0x00,0x00,0x00,0x00,0x00,0x00,
  0x5E,0xBB,0xDD,0xDA,0xAA,0x54,0x55,0x08,0x44,0x40,0x20,0x08,
  0x50,0x09,0x22,0x10,0x50,0x00,0x80,0xA2,0x12,0x02,0x21,0x42,
  0x0A,0x80,0x01,0x12,0x48,0x85,0x51,0x09,0x14,0x40,0x2A,0x52,
  0x09,0x08,0x0A,0xA4,0x51,0x42,0x50,0x80,0x55,0x6A,0x00,0x09,
  0x51,0x24,0x28,0x81,0x50,0x55,0x42,0xA5,0x00,0x69,0x11,0x44,
  0x82,0xAA,0x00,0x00,0x00,0x00,0x00,0x02,0xBF,0xBF,0xBF,0xF8,
  0x00,0x85,0x00,0xA5,0x12,0x2A,0x95,0x42,0x02,0xA0,0x40,0x42,
  0x04,0xA4,0x24,0x08,0x84,0x48,0x94,0x10,0xA0,0x2A,0xA8,0x48,
  0x12,0x28,0xAA,0xA4,0xA1,0x15,0x40,0x21,0x52,0x52,0xA1,0x11,
  0x08,0x28,0x8A,0x55,0x09,0x2B,0xED,0x42,0x04,0x89,0x55,0x54,
  0x0A,0x90,0x11,0x08,0x55,0x64,0xA4,0x28,0x53,0x55,0x00,0x00,
  0x00,0x00,0x00,0x7F,0xC2,0x7F,0x9F,0xF2,0xAA,0x24,0x55,0x10,
  0x49,0x44,0x40,0x95,0x54,0x0A,0x95,0x10,0x90,0x09,0x01,0x22,
  0x21,0x10,0x01,0x44,0x09,0x00,0x05,0x02,0x80,0x82,0x00,0x22,
  0x4A,0x52,0x15,0x48,0x04,0x84,0x14,0x48,0xA5,0x44,0x21,0x00,
  0xA4,0x84,0x2B,0x78,0xD1,0x22,0x00,0x25,0x60,0x05,0x4A,0x42,
  0x88,0x62,0x09,0x42,0x89,0x55,0x00,0x00,0x00,0x00,0x07,0xFF,
  0xFD,0x2F,0x3F,0xF8,0x00,0x89,0x00,0x45,0x12,0x11,0x2A,0x20,
  0x09,0x51,0x02,0x4A,0x45,0x40,0x54,0x08,0x88,0x45,0x52,0x11,
  0x42,0x52,0x50,0x50,0x54,0x28,0x92,0x88,0x00,0x89,0x52,0x25,
  0x50,0x21,0x42,0x92,0x10,0x92,0x94,0x54,0x11,0x29,0x44,0x8B,
  0x54,0x08,0xAA,0x88,0x96,0xB2,0x20,0x28,0x22,0xD4,0xA2,0x14,
  0x25,0x5B,0x00,0x00,0x00,0x00,0x7F,0xEA,0x92,0x00,0xBF,0x7A,
  0xAA,0x24,0x55,0x10,0x42,0x44,0xBF,0xCA,0xA0,0x48,0x54,0x21,
  0x10,0x2A,0x81,0x42,0x22,0x10,0x04,0x44,0x10,0x04,0x02,0x0A,
  0x01,0x02,0x04,0x22,0xAA,0x20,0x01,0x12,0xAA,0xAA,0x28,0x21,
  0x4A,0x20,0x42,0x82,0xA4,0x42,0x28,0x44,0xAB,0xE4,0x04,0x42,
  0x00,0x8A,0x95,0x45,0x48,0x61,0x14,0xA2,0x92,0xAA,0x80,0x00,
  0x00,0x01,0xFA,0x00,0x00,0xA2,0x37,0xF0,0x00,0x84,0x80,0x85,
  0x14,0x92,0x3F,0x90,0x15,0x7F,0xC1,0x48,0x8A,0x84,0x54,0x28,
  0x89,0x45,0x50,0x11,0x45,0x51,0x50,0xA0,0x92,0x50,0xA0,0x88,
  0x00,0x85,0x54,0x40,0x01,0x55,0x85,0x4A,0x21,0x0A,0x94,0x28,
  0x82,0x28,0x82,0x92,0x14,0x37,0xD1,0x14,0xAA,0x20,0xA5,0x28,
  0x12,0xCA,0x42,0x14,0x4A,0xAB,0x00,0x00,0x00,0x0F,0x40,0x95,
  0x54,0x08,0x80,0x0A,0xAA,0x29,0x2A,0x28,0x42,0x08,0xBF,0xC5,
  0x40,0x3F,0xF4,0x12,0x7D,0xA9,0x02,0x82,0x24,0x20,0x05,0x44,
  0x10,0x00,0x04,0x0A,0x20,0x04,0x0A,0x21,0x2A,0x10,0x01,0x15,
  0x29,0x00,0x68,0x94,0x94,0xA4,0x21,0x12,0x29,0x44,0x68,0x49,
  0x42,0x88,0x6E,0x40,0x01,0x4A,0x10,0x93,0x44,0x60,0x94,0xA1,
  0x23,0x55,0x00,0x00,0x00,0x30,0x0A,0x20,0x01,0x42,0x2A,0xA0,
  0x01,0x04,0x01,0x42,0x28,0xA2,0x36,0x90,0x2A,0xBF,0xE2,0x84,
  0x7F,0xE0,0x50,0x7A,0x91,0x4A,0xA0,0x11,0x4A,0xAA,0xA2,0xA0,
  0x8A,0xA2,0x40,0x84,0x40,0x44,0x94,0x40,0x02,0x4A,0x12,0x01,
  0x22,0x52,0x94,0xA4,0x84,0x12,0x85,0x10,0x28,0x45,0x11,0xBA,
  0xA8,0x24,0x84,0x44,0x52,0xFA,0x21,0x14,0x92,0xAA,0x00,0x00,
  0x00,0xCA,0xA0,0x89,0x28,0x28,0x80,0x0A,0xA8,0xA9,0x55,0x91,
  0x05,0x10,0xBF,0xC5,0x00,0x7B,0x68,0x51,0x7F,0xE5,0x0A,0xFF,
  0xE4,0x10,0xAD,0x44,0x00,0x00,0x14,0x15,0x20,0x08,0x28,0x11,
  0x09,0x10,0x41,0x09,0x51,0x10,0x88,0x50,0x08,0x04,0x4A,0x49,
  0x29,0x48,0x20,0x85,0x42,0x20,0xA4,0x45,0x52,0x01,0x29,0x11,
  0x09,0x17,0xD4,0x42,0x4A,0xAB,0x00,0x00,0x01,0x10,0x08,0x22,
  0x45,0x02,0x55,0x40,0x04,0x04,0x01,0x88,0xA2,0x45,0x3F,0x90,
  0xAA,0xBF,0xE2,0x08,0x77,0x60,0xA0,0x6F,0xE2,0x85,0x7F,0xF1,
  0x55,0x55,0x41,0x40,0x8A,0xA2,0x85,0x44,0x20,0x45,0x10,0x20,
  0x04,0x42,0x21,0x05,0x42,0xA1,0x00,0x00,0x92,0x52,0xAA,0x50,
  0x14,0x95,0x09,0x29,0x5B,0xA8,0x02,0x44,0x50,0x40,0xAF,0xA9,
  0x02,0xAA,0x80,0x00,0x06,0x4A,0xA2,0x80,0x10,0xA9,0x00,0x2A,
  0xA9,0x54,0xAB,0xC4,0x14,0x10,0x3B,0xA4,0x08,0x7F,0xE9,0x45,
  0x7F,0xCA,0x0A,0xFF,0xC8,0x50,0x7F,0xE4,0x00,0x7F,0xB4,0x2A,
  0x20,0x08,0xA8,0x92,0x8A,0x90,0x04,0x8A,0x92,0x10,0x94,0x50,
  0x28,0x08,0x52,0xAA,0x00,0x84,0x49,0x25,0x41,0x02,0x44,0x84,
  0x04,0x6D,0x50,0x11,0x05,0x14,0x80,0x5D,0x6A,0xAB,0x00,0x00,
  0x09,0x08,0x08,0x2D,0x4A,0xAA,0xAA,0x80,0x02,0x04,0x03,0xD2,
  0xA2,0xA5,0x6F,0x82,0xAD,0x6D,0xE0,0x20,0x7D,0xE1,0x40,0x7E,
  0xE2,0x0A,0xFB,0xA2,0xAA,0xBF,0xF1,0x01,0x3F,0xF2,0x02,0x20,
  0x44,0x45,0x52,0x40,0x22,0x84,0x11,0x05,0x02,0xA2,0x08,0x00,
  0xAA,0x11,0x22,0x12,0xAA,0x54,0x29,0x22,0xA1,0x12,0xA4,0x84,
  0x50,0x82,0x24,0x01,0x2B,0xF5,0x00,0x00,0x10,0x44,0xA5,0x90,
  0xA0,0x00,0x40,0x2A,0xA8,0xA9,0x53,0x80,0x08,0x08,0x3F,0xA8,
  0x5C,0x3F,0xAA,0x95,0x77,0xD4,0x2A,0xEF,0xD1,0x40,0x6F,0xF0,
  0x04,0x3E,0xF2,0x54,0x9F,0xF9,0x54,0x9E,0xA9,0x10,0x09,0x15,
  0x4A,0x52,0x90,0x20,0x48,0x09,0x42,0x52,0x00,0x84,0x08,0x84,
  0x01,0x22,0x82,0x14,0x14,0x89,0x2B,0x51,0x0A,0x51,0x91,0x52,
  0x12,0x56,0x00,0x00,0x2A,0x12,0x48,0x44,0x0A,0xAA,0x15,0x41,
  0x12,0x04,0x25,0xD5,0x45,0x42,0x92,0x05,0x1D,0x7F,0xE1,0x02,
  0x7F,0xE1,0x04,0x7F,0xE4,0x2A,0x7F,0xE5,0x51,0x7F,0xF0,0x82,
  0x1F,0xF0,0x01,0x3F,0xF0,0x4A,0xEA,0x48,0x22,0x08,0x4A,0x95,
  0x22,0x40,0x10,0x84,0x4A,0x21,0x40,0x50,0x94,0x08,0x54,0xA1,
  0x42,0x44,0x49,0x54,0x20,0x08,0x84,0x08,0xA1,0x09,0x00,0x00,
  0x20,0x88,0x85,0x12,0xA1,0x01,0x40,0x18,0x89,0x55,0x4B,0xC8,
  0x28,0x28,0x48,0xA8,0x9C,0x2A,0xD4,0x54,0x7F,0xC8,0xA9,0x7D,
  0xC2,0x81,0x7E,0xE0,0x24,0x3F,0xEA,0x28,0xBF,0xFA,0xAA,0x3F,
  0xE5,0x00,0x7F,0xE2,0x89,0x42,0x28,0x40,0x49,0x2A,0x8A,0x11,
  0x00,0x88,0x2A,0x04,0x21,0x42,0x00,0x4A,0x28,0x21,0x04,0x0A,
  0x92,0xA2,0x52,0xA2,0x08,0x42,0x00,0x00,0x49,0x2A,0x20,0x40,
  0x14,0x54,0x95,0x5A,0x44,0x24,0x13,0xD2,0x85,0x45,0x12,0x42,
  0x3D,0x40,0x02,0x21,0x56,0xC5,0x00,0xF7,0xD4,0x28,0xFF,0xEA,
  0x82,0xBB,0xF0,0x84,0x1F,0xB0,0x00,0xBF,0xF0,0xB7,0xFF,0xEA,
  0x52,0x29,0x12,0xAA,0x10,0x80,0x20,0xA4,0x54,0x22,0x81,0x41,
  0x08,0x28,0xAA,0x00,0x85,0x14,0x51,0x41,0x68,0x08,0x89,0x48,
  0xA5,0x2A,0x00,0x00,0x42,0x08,0x95,0x15,0x42,0x02,0x42,0x29,
  0x21,0x09,0x47,0xC9,0x55,0x28,0xA1,0x11,0x1E,0x15,0x54,0x8A,
  0x20,0x20,0x54,0x7F,0xC1,0x04,0x6F,0xE0,0x50,0x7F,0xE5,0x22,
  0xBE,0xFA,0xAA,0x3F,0xEF,0xFF,0xFF,0xDD,0xDB,0x44,0x91,0xFF,
  0x4A,0x2A,0x94,0x09,0x22,0x94,0x54,0x14,0x42,0x02,0x01,0x54,
  0x20,0xA2,0x84,0x14,0x07,0x41,0x20,0x12,0x00,0x82,0x00,0x00,
  0xE8,0xAA,0x20,0x88,0x91,0x54,0x28,0x98,0x94,0xA4,0x2B,0xD4,
  0xBD,0xD7,0x5D,0x56,0xFC,0xA0,0x09,0x50,0x95,0x15,0x0A,0x80,
  0x54,0xA9,0x7E,0xE5,0x0A,0x7F,0xB0,0x48,0x1F,0xF0,0x01,0x3F,
  0x7B,0xFF,0xFF,0xFF,0xF6,0xB0,0x55,0xFF,0x21,0x03,0xFF,0x50,
  0x88,0x41,0x22,0xA2,0x91,0x50,0xA4,0x01,0x08,0x5B,0x7B,0xEA,
  0xA0,0x54,0x85,0x44,0xAA,0x2A,0x00,0x00,0xA4,0x40,0x8A,0x22,
  0x08,0x01,0x45,0x32,0x02,0x15,0x43,0xC5,0xD6,0xBA,0xEB,0xBA,
  0xBF,0x5F,0xD4,0x0A,0x40,0xA2,0x50,0x25,0x02,0x04,0xAB,0x48,
  0xA1,0x3F,0xF5,0x12,0xBF,0xFA,0xAA,0xBB,0xFF,0xFF,0xF6,0xFF,
  0xFF,0xFF,0x11,0xFF,0x08,0xA9,0xFF,0x04,0x25,0x14,0x48,0x10,
  0x24,0x0A,0x11,0x54,0x45,0xA4,0x04,0x2B,0x5A,0x0A,0x90,0x11,
  0x11,0x04,0x00,0x00,0xF7,0x5E,0xA9,0xAA,0xAB,0x54,0x90,0x59,
  0x59,0x48,0x97,0xEA,0xAA,0xD6,0xAC,0xD6,0xBD,0xA9,0x6B,0xF5,
  0x5A,0x94,0x85,0x10,0xA8,0xA8,0x00,0x22,0x14,0x7B,0xE0,0x88,
  0x1D,0xF0,0x2D,0xEF,0xFF,0xFF,0x7F,0xF7,0x7F,0xFF,0xD5,0xFF,
  0x54,0x05,0xFE,0xA2,0x80,0x82,0x25,0x4F,0x49,0x51,0x4A,0x41,
  0x16,0x11,0x51,0x10,0xAB,0xE8,0x02,0x44,0x4A,0xA8,0x00,0x00,
  0xAA,0xD5,0x76,0xDD,0xED,0xFB,0x57,0x56,0xAA,0xAA,0x27,0xC9,
  0x77,0x5B,0x77,0xAB,0x7E,0xD6,0xAD,0x56,0xD7,0x6B,0x75,0x4A,
  0x05,0x02,0xAA,0x94,0x82,0x84,0x2A,0x45,0x5F,0xF7,0xF7,0x7F,
  0xFF,0xB7,0xFF,0xDF,0xFF,0xFF,0xF3,0xFF,0x02,0xAB,0xFF,0x14,
  0x54,0x54,0x90,0x30,0x50,0x84,0x20,0x14,0x51,0x5F,0xFF,0xFF,
  0xFE,0xFF,0xFA,0x90,0x00,0x24,0x00,0x00,0x7D,0x6D,0xAB,0x6A,
  0x56,0x4D,0xBA,0xDB,0xED,0xBB,0xDB,0xEB,0xAD,0x6A,0x84,0xFA,
  0xBE,0xBB,0x56,0xB5,0x6A,0xB5,0xAD,0xF7,0xF5,0x6A,0x00,0x41,
  0x28,0x22,0x84,0x28,0x95,0xFA,0xBF,0xFF,0xDD,0xFF,0xDD,0xFF,
  0xEF,0xDF,0xC1,0xEE,0xA8,0x01,0xFE,0x41,0x02,0x81,0x25,0x04,
  0x94,0x22,0x8A,0xA1,0x6B,0xFF,0xFF,0xFF,0xFF,0xFF,0xFF,0xFF,
  0xFE,0x94,0x00,0x00,0x6B,0xBB,0x6D,0x57,0xFB,0xB6,0xEF,0x7D,
  0x5B,0x6D,0x77,0xF6,0xD6,0xB7,0xFE,0x97,0x7E,0xD5,0x7B,0x5B,
  0xB6,0xDE,0xB6,0x9A,0xAD,0xBB,0xFF,0x54,0xA5,0x10,0x51,0x42,
  0x5B,0x57,0xFF,0xFF,0x7F,0xFE,0xFF,0xFE,0xFD,0xFE,0x15,0xFF,
  0x0A,0xAB,0xF7,0x14,0x54,0x2A,0x40,0xB1,0x12,0x90,0x20,0x48,
  0x57,0xFE,0xFF,0xFF,0xF7,0xFF,0xFF,0xFF,0xF5,0x6B,0x40,0x00,
  0x3D,0x6D,0xB7,0xBA,0xAD,0xDB,0x5A,0xDB,0xBD,0xDF,0xBF,0xDD,
  0xFF,0xFD,0xFF,0xED,0xFE,0xAD,0xAA,0xEE,0xDB,0x6A,0xDA,0xED,
  0x56,0xAD,0x55,0x6F,0x5A,0xD6,0x8A,0x1F,0xED,0xFF,0xFF,0xFF,
  0xFF,0xEF,0xFF,0xBB,0xFF,0xFA,0xB3,0xFF,0x50,0x43,0xFE,0x42,
  0x01,0x00,0x2A,0x12,0x50,0x4A,0x8A,0x85,0x3F,0xFF,0xFF,0xFF,
  0xFF,0xFF,0xFF,0xFF,0xFF,0xDD,0xFE,0x00,0x37,0xBB,0x6D,0x6D,
  0xD6,0xB6,0xF7,0xBD,0xEB,0x6A,0xD7,0xF7,0x52,0x8A,0x55,0xBF,
  0xBF,0xF6,0xD6,0xA8,0x56,0xAB,0x6B,0x56,0xFA,0xD5,0x6A,0xB5,
  0xB7,0x6D,0xF7,0xF4,0xAF,0xFF,0xFF,0xFB,0xF6,0xFF,0xED,0xFF,
  0xFF,0xE8,0x11,0xFE,0x0A,0x29,0xFF,0x29,0x54,0xAA,0x81,0x50,
  0x12,0x00,0x40,0x50,0x5F,0xFF,0xFF,0xFF,0xFF,0xFF,0xFF,0xFF,
  0xFE,0xFF,0xFB,0xE0,0x1D,0x6D,0xB6,0xD6,0xBB,0xDD,0xAD,0x76,
  0xBD,0xBF,0x7F,0xDC,0x88,0x51,0x55,0x55,0x7E,0xBB,0x7B,0x7F,
  0xA9,0xED,0x55,0xB5,0x4B,0x6E,0xB7,0xD5,0x5A,0xB6,0xBD,0x57,
  0xFF,0xFF,0xFB,0x6F,0xBF,0xFD,0xBF,0xFF,0xDF,0xA2,0xAB,0xFB,
  0x51,0x07,0xFE,0x80,0x08,0x00,0x54,0x15,0x51,0x55,0x15,0x05,
  0x1D,0xFF,0xFF,0xFF,0xFF,0xDB,0xBD,0xDF,0xFB,0xFF,0xFF,0xF0,
  0x0F,0xB6,0xDB,0x7B,0xDD,0x6B,0xFB,0xDD,0xD7,0x6A,0xD6,0xF4,
  0x25,0x04,0x24,0xAA,0xBF,0xDF,0xDF,0xDF,0xFE,0xB5,0xBE,0xDB,
  0xB5,0xB5,0xDA,0x5D,0xEB,0x6F,0xD2,0xBF,0xFF,0xFF,0xDF,0xFF,
  0xFF,0xB7,0xFF,0xEF,0xFA,0x88,0x10,0x05,0x08,0xA9,0xBE,0x2A,
  0xA2,0xAA,0x89,0x50,0x14,0x00,0x40,0xA8,0x47,0xB7,0xFB,0xFF,
  0x7F,0xFF,0xFF,0xFE,0xDF,0xF4,0x00,0x00,0x07,0xED,0xB6,0xD6,
  0xB6,0xDD,0x56,0xB7,0x7A,0xFD,0xBB,0xF9,0x10,0x51,0x22,0x44,
  0x7D,0x6A,0xA2,0x65,0xFF,0xDE,0xCA,0xAD,0x5E,0xAA,0xAB,0xB6,
  0xAF,0xFA,0x5F,0xFF,0xFF,0xF7,0x7F,0xFE,0xFB,0xFF,0xFF,0x7E,
  0xFE,0x55,0x55,0x50,0xA4,0x42,0x41,0x44,0x49,0x24,0x52,0x25,
  0x51,0x55,0x2A,0x45,0x53,0xFE,0xDF,0x6D,0xFE,0xFF,0xFF,0xFB,
  0x6A,0x9C,0x00,0x00,0x01,0xFE,0xDB,0x6D,0xDB,0x6E,0xEF,0xDA,
  0xD7,0xAB,0xD7,0xF8,0xA5,0x04,0x24,0x44,0x3E,0x50,0x11,0x04,
  0x05,0x7B,0xBB,0x55,0xAA,0xDD,0xB5,0x55,0xBA,0x8A,0xFF,0xFF,
  0xFF,0x7F,0xFB,0x6F,0xEF,0xFF,0xF7,0xFF,0xEB,0xB7,0xB6,0xAF,
  0x55,0xAA,0x2A,0x22,0x24,0x42,0x84,0x92,0x24,0xAA,0x95,0x29,
  0x15,0xFF,0xFF,0xFF,0xEB,0xFE,0xED,0xB6,0xDF,0xF0,0x00,0x00,
  0x00,0xF7,0x6D,0xB6,0xB6,0xDB,0x5A,0xBF,0x6D,0x7E,0xBF,0xFC,
  0x08,0xA9,0x93,0x51,0x7E,0x8A,0x88,0x22,0xA0,0xAD,0xEF,0xFA,
  0xEB,0x6A,0xDD,0xFF,0xD5,0x7F,0xFF,0xFF,0xEF,0xEE,0xFF,0xFF,
  0xBF,0x7E,0xDF,0xFB,0xF5,0x6A,0xDB,0x75,0xBB,0x5D,0xDB,0xDD,
  0xDB,0xBD,0x75,0x6D,0xEA,0x91,0x52,0xA4,0xD4,0xDB,0xF6,0xFF,
  0xFF,0xDB,0xFF,0xFF,0xFE,0xA0,0x00,0x00,0x00,0x3F,0xF6,0xDB,
  0xDB,0xB5,0xF7,0x6A,0xDF,0xAB,0xEF,0xF9,0x42,0x02,0x29,0x4C,
  0x3D,0x40,0x42,0x8A,0x0A,0x42,0xB5,0x6F,0x5A,0xAE,0xAB,0x6A,
  0x2B,0xFF,0xFF,0xFE,0xFD,0xFF,0xDF,0xFB,0xFF,0xEF,0xFE,0xEF,
  0x9E,0xDD,0x6A,0xDA,0xD6,0xEB,0x6D,0x77,0x6E,0xD7,0xDF,0xB7,
  0x5F,0xFF,0xBD,0xDF,0x6F,0x7F,0x7F,0xDB,0x7F,0xFF,0xDF,0xFB,
  0xE8,0x00,0x00,0x00,0x00,0x1E,0xDF,0x6D,0x6D,0x6E,0xAD,0xDB,
  0xB5,0x7D,0x5B,0xFC,0x10,0x90,0x94,0x24,0xFF,0xA9,0x10,0x20,
  0x90,0x48,0x0A,0xDB,0xF7,0x6B,0xFF,0xA9,0xFF,0xFF,0xFF,0xF7,
  0xDF,0xBB,0xFB,0x6F,0xFD,0xFF,0xFF,0xFE,0xEB,0x6B,0xB7,0x6F,
  0x7D,0xBE,0xFF,0xBB,0xBB,0x7A,0xB5,0x7D,0xF5,0x55,0x6B,0x75,
  0xBB,0xFD,0xFF,0xFF,0xEE,0xFF,0x7D,0xFF,0x00,0x00,0x00,0x00,
  0x00,0x07,0xFD,0xF6,0xDB,0xBB,0xDE,0xB6,0xED,0xD6,0xEF,0xDC,
  0x8A,0x2A,0x22,0xA2,0x3E,0xC0,0x4A,0x8A,0x02,0x42,0x50,0x5D,
  0x5D,0xFE,0xA8,0x57,0xFF,0xFF,0xFB,0x7F,0xFF,0xFF,0xEF,0xFF,
  0x77,0xFB,0xBB,0xFB,0x55,0xB6,0xDD,0xB5,0xD7,0x6B,0xAA,0xDD,
  0xDD,0xDF,0xEE,0xD6,0xBF,0xEF,0xDE,0xDE,0xED,0x57,0xDB,0x7F,
  0xFF,0xDB,0xFF,0xC0,0x00,0x00,0x00,0x00,0x00,0x01,0xFF,0xDF,
  0xB6,0xED,0x75,0xEF,0x5B,0x7B,0x77,0xFC,0x20,0x80,0x12,0x14,
  0x7F,0xCA,0x54,0xA6,0xA8,0x50,0x22,0x05,0xB7,0xD5,0x57,0xFF,
  0xFF,0xFF,0xEF,0xEE,0xF6,0xEE,0xFF,0xFF,0xFF,0xDF,0xFF,0xD5,
  0x6D,0x5B,0x6B,0xFE,0xFB,0xDD,0xFD,0xEB,0x6B,0x6A,0xBB,0xFB,
  0xD5,0x5A,0xB7,0xEB,0xB7,0xBF,0xFF,0xED,0xBF,0xFF,0xFA,0x00,
  0x00,0x00,0x00,0x00,0x00,0x00,0x3F,0x7E,0xFF,0xB7,0xB7,0x5A,
  0xEE,0xAD,0xAF,0xFD,0x08,0x15,0x50,0xA5,0x7F,0xC0,0x40,0x09,
  0x57,0x45,0x10,0xA0,0xFD,0x55,0x5D,0xFF,0xFF,0xF6,0xFF,0xBF,
  0xDF,0xFF,0xDF,0x7D,0xFF,0xFF,0xFF,0x6E,0xB6,0xED,0x5E,0xAB,
  0x5D,0x77,0x57,0x5E,0xFE,0xDD,0xDD,0x5E,0xEE,0xFF,0xED,0x5D,
  0xDD,0x6E,0xF7,0xBF,0xFB,0x7F,0x80,0x00,0x00,0x00,0x00,0x00,
  0x00,0x00,0x0B,0xFB,0xFB,0xFD,0xDD,0xFD,0xBB,0xDB,0xFB,0xFC,
  0x45,0x40,0x15,0x12,0x3F,0xE5,0x25,0x42,0x20,0x48,0xA5,0x5F,
  0x8A,0xAB,0xFF,0xFF,0xFF,0xBF,0xDD,0xFD,0xFF,0xBF,0xFD,0xF7,
  0xDE,0xFD,0xBF,0xBB,0xDB,0x77,0xAB,0xF7,0xEB,0xBB,0xBB,0xF7,
  0x55,0xEE,0xEF,0xEB,0x5B,0xAA,0xBB,0xF6,0xB7,0xDB,0xDE,0xFF,
  0xFF,0xF0,0x00,0x00,0x00,0x00,0x00,0x00,0x00,0x00,0x03,0xFF,
  0xEF,0x6F,0x77,0x57,0x6E,0xF6,0xAD,0x7C,0x90,0x2A,0x92,0x44,
  0x7D,0xC0,0x40,0x12,0x8A,0x42,0x02,0xEA,0x2A,0xBF,0xFF,0xFF,
  0xFB,0xFF,0x7F,0xF7,0xFB,0xFB,0x7F,0xFF,0xFB,0xEF,0xF5,0x6E,
  0xEE,0xDD,0x7E,0xAD,0x5E,0xDD,0x6D,0x5B,0xEF,0x5B,0x75,0x7D,
  0xF6,0xF7,0x6E,0xAF,0xED,0x7F,0xFF,0xFD,0xFE,0x80,0x00,0x00,
  0x00,0x00,0x00,0x00,0x00,0x00,0x00,0x3F,0xFF,0xFF,0xFF,0xFD,
  0xFB,0x5D,0x8C,0xBD,0x2B,0x40,0x59,0xA5,0x3F,0xE9,0x14,0x82,
  0x52,0x28,0x9F,0xA8,0xAB,0xFF,0xFF,0xFF,0xDF,0x77,0xFB,0xBF,
  0x6F,0xEF,0xF7,0xFF,0xFF,0xFF,0xFF,0xF7,0x7B,0xB7,0xD5,0xFF,
  0xF7,0x6F,0xF7,0xED,0x5B,0xF7,0xBF,0xAB,0x5D,0xAD,0xDB,0xFA,
  0xBB,0xDB,0xFF,0xFF,0xA0,0x00,0x00,0x00,0x00,0x00,0x00,0x00,
  0x00,0x00,0x00,0x07,0xBF,0xFB,0xFD,0xF7,0xEF,0xFF,0x24,0x7D,
  0x55,0x7F,0x56,0x52,0x7F,0xC4,0x52,0xAA,0x42,0xA2,0x78,0x02,
  0x7F,0xFF,0xFF,0xFF,0x7F,0xFD,0xEF,0xFF,0xFF,0x7F,0xFF,0xBD,
  0xBF,0xBF,0xD5,0x5B,0xAE,0xFA,0xFF,0x55,0x5B,0xF5,0x5D,0x5F,
  0xFD,0x5D,0x6A,0xFE,0xEF,0x7B,0x76,0xAF,0xEF,0xFF,0x77,0xF4,
  0x00,0x00,0x00,0x00,0x00,0x00,0x00,0x00,0x00,0x00,0x00,0x00,
  0xFD,0xBF,0xB7,0xBF,0xBF,0xF7,0x57,0x7D,0x6D,0x49,0x7A,0xAE,
  0xBB,0xE1,0x24,0x4B,0x2A,0x44,0xC4,0xAB,0xFF,0xFF,0xFF,0xF7,
  0xF6,0xDF,0xBF,0x77,0xFD,0xFF,0x7F,0xF7,0xFB,0xFE,0xBF,0xED,
  0x77,0x5F,0x55,0xFB,0xED,0x5E,0xEF,0xF5,0x57,0xB7,0xDD,0xAB,
  0xB5,0xDD,0xBF,0xFB,0x7F,0x7D,0xFE,0x80,0x00,0x00,0x00,0x00,
  0x00,0x00,0x00,0x00,0x00,0x00,0x00,0x00,0x3F,0xEE,0xFF,0xFF,
  0xFE,0xDF,0xFD,0xBD,0xB6,0xB6,0xAB,0x77,0xFF,0xD4,0x41,0x01,
  0x42,0x29,0x02,0xFF,0xFF,0xFF,0xFE,0xDE,0xFF,0xFE,0xFD,0xFE,
  0xDF,0xFD,0xED,0xFF,0xFF,0xFB,0xEA,0xBF,0xDB,0xEB,0xFE,0xAE,
  0xBF,0xB5,0xB5,0x5E,0xFA,0xED,0x77,0xF6,0xDE,0xEF,0xED,0xDF,
  0xFD,0xEF,0xD0,0x00,0x00,0x00,0x00,0x00,0x00,0x00,0x00,0x00,
  0x00,0x00,0x00,0x00,0x30,0xFF,0xFF,0xF6,0xFB,0xFF,0xFE,0xFD,
  0x5A,0xDB,0xB5,0xA8,0xCB,0xE1,0x28,0x55,0x12,0x42,0xBF,0xFF,
  0xFF,0xFF,0xB7,0xFF,0xDF,0xF7,0xFF,0xEF,0xFF,0xDF,0xFF,0xBF,
  0xDF,0x7D,0x7F,0xD5,0x7D,0x7D,0x55,0xF7,0x6A,0xEF,0xDE,0xEB,
  0xAF,0x7B,0xDA,0xAF,0x77,0xBD,0xFF,0xFF,0xEF,0xFC,0x00,0x00,
  0x00,0x00,0x00,0x00,0x00,0x00,0x00,0x00,0x00,0x00,0x00,0x00,
  0x30,0x0F,0xF6,0xDF,0xFF,0xFD,0xBF,0xFD,0xAD,0x55,0x5A,0xB2,
  0x43,0xCA,0x22,0x82,0xAA,0x53,0xFF,0xFF,0xFF,0xFE,0xFF,0xFB,
  0xFB,0x7F,0xEF,0xBF,0xF7,0x7F,0xFF,0xFD,0xFD,0xEF,0xAA,0xBF,
  0xAF,0xAB,0xEF,0x5A,0xFB,0x75,0x75,0xBD,0xDA,0xD6,0xFF,0xFB,
  0xFF,0xFF,0xBE,0xFB,0x7F,0xC0,0x00,0x00,0x00,0x00,0x00,0x00,
  0x00,0x00,0x00,0x00,0x00,0x00,0x00,0x00,0x30,0x00,0x5F,0xFF,
  0xDF,0xBF,0xFF,0xFD,0x6E,0xEE,0xF7,0x64,0xCB,0xF5,0xDD,0x5B,
  0x55,0x4B,0xFF,0xFE,0xEF,0xF7,0xFD,0xBF,0x7F,0xDD,0xBD,0xFD,
  0xBF,0xFB,0x6E,0xF7,0xF7,0xDA,0xFD,0xEA,0xF5,0x7E,0xBB,0xEF,
  0xAE,0xDF,0xAF,0x6E,0xBF,0xBF,0xB7,0xFF,0xFB,0x77,0xF7,0xEF,
  0xFF,0xC0,0x00,0x00,0x00,0x00,0x00,0x00,0x00,0x00,0x00,0x00,
  0x00,0x00,0x00,0x00,0x30,0x00,0x05,0xFE,0xFB,0xF7,0xEF,0xFB,
  0xB5,0xB5,0x5D,0xBB,0x6B,0xEA,0xAA,0xEB,0x6E,0xEB,0xFF,0xEF,
  0xFE,0xDF,0xDF,0xEF,0xEE,0xFF,0xFF,0xFF,0xFD,0xFF,0xFF,0xFF,
  0xBF,0x77,0xAB,0x7F,0x5F,0xD5,0xED,0x5A,0xF7,0x6A,0xFB,0xF7,
  0xEB,0xFD,0xFE,0xDE,0xDF,0xFE,0xFF,0xF8,0xFF,0xE0,0x00,0x00,
  0x00,0x00,0x00,0x00,0x00,0x00,0x00,0x00,0x00,0x00,0x00,0x00,
  0x20,0x00,0x00,0x0B,0xFF,0xFE,0xFF,0xDD,0x5E,0xBB,0xB5,0x6F,
  0xEF,0xED,0x6B,0x56,0xB5,0x5A,0xEF,0x7F,0xBB,0xFE,0xFB,0xFD,
  0xFF,0xF7,0xF7,0xB7,0xF7,0xDF,0xFB,0xDF,0xFD,0xDD,0x7F,0xAA,
  0xF5,0x7F,0x5F,0xF7,0x5D,0xFF,0xBF,0x7E,0xFF,0xEF,0xFF,0xFB,
  0xFF,0xDF,0xFA,0x00,0x7D,0xE0,0x00,0x00,0x00,0x00,0x00,0x00,
  0x00,0x00,0x00,0x00,0x00,0x00,0x00,0x00,0x00,0x00,0x00,0x00,
  0xFF,0xBF,0xFB,0xFD,0xEB,0x56,0xF5,0xB7,0xDF,0xD6,0xED,0xAB,
  0xDB,0x6D,0xFF,0xFD,0xFF,0xFB,0xEF,0x77,0xBB,0xDE,0xDE,0xFE,
  0xDF,0xFB,0xBF,0xFD,0xEB,0x77,0xD5,0x7D,0xBF,0xAB,0xF5,0x5F,
  0xFF,0xDF,0xFD,0xFB,0xFE,0xFF,0xB7,0xFF,0xFB,0xFE,0x80,0x00,
  0x1F,0xE0,0x00,0x00,0x00,0x00,0x00,0x00,0x00,0x00,0x00,0x00,
  0x00,0x00,0x00,0x00,0x00,0x00,0x00,0x00,0x7F,0xEB,0xFF,0xFA,
  0xBD,0xFB,0x52,0xAE,0xFF,0xEB,0x5A,0xDD,0x6D,0xD6,0xBF,0xF7,
  0xEF,0x6F,0xBF,0xFF,0xFF,0x7F,0xFF,0xFF,0xFF,0x7F,0xFE,0xFF,
  0xB6,0xDD,0x7F,0xEF,0xED,0xFF,0x7F,0xFE,0xF7,0x7B,0xEF,0xEF,
  0xDF,0xFB,0xFF,0x7F,0xFF,0x40,0x00,0x00,0x0F,0xB0,0x00,0x00,
  0x00,0x00,0x00,0x00,0x00,0x00,0x00,0x00,0x00,0x00,0x00,0x00,
  0x00,0x00,0x00,0x00,0x77,0xE0,0x07,0xFF,0xD6,0xAD,0xFF,0xFD,
  0xFD,0xFD,0xED,0x6B,0xAA,0xBB,0xFF,0xFF,0xBD,0xFF,0xFD,0xDE,
  0xEF,0xFF,0xFF,0xEF,0xFF,0xFE,0xF7,0xEF,0x5B,0x6B,0xFB,0xFF,
  0xFF,0xFF,0xFF,0xFF,0xFF,0xFF,0x7F,0xFF,0xFB,0xBF,0xFD,0xFF,
  0x40,0x00,0x00,0x00,0x07,0xE0,0x00,0x00,0x00,0x00,0x00,0x00,
  0x00,0x00,0x00,0x00,0x00,0x00,0x00,0x00,0x00,0x00,0x00,0x00,
  0x3E,0xC0,0x07,0xF7,0x7F,0xFF,0x6F,0xFF,0xFF,0xCB,0x5B,0xB7,
  0xFF,0x6E,0xAD,0xFF,0xFF,0xFD,0xF7,0xFB,0xFD,0xF6,0xDB,0x7D,
  0xBB,0xEF,0xFF,0xFD,0x6D,0xB6,0xFF,0x7B,0x7F,0xBB,0xEF,0xF7,
  0xDF,0xFF,0xFE,0xFF,0x7F,0xF7,0x7F,0xD0,0x00,0x00,0x00,0x00,
  0x03,0xE0,0x00,0x00,0x00,0x00,0x00,0x00,0x00,0x00,0x00,0x00,
  0x00,0x00,0x00,0x00,0x00,0x00,0x00,0x00,0x3F,0x80,0x07,0xFB,
  0xFF,0xFF,0xFF,0xFF,0xFF,0xFD,0xEE,0xDE,0x45,0xFB,0xFF,0xBF,
  0xFF,0xEF,0xBF,0x7F,0xDF,0xBF,0xFF,0xFF,0xFF,0xBF,0xDF,0x75,
  0xB5,0x5B,0xBF,0xEF,0xF6,0xFF,0xBD,0xBE,0xFD,0xDD,0xF7,0xDD,
  0xFF,0xFF,0xD0,0x00,0x00,0x00,0x00,0x00,0x00,0x80,0x00,0x00,
  0x00,0x00,0x00,0x00,0x00,0x00,0x00,0x00,0x00,0x00,0x00,0x00,
  0x00,0x00,0x00,0x00,0x00,0x00,0x07,0xEF,0xFB,0x76,0xFF,0xDE,
  0xEF,0xD6,0xB5,0xB7,0x5A,0x6D,0x57,0xFB,0xFF,0xFF,0xFF,0xEF,
  0x7F,0xFF,0xFF,0xEF,0xFE,0xFD,0xFD,0xDA,0xD6,0xD5,0x57,0xFF,
  0xFF,0xFE,0xFF,0xFF,0xFF,0xFF,0xDF,0xFF,0xFE,0xD4,0x00,0x00,
  0x00,0x00,0x00,0x00,0x00,0x00,0x00,0x00,0x00,0x00,0x00,0x00,
  0x00,0x00,0x00,0x00,0x00,0x00,0x00,0x00,0x00,0x00,0x00,0x00,
  0x00,0x00,0x07,0xB6,0xDF,0xFF,0xFD,0xFB,0xFF,0xDB,0x6E,0xDA,
  0x2D,0xF6,0xDB,0xEF,0xFF,0xFF,0xFF,0xFF,0xFB,0xED,0xB6,0xFE,
  0xEF,0xFF,0xFF,0xAB,0x5B,0x6D,0xAD,0xBF,0x7F,0xEF,0xFF,0xF7,
  0xEF,0xF7,0xFF,0xFF,0xA0,0x00,0x00,0x00,0x00,0x00,0x00,0x00,
  0x00,0x00,0x00,0x00,0x00,0x00,0x00,0x00,0x00,0x00,0x00,0x00,
  0x00,0x00,0x00,0x00,0x00,0x00,0x00,0x00,0x00,0x00,0x07,0xDF,
  0xFF,0xEF,0xEF,0xFF,0xFF,0xB5,0xF7,0x77,0xB6,0x4B,0xB5,0x7F,
  0x6E,0xFF,0xFF,0xFF,0xFF,0xBF,0xFF,0xFB,0xFF,0xF7,0xBD,0x55,
  0x6A,0xB7,0xFF,0xFD,0xED,0xFF,0xF6,0xDF,0x7E,0xDF,0xFD,0x40,
  0x00,0x00,0x00,0x00,0x00,0x00,0x00,0x00,0x00,0x00,0x00,0x00,
  0x00,0x00,0x00,0x00,0x00,0x00,0x00,0x00,0x00,0x00,0x00,0x00,
  0x00,0x00,0x00,0x00,0x00,0x00,0x07,0xCF,0xFD,0xFF,0x7F,0xDF,
  0xFD,0xDF,0x6D,0xDE,0xFF,0xFF,0xFF,0xFF,0xFF,0xF7,0xFF,0xFF,
  0xFF,0xFF,0xFF,0xBF,0xFD,0xFF,0xFD,0x5B,0xBF,0xFF,0xFF,0xF7,
  0xFF,0xBB,0xBF,0xFF,0xFF,0xFD,0x00,0x00,0x00,0x00,0x00,0x00,
  0x00,0x00,0x00,0x00,0x00,0x00,0x00,0x00,0x00,0x00,0x00,0x00,
  0x00,0x00,0x00,0x00,0x00,0x00,0x00,0x00,0x00,0x00,0x00,0x00,
  0x00,0x00,0x06,0xC1,0xFF,0xFD,0xFF,0x7F,0x7F,0xBF,0xFF,0xFB,
  0xFF,0xFF,0xFF,0x7B,0xFF,0xDF,0x6D,0xFF,0xFB,0xFE,0xEE,0xFF,
  0xDF,0xDF,0xF7,0xFF,0xF7,0xFE,0xEF,0x7F,0xFF,0xFF,0xFF,0xFE,
  0xD2,0x00,0x00,0x00,0x00,0x00,0x00,0x00,0x00,0x00,0x00,0x00,
  0x00,0x00,0x00,0x00,0x00,0x00,0x00,0x00,0x00,0x00,0x00,0x00,
  0x00,0x00,0x00,0x00,0x00,0x00,0x00,0x00,0x00,0x00,0x03,0xC0,
  0x0B,0xBF,0xFF,0xFF,0xFF,0x7D,0xFE,0xEF,0xFF,0xFF,0x77,0xFF,
  0xFB,0xFF,0xFF,0xFD,0xDF,0xBB,0xFF,0xFF,0x7F,0xFE,0xFF,0xFF,
  0xFF,0x6F,0xFD,0xFF,0xBF,0xFF,0xD5,0x00,0x00,0x00,0x00,0x00,
  0x00,0x00,0x00,0x00,0x00,0x00,0x00,0x00,0x00,0x00,0x00,0x00,
  0x00,0x00,0x00,0x00,0x00,0x00,0x00,0x00,0x00,0x00,0x00,0x00,
  0x00,0x00,0x00,0x00,0x00,0x00,0x07,0xC0,0x00,0x1F,0xFF,0xFF,
  0xFF,0xF7,0xB7,0xFF,0xFD,0xDB,0xFF,0xFF,0xDF,0xFF,0xFF,0xDF,
  0xFF,0xFF,0xFF,0xED,0xFD,0xFB,0xDF,0xFD,0xDF,0xFF,0xFF,0xFD,
  0xE9,0x00,0x00,0x00,0x00,0x00,0x00,0x00,0x00,0x00,0x00,0x00,
  0x00,0x00,0x00,0x00,0x00,0x00,0x00,0x00,0x00,0x00,0x00,0x00,
  0x00,0x00,0x00,0x00,0x00,0x00,0x00,0x00,0x00,0x00,0x00,0x00,
  0x00,0x00,0x07,0xC0,0x00,0x1F,0xF7,0xFF,0xFB,0xBF,0xFF,0xBF,
  0xB7,0xFF,0xBF,0xFF,0xFF,0xFF,0xFF,0xFF,0xFE,0xFF,0xF7,0xFF,
  0xFF,0xFF,0xFF,0xEF,0xFB,0x6A,0x02,0x00,0x00,0x00,0x00,0x00,
  0x00,0x00,0x00,0x00,0x00,0x00,0x00,0x00,0x00,0x00,0x00,0x00,
  0x00,0x00,0x00,0x00,0x00,0x00,0x00,0x00,0x00,0x00,0x00,0x00,
  0x00,0x00,0x00,0x00,0x00,0x00,0x00,0x00,0x00,0x00,0x03,0xC0,
  0x00,0x1E,0xFE,0xF7,0xEE,0xFF,0xFD,0xFD,0xFF,0xBD,0xFF,0xFF,
  0xF5,0x55,0x6B,0x6A,0xAB,0xD6,0xBD,0x5B,0x5D,0x09,0x00,0x00,
  0x00,0x00,0x00,0x00,0x00,0x00,0x00,0x00,0x00,0x00,0x00,0x00,
  0x00,0x00,0x00,0x00,0x00,0x00,0x00,0x00,0x00,0x00,0x00,0x00,
  0x00,0x00,0x00,0x00,0x00,0x00,0x00,0x00,0x00,0x00,0x00,0x00,
  0x00,0x00,0x00,0x00,0x00,0x00,0x07,0xC0,0x00,0x1F,0xDF,0xFE,
  0xFE,0x7E,0xDF,0xFF,0xFF,0xF7,0xFF,0xFE,0x00,0x00,0x00,0x00,
  0x00,0x00,0x00,0x00,0x0C,0x00,0x00,0x00,0x00,0x00,0x00,0x00,
  0x00,0x00,0x00,0x00,0x00,0x00,0x00,0x00,0x00,0x00,0x00,0x00,
  0x00,0x00,0x00,0x00,0x00,0x00,0x00,0x00,0x00,0x00,0x00,0x00,
  0x00,0x00,0x00,0x00,0x00,0x00,0x00,0x00,0x00,0x00,0x00,0x00,
  0x00,0x00,0x03,0x80,0x00,0x1F,0xFF,0xDF,0xF8,0x07,0xFF,0xEF,
  0xFD,0xFF,0xFF,0xFE,0x00,0x00,0x00,0x00,0x00,0x00,0x00,0x00,
  0x04,0x00,0x00,0x00,0x00,0x00,0x00,0x00,0x00,0x00,0x00,0x00,
  0x00,0x00,0x00,0x00,0x00,0x00,0x00,0x00,0x00,0x00,0x00,0x00,
  0x00,0x00,0x00,0x00,0x00,0x00,0x00,0x00,0x00,0x00,0x00,0x00,
  0x00,0x00,0x00,0x00,0x00,0x00,0x00,0x00,0x00,0x00,0x07,0xC0,
  0x00,0x07,0xFB,0xFF,0xFC,0x00,0x15,0xFF,0xFF,0xFF,0xFF,0xF0,
  0x00,0x00,0x00,0x00,0x00,0x00,0x00,0x00,0x0C,0x00,0x00,0x00,
  0x00,0x00,0x00,0x00,0x00,0x00,0x00,0x00,0x00,0x00,0x00,0x00,
  0x00,0x00,0x00,0x00,0x00,0x00,0x00,0x00,0x00,0x00,0x00,0x00,
  0x00,0x00,0x00,0x00,0x00,0x00,0x00,0x00,0x00,0x00,0x00,0x00,
  0x00,0x00,0x00,0x00,0x00,0x00,0x03,0x80,0x00,0x00,0xBF,0xFD,
  0x78,0x00,0x01,0xFF,0xBF,0xFF,0xF8,0x00,0x00,0x00,0x00,0x00,
  0x00,0x00,0x00,0x00,0x04,0x00,0x00,0x00,0x00,0x00,0x00,0x00,
  0x00,0x00,0x00,0x00,0x00,0x00,0x00,0x00,0x00,0x00,0x00,0x00,
  0x00,0x00,0x00,0x00,0x00,0x00,0x00,0x00,0x00,0x00,0x00,0x00,
  0x00,0x00,0x00,0x00,0x00,0x00,0x00,0x00,0x00,0x00,0x00,0x00,
  0x00,0x00,0x03,0xC0,0x00,0x00,0x02,0x00,0x78,0x00,0x01,0xBD,
  0xF7,0xFF,0xF0,0x00,0x00,0x00,0x00,0x00,0x00,0x00,0x00,0x00,
  0x00,0x00,0x00,0x00,0x00,0x00,0x00,0x00,0x00,0x00,0x00,0x00,
  0x00,0x00,0x00,0x00,0x00,0x00,0x00,0x00,0x00,0x00,0x00,0x00,
  0x00,0x00,0x00,0x00,0x00,0x00,0x00,0x00,0x00,0x00,0x00,0x00,
  0x00,0x00,0x00,0x00,0x00,0x00,0x00,0x00,0x00,0x00,0x03,0x80,
  0x00,0x00,0x00,0x00,0x78,0x00,0x00,0xF7,0xFF,0xB7,0x60,0x00,
  0x00,0x00,0x00,0x00,0x00,0x00,0x00,0x00,0x00,0x00,0x00,0x00,
  0x00,0x00,0x00,0x00,0x00,0x00,0x00,0x00,0x00,0x00,0x00,0x00,
  0x00,0x00,0x00,0x00,0x00,0x00,0x00,0x00,0x00,0x00,0x00,0x00,
  0x00,0x00,0x00,0x00,0x00,0x00,0x00,0x00,0x00,0x00,0x00,0x00,
  0x00,0x00,0x00,0x00,0x00,0x00,0x03,0x80,0x00,0x00,0x00,0x00,
  0x78,0x00,0x01,0xFF,0xFE,0xFF,0xC0,0x00,0x00,0x00,0x00,0x00,
  0x00,0x00,0x00,0x00,0x00,0x00,0x00,0x00,0x00,0x00,0x00,0x00,
  0x00,0x00,0x00,0x00,0x00,0x00,0x00,0x00,0x00,0x00,0x00,0x00,
  0x00,0x00,0x00,0x00,0x00,0x00,0x00,0x00,0x00,0x00,0x00,0x00,
  0x00,0x00,0x00,0x00,0x00,0x00,0x00,0x00,0x00,0x00,0x00,0x00,
  0x00,0x00,0x03,0x80,0x00,0x00,0x00,0x00,0x78,0x00,0x00,0xFF,
  0xBF,0xFF,0x00,0x00,0x00,0x00,0x00,0x00,0x00,0x00,0x00,0x00,
  0x00,0x00,0x00,0x00,0x00,0x00,0x00,0x00,0x00,0x00,0x00,0x00,
  0x00,0x00,0x00,0x00,0x00,0x00,0x00,0x00,0x00,0x00,0x00,0x00,
  0x00,0x00,0x00,0x00,0x00,0x00,0x00,0x00,0x00,0x00,0x00,0x00,
  0x00,0x00,0x00,0x00,0x00,0x00,0x00,0x00,0x00,0x00,0x03,0x80,
  0x00,0x00,0x00,0x00,0x78,0x00,0x00,0x1F,0xFF,0xF8,0x00,0x00,
  0x00,0x00,0x00,0x00,0x00,0x00,0x00,0x00,0x00,0x00,0x00,0x00,
  0x00,0x00,0x00,0x00,0x00,0x00,0x00,0x00,0x00,0x00,0x00,0x00,
  0x00,0x00,0x00,0x00,0x00,0x00,0x00,0x00,0x00,0x00,0x00,0x00,
  0x00,0x00,0x00,0x00,0x00,0x00,0x00,0x00,0x00,0x00,0x00,0x00,
  0x00,0x00,0x00,0x00,0x00,0x00,0x03,0x80,0x00,0x00,0x00,0x00,
  0x78,0x00,0x00,0x01,0x76,0x80,0x00,0x00,0x00,0x00,0x00,0x00,
  0x00,0x00,0x00,0x00,0x00,0x00,0x00,0x00,0x00,0x00,0x00,0x00,
  0x00,0x00,0x00,0x00,0x00,0x00,0x00,0x00,0x00,0x00,0x00,0x00,
  0x00,0x00,0x00,0x00,0x00,0x00,0x00,0x00,0x00,0x00,0x00,0x00,
  0x00,0x00,0x00,0x00,0x00,0x00,0x00,0x00,0x00,0x00,0x00,0x00,
  0x00,0x00,0x01,0x00,0x00,0x00,0x00,0x00,0x70,0x00,0x00,0x00,
  0x00,0x00,0x00,0x00,0x00,0x00,0x00,0x00,0x00,0x00,0x00,0x00,
  0x00,0x00,0x00,0x00,0x00,0x00,0x00,0x00,0x00,0x00,0x00,0x00,
  0x00,0x00,0x00,0x00,0x00,0x00,0x00,0x00,0x00,0x00,0x00,0x00,
  0x00,0x00,0x00,0x00,0x00,0x00,0x00,0x00,0x00,0x00,0x00,0x00,
  0x00,0x00,0x00,0x00,0x00,0x00,0x00,0x00,0x00,0x00,0x01,0x00,
  0x00,0x00,0x00,0x00,0x78,0x00,0x00,0x00,0x00,0x00,0x00,0x00,
  0x00,0x00,0x00,0x00,0x00,0x00,0x00,0x00,0x00,0x00,0x00,0x00,
  0x00,0x00,0x00,0x00,0x00,0x00,0x00,0x00,0x00,0x00,0x00,0x00,
  0x00,0x00,0x00,0x00,0x00,0x00,0x00,0x00,0x00,0x00,0x00,0x00,
  0x00,0x00,0x00,0x00,0x00,0x00,0x00,0x00,0x00,0x00,0x00,0x00,
  0x00,0x00,0x00,0x00,0x00,0x00,0x00,0x00,0x00,0x00,0x00,0x00,
  0x70,0x00,0x00,0x00,0x00,0x00,0x00,0x00,0x00,0x00,0x00,0x00,
  0x00,0x00,0x00,0x00,0x00,0x00,0x00,0x00,0x00,0x00,0x00,0x00,
  0x00,0x00,0x00,0x00,0x00,0x00,0x00,0x00,0x00,0x00,0x00,0x00,
  0x00,0x00,0x00,0x00,0x00,0x00,0x00,0x00,0x00,0x00,0x00,0x00,
  0x00,0x00,0x00,0x00,0x00,0x00,0x00,0x00,0x00,0x00,0x00,0x00,
  0x00,0x00,0x00,0x00,0x00,0x00,0x00,0x00,0x70,0x00,0x00,0x00,
  0x00,0x00,0x00,0x00,0x00,0x00,0x00,0x00,0x00,0x00,0x00,0x00,
  0x00,0x00,0x00,0x00,0x00,0x00,0x00,0x00,0x00,0x00,0x00,0x00,
  0x00,0x00,0x00,0x00,0x00,0x00,0x00,0x00,0x00,0x00,0x00,0x00,
  0x00,0x00,0x00,0x00,0x00,0x00,0x00,0x00,0x00,0x00,0x00,0x00,
  0x00,0x00,0x00,0x00,0x00,0x00,0x00,0x00,0x00,0x00,0x00,0x00,
  0x00,0x00,0x00,0x00,0x70,0x00,0x00,0x00,0x00,0x00,0x00,0x00,
  0x00,0x00,0x00,0x00,0x00,0x00,0x00,0x00,0x00,0x00,0x00,0x00,
  0x00,0x00,0x00,0x00,0x00,0x00,0x00,0x00,0x00,0x00,0x00,0x00,
  0x00,0x00,0x00,0x00,0x00,0x00,0x00,0x00,0x00,0x00,0x00,0x00,
  0x00,0x00,0x00,0x00,0x00,0x00,0x00,0x00,0x00,0x00,0x00,0x00,
  0x00,0x00,0x00,0x00,0x00,0x00,0x00,0x00,0x00,0x00,0x00,0x00,
  0x70,0x00,0x00,0x00,0x00,0x00,0x00,0x00,0x00,0x00,0x00,0x00,
  0x00,0x00,0x00,0x00,0x00,0x00,0x00,0x00,0x00,0x00,0x00,0x00,
  0x00,0x00,0x00,0x00,0x00,0x00,0x00,0x00,0x00,0x00,0x00,0x00,
  0x00,0x00,0x00,0x00,0x00,0x00,0x00,0x00,0x00,0x00,0x00,0x00,
  0x00,0x00,0x00,0x00,0x00,0x00,0x00,0x00,0x00,0x00,0x00,0x00,
  0x00,0x00,0x00,0x00,0x00,0x00,0x00,0x00,0x20,0x00,0x00,0x00,
  0x00,0x00,0x00,0x00,0x00,0x00,0x00,0x00,0x00,0x00,0x00,0x00,
  0x00,0x00,0x00,0x00,0x00,0x00,0x00,0x00,0x00,0x00,0x00,0x00,
  0x00,0x00,0x00,0x00,0x00,0x00,0x00,0x00,0x00,0x00,0x00,0x00,
  0x00,0x00,0x00,0x00,0x00,0x00,0x00,0x00,0x00,0x00,0x00,0x00,
  0x00,0x00,0x00,0x00,0x00,0x00,0x00,0x00,0x00,0x00,0x00,0x00,
  0x00,0x00,0x00,0x00,0x20,0x00,0x00,0x00,0x00,0x00,0x00,0x00,
  0x00,0x00,0x00,0x00,0x00,0x00,0x00,0x00,0x00,0x00,0x00,0x00,
  0x00,0x00,0x00,0x00,0x00,0x00,0x00,0x00,0x00,0x00,0x00,0x00,
  0x00,0x00,0x00,0x00,0x00,0x00,0x00,0x00,0x00,0x00,0x00,0x00,
  0x00,0x00,0x00,0x00,0x00,0x00,0x00,0x00,
};

// Helicopter.png  (540x145)
static const uint8_t art_helicopter[] PROGMEM = {
  0x00,0x00,0x00,0x00,0x00,0x00,0x00,0x00,0x00,0x00,0x00,0x00,
  0x00,0x00,0x00,0x00,0x00,0x00,0x00,0x00,0x00,0x00,0x00,0x00,
  0x00,0x00,0x00,0x00,0x00,0x00,0x00,0x00,0x00,0x00,0x00,0x00,
  0x00,0x00,0x00,0x00,0x00,0x00,0x00,0x00,0x00,0x00,0x00,0x00,
  0x00,0x00,0x00,0x00,0x00,0x00,0x00,0x00,0x00,0x00,0x00,0x00,
  0x00,0x00,0x00,0x00,0x00,0x00,0x40,0x00,0x00,0x00,0x00,0x00,
  0x00,0x00,0x00,0x00,0x00,0x00,0x00,0x00,0x00,0x00,0x00,0x00,
  0x00,0x00,0x00,0x00,0x00,0x00,0x00,0x00,0x00,0x00,0x00,0x00,
  0x00,0x00,0x00,0x00,0x00,0x00,0x00,0x00,0x00,0x00,0x00,0x00,
  0x00,0x00,0x00,0x00,0x00,0x00,0x00,0x00,0x00,0x00,0x00,0x00,
  0x00,0x00,0x00,0x00,0x00,0x00,0x00,0x00,0x00,0x00,0x00,0x00,
  0x00,0x00,0xF0,0x00,0x00,0x00,0x00,0x00,0x00,0x00,0x00,0x00,
  0x00,0x00,0x00,0x00,0x00,0x00,0x00,0x00,0x00,0x00,0x00,0x00,
  0x00,0x00,0x00,0x00,0x00,0x00,0x00,0x00,0x00,0x00,0x00,0x00,
  0x00,0x00,0x00,0x00,0x00,0x00,0x00,0x00,0x00,0x00,0x00,0x00,
  0x00,0x00,0x00,0x00,0x00,0x00,0x00,0x00,0x00,0x00,0x00,0x00,
  0x00,0x00,0x00,0x00,0x00,0x00,0x00,0x00,0x00,0x01,0xBC,0x00,
  0x00,0x00,0x00,0x00,0x00,0x00,0x00,0x00,0x00,0x00,0x00,0x00,
  0x00,0x00,0x00,0x00,0x00,0x00,0x00,0x00,0x00,0x00,0x00,0x00,
  0x00,0x00,0x00,0x00,0x00,0x00,0x00,0x00,0x00,0x00,0x00,0x00,
  0x00,0x00,0x00,0x00,0x00,0x00,0x00,0x00,0x00,0x00,0x00,0x00,
  0x00,0x00,0x00,0x00,0x00,0x00,0x00,0x00,0x00,0x00,0x00,0x00,
  0x00,0x00,0x00,0x00,0x00,0x03,0x4E,0x00,0x00,0x00,0x00,0x00,
  0x00,0x00,0x00,0x00,0x00,0x00,0x00,0x00,0x00,0x00,0x00,0x00,
  0x00,0x00,0x00,0x00,0x00,0x00,0x00,0x00,0x00,0x00,0x00,0x00,
  0x00,0x00,0x00,0x00,0x00,0x00,0x00,0x00,0x00,0x00,0x00,0x00,
  0x00,0x00,0x00,0x00,0x00,0x00,0x00,0x00,0x00,0x00,0x00,0x00,
  0x00,0x00,0x00,0x00,0x00,0x00,0x00,0x00,0x00,0x00,0x00,0x00,
  0x00,0x02,0xB7,0x00,0x00,0x00,0x00,0x00,0x00,0x00,0x00,0x00,
  0x00,0x00,0x00,0x00,0x00,0x00,0x00,0x00,0x00,0x00,0x00,0x00,
  0x00,0x00,0x00,0x00,0x00,0x00,0x00,0x00,0x00,0x00,0x00,0x00,
  0x00,0x00,0x00,0x00,0x00,0x00,0x00,0x00,0x00,0x00,0x00,0x00,
  0x00,0x00,0x00,0x00,0x00,0x00,0x00,0x00,0x00,0x00,0x00,0x00,
  0x00,0x00,0x00,0x00,0x00,0x00,0x00,0x00,0x00,0x06,0x93,0x00,
  0x00,0x00,0x00,0x00,0x00,0x00,0x00,0x00,0x00,0x00,0x00,0x00,
  0x00,0x00,0x00,0x00,0x00,0x00,0x00,0x00,0x00,0x00,0x00,0x00,
  0x00,0x00,0x00,0x00,0x00,0x00,0x00,0x00,0x00,0x00,0x00,0x00,
  0x00,0x00,0x00,0x00,0x00,0x00,0x00,0x00,0x00,0x00,0x00,0x00,
  0x00,0x00,0x00,0x00,0x00,0x00,0x00,0x00,0x00,0x00,0x00,0x00,
  0x00,0x00,0x00,0x00,0x00,0x0C,0xAC,0x00,0x00,0x00,0x00,0x00,
  0x00,0x00,0x00,0x00,0x00,0x00,0x00,0x00,0x00,0x00,0x00,0x00,
  0x00,0x00,0x00,0x00,0x00,0x00,0x00,0x00,0x00,0x00,0x00,0x00,
  0x00,0x00,0x00,0x00,0x00,0x00,0x00,0x00,0x00,0x00,0x00,0x00,
  0x00,0x00,0x00,0x00,0x00,0x00,0x00,0x00,0x00,0x00,0x00,0x00,
  0x00,0x00,0x00,0x00,0x00,0x00,0x00,0x00,0x00,0x00,0x00,0x00,
  0x00,0x19,0x2A,0x00,0x00,0x00,0x00,0x00,0x00,0x00,0x00,0x00,
  0x00,0x00,0x00,0x00,0x00,0x00,0x00,0x00,0x00,0x00,0x00,0x00,
  0x00,0x00,0x00,0x00,0x00,0x00,0x00,0x00,0x00,0x00,0x00,0x00,
  0x00,0x00,0x00,0x00,0x00,0x00,0x00,0x00,0x00,0x00,0x00,0x00,
  0x00,0x00,0x00,0x00,0x00,0x00,0x00,0x00,0x00,0x00,0x00,0x00,
  0x00,0x00,0x00,0x00,0x00,0x00,0x00,0x00,0x00,0x12,0x4C,0x00,
  0x00,0x00,0x00,0x00,0x00,0x00,0x00,0x00,0x00,0x00,0x00,0x00,
  0x00,0x00,0x00,0x00,0x00,0x00,0x00,0x00,0x00,0x00,0x00,0x00,
  0x00,0x00,0x00,0x00,0x00,0x00,0x00,0x00,0x00,0x00,0x00,0x00,
  0x00,0x00,0x00,0x00,0x00,0x00,0x00,0x00,0x00,0x00,0x00,0x00,
  0x00,0x00,0x00,0x00,0x00,0x00,0x00,0x00,0x00,0x00,0x00,0x00,
  0x00,0x00,0x00,0x00,0x00,0x31,0x28,0x00,0x00,0x00,0x00,0x00,
  0x00,0x00,0x00,0x00,0x00,0x00,0x00,0x00,0x00,0x00,0x00,0x00,
  0x00,0x00,0x00,0x00,0x00,0x00,0x00,0x00,0x00,0x00,0x00,0x00,
  0x00,0x00,0x00,0x00,0x00,0x00,0x00,0x00,0x00,0x00,0x00,0x00,
  0x00,0x00,0x00,0x00,0x00,0x00,0x00,0x00,0x00,0x00,0x00,0x00,
  0x00,0x00,0x00,0x00,0x00,0x00,0x00,0x00,0x00,0x00,0x00,0x00,
  0x00,0x64,0x90,0x00,0x00,0x00,0x00,0x00,0x00,0x00,0x00,0x00,
  0x00,0x00,0x00,0x00,0x00,0x00,0x00,0x00,0x00,0x00,0x00,0x00,
  0x00,0x00,0x00,0x00,0x00,0x00,0x00,0x00,0x00,0x00,0x00,0x00,
  0x00,0x00,0x00,0x00,0x00,0x00,0x00,0x00,0x00,0x00,0x00,0x00,
  0x00,0x00,0x00,0x00,0x00,0x00,0x00,0x00,0x00,0x00,0x00,0x00,
  0x00,0x00,0x00,0x00,0x00,0x00,0x00,0x00,0x00,0x4A,0x50,0x00,
  0x00,0x00,0x00,0x00,0x00,0x00,0x00,0x00,0x00,0x00,0x00,0x00,
  0x00,0x00,0x00,0x00,0x00,0x00,0x00,0x00,0x00,0x00,0x00,0x00,
  0x00,0x00,0x54,0x00,0x00,0x00,0x00,0x00,0x00,0x00,0x00,0x00,
  0x00,0x00,0x00,0x00,0x00,0x00,0x00,0x00,0x00,0x00,0x00,0x00,
  0x00,0x00,0x00,0x00,0x00,0x00,0x00,0x00,0x00,0x00,0x00,0x00,
  0x00,0x00,0x00,0x00,0x00,0xE4,0xA0,0x00,0x00,0x00,0x00,0x00,
  0x00,0x00,0x00,0x00,0x00,0x00,0x00,0x00,0x00,0x00,0x00,0x00,
  0x00,0x00,0x00,0x00,0x00,0x00,0x00,0x00,0x00,0x07,0xFE,0x00,
  0x00,0x00,0x00,0x00,0x00,0x00,0x00,0x00,0x00,0x00,0x00,0x00,
  0x00,0x00,0x00,0x00,0x00,0x00,0x00,0x00,0x00,0x00,0x00,0x00,
  0x00,0x00,0x00,0x00,0x00,0x00,0x00,0x00,0x00,0x00,0x00,0x00,
  0x01,0xF9,0x20,0x00,0x00,0x00,0x00,0x00,0x00,0x00,0x00,0x00,
  0x00,0x00,0x00,0x00,0x00,0x00,0x00,0x00,0x00,0x00,0x00,0x00,
  0x00,0x00,0x00,0x00,0x00,0x07,0xFC,0x04,0x08,0x05,0x00,0x00,
  0x00,0x00,0x00,0x00,0x00,0x00,0x00,0x00,0x00,0x00,0x00,0x00,
  0x00,0x00,0x00,0x00,0x00,0x00,0x00,0x00,0x00,0x00,0x00,0x00,
  0x00,0x00,0x00,0x00,0x00,0x00,0x00,0x00,0x03,0xFC,0xC0,0x00,
  0x00,0x00,0x00,0x00,0x00,0x00,0x00,0x00,0x00,0x00,0x00,0x00,
  0x00,0x00,0x00,0x00,0x00,0x00,0x00,0x00,0x00,0x00,0x00,0x00,
  0x02,0x0B,0xF7,0xFF,0xFF,0xFF,0xF5,0x44,0x95,0x56,0xFF,0xFF,
  0xFF,0xFF,0xFF,0xFF,0xFF,0xFF,0xFF,0xFF,0xFB,0xB6,0xAA,0xA4,
  0x00,0x00,0x00,0x00,0x00,0x00,0x00,0x00,0x00,0x00,0x00,0x00,
  0x00,0x00,0x00,0x00,0x03,0xFE,0x80,0x00,0x00,0x00,0x00,0x00,
  0x00,0x00,0x00,0x00,0x00,0x00,0x00,0x00,0x00,0x00,0x00,0x00,
  0x00,0x00,0x00,0x00,0x00,0x00,0x00,0x0B,0xFF,0xFF,0xFF,0xFD,
  0xD7,0xFF,0xFF,0xFF,0xFF,0xFF,0xED,0xDF,0xFF,0xFF,0xFF,0xFF,
  0xFF,0xFF,0xFF,0xFB,0xBF,0xFF,0xFF,0xFF,0xFF,0xFF,0xFF,0xED,
  0x55,0x28,0x00,0x00,0x00,0x00,0x00,0x00,0x00,0x00,0x00,0x00,
  0x07,0xEF,0x80,0x00,0x00,0x00,0x00,0x00,0x00,0x00,0x00,0x00,
  0x00,0x00,0x00,0x00,0x00,0x00,0x00,0x00,0x00,0x00,0x00,0x00,
  0x00,0x00,0x7F,0xFF,0xFB,0xFF,0xFF,0xD2,0x25,0xFF,0xFF,0xFF,
  0xFF,0xFF,0xBF,0xFB,0x6D,0xBB,0xDF,0xFF,0xFF,0xFF,0xF7,0x6F,
  0xFF,0xFF,0xFF,0xFF,0xFF,0xFF,0xFD,0xFF,0xFF,0xFF,0xFF,0xED,
  0x40,0x00,0x00,0x00,0x00,0x00,0x00,0x00,0x0F,0xBF,0x00,0x00,
  0x00,0x00,0x00,0x00,0x00,0x00,0x00,0x00,0x00,0x00,0x00,0x00,
  0x00,0x00,0x00,0x00,0x00,0x00,0x00,0x00,0x00,0x02,0xFF,0xFD,
  0x16,0xFF,0xFF,0x6D,0xDF,0x7E,0xDF,0xFE,0xF7,0x7F,0xFF,0xFF,
  0xFF,0xFF,0xFE,0xED,0xB6,0xDA,0xDF,0xFE,0xED,0xBF,0xFF,0xFF,
  0xFF,0xFF,0xFF,0xFF,0xFF,0xEF,0xFF,0x7F,0xBF,0xED,0x50,0x00,
  0x00,0x00,0x00,0x00,0x0F,0xFE,0x00,0x00,0x00,0x00,0x00,0x00,
  0x00,0x00,0x00,0x00,0x00,0x00,0x00,0x00,0x00,0x00,0x00,0x00,
  0x00,0x00,0x00,0x00,0xAD,0xFF,0xFF,0xDD,0x6B,0x7F,0xFD,0xFF,
  0xFD,0xFF,0xFF,0x77,0xDD,0xD5,0x54,0x08,0x80,0x00,0x00,0x00,
  0x00,0x00,0x00,0x00,0x00,0x00,0x00,0x00,0x00,0x09,0x2A,0xAD,
  0xEF,0x7F,0x6D,0xDB,0x40,0x02,0xB8,0x00,0x00,0x00,0x00,0x00,
  0x1E,0xFC,0x00,0x00,0x00,0x00,0x00,0x00,0x00,0x00,0x00,0x00,
  0x00,0x00,0x00,0x00,0x00,0x00,0x00,0x00,0x00,0x01,0x57,0xFF,
  0xFF,0xFF,0xFF,0xDF,0xFF,0xFF,0xFF,0xFB,0xFF,0xFF,0xE0,0x00,
  0x00,0x00,0x00,0x00,0x00,0x00,0x00,0x00,0x00,0x00,0x00,0x00,
  0x00,0x00,0x00,0x00,0x00,0x00,0x00,0x00,0x00,0x12,0xFF,0xFF,
  0xF9,0x28,0x07,0x00,0x00,0x00,0x00,0x00,0x3F,0xFC,0x00,0x00,
  0x00,0x00,0x00,0x00,0x00,0x00,0x00,0x00,0x00,0x00,0x00,0x00,
  0x00,0x00,0x00,0x02,0x5F,0xFF,0xFF,0xFF,0xFF,0xFF,0xF7,0xFE,
  0xFF,0xFF,0xFF,0xFF,0xDF,0xAF,0x00,0x00,0x00,0x00,0x00,0x00,
  0x00,0x00,0x00,0x00,0x00,0x00,0x00,0x00,0x00,0x00,0x00,0x00,
  0x00,0x00,0x00,0x00,0x00,0x00,0x00,0x04,0xDF,0xDF,0xD5,0xC0,
  0x00,0x00,0x00,0x00,0x3F,0xE8,0x00,0x00,0x00,0x00,0x00,0x00,
  0x00,0x00,0x00,0x00,0x00,0x00,0x00,0x00,0x00,0x02,0xB7,0xFF,
  0xFF,0xFF,0xFF,0xFF,0xFF,0xFF,0xFF,0xFF,0xFF,0xDD,0xF6,0x16,
  0x00,0x00,0x00,0x00,0x00,0x00,0x00,0x00,0x00,0x00,0x00,0x00,
  0x00,0x00,0x00,0x00,0x00,0x00,0x00,0x00,0x00,0x00,0x00,0x00,
  0x00,0x00,0x00,0x00,0x00,0x00,0x2B,0x80,0x00,0x00,0x00,0x00,
  0x7D,0xF8,0x00,0x00,0x00,0x00,0x00,0x00,0x00,0x00,0x00,0x00,
  0x00,0x00,0x00,0x00,0xAF,0xFF,0xFF,0xFF,0xFD,0xFF,0xFF,0xFF,
  0x69,0x00,0x7E,0xA4,0x8A,0x8D,0xF2,0x00,0x00,0x00,0x00,0x00,
  0x00,0x00,0x00,0x00,0x00,0x00,0x00,0x00,0x00,0x00,0x00,0x00,
  0x00,0x00,0x00,0x00,0x00,0x00,0x00,0x00,0x00,0x00,0x00,0x00,
  0x00,0x00,0x00,0x00,0x00,0x00,0x00,0x00,0xFF,0xF0,0x00,0x00,
  0x00,0x00,0x00,0x00,0x00,0x00,0x00,0x00,0x00,0x00,0x2B,0xFF,
  0xFF,0xFF,0xFF,0xFF,0xFF,0xF6,0xA0,0x00,0x00,0x00,0x00,0x00,
  0x00,0x0C,0xF6,0x00,0x00,0x00,0x00,0x00,0x00,0x00,0x00,0x00,
  0x00,0x00,0x00,0x00,0x00,0x00,0x00,0x00,0x00,0x00,0x00,0x00,
  0x00,0x00,0x00,0x00,0x00,0x00,0x00,0x00,0x00,0x00,0x00,0x00,
  0x00,0x00,0x00,0x00,0xFF,0xA0,0x00,0x00,0x00,0x00,0x00,0x00,
  0x00,0x00,0x00,0x00,0x05,0x7F,0xFF,0xFF,0xFE,0xFF,0xFF,0xB5,
  0x40,0x00,0x00,0x00,0x00,0x00,0x00,0x00,0x00,0x05,0xFE,0x00,
  0x00,0x00,0x00,0x00,0x00,0x00,0x00,0x00,0x00,0x00,0x00,0x00,
  0x00,0x00,0x00,0x00,0x00,0x00,0x00,0x00,0x00,0x00,0x00,0x00,
  0x00,0x00,0x00,0x00,0x00,0x00,0x00,0x00,0x00,0x00,0x00,0x01,
  0xF7,0xE0,0x00,0x00,0x00,0x00,0x00,0x00,0x00,0x00,0x00,0xAF,
  0xFF,0xFF,0xFF,0xFF,0xFF,0xD5,0x00,0x00,0x00,0x00,0x00,0x00,
  0x00,0x00,0x00,0x00,0x00,0x0F,0xFE,0x00,0x00,0x00,0x00,0x00,
  0x00,0x00,0x00,0x00,0x00,0x00,0x00,0x00,0x00,0x00,0x00,0x00,
  0x00,0x00,0x00,0x00,0x00,0x00,0x00,0x00,0x00,0x00,0x00,0x00,
  0x00,0x00,0x00,0x00,0x00,0x00,0x00,0x03,0xFE,0xC0,0x00,0x00,
  0x00,0x00,0x00,0x00,0x00,0x0A,0xFF,0xFF,0xFF,0xFF,0xFF,0x55,
  0x00,0x00,0x00,0x00,0x00,0x00,0x00,0x00,0x00,0x00,0x00,0x00,
  0x00,0x0F,0xFF,0x00,0x00,0x00,0x00,0x00,0x00,0x00,0x00,0x00,
  0x00,0x00,0x00,0x00,0x00,0x00,0x00,0x00,0x00,0x00,0x00,0x00,
  0x00,0x00,0x00,0x00,0x00,0x00,0x00,0x00,0x00,0x00,0x00,0x00,
  0x00,0x00,0x00,0x03,0xFF,0x80,0x00,0x00,0x00,0x00,0x00,0x00,
  0xAF,0xFF,0xFF,0xFF,0xFF,0xD5,0x00,0x00,0x00,0x00,0x00,0x00,
  0x00,0x00,0x00,0x00,0x00,0x00,0x00,0x00,0x00,0x0F,0xFE,0x00,
  0x00,0x00,0x00,0x00,0x00,0x00,0x00,0x00,0x00,0x00,0x00,0x00,
  0x00,0x00,0x00,0x00,0x00,0x00,0x00,0x00,0x00,0x00,0x00,0x00,
  0x00,0x00,0x00,0x00,0x00,0x00,0x00,0x00,0x00,0x00,0x00,0x03,
  0xDF,0x80,0x00,0x00,0x00,0x00,0x05,0x7F,0xFF,0xFF,0xFF,0xFA,
  0xA0,0x00,0x00,0x00,0x00,0x00,0x00,0x00,0x00,0x00,0x00,0x00,
  0x00,0x00,0x00,0x00,0x00,0x0F,0xF6,0x00,0x00,0x00,0x00,0x00,
  0x00,0x00,0x00,0x00,0x00,0x00,0x00,0x00,0x00,0x00,0x00,0x00,
  0x00,0x00,0x00,0x00,0x00,0x00,0x00,0x00,0x00,0x00,0x00,0x00,
  0x00,0x00,0x00,0x00,0x00,0x00,0x00,0x01,0xFE,0x00,0x00,0x00,
  0x00,0x2B,0x77,0xFF,0xFF,0xFF,0xA8,0x00,0x00,0x00,0x00,0x00,
  0x00,0x00,0x00,0x00,0x00,0x00,0x00,0x00,0x00,0x00,0x00,0x00,
  0x00,0x06,0xD6,0x00,0x00,0x00,0x00,0x00,0x00,0x00,0x00,0x00,
  0x00,0x00,0x00,0x00,0x00,0x00,0x00,0x00,0x00,0x00,0x00,0x00,
  0x00,0x00,0x00,0x00,0x00,0x00,0x00,0x00,0x00,0x00,0x00,0x00,
  0x00,0x00,0x00,0x03,0xFA,0x00,0x00,0x00,0x57,0xA4,0x09,0xFF,
  0xFA,0x80,0x00,0x00,0x00,0x00,0x00,0x00,0x00,0x00,0x00,0x00,
  0x00,0x00,0x00,0x00,0x00,0x00,0x00,0x00,0x00,0x06,0xF6,0x00,
  0x00,0x00,0x00,0x00,0x00,0x00,0x00,0x00,0x00,0x00,0x00,0x00,
  0x00,0x00,0x00,0x00,0x00,0x00,0x00,0x00,0x00,0x00,0x00,0x00,
  0x00,0x00,0x00,0x00,0x00,0x00,0x00,0x00,0x00,0x00,0x00,0x01,
  0xFE,0x00,0x00,0x00,0xF0,0x15,0xFF,0xA8,0x00,0x00,0x00,0x00,
  0x00,0x00,0x00,0x00,0x00,0x00,0x00,0x00,0x00,0x00,0x00,0x00,
  0x00,0x00,0x00,0x00,0x00,0x06,0xF6,0x00,0x00,0x00,0x00,0x00,
  0x00,0x00,0x00,0x00,0x00,0x00,0x00,0x00,0x00,0x00,0x00,0x00,
  0x00,0x00,0x00,0x00,0x00,0x00,0x00,0x00,0x00,0x00,0x00,0x00,
  0x00,0x00,0x00,0x00,0x00,0x00,0x00,0x03,0xC0,0x00,0x00,0x00,
  0x3F,0xFF,0xA0,0x00,0x00,0x00,0x00,0x00,0x00,0x00,0x00,0x00,
  0x00,0x00,0x00,0x00,0x00,0x00,0x00,0x00,0x00,0x00,0x00,0x00,
  0x00,0x06,0xFC,0x00,0x00,0x00,0x00,0x00,0x00,0x00,0x00,0x00,
  0x00,0x00,0x00,0x00,0x00,0x00,0x00,0x00,0x00,0x00,0x00,0x00,
  0x00,0x00,0x00,0x00,0x00,0x00,0x00,0x00,0x00,0x00,0x00,0x00,
  0x00,0x00,0x00,0x27,0xC0,0x00,0x00,0x00,0x0D,0x40,0x00,0x00,
  0x00,0x00,0x00,0x00,0x00,0x00,0x00,0x00,0x00,0x00,0x00,0x00,
  0x00,0x00,0x00,0x00,0x00,0x00,0x00,0x00,0x00,0x06,0xF6,0x00,
  0x00,0x00,0x00,0x00,0x00,0x00,0x00,0x00,0x00,0x00,0x00,0x00,
  0x00,0x00,0x00,0x00,0x00,0x00,0x00,0x00,0x00,0x00,0x00,0x00,
  0x00,0x00,0x00,0x00,0x00,0x00,0x00,0x00,0x00,0x00,0x00,0xFF,
  0x80,0x00,0x00,0x00,0x00,0x00,0x00,0x00,0x00,0x00,0x00,0x00,
  0x00,0x00,0x00,0x00,0x00,0x00,0x00,0x00,0x00,0x00,0x00,0x00,
  0x00,0x00,0x00,0x00,0x00,0x03,0xFC,0x00,0x00,0x00,0x00,0x00,
  0x00,0x00,0x00,0x00,0x00,0x00,0x00,0x00,0x00,0x00,0x00,0x00,
  0x00,0x00,0x00,0x00,0x00,0x00,0x00,0x00,0x00,0x00,0x00,0x00,
  0x00,0x00,0x00,0x00,0x00,0x00,0x01,0x8F,0x00,0x00,0x00,0x00,
  0x00,0x00,0x00,0x00,0x00,0x00,0x00,0x00,0x00,0x00,0x00,0x00,
  0x00,0x00,0x00,0x00,0x00,0x00,0x00,0x00,0x00,0x00,0x00,0x00,
  0x00,0x06,0xDE,0x00,0x00,0x00,0x00,0x00,0x00,0x00,0x00,0x00,
  0x00,0x00,0x00,0x00,0x00,0x00,0x00,0x00,0x00,0x00,0x00,0x00,
  0x00,0x00,0x00,0x00,0x00,0x00,0x00,0x00,0x00,0x00,0x00,0x00,
  0x00,0x00,0x03,0x17,0x80,0x00,0x00,0x00,0x00,0x00,0x00,0x00,
  0x00,0x00,0x00,0x00,0x00,0x00,0x00,0x00,0x00,0x00,0x00,0x00,
  0x00,0x00,0x00,0x00,0x00,0x00,0x00,0x00,0x00,0x03,0xFC,0x00,
  0x00,0x00,0x00,0x00,0x00,0x00,0x00,0x00,0x00,0x00,0x00,0x00,
  0x00,0x00,0x00,0x00,0x00,0x00,0x00,0x00,0x00,0x00,0x00,0x00,
  0x00,0x00,0x00,0x00,0x00,0x00,0x00,0x00,0x00,0x00,0x02,0x7F,
  0x80,0x00,0x00,0x00,0x00,0x00,0x00,0x00,0x00,0x00,0x00,0x00,
  0x00,0x00,0x00,0x00,0x00,0x00,0x00,0x00,0x00,0x00,0x00,0x00,
  0x00,0x00,0x00,0x00,0x00,0x07,0xFE,0x00,0x00,0x00,0x00,0x00,
  0x00,0x00,0x00,0x00,0x00,0x00,0x00,0x00,0x00,0x00,0x00,0x00,
  0x00,0x00,0x00,0x00,0x00,0x00,0x00,0x00,0x00,0x00,0x00,0x00,
  0x00,0x00,0x00,0x00,0x00,0x00,0x0D,0xBB,0xC0,0x00,0x00,0x00,
  0x00,0x00,0x00,0x00,0x00,0x00,0x00,0x00,0x00,0x00,0x00,0x00,
  0x00,0x00,0x00,0x00,0x00,0x00,0x00,0x00,0x00,0x00,0x00,0x00,
  0x00,0x07,0xFF,0x00,0x00,0x00,0x00,0x00,0x00,0x00,0x00,0x00,
  0x00,0x00,0x00,0x00,0x00,0x00,0x00,0x00,0x00,0x00,0x00,0x00,
  0x00,0x00,0x00,0x00,0x00,0x00,0x00,0x00,0x00,0x00,0x00,0x00,
  0x00,0x00,0x18,0xFF,0x80,0x00,0x00,0x00,0x00,0x00,0x00,0x00,
  0x00,0x00,0x00,0x00,0x00,0x00,0x00,0x00,0x00,0x00,0x00,0x00,
  0x00,0x00,0x00,0x00,0x00,0x00,0x00,0x00,0x00,0x07,0xFE,0x00,
  0x00,0x00,0x00,0x00,0x00,0x00,0x00,0x00,0x00,0x00,0x00,0x00,
  0x00,0x00,0x00,0x00,0x00,0x00,0x00,0x00,0x00,0x00,0x00,0x00,
  0x00,0x00,0x00,0x00,0x00,0x00,0x00,0x00,0x00,0x00,0x20,0x3F,
  0x80,0x00,0x00,0x00,0x00,0x00,0x00,0x00,0x00,0x00,0x00,0x00,
  0x00,0x00,0x00,0x00,0x00,0x00,0x00,0x00,0x00,0x00,0x00,0x00,
  0x00,0x00,0x00,0x00,0x00,0x07,0xFE,0x00,0x00,0x00,0x00,0x00,
  0x00,0x00,0x00,0x00,0x00,0x00,0x00,0x00,0x00,0x00,0x00,0x00,
  0x00,0x00,0x00,0x00,0x00,0x00,0x00,0x00,0x00,0x00,0x00,0x00,
  0x00,0x00,0x00,0x00,0x00,0x00,0x62,0x1F,0x80,0x00,0x00,0x00,
  0x00,0x00,0x00,0x00,0x00,0x00,0x00,0x00,0x00,0x00,0x00,0x00,
  0x00,0x00,0x00,0x00,0x00,0x00,0x00,0x00,0x00,0x00,0x00,0x00,
  0x00,0x03,0xFC,0x00,0x00,0x00,0x00,0x00,0x00,0x00,0x00,0x00,
  0x00,0x00,0x00,0x00,0x00,0x00,0x00,0x00,0x00,0x00,0x00,0x00,
  0x00,0x00,0x00,0x00,0x00,0x00,0x00,0x00,0x00,0x00,0x00,0x00,
  0x00,0x00,0x42,0xAF,0x80,0x00,0x00,0x00,0x00,0x00,0x00,0x00,
  0x00,0x00,0x00,0x00,0x00,0x00,0x00,0x00,0x00,0x00,0x00,0x00,
  0x00,0x00,0x00,0x00,0x00,0x00,0x00,0x00,0x00,0x23,0xFE,0xE0,
  0x00,0x00,0x00,0x00,0x00,0x00,0x00,0x00,0x00,0x00,0x00,0x00,
  0x00,0x00,0x00,0x00,0x00,0x00,0x00,0x00,0x00,0x00,0x00,0x00,
  0x00,0x00,0x00,0x00,0x00,0x00,0x00,0x00,0x00,0x01,0x84,0xAF,
  0xE0,0x00,0x00,0x00,0x00,0x00,0x00,0x00,0x00,0x00,0x00,0x00,
  0x00,0x00,0x00,0x00,0x00,0x00,0x00,0x00,0x00,0x00,0x00,0x00,
  0x00,0x00,0x00,0x00,0x00,0x7F,0x5F,0xE0,0x00,0x00,0x00,0x00,
  0x00,0x00,0x00,0x00,0x00,0x00,0x00,0x00,0x00,0x00,0x00,0x00,
  0x00,0x00,0x00,0x00,0x00,0x00,0x00,0x00,0x00,0x00,0x00,0x00,
  0x00,0x00,0x00,0x00,0x00,0x01,0x01,0x57,0xB0,0x00,0x00,0x00,
  0x00,0x00,0x00,0x00,0x00,0x00,0x00,0x00,0x00,0x00,0x00,0x00,
  0x00,0x00,0x00,0x00,0x00,0x00,0x00,0x00,0x00,0x00,0x00,0x00,
  0x00,0x7F,0xFB,0xE0,0x00,0x00,0x00,0x00,0x00,0x00,0x00,0x00,
  0x00,0x00,0x00,0x00,0x00,0x00,0x00,0x00,0x00,0x00,0x00,0x00,
  0x00,0x00,0x00,0x00,0x00,0x00,0x00,0x00,0x00,0x00,0x00,0x00,
  0x00,0x06,0x14,0x23,0xF0,0x00,0x00,0x00,0x00,0x00,0x00,0x00,
  0x00,0x00,0x00,0x00,0x00,0x00,0x00,0x00,0x00,0x00,0x00,0x00,
  0x00,0x00,0x00,0x00,0x00,0x00,0x00,0x00,0x00,0x7D,0xFF,0xC0,
  0x00,0x00,0x00,0x00,0x00,0x00,0x00,0x00,0x00,0x00,0x00,0x00,
  0x00,0x00,0x00,0x00,0x00,0x00,0x00,0x00,0x00,0x00,0x00,0x00,
  0x00,0x00,0x00,0x00,0x00,0x00,0x00,0x00,0x00,0x04,0x21,0x45,
  0xE0,0x00,0x00,0x00,0x00,0x00,0x00,0x00,0x00,0x00,0x00,0x00,
  0x00,0x00,0x00,0x00,0x00,0x00,0x00,0x00,0x00,0x00,0x00,0x00,
  0x00,0x00,0x00,0x00,0x00,0x6F,0xFE,0x60,0x00,0x00,0x00,0x00,
  0x00,0x00,0x00,0x00,0x00,0x00,0x00,0x00,0x00,0x00,0x00,0x00,
  0x00,0x00,0x00,0x00,0x00,0x00,0x00,0x00,0x00,0x00,0x00,0x00,
  0x00,0x00,0x00,0x00,0x00,0x08,0x49,0x11,0xF8,0x00,0x00,0x00,
  0x00,0x00,0x00,0x00,0x00,0x00,0x00,0x00,0x00,0x00,0x00,0x00,
  0x00,0x00,0x00,0x00,0x00,0x00,0x00,0x00,0x00,0x00,0x00,0x00,
  0x00,0x21,0xF0,0x40,0x00,0x00,0x00,0x00,0x00,0x00,0x00,0x00,
  0x00,0x00,0x00,0x00,0x00,0x00,0x00,0x00,0x00,0x00,0x00,0x00,
  0x00,0x00,0x00,0x00,0x00,0x00,0x00,0x00,0x00,0x00,0x00,0x00,
  0x00,0x10,0x84,0x44,0xF8,0x00,0x00,0x00,0x00,0x00,0x00,0x00,
  0x00,0x00,0x00,0x00,0x00,0x00,0x00,0x00,0x00,0x00,0x00,0x00,
  0x00,0x00,0x00,0x00,0x00,0x00,0x00,0x00,0x00,0x67,0xFE,0xC0,
  0x00,0x00,0x00,0x00,0x00,0x00,0x00,0x00,0x00,0x00,0x00,0x00,
  0x00,0x00,0x00,0x00,0x00,0x00,0x00,0x00,0x00,0x00,0x00,0x00,
  0x00,0x00,0x00,0x00,0x00,0x00,0x00,0x00,0x00,0x22,0x22,0x12,
  0x7C,0x00,0x00,0x00,0x00,0x00,0x00,0x00,0x00,0x00,0x00,0x00,
  0x00,0x00,0x00,0x00,0x00,0x00,0x00,0x00,0x00,0x00,0x00,0x00,
  0x00,0x00,0x00,0x00,0x00,0x3F,0xFF,0x60,0x00,0x00,0x00,0x00,
  0x00,0x00,0x00,0x00,0x00,0x00,0x00,0x00,0x00,0x00,0x00,0x00,
  0x00,0x00,0x00,0x00,0x00,0x00,0x00,0x00,0x00,0x00,0x00,0x00,
  0x00,0x00,0x00,0x00,0x00,0x61,0x14,0xA4,0xBF,0xA0,0x00,0x00,
  0x00,0x00,0x00,0x00,0x00,0x00,0x00,0x00,0x00,0x00,0x00,0x00,
  0x00,0x00,0x00,0x00,0x00,0x00,0x00,0x00,0x00,0x00,0x00,0x00,
  0x09,0x7F,0xFF,0xFF,0xFE,0xDA,0xAA,0x90,0x00,0x00,0x00,0x00,
  0x00,0x00,0x00,0x00,0x00,0x00,0x00,0x00,0x00,0x00,0x00,0x00,
  0x00,0x00,0x00,0x00,0x00,0x00,0x00,0x00,0x00,0x00,0x00,0x00,
  0x00,0x84,0x49,0x09,0x9F,0xE0,0x00,0x00,0x00,0x00,0x00,0x00,
  0x00,0x00,0x00,0x00,0x00,0x00,0x00,0x00,0x00,0x00,0x00,0x00,
  0x00,0x00,0x00,0x00,0x00,0x00,0x00,0x0B,0xF7,0xC0,0x00,0x00,
  0x81,0x25,0x55,0x6F,0xFE,0xEA,0xA4,0x00,0x00,0x00,0x00,0x00,
  0x00,0x00,0x00,0x00,0x00,0x00,0x00,0x00,0x00,0x00,0x00,0x00,
  0x00,0x00,0x00,0x00,0x00,0x00,0x00,0x00,0x01,0x82,0x90,0x41,
  0x1F,0xF0,0x00,0x00,0x00,0x00,0x00,0x00,0x00,0x00,0x00,0x00,
  0x00,0x00,0x00,0x00,0x00,0x00,0x00,0x00,0x00,0x00,0x00,0x00,
  0x00,0x00,0x00,0x34,0x00,0x00,0x00,0x00,0x1A,0x94,0x00,0x00,
  0x00,0x15,0x5B,0xE3,0xF0,0x00,0x00,0x00,0x00,0x00,0x00,0x00,
  0x00,0x00,0x00,0x00,0x00,0x00,0x00,0x00,0x00,0x00,0x00,0x00,
  0x00,0x00,0x00,0x00,0x03,0x14,0x22,0x2B,0x0E,0xF0,0x00,0x00,
  0x00,0x00,0x00,0x00,0x00,0x00,0x00,0x00,0x00,0x00,0x00,0x00,
  0x00,0x00,0x00,0x00,0x00,0x00,0x00,0x00,0x00,0x00,0x00,0xC0,
  0x01,0x40,0x00,0x00,0xBF,0xFD,0x00,0x00,0x00,0x00,0x00,0x1F,
  0xF8,0x00,0x00,0x00,0x00,0x00,0x00,0x00,0x00,0x00,0x00,0x00,
  0x00,0x00,0x00,0x00,0x00,0x00,0x00,0x00,0x00,0x00,0x00,0x00,
  0x06,0x01,0x15,0x42,0x0F,0xD8,0x00,0x00,0x00,0x00,0x00,0x00,
  0x00,0x00,0x00,0x00,0x00,0x00,0x00,0x00,0x00,0x00,0x00,0x00,
  0x00,0x00,0x00,0x00,0x00,0x00,0x01,0x08,0x01,0x54,0x89,0x2A,
  0x1F,0xFC,0x00,0x00,0x00,0x00,0x80,0x1F,0xF8,0x00,0x00,0x00,
  0x00,0x00,0x00,0x00,0x00,0x00,0x00,0x00,0x00,0x00,0x00,0x00,
  0x00,0x00,0x00,0x00,0x00,0x00,0x00,0x00,0x0C,0x54,0xA0,0x14,
  0x0F,0xFC,0x00,0x00,0x00,0x00,0x00,0x00,0x00,0x00,0x00,0x00,
  0x00,0x00,0x00,0x00,0x00,0x00,0x00,0x00,0x00,0x00,0x00,0x00,
  0x00,0x00,0x02,0x01,0x25,0x22,0x52,0x41,0x5D,0xB6,0x00,0x00,
  0x80,0x00,0x02,0x1D,0x58,0x00,0x00,0x00,0x00,0x00,0x00,0x00,
  0x00,0x00,0x00,0x00,0x00,0x00,0x00,0x00,0x00,0x00,0x00,0x00,
  0x00,0x00,0x00,0x00,0x18,0x08,0x89,0x44,0x1F,0xFC,0x00,0x00,
  0x00,0x00,0x00,0x00,0x00,0x00,0x00,0x00,0x00,0x00,0x00,0x00,
  0x00,0x00,0x00,0x00,0x00,0x00,0x80,0x00,0x00,0x00,0x04,0x04,
  0x09,0x54,0x89,0x2A,0xBF,0xFE,0xAA,0x81,0x00,0x00,0x80,0x1B,
  0xF8,0x00,0x00,0x00,0x00,0x00,0x00,0x00,0x00,0x00,0x00,0x00,
  0x00,0x00,0x00,0x00,0x00,0x00,0x00,0x00,0x00,0x00,0x00,0x00,
  0x30,0xA2,0x22,0x0C,0x0F,0xBE,0x00,0x00,0x00,0x00,0x00,0x00,
  0x00,0x00,0x00,0x00,0x00,0x00,0x00,0x00,0x00,0x00,0x00,0x00,
  0x00,0x01,0x80,0x00,0x00,0x00,0x09,0x21,0x42,0xA2,0x54,0x92,
  0x5F,0xFD,0x09,0x58,0x7F,0xFE,0x55,0x0F,0xFC,0x00,0x00,0x00,
  0x00,0x00,0x00,0x00,0x00,0x00,0x00,0x00,0x00,0x00,0x00,0x00,
  0x00,0x00,0x00,0x00,0x00,0x00,0x00,0x00,0x61,0x11,0x08,0x48,
  0x1F,0xF6,0x00,0x00,0x00,0x00,0x00,0x00,0x00,0x00,0x00,0x00,
  0x00,0x00,0x00,0x00,0x00,0x00,0x00,0x00,0x00,0x01,0x80,0x00,
  0x00,0x00,0x10,0x0A,0x2A,0x55,0x22,0x49,0x7B,0x76,0x56,0xF5,
  0x7F,0xBD,0x00,0x9F,0xFC,0x00,0x00,0x00,0x00,0x00,0x00,0x00,
  0x00,0x00,0x00,0x00,0x00,0x00,0x00,0x00,0x00,0x00,0x00,0x00,
  0x00,0x00,0x00,0x00,0x42,0x4A,0xA2,0x98,0x0D,0xFF,0x00,0x00,
  0x00,0x00,0x00,0x00,0x00,0x00,0x00,0x00,0x00,0x00,0x00,0x00,
  0x00,0x00,0x00,0x00,0x00,0x03,0x80,0x00,0x00,0x00,0x61,0x50,
  0x91,0x48,0x95,0x54,0x9F,0xFE,0x9B,0x50,0x5A,0xF6,0xAA,0x4F,
  0xFC,0x00,0x00,0x00,0x00,0x00,0x00,0x00,0x00,0x00,0x00,0x00,
  0x00,0x00,0x00,0x00,0x00,0x00,0x00,0x00,0x00,0x00,0x00,0x01,
  0x84,0x24,0x08,0x50,0x07,0xFF,0x00,0x00,0x00,0x00,0x00,0x00,
  0x00,0x00,0x00,0x00,0x00,0x00,0x00,0x00,0x00,0x00,0x00,0x00,
  0x00,0x03,0x80,0x00,0x00,0x00,0x44,0x0A,0x4B,0x52,0xA9,0x25,
  0x7F,0xDD,0x4D,0xB5,0x7F,0xDC,0x01,0x0F,0xFC,0x00,0x00,0x00,
  0x00,0x00,0x00,0x00,0x00,0x00,0x00,0x00,0x00,0x00,0x00,0x00,
  0x00,0x00,0x00,0x00,0x00,0x00,0x00,0x01,0x11,0x49,0x45,0x10,
  0x03,0xEF,0x80,0x00,0x00,0x00,0x00,0x00,0x00,0x00,0x00,0x00,
  0x00,0x00,0x00,0x00,0x00,0x00,0x00,0x00,0x00,0x07,0x01,0x25,
  0x55,0x55,0x91,0x41,0x21,0x4A,0x44,0x92,0xBE,0xFE,0x2A,0xD5,
  0x6F,0xFE,0xAA,0x57,0xFC,0x00,0x00,0x00,0x00,0x00,0x00,0x00,
  0x00,0x00,0x00,0x00,0x00,0x00,0x00,0x00,0x00,0x00,0x00,0x00,
  0x00,0x00,0x00,0x03,0x0A,0x10,0x20,0x20,0x03,0xFD,0xC0,0x00,
  0x00,0x00,0x00,0x00,0x00,0x00,0x00,0x00,0x00,0x00,0x00,0x00,
  0x00,0x00,0x00,0x00,0x02,0xB7,0xFF,0xDA,0xAD,0xB6,0xBF,0xBE,
  0xDF,0xE9,0x2A,0xAA,0xBF,0xFD,0x4E,0xF1,0x3D,0x75,0x10,0x87,
  0xFC,0x00,0x00,0x00,0x00,0x00,0x00,0x00,0x00,0x00,0x00,0x00,
  0x00,0x00,0x00,0x00,0x00,0x00,0x00,0x00,0x00,0x00,0x00,0x04,
  0x20,0x85,0x14,0xA0,0x01,0xFF,0xC0,0x00,0x00,0x00,0x00,0x00,
  0x00,0x00,0x00,0x00,0x00,0x00,0x00,0x00,0x00,0x00,0x00,0x0B,
  0xFE,0xA0,0x00,0x00,0x00,0x00,0x00,0x49,0x55,0x5F,0xF6,0xA4,
  0x95,0xF6,0x21,0x54,0xF7,0xFE,0xA5,0x2F,0xE0,0x00,0x00,0x00,
  0x00,0x00,0x00,0x00,0x00,0x00,0x00,0x00,0x00,0x00,0x00,0x00,
  0x00,0x00,0x00,0x00,0x00,0x00,0x00,0x0C,0x4A,0x50,0x82,0x40,
  0x00,0xFF,0xE0,0x00,0x00,0x00,0x00,0x00,0x00,0x00,0x00,0x00,
  0x00,0x00,0x00,0x00,0x00,0x00,0x01,0xFE,0xFC,0x00,0x00,0x00,
  0x00,0x00,0x00,0x00,0x00,0x00,0x2D,0xFF,0xD4,0x09,0x4A,0x0A,
  0x3F,0xBA,0x92,0x43,0x00,0x00,0x00,0x00,0x00,0x00,0x00,0x00,
  0x00,0x00,0x00,0x00,0x00,0x00,0x00,0x00,0x00,0x00,0x00,0x00,
  0x00,0x00,0x00,0x18,0x91,0x24,0x51,0x40,0x00,0xEE,0xE0,0x00,
  0x00,0x00,0x00,0x00,0x00,0x00,0x00,0x00,0x00,0x00,0x00,0x00,
  0x00,0x00,0x0F,0xB7,0xBC,0x00,0x10,0x00,0x00,0x00,0x00,0x00,
  0x00,0x21,0x00,0x00,0x2B,0xEA,0x91,0x51,0x7D,0xED,0x24,0x97,
  0x80,0x00,0x00,0x00,0x00,0x00,0x00,0x00,0x00,0x00,0x00,0x00,
  0x00,0x00,0x00,0x00,0x00,0x00,0x00,0x00,0x00,0x00,0x00,0x30,
  0x24,0x89,0x08,0x80,0x00,0x7F,0xF0,0x00,0x00,0x00,0x00,0x00,
  0x00,0x00,0x00,0x00,0x00,0x00,0x00,0x00,0x00,0x00,0x32,0xFF,
  0xFC,0x00,0x00,0x00,0x00,0x00,0x00,0x00,0x00,0x00,0x00,0x00,
  0x00,0x15,0x68,0x0A,0x57,0xFE,0x88,0x40,0x80,0x00,0x00,0x00,
  0x00,0x00,0x00,0x00,0x00,0x00,0x00,0x00,0x00,0x00,0x00,0x00,
  0x00,0x00,0x00,0x00,0x00,0x00,0x00,0x62,0x88,0x90,0x42,0x80,
  0x00,0x3F,0xB8,0x00,0x00,0x00,0x00,0x00,0x00,0x00,0x00,0x00,
  0x00,0x00,0x00,0x00,0x00,0x00,0xC1,0xFF,0xE8,0x40,0x00,0x00,
  0x00,0x00,0x00,0x00,0x00,0x00,0x00,0x09,0x08,0x00,0x17,0xD1,
  0x22,0xBC,0x42,0x12,0x80,0x00,0x00,0x00,0x00,0x00,0x00,0x00,
  0x00,0x00,0x00,0x00,0x00,0x00,0x00,0x00,0x00,0x00,0x00,0x00,
  0x00,0x00,0x00,0xC1,0x22,0x25,0x11,0x00,0x00,0x3F,0xF8,0x00,
  0x00,0x00,0x00,0x00,0x00,0x00,0x00,0x00,0x00,0x00,0x00,0x00,
  0x00,0x01,0x2C,0x00,0x00,0x00,0x10,0x00,0x00,0x00,0x00,0x00,
  0x00,0x00,0x24,0x80,0x20,0x80,0x80,0x54,0x94,0xB5,0x29,0x41,
  0x80,0x00,0x00,0x00,0x00,0x00,0x00,0x00,0x00,0x00,0x00,0x00,
  0x00,0x00,0x00,0x00,0x00,0x00,0x00,0x00,0x00,0x00,0x01,0x8A,
  0x49,0x40,0x47,0x00,0x00,0x1D,0xE4,0x00,0x00,0x00,0x00,0x00,
  0x00,0x00,0x00,0x00,0x00,0x00,0x00,0x00,0x00,0x03,0xC4,0x00,
  0x00,0x80,0x22,0x49,0x48,0x01,0x10,0x00,0x00,0x02,0x00,0x00,
  0x00,0x04,0x00,0x0B,0x42,0x4A,0x84,0x24,0x80,0x00,0x00,0x00,
  0x00,0x00,0x00,0x00,0x00,0x00,0x00,0x00,0x00,0x00,0x00,0x00,
  0x00,0x00,0x00,0x00,0x00,0x00,0x03,0x01,0x14,0x95,0x2A,0x00,
  0x00,0x1F,0xC4,0x00,0x00,0x00,0x00,0x00,0x00,0x00,0x00,0x00,
  0x00,0x00,0x00,0x00,0x00,0x03,0xB1,0x55,0x56,0x80,0x79,0x24,
  0x22,0xA8,0x45,0x24,0x04,0x90,0x00,0x24,0x82,0x20,0x08,0x80,
  0x39,0x01,0x29,0x40,0x80,0x00,0x00,0x00,0x00,0x00,0x00,0x00,
  0x00,0x00,0x00,0x00,0x00,0x00,0x00,0x00,0x00,0x00,0x00,0x00,
  0x00,0x00,0x02,0x2A,0x42,0x00,0x84,0x00,0x00,0x0F,0x12,0x00,
  0x00,0x00,0x00,0x00,0x00,0x00,0x00,0x00,0x00,0x00,0x00,0x00,
  0x00,0x0E,0xF5,0x10,0x00,0x61,0x20,0x01,0x10,0x05,0x10,0x92,
  0xA9,0x09,0x55,0x00,0x08,0x00,0x80,0x00,0x85,0x54,0x82,0x12,
  0xC0,0x00,0x00,0x00,0x00,0x00,0x00,0x00,0x00,0x00,0x00,0x00,
  0x00,0x00,0x00,0x00,0x00,0x00,0x00,0x00,0x00,0x00,0x0C,0x84,
  0x28,0xAA,0x24,0x00,0x00,0x06,0xA5,0x00,0x00,0x00,0x00,0x00,
  0x00,0x00,0x00,0x00,0x00,0x00,0x00,0x00,0x00,0x0F,0x74,0x00,
  0x00,0x80,0x10,0x20,0x21,0x10,0x00,0x00,0x10,0x42,0x08,0xAA,
  0xA0,0x84,0x02,0x24,0x00,0xAA,0x54,0x80,0x80,0x00,0x00,0x00,
  0x00,0x00,0x00,0x00,0x00,0x00,0x00,0x00,0x00,0x00,0x00,0x00,
  0x00,0x00,0x00,0x00,0x00,0x00,0x0A,0x29,0x42,0x00,0x8C,0x00,
  0x00,0x04,0x41,0x00,0x00,0x00,0x00,0x00,0x00,0x00,0x00,0x00,
  0x00,0x00,0x00,0x00,0x00,0x1D,0xE4,0x25,0x52,0x00,0x02,0x04,
  0x04,0x00,0x04,0x00,0x82,0x08,0x40,0x00,0x17,0x21,0x20,0x00,
  0x04,0x15,0x02,0x52,0xC0,0x00,0x00,0x00,0x00,0x00,0x00,0x00,
  0x00,0x00,0x00,0x00,0x00,0x00,0x00,0x00,0x00,0x00,0x00,0x00,
  0x00,0x00,0x18,0x82,0x28,0xAA,0x28,0x00,0x00,0x03,0x15,0x00,
  0x00,0x00,0x00,0x00,0x00,0x00,0x00,0x00,0x00,0x00,0x00,0x00,
  0x00,0x3B,0xC8,0xFF,0xFC,0x80,0x20,0x40,0xA0,0x40,0x90,0x92,
  0x10,0x20,0x04,0x92,0x44,0x08,0x14,0x80,0x90,0x02,0xD4,0x00,
  0x40,0x00,0x00,0x00,0x00,0x00,0x00,0x00,0x00,0x00,0x00,0x00,
  0x00,0x00,0x00,0x00,0x00,0x00,0x00,0x00,0x00,0x00,0x30,0x54,
  0x84,0x01,0x18,0x00,0x00,0x01,0x48,0x80,0x00,0x00,0x00,0x00,
  0x00,0x00,0x00,0x00,0x00,0x00,0x00,0x00,0x00,0x77,0xD0,0xFF,
  0xF8,0x40,0x12,0x92,0x00,0x08,0x00,0x00,0x01,0x02,0x40,0x00,
  0x08,0x00,0x00,0x2A,0x00,0xB0,0x29,0x54,0xC0,0x00,0x00,0x00,
  0x00,0x00,0x00,0x00,0x00,0x00,0x00,0x00,0x00,0x00,0x00,0x00,
  0x00,0x00,0x00,0x00,0x00,0x00,0x66,0x01,0x52,0xA8,0xB0,0x00,
  0x00,0x01,0x92,0xC0,0x00,0x00,0x00,0x00,0x00,0x00,0x00,0x00,
  0x00,0x00,0x00,0x00,0x00,0xEF,0x91,0xFE,0xFC,0x80,0x27,0xFF,
  0x24,0xBF,0xFF,0x6D,0x24,0x20,0x12,0x49,0x20,0x81,0x00,0x00,
  0x00,0x21,0x0A,0x00,0x74,0x92,0x48,0x88,0x40,0x00,0x00,0x00,
  0x00,0x00,0x00,0x00,0x00,0x00,0x00,0x00,0x00,0x00,0x00,0x00,
  0x00,0x01,0x89,0xB4,0x08,0x04,0x20,0x00,0x00,0x00,0x88,0xC0,
  0x00,0x00,0x00,0x00,0x00,0x00,0x00,0x00,0x00,0x00,0x00,0x00,
  0x01,0xBD,0x24,0xDB,0xEC,0x00,0x17,0xFF,0x90,0xFF,0xFF,0xFF,
  0x01,0xFF,0xDA,0x90,0x08,0x10,0x24,0x80,0x48,0x04,0x01,0xA9,
  0xBF,0xFF,0xFF,0xFF,0xFF,0xFF,0xFF,0xFF,0xFF,0xFF,0xFF,0xFF,
  0xFF,0xFF,0xFF,0xFF,0xFF,0xFF,0xFF,0xFF,0xFF,0xFE,0x54,0x95,
  0xA2,0xA2,0xA0,0x00,0x00,0x00,0xD3,0x60,0x00,0x00,0x00,0x00,
  0x00,0x00,0x00,0x00,0x00,0x00,0x00,0x00,0x03,0xDF,0x46,0xFF,
  0xF8,0x80,0x26,0xEF,0x20,0xFB,0xDB,0xFF,0xA3,0xFF,0xFF,0xFE,
  0x44,0x44,0x00,0x02,0x01,0x10,0x20,0x24,0x00,0x00,0x00,0x02,
  0x04,0x91,0x12,0x11,0x12,0x48,0x92,0x44,0x21,0x12,0x48,0x00,
  0x08,0x42,0x11,0x11,0x00,0x02,0x85,0x42,0x10,0x10,0x60,0x00,
  0x00,0x00,0x4C,0xA0,0x00,0x00,0x00,0x00,0x00,0x00,0x00,0x00,
  0x00,0x00,0x00,0x00,0x06,0xFE,0x4E,0xFF,0xBC,0x00,0x07,0xFD,
  0x82,0xEF,0x7F,0x7B,0x89,0xB7,0x7F,0xFE,0x02,0x11,0x48,0x20,
  0x00,0x00,0x00,0x09,0x4A,0xAA,0xA5,0x54,0xA8,0x44,0x49,0x44,
  0xA4,0x92,0x49,0x29,0x4A,0x49,0x25,0xAD,0xA5,0x29,0x4A,0x4A,
  0x5B,0x59,0x34,0x52,0x8A,0x8A,0x40,0x00,0x00,0x00,0x33,0x70,
  0x00,0x00,0x00,0x00,0x00,0x00,0x00,0x00,0x00,0x00,0x00,0x00,
  0x0E,0xF6,0x9C,0xEE,0xF8,0x80,0x27,0xFF,0x20,0xFF,0xFF,0xEF,
  0x83,0xFF,0xF7,0x76,0x94,0x84,0x02,0x88,0x92,0x20,0x00,0x02,
  0x04,0x00,0x10,0x01,0x02,0x92,0x92,0x28,0x11,0x09,0x24,0x84,
  0x90,0x84,0x10,0x10,0x10,0x84,0x41,0x20,0x80,0x42,0x91,0x24,
  0x64,0x51,0xC0,0x00,0x00,0x00,0x34,0xA0,0x00,0x00,0x00,0x00,
  0x00,0x00,0x00,0x00,0x00,0x00,0x00,0x00,0x1B,0xBC,0x9E,0xFF,
  0xFC,0x00,0x27,0x6F,0x04,0xDF,0xF7,0xFF,0xA3,0xFD,0xFF,0xFE,
  0x00,0x40,0x40,0x02,0x00,0x10,0x82,0x40,0xA0,0xAA,0x85,0x54,
  0x50,0x00,0x01,0x02,0x88,0x52,0x48,0x52,0x4A,0x52,0xA5,0x4A,
  0xCA,0xB3,0x5D,0x56,0xAD,0x5A,0xAD,0x55,0x55,0x5D,0x80,0x00,
  0x00,0x00,0x15,0xC0,0x00,0x00,0x00,0x00,0x00,0x00,0x00,0x00,
  0x00,0x00,0x00,0x00,0x35,0xF9,0x35,0xFB,0xF8,0x80,0x07,0xFF,
  0x20,0xFD,0xBE,0xFE,0x89,0xB7,0xDD,0xFE,0x49,0x12,0x10,0x20,
  0x21,0x02,0x10,0x00,0x16,0x92,0x55,0x55,0xAF,0xFF,0x7E,0xFA,
  0xEF,0xAA,0xAB,0xAA,0xAA,0xA9,0x4A,0xA4,0x24,0x08,0x00,0x08,
  0x10,0x00,0x80,0x84,0x00,0x00,0x80,0x00,0x00,0x00,0x0F,0x80,
  0x00,0x00,0x00,0x00,0x00,0x00,0x00,0x00,0x00,0x00,0x00,0x00,
  0x6F,0xFA,0x3E,0xBF,0xDC,0x00,0x27,0xFB,0x80,0xF7,0xFF,0xDB,
  0x83,0xFF,0xFF,0xDE,0x04,0x00,0x42,0x04,0x84,0x40,0x02,0x00,
  0x08,0x00,0x00,0x92,0x20,0x00,0x00,0x00,0x00,0x00,0x00,0x00,
  0x00,0x00,0x00,0x00,0x80,0x80,0xA5,0x41,0x22,0xAA,0xAA,0x28,
  0x92,0xA5,0x00,0x00,0x00,0x00,0x0E,0x00,0x00,0x00,0x00,0x00,
  0x00,0x00,0x00,0x00,0x00,0x00,0x00,0x00,0x5F,0xB2,0x7C,0xFE,
  0xF8,0x80,0x27,0xBF,0x24,0xFF,0xF7,0xFF,0xA3,0xFF,0x7F,0x7A,
  0x90,0x89,0x00,0x90,0x00,0x10,0x00,0x00,0x00,0x21,0x10,0x00,
  0x00,0x00,0x42,0x01,0x00,0x0A,0x20,0x11,0x02,0x12,0x20,0x12,
  0x02,0x24,0x00,0x08,0x00,0x00,0x01,0x04,0x00,0x05,0x00,0x00,
  0x00,0x00,0x00,0x00,0x00,0x00,0x00,0x00,0x00,0x00,0x00,0x00,
  0x00,0x00,0x00,0x01,0xEE,0xF4,0xFD,0xEF,0xFC,0x40,0x27,0xFF,
  0x00,0xFF,0x7E,0xFF,0x83,0x77,0xF7,0xFE,0x04,0x20,0x08,0x00,
  0x24,0x82,0x48,0x40,0x08,0x04,0x02,0x40,0x89,0x22,0x08,0x48,
  0x52,0x40,0x8A,0x84,0x20,0x40,0x04,0x80,0x20,0x00,0x90,0x21,
  0x14,0x92,0xAA,0x54,0x48,0x52,0x00,0x00,0x00,0x00,0x00,0x00,
  0x00,0x00,0x00,0x00,0x00,0x00,0x00,0x00,0x00,0x00,0x00,0x01,
  0x7F,0xE4,0xEC,0xFF,0xF8,0x80,0x4F,0xED,0x22,0xDB,0xFF,0xDD,
  0x93,0xFF,0xDF,0xFE,0x20,0x84,0x41,0x04,0x80,0x10,0x01,0x08,
  0x84,0x80,0x40,0x8A,0x00,0x00,0x02,0x00,0x00,0x02,0x00,0x00,
  0x04,0x00,0x80,0x00,0x09,0x24,0x05,0x4A,0x42,0x49,0x49,0x54,
  0x02,0x0E,0x00,0x00,0x00,0x00,0x00,0x00,0x00,0x00,0x00,0x00,
  0x00,0x00,0x00,0x00,0x00,0x00,0x00,0x03,0xFF,0xC9,0xFE,0xFF,
  0xF8,0x00,0x27,0x7F,0xA8,0xFF,0xEF,0xFF,0x83,0xDE,0xFE,0xDE,
  0x0D,0x52,0x00,0x20,0x12,0x40,0x00,0x00,0x00,0x00,0x00,0x00,
  0x10,0x08,0x80,0x04,0x00,0x20,0x00,0x21,0x10,0x8A,0x24,0x95,
  0x52,0x12,0xD5,0x24,0xB5,0x6D,0x56,0xA9,0x51,0x58,0x00,0x00,
  0x00,0x00,0x00,0x00,0x00,0x00,0x00,0x00,0x00,0x00,0x00,0x00,
  0x00,0x00,0x00,0x3C,0xFB,0xC9,0xFD,0xFD,0xBD,0x00,0x27,0xFF,
  0x01,0xFF,0xFF,0xFF,0x93,0xFF,0xFF,0xFA,0x42,0x29,0x5A,0x95,
  0x00,0x04,0x90,0x02,0x14,0x00,0x00,0x40,0x01,0x20,0x02,0x41,
  0x24,0x8A,0x49,0x08,0x42,0x20,0x89,0x2A,0xAA,0xEA,0x29,0x52,
  0xAB,0x55,0xAA,0xDC,0x0A,0xF0,0x00,0x00,0x00,0x00,0x00,0x00,
  0x00,0x00,0x00,0x00,0x00,0x00,0x00,0x00,0x00,0x00,0x01,0xFE,
  0xFF,0x93,0xDD,0xF7,0xF8,0x80,0x2F,0xFF,0x50,0xFF,0x7D,0xF7,
  0x8B,0xFF,0xFF,0xFE,0x09,0x00,0x00,0x84,0xAD,0x50,0x02,0x20,
  0x00,0x00,0x00,0x00,0x84,0x00,0x11,0x10,0x00,0x00,0x00,0x42,
  0x11,0x15,0x22,0x6A,0x40,0x0B,0xD6,0xAD,0x55,0xB6,0xB5,0x55,
  0xFF,0xC0,0x00,0x00,0x00,0x00,0x00,0x00,0x00,0x00,0x00,0x00,
  0x00,0x00,0x00,0x00,0x00,0x00,0x1F,0xFE,0x7F,0xA7,0xFC,0xFF,
  0xF8,0x01,0x27,0xFF,0x25,0xFB,0xFF,0xDF,0xA3,0xFB,0xF7,0xFE,
  0x88,0x4A,0x4A,0x20,0x00,0xAA,0xA9,0x08,0x14,0x00,0x00,0x88,
  0x10,0x04,0x82,0x04,0x92,0x44,0x95,0x15,0x54,0xC8,0x94,0xFF,
  0xFA,0x80,0x2F,0x55,0xDD,0x55,0x5F,0xFF,0xFE,0x00,0x00,0x00,
  0x00,0x00,0x00,0x00,0x00,0x00,0x00,0x00,0x00,0x00,0x00,0x00,
  0x00,0x00,0xFF,0xFF,0x7F,0x27,0xFD,0xFF,0xF9,0x00,0x27,0xEF,
  0x00,0xEF,0xFF,0xFF,0x8B,0xBF,0xDF,0x7E,0x25,0x00,0x20,0x15,
  0x48,0x01,0x04,0xA5,0x48,0x09,0x12,0x21,0x01,0x50,0x20,0x90,
  0x04,0x2A,0x55,0x52,0x44,0x22,0x42,0x7F,0xFF,0xFF,0xDA,0xAA,
  0x55,0xFF,0xFF,0xFF,0xA0,0x00,0x00,0x00,0x00,0x00,0x00,0x00,
  0x00,0x00,0x00,0x00,0x00,0x00,0x00,0x00,0x00,0x03,0xFF,0xFF,
  0x3A,0x4F,0x7D,0xFF,0xFC,0x84,0x2F,0xBF,0x55,0xFF,0xF7,0xFF,
  0x23,0xFF,0xFF,0xF6,0x48,0x29,0x04,0x80,0x02,0xD4,0x50,0x11,
  0x24,0x40,0x40,0x84,0x50,0x02,0x0A,0x45,0x6A,0x92,0x80,0x08,
  0x12,0x95,0x5A,0xBF,0xFF,0xFE,0xAA,0xAB,0xFF,0xB6,0xF6,0xEA,
  0x00,0x00,0x00,0x00,0x00,0x00,0x00,0x00,0x00,0x00,0x00,0x00,
  0x00,0x00,0x00,0x00,0x00,0x1F,0xFF,0xFF,0x9E,0x9F,0xF5,0xEF,
  0xF8,0x00,0x27,0xFF,0x20,0xFF,0xDF,0xBF,0x93,0xFF,0x7F,0xFE,
  0x04,0x80,0x90,0x52,0x49,0x61,0x05,0x44,0x04,0x12,0x08,0x91,
  0x05,0x29,0x51,0x28,0x80,0x80,0x55,0x53,0x55,0x55,0x55,0x5F,
  0xFF,0xF7,0xAD,0xFF,0xBB,0xFF,0xFF,0x80,0x00,0x00,0x00,0x00,
  0x00,0x00,0x00,0x00,0x00,0x00,0x00,0x00,0x00,0x00,0x00,0x00,
  0x00,0x7F,0xFF,0xF7,0x9E,0x5F,0xFD,0xFF,0x79,0x00,0x8F,0xFF,
  0x04,0xFF,0xFF,0xFD,0x8B,0xFD,0xFF,0xFE,0xA8,0x24,0x22,0x04,
  0x10,0xD4,0x50,0x11,0x52,0x80,0xA2,0x44,0x52,0x84,0x45,0x02,
  0x2A,0x56,0x95,0x54,0xAA,0xAA,0xAB,0x6D,0xDF,0xDF,0xFF,0xB6,
  0xFF,0xF5,0x3A,0x80,0x00,0x00,0x00,0x00,0x00,0x00,0x00,0x00,
  0x00,0x00,0x00,0x00,0x00,0x00,0x00,0x00,0x01,0xFF,0xF7,0xBF,
  0xCD,0x1D,0xFD,0xFF,0xF8,0x88,0x27,0xFF,0x51,0xFB,0xFF,0xFF,
  0xA3,0xEF,0xFF,0xFE,0x02,0x02,0x88,0xA1,0x42,0x42,0x05,0x44,
  0x08,0x2A,0x14,0x92,0x88,0x51,0x12,0x51,0x11,0x29,0x55,0x55,
  0x55,0x55,0x55,0x57,0xFD,0xFF,0xFB,0xFF,0xF4,0x00,0x0C,0xA0,
  0x00,0x00,0x00,0x00,0x00,0x00,0x00,0x00,0x00,0x00,0x00,0x00,
  0x00,0x00,0x00,0x00,0x07,0xFF,0xFF,0xFF,0xE1,0x3F,0xFD,0xFF,
  0xF8,0x01,0x2F,0xFF,0x20,0xEF,0xBE,0xFF,0x93,0xFF,0xFD,0xDE,
  0x49,0x50,0x12,0x08,0x11,0x28,0xA8,0x11,0x45,0x49,0x42,0x48,
  0x22,0x08,0x89,0x2A,0xAA,0x95,0x55,0x55,0x55,0x55,0x55,0xBB,
  0xFF,0xFD,0xBF,0xED,0x00,0x00,0x07,0x30,0x00,0x00,0x00,0x00,
  0x00,0x00,0x00,0x00,0x00,0x00,0x00,0x00,0x00,0x00,0x00,0x00,
  0x1F,0xFF,0xFF,0xFF,0xE4,0x0A,0xA9,0xBB,0xF9,0x80,0x26,0xDD,
  0x0A,0xFF,0xFF,0xFF,0x0B,0xFF,0xFF,0xFE,0x14,0x0A,0xA0,0xA5,
  0x44,0xA2,0x02,0x88,0x24,0x92,0x28,0x82,0x89,0x52,0x52,0x92,
  0x49,0x45,0x55,0x55,0x55,0x56,0xFF,0x6E,0xDF,0x77,0xF4,0x00,
  0x00,0x00,0x01,0x8C,0x00,0x00,0x00,0x00,0x00,0x00,0x00,0x00,
  0x00,0x00,0x00,0x00,0x00,0x00,0x00,0x00,0x7F,0xFF,0x7B,0xBD,
  0xD3,0x40,0x00,0x04,0x00,0x88,0xC0,0x20,0x50,0x2A,0xB7,0xB6,
  0xA1,0xFF,0xFF,0xFD,0x48,0xA0,0x0A,0x10,0x12,0x11,0x50,0x45,
  0x12,0x24,0x85,0x54,0x54,0x89,0x25,0x49,0x54,0xB5,0x55,0x55,
  0x6D,0xFF,0xB7,0xFB,0xFB,0xFD,0x00,0x00,0x00,0x00,0x00,0xE4,
  0x00,0x00,0x00,0x00,0x00,0x00,0x00,0x00,0x00,0x00,0x00,0x00,
  0x00,0x00,0x00,0x00,0x84,0x80,0x80,0x00,0x16,0xA0,0x00,0x00,
  0x00,0x00,0xB2,0x03,0x5E,0x80,0x00,0x00,0x09,0x2A,0xAE,0xFC,
  0x09,0x0A,0xA1,0x4A,0x88,0xA8,0x0A,0x20,0x8A,0x89,0x32,0x49,
  0x22,0x54,0x92,0x55,0x4A,0x95,0x55,0x57,0xBF,0x6B,0xFD,0x5F,
  0xFD,0x00,0x00,0x00,0x00,0x00,0x00,0x33,0x00,0x00,0x00,0x00,
  0x00,0x00,0x00,0x00,0x00,0x00,0x00,0x00,0x00,0x00,0x00,0x01,
  0x28,0x00,0x00,0x00,0x00,0x02,0x02,0x00,0x02,0x84,0xC0,0x92,
  0xD2,0x12,0x90,0x4A,0xA4,0x00,0x20,0x02,0xA4,0x40,0x14,0x20,
  0x42,0x12,0xA1,0x4A,0x44,0x52,0x49,0x24,0x95,0x22,0xAA,0xAA,
  0xAA,0xAA,0xAB,0xFE,0xF7,0xFE,0xAF,0xFA,0x00,0x00,0x00,0x00,
  0x00,0x00,0x00,0x18,0x80,0x00,0x00,0x00,0x00,0x00,0x00,0x00,
  0x00,0x00,0x00,0x00,0x00,0x00,0x00,0x02,0x00,0x08,0x01,0x00,
  0x44,0x00,0x20,0x00,0x3D,0x20,0x24,0x43,0xDE,0x40,0x05,0x10,
  0x32,0xAA,0x89,0x48,0x11,0x15,0x41,0x0A,0x29,0xC8,0x14,0x10,
  0x23,0x25,0x24,0xAA,0xA4,0x95,0x55,0x49,0x2A,0xAF,0xFE,0xDB,
  0xFD,0xBF,0xFA,0x00,0x00,0x00,0x00,0x00,0x00,0x00,0x00,0x0E,
  0x40,0x00,0x00,0x00,0x00,0x00,0x00,0x00,0x00,0x00,0x00,0x00,
  0x00,0x00,0x00,0x04,0x08,0x00,0x20,0x00,0x00,0x08,0x09,0x24,
  0x87,0x8A,0x41,0x08,0x21,0x15,0x50,0x42,0x88,0x00,0x22,0x12,
  0x88,0x40,0x14,0xA1,0x04,0xA5,0x42,0x85,0x14,0x92,0x95,0x49,
  0x2A,0xAA,0xA5,0x2A,0xDB,0xFD,0xB7,0xFF,0xB7,0xF5,0x00,0x00,
  0x00,0x00,0x00,0x00,0x00,0x00,0x00,0x03,0x20,0x00,0x00,0x00,
  0x00,0x00,0x00,0x00,0x00,0x00,0x00,0x00,0x00,0x00,0x00,0x04,
  0x11,0x22,0x9D,0xBE,0x84,0x81,0x20,0x10,0x20,0x20,0x54,0x22,
  0x48,0x40,0x05,0x11,0x22,0xAA,0x88,0x80,0x25,0x15,0x40,0x14,
  0xA9,0xA8,0x28,0x50,0x82,0xA8,0xA9,0x55,0x55,0x55,0x2A,0xDF,
  0xFF,0x77,0xFE,0xDF,0xFD,0x00,0x00,0x00,0x00,0x00,0x00,0x00,
  0x00,0x00,0x00,0x01,0xD8,0x00,0x00,0x00,0x00,0x00,0x00,0x00,
  0x00,0x00,0x00,0x00,0x00,0x00,0x00,0x0A,0x48,0x48,0x1F,0xF7,
  0x92,0x24,0x05,0x42,0x89,0x05,0x21,0x08,0x45,0x15,0x50,0x44,
  0x48,0x00,0x22,0x2A,0x94,0xA0,0x2A,0x80,0x02,0xA2,0x82,0x04,
  0x55,0x26,0x55,0x55,0x55,0x55,0xBF,0xF6,0xDD,0xFE,0xDF,0xFA,
  0x00,0x00,0x00,0x00,0x00,0x00,0x00,0x00,0x00,0x00,0x00,0x00,
  0x64,0x00,0x00,0x00,0x00,0x00,0x00,0x00,0x00,0x00,0x00,0x00,
  0x00,0x00,0x00,0x08,0x11,0x02,0x76,0xFF,0x44,0x00,0xA0,0x08,
  0x22,0x90,0x44,0x42,0x20,0x40,0x05,0x11,0x12,0xAA,0x88,0x80,
  0x0A,0x96,0xAA,0xB6,0xD4,0x50,0x51,0x52,0x02,0xA9,0x4A,0xA4,
  0xAA,0xBF,0xF7,0x7F,0xF7,0xB7,0xF5,0x00,0x00,0x00,0x00,0x00,
  0x00,0x00,0x00,0x00,0x00,0x00,0x00,0x00,0x32,0x00,0x00,0x00,
  0x00,0x00,0x00,0x00,0x00,0x00,0x00,0x00,0x00,0x00,0x00,0x0A,
  0x94,0x48,0x3F,0xFD,0x81,0x54,0x09,0x22,0x88,0x22,0x21,0x11,
  0x4A,0x12,0x90,0x44,0x40,0x00,0x22,0x2A,0xA8,0x40,0x80,0x49,
  0x2A,0xAD,0x0A,0x09,0x6D,0x55,0x52,0xB7,0x7F,0xF6,0xDF,0xDB,
  0x7F,0xFD,0x00,0x00,0x00,0x00,0x00,0x00,0x00,0x00,0x00,0x00,
  0x00,0x00,0x00,0x00,0x0D,0xAA,0xA0,0x00,0x00,0x00,0x00,0x00,
  0x00,0x00,0x00,0x00,0x00,0x00,0x00,0x05,0x53,0x52,0xFF,0xDF,
  0xAA,0x01,0x20,0x88,0x01,0x08,0xA4,0x44,0x21,0x44,0x24,0x91,
  0x15,0x55,0x08,0x80,0x12,0x14,0x55,0x04,0x41,0x2A,0xF5,0xEA,
  0x96,0x4A,0xAD,0xDF,0xEE,0xFF,0xFA,0xFF,0xEA,0x00,0x00,0x00,
  0x00,0x00,0x00,0x00,0x00,0x00,0x00,0x00,0x00,0x00,0x00,0x00,
  0x07,0x77,0xE0,0x00,0x00,0x00,0x00,0x00,0x00,0x00,0x00,0x00,
  0x00,0x00,0x00,0x06,0x58,0x95,0x7F,0xFF,0x94,0x94,0x8A,0x22,
  0x55,0x42,0x40,0x11,0x48,0x10,0x82,0x04,0x40,0x00,0xA2,0x2A,
  0xA9,0x42,0x08,0xA9,0x2D,0x55,0x4A,0xAA,0xDB,0x77,0xFF,0xFB,
  0x7B,0xDA,0xDF,0xF4,0x00,0x00,0x00,0x00,0x00,0x00,0x00,0x00,
  0x00,0x00,0x00,0x00,0x00,0x00,0x00,0x00,0x00,0x00,0x00,0x00,
  0x00,0x00,0x00,0x00,0x00,0x00,0x00,0x00,0x00,0x00,0x00,0x03,
  0x55,0x4A,0xFF,0xFF,0xAA,0x42,0x24,0x94,0x91,0x54,0xAA,0xA4,
  0x22,0x84,0x50,0xA2,0x2A,0xAA,0x11,0x00,0x40,0x11,0x56,0xAA,
  0xAA,0xAA,0xAA,0xAA,0xAB,0xDD,0xBB,0x6F,0xFF,0xFF,0xF5,0x00,
  0x00,0x00,0x00,0x00,0x00,0x00,0x00,0x00,0x00,0x00,0x00,0x00,
  0x00,0x00,0x00,0x00,0x00,0x00,0x00,0x00,0x00,0x00,0x00,0x00,
  0x00,0x00,0x00,0x00,0x00,0x00,0x00,0x01,0x94,0xA5,0xFE,0xFF,
  0xD5,0x29,0x52,0xA5,0x4D,0xAA,0xD5,0x55,0xAA,0x6B,0x2A,0x55,
  0x52,0x49,0x4A,0x55,0x1A,0xAA,0xA9,0x55,0x55,0x55,0x55,0x55,
  0x7F,0x7F,0xEF,0xFD,0xBF,0x6A,0x00,0x00,0x00,0x00,0x00,0x00,
  0x00,0x00,0x00,0x00,0x00,0x00,0x00,0x00,0x00,0x00,0x00,0x00,
  0x00,0x00,0x00,0x00,0x00,0x00,0x00,0x00,0x00,0x00,0x00,0x00,
  0x00,0x00,0x00,0x00,0xFB,0x57,0xFF,0xFF,0x4A,0xAA,0x95,0x54,
  0xA2,0x55,0x52,0x92,0x55,0x28,0xA5,0x4A,0xAA,0xAA,0xA9,0x55,
  0x55,0x4A,0x55,0x4A,0xAA,0xAA,0xAA,0xAF,0xEF,0xED,0xBD,0xBF,
  0xE8,0x80,0x00,0x00,0x00,0x00,0x00,0x00,0x00,0x00,0x00,0x00,
  0x00,0x00,0x00,0x00,0x00,0x00,0x00,0x00,0x00,0x00,0x00,0x00,
  0x00,0x00,0x00,0x00,0x00,0x00,0x00,0x00,0x00,0x00,0x00,0x00,
  0x3F,0xBF,0xFF,0xFB,0xAD,0x54,0xA9,0x2A,0xAB,0x52,0xCA,0x55,
  0x55,0x56,0x95,0x54,0x95,0x25,0x2A,0xAA,0xAA,0xAA,0xAA,0xAA,
  0xAA,0xAA,0xAA,0xDD,0xFD,0xBF,0xFF,0xE8,0x00,0x00,0x00,0x00,
  0x00,0x00,0x00,0x00,0x00,0x00,0x00,0x00,0x00,0x00,0x00,0x00,
  0x00,0x00,0x00,0x00,0x00,0x00,0x00,0x00,0x00,0x00,0x00,0x00,
  0x00,0x00,0x00,0x00,0x00,0x00,0x00,0x00,0x1A,0xDF,0xFF,0xFF,
  0xD7,0x6B,0x56,0xA5,0x29,0x55,0x55,0x55,0x52,0xA2,0xAA,0xAA,
  0xA4,0xAA,0xAA,0x92,0xA9,0x2A,0xAA,0xAA,0xAA,0xAA,0xDF,0xFF,
  0xBF,0xFE,0xD2,0x00,0x00,0x00,0x00,0x00,0x00,0x00,0x00,0x00,
  0x00,0x00,0x00,0x00,0x00,0x00,0x00,0x00,0x00,0x00,0x00,0x00,
  0x00,0x00,0x00,0x00,0x00,0x00,0x00,0x00,0x00,0x00,0x00,0x00,
  0x00,0x00,0x00,0x00,0x07,0xFF,0xFB,0xEF,0xA9,0x55,0xB5,0xBA,
  0xD7,0x55,0x69,0x49,0x55,0x2A,0x54,0x92,0x55,0x54,0xA5,0x55,
  0x55,0x55,0x55,0x55,0x55,0x5B,0x7F,0x7B,0xF7,0xE0,0x00,0x00,
  0x00,0x00,0x00,0x00,0x00,0x00,0x00,0x00,0x00,0x00,0x00,0x00,
  0x00,0x00,0x00,0x00,0x00,0x00,0x00,0x00,0x00,0x00,0x00,0x00,
  0x00,0x00,0x00,0x00,0x00,0x00,0x00,0x00,0x00,0x00,0x00,0x00,
  0x00,0xEF,0xFF,0xFF,0xAD,0x55,0x55,0x4A,0xBB,0x55,0x76,0xB6,
  0xD5,0x55,0x52,0xAA,0xAA,0xAA,0xAA,0xAA,0xAA,0xAA,0xAA,0xAA,
  0xAA,0xFF,0xF7,0xEF,0xFD,0xA0,0x00,0x00,0x00,0x00,0x00,0x00,
  0x00,0x00,0x00,0x00,0x00,0x00,0x00,0x00,0x00,0x00,0x00,0x00,
  0x00,0x00,0x00,0x00,0x00,0x00,0x00,0x00,0x00,0x00,0x00,0x00,
  0x00,0x00,0x00,0x00,0x00,0x00,0x00,0x00,0x00,0x3F,0xBF,0xBF,
  0xD6,0xAA,0xAA,0xB5,0x4A,0xAD,0xAB,0xDB,0x7D,0xFF,0xEF,0x56,
  0xF5,0x55,0x55,0x55,0x5A,0xAA,0xAA,0xAD,0x77,0xDF,0xFE,0xFF,
  0x40,0xF0,0x00,0x00,0x00,0x00,0x00,0x00,0x00,0x00,0x00,0x00,
  0x00,0x00,0x00,0x00,0x00,0x00,0x00,0x00,0x00,0x00,0x00,0x00,
  0x00,0x00,0x00,0x00,0x00,0x00,0x00,0x00,0x00,0x00,0x00,0x00,
  0x00,0x00,0x00,0x00,0x00,0x07,0xFF,0xFF,0xFF,0xFF,0x56,0xD6,
  0xD5,0x55,0x5A,0x6D,0xA6,0x92,0xB5,0xBB,0xBF,0xBF,0xBB,0x5A,
  0xAA,0xAA,0xAB,0x77,0xFF,0xFB,0x7B,0xFC,0x00,0x60,0x00,0x00,
  0x00,0x00,0x00,0x00,0x00,0x00,0x00,0x00,0x00,0x00,0x00,0x00,
  0x00,0x00,0x00,0x00,0x00,0x00,0x00,0x00,0x00,0x00,0x00,0x00,
  0x00,0x00,0x00,0x00,0x00,0x00,0x00,0x00,0x00,0x00,0x00,0x00,
  0x00,0x00,0xFD,0xFF,0x76,0xDB,0xFF,0xBB,0x77,0xB5,0xAB,0x55,
  0x5A,0xAD,0x5A,0xD6,0xA9,0x69,0x6D,0xEF,0xFA,0xAA,0xFF,0xFF,
  0xDE,0xFF,0xDF,0xC0,0x00,0x00,0x00,0x00,0x00,0x00,0x00,0x00,
  0x00,0x00,0x00,0x00,0x00,0x00,0x00,0x00,0x00,0x00,0x00,0x00,
  0x00,0x00,0x00,0x00,0x00,0x00,0x00,0x00,0x00,0x00,0x00,0x00,
  0x00,0x00,0x00,0x00,0x00,0x00,0x00,0x00,0x00,0x00,0x0F,0xFB,
  0xFF,0xFF,0x7B,0xFF,0xDD,0xFF,0xFD,0xBB,0xB5,0x6A,0xAA,0xAA,
  0xAA,0xAD,0xAA,0xB5,0x5F,0xFF,0xDB,0x7D,0xFF,0xEF,0xFE,0x00,
  0x00,0x00,0x00,0x00,0x00,0x00,0x00,0x00,0x00,0x00,0x00,0x00,
  0x00,0x00,0x00,0x00,0x00,0x00,0x00,0x00,0x00,0x00,0x00,0x00,
  0x00,0x00,0x00,0x00,0x00,0x00,0x00,0x00,0x00,0x00,0x00,0x00,
  0x00,0x00,0x00,0x00,0x00,0x00,0x01,0x7F,0xDB,0x77,0xEE,0xEE,
  0xFF,0xFE,0xEF,0xFF,0xFF,0xFF,0xFF,0xFD,0xF7,0xF6,0xFF,0xFF,
  0xFB,0x7F,0xFF,0xEF,0xF7,0xBF,0xD0,0x00,0x00,0x00,0x00,0x00,
  0x00,0x00,0x00,0x00,0x00,0x00,0x00,0x00,0x00,0x00,0x00,0x00,
  0x00,0x00,0x00,0x00,0x00,0x00,0x00,0x00,0x00,0x00,0x00,0x00,
  0x00,0x00,0x00,0x00,0x00,0x00,0x00,0x00,0x00,0x00,0x00,0x00,
  0x00,0x00,0x00,0x07,0xFF,0xDD,0xBF,0xBF,0xF7,0xEF,0xFF,0xEE,
  0xFF,0xDF,0x77,0x77,0xDF,0xBF,0xF7,0xDE,0xEF,0xED,0xBF,0xFF,
  0x7E,0xFA,0x00,0x00,0x00,0x00,0x00,0x00,0x00,0x00,0x00,0x00,
  0x00,0x00,0x00,0x00,0x00,0x00,0x00,0x00,0x00,0x00,0x00,0x00,
  0x00,0x00,0x00,0x00,0x00,0x00,0x00,0x00,0x00,0x00,0x00,0x00,
  0x00,0x00,0x00,0x00,0x00,0x00,0x00,0x00,0x00,0x00,0x00,0x00,
  0x0F,0x7F,0xFB,0xF7,0x7E,0xFF,0x7B,0x7F,0xDB,0x7D,0xFF,0xFF,
  0xFE,0xFF,0xBF,0x7B,0xFF,0xBF,0xFB,0x7D,0xFF,0xC0,0x00,0x00,
  0x00,0x00,0x00,0x00,0x00,0x00,0x00,0x00,0x00,0x00,0x00,0x00,
  0x00,0x00,0x00,0x00,0x00,0x00,0x00,0x00,0x00,0x00,0x00,0x00,
  0x00,0x00,0x00,0x00,0x00,0x00,0x00,0x00,0x00,0x00,0x00,0x00,
  0x00,0x00,0x00,0x00,0x00,0x00,0x00,0x00,0x0E,0x1A,0xFF,0xFD,
  0xDB,0xDD,0xFF,0xFB,0xFF,0xFF,0xFD,0xDF,0x7F,0xF6,0xFF,0xFF,
  0xFD,0xFF,0xFF,0xF7,0xE8,0x00,0x00,0x00,0x00,0x00,0x00,0x00,
  0x00,0x00,0x00,0x00,0x00,0x00,0x00,0x00,0x00,0x00,0x00,0x00,
  0x00,0x00,0x00,0x00,0x00,0x00,0x00,0x00,0x00,0x00,0x00,0x00,
  0x00,0x00,0x00,0x00,0x00,0x00,0x00,0x00,0x00,0x00,0x00,0x00,
  0x00,0x00,0x00,0x00,0x0C,0x08,0x00,0x5F,0xFF,0xFF,0xFD,0xDF,
  0xFF,0xF7,0xDF,0xFD,0xF7,0xFF,0xFB,0xFF,0xB7,0xFD,0xEF,0xFF,
  0x00,0x00,0x00,0x00,0x00,0x00,0x00,0x00,0x00,0x00,0x00,0x00,
  0x00,0x00,0x00,0x00,0x00,0x00,0x00,0x00,0x00,0x00,0x00,0x00,
  0x00,0x00,0x00,0x00,0x00,0x00,0x00,0x00,0x00,0x00,0x00,0x00,
  0x00,0x00,0x00,0x00,0x00,0x00,0x00,0x00,0x00,0x00,0x00,0x00,
  0x04,0x08,0x00,0x00,0x16,0xFF,0xFF,0xFE,0xB6,0xDF,0xFF,0xFF,
  0xFF,0xBF,0xFF,0xDB,0xFF,0xEF,0xFF,0x40,0x00,0x00,0x00,0x00,
  0x00,0x00,0x00,0x00,0x00,0x00,0x00,0x00,0x00,0x00,0x00,0x00,
  0x00,0x00,0x00,0x00,0x00,0x00,0x00,0x00,0x00,0x00,0x00,0x00,
  0x00,0x00,0x00,0x00,0x00,0x00,0x00,0x00,0x00,0x00,0x00,0x00,
  0x00,0x00,0x00,0x00,0x00,0x00,0x00,0x00,0x00,0x00,0x00,0x00,
  0x00,0x0F,0xFE,0xFF,0xFF,0xFF,0x7B,0x77,0xFE,0xFB,0xDF,0x7F,
  0xFF,0xFF,0xA0,0x00,0x00,0x00,0x00,0x00,0x00,0x00,0x00,0x00,
  0x00,0x00,0x00,0x00,0x00,0x00,0x00,0x00,0x00,0x00,0x00,0x00,
  0x00,0x00,0x00,0x00,0x00,0x00,0x00,0x00,0x00,0x00,0x00,0x00,
  0x00,0x00,0x00,0x00,0x00,0x00,0x00,0x00,0x00,0x00,0x00,0x00,
  0x00,0x00,0x00,0x00,0x00,0x00,0x00,0x00,0x00,0x07,0xFC,0x00,
  0xAB,0xFF,0xFF,0xFF,0xDF,0xFF,0xFF,0xFF,0xFF,0xA0,0x00,0x00,
  0x00,0x00,0x00,0x00,0x00,0x00,0x00,0x00,0x00,0x00,0x00,0x00,
  0x00,0x00,0x00,0x00,0x00,0x00,0x00,0x00,0x00,0x00,0x00,0x00,
  0x00,0x00,0x00,0x00,0x00,0x00,0x00,0x00,0x00,0x00,0x00,0x00,
  0x00,0x00,0x00,0x00,0x00,0x00,0x00,0x00,0x00,0x00,0x00,0x00,
  0x00,0x00,0x00,0x00,0x00,0x07,0xF8,0x00,0x00,0x00,0x05,0x5B,
  0x7F,0xDD,0xB5,0xA8,0x1F,0x80,0x00,0x00,0x00,0x00,0x00,0x00,
  0x00,0x00,0x00,0x00,0x00,0x00,0x00,0x00,0x00,0x00,0x00,0x00,
  0x00,0x00,0x00,0x00,0x00,0x00,0x00,0x00,0x00,0x00,0x00,0x00,
  0x00,0x00,0x00,0x00,0x00,0x00,0x00,0x00,0x00,0x00,0x00,0x00,
  0x00,0x00,0x00,0x00,0x00,0x00,0x00,0x00,0x00,0x00,0x00,0x00,
  0x00,0x03,0xF8,0x00,0x00,0x00,0x00,0x00,0x10,0x00,0x00,0x00,
  0x1F,0x00,0x00,0x00,0x00,0x00,0x00,0x00,0x00,0x00,0x00,0x00,
  0x00,0x00,0x00,0x00,0x00,0x00,0x00,0x00,0x00,0x00,0x00,0x00,
  0x00,0x00,0x00,0x00,0x00,0x00,0x00,0x00,0x00,0x00,0x00,0x00,
  0x00,0x00,0x00,0x00,0x00,0x00,0x00,0x00,0x00,0x00,0x00,0x00,
  0x00,0x00,0x00,0x00,0x00,0x00,0x00,0x00,0x00,0x01,0xF0,0x00,
  0x00,0x00,0x00,0x00,0x00,0x00,0x00,0x00,0x1F,0x00,0x00,0x00,
  0x00,0x00,0x00,0x00,0x00,0x00,0x00,0x00,0x00,0x00,0x00,0x00,
  0x00,0x00,0x00,0x00,0x00,0x00,0x00,0x00,0x00,0x00,0x00,0x00,
  0x00,0x00,0x00,0x00,0x00,0x00,0x00,0x00,0x00,0x00,0x00,0x00,
  0x00,0x00,0x00,0x00,0x00,0x00,0x00,0x00,0x00,0x00,0x00,0x00,
  0x00,0x00,0x00,0x00,0x00,0x01,0xF0,0x00,0x00,0x00,0x00,0x00,
  0x00,0x00,0x00,0x00,0x1F,0x00,0x00,0x00,0x00,0x00,0x00,0x00,
  0x00,0x00,0x00,0x00,0x00,0x00,0x00,0x00,0x00,0x00,0x00,0x00,
  0x00,0x00,0x00,0x00,0x00,0x00,0x00,0x00,0x00,0x00,0x00,0x00,
  0x00,0x00,0x00,0x00,0x00,0x00,0x00,0x00,0x00,0x00,0x00,0x00,
  0x00,0x00,0x00,0x00,0x00,0x00,0x00,0x00,0x00,0x3F,0x80,0x00,
  0x00,0x01,0xF0,0x00,0x00,0x00,0x00,0x00,0x00,0x00,0x00,0x00,
  0x1F,0x00,0x00,0x00,0x00,0x00,0x00,0x00,0x00,0x00,0x00,0x00,
  0x00,0x00,0x00,0x00,0x00,0x00,0x00,0x00,0x00,0x00,0x00,0x00,
  0x00,0x00,0x00,0x00,0x00,0x00,0x00,0x00,0x00,0x00,0x00,0x00,
  0x00,0x00,0x00,0x00,0x00,0x00,0x00,0x00,0x00,0x00,0x00,0x00,
  0x00,0x00,0x00,0x00,0x03,0x7F,0xE0,0x00,0x00,0x01,0xF0,0x00,
  0x00,0x00,0x00,0x00,0x00,0x00,0x00,0x00,0x1B,0x00,0x00,0x00,
  0x00,0x00,0x00,0x00,0x00,0x00,0x00,0x00,0x00,0x00,0x00,0x00,
  0x00,0x00,0x00,0x00,0x00,0x00,0x00,0x00,0x00,0x00,0x00,0x00,
  0x00,0x00,0x00,0x00,0x00,0x00,0x00,0x00,0x00,0x00,0x00,0x00,
  0x00,0x00,0x00,0x00,0x00,0x00,0x00,0x00,0x00,0x00,0x00,0x00,
  0x06,0xF1,0x80,0x00,0x00,0x01,0xE0,0x00,0x00,0x00,0x00,0x00,
  0x00,0x00,0x00,0x00,0x0F,0x80,0x00,0x00,0x00,0x00,0x00,0x00,
  0x00,0x00,0x00,0x00,0x00,0x00,0x00,0x00,0x00,0x00,0x00,0x00,
  0x00,0x00,0x00,0x00,0x00,0x00,0x00,0x00,0x00,0x00,0x00,0x00,
  0x00,0x00,0x00,0x00,0x00,0x00,0x00,0x00,0x00,0x00,0x00,0x00,
  0x00,0x00,0x00,0x00,0x00,0x00,0x00,0x00,0x07,0xBF,0x80,0x00,
  0x00,0x01,0xF0,0x00,0x00,0x00,0x00,0x00,0x00,0x00,0x00,0x00,
  0x1F,0x00,0x00,0x00,0x00,0x00,0x00,0x00,0x00,0x00,0x00,0x00,
  0x00,0x00,0x00,0x00,0x00,0x00,0x00,0x00,0x00,0x00,0x00,0x00,
  0x00,0x00,0x00,0x00,0x00,0x00,0x00,0x00,0x00,0x00,0x00,0x00,
  0x00,0x00,0x00,0x00,0x00,0x00,0x00,0x00,0x00,0x00,0x00,0x00,
  0x00,0x00,0x00,0x00,0x03,0xF7,0x80,0x00,0x00,0x01,0xF0,0x00,
  0x00,0x00,0x00,0x00,0x00,0x00,0x00,0x00,0x1F,0x00,0x00,0x00,
  0x00,0x00,0x00,0x00,0x00,0x00,0x00,0x00,0x00,0x00,0x00,0x00,
  0x00,0x00,0x00,0x00,0x00,0x00,0x00,0x00,0x00,0x00,0x00,0x00,
  0x00,0x00,0x00,0x00,0x00,0x00,0x00,0x00,0x00,0x00,0x00,0x00,
  0x00,0x00,0x00,0x00,0x00,0x00,0x00,0x00,0x00,0x00,0x00,0x00,
  0x01,0xFF,0xF8,0x00,0x00,0x03,0xE0,0x00,0x00,0x00,0x00,0x00,
  0x00,0x00,0x00,0x00,0x1F,0x00,0x00,0x10,0x00,0x00,0x00,0x00,
  0x00,0x00,0x00,0x00,0x00,0x00,0x00,0x00,0x00,0x00,0x00,0x00,
  0x00,0x00,0x00,0x00,0x00,0x00,0x00,0x00,0x00,0x00,0x00,0x00,
  0x00,0x00,0x00,0x00,0x00,0x00,0x00,0x00,0x00,0x00,0x00,0x00,
  0x00,0x00,0x00,0x00,0x00,0x00,0x00,0x00,0x00,0x7F,0xFF,0xA0,
  0x00,0x03,0xF0,0x00,0x00,0x00,0x00,0x00,0x00,0x00,0x00,0x00,
  0x1F,0x80,0x17,0xFC,0x00,0x00,0x00,0x00,0x00,0x00,0x00,0x00,
  0x00,0x00,0x00,0x00,0x00,0x00,0x00,0x00,0x00,0x00,0x00,0x00,
  0x00,0x00,0x00,0x00,0x00,0x00,0x00,0x00,0x00,0x00,0x00,0x00,
  0x00,0x00,0x00,0x00,0x00,0x00,0x00,0x00,0x00,0x00,0x00,0x00,
  0x00,0x00,0x00,0x00,0x00,0x1F,0xFF,0xFF,0xFF,0xFF,0xFF,0xFF,
  0xFF,0xFF,0xFF,0xFF,0xFF,0xFF,0xFF,0xFF,0xFF,0xFF,0xFD,0xFE,
  0x00,0x00,0x00,0x00,0x00,0x00,0x00,0x00,0x00,0x00,0x00,0x00,
  0x00,0x00,0x00,0x00,0x00,0x00,0x00,0x00,0x00,0x00,0x00,0x00,
  0x00,0x00,0x00,0x00,0x00,0x00,0x00,0x00,0x00,0x00,0x00,0x00,
  0x00,0x00,0x00,0x00,0x00,0x00,0x00,0x00,0x00,0x00,0x00,0x00,
  0x00,0x07,0xFF,0xDF,0xFF,0xFF,0xFF,0xFF,0xFF,0xFF,0xFF,0xFF,
  0xFF,0xFF,0xFF,0xFF,0xFF,0xFF,0xFF,0xFC,0x00,0x00,0x00,0x00,
  0x00,0x00,0x00,0x00,0x00,0x00,0x00,0x00,0x00,0x00,0x00,0x00,
  0x00,0x00,0x00,0x00,0x00,0x00,0x00,0x00,0x00,0x00,0x00,0x00,
  0x00,0x00,0x00,0x00,0x00,0x00,0x00,0x00,0x00,0x00,0x00,0x00,
  0x00,0x00,0x00,0x00,0x00,0x00,0x00,0x00,0x00,0x00,0x7F,0x7F,
  0xFF,0xFD,0xFF,0xFF,0xFF,0xFF,0xFF,0xFF,0xFF,0xFF,0xFF,0xFF,
  0xFF,0xFF,0xFF,0xFC,0x00,0x00,0x00,0x00,0x00,0x00,0x00,0x00,
  0x00,0x00,0x00,0x00,0x00,0x00,0x00,0x00,0x00,0x00,0x00,0x00,
  0x00,0x00,0x00,0x00,0x00,0x00,0x00,0x00,0x00,0x00,0x00,0x00,
  0x00,0x00,0x00,0x00,0x00,0x00,0x00,0x00,0x00,0x00,0x00,0x00,
  0x00,0x00,0x00,0x00,0x00,0x00,0x0B,0xFF,0xFF,0xFF,0xFF,0xFF,
  0xFF,0xFF,0xFF,0xFF,0xFF,0xFF,0xFF,0xFF,0xFF,0xFF,0xFF,0xA0,
  0x00,0x00,0x00,0x00,0x00,0x00,0x00,0x00,0x00,0x00,0x00,0x00,
  0x00,0x00,0x00,0x00,0x00,0x00,0x00,0x00,0x00,0x00,0x00,0x00,
  0x00,0x00,0x00,0x00,0x00,0x00,0x00,0x00,0x00,0x00,0x00,0x00,
  0x00,0x00,0x00,0x00,0x00,0x00,0x00,0x00,0x00,0x00,0x00,0x00,
  0x00,0x00,0x00,0xB7,0x77,0x6F,0xDF,0xFF,0xFF,0xFF,0xFF,0xFF,
  0xFF,0xFF,0xFF,0xFF,0xF6,0xFF,0xA8,0x00,0x00,0x00,0x00,0x00,
  0x00,0x00,0x00,0x00,0x00,0x00,0x00,0x00,0x00,0x00,0x00,0x00,
  0x00,0x00,0x00,0x00,0x00,0x00,0x00,0x00,0x00,0x00,0x00,0x00,
  0x00,0x00,0x00,0x00,0x00,0x00,0x00,0x00,
};

static const PlaneArt PLANE_ART[16] = {
  { 0, 0, nullptr },
  { 540, 157, art_classicnarrowbody },  // Classic narrow-body
  { 540, 161, art_smallernarrowbody },  // Small narrow-body
  { 540, 115, art_regionaljet },  // Regional jet
  { 540, 155, art_turboprop },  // Turboprop
  { 540, 146, art_twinasile },  // Twin-aisle wide-body
  { 540, 140, art_4enginewidebody },  // Four-engine wide-body
  { 540, 136, art_trijet },  // Tri-jet
  { 540, 153, art_jumbo },  // Jumbo (hump)
  { 540, 180, art_doubledecker },  // Double-deck
  { 540, 127, art_bussniessjet },  // Business jet
  { 540, 149, art_cargo },  // Cargo / freighter
  { 540, 216, art_piston },  // Piston / light
  { 459, 232, art_seaplane },  // Seaplane / floatplane
  { 540, 142, art_propvintage },  // Prop airliner / vintage
  { 540, 145, art_helicopter },  // Helicopter
};

static const char* const PLANE_ART_NAME[16] = {
  "Unknown",
  "Classic narrow-body",
  "Small narrow-body",
  "Regional jet",
  "Turboprop",
  "Twin-aisle wide-body",
  "Four-engine wide-body",
  "Tri-jet",
  "Jumbo (hump)",
  "Double-deck",
  "Business jet",
  "Cargo / freighter",
  "Piston / light",
  "Seaplane / floatplane",
  "Prop airliner / vintage",
  "Helicopter",
};
